序號,縣市別代碼,機關代碼,市話,傳真,年,月,日,時,分,縣市,區,死亡數量,受傷數量,2-30,天候,道路照明設備,道路類別,道路速限,道路型態,事故位置,路面鋪裝,路面狀態,路面缺陷,障礙物,視距,號誌種類,號誌動作,分向設施,快車道或一般車道間,快慢車道間,路面邊線,事故類型及型態,受傷程度,主要傷處,保護裝備,行動電話或功能裝置,當事者區分(類別),車輛用途,當事者行動狀態,駕照狀態,駕照種類,飲酒情形,車輛撞擊部位最初,車輛撞擊部位其他,肇事因素個別,肇事因素主要,肇事逃逸,職業,共享經濟或外送平台,GPS座標X,GPS座標Y,事故類別
224,66000,387130000C,(04)23274275,(04)23288582,2025,12,1,11,18,臺中市,北屯區,0,1,0,5,3,6,30,3,2,1,4,4,6,6,4,4,10,5,5,2,18,2,9,1,1,C03,7,9,1,10,2,14,,84,84,1,6,4,120.66444,24.184516,2
225,66000,387130000C,(04)23274275,(04)23288582,2025,12,1,11,27,臺中市,東區,0,1,0,7,1,6,50,4,1,1,5,4,6,6,1,1,10,5,5,2,17,2,9,5,4,C03,7,5,1,10,2,14,,84,84,1,12,4,120.704428,24.14004,2
226,66000,387130000C,(04)23274275,(04)23288582,2025,12,1,11,30,臺中市,豐原區,0,1,0,7,1,6,50,5,1,1,5,4,6,6,4,4,5,4,4,2,17,3,10,3,1,B03,7,5,1,8,2,5,,84,84,1,6,4,120.719133,24.248088,2
227,66000,387130000C,(04)23274275,(04)23288582,2025,12,1,11,33,臺中市,沙鹿區,0,1,0,7,2,6,30,3,1,1,5,4,6,6,4,4,10,5,5,2,16,2,9,2,1,C03,7,9,1,10,2,12,,41,41,1,12,4,120.559869,24.233076,2
228,66000,387130000C,(04)23274275,(04)23288582,2025,12,1,11,34,臺中市,沙鹿區,0,2,0,6,2,6,30,11,9,1,5,4,6,6,4,4,10,5,5,2,17,3,10,3,1,B03,7,9,1,8,1,4,,87,87,1,13,4,120.596925,24.220919,2
229,66000,387130000C,(04)23274275,(04)23288582,2025,12,1,11,36,臺中市,烏日區,0,1,0,7,2,6,50,4,1,1,5,4,6,6,1,1,10,5,5,2,17,3,10,5,4,B03,7,6,1,8,2,8,,11,11,1,13,4,120.625764,24.110494,2
230,66000,387130000C,(04)23274275,(04)23288582,2025,12,1,11,37,臺中市,南屯區,0,1,0,6,2,6,50,4,2,1,5,4,6,6,4,4,10,4,4,2,17,3,10,3,1,B03,7,6,1,10,2,7,,14,14,1,6,4,120.610266,24.131346,2
231,66000,387130000C,(04)23274275,(04)23288582,2025,12,1,11,37,臺中市,西屯區,0,2,0,7,2,6,50,3,1,1,4,4,6,6,4,4,10,5,5,2,16,2,8,1,4,C03,7,6,1,10,2,11,12,14,14,1,12,4,120.66599,24.175268,2
232,66000,387130000C,(04)23274275,(04)23288582,2025,12,1,11,38,臺中市,西屯區,0,0,0,7,,,30,,,,,,,,,,,,,,17,,,,,B12,,,1,,1,,,84,84,1,12,4,120.639392,24.180825,3
233,66000,387130000C,(04)23274275,(04)23288582,2025,12,1,11,39,臺中市,北區,0,0,0,7,,,50,,,,,,,,,,,,,,,,,,,C03,,,1,,1,,,84,84,1,13,4,120.675998,24.170142,4
234,66000,387130000C,(04)23274275,(04)23288582,2025,12,1,11,40,臺中市,潭子區,0,0,0,7,,,30,,,,,,,,,,,,,,,,,,,B12,,,1,,2,,,49,49,1,13,4,120.710031,24.206359,3
235,66000,387130000C,(04)23274275,(04)23288582,2025,12,1,11,40,臺中市,東區,0,0,0,7,,,40,,,,,,,,,,,,,,14,,,,,B03,,,1,,1,,,50,50,1,12,4,120.694244,24.143953,3
236,66000,387130000C,(04)23274275,(04)23288582,2025,12,1,11,40,臺中市,太平區,0,1,0,7,3,6,30,13,9,1,5,4,6,6,4,4,10,5,5,2,18,2,9,2,1,C03,7,9,1,10,2,14,,84,84,1,12,4,120.712262,24.11308,2
237,66000,387130000C,(04)23274275,(04)23288582,2025,12,1,11,43,臺中市,南屯區,0,0,0,7,,,50,,,,,,,,,,,,,,12,,,,,B12,,,1,,1,,,8,8,1,12,4,120.622768,24.140662,3
238,66000,387130000C,(04)23274275,(04)23288582,2025,12,1,11,44,臺中市,太平區,0,0,0,7,,,50,,,,,,,,,,,,,,,,,,,B03,,,1,,2,,,49,49,1,13,4,120.713579,24.129602,3
239,66000,387130000C,(04)23274275,(04)23288582,2025,12,1,11,47,臺中市,霧峰區,0,0,0,7,,,50,,,,,,,,,,,,,,11,,,,,B03,,,5,,2,,,8,8,1,6,4,120.662526,24.072655,3
240,66000,387130000C,(04)23274275,(04)23288582,2025,12,1,11,50,臺中市,西屯區,0,1,0,7,2,6,50,4,1,1,5,4,6,6,2,1,10,5,5,2,16,3,10,5,4,B03,7,5,1,8,2,5,,11,11,1,13,4,120.645558,24.172513,2
241,66000,387130000C,(04)23274275,(04)23288582,2025,12,1,11,54,臺中市,東勢區,0,1,0,7,3,6,50,3,1,1,5,4,6,6,4,4,5,5,5,1,18,2,9,2,1,C03,7,6,1,10,2,14,,59,59,1,6,4,120.828704,24.256663,2
242,66000,387130000C,(04)23274275,(04)23288582,2025,12,1,11,58,臺中市,北屯區,0,0,0,7,,,50,,,,,,,,,,,,,,17,,,,,B03,,,1,,1,,,21,21,1,6,4,120.720736,24.174976,3
243,66000,387130000C,(04)23274275,(04)23288582,2025,12,1,12,1,臺中市,西屯區,0,0,0,7,,,50,,,,,,,,,,,,,,30,,,,,B03,,,1,,2,,,59,59,1,13,4,120.610078,24.18824,3
244,66000,387130000C,(04)23274275,(04)23288582,2025,12,1,12,2,臺中市,南屯區,0,1,0,7,2,6,50,3,1,1,5,4,6,6,4,4,9,4,5,2,12,2,9,1,1,C03,7,9,1,10,2,11,,39,39,1,12,4,120.631019,24.152344,2
245,66000,387130000C,(04)23274275,(04)23288582,2025,12,1,12,5,臺中市,大甲區,0,1,0,7,1,6,50,3,1,1,5,4,6,6,1,1,1,4,4,1,17,2,9,1,1,C03,7,9,1,10,2,12,,21,21,1,12,4,120.618875,24.354335,2
246,66000,387130000C,(04)23274275,(04)23288582,2025,12,1,12,9,臺中市,潭子區,0,1,0,7,3,6,40,4,8,1,5,4,6,6,1,1,5,5,4,2,17,2,8,2,1,C03,7,9,1,10,9,12,,8,8,1,6,4,120.703061,24.213947,2
247,66000,387130000C,(04)23274275,(04)23288582,2025,12,1,12,10,臺中市,南區,0,0,0,7,,,50,,,,,,,,,,,,,,12,,,,,B03,,,1,,1,,,40,40,1,12,4,120.655494,24.114435,3
248,66000,387130000C,(04)23274275,(04)23288582,2025,12,1,12,10,臺中市,西屯區,0,0,0,7,,,40,,,,,,,,,,,,,,14,,,,,B12,,,1,,1,,,49,49,1,13,4,120.609724,24.18566,4
249,66000,387130000C,(04)23274275,(04)23288582,2025,12,1,12,15,臺中市,東勢區,0,0,0,7,,,60,,,,,,,,,,,,,,13,,,,,B03,,,1,,1,,,7,7,1,13,4,120.822891,24.261657,3
250,66000,387130000C,(04)23274275,(04)23288582,2025,12,1,12,16,臺中市,南區,0,0,0,7,,,50,,,,,,,,,,,,,,17,,,,,C03,,,1,,2,,,7,7,1,12,4,120.679607,24.122186,3
251,66000,387130000C,(04)23274275,(04)23288582,2025,12,1,12,16,臺中市,南屯區,0,2,0,7,2,6,50,4,1,1,5,4,6,6,2,1,5,5,5,2,13,2,7,1,1,C03,7,9,1,10,2,11,,7,7,1,6,4,120.635607,24.148822,2
252,66000,387130000C,(04)23274275,(04)23288582,2025,12,1,12,17,臺中市,潭子區,0,0,0,7,,,50,,,,,,,,,,,,,,,,,,,B03,,,1,,2,,,41,41,1,13,4,120.678214,24.215113,3
253,66000,387130000C,(04)23274275,(04)23288582,2025,12,1,12,18,臺中市,北屯區,0,0,0,7,,,50,,,,,,,,,,,,,,12,,,,,B03,,,1,,1,,,59,59,1,12,4,120.691298,24.168234,3
254,66000,387130000C,(04)23274275,(04)23288582,2025,12,1,12,20,臺中市,太平區,0,1,0,7,2,6,50,13,9,1,5,4,6,6,4,4,1,4,5,2,13,2,8,2,1,C03,7,9,1,10,1,11,,7,7,1,12,4,120.716129,24.13621,2
255,66000,387130000C,(04)23274275,(04)23288582,2025,12,1,12,21,臺中市,北屯區,0,0,0,7,,,50,,,,,,,,,,,,,,17,,,,,B01,,,1,,1,,,51,51,1,12,4,120.684771,24.173386,4
256,66000,387130000C,(04)23274275,(04)23288582,2025,12,1,12,24,臺中市,大雅區,0,1,0,7,2,6,0,5,1,1,5,4,6,6,2,1,10,4,5,1,17,2,9,1,1,C03,7,9,1,10,2,14,,39,39,1,12,4,120.653453,24.225406,2
257,66000,387130000C,(04)23274275,(04)23288582,2025,12,1,12,27,臺中市,清水區,0,0,0,7,,,50,,,,,,,,,,,,,,14,,,,,B12,,,1,,2,,,49,49,1,6,4,120.568065,24.278678,3
258,66000,387130000C,(04)23274275,(04)23288582,2025,12,1,12,31,臺中市,北屯區,0,1,0,7,3,6,50,4,1,1,5,4,6,6,2,1,10,5,5,2,15,3,10,2,1,C03,7,9,1,10,2,11,,21,21,1,6,4,120.691332,24.165898,2
259,66000,387130000C,(04)23274275,(04)23288582,2025,12,1,12,33,臺中市,北屯區,0,0,0,7,,,50,,,,,,,,,,,,,,13,,,,,C03,,,1,,1,,,59,59,1,6,4,120.713816,24.160638,3
260,66000,387130000C,(04)23274275,(04)23288582,2025,12,1,12,33,臺中市,太平區,0,0,0,7,,,50,,,,,,,,,,,,,,,,,,,C03,,,1,,10,,,50,50,1,13,4,120.717895,24.152881,3
261,66000,387130000C,(04)23274275,(04)23288582,2025,12,1,12,37,臺中市,烏日區,0,2,0,7,2,6,40,13,8,1,5,4,6,6,4,4,1,4,4,1,17,2,8,5,4,C03,7,4,1,10,2,11,,7,7,1,6,4,120.58921,24.113595,2
262,66000,387130000C,(04)23274275,(04)23288582,2025,12,1,12,38,臺中市,南屯區,0,1,0,7,2,6,50,4,1,1,5,4,6,6,2,1,9,4,4,2,17,2,9,1,1,C03,7,9,1,10,2,14,,7,7,1,12,4,120.638599,24.147244,2
263,66000,387130000C,(04)23274275,(04)23288582,2025,12,1,12,44,臺中市,大里區,0,1,0,7,2,6,30,13,9,1,5,4,6,6,4,4,10,5,5,1,12,3,10,3,1,B03,7,9,1,8,2,8,,84,84,1,12,4,120.671843,24.087133,2
264,66000,387130000C,(04)23274275,(04)23288582,2025,12,1,12,46,臺中市,潭子區,0,2,0,7,2,6,30,13,9,1,5,4,6,6,4,4,10,5,5,1,16,2,9,1,1,C03,7,1,1,10,2,14,,51,51,1,13,4,120.708834,24.214871,2
265,66000,387130000C,(04)23274275,(04)23288582,2025,12,1,12,47,臺中市,豐原區,0,2,0,7,2,6,50,13,7,1,5,4,6,6,4,4,5,2,4,2,12,2,9,1,1,C03,7,7,1,10,2,12,12,40,40,1,13,4,120.714618,24.245342,2
266,66000,387130000C,(04)23274275,(04)23288582,2025,12,1,12,50,臺中市,北區,0,0,0,7,,,50,,,,,,,,,,,,,,17,,,,,C03,,,1,,1,,,84,84,1,13,4,120.674631,24.15847,3
267,66000,387130000C,(04)23274275,(04)23288582,2025,12,1,12,50,臺中市,沙鹿區,0,0,0,7,,,50,,,,,,,,,,,,,,13,,,,,C03,,,1,,1,,,7,7,1,6,4,120.576287,24.224986,4
268,66000,387130000C,(04)23274275,(04)23288582,2025,12,1,12,52,臺中市,潭子區,0,1,0,7,2,6,50,13,9,1,5,4,6,6,4,4,5,5,5,1,17,3,10,3,1,B02,7,9,1,4,2,1,,84,84,1,13,4,120.710397,24.209778,2
269,66000,387130000C,(04)23274275,(04)23288582,2025,12,1,12,52,臺中市,北屯區,0,0,0,7,,,50,,,,,,,,,,,,,,13,,,,,B03,,,1,,1,,,82,82,1,6,4,120.683537,24.201516,3
270,66000,387130000C,(04)23274275,(04)23288582,2025,12,1,12,53,臺中市,大雅區,0,2,0,7,3,6,30,4,2,1,5,4,6,6,4,4,10,5,5,2,17,2,9,1,1,C03,7,9,1,10,2,12,,6,6,1,12,4,120.669903,24.224354,2
271,66000,387130000C,(04)23274275,(04)23288582,2025,12,1,12,58,臺中市,北屯區,0,1,0,7,2,6,50,4,1,1,5,4,6,6,1,1,10,5,5,2,15,3,10,3,1,B03,7,9,1,8,2,2,,21,21,1,6,4,120.69338,24.180048,2
272,66000,387130000C,(04)23274275,(04)23288582,2025,12,1,12,58,臺中市,大安區,0,1,0,7,3,6,50,3,2,1,5,4,6,6,4,4,10,5,5,2,17,2,9,1,1,C03,7,9,1,10,2,11,,5,5,1,6,4,120.584853,24.348356,2
273,66000,387130000C,(04)23274275,(04)23288582,2025,12,1,12,59,臺中市,南屯區,0,1,0,7,2,6,40,4,1,1,5,4,6,6,4,4,9,5,5,2,17,2,8,6,1,F01,7,9,7,21,2,11,,15,15,1,13,1,120.631108,24.15325,2
274,66000,387130000C,(04)23274275,(04)23288582,2025,12,1,13,0,臺中市,南屯區,0,0,0,7,,,40,,,,,,,,,,,,,,9,,,,,,,,,,,,,119,119,1,,,120.635802,24.149173,3
275,66000,387130000C,(04)23274275,(04)23288582,2025,12,1,13,0,臺中市,西屯區,0,0,0,7,,,50,,,,,,,,,,,,,,13,,,,,A11,,,1,,1,,,7,7,1,12,4,120.613612,24.175263,3
276,66000,387130000C,(04)23274275,(04)23288582,2025,12,1,13,4,臺中市,北區,0,0,0,7,,,50,,,,,,,,,,,,,,17,,,,,B03,,,1,,1,,,84,84,1,13,4,120.677685,24.165054,3
277,66000,387130000C,(04)23274275,(04)23288582,2025,12,1,13,5,臺中市,東區,0,1,0,7,2,6,50,4,1,1,5,4,6,6,2,1,10,5,5,2,12,3,10,2,1,C03,7,5,1,10,1,14,,1,1,1,12,4,120.690329,24.131648,2
278,66000,387130000C,(04)23274275,(04)23288582,2025,12,1,13,13,臺中市,西區,0,1,0,7,2,6,50,4,1,1,5,4,6,6,4,4,9,4,5,2,13,2,7,1,1,C03,7,12,1,10,2,11,,7,7,1,12,4,120.669033,24.146485,2
279,66000,387130000C,(04)23274275,(04)23288582,2025,12,1,13,13,臺中市,沙鹿區,0,0,0,7,,,30,,,,,,,,,,,,,,14,,,,,B12,,,1,,2,,,49,49,1,6,4,120.555596,24.222092,3
280,66000,387130000C,(04)23274275,(04)23288582,2025,12,1,13,14,臺中市,南區,0,0,0,7,,,50,,,,,,,,,,,,,,,,,,,B03,,,1,,1,,,39,39,1,12,4,120.679099,24.126956,3
281,66000,387130000C,(04)23274275,(04)23288582,2025,12,1,13,15,臺中市,西屯區,0,0,0,7,,,50,,,,,,,,,,,,,,17,,,,,B03,,,1,,1,,,51,51,1,13,4,120.636325,24.170979,3
282,66000,387130000C,(04)23274275,(04)23288582,2025,12,1,13,16,臺中市,西區,0,0,0,7,,,50,,,,,,,,,,,,,,12,,,,,B03,,,1,,1,,,84,84,1,6,4,120.664294,24.147943,3
283,66000,387130000C,(04)23274275,(04)23288582,2025,12,1,13,16,臺中市,神岡區,0,0,0,7,1,6,30,11,9,1,5,4,6,6,4,4,10,5,5,1,11,,,,,B03,,,1,,2,,,8,8,1,12,4,120.669426,24.246129,3
284,66000,387130000C,(04)23274275,(04)23288582,2025,12,1,13,25,臺中市,北屯區,0,0,0,7,,,50,,,,,,,,,,,,,,13,,,,,B03,,,1,,1,,,84,84,1,12,4,120.703958,24.182106,3
285,66000,387130000C,(04)23274275,(04)23288582,2025,12,1,13,30,臺中市,東區,0,1,0,7,2,6,30,4,1,1,5,4,6,6,4,4,10,5,5,2,15,3,10,2,1,C03,7,9,1,10,2,12,,12,12,1,12,4,120.6838,24.134016,2
286,66000,387130000C,(04)23274275,(04)23288582,2025,12,1,13,30,臺中市,霧峰區,0,2,0,7,2,6,30,13,9,1,5,4,6,6,4,4,10,5,5,2,2,2,9,2,1,C03,7,9,1,10,2,12,,59,59,1,12,4,120.710879,24.0788,2
287,66000,387130000C,(04)23274275,(04)23288582,2025,12,1,13,30,臺中市,大里區,0,0,0,7,2,6,50,3,1,1,5,4,6,6,4,4,9,5,4,2,17,,,,,B03,,,1,,2,,,84,84,1,13,4,120.687813,24.105801,3
288,66000,387130000C,(04)23274275,(04)23288582,2025,12,1,13,30,臺中市,太平區,0,3,0,7,2,6,30,3,1,1,5,4,6,6,4,4,10,5,5,2,16,2,8,2,1,C03,7,6,3,19,2,11,,39,39,1,13,4,120.719764,24.129912,2
289,66000,387130000C,(04)23274275,(04)23288582,2025,12,1,13,30,臺中市,大甲區,0,2,0,7,1,6,50,4,1,1,5,4,6,6,1,1,5,5,5,1,16,2,9,1,1,C03,7,5,1,10,2,11,,11,11,1,12,4,120.624134,24.346608,2
290,66000,387130000C,(04)23274275,(04)23288582,2025,12,1,13,32,臺中市,沙鹿區,0,1,0,7,2,6,30,11,9,1,4,4,6,6,4,4,10,5,5,2,18,2,9,2,1,C03,7,9,1,10,2,12,,59,59,1,6,4,120.59223,24.256674,2
291,66000,387130000C,(04)23274275,(04)23288582,2025,12,1,13,37,臺中市,東勢區,0,0,0,7,,,50,,,,,,,,,,,,,,10,,,,,B03,,,1,,1,,,84,84,1,12,4,120.828203,24.264539,3
292,66000,387130000C,(04)23274275,(04)23288582,2025,12,1,13,40,臺中市,烏日區,0,0,0,7,,,60,,,,,,,,,,,,,,13,,,,,B03,,,1,,1,,,82,82,1,6,4,120.62036,24.102093,3
293,66000,387130000C,(04)23274275,(04)23288582,2025,12,1,13,43,臺中市,北屯區,0,1,0,7,2,6,50,13,9,1,5,4,6,6,4,4,5,4,5,2,12,2,9,1,1,C03,7,9,1,10,2,14,,42,42,1,12,4,120.700321,24.17013,2
294,66000,387130000C,(04)23274275,(04)23288582,2025,12,1,13,44,臺中市,沙鹿區,0,3,0,7,2,6,50,4,1,1,5,4,6,6,1,1,5,5,5,2,15,3,10,3,1,B03,7,9,1,10,2,4,,21,21,1,13,4,120.566729,24.203001,2
295,66000,387130000C,(04)23274275,(04)23288582,2025,12,1,13,47,臺中市,北區,0,0,0,7,,,50,,,,,,,,,,,,,,,,,,,A11,,,1,,2,,,49,49,1,13,4,120.685228,24.160591,3
296,66000,387130000C,(04)23274275,(04)23288582,2025,12,1,13,51,臺中市,西屯區,0,0,0,7,,,50,,,,,,,,,,,,,,16,,,,,B03,,,1,,1,,,40,40,1,13,4,120.636639,24.170728,3
297,66000,387130000C,(04)23274275,(04)23288582,2025,12,1,13,52,臺中市,豐原區,0,0,0,7,,,50,,,,,,,,,,,,,,14,,,,,B03,,,1,,2,,,49,49,1,12,4,120.708037,24.246426,3
298,66000,387130000C,(04)23274275,(04)23288582,2025,12,1,13,55,臺中市,北區,0,1,0,7,2,6,50,13,9,1,5,4,6,6,4,4,8,3,5,2,11,3,10,3,1,B03,7,6,1,8,2,4,,84,84,1,13,4,120.688309,24.152668,2
299,66000,387130000C,(04)23274275,(04)23288582,2025,12,1,13,55,臺中市,北屯區,0,0,0,7,,,50,,,,,,,,,,,,,,,,,,,B03,,,1,,2,,,7,7,1,6,4,120.708042,24.180464,3
300,66000,387130000C,(04)23274275,(04)23288582,2025,12,1,13,57,臺中市,北區,0,0,0,7,,,50,,,,,,,,,,,,,,17,,,,,B03,,,1,,1,,,85,85,1,13,4,120.684991,24.152715,3
301,66000,387130000C,(04)23274275,(04)23288582,2025,12,1,13,58,臺中市,北區,0,1,0,7,2,6,50,4,9,1,5,4,6,6,4,4,5,4,5,2,17,3,10,5,4,B01,7,11,1,4,2,4,,45,45,1,13,4,120.674022,24.166339,2
302,66000,387130000C,(04)23274275,(04)23288582,2025,12,1,14,5,臺中市,烏日區,0,1,0,7,2,6,50,4,1,1,5,4,6,6,2,1,5,4,4,2,17,3,10,3,1,B03,7,1,1,8,2,1,,51,51,1,6,4,120.635041,24.109644,2
303,66000,387130000C,(04)23274275,(04)23288582,2025,12,1,14,11,臺中市,烏日區,0,1,0,7,3,6,30,13,9,1,5,4,6,6,4,4,10,5,5,2,17,2,6,2,1,C03,7,6,1,10,2,11,,84,84,1,6,4,120.627436,24.099059,2
304,66000,387130000C,(04)23274275,(04)23288582,2025,12,1,14,15,臺中市,太平區,0,0,0,7,,,30,,,,,,,,,,,,,,,,,,,B03,,,1,,2,,,49,49,1,13,4,120.724831,24.130678,3
305,66000,387130000C,(04)23274275,(04)23288582,2025,12,1,14,17,臺中市,神岡區,0,0,0,7,,,50,,,,,,,,,,,,,,16,,,,,B03,,,1,,2,,,1,1,1,13,4,120.642741,24.251896,3
306,66000,387130000C,(04)23274275,(04)23288582,2025,12,1,14,18,臺中市,清水區,0,0,0,7,2,6,30,3,1,1,5,4,6,6,4,4,9,3,5,1,13,,,,,C03,,,1,,1,,,7,7,1,12,4,120.598705,24.268293,3
307,66000,387130000C,(04)23274275,(04)23288582,2025,12,1,14,21,臺中市,南屯區,0,0,0,7,3,6,50,13,9,1,5,4,6,6,4,4,9,5,5,2,12,,,,,A12,,,1,,1,,,84,84,1,12,4,120.643445,24.128643,3
308,66000,387130000C,(04)23274275,(04)23288582,2025,12,1,14,21,臺中市,西屯區,0,0,0,7,,,50,,,,,,,,,,,,,,,,,,,B03,,,1,,1,,,85,85,1,13,4,120.642911,24.187246,3
309,66000,387130000C,(04)23274275,(04)23288582,2025,12,1,14,22,臺中市,沙鹿區,0,0,0,7,,,50,,,,,,,,,,,,,,17,,,,,B03,,,1,,2,,,50,50,1,12,4,120.56552,24.235652,3
310,66000,387130000C,(04)23274275,(04)23288582,2025,12,1,14,25,臺中市,西屯區,0,0,0,7,,,0,,,,,,,,,,,,,,14,,,,,B03,,,1,,1,,,49,49,1,12,4,120.665804,24.173174,3
311,66000,387130000C,(04)23274275,(04)23288582,2025,12,1,14,26,臺中市,南屯區,0,2,0,7,2,6,50,13,9,1,5,4,6,6,4,4,1,3,5,1,13,2,9,1,1,C03,7,9,1,10,2,11,,7,7,1,12,4,120.646431,24.151685,2
312,66000,387130000C,(04)23274275,(04)23288582,2025,12,1,14,27,臺中市,西區,0,0,0,7,,,50,,,,,,,,,,,,,,17,,,,,B03,,,1,,1,,,51,51,1,12,4,120.672864,24.135871,3
313,66000,387130000C,(04)23274275,(04)23288582,2025,12,1,14,30,臺中市,大雅區,0,0,0,7,,,30,,,,,,,,,,,,,,,,,,,B03,,,1,,2,,,43,43,1,12,4,120.657646,24.242398,3
314,66000,387130000C,(04)23274275,(04)23288582,2025,12,1,14,30,臺中市,西區,0,0,0,7,,,0,,,,,,,,,,,,,,17,,,,,C03,,,1,,9,,,39,39,1,12,4,120.661476,24.146955,3
315,66000,387130000C,(04)23274275,(04)23288582,2025,12,1,14,30,臺中市,北屯區,0,2,0,7,2,6,50,4,2,1,5,4,6,6,1,1,5,5,4,2,13,2,9,3,1,B03,7,9,1,8,2,5,,59,59,1,6,4,120.693718,24.176402,2
316,66000,387130000C,(04)23274275,(04)23288582,2025,12,1,14,31,臺中市,中區,0,0,0,7,,,50,,,,,,,,,,,,,,,,,,,B03,,,1,,1,,,45,45,1,12,4,120.676519,24.142283,3
317,66000,387130000C,(04)23274275,(04)23288582,2025,12,1,14,31,臺中市,太平區,0,0,0,7,,,30,,,,,,,,,,,,,,15,,,,,B03,,,1,,2,,,12,12,1,12,4,120.723845,24.134515,3
318,66000,387130000C,(04)23274275,(04)23288582,2025,12,1,14,32,臺中市,中區,0,1,0,7,2,6,50,4,1,1,5,4,6,6,3,1,10,5,5,2,17,3,10,3,1,B03,7,9,1,8,2,2,,24,24,1,13,4,120.675826,24.14289,2
319,66000,387130000C,(04)23274275,(04)23288582,2025,12,1,14,35,臺中市,西屯區,0,0,0,6,,,50,,,,,,,,,,,,,,16,,,,,C03,,,1,,1,,,39,39,1,12,4,120.651058,24.171247,3
320,66000,387130000C,(04)23274275,(04)23288582,2025,12,1,14,40,臺中市,西區,0,0,0,7,,,50,,,,,,,,,,,,,,,,,,,B12,,,1,,1,,,49,49,1,12,4,120.666251,24.136333,3
321,66000,387130000C,(04)23274275,(04)23288582,2025,12,1,14,40,臺中市,北屯區,0,2,0,7,2,6,50,4,1,1,5,4,6,6,1,1,10,5,5,2,16,2,9,1,1,C03,7,5,1,10,2,12,,84,84,1,12,4,120.714228,24.173603,2
322,66000,387130000C,(04)23274275,(04)23288582,2025,12,1,14,44,臺中市,北屯區,0,2,0,7,3,6,50,4,1,1,5,4,6,6,2,1,10,5,5,2,17,2,9,2,1,C03,7,7,1,10,2,12,,40,40,1,6,4,120.667238,24.1733,2
323,66000,387130000C,(04)23274275,(04)23288582,2025,12,1,14,45,臺中市,沙鹿區,0,2,0,7,2,6,30,11,9,1,5,4,6,6,4,4,10,5,5,2,10,2,7,2,1,C03,7,9,1,10,2,11,,41,41,1,6,4,120.581868,24.219026,2
324,66000,387130000C,(04)23274275,(04)23288582,2025,12,1,14,48,臺中市,豐原區,0,0,0,7,,,30,,,,,,,,,,,,,,,,,,,B12,,,1,,2,,,78,78,1,13,4,120.717319,24.232502,3
325,66000,387130000C,(04)23274275,(04)23288582,2025,12,1,14,54,臺中市,北屯區,0,0,0,7,,,50,,,,,,,,,,,,,,13,,,,,C03,,,1,,2,,,7,7,1,12,4,120.739983,24.178763,3
326,66000,387130000C,(04)23274275,(04)23288582,2025,12,1,14,57,臺中市,北區,0,0,0,7,,,50,,,,,,,,,,,,,,17,,,,,B12,,,1,,1,,,84,84,1,13,4,120.670311,24.15772,3
327,66000,387130000C,(04)23274275,(04)23288582,2025,12,1,15,0,臺中市,大雅區,0,0,0,7,,,60,,,,,,,,,,,,,,,,,,,B03,,,1,,1,,,7,7,1,12,4,120.649519,24.215196,3
328,66000,387130000C,(04)23274275,(04)23288582,2025,12,1,15,1,臺中市,北區,0,1,0,7,2,6,50,13,9,1,5,4,6,6,4,4,5,4,5,2,17,2,8,5,4,F01,7,9,7,21,2,11,,84,84,1,13,4,120.668803,24.167001,2
329,66000,387130000C,(04)23274275,(04)23288582,2025,12,1,15,12,臺中市,大里區,0,0,0,7,,,30,,,,,,,,,,,,,,28,,,,,B12,,,1,,2,,,84,84,1,12,4,120.703467,24.10406,3
330,66000,387130000C,(04)23274275,(04)23288582,2025,12,1,15,13,臺中市,北屯區,0,2,0,7,3,6,50,4,2,1,5,4,6,6,1,1,1,2,5,2,13,2,9,2,1,C03,7,9,1,10,2,11,,7,7,1,6,4,120.659179,24.184837,2
331,66000,387130000C,(04)23274275,(04)23288582,2025,12,1,15,16,臺中市,西區,0,0,0,7,,,40,,,,,,,,,,,,,,,,,,,B03,,,1,,1,,,84,84,1,6,4,120.666034,24.132038,3
332,66000,387130000C,(04)23274275,(04)23288582,2025,12,1,15,16,臺中市,北區,0,2,0,7,3,6,50,4,1,1,5,4,6,6,2,1,10,5,5,2,17,2,9,5,4,C03,7,9,1,10,2,11,,21,21,1,13,4,120.677218,24.152784,2
333,66000,387130000C,(04)23274275,(04)23288582,2025,12,1,15,20,臺中市,南屯區,0,0,0,7,3,6,30,13,9,1,5,4,6,6,4,4,10,5,5,2,25,,,,,B12,,,1,,2,,,49,49,1,12,4,120.607691,24.132161,3
334,66000,387130000C,(04)23274275,(04)23288582,2025,12,1,15,24,臺中市,南區,0,0,0,7,,,50,,,,,,,,,,,,,,,,,,,C03,,,1,,1,,,59,59,1,6,4,120.685137,24.121858,4
335,66000,387130000C,(04)23274275,(04)23288582,2025,12,1,15,25,臺中市,北區,0,1,0,7,2,6,40,3,1,1,5,4,6,6,1,1,5,4,4,2,17,3,10,5,1,B03,7,5,1,8,2,6,,20,20,1,13,4,120.672839,24.168772,2
336,66000,387130000C,(04)23274275,(04)23288582,2025,12,1,15,29,臺中市,南屯區,0,2,0,7,3,6,50,13,9,1,5,4,6,6,4,4,9,5,5,2,17,2,9,1,1,C03,7,1,1,10,2,12,,51,51,1,12,4,120.64006,24.13837,2