序號,縣市別代碼,機關代碼,市話,傳真,年,月,日,時,分,縣市,區,死亡數量,受傷數量,2-30,天候,道路照明設備,道路類別,道路速限,道路型態,事故位置,路面鋪裝,路面狀態,路面缺陷,障礙物,視距,號誌種類,號誌動作,分向設施,快車道或一般車道間,快慢車道間,路面邊線,事故類型及型態,受傷程度,主要傷處,保護裝備,行動電話或功能裝置,當事者區分(類別),車輛用途,當事者行動狀態,駕照狀態,駕照種類,飲酒情形,車輛撞擊部位最初,車輛撞擊部位其他,肇事因素個別,肇事因素主要,肇事逃逸,職業,共享經濟或外送平台,GPS座標X,GPS座標Y,事故類別
337,66000,387130000C,(04)23274275,(04)23288582,2025,12,1,15,30,臺中市,西屯區,0,1,0,7,2,6,50,13,9,1,5,4,6,6,4,4,9,5,5,2,17,3,10,5,4,B03,7,1,1,8,2,8,,51,51,1,12,4,120.659261,24.171939,2
338,66000,387130000C,(04)23274275,(04)23288582,2025,12,1,15,39,臺中市,北屯區,0,0,0,7,,,50,,,,,,,,,,,,,,13,,,,,B03,,,1,,1,,,59,59,1,13,4,120.718782,24.161355,3
339,66000,387130000C,(04)23274275,(04)23288582,2025,12,1,15,41,臺中市,北區,0,1,0,7,2,6,50,13,7,1,5,4,6,6,4,4,9,5,4,2,13,2,9,5,4,C03,7,9,1,10,2,11,,7,7,1,13,4,120.677462,24.171279,2
340,66000,387130000C,(04)23274275,(04)23288582,2025,12,1,15,43,臺中市,沙鹿區,0,1,0,7,2,6,50,3,1,1,5,4,6,6,1,1,5,4,4,2,17,3,10,3,1,B03,7,5,1,8,2,2,,11,11,1,13,4,120.556112,24.212822,2
341,66000,387130000C,(04)23274275,(04)23288582,2025,12,1,15,45,臺中市,龍井區,0,0,0,7,,,40,,,,,,,,,,,,,,13,,,,,B03,,,1,,1,,,7,7,1,6,4,120.586062,24.186276,3
342,66000,387130000C,(04)23274275,(04)23288582,2025,12,1,15,46,臺中市,中區,0,0,0,7,,,50,,,,,,,,,,,,,,,,,,,B03,,,1,,1,,,7,7,1,12,4,120.682581,24.140473,3
343,66000,387130000C,(04)23274275,(04)23288582,2025,12,1,15,46,臺中市,西區,0,1,0,7,2,6,50,4,1,1,5,4,6,6,1,1,10,5,5,2,17,3,10,3,1,B01,7,5,1,4,2,5,,84,84,1,12,4,120.667712,24.130908,2
344,66000,387130000C,(04)23274275,(04)23288582,2025,12,1,15,53,臺中市,西屯區,0,1,0,7,2,6,50,13,7,1,5,4,6,6,4,4,1,4,1,2,13,3,10,3,1,B03,7,9,1,8,1,1,,7,7,1,13,4,120.628796,24.162253,2
345,66000,387130000C,(04)23274275,(04)23288582,2025,12,1,15,59,臺中市,潭子區,0,0,0,7,,,50,,,,,,,,,,,,,,,,,,,B03,,,1,,2,,,84,84,1,12,4,120.686863,24.223341,3
346,66000,387130000C,(04)23274275,(04)23288582,2025,12,1,16,1,臺中市,沙鹿區,0,1,0,7,3,6,0,4,2,1,5,4,6,6,2,1,10,5,5,2,16,2,8,2,1,C03,7,9,1,10,1,14,,28,28,1,12,4,120.575215,24.226738,2
347,66000,387130000C,(04)23274275,(04)23288582,2025,12,1,16,5,臺中市,北屯區,0,1,0,7,3,6,50,13,9,1,5,4,6,6,4,4,5,4,5,2,18,2,9,2,1,F01,7,9,7,21,1,12,,84,84,1,12,4,120.718899,24.172021,2
348,66000,387130000C,(04)23274275,(04)23288582,2025,12,1,16,5,臺中市,霧峰區,0,2,0,7,2,6,50,3,1,1,5,4,6,6,1,1,5,2,5,1,16,2,8,2,1,C03,7,6,1,10,2,13,,65,65,1,13,4,120.682274,24.065265,2
349,66000,387130000C,(04)23274275,(04)23288582,2025,12,1,16,8,臺中市,北屯區,0,2,0,7,2,6,50,4,1,1,5,4,6,6,2,1,10,5,5,2,13,2,9,2,1,C03,7,12,1,10,2,11,14,84,84,1,12,4,120.687678,24.171873,2
350,66000,387130000C,(04)23274275,(04)23288582,2025,12,1,16,9,臺中市,西區,0,2,0,7,2,6,50,3,1,1,5,4,6,6,3,1,8,5,5,2,9,2,9,2,1,C03,7,9,1,10,2,11,14,10,10,1,12,4,120.662203,24.161928,2
351,66000,387130000C,(04)23274275,(04)23288582,2025,12,1,16,9,臺中市,北屯區,0,2,0,7,3,6,50,4,1,1,5,4,6,6,2,1,10,5,5,2,16,2,8,2,1,C03,7,6,1,10,2,11,,36,36,1,6,4,120.664027,24.185345,2
352,66000,387130000C,(04)23274275,(04)23288582,2025,12,1,16,9,臺中市,神岡區,0,0,0,7,,,30,,,,,,,,,,,,,,17,,,,,B03,,,1,,2,,,84,84,1,13,4,120.664598,24.258271,3
353,66000,387130000C,(04)23274275,(04)23288582,2025,12,1,16,10,臺中市,西區,0,2,0,6,2,6,50,4,1,1,5,4,6,6,4,4,10,5,5,2,17,2,9,1,1,C03,7,9,1,10,2,11,,12,12,1,12,4,120.65524,24.138705,2
354,66000,387130000C,(04)23274275,(04)23288582,2025,12,1,16,10,臺中市,大甲區,0,0,0,7,,,40,,,,,,,,,,,,,,,,,,,B03,,,1,,2,,,51,51,1,12,4,120.650008,24.359665,3
355,66000,387130000C,(04)23274275,(04)23288582,2025,12,1,16,11,臺中市,沙鹿區,0,0,0,7,,,50,,,,,,,,,,,,,,,,,,,B03,,,1,,1,,,40,40,1,6,4,120.568828,24.224421,3
356,66000,387130000C,(04)23274275,(04)23288582,2025,12,1,16,12,臺中市,太平區,0,1,0,7,2,6,50,13,9,1,5,4,6,6,4,4,9,4,5,2,16,3,10,2,1,C03,7,1,1,10,2,13,,51,51,1,13,4,120.724572,24.108072,2
357,66000,387130000C,(04)23274275,(04)23288582,2025,12,1,16,14,臺中市,北屯區,0,1,0,7,2,3,40,10,17,1,5,4,6,6,4,4,1,5,5,1,13,3,10,3,1,B03,7,9,1,8,2,1,,59,59,1,12,4,120.681699,24.200825,2
358,66000,387130000C,(04)23274275,(04)23288582,2025,12,1,16,15,臺中市,北區,0,2,0,7,3,6,50,4,1,1,5,4,6,6,4,4,10,5,5,2,17,2,9,5,4,C03,7,9,1,10,2,11,,15,15,1,13,4,120.700699,24.157905,2
359,66000,387130000C,(04)23274275,(04)23288582,2025,12,1,16,15,臺中市,西屯區,0,1,0,7,2,6,50,5,2,1,5,4,6,6,2,1,10,5,5,2,12,2,9,1,1,C03,7,9,1,10,2,14,,59,59,1,13,4,120.636616,24.170879,2
360,66000,387130000C,(04)23274275,(04)23288582,2025,12,1,16,19,臺中市,北屯區,0,0,0,7,,,50,,,,,,,,,,,,,,13,,,,,B03,,,1,,1,,,59,59,1,13,4,120.691016,24.171651,3
361,66000,387130000C,(04)23274275,(04)23288582,2025,12,1,16,20,臺中市,大雅區,0,0,0,7,,,70,,,,,,,,,,,,,,,,,,,B03,,,1,,1,,,40,40,1,12,4,120.630319,24.240802,3
362,66000,387130000C,(04)23274275,(04)23288582,2025,12,1,16,20,臺中市,北區,0,0,0,7,,,50,,,,,,,,,,,,,,17,,,,,C03,,,1,,2,,,7,7,1,13,4,120.68587,24.146088,3
363,66000,387130000C,(04)23274275,(04)23288582,2025,12,1,16,22,臺中市,太平區,0,0,0,7,,,50,,,,,,,,,,,,,,13,,,,,B12,,,1,,1,,,84,84,1,12,4,120.719032,24.142307,3
364,66000,387130000C,(04)23274275,(04)23288582,2025,12,1,16,22,臺中市,太平區,0,0,0,7,,,50,,,,,,,,,,,,,,17,,,,,B12,,,1,,9,,,84,84,1,12,4,120.715478,24.147723,3
365,66000,387130000C,(04)23274275,(04)23288582,2025,12,1,16,25,臺中市,大雅區,0,1,0,7,2,6,30,4,1,1,5,4,6,6,4,4,10,5,5,1,17,2,9,1,1,C03,7,9,1,10,2,12,,20,20,1,12,4,120.651948,24.227517,2
366,66000,387130000C,(04)23274275,(04)23288582,2025,12,1,16,25,臺中市,北區,0,0,0,7,,,30,,,,,,,,,,,,,,14,,,,,B03,,,1,,2,,,49,49,1,13,4,120.679432,24.152144,3
367,66000,387130000C,(04)23274275,(04)23288582,2025,12,1,16,25,臺中市,沙鹿區,0,1,0,7,2,6,30,4,1,1,5,4,6,6,4,4,10,5,5,2,16,3,10,3,1,B03,7,5,1,7,2,8,,14,14,1,6,4,120.566899,24.241954,2
368,66000,387130000C,(04)23274275,(04)23288582,2025,12,1,16,30,臺中市,西區,0,0,0,7,,,50,,,,,,,,,,,,,,,,,,,C03,,,1,,1,,,78,78,1,6,4,120.661502,24.149099,3
369,66000,387130000C,(04)23274275,(04)23288582,2025,12,1,16,31,臺中市,北屯區,0,0,0,7,,,50,,,,,,,,,,,,,,12,,,,,B02,,,1,8,2,,,8,8,1,6,4,120.720601,24.159169,4
370,66000,387130000C,(04)23274275,(04)23288582,2025,12,1,16,32,臺中市,西屯區,0,1,0,7,2,6,50,3,1,1,5,4,6,6,1,1,5,4,5,2,16,2,9,2,1,C03,7,9,1,10,2,11,,21,21,1,12,4,120.650524,24.194197,2
371,66000,387130000C,(04)23274275,(04)23288582,2025,12,1,16,32,臺中市,石岡區,0,1,0,7,3,6,30,13,9,1,5,4,6,6,4,4,10,5,5,1,11,2,9,2,1,C03,7,9,1,10,2,11,,59,59,1,6,4,120.803669,24.272912,2
372,66000,387130000C,(04)23274275,(04)23288582,2025,12,1,16,36,臺中市,龍井區,0,1,0,7,2,6,50,5,1,1,5,4,6,6,3,1,10,5,5,2,16,3,10,3,1,B01,7,1,1,4,2,8,,51,51,1,6,4,120.592308,24.181546,2
373,66000,387130000C,(04)23274275,(04)23288582,2025,12,1,16,37,臺中市,沙鹿區,0,0,0,7,,,30,,,,,,,,,,,,,,16,,,,,C03,,,1,,2,,,12,12,1,5,4,120.579314,24.223824,3
374,66000,387130000C,(04)23274275,(04)23288582,2025,12,1,16,40,臺中市,西區,0,0,0,7,,,50,,,,,,,,,,,,,,17,,,,,B12,,,1,,1,,,7,7,1,12,4,120.666736,24.141067,3
375,66000,387130000C,(04)23274275,(04)23288582,2025,12,1,16,40,臺中市,北屯區,0,1,0,7,3,6,50,3,1,1,5,4,6,6,4,4,10,5,5,2,17,3,10,3,1,B03,7,6,1,8,2,8,,12,12,1,6,4,120.728997,24.161796,2
376,66000,387130000C,(04)23274275,(04)23288582,2025,12,1,16,40,臺中市,西屯區,0,0,0,7,,,40,,,,,,,,,,,,,,17,,,,,B03,,,1,,1,,,8,8,1,12,4,120.637244,24.175175,3
377,66000,387130000C,(04)23274275,(04)23288582,2025,12,1,16,43,臺中市,南區,0,1,0,7,2,6,50,3,1,1,5,4,6,6,4,4,10,5,5,2,16,3,10,3,1,B03,7,6,1,8,2,7,,13,13,1,12,4,120.65703,24.124275,2
378,66000,387130000C,(04)23274275,(04)23288582,2025,12,1,16,43,臺中市,大肚區,0,0,0,7,,,50,,,,,,,,,,,,,,11,,,,,B12,,,1,,2,,,87,87,1,6,4,120.547302,24.155669,3
379,66000,387130000C,(04)23274275,(04)23288582,2025,12,1,16,45,臺中市,大里區,0,1,0,7,3,6,50,13,12,1,5,4,6,6,4,4,1,2,4,1,12,3,10,1,1,C03,7,10,1,10,2,12,,40,40,1,13,4,120.697248,24.111272,2
380,66000,387130000C,(04)23274275,(04)23288582,2025,12,1,16,46,臺中市,西屯區,0,0,0,7,,3,80,,,,,,,,,,,,,,13,,,,,B03,,,1,,1,,,7,7,1,12,4,120.655923,24.199871,3
381,66000,387130000C,(04)23274275,(04)23288582,2025,12,1,16,56,臺中市,沙鹿區,0,2,0,7,2,6,40,3,1,1,5,4,6,6,4,4,10,5,5,2,13,2,1,2,1,C03,7,9,1,10,2,11,,7,7,1,6,4,120.61794,24.243192,2
382,66000,387130000C,(04)23274275,(04)23288582,2025,12,1,16,56,臺中市,沙鹿區,0,1,0,7,2,6,70,3,1,1,5,4,6,6,4,4,10,5,5,2,16,3,10,3,1,B03,7,5,1,8,2,5,,85,85,1,12,4,120.610081,24.245742,2
383,66000,387130000C,(04)23274275,(04)23288582,2025,12,1,16,57,臺中市,沙鹿區,0,0,0,7,,,50,,,,,,,,,,,,,,13,,,,,B03,,,1,,2,,,7,7,1,6,4,120.562433,24.233402,3
384,66000,387130000C,(04)23274275,(04)23288582,2025,12,1,16,59,臺中市,后里區,0,2,0,7,2,6,40,3,1,1,5,4,6,6,4,4,1,4,4,1,16,2,9,1,1,C03,7,6,1,10,2,14,,48,48,1,6,4,120.723486,24.291224,2
385,66000,387130000C,(04)23274275,(04)23288582,2025,12,1,17,0,臺中市,大雅區,0,0,0,7,,,,,,,,,,,,,,,,,,,,,,,,,,,,,,119,119,1,,,120.630086,24.240489,3
386,66000,387130000C,(04)23274275,(04)23288582,2025,12,1,17,0,臺中市,西屯區,0,0,0,7,,3,80,,,,,,,,,,,,,,12,,,,,B03,,,1,,1,,,40,40,1,12,4,120.654265,24.199165,3
387,66000,387130000C,(04)23274275,(04)23288582,2025,12,1,17,0,臺中市,大里區,0,1,0,7,2,6,50,3,2,1,5,4,6,6,1,1,10,5,5,1,17,3,10,3,1,B03,7,5,1,8,2,2,,47,47,1,12,4,120.695458,24.099625,2
388,66000,387130000C,(04)23274275,(04)23288582,2025,12,1,17,1,臺中市,大雅區,0,2,0,7,3,6,50,3,1,1,5,4,6,6,4,4,10,5,5,2,17,2,9,2,1,C03,7,6,1,10,2,12,,48,48,1,12,2,120.654873,24.229758,2
389,66000,387130000C,(04)23274275,(04)23288582,2025,12,1,17,3,臺中市,南屯區,0,1,0,7,3,6,50,4,1,1,5,4,6,6,1,1,5,4,5,2,16,3,10,3,1,B03,7,6,1,8,2,5,,11,11,1,12,4,120.641686,24.146869,2
390,66000,387130000C,(04)23274275,(04)23288582,2025,12,1,17,4,臺中市,北區,0,1,0,7,1,6,50,13,9,1,5,4,6,6,4,4,1,4,5,2,17,2,9,5,4,C03,7,15,1,10,2,14,,84,84,1,13,4,120.683351,24.148662,2
391,66000,387130000C,(04)23274275,(04)23288582,2025,12,1,17,5,臺中市,南區,0,1,0,7,2,6,50,4,1,1,5,4,6,6,2,1,10,5,5,2,17,3,10,2,1,C03,7,9,1,10,2,13,12,42,42,1,12,4,120.650059,24.120652,2
392,66000,387130000C,(04)23274275,(04)23288582,2025,12,1,17,5,臺中市,烏日區,0,2,0,7,1,6,50,3,1,1,5,4,6,6,1,1,10,5,5,2,17,3,10,5,4,B03,7,6,1,8,2,6,,11,11,1,6,4,120.642831,24.072896,2
393,66000,387130000C,(04)23274275,(04)23288582,2025,12,1,17,9,臺中市,太平區,0,0,0,7,,,50,,,,,,,,,,,,,,17,,,,,B03,,,1,,2,,,40,40,1,13,4,120.705792,24.148565,3
394,66000,387130000C,(04)23274275,(04)23288582,2025,12,1,17,10,臺中市,大雅區,0,1,0,7,1,6,30,4,2,1,5,4,6,6,1,1,10,5,5,2,17,3,10,5,4,B03,7,9,3,19,2,5,,84,84,1,13,4,120.647849,24.223015,2
395,66000,387130000C,(04)23274275,(04)23288582,2025,12,1,17,10,臺中市,西屯區,0,1,0,7,1,6,30,3,1,1,5,4,6,6,4,4,10,5,5,2,16,3,10,6,1,F01,7,6,7,21,2,11,,14,14,1,4,4,120.652718,24.167542,2
396,66000,387130000C,(04)23274275,(04)23288582,2025,12,1,17,12,臺中市,西屯區,0,0,0,7,,,50,,,,,,,,,,,,,,13,,,,,B03,,,1,,1,,,7,7,1,13,4,120.665541,24.167903,3
397,66000,387130000C,(04)23274275,(04)23288582,2025,12,1,17,15,臺中市,潭子區,0,0,0,7,,,60,,,,,,,,,,,,,,,,,,,C03,,,1,,2,,,84,84,1,13,4,120.686575,24.209282,3
398,66000,387130000C,(04)23274275,(04)23288582,2025,12,1,17,16,臺中市,北屯區,0,0,0,7,,,50,,,,,,,,,,,,,,17,,,,,B03,,,1,,2,,,84,84,1,6,4,120.694508,24.185455,3
399,66000,387130000C,(04)23274275,(04)23288582,2025,12,1,17,20,臺中市,北屯區,0,0,0,7,,,50,,,,,,,,,,,,,,,,,,,B03,,,1,,1,,,49,49,1,12,4,120.717105,24.175226,3
400,66000,387130000C,(04)23274275,(04)23288582,2025,12,1,17,24,臺中市,南區,0,1,0,7,1,6,50,4,1,1,5,4,6,6,2,1,3,5,5,2,12,3,10,3,1,B03,7,5,5,19,2,5,,11,11,1,6,4,120.679099,24.126956,2
401,66000,387130000C,(04)23274275,(04)23288582,2025,12,1,17,25,臺中市,西區,0,0,0,7,,,50,,,,,,,,,,,,,,,,,,,B12,,,1,,1,,,76,76,1,13,4,120.661868,24.144693,3
402,66000,387130000C,(04)23274275,(04)23288582,2025,12,1,17,25,臺中市,烏日區,0,1,0,7,2,6,50,4,1,1,5,4,6,6,1,1,5,4,5,2,17,2,9,1,1,C03,7,6,1,10,2,11,,85,85,1,6,4,120.626786,24.04445,2
403,66000,387130000C,(04)23274275,(04)23288582,2025,12,1,17,25,臺中市,沙鹿區,0,0,0,7,,,40,,,,,,,,,,,,,,,,,,,C03,,,1,,2,,,8,8,1,6,4,120.566943,24.237711,3
404,66000,387130000C,(04)23274275,(04)23288582,2025,12,1,17,28,臺中市,大里區,0,0,0,7,,,40,,,,,,,,,,,,,,13,,,,,C03,,,1,,2,,,7,7,1,12,4,120.688683,24.094059,3
405,66000,387130000C,(04)23274275,(04)23288582,2025,12,1,17,28,臺中市,大甲區,0,1,0,7,1,6,60,4,1,1,5,4,6,6,4,4,10,5,5,2,17,3,10,1,1,C03,7,6,1,10,1,11,,48,48,1,12,4,120.610057,24.354695,2
406,66000,387130000C,(04)23274275,(04)23288582,2025,12,1,17,30,臺中市,太平區,0,0,0,7,,,50,,,,,,,,,,,,,,13,,,,,B03,,,1,,2,,,59,59,1,6,4,120.702444,24.148081,3
407,66000,387130000C,(04)23274275,(04)23288582,2025,12,1,17,31,臺中市,清水區,0,1,0,7,1,6,70,4,1,1,5,4,6,6,2,1,1,4,4,1,16,3,10,3,1,B03,7,6,1,8,2,5,,11,11,1,12,4,120.564473,24.265383,2
408,66000,387130000C,(04)23274275,(04)23288582,2025,12,1,17,32,臺中市,東區,0,0,0,7,,,50,,,,,,,,,,,,,,13,,,,,B03,,,1,,1,,,84,84,1,12,4,120.7065,24.13708,3
409,66000,387130000C,(04)23274275,(04)23288582,2025,12,1,17,32,臺中市,大里區,0,1,0,7,1,6,40,3,1,1,5,4,6,6,4,4,10,5,5,2,16,3,10,1,1,C03,7,5,1,10,2,12,,47,47,1,13,4,120.681074,24.109615,2
410,66000,387130000C,(04)23274275,(04)23288582,2025,12,1,17,32,臺中市,沙鹿區,0,0,0,7,,,50,,,,,,,,,,,,,,17,,,,,C03,,,1,,1,,,78,78,1,6,4,120.559535,24.234322,3
411,66000,387130000C,(04)23274275,(04)23288582,2025,12,1,17,33,臺中市,沙鹿區,0,0,0,7,,,0,,,,,,,,,,,,,,14,,,,,C03,,,1,,2,,,49,49,1,6,4,120.564727,24.244584,3
412,66000,387130000C,(04)23274275,(04)23288582,2025,12,1,17,34,臺中市,西屯區,0,1,0,7,1,6,50,13,9,1,5,4,6,6,4,4,9,5,5,2,16,2,9,1,1,C03,7,9,1,10,1,11,,1,1,1,13,4,120.652305,24.167832,2
413,66000,387130000C,(04)23274275,(04)23288582,2025,12,1,17,34,臺中市,大里區,0,1,0,7,1,6,50,13,9,1,5,4,6,6,4,4,9,5,5,1,16,3,10,3,1,B03,7,11,1,8,2,8,,45,45,1,12,4,120.666672,24.112535,2
414,66000,387130000C,(04)23274275,(04)23288582,2025,12,1,17,35,臺中市,霧峰區,0,1,0,7,1,6,50,13,9,1,5,4,6,6,4,4,5,5,5,2,16,2,7,1,1,C03,7,6,1,10,2,14,,48,48,1,12,4,120.697698,24.06386,2
415,66000,387130000C,(04)23274275,(04)23288582,2025,12,1,17,35,臺中市,大甲區,0,0,0,7,,,50,,,,,,,,,,,,,,15,,,,,C03,,,1,,1,,,12,12,1,12,4,120.615815,24.347524,3
416,66000,387130000C,(04)23274275,(04)23288582,2025,12,1,17,37,臺中市,豐原區,0,0,0,7,,,50,,,,,,,,,,,,,,13,,,,,B03,,,1,,2,,,7,7,1,6,4,120.747042,24.269518,3
417,66000,387130000C,(04)23274275,(04)23288582,2025,12,1,17,38,臺中市,北區,0,1,0,7,1,6,50,13,7,1,5,4,6,6,4,4,3,4,5,2,13,2,9,1,1,C03,7,9,1,10,2,11,,59,59,1,12,4,120.680301,24.152378,2
418,66000,387130000C,(04)23274275,(04)23288582,2025,12,1,17,39,臺中市,南屯區,0,1,0,7,2,6,50,4,2,1,5,4,6,6,2,1,9,4,5,2,12,3,10,3,1,B03,7,5,1,8,2,1,,7,7,1,12,4,120.654544,24.129444,2
419,66000,387130000C,(04)23274275,(04)23288582,2025,12,1,17,40,臺中市,潭子區,0,0,0,7,,,60,,,,,,,,,,,,,,,,,,,B01,,,1,,2,,,84,84,1,13,4,120.70458,24.204289,3
420,66000,387130000C,(04)23274275,(04)23288582,2025,12,1,17,40,臺中市,北區,0,2,0,7,3,6,50,18,24,1,5,4,6,6,4,4,3,4,4,2,13,3,10,5,4,C03,7,9,1,10,2,11,,7,7,1,13,4,120.67601,24.150114,2
421,66000,387130000C,(04)23274275,(04)23288582,2025,12,1,17,40,臺中市,南區,0,0,0,7,,,40,,,,,,,,,,,,,,16,,,,,C03,,,1,,1,,,1,1,1,12,4,120.668671,24.114552,3
422,66000,387130000C,(04)23274275,(04)23288582,2025,12,1,17,42,臺中市,西區,0,0,0,7,,,60,,,,,,,,,,,,,,13,,,,,B03,,,1,,1,,,7,7,1,12,4,120.662806,24.155455,3
423,66000,387130000C,(04)23274275,(04)23288582,2025,12,1,17,43,臺中市,南區,0,0,0,7,,,50,,,,,,,,,,,,,,,,,,,B03,,,1,,1,,,87,87,1,6,4,120.668145,24.128277,3
424,66000,387130000C,(04)23274275,(04)23288582,2025,12,1,17,43,臺中市,南區,0,0,0,7,,,50,,,,,,,,,,,,,,,,,,,C03,,,1,,1,,,65,65,1,6,4,120.657578,24.124635,4
425,66000,387130000C,(04)23274275,(04)23288582,2025,12,1,17,45,臺中市,南區,0,1,0,7,1,6,50,4,8,1,5,4,6,6,4,4,9,4,5,2,12,2,9,1,1,C03,7,9,1,10,2,11,12,84,84,1,12,4,120.650784,24.111765,2
426,66000,387130000C,(04)23274275,(04)23288582,2025,12,1,17,45,臺中市,南屯區,0,0,0,7,1,6,50,13,9,1,5,4,6,6,1,1,1,2,1,2,13,,,,,B03,,,1,,1,,,7,7,1,12,4,120.623113,24.149979,3
427,66000,387130000C,(04)23274275,(04)23288582,2025,12,1,17,46,臺中市,北屯區,0,1,0,7,3,6,50,4,19,1,5,4,6,6,2,1,10,5,5,2,3,3,10,2,1,C03,7,9,1,10,2,11,,10,10,1,12,4,120.676344,24.184374,2
428,66000,387130000C,(04)23274275,(04)23288582,2025,12,1,17,50,臺中市,南屯區,0,0,0,7,3,6,50,13,9,1,5,4,6,6,1,1,3,4,5,2,12,,,,,B02,,,1,,1,,,20,20,1,12,4,120.65445,24.139994,3
429,66000,387130000C,(04)23274275,(04)23288582,2025,12,1,17,51,臺中市,大肚區,0,0,0,7,,,50,,,,,,,,,,,,,,13,,,,,B03,,,1,,2,,,59,59,1,6,4,120.568852,24.121476,3
430,66000,387130000C,(04)23274275,(04)23288582,2025,12,1,17,52,臺中市,烏日區,0,0,0,7,,,50,,,,,,,,,,,,,,17,,,,,B03,,,1,,2,,,49,49,1,6,4,120.618626,24.103069,3
431,66000,387130000C,(04)23274275,(04)23288582,2025,12,1,17,53,臺中市,北屯區,0,1,0,7,1,6,50,4,1,1,5,4,6,6,2,1,3,3,5,2,16,2,9,2,1,C03,7,5,1,10,2,12,14,42,42,1,13,4,120.701966,24.182127,2
432,66000,387130000C,(04)23274275,(04)23288582,2025,12,1,17,53,臺中市,豐原區,0,0,0,7,,,50,,,,,,,,,,,,,,13,,,,,B03,,,1,,1,,,59,59,1,13,4,120.699121,24.247646,3
433,66000,387130000C,(04)23274275,(04)23288582,2025,12,1,17,54,臺中市,清水區,0,0,0,7,1,6,50,4,1,1,5,4,6,6,1,1,8,3,4,1,12,,,,,B03,,,6,,1,,,48,48,1,12,4,120.562149,24.26279,3
434,66000,387130000C,(04)23274275,(04)23288582,2025,12,1,17,55,臺中市,大雅區,0,0,0,7,,,50,,,,,,,,,,,,,,,,,,,B03,,,1,,1,,,49,49,1,12,4,120.63568,24.215176,3
435,66000,387130000C,(04)23274275,(04)23288582,2025,12,1,17,55,臺中市,西區,0,1,0,6,1,6,50,13,8,1,5,4,6,6,1,1,1,5,5,2,17,2,9,1,1,C03,7,9,1,10,2,11,,7,7,1,12,4,120.664208,24.154416,2
436,66000,387130000C,(04)23274275,(04)23288582,2025,12,1,17,56,臺中市,豐原區,0,1,0,7,1,6,60,4,2,1,5,4,6,6,1,1,10,5,5,2,17,2,9,2,1,C03,7,9,1,10,2,11,,58,58,1,13,4,120.737253,24.251061,2
437,66000,387130000C,(04)23274275,(04)23288582,2025,12,1,17,57,臺中市,東區,0,1,0,7,1,6,50,3,1,1,5,4,6,6,4,4,10,5,5,2,16,3,10,3,1,B03,7,9,1,8,1,8,,84,84,1,12,4,120.705143,24.144474,2
438,66000,387130000C,(04)23274275,(04)23288582,2025,12,1,17,57,臺中市,北屯區,0,1,0,6,1,6,50,13,9,1,5,4,6,6,4,4,5,5,5,2,13,2,3,2,1,C03,7,9,1,10,1,11,,7,7,1,6,2,120.68227,24.177951,2
439,66000,387130000C,(04)23274275,(04)23288582,2025,12,1,17,59,臺中市,大里區,0,1,0,7,1,6,50,3,1,1,5,4,6,6,4,4,5,5,5,1,17,3,10,3,1,B03,7,3,1,8,2,5,,84,84,1,13,4,120.694157,24.090945,2
440,66000,387130000C,(04)23274275,(04)23288582,2025,12,1,17,59,臺中市,豐原區,0,1,0,7,1,6,50,13,7,1,5,4,6,6,4,4,1,3,4,1,9,3,10,3,1,A04,7,12,1,2,2,16,,82,82,1,6,4,120.699347,24.235822,2
441,66000,387130000C,(04)23274275,(04)23288582,2025,12,1,18,0,臺中市,北屯區,0,0,0,7,,,50,,,,,,,,,,,,,,13,,,,,B03,,,1,,1,,,84,84,1,6,4,120.685748,24.17495,3
442,66000,387130000C,(04)23274275,(04)23288582,2025,12,1,18,0,臺中市,烏日區,0,0,0,7,,,30,,,,,,,,,,,,,,,,,,,B03,,,1,,2,,,8,8,1,13,4,120.649744,24.061615,3
443,66000,387130000C,(04)23274275,(04)23288582,2025,12,1,18,0,臺中市,梧棲區,0,0,0,7,,,50,,,,,,,,,,,,,,12,,,,,A31,,,1,,2,,,8,8,1,6,4,120.538187,24.249051,3
444,66000,387130000C,(04)23274275,(04)23288582,2025,12,1,18,2,臺中市,梧棲區,0,1,0,7,1,6,60,13,9,1,5,4,6,6,4,4,1,4,5,1,13,2,9,1,1,C03,7,9,1,10,2,11,,84,84,1,6,4,120.53461,24.247167,2
445,66000,387130000C,(04)23274275,(04)23288582,2025,12,1,18,5,臺中市,西屯區,0,0,0,7,,,30,,,,,,,,,,,,,,14,,,,,B03,,,1,,1,,,49,49,1,12,4,120.617179,24.181461,3
446,66000,387130000C,(04)23274275,(04)23288582,2025,12,1,18,5,臺中市,大肚區,0,0,0,7,,,50,,,,,,,,,,,,,,13,,,,,B03,,,1,,11,,,7,7,1,6,4,120.567714,24.121811,3
447,66000,387130000C,(04)23274275,(04)23288582,2025,12,1,18,7,臺中市,南區,0,0,0,7,,,,,,,,,,,,,,,,,,,,,,,,,,,,,,86,86,1,,,120.679847,24.132672,3
448,66000,387130000C,(04)23274275,(04)23288582,2025,12,1,18,8,臺中市,太平區,0,0,0,7,,,50,,,,,,,,,,,,,,16,,,,,C03,,,1,,2,,,11,11,1,13,4,120.725916,24.133589,3
449,66000,387130000C,(04)23274275,(04)23288582,2025,12,1,18,9,臺中市,太平區,0,0,0,7,1,6,50,3,2,1,5,4,6,6,1,1,1,4,5,2,12,3,10,2,1,C03,7,9,1,10,1,12,,42,42,1,12,4,120.711444,24.142473,3