序號,縣市別代碼,機關代碼,市話,傳真,年,月,日,時,分,縣市,區,死亡數量,受傷數量,2-30,天候,道路照明設備,道路類別,道路速限,道路型態,事故位置,路面鋪裝,路面狀態,路面缺陷,障礙物,視距,號誌種類,號誌動作,分向設施,快車道或一般車道間,快慢車道間,路面邊線,事故類型及型態,受傷程度,主要傷處,保護裝備,行動電話或功能裝置,當事者區分(類別),車輛用途,當事者行動狀態,駕照狀態,駕照種類,飲酒情形,車輛撞擊部位最初,車輛撞擊部位其他,肇事因素個別,肇事因素主要,肇事逃逸,職業,共享經濟或外送平台,GPS座標X,GPS座標Y,事故類別
450,66000,387130000C,(04)23274275,(04)23288582,2025,12,1,18,10,臺中市,北區,0,2,0,7,1,6,50,13,9,1,5,4,6,6,4,4,5,5,5,2,3,2,9,6,5,H01,8,16,7,21,10,17,,95,95,1,13,5,120.686065,24.148642,2
451,66000,387130000C,(04)23274275,(04)23288582,2025,12,1,18,10,臺中市,西屯區,0,0,0,7,,,50,,,,,,,,,,,,,,12,,,,,B03,,,1,,1,,,8,8,1,12,4,120.602647,24.15925,3
452,66000,387130000C,(04)23274275,(04)23288582,2025,12,1,18,10,臺中市,西屯區,0,2,0,7,1,6,30,3,1,1,5,4,6,6,4,4,10,5,5,2,16,2,9,2,1,C03,7,6,1,10,2,11,,14,14,1,13,4,120.652086,24.165102,2
453,66000,387130000C,(04)23274275,(04)23288582,2025,12,1,18,12,臺中市,北屯區,0,1,0,7,3,6,50,3,1,1,5,4,6,6,4,4,10,5,5,2,18,2,9,2,1,C03,7,5,1,10,2,12,,84,84,1,6,4,120.69384,24.1848,2
454,66000,387130000C,(04)23274275,(04)23288582,2025,12,1,18,12,臺中市,太平區,0,2,0,7,1,6,50,3,1,1,5,4,6,6,4,4,10,5,5,2,16,3,10,2,1,C03,7,6,1,10,2,11,,14,14,1,13,4,120.704744,24.154838,2
455,66000,387130000C,(04)23274275,(04)23288582,2025,12,1,18,13,臺中市,北屯區,0,1,0,7,1,6,40,11,8,1,5,4,6,6,4,4,5,5,4,2,16,3,10,3,1,B03,7,7,1,8,2,2,,40,40,1,13,4,120.711052,24.184819,2
456,66000,387130000C,(04)23274275,(04)23288582,2025,12,1,18,13,臺中市,沙鹿區,0,0,0,7,,,60,,,,,,,,,,,,,,17,,,,,B12,,,1,,2,,,40,40,1,6,4,120.569578,24.236413,3
457,66000,387130000C,(04)23274275,(04)23288582,2025,12,1,18,14,臺中市,北區,0,2,0,7,1,6,50,3,9,1,5,4,6,6,4,4,5,5,5,2,17,2,9,5,4,C03,7,9,1,10,2,11,,84,84,1,13,4,120.672056,24.160433,2
458,66000,387130000C,(04)23274275,(04)23288582,2025,12,1,18,15,臺中市,大雅區,0,2,0,7,1,6,30,4,1,1,5,4,6,6,4,4,4,5,5,1,17,2,7,5,4,C03,7,9,1,10,2,11,,12,12,1,13,4,120.661937,24.218059,2
459,66000,387130000C,(04)23274275,(04)23288582,2025,12,1,18,19,臺中市,南屯區,0,0,0,7,1,6,50,13,7,1,5,4,6,6,1,1,5,4,4,2,12,,,,,B03,,,1,,9,,,8,8,2,12,4,120.634036,24.145959,3
460,66000,387130000C,(04)23274275,(04)23288582,2025,12,1,18,19,臺中市,西屯區,0,0,0,7,,,40,,,,,,,,,,,,,,12,,,,,B03,,,1,,1,,,40,40,1,12,4,120.634054,24.162958,3
461,66000,387130000C,(04)23274275,(04)23288582,2025,12,1,18,20,臺中市,西屯區,0,2,0,7,1,6,30,4,1,1,5,4,6,6,4,4,10,5,5,2,15,2,9,2,1,C03,7,9,1,10,2,12,,15,15,1,12,4,120.643872,24.181678,2
462,66000,387130000C,(04)23274275,(04)23288582,2025,12,1,18,20,臺中市,龍井區,0,1,0,7,1,6,50,13,9,1,5,4,6,6,4,4,4,5,5,2,18,2,9,2,1,C03,7,9,1,10,2,14,,83,83,1,6,4,120.547692,24.193604,2
463,66000,387130000C,(04)23274275,(04)23288582,2025,12,1,18,21,臺中市,西屯區,0,0,0,7,,,30,,,,,,,,,,,,,,13,,,,,B03,,,1,,1,,,59,59,1,12,4,120.663805,24.201321,3
464,66000,387130000C,(04)23274275,(04)23288582,2025,12,1,18,21,臺中市,大里區,0,2,0,7,1,6,50,3,1,1,5,4,6,6,4,4,5,5,5,1,15,2,9,1,1,C03,7,1,1,11,2,12,,51,51,1,12,4,120.681803,24.106018,2
465,66000,387130000C,(04)23274275,(04)23288582,2025,12,1,18,22,臺中市,南屯區,0,0,0,7,,3,80,,,,,,,,,,,,,,,,,,,B03,,,1,,1,,,7,7,1,13,4,120.6215,24.134278,3
466,66000,387130000C,(04)23274275,(04)23288582,2025,12,1,18,22,臺中市,西屯區,0,2,0,7,1,6,50,4,19,1,5,4,6,6,4,4,10,5,5,2,3,2,7,5,4,C03,7,9,1,10,1,11,,10,10,1,12,4,120.639133,24.174239,2
467,66000,387130000C,(04)23274275,(04)23288582,2025,12,1,18,23,臺中市,南屯區,0,0,0,7,1,6,50,13,9,1,5,4,6,6,4,4,5,5,5,2,12,,,,,B03,,,1,,1,,,8,8,1,12,4,120.645067,24.131232,3
468,66000,387130000C,(04)23274275,(04)23288582,2025,12,1,18,24,臺中市,南屯區,0,0,0,7,1,6,50,13,9,1,5,4,6,6,1,1,10,5,5,2,14,,,,,B03,,,1,,1,,,49,49,1,12,4,120.650627,24.150652,3
469,66000,387130000C,(04)23274275,(04)23288582,2025,12,1,18,24,臺中市,北屯區,0,1,0,7,1,6,50,3,2,1,5,4,6,6,2,1,5,5,5,2,13,2,8,2,1,C03,7,12,1,10,2,11,,7,7,1,12,4,120.70161,24.178212,2
470,66000,387130000C,(04)23274275,(04)23288582,2025,12,1,18,29,臺中市,新社區,0,0,0,7,,,50,,,,,,,,,,,,,,13,,,,,B03,,,1,,1,,,78,78,1,13,4,120.807125,24.255088,3
471,66000,387130000C,(04)23274275,(04)23288582,2025,12,1,18,30,臺中市,南屯區,0,2,0,7,1,6,50,4,9,1,5,4,6,6,4,4,5,5,5,2,15,2,9,1,1,C03,7,9,1,10,1,12,,15,15,1,12,4,120.639706,24.138882,2
472,66000,387130000C,(04)23274275,(04)23288582,2025,12,1,18,30,臺中市,大里區,0,0,0,7,,,50,,,,,,,,,,,,,,12,,,,,C03,,,1,,2,,,40,40,1,13,4,120.683381,24.115216,3
473,66000,387130000C,(04)23274275,(04)23288582,2025,12,1,18,30,臺中市,沙鹿區,0,0,0,7,,,50,,,,,,,,,,,,,,17,,,,,B03,,,1,,1,,,47,47,1,6,4,120.571274,24.23617,3
474,66000,387130000C,(04)23274275,(04)23288582,2025,12,1,18,32,臺中市,潭子區,0,1,0,7,1,6,60,4,1,1,5,4,6,6,1,1,1,4,4,1,13,2,9,2,1,C03,7,9,1,10,1,11,,7,7,1,13,4,120.690224,24.224872,2
475,66000,387130000C,(04)23274275,(04)23288582,2025,12,1,18,35,臺中市,大安區,0,0,0,7,,,90,,,,,,,,,,,,,,,,,,,B12,,,1,,2,,,68,68,1,12,4,120.591221,24.370235,3
476,66000,387130000C,(04)23274275,(04)23288582,2025,12,1,18,38,臺中市,太平區,0,0,0,7,,,50,,,,,,,,,,,,,,17,,,,,B03,,,1,,2,,,43,43,1,12,4,120.739086,24.157458,3
477,66000,387130000C,(04)23274275,(04)23288582,2025,12,1,18,38,臺中市,沙鹿區,0,0,0,7,,,60,,,,,,,,,,,,,,13,,,,,B03,,,1,,2,,,82,82,1,12,4,120.569788,24.239388,3
478,66000,387130000C,(04)23274275,(04)23288582,2025,12,1,18,40,臺中市,梧棲區,0,1,0,7,1,6,50,4,1,1,5,4,6,6,4,4,10,5,5,2,15,2,9,1,1,F03,7,9,7,21,2,12,,13,13,1,6,4,120.534128,24.246545,2
479,66000,387130000C,(04)23274275,(04)23288582,2025,12,1,18,41,臺中市,大雅區,0,0,0,7,,,70,,,,,,,,,,,,,,,,,,,A05,,,1,,1,,,45,45,1,13,4,120.636177,24.235241,3
480,66000,387130000C,(04)23274275,(04)23288582,2025,12,1,18,41,臺中市,北區,0,1,0,7,1,6,50,3,1,1,5,4,6,6,4,4,10,5,5,2,17,3,10,5,4,B02,7,6,1,3,2,1,,84,84,1,13,4,120.674032,24.161634,2
481,66000,387130000C,(04)23274275,(04)23288582,2025,12,1,18,41,臺中市,豐原區,0,1,0,7,1,6,0,4,23,1,5,4,6,6,4,4,10,5,5,2,8,3,10,1,1,C03,7,2,1,10,2,13,,84,84,1,13,4,120.708709,24.245623,2
482,66000,387130000C,(04)23274275,(04)23288582,2025,12,1,18,42,臺中市,龍井區,0,2,0,7,1,6,40,4,1,1,5,4,6,6,2,1,10,5,5,2,13,2,9,1,1,C03,7,9,1,10,2,11,,7,7,1,6,4,120.583294,24.186912,2
483,66000,387130000C,(04)23274275,(04)23288582,2025,12,1,18,50,臺中市,西區,0,0,0,7,,,50,,,,,,,,,,,,,,9,,,,,B03,,,1,,2,,,50,50,1,12,4,120.661639,24.151517,3
484,66000,387130000C,(04)23274275,(04)23288582,2025,12,1,18,52,臺中市,西屯區,0,1,0,7,1,6,50,4,1,1,5,4,6,6,2,1,10,5,5,2,16,3,10,3,1,B03,7,5,1,8,2,2,,47,47,1,13,4,120.642809,24.15874,2
485,66000,387130000C,(04)23274275,(04)23288582,2025,12,1,18,53,臺中市,太平區,0,1,0,7,1,6,50,13,9,1,5,4,1,6,4,4,1,4,5,2,18,2,9,1,1,C03,7,9,1,10,2,14,,84,84,1,12,2,120.716359,24.15276,2
486,66000,387130000C,(04)23274275,(04)23288582,2025,12,1,18,55,臺中市,烏日區,0,0,0,7,,,30,,,,,,,,,,,,,,11,,,,,B03,,,1,,2,,,8,8,1,6,4,120.605771,24.117621,3
487,66000,387130000C,(04)23274275,(04)23288582,2025,12,1,18,57,臺中市,大雅區,0,1,0,7,3,6,30,13,9,1,5,4,6,6,4,4,10,5,5,1,2,3,10,5,4,A12,7,9,1,8,2,6,,8,8,1,12,4,120.668075,24.219849,2
488,66000,387130000C,(04)23274275,(04)23288582,2025,12,1,19,0,臺中市,南屯區,0,1,0,7,2,6,50,13,7,1,5,4,6,6,4,4,9,4,4,2,13,2,9,1,1,C03,7,9,1,10,2,11,,84,84,1,12,4,120.608874,24.135685,2
489,66000,387130000C,(04)23274275,(04)23288582,2025,12,1,19,0,臺中市,北屯區,0,0,0,7,,,50,,,,,,,,,,,,,,16,,,,,B03,,,1,,2,,,45,45,1,6,4,120.707744,24.185067,3
490,66000,387130000C,(04)23274275,(04)23288582,2025,12,1,19,1,臺中市,大甲區,0,0,0,7,,,50,,,,,,,,,,,,,,,,,,,B03,,,1,,2,,,11,11,1,6,4,120.617474,24.34358,3
491,66000,387130000C,(04)23274275,(04)23288582,2025,12,1,19,3,臺中市,烏日區,0,2,0,7,1,6,30,4,1,1,5,4,6,6,4,4,10,5,5,1,15,2,9,1,1,C03,7,9,1,10,2,11,,15,15,1,6,4,120.641564,24.102824,2
492,66000,387130000C,(04)23274275,(04)23288582,2025,12,1,19,6,臺中市,龍井區,0,0,0,7,,,50,,,,,,,,,,,,,,13,,,,,B03,,,1,,1,,,59,59,1,6,4,120.583772,24.182011,3
493,66000,387130000C,(04)23274275,(04)23288582,2025,12,1,19,7,臺中市,東區,0,0,0,7,,,50,,,,,,,,,,,,,,17,,,,,B02,,,1,,1,,,22,22,1,12,4,120.698033,24.147964,3
494,66000,387130000C,(04)23274275,(04)23288582,2025,12,1,19,7,臺中市,北屯區,0,0,0,7,,3,80,,,,,,,,,,,,,,13,,,,,B03,,,1,8,2,,,84,84,1,6,4,120.721315,24.180022,3
495,66000,387130000C,(04)23274275,(04)23288582,2025,12,1,19,8,臺中市,北屯區,0,0,0,7,,,50,,,,,,,,,,,,,,,,,,,B03,,,1,,1,,,45,45,1,12,4,120.699952,24.18526,3
496,66000,387130000C,(04)23274275,(04)23288582,2025,12,1,19,9,臺中市,豐原區,0,2,0,7,2,6,50,4,1,1,5,4,6,6,1,1,10,5,5,2,17,2,8,2,1,C03,7,9,1,10,2,12,,84,84,1,13,4,120.72864,24.251048,2
497,66000,387130000C,(04)23274275,(04)23288582,2025,12,1,19,10,臺中市,北屯區,0,0,0,7,,,50,,,,,,,,,,,,,,13,,,,,B03,,,1,,2,,,84,84,1,6,4,120.698418,24.174092,3
498,66000,387130000C,(04)23274275,(04)23288582,2025,12,1,19,11,臺中市,北區,0,2,0,7,1,6,50,13,8,1,5,4,6,6,4,4,3,4,4,2,13,2,8,1,1,C03,7,9,1,10,2,11,,59,59,1,12,4,120.678684,24.151573,2
499,66000,387130000C,(04)23274275,(04)23288582,2025,12,1,19,12,臺中市,西屯區,0,1,0,7,1,6,50,13,9,1,5,4,6,6,1,1,10,4,5,2,17,2,9,1,1,C03,7,9,1,10,2,16,,85,85,1,13,4,120.656194,24.199739,2
500,66000,387130000C,(04)23274275,(04)23288582,2025,12,1,19,16,臺中市,太平區,0,0,0,7,,,40,,,,,,,,,,,,,,17,,,,,C03,,,1,,2,,,50,50,1,12,4,120.716355,24.150764,3
501,66000,387130000C,(04)23274275,(04)23288582,2025,12,1,19,19,臺中市,西屯區,0,0,0,7,,,30,,,,,,,,,,,,,,17,,,,,,,,,,,,,119,119,1,,,120.655747,24.168447,3
502,66000,387130000C,(04)23274275,(04)23288582,2025,12,1,19,20,臺中市,南屯區,0,1,0,7,1,6,50,4,1,1,5,4,6,6,1,1,5,4,4,2,17,2,9,5,4,C03,7,9,1,10,2,14,,84,84,1,13,4,120.637447,24.134003,2
503,66000,387130000C,(04)23274275,(04)23288582,2025,12,1,19,27,臺中市,南屯區,0,0,0,7,1,6,50,13,9,1,5,4,6,6,1,1,5,2,5,2,13,,,,,C03,,,1,,2,,,7,7,1,12,4,120.654314,24.134941,3
504,66000,387130000C,(04)23274275,(04)23288582,2025,12,1,19,28,臺中市,北區,0,0,0,7,,,30,,,,,,,,,,,,,,17,,,,,C03,,,1,,2,,,59,59,1,13,4,120.671324,24.163729,3
505,66000,387130000C,(04)23274275,(04)23288582,2025,12,1,19,28,臺中市,龍井區,0,1,0,7,1,6,30,4,1,1,5,4,6,6,4,4,10,5,5,2,15,2,9,1,1,C03,7,9,1,10,2,14,,12,12,1,6,4,120.595224,24.187459,2
506,66000,387130000C,(04)23274275,(04)23288582,2025,12,1,19,31,臺中市,東區,0,0,0,7,,,50,,,,,,,,,,,,,,,,,,,B03,,,1,,1,,,7,7,1,12,4,120.699082,24.142773,3
507,66000,387130000C,(04)23274275,(04)23288582,2025,12,1,19,31,臺中市,南屯區,0,2,0,7,1,6,50,13,8,1,5,4,6,6,4,4,9,5,4,2,12,3,10,3,1,B03,7,5,1,8,2,2,,20,20,1,12,4,120.645054,24.132031,2
508,66000,387130000C,(04)23274275,(04)23288582,2025,12,1,19,32,臺中市,西屯區,0,1,0,7,1,6,40,3,1,1,5,4,6,6,1,1,10,2,1,2,12,2,9,2,1,C03,7,9,1,10,2,14,,7,7,1,12,4,120.639043,24.168905,2
509,66000,387130000C,(04)23274275,(04)23288582,2025,12,1,19,36,臺中市,南區,0,0,0,7,,,50,,,,,,,,,,,,,,13,,,,,B03,,,1,,1,,,84,84,1,12,4,120.67925,24.122495,3
510,66000,387130000C,(04)23274275,(04)23288582,2025,12,1,19,37,臺中市,北屯區,0,0,0,7,,3,40,,,,,,,,,,,,,,13,,,,,B03,,,1,,1,,,7,7,1,13,4,120.72127,24.173522,3
511,66000,387130000C,(04)23274275,(04)23288582,2025,12,1,19,40,臺中市,西屯區,0,0,0,7,,,30,,,,,,,,,,,,,,17,,,,,,,,,,,,,86,86,1,,,120.628257,24.180173,3
512,66000,387130000C,(04)23274275,(04)23288582,2025,12,1,19,42,臺中市,大里區,0,1,0,7,1,6,50,4,2,1,5,4,6,6,2,1,5,5,5,2,13,2,8,1,1,F01,7,9,7,21,2,11,,7,7,1,12,4,120.68853,24.106679,2
513,66000,387130000C,(04)23274275,(04)23288582,2025,12,1,19,42,臺中市,烏日區,0,1,0,7,1,6,50,4,1,1,5,4,6,6,4,4,10,5,4,2,16,3,10,3,1,B03,7,6,1,8,2,2,,14,14,1,6,4,120.637913,24.104387,2
514,66000,387130000C,(04)23274275,(04)23288582,2025,12,1,19,45,臺中市,南屯區,0,0,0,7,,,50,,,,,,,,,,,,,,17,,,,,B03,,,1,,2,,,50,50,1,12,4,120.637098,24.151786,3
515,66000,387130000C,(04)23274275,(04)23288582,2025,12,1,19,48,臺中市,大里區,0,0,0,7,,,0,,,,,,,,,,,,,,17,,,,,C03,,,1,,1,,,84,84,1,13,4,120.689077,24.104947,3
516,66000,387130000C,(04)23274275,(04)23288582,2025,12,1,19,50,臺中市,大雅區,0,0,0,7,,,50,,,,,,,,,,,,,,,,,,,B03,,,1,,9,,,39,39,1,13,4,120.645263,24.225553,3
517,66000,387130000C,(04)23274275,(04)23288582,2025,12,1,19,54,臺中市,后里區,0,1,0,7,1,6,50,3,2,1,5,4,6,6,1,1,1,4,5,1,17,3,10,3,1,B03,7,9,1,8,2,1,,7,7,1,12,4,120.704156,24.312341,2
518,66000,387130000C,(04)23274275,(04)23288582,2025,12,1,19,55,臺中市,太平區,0,1,0,7,1,6,50,4,1,1,5,4,6,6,1,1,10,5,5,2,16,3,10,3,1,B03,7,6,1,8,2,6,,11,11,1,12,4,120.723706,24.133966,2
519,66000,387130000C,(04)23274275,(04)23288582,2025,12,1,20,13,臺中市,大甲區,0,0,0,7,,,50,,,,,,,,,,,,,,,,,,,B02,,,1,,2,,,51,51,1,6,4,120.633257,24.4127,3
520,66000,387130000C,(04)23274275,(04)23288582,2025,12,1,20,17,臺中市,西屯區,0,1,0,7,1,6,50,13,9,1,5,4,6,6,4,4,5,4,5,2,17,2,9,2,1,C03,7,11,1,10,2,14,,46,46,1,12,4,120.645159,24.177438,2
521,66000,387130000C,(04)23274275,(04)23288582,2025,12,1,20,19,臺中市,霧峰區,0,1,0,7,1,6,30,3,1,1,5,4,6,6,3,1,5,2,5,1,16,3,10,3,1,B03,7,6,1,8,2,1,,11,11,1,13,4,120.654495,24.084676,2
522,66000,387130000C,(04)23274275,(04)23288582,2025,12,1,20,30,臺中市,北屯區,0,1,0,7,3,6,30,11,9,1,5,4,6,6,4,4,10,5,5,2,11,3,10,3,1,B03,7,9,1,8,2,7,,8,8,1,13,4,120.699004,24.190447,2
523,66000,387130000C,(04)23274275,(04)23288582,2025,12,1,20,30,臺中市,大里區,0,0,0,7,,,30,,,,,,,,,,,,,,14,,,,,B12,,,1,,2,,,49,49,1,13,4,120.689843,24.11828,3
524,66000,387130000C,(04)23274275,(04)23288582,2025,12,1,20,32,臺中市,大里區,0,0,0,7,,,40,,,,,,,,,,,,,,12,,,,,B03,,,1,,1,,,51,51,1,12,4,120.69053,24.106241,3
525,66000,387130000C,(04)23274275,(04)23288582,2025,12,1,20,37,臺中市,潭子區,0,0,0,7,,,50,,,,,,,,,,,,,,,,,,,B03,,,1,,2,,,12,12,1,13,4,120.701325,24.224486,3
526,66000,387130000C,(04)23274275,(04)23288582,2025,12,1,20,40,臺中市,西區,0,1,0,6,1,6,50,5,1,1,5,4,6,6,4,4,10,5,5,2,17,3,10,3,1,B03,7,7,1,8,2,5,,85,85,1,12,4,120.671123,24.149473,2
527,66000,387130000C,(04)23274275,(04)23288582,2025,12,1,21,0,臺中市,北屯區,0,1,0,7,3,6,50,4,1,1,5,4,6,6,1,1,10,5,5,2,17,3,10,3,1,B03,7,9,1,8,2,2,,59,59,1,12,4,120.664633,24.18267,2
528,66000,387130000C,(04)23274275,(04)23288582,2025,12,1,21,5,臺中市,大雅區,0,0,0,7,,,30,,,,,,,,,,,,,,,,,,,B03,,,1,,1,,,49,49,1,13,4,120.652239,24.223874,3
529,66000,387130000C,(04)23274275,(04)23288582,2025,12,1,21,6,臺中市,東區,0,1,0,7,2,6,50,4,1,1,5,4,6,6,2,1,5,5,5,2,12,3,10,2,1,C03,7,9,1,9,2,14,,7,7,1,6,4,120.709269,24.135319,2
530,66000,387130000C,(04)23274275,(04)23288582,2025,12,1,21,11,臺中市,南屯區,0,0,0,7,,,40,,,,,,,,,,,,,,,,,,,C03,,,1,,2,,,50,50,1,13,4,120.640719,24.146487,3
531,66000,387130000C,(04)23274275,(04)23288582,2025,12,1,21,12,臺中市,西屯區,0,0,0,7,,,50,,,,,,,,,,,,,,13,,,,,A11,,,1,,1,,,59,59,1,13,4,120.656498,24.200538,3
532,66000,387130000C,(04)23274275,(04)23288582,2025,12,1,21,13,臺中市,北區,0,2,0,7,1,6,50,4,1,1,5,4,6,6,4,4,10,5,5,2,15,3,10,5,4,B03,7,9,1,8,2,5,,12,12,1,13,4,120.674776,24.147837,2
533,66000,387130000C,(04)23274275,(04)23288582,2025,12,1,21,22,臺中市,北屯區,0,1,0,7,3,6,30,3,1,1,5,4,6,6,4,4,10,5,5,2,17,2,9,4,1,F01,7,9,7,21,2,14,,84,84,1,6,4,120.697323,24.170632,2
534,66000,387130000C,(04)23274275,(04)23288582,2025,12,1,21,22,臺中市,西屯區,0,2,0,7,1,6,50,13,9,1,5,4,6,6,4,4,5,5,5,2,2,2,9,2,1,C03,7,9,1,10,2,12,,84,84,1,12,4,120.648591,24.169038,2
535,66000,387130000C,(04)23274275,(04)23288582,2025,12,1,21,30,臺中市,大甲區,0,2,0,7,1,6,50,4,1,1,5,4,6,6,1,1,10,5,5,2,17,3,10,5,4,B12,7,5,1,8,2,2,,11,11,1,6,4,120.633312,24.356159,2
536,66000,387130000C,(04)23274275,(04)23288582,2025,12,1,21,31,臺中市,北屯區,0,0,0,7,,,40,,,,,,,,,,,,,,17,,,,,B03,,,1,,1,,,50,50,1,13,4,120.69491,24.179996,3
537,66000,387130000C,(04)23274275,(04)23288582,2025,12,1,21,33,臺中市,北屯區,0,1,0,7,2,6,50,3,1,1,1,4,6,6,1,1,10,5,5,2,13,2,9,5,4,C03,7,5,1,10,2,11,,7,7,1,12,4,120.66003,24.19272,2
538,66000,387130000C,(04)23274275,(04)23288582,2025,12,1,21,34,臺中市,西屯區,0,0,0,7,,,50,,,,,,,,,,,,,,12,,,,,B03,,,1,,2,,,51,51,1,12,4,120.642304,24.179094,3
539,66000,387130000C,(04)23274275,(04)23288582,2025,12,1,21,37,臺中市,大雅區,0,0,0,7,,,50,,,,,,,,,,,,,,,,,,,B03,,,1,,1,,,7,7,1,12,4,120.646666,24.225013,3
540,66000,387130000C,(04)23274275,(04)23288582,2025,12,1,21,39,臺中市,南屯區,0,0,0,7,1,6,50,13,9,1,5,4,6,6,4,4,3,4,5,2,12,,,,,C03,,,1,,1,,,8,8,1,12,4,120.616286,24.146186,3
541,66000,387130000C,(04)23274275,(04)23288582,2025,12,1,21,44,臺中市,南屯區,0,0,0,7,,,50,,,,,,,,,,,,,,13,,,,,B03,,,1,,1,,,59,59,1,12,4,120.649741,24.155612,3
542,66000,387130000C,(04)23274275,(04)23288582,2025,12,1,21,47,臺中市,北區,0,0,0,7,2,9,,18,24,1,5,4,6,6,4,4,5,4,5,2,35,,,,,,,,,,,,,119,119,1,,,120.687429,24.149382,3
543,66000,387130000C,(04)23274275,(04)23288582,2025,12,1,21,48,臺中市,烏日區,0,0,0,7,,,50,,,,,,,,,,,,,,12,,,,,B03,,,1,,2,,,39,39,1,6,4,120.614267,24.106652,3
544,66000,387130000C,(04)23274275,(04)23288582,2025,12,1,21,53,臺中市,太平區,0,2,0,7,1,6,30,3,1,1,5,4,6,6,4,4,5,4,4,1,17,2,9,5,4,C03,7,15,1,10,2,14,,4,4,1,6,4,120.721214,24.149266,2
545,66000,387130000C,(04)23274275,(04)23288582,2025,12,1,22,5,臺中市,大雅區,0,3,0,7,1,6,50,3,1,1,5,4,6,6,4,4,10,5,5,2,17,2,3,3,1,B03,7,5,1,8,2,5,,14,14,1,12,4,120.620475,24.234562,2
546,66000,387130000C,(04)23274275,(04)23288582,2025,12,1,22,6,臺中市,西屯區,0,0,0,7,,,50,,,,,,,,,,,,,,12,,,,,B03,,,1,,1,,,84,84,1,12,4,120.640782,24.173707,3
547,66000,387130000C,(04)23274275,(04)23288582,2025,12,1,22,8,臺中市,西區,0,0,0,7,,,50,,,,,,,,,,,,,,17,,,,,B12,,,1,,2,,,84,84,1,12,4,120.667478,24.149958,3
548,66000,387130000C,(04)23274275,(04)23288582,2025,12,1,22,9,臺中市,太平區,0,1,0,7,1,6,50,4,1,1,5,4,6,6,4,4,10,5,5,2,16,3,10,3,1,B03,7,6,1,3,2,6,,11,11,1,6,4,120.718122,24.116917,2
549,66000,387130000C,(04)23274275,(04)23288582,2025,12,1,22,13,臺中市,西屯區,0,2,0,7,1,6,50,4,1,1,5,4,6,6,2,1,10,5,5,2,12,3,10,2,1,C03,7,9,1,10,2,13,,84,84,1,13,4,120.65263,24.166498,2
550,66000,387130000C,(04)23274275,(04)23288582,2025,12,1,22,14,臺中市,西區,0,0,0,7,,,50,,,,,,,,,,,,,,12,,,,,B03,,,1,,2,,,40,40,1,13,4,120.662189,24.140135,3
551,66000,387130000C,(04)23274275,(04)23288582,2025,12,1,22,39,臺中市,北區,0,2,0,7,1,6,50,13,9,1,5,4,6,6,4,4,5,4,5,2,3,2,9,5,4,C03,7,9,3,19,2,11,,84,84,1,12,4,120.683199,24.14335,2
552,66000,387130000C,(04)23274275,(04)23288582,2025,12,1,22,40,臺中市,西區,0,3,0,7,1,6,50,4,1,1,5,4,6,6,1,1,10,5,5,2,16,2,9,5,4,C03,7,6,5,10,2,12,,11,11,1,12,4,120.663096,24.146699,2
553,66000,387130000C,(04)23274275,(04)23288582,2025,12,1,22,40,臺中市,西屯區,0,0,0,7,,,50,,,,,,,,,,,,,,17,,,,,C03,,,1,,1,,,51,51,1,13,4,120.645139,24.182165,3
554,66000,387130000C,(04)23274275,(04)23288582,2025,12,1,22,55,臺中市,西屯區,0,0,0,7,,,40,,,,,,,,,,,,,,17,,,,,,,,,,,,,119,119,1,,,120.634084,24.176178,3
555,66000,387130000C,(04)23274275,(04)23288582,2025,12,1,23,1,臺中市,中區,0,1,0,7,1,6,50,4,2,1,5,4,6,6,2,1,5,4,5,2,12,3,10,1,1,C03,7,8,1,10,2,13,,40,40,1,13,4,120.683811,24.141596,2
556,66000,387130000C,(04)23274275,(04)23288582,2025,12,1,23,28,臺中市,大里區,0,1,0,7,1,6,50,4,1,1,5,4,6,6,1,1,10,5,5,2,17,2,8,2,1,C03,7,6,1,10,2,11,,20,20,1,6,4,120.702804,24.088142,2
557,66000,387130000C,(04)23274275,(04)23288582,2025,12,1,23,30,臺中市,東區,0,0,0,7,,,30,,,,,,,,,,,,,,,,,,,B12,,,1,,1,,,49,49,1,13,4,120.698582,24.149387,3
558,66000,387130000C,(04)23274275,(04)23288582,2025,12,1,23,40,臺中市,西區,0,0,0,7,,,30,,,,,,,,,,,,,,17,,,,,B03,,,1,,2,,,84,84,1,13,4,120.654934,24.155793,3
559,66000,387130000C,(04)23274275,(04)23288582,2025,12,2,0,5,臺中市,北屯區,0,2,0,7,1,6,0,13,9,1,5,4,6,6,4,4,5,4,5,2,16,2,9,1,1,C03,7,1,1,10,1,13,,51,51,1,6,4,120.707859,24.169982,2
560,66000,387130000C,(04)23274275,(04)23288582,2025,12,2,0,58,臺中市,潭子區,0,2,0,6,1,6,60,4,4,1,5,4,6,6,1,1,1,4,5,1,13,2,9,2,1,C03,7,9,1,10,2,11,,84,84,1,13,4,120.70515,24.215575,2
561,66000,387130000C,(04)23274275,(04)23288582,2025,12,2,4,0,臺中市,北屯區,0,2,0,7,1,6,50,13,7,1,5,4,6,6,4,4,5,4,4,2,8,2,9,2,1,C03,7,9,3,19,2,11,,84,84,1,12,4,120.671121,24.178967,2