序號,縣市別代碼,機關代碼,市話,傳真,年,月,日,時,分,縣市,區,死亡數量,受傷數量,2-30,天候,道路照明設備,道路類別,道路速限,道路型態,事故位置,路面鋪裝,路面狀態,路面缺陷,障礙物,視距,號誌種類,號誌動作,分向設施,快車道或一般車道間,快慢車道間,路面邊線,事故類型及型態,受傷程度,主要傷處,保護裝備,行動電話或功能裝置,當事者區分(類別),車輛用途,當事者行動狀態,駕照狀態,駕照種類,飲酒情形,車輛撞擊部位最初,車輛撞擊部位其他,肇事因素個別,肇事因素主要,肇事逃逸,職業,共享經濟或外送平台,GPS座標X,GPS座標Y,事故類別
562,66000,387130000C,(04)23274275,(04)23288582,2025,12,2,4,29,臺中市,烏日區,0,1,0,7,1,6,60,13,8,1,5,4,6,6,4,4,1,4,1,1,18,2,9,2,1,C03,7,9,1,10,2,11,,59,59,1,6,4,120.637397,24.094017,2
563,66000,387130000C,(04)23274275,(04)23288582,2025,12,2,5,8,臺中市,沙鹿區,0,1,0,7,1,6,70,13,9,1,5,4,6,6,1,1,1,4,4,1,13,2,9,2,1,C03,7,9,1,9,2,12,,8,8,1,12,4,120.621054,24.242287,2
564,66000,387130000C,(04)23274275,(04)23288582,2025,12,2,5,34,臺中市,北屯區,0,1,0,7,1,6,50,4,1,1,5,4,6,6,4,4,10,5,5,2,30,,,,,,,,,,,,,119,119,1,,,120.703858,24.15961,2
565,66000,387130000C,(04)23274275,(04)23288582,2025,12,2,5,58,臺中市,大里區,0,2,0,7,2,6,50,4,2,1,5,4,6,6,4,4,5,5,5,1,2,2,8,2,1,F03,7,9,7,21,2,11,,84,84,1,6,4,120.705958,24.087574,2
566,66000,387130000C,(04)23274275,(04)23288582,2025,12,2,6,9,臺中市,沙鹿區,0,1,0,7,3,6,40,13,8,1,5,4,6,6,4,4,1,5,3,1,17,2,9,5,4,C03,7,9,1,10,2,12,,8,8,1,12,4,120.573906,24.229926,2
567,66000,387130000C,(04)23274275,(04)23288582,2025,12,2,6,35,臺中市,大里區,0,2,0,7,2,6,50,4,1,1,5,4,6,6,3,1,10,5,5,2,15,2,9,2,1,C03,7,9,1,10,2,12,,15,15,1,12,4,120.679308,24.096717,2
568,66000,387130000C,(04)23274275,(04)23288582,2025,12,2,6,40,臺中市,北區,0,0,0,7,,,50,,,,,,,,,,,,,,12,,,,,A04,,,1,,1,,,40,40,1,12,4,120.677238,24.163329,3
569,66000,387130000C,(04)23274275,(04)23288582,2025,12,2,6,45,臺中市,大雅區,0,0,0,7,,,50,,,,,,,,,,,,,,,,,,,B03,,,1,,1,,,84,84,1,13,4,120.654838,24.228983,3
570,66000,387130000C,(04)23274275,(04)23288582,2025,12,2,6,48,臺中市,東勢區,0,2,0,7,1,6,30,4,1,1,5,4,6,6,4,4,10,5,5,2,15,2,9,1,4,C03,7,9,1,10,2,14,,13,13,1,12,4,120.828771,24.259392,2
571,66000,387130000C,(04)23274275,(04)23288582,2025,12,2,6,56,臺中市,南區,0,0,0,7,,,50,,,,,,,,,,,,,,,,,,,B03,,,1,,1,,,7,7,1,12,4,120.657485,24.108921,3
572,66000,387130000C,(04)23274275,(04)23288582,2025,12,2,7,0,臺中市,中區,0,0,0,7,,,40,,,,,,,,,,,,,,17,,,,,B03,,,1,,9,,,84,84,1,12,4,120.678989,24.147221,3
573,66000,387130000C,(04)23274275,(04)23288582,2025,12,2,7,0,臺中市,南屯區,0,1,0,7,2,6,50,3,2,1,5,4,6,6,2,1,1,4,4,2,12,2,9,2,1,C03,7,8,1,10,2,14,,35,35,1,12,4,120.624344,24.152222,2
574,66000,387130000C,(04)23274275,(04)23288582,2025,12,2,7,14,臺中市,太平區,0,0,0,7,,,50,,,,,,,,,,,,,,,,,,,C03,,,1,,1,,,7,7,1,12,4,120.706675,24.159352,3
575,66000,387130000C,(04)23274275,(04)23288582,2025,12,2,7,14,臺中市,梧棲區,0,0,0,7,,,40,,,,,,,,,,,,,,13,,,,,B03,,,1,,1,,,59,59,1,12,4,120.551942,24.244735,3
576,66000,387130000C,(04)23274275,(04)23288582,2025,12,2,7,15,臺中市,西屯區,0,2,0,7,2,6,30,13,9,4,5,4,6,6,4,4,10,5,5,2,13,2,9,6,1,F01,7,9,7,21,1,13,,42,42,1,12,4,120.6417,24.175709,2
577,66000,387130000C,(04)23274275,(04)23288582,2025,12,2,7,16,臺中市,烏日區,0,0,0,7,,,,,,,,,,,,,,,,,,,,,,,,,,,,,,85,85,1,,,120.606891,24.122438,3
578,66000,387130000C,(04)23274275,(04)23288582,2025,12,2,7,17,臺中市,北屯區,0,1,0,7,2,6,50,5,3,1,5,4,6,6,2,1,1,4,5,2,13,2,7,1,1,C03,7,8,1,9,1,11,,7,7,1,12,4,120.697877,24.170583,2
579,66000,387130000C,(04)23274275,(04)23288582,2025,12,2,7,18,臺中市,大肚區,0,1,0,7,3,6,50,3,2,1,5,4,6,6,2,1,1,4,4,1,13,3,10,3,1,B03,7,9,1,8,2,8,,7,7,1,6,4,120.567144,24.122517,2
580,66000,387130000C,(04)23274275,(04)23288582,2025,12,2,7,21,臺中市,東區,0,0,0,7,,,50,,,,,,,,,,,,,,12,,,,,F01,,,7,,1,,,84,84,1,13,4,120.710504,24.149626,4
581,66000,387130000C,(04)23274275,(04)23288582,2025,12,2,7,21,臺中市,龍井區,0,0,0,7,,,70,,,,,,,,,,,,,,,,,,,B03,,,1,,1,,,40,40,1,12,4,120.54314,24.174475,3
582,66000,387130000C,(04)23274275,(04)23288582,2025,12,2,7,21,臺中市,梧棲區,0,1,0,7,2,6,50,4,1,1,5,4,6,6,1,1,10,5,5,2,12,2,9,1,1,C03,7,6,3,19,2,14,,48,48,1,12,4,120.541651,24.25125,2
583,66000,387130000C,(04)23274275,(04)23288582,2025,12,2,7,24,臺中市,太平區,0,0,0,7,,,50,,,,,,,,,,,,,,13,,,,,F01,,,1,,1,,,7,7,1,12,4,120.716444,24.136119,3
584,66000,387130000C,(04)23274275,(04)23288582,2025,12,2,7,25,臺中市,南屯區,0,1,0,7,2,6,50,13,9,1,5,4,6,6,4,4,1,4,5,2,13,2,9,1,1,C03,7,9,1,10,2,11,,7,7,1,6,4,120.615562,24.153654,2
585,66000,387130000C,(04)23274275,(04)23288582,2025,12,2,7,26,臺中市,西屯區,0,0,0,7,,,50,,,,,,,,,,,,,,,,,,,B03,,,1,,1,,,7,7,1,13,4,120.633402,24.173584,3
586,66000,387130000C,(04)23274275,(04)23288582,2025,12,2,7,26,臺中市,大里區,0,0,0,7,,,30,,,,,,,,,,,,,,14,,,,,B03,,,1,,2,,,49,49,1,12,4,120.704993,24.097888,3
587,66000,387130000C,(04)23274275,(04)23288582,2025,12,2,7,28,臺中市,西屯區,0,1,0,7,2,6,50,13,9,1,5,4,6,6,4,4,5,4,4,2,16,3,10,3,1,B03,7,11,1,8,2,2,,45,45,1,12,4,120.649494,24.168003,2
588,66000,387130000C,(04)23274275,(04)23288582,2025,12,2,7,28,臺中市,梧棲區,0,1,0,7,2,6,30,13,9,1,5,4,6,6,4,4,10,5,5,2,16,3,10,3,1,B03,7,6,1,8,2,4,,48,48,1,12,4,120.541332,24.244996,2
589,66000,387130000C,(04)23274275,(04)23288582,2025,12,2,7,30,臺中市,大雅區,0,1,0,7,2,6,70,3,2,1,5,4,6,6,1,1,10,4,5,1,17,2,9,1,1,C03,7,9,1,10,2,14,,85,85,1,12,4,120.642493,24.228642,2
590,66000,387130000C,(04)23274275,(04)23288582,2025,12,2,7,31,臺中市,潭子區,0,1,0,7,3,6,80,13,9,1,5,4,6,6,4,4,2,4,5,1,13,3,10,3,1,B03,7,9,1,8,2,1,,84,84,1,13,4,120.709739,24.200514,2
591,66000,387130000C,(04)23274275,(04)23288582,2025,12,2,7,31,臺中市,南區,0,1,0,7,1,6,50,3,1,1,5,4,6,6,1,1,10,5,5,2,17,2,9,5,4,C03,7,9,1,10,2,11,,7,7,1,12,4,120.684859,24.128955,2
592,66000,387130000C,(04)23274275,(04)23288582,2025,12,2,7,32,臺中市,西屯區,0,1,0,7,2,6,50,3,1,1,5,4,6,6,4,4,10,5,5,2,9,3,10,3,1,B03,7,6,1,8,2,7,,84,84,1,12,4,120.613488,24.174688,2
593,66000,387130000C,(04)23274275,(04)23288582,2025,12,2,7,34,臺中市,大里區,0,1,0,7,2,6,50,4,1,1,5,4,6,6,1,1,10,5,5,2,17,3,10,3,1,B03,7,5,1,8,2,8,,84,84,1,12,4,120.672162,24.1149,2
594,66000,387130000C,(04)23274275,(04)23288582,2025,12,2,7,35,臺中市,沙鹿區,0,2,0,7,2,6,50,13,9,1,5,4,6,6,4,4,5,5,5,1,13,2,9,2,1,C03,7,9,1,10,2,11,,59,59,1,6,4,120.566244,24.234899,2
595,66000,387130000C,(04)23274275,(04)23288582,2025,12,2,7,35,臺中市,豐原區,0,1,0,7,2,6,50,18,9,1,5,4,6,6,4,4,10,5,5,2,18,2,9,1,1,C03,7,9,1,10,2,16,,84,84,1,12,4,120.751658,24.258078,2
596,66000,387130000C,(04)23274275,(04)23288582,2025,12,2,7,35,臺中市,神岡區,0,1,0,7,2,6,30,13,9,1,5,4,6,6,4,4,3,4,5,2,17,3,10,5,4,G03,7,14,6,20,2,15,,82,82,1,12,4,120.697803,24.248522,2
597,66000,387130000C,(04)23274275,(04)23288582,2025,12,2,7,38,臺中市,清水區,0,0,0,7,,,50,,,,,,,,,,,,,,,,,,,B03,,,1,,1,,,49,49,1,12,4,120.572231,24.263689,3
598,66000,387130000C,(04)23274275,(04)23288582,2025,12,2,7,39,臺中市,潭子區,0,1,0,7,2,6,50,5,2,1,5,4,6,6,2,1,10,5,5,2,12,2,9,1,1,C03,7,9,3,19,2,14,,85,85,1,13,4,120.698018,24.216503,2
599,66000,387130000C,(04)23274275,(04)23288582,2025,12,2,7,41,臺中市,西屯區,0,0,0,7,,,30,,,,,,,,,,,,,,13,,,,,B03,,,1,,1,,,7,7,1,13,4,120.627911,24.201543,3
600,66000,387130000C,(04)23274275,(04)23288582,2025,12,2,7,41,臺中市,新社區,0,0,0,7,,,50,,,,,,,,,,,,,,,,,,,B03,,,1,,1,,,24,24,1,12,4,120.815494,24.185214,3
601,66000,387130000C,(04)23274275,(04)23288582,2025,12,2,7,42,臺中市,潭子區,0,1,0,7,3,6,50,3,1,1,5,4,6,6,3,1,1,4,4,1,17,3,10,3,1,B03,7,15,1,8,9,16,,20,20,1,13,4,120.681755,24.216092,2
602,66000,387130000C,(04)23274275,(04)23288582,2025,12,2,7,42,臺中市,沙鹿區,0,0,0,7,,,60,,,,,,,,,,,,,,17,,,,,B03,,,1,,2,,,82,82,1,12,4,120.591455,24.249926,3
603,66000,387130000C,(04)23274275,(04)23288582,2025,12,2,7,43,臺中市,南區,0,1,0,7,2,6,40,13,8,1,5,4,6,6,4,4,1,4,4,2,16,3,10,3,1,B03,7,5,1,8,2,5,,84,84,1,12,4,120.668084,24.128125,2
604,66000,387130000C,(04)23274275,(04)23288582,2025,12,2,7,43,臺中市,神岡區,0,0,0,7,,,50,,,,,,,,,,,,,,17,,,,,B03,,,1,,2,,,40,40,1,13,4,120.684684,24.246446,3
605,66000,387130000C,(04)23274275,(04)23288582,2025,12,2,7,44,臺中市,烏日區,0,1,0,7,2,6,50,4,2,1,5,4,6,6,4,4,4,4,5,1,12,3,10,3,1,B03,7,9,1,8,1,15,,85,85,1,6,4,120.629939,24.10049,2
606,66000,387130000C,(04)23274275,(04)23288582,2025,12,2,7,45,臺中市,沙鹿區,0,1,0,7,3,6,50,4,1,1,5,4,6,6,1,1,10,5,5,2,13,3,10,4,1,B03,7,9,1,8,2,8,,7,7,1,6,4,120.571916,24.238539,2
607,66000,387130000C,(04)23274275,(04)23288582,2025,12,2,7,46,臺中市,大里區,0,1,0,7,2,6,50,13,9,1,5,4,6,6,1,1,1,4,5,2,12,2,8,1,1,C03,7,9,1,10,2,11,,84,84,1,13,4,120.693002,24.100442,2
608,66000,387130000C,(04)23274275,(04)23288582,2025,12,2,7,47,臺中市,西屯區,0,1,0,7,2,6,50,3,2,1,5,4,6,6,4,4,10,5,5,2,13,2,9,1,1,C03,7,5,1,10,2,11,,59,59,1,12,4,120.635247,24.172263,2
609,66000,387130000C,(04)23274275,(04)23288582,2025,12,2,7,47,臺中市,龍井區,0,1,0,7,2,6,40,12,14,1,5,4,6,6,4,4,3,4,5,1,13,2,8,2,1,C03,7,9,1,10,2,11,,7,7,1,6,4,120.573252,24.187735,2
610,66000,387130000C,(04)23274275,(04)23288582,2025,12,2,7,48,臺中市,大雅區,0,2,0,7,1,6,30,13,9,1,5,4,6,6,4,4,10,5,5,2,10,2,9,1,1,F03,7,9,7,21,1,11,,84,84,2,13,4,120.641595,24.218404,2
611,66000,387130000C,(04)23274275,(04)23288582,2025,12,2,7,48,臺中市,大里區,0,1,0,7,2,6,50,3,1,1,5,4,6,6,1,1,10,5,5,2,17,3,10,1,1,C03,7,6,1,10,2,11,,11,11,1,12,4,120.67849,24.110825,2
612,66000,387130000C,(04)23274275,(04)23288582,2025,12,2,7,50,臺中市,南屯區,0,1,0,7,2,6,50,3,2,1,5,4,6,6,1,1,1,4,4,2,13,2,8,1,1,C03,7,9,1,10,2,11,,7,7,1,6,4,120.597471,24.155419,2
613,66000,387130000C,(04)23274275,(04)23288582,2025,12,2,7,50,臺中市,大里區,0,0,0,7,,,30,,,,,,,,,,,,,,,,,,,B03,,,1,,1,,,84,84,1,13,4,120.690642,24.091134,3
614,66000,387130000C,(04)23274275,(04)23288582,2025,12,2,7,51,臺中市,大里區,0,1,0,7,2,6,50,3,1,1,5,4,6,6,4,4,5,5,5,1,16,3,10,1,1,C03,7,6,1,10,2,11,,84,84,1,13,4,120.665594,24.109748,2
615,66000,387130000C,(04)23274275,(04)23288582,2025,12,2,7,51,臺中市,太平區,0,0,0,7,,,50,,,,,,,,,,,,,,,,,,,B03,,,1,,2,,,8,8,1,12,4,120.712648,24.145287,3
616,66000,387130000C,(04)23274275,(04)23288582,2025,12,2,7,52,臺中市,太平區,0,0,0,7,2,6,50,5,4,1,5,4,6,6,1,1,5,4,5,2,18,3,10,2,1,C03,7,14,1,10,2,16,,84,84,1,12,4,120.711005,24.126744,3
617,66000,387130000C,(04)23274275,(04)23288582,2025,12,2,7,53,臺中市,南區,0,1,0,7,3,6,50,4,1,1,5,4,6,6,1,1,10,5,5,2,13,3,10,2,1,C03,7,9,1,10,2,11,,84,84,1,12,4,120.667156,24.119202,2
618,66000,387130000C,(04)23274275,(04)23288582,2025,12,2,7,54,臺中市,沙鹿區,0,2,0,7,2,6,30,12,9,1,5,4,6,6,4,4,10,5,5,2,11,2,8,2,1,C03,7,9,1,10,2,11,,41,41,1,6,4,120.579049,24.213924,2
619,66000,387130000C,(04)23274275,(04)23288582,2025,12,2,7,54,臺中市,梧棲區,0,1,0,7,2,6,50,4,1,1,5,4,6,6,2,1,10,5,5,2,16,3,10,3,1,B03,7,5,1,8,2,2,,47,47,1,12,4,120.533037,24.260196,2
620,66000,387130000C,(04)23274275,(04)23288582,2025,12,2,7,55,臺中市,北區,0,0,0,7,,,30,,,,,,,,,,,,,,14,,,,,B03,,,6,,9,,,85,85,1,13,4,120.681463,24.165768,4
621,66000,387130000C,(04)23274275,(04)23288582,2025,12,2,7,56,臺中市,北區,0,1,0,7,2,6,50,4,1,1,5,4,6,6,1,1,10,5,5,2,12,3,10,1,1,C03,7,5,1,10,2,13,,84,84,1,13,4,120.667541,24.163916,2
622,66000,387130000C,(04)23274275,(04)23288582,2025,12,2,7,56,臺中市,南屯區,0,0,0,7,,,50,,,,,,,,,,,,,,16,,,,,A04,,,1,,1,,,84,84,1,12,4,120.630846,24.14649,3
623,66000,387130000C,(04)23274275,(04)23288582,2025,12,2,7,57,臺中市,南屯區,0,1,0,7,2,6,50,13,9,1,5,4,6,6,4,4,9,5,5,2,12,2,9,2,1,C03,7,1,3,19,2,14,,51,51,1,12,4,120.63246,24.152203,2
624,66000,387130000C,(04)23274275,(04)23288582,2025,12,2,7,57,臺中市,西屯區,0,1,0,7,2,6,50,4,1,1,5,4,6,6,1,1,10,5,5,2,17,2,9,5,4,F02,7,9,7,21,2,11,,21,21,1,13,4,120.625015,24.196055,2
625,66000,387130000C,(04)23274275,(04)23288582,2025,12,2,7,58,臺中市,西區,0,0,0,7,,,50,,,,,,,,,,,,,,,,,,,B03,,,1,,1,,,7,7,1,12,4,120.660207,24.152541,3
626,66000,387130000C,(04)23274275,(04)23288582,2025,12,2,7,59,臺中市,西區,0,0,0,7,,,50,,,,,,,,,,,,,,12,,,,,B03,,,1,,2,,,2,2,1,12,4,120.668365,24.129905,3
627,66000,387130000C,(04)23274275,(04)23288582,2025,12,2,8,0,臺中市,沙鹿區,0,0,0,7,,,30,,,,,,,,,,,,,,,,,,,B03,,,1,,1,,,49,49,1,12,4,120.559481,24.230761,3
628,66000,387130000C,(04)23274275,(04)23288582,2025,12,2,8,1,臺中市,太平區,0,1,0,7,3,6,50,13,9,1,5,4,6,6,4,4,10,5,5,2,9,3,10,3,1,B03,7,6,1,8,2,8,,84,84,1,12,4,120.723605,24.132312,2
629,66000,387130000C,(04)23274275,(04)23288582,2025,12,2,8,1,臺中市,梧棲區,0,1,0,7,2,6,40,13,8,1,5,4,6,6,4,4,1,4,1,1,18,2,9,1,1,C03,7,9,1,10,2,16,,87,87,1,12,4,120.520093,24.243743,2
630,66000,387130000C,(04)23274275,(04)23288582,2025,12,2,8,5,臺中市,北屯區,0,2,0,7,2,6,50,13,8,1,5,4,6,6,2,1,3,4,4,2,13,2,8,1,1,C03,7,9,1,10,2,11,,7,7,1,12,4,120.665915,24.182583,2
631,66000,387130000C,(04)23274275,(04)23288582,2025,12,2,8,7,臺中市,北區,0,1,0,7,2,6,50,4,1,1,5,4,6,6,2,1,10,5,5,2,17,3,10,1,1,C03,7,9,1,10,2,12,,84,84,1,13,4,120.677303,24.151254,2
632,66000,387130000C,(04)23274275,(04)23288582,2025,12,2,8,9,臺中市,烏日區,0,1,0,7,3,6,40,4,1,1,5,4,6,6,2,1,1,2,5,1,12,3,10,3,1,E03,7,5,1,8,2,2,6,20,20,1,11,4,120.644353,24.093221,2
633,66000,387130000C,(04)23274275,(04)23288582,2025,12,2,8,10,臺中市,大里區,0,1,0,7,2,6,50,3,1,1,5,4,6,6,4,4,5,5,5,1,17,2,9,5,4,C03,7,9,1,10,2,11,,7,7,1,12,4,120.688861,24.091535,2
634,66000,387130000C,(04)23274275,(04)23288582,2025,12,2,8,11,臺中市,大雅區,0,0,0,7,,,70,,,,,,,,,,,,,,,,,,,B03,,,1,,1,,,40,40,1,13,4,120.629138,24.241655,3
635,66000,387130000C,(04)23274275,(04)23288582,2025,12,2,8,13,臺中市,西區,0,1,0,7,2,6,50,4,1,1,5,4,6,6,1,1,10,5,5,2,13,2,8,1,1,C03,7,9,5,19,2,11,,7,7,1,12,4,120.675422,24.133556,2
636,66000,387130000C,(04)23274275,(04)23288582,2025,12,2,8,13,臺中市,西屯區,0,1,0,7,2,6,50,4,8,1,5,4,6,6,2,1,1,2,1,2,13,3,10,2,1,C03,7,9,1,10,2,12,,7,7,1,12,4,120.634682,24.179851,2
637,66000,387130000C,(04)23274275,(04)23288582,2025,12,2,8,16,臺中市,北區,0,2,0,7,2,6,50,4,1,1,5,4,6,6,1,1,10,5,5,2,17,2,8,5,4,C03,7,9,1,10,2,11,,84,84,1,13,4,120.685395,24.152786,2
638,66000,387130000C,(04)23274275,(04)23288582,2025,12,2,8,16,臺中市,南區,0,2,0,7,2,6,50,4,1,1,5,4,6,6,4,4,5,5,5,2,15,2,9,2,1,C03,7,9,1,10,2,11,,15,15,1,13,4,120.676849,24.128638,2
639,66000,387130000C,(04)23274275,(04)23288582,2025,12,2,8,16,臺中市,南屯區,0,5,0,7,2,6,50,13,9,1,5,4,6,6,4,4,9,4,5,2,13,2,9,1,1,C03,7,6,1,10,2,14,,48,48,1,12,4,120.605428,24.147222,2
640,66000,387130000C,(04)23274275,(04)23288582,2025,12,2,8,17,臺中市,北屯區,0,2,0,7,3,6,50,3,19,1,5,4,6,6,4,4,10,5,5,2,3,2,9,2,1,C03,7,9,1,10,2,11,,10,10,1,12,4,120.690019,24.179796,2
641,66000,387130000C,(04)23274275,(04)23288582,2025,12,2,8,19,臺中市,北屯區,0,0,0,7,,,50,,,,,,,,,,,,,,12,,,,,B03,,,1,,2,,,40,40,1,6,4,120.71905,24.174992,3
642,66000,387130000C,(04)23274275,(04)23288582,2025,12,2,8,22,臺中市,西屯區,0,0,0,7,,,50,,,,,,,,,,,,,,16,,,,,B03,,,1,,1,,,14,14,1,12,4,120.641302,24.184592,3
643,66000,387130000C,(04)23274275,(04)23288582,2025,12,2,8,22,臺中市,大里區,0,0,0,7,,,30,,,,,,,,,,,,,,,,,,,B03,,,1,,2,,,84,84,1,13,4,120.705553,24.091635,3
644,66000,387130000C,(04)23274275,(04)23288582,2025,12,2,8,26,臺中市,北屯區,0,0,0,7,,3,80,,,,,,,,,,,,,,13,,,,,B03,,,1,,1,,,7,7,1,6,4,120.722407,24.189627,3
645,66000,387130000C,(04)23274275,(04)23288582,2025,12,2,8,26,臺中市,北屯區,0,2,0,7,3,3,80,13,7,1,5,4,6,6,4,4,1,4,5,1,13,3,10,3,1,B12,7,9,1,8,2,1,3,7,7,1,12,4,120.722388,24.18871,2
646,66000,387130000C,(04)23274275,(04)23288582,2025,12,2,8,30,臺中市,大里區,0,1,0,7,2,6,50,13,7,1,5,4,6,6,4,4,5,5,4,2,17,2,9,1,1,C03,7,9,1,10,2,12,,7,7,1,12,4,120.682013,24.096131,2
647,66000,387130000C,(04)23274275,(04)23288582,2025,12,2,8,31,臺中市,太平區,0,0,0,7,,,50,,,,,,,,,,,,,,,,,,,C03,,,1,,1,,,11,11,1,12,4,120.71596,24.134414,3
648,66000,387130000C,(04)23274275,(04)23288582,2025,12,2,8,36,臺中市,東區,0,1,0,7,1,6,50,4,1,1,5,4,6,6,1,1,10,5,5,2,17,2,9,5,4,C03,7,9,1,10,2,11,,15,15,1,12,4,120.6888,24.127036,2
649,66000,387130000C,(04)23274275,(04)23288582,2025,12,2,8,37,臺中市,沙鹿區,0,2,0,6,2,6,30,4,1,1,5,4,6,6,3,1,5,4,4,2,15,2,9,1,1,C03,7,9,1,10,1,14,,24,24,1,12,4,120.562289,24.252373,2
650,66000,387130000C,(04)23274275,(04)23288582,2025,12,2,8,41,臺中市,南屯區,0,2,0,7,2,6,50,13,9,1,5,4,6,6,4,4,1,4,5,2,13,2,8,2,1,C03,7,5,1,10,2,13,,84,84,1,12,4,120.646505,24.138652,2
651,66000,387130000C,(04)23274275,(04)23288582,2025,12,2,8,43,臺中市,神岡區,0,0,0,7,,,30,,,,,,,,,,,,,,22,,,,,B03,,,1,,2,,,59,59,1,13,4,120.669917,24.272284,3
652,66000,387130000C,(04)23274275,(04)23288582,2025,12,2,8,47,臺中市,大雅區,0,0,0,7,,,0,,,,,,,,,,,,,,,,,,,B02,,,1,,1,,,7,7,1,12,4,120.637164,24.233948,3
653,66000,387130000C,(04)23274275,(04)23288582,2025,12,2,8,50,臺中市,大雅區,0,0,0,7,,,50,,,,,,,,,,,,,,,,,,,C03,,,1,,2,,,84,84,1,13,4,120.66895,24.220388,3
654,66000,387130000C,(04)23274275,(04)23288582,2025,12,2,8,50,臺中市,烏日區,0,2,0,7,3,6,50,8,7,1,5,4,6,6,4,4,1,4,4,2,12,2,9,1,1,C03,7,9,1,10,2,14,,8,8,1,12,4,120.614984,24.106158,2
655,66000,387130000C,(04)23274275,(04)23288582,2025,12,2,8,50,臺中市,烏日區,0,2,0,7,2,6,50,4,1,1,5,4,6,6,1,1,2,4,5,1,16,2,9,1,1,C03,7,6,1,10,2,14,,48,48,1,6,4,120.64327,24.077023,2
656,66000,387130000C,(04)23274275,(04)23288582,2025,12,2,8,55,臺中市,西區,0,1,0,7,2,6,50,3,1,1,5,4,6,6,4,4,10,5,5,2,17,3,10,1,1,C03,7,6,1,10,2,14,,14,14,1,13,4,120.679095,24.137176,2
657,66000,387130000C,(04)23274275,(04)23288582,2025,12,2,8,56,臺中市,外埔區,0,1,0,7,2,6,50,4,1,1,5,4,6,6,1,1,10,5,5,2,15,3,10,3,1,B03,7,9,1,8,2,4,,21,21,1,12,4,120.655759,24.332976,2
658,66000,387130000C,(04)23274275,(04)23288582,2025,12,2,8,58,臺中市,東區,0,1,0,7,2,6,40,5,4,1,5,4,6,6,2,1,5,5,4,2,17,2,9,1,1,C03,7,15,1,10,2,14,,40,40,1,12,4,120.695509,24.141991,2
659,66000,387130000C,(04)23274275,(04)23288582,2025,12,2,9,0,臺中市,南區,0,1,0,7,2,6,50,3,2,1,5,4,6,6,4,4,3,4,5,2,12,2,9,2,1,F01,7,9,7,21,1,12,,84,84,1,13,4,120.66985,24.125178,2
660,66000,387130000C,(04)23274275,(04)23288582,2025,12,2,9,0,臺中市,東區,0,0,0,7,,,50,,,,,,,,,,,,,,13,,,,,B12,,,1,,1,,,84,84,1,12,4,120.708048,24.136086,3
661,66000,387130000C,(04)23274275,(04)23288582,2025,12,2,9,0,臺中市,西屯區,0,1,0,7,3,6,50,3,1,1,5,4,6,6,4,4,10,5,5,2,16,3,10,5,4,B03,7,5,1,8,2,5,,14,14,1,13,4,120.6376,24.1844,2
662,66000,387130000C,(04)23274275,(04)23288582,2025,12,2,9,0,臺中市,龍井區,0,0,0,7,2,6,60,4,7,1,5,4,6,6,2,1,3,4,3,2,13,,,,,B03,,,1,,1,,,82,82,1,6,4,120.579729,24.190386,3
663,66000,387130000C,(04)23274275,(04)23288582,2025,12,2,9,1,臺中市,西屯區,0,2,0,7,2,6,50,4,1,1,5,4,6,6,4,4,10,5,5,2,15,2,7,1,1,C03,7,9,1,10,2,14,,12,12,1,12,4,120.647504,24.171243,2
664,66000,387130000C,(04)23274275,(04)23288582,2025,12,2,9,1,臺中市,沙鹿區,0,2,0,7,2,6,50,4,1,1,5,4,6,6,1,2,10,5,5,2,16,3,10,3,1,B03,7,9,3,19,2,1,,25,25,1,6,4,120.560799,24.241092,2
665,66000,387130000C,(04)23274275,(04)23288582,2025,12,2,9,5,臺中市,北屯區,0,1,0,7,3,6,50,4,1,1,5,4,6,6,1,1,10,5,5,2,17,3,10,3,1,B03,7,5,1,8,2,2,,20,20,1,12,4,120.678356,24.184126,2
666,66000,387130000C,(04)23274275,(04)23288582,2025,12,2,9,6,臺中市,南區,0,0,0,7,,,30,,,,,,,,,,,,,,12,,,,,C03,,,1,,1,,,50,50,1,5,4,120.679363,24.122343,3
667,66000,387130000C,(04)23274275,(04)23288582,2025,12,2,9,10,臺中市,神岡區,0,0,0,7,,,50,,,,,,,,,,,,,,2,,,,,C03,,,1,,9,,,43,43,1,12,4,120.682983,24.246275,3
668,66000,387130000C,(04)23274275,(04)23288582,2025,12,2,9,11,臺中市,南屯區,0,0,0,6,,,50,,,,,,,,,,,,,,,,,,,C03,,,1,,1,,,7,7,1,6,4,120.646521,24.132034,3
669,66000,387130000C,(04)23274275,(04)23288582,2025,12,2,9,12,臺中市,大雅區,0,1,0,7,2,6,50,5,9,1,5,4,6,6,1,1,10,4,5,1,17,3,10,3,1,B03,7,9,1,8,2,5,,84,84,1,12,4,120.648913,24.218033,2
670,66000,387130000C,(04)23274275,(04)23288582,2025,12,2,9,12,臺中市,西屯區,0,1,0,7,2,6,40,4,1,1,5,4,6,6,2,1,10,5,5,2,9,3,10,3,1,B03,7,9,1,8,2,1,,59,59,1,13,4,120.58919,24.174845,2
671,66000,387130000C,(04)23274275,(04)23288582,2025,12,2,9,14,臺中市,西區,0,0,0,7,,,30,,,,,,,,,,,,,,17,,,,,B11,,,1,,2,,,8,8,1,12,4,120.661297,24.160571,3
672,66000,387130000C,(04)23274275,(04)23288582,2025,12,2,9,14,臺中市,南屯區,0,2,0,7,2,6,40,13,8,1,5,4,6,6,4,4,9,2,3,2,13,2,9,1,1,C03,7,9,1,10,2,11,,7,7,1,12,4,120.598422,24.155204,2