序號,縣市別代碼,機關代碼,市話,傳真,年,月,日,時,分,縣市,區,死亡數量,受傷數量,2-30,天候,道路照明設備,道路類別,道路速限,道路型態,事故位置,路面鋪裝,路面狀態,路面缺陷,障礙物,視距,號誌種類,號誌動作,分向設施,快車道或一般車道間,快慢車道間,路面邊線,事故類型及型態,受傷程度,主要傷處,保護裝備,行動電話或功能裝置,當事者區分(類別),車輛用途,當事者行動狀態,駕照狀態,駕照種類,飲酒情形,車輛撞擊部位最初,車輛撞擊部位其他,肇事因素個別,肇事因素主要,肇事逃逸,職業,共享經濟或外送平台,GPS座標X,GPS座標Y,事故類別
673,66000,387130000C,(04)23274275,(04)23288582,2025,12,2,9,14,臺中市,大里區,0,1,0,7,2,6,30,3,1,1,5,4,6,6,4,4,10,5,5,2,13,3,10,1,1,C03,7,9,1,10,2,11,,7,7,1,13,4,120.680129,24.116256,2
674,66000,387130000C,(04)23274275,(04)23288582,2025,12,2,9,15,臺中市,霧峰區,0,0,0,7,,,40,,,,,,,,,,,,,,,,,,,B03,,,1,,2,,,48,48,1,12,4,120.66282,24.062093,3
675,66000,387130000C,(04)23274275,(04)23288582,2025,12,2,9,20,臺中市,清水區,0,1,0,7,3,6,50,13,9,1,5,4,6,6,4,4,9,5,5,1,17,3,10,3,1,B03,7,2,1,8,2,3,,49,49,1,12,4,120.573721,24.27454,2
676,66000,387130000C,(04)23274275,(04)23288582,2025,12,2,9,30,臺中市,東區,0,2,0,7,2,6,50,4,1,1,5,4,6,6,2,1,10,5,5,2,17,3,10,3,1,B12,7,9,1,8,2,2,,84,84,1,12,4,120.696249,24.142803,2
677,66000,387130000C,(04)23274275,(04)23288582,2025,12,2,9,33,臺中市,西屯區,0,1,0,7,2,6,50,13,8,1,5,4,6,6,4,4,5,4,5,2,13,2,8,1,1,C03,7,9,1,10,2,11,,7,7,1,12,4,120.634546,24.172271,2
678,66000,387130000C,(04)23274275,(04)23288582,2025,12,2,9,34,臺中市,西屯區,0,2,0,7,2,6,50,4,1,1,5,4,6,6,4,4,10,5,5,2,16,2,9,1,1,C03,7,6,1,10,2,14,,48,48,1,12,4,120.646236,24.184424,2
679,66000,387130000C,(04)23274275,(04)23288582,2025,12,2,9,34,臺中市,霧峰區,0,1,0,7,2,6,30,13,9,1,5,4,6,6,4,4,5,5,5,1,12,3,10,5,4,B03,7,4,1,8,2,2,,34,34,1,12,4,120.674417,24.077732,2
680,66000,387130000C,(04)23274275,(04)23288582,2025,12,2,9,35,臺中市,西屯區,0,0,0,7,,,50,,,,,,,,,,,,,,17,,,,,B02,,,1,,2,,,8,,1,13,4,120.615266,24.183281,3
681,66000,387130000C,(04)23274275,(04)23288582,2025,12,2,9,44,臺中市,北屯區,0,1,0,7,2,6,50,4,1,1,5,4,6,6,3,3,10,5,5,2,15,2,9,1,1,C03,7,9,1,10,2,12,,15,15,1,12,4,120.68965,24.190545,2
682,66000,387130000C,(04)23274275,(04)23288582,2025,12,2,9,48,臺中市,大甲區,0,0,0,7,,,50,,,,,,,,,,,,,,,,,,,B12,,,1,,1,,,8,8,1,6,4,120.646151,24.404363,3
683,66000,387130000C,(04)23274275,(04)23288582,2025,12,2,9,52,臺中市,北區,0,2,0,7,2,6,50,13,9,1,5,4,6,6,4,4,1,3,5,2,17,2,9,2,1,C03,7,9,1,10,2,11,,84,84,1,13,4,120.684966,24.142823,2
684,66000,387130000C,(04)23274275,(04)23288582,2025,12,2,9,55,臺中市,大雅區,0,1,0,7,1,6,0,13,9,1,5,4,6,6,4,4,1,5,5,1,17,3,10,3,1,B03,7,1,1,8,2,4,,51,51,1,13,4,120.653756,24.221261,2
685,66000,387130000C,(04)23274275,(04)23288582,2025,12,2,9,55,臺中市,西屯區,0,0,0,7,,,30,,,,,,,,,,,,,,13,,,,,C03,,,1,,1,,,7,7,1,13,4,120.646236,24.184424,3
686,66000,387130000C,(04)23274275,(04)23288582,2025,12,2,9,56,臺中市,北屯區,0,0,0,7,,,50,,,,,,,,,,,,,,,,,,,B03,,,1,,1,,,50,50,1,6,4,120.687459,24.170009,3
687,66000,387130000C,(04)23274275,(04)23288582,2025,12,2,10,4,臺中市,東區,0,1,0,7,1,6,50,4,1,1,5,4,6,6,1,1,10,5,5,2,17,3,10,5,4,C03,7,9,1,10,2,15,,84,84,1,12,4,120.694457,24.147985,2
688,66000,387130000C,(04)23274275,(04)23288582,2025,12,2,10,5,臺中市,北屯區,0,1,0,7,3,6,50,4,1,1,5,4,6,6,4,4,10,5,5,2,15,2,1,1,1,C03,7,9,1,10,2,11,,12,12,1,12,4,120.687952,24.168008,2
689,66000,387130000C,(04)23274275,(04)23288582,2025,12,2,10,5,臺中市,神岡區,0,1,0,7,2,6,50,13,9,1,5,4,6,6,4,4,5,4,4,2,12,3,10,5,4,B03,7,9,1,8,2,1,,84,84,1,12,4,120.678581,24.249669,2
690,66000,387130000C,(04)23274275,(04)23288582,2025,12,2,10,7,臺中市,太平區,0,1,0,7,3,6,50,4,1,1,5,4,6,6,1,1,10,5,5,2,12,2,7,2,1,C03,7,9,1,10,2,12,,42,42,1,12,4,120.723166,24.149437,2
691,66000,387130000C,(04)23274275,(04)23288582,2025,12,2,10,9,臺中市,北區,0,2,0,7,3,6,50,4,2,1,5,4,6,6,1,1,3,2,4,2,12,2,7,5,4,C03,7,9,1,10,2,12,,42,42,1,13,4,120.674582,24.161805,2
692,66000,387130000C,(04)23274275,(04)23288582,2025,12,2,10,12,臺中市,南區,0,0,0,7,,,50,,,,,,,,,,,,,,13,,,,,B12,,,1,,1,,,7,7,1,12,4,120.679224,24.126376,3
693,66000,387130000C,(04)23274275,(04)23288582,2025,12,2,10,13,臺中市,烏日區,0,1,0,7,3,6,50,13,8,1,5,4,6,6,4,4,1,4,4,2,12,3,10,3,1,A12,7,7,1,1,2,5,,8,8,1,6,4,120.620634,24.10951,2
694,66000,387130000C,(04)23274275,(04)23288582,2025,12,2,10,20,臺中市,北屯區,0,1,0,7,2,6,40,4,2,1,5,4,6,6,2,1,5,5,4,2,17,2,8,1,1,C03,7,15,1,10,2,11,,84,84,1,12,4,120.69055,24.172645,2
695,66000,387130000C,(04)23274275,(04)23288582,2025,12,2,10,20,臺中市,北屯區,0,2,0,7,3,6,50,4,1,1,5,4,6,6,1,1,10,5,5,2,17,2,9,1,1,C03,7,9,1,10,2,11,,85,85,1,12,4,120.718558,24.170169,2
696,66000,387130000C,(04)23274275,(04)23288582,2025,12,2,10,22,臺中市,南區,0,0,0,7,,,50,,,,,,,,,,,,,,,,,,,A04,,,1,,2,,,7,7,1,12,4,120.655622,24.129884,3
697,66000,387130000C,(04)23274275,(04)23288582,2025,12,2,10,22,臺中市,西屯區,0,0,0,7,,,50,,,,,,,,,,,,,,16,,,,,B03,,,1,,1,,,14,14,1,12,4,120.615185,24.182384,3
698,66000,387130000C,(04)23274275,(04)23288582,2025,12,2,10,24,臺中市,太平區,0,2,0,7,3,6,50,13,9,1,5,4,6,6,4,4,5,4,5,1,16,2,9,1,1,C03,7,6,1,10,2,12,,39,39,1,12,4,120.716887,24.128122,2
699,66000,387130000C,(04)23274275,(04)23288582,2025,12,2,10,24,臺中市,烏日區,0,2,0,7,3,6,30,4,1,1,5,4,6,6,4,4,10,5,5,2,16,2,8,1,1,C03,7,9,1,10,2,11,14,15,15,1,12,4,120.628719,24.102643,2
700,66000,387130000C,(04)23274275,(04)23288582,2025,12,2,10,26,臺中市,南屯區,0,0,0,6,,,50,,,,,,,,,,,,,,,,,,,F01,,,7,,2,,,20,20,1,6,4,120.626739,24.116802,3
701,66000,387130000C,(04)23274275,(04)23288582,2025,12,2,10,27,臺中市,南屯區,0,1,0,7,2,6,50,13,8,1,5,4,6,6,4,4,1,4,1,2,13,2,8,2,1,C03,7,9,1,10,2,11,,7,7,1,12,4,120.623418,24.15199,2
702,66000,387130000C,(04)23274275,(04)23288582,2025,12,2,10,28,臺中市,豐原區,0,0,0,7,,,50,,,,,,,,,,,,,,16,,,,,B03,,,1,,1,,,14,14,1,12,4,120.715429,24.251751,4
703,66000,387130000C,(04)23274275,(04)23288582,2025,12,2,10,30,臺中市,沙鹿區,0,0,0,7,,,30,,,,,,,,,,,,,,17,,,,,B03,,,1,,9,,,8,8,1,6,4,120.560185,24.242343,3
704,66000,387130000C,(04)23274275,(04)23288582,2025,12,2,10,35,臺中市,南屯區,0,0,0,7,,,50,,,,,,,,,,,,,,9,,,,,F04,,,7,,10,,,68,68,1,12,4,120.649742,24.140963,3
705,66000,387130000C,(04)23274275,(04)23288582,2025,12,2,10,35,臺中市,太平區,0,0,0,7,,,50,,,,,,,,,,,,,,,,,,,B02,,,1,,2,,,7,7,1,12,4,120.730712,24.111309,3
706,66000,387130000C,(04)23274275,(04)23288582,2025,12,2,10,36,臺中市,西屯區,0,1,0,7,2,6,50,4,1,1,5,4,6,6,2,1,10,5,5,2,13,2,9,1,1,C02,7,9,1,9,2,11,,7,7,1,13,4,120.645527,24.172403,2
707,66000,387130000C,(04)23274275,(04)23288582,2025,12,2,10,41,臺中市,豐原區,0,1,0,7,3,6,60,3,1,1,5,4,6,6,1,1,1,4,4,1,17,3,10,5,4,B03,7,11,1,8,2,2,,25,25,1,12,4,120.727403,24.239126,2
708,66000,387130000C,(04)23274275,(04)23288582,2025,12,2,10,42,臺中市,烏日區,0,0,1,7,2,6,50,4,1,1,5,4,6,6,1,1,10,5,5,2,15,5,3,1,1,C03,7,9,1,10,2,11,,21,21,1,6,4,120.627608,24.110178,2
709,66000,387130000C,(04)23274275,(04)23288582,2025,12,2,10,45,臺中市,西區,0,0,0,7,,,50,,,,,,,,,,,,,,,,,,,B03,,,1,8,1,,,51,51,1,13,4,120.671238,24.145508,3
710,66000,387130000C,(04)23274275,(04)23288582,2025,12,2,10,48,臺中市,西區,0,0,0,7,,,50,,,,,,,,,,,,,,9,,,,,B03,,,1,,1,,,50,50,1,12,4,120.679136,24.138502,3
711,66000,387130000C,(04)23274275,(04)23288582,2025,12,2,10,48,臺中市,東勢區,0,1,0,7,2,6,50,13,9,1,5,4,6,6,4,4,5,5,5,2,9,3,10,3,1,A04,7,9,1,2,2,16,,84,84,1,12,4,120.832242,24.247169,2
712,66000,387130000C,(04)23274275,(04)23288582,2025,12,2,10,51,臺中市,北屯區,0,0,0,7,,,30,,,,,,,,,,,,,,11,,,,,C03,,,1,,2,,,41,41,1,12,4,120.66836,24.18514,3
713,66000,387130000C,(04)23274275,(04)23288582,2025,12,2,10,59,臺中市,北屯區,0,0,0,7,,,50,,,,,,,,,,,,,,,,,,,B12,,,1,,2,,,84,84,1,6,4,120.695623,24.166747,3
714,66000,387130000C,(04)23274275,(04)23288582,2025,12,2,11,2,臺中市,北屯區,0,1,0,7,3,6,30,13,9,1,5,4,6,6,4,4,10,5,5,2,11,3,10,1,1,C04,7,9,1,11,2,14,,4,4,1,12,4,120.667972,24.173774,2
715,66000,387130000C,(04)23274275,(04)23288582,2025,12,2,11,16,臺中市,東勢區,0,0,0,7,,,50,,,,,,,,,,,,,,,,,,,C03,,,1,,1,,,7,7,1,13,4,120.83024,24.251187,3
716,66000,387130000C,(04)23274275,(04)23288582,2025,12,2,11,25,臺中市,霧峰區,0,0,0,7,,,50,,,,,,,,,,,,,,,,,,,B03,,,1,,2,,,45,45,1,12,4,120.695964,24.062359,3
717,66000,387130000C,(04)23274275,(04)23288582,2025,12,2,11,29,臺中市,西屯區,0,0,0,7,,,50,,,,,,,,,,,,,,12,,,,,B12,,,1,,1,,,51,51,1,12,4,120.631968,24.182891,3
718,66000,387130000C,(04)23274275,(04)23288582,2025,12,2,11,33,臺中市,南屯區,0,1,0,7,2,6,50,4,1,1,5,4,6,6,2,1,5,5,5,2,16,2,8,2,1,C03,7,6,1,10,2,14,,58,58,1,12,4,120.643926,24.13815,2
719,66000,387130000C,(04)23274275,(04)23288582,2025,12,2,11,33,臺中市,西屯區,0,1,0,7,2,6,50,4,1,1,5,4,6,6,1,1,5,4,5,2,16,3,10,3,1,B03,7,6,1,8,1,1,,11,11,1,12,4,120.623828,24.177422,2
720,66000,387130000C,(04)23274275,(04)23288582,2025,12,2,11,35,臺中市,清水區,0,0,0,7,,,30,,,,,,,,,,,,,,17,,,,,B03,,,1,,2,,,12,12,1,12,4,120.596933,24.306926,3
721,66000,387130000C,(04)23274275,(04)23288582,2025,12,2,11,36,臺中市,太平區,0,0,0,7,,,50,,,,,,,,,,,,,,16,,,,,B03,,,1,,2,,,51,51,1,12,4,120.716677,24.132552,3
722,66000,387130000C,(04)23274275,(04)23288582,2025,12,2,11,36,臺中市,烏日區,0,0,0,7,,,50,,,,,,,,,,,,,,,,,,,B03,,,1,,1,,,51,51,1,12,4,120.596214,24.108658,3
723,66000,387130000C,(04)23274275,(04)23288582,2025,12,2,11,37,臺中市,南區,0,0,0,7,,,50,,,,,,,,,,,,,,16,,,,,B03,,,1,,1,,,12,12,1,12,4,120.661838,24.12149,3
724,66000,387130000C,(04)23274275,(04)23288582,2025,12,2,11,37,臺中市,沙鹿區,0,1,0,7,2,6,30,13,9,1,5,4,6,6,4,4,10,5,5,2,9,2,7,1,1,C03,7,9,1,10,2,12,,8,8,1,12,4,120.616299,24.238626,2
725,66000,387130000C,(04)23274275,(04)23288582,2025,12,2,11,39,臺中市,北屯區,0,1,0,7,3,6,80,10,7,1,5,4,6,6,4,4,1,5,5,1,12,2,7,3,1,B03,7,7,1,8,2,8,,43,43,1,5,4,120.674955,24.201174,2
726,66000,387130000C,(04)23274275,(04)23288582,2025,12,2,11,41,臺中市,太平區,0,0,0,7,,3,80,,,,,,,,,,,,,,16,,,,,B03,,,1,,1,,,40,40,1,12,4,120.714097,24.14843,3
727,66000,387130000C,(04)23274275,(04)23288582,2025,12,2,11,42,臺中市,沙鹿區,0,2,0,7,3,6,40,13,8,1,5,4,6,6,2,1,10,5,5,2,17,2,3,2,1,C03,7,9,1,10,2,11,,7,7,1,12,4,120.580123,24.217178,2
728,66000,387130000C,(04)23274275,(04)23288582,2025,12,2,11,46,臺中市,梧棲區,0,1,0,7,2,6,50,13,8,1,5,4,6,6,4,4,5,4,4,2,17,3,10,3,1,B03,7,14,1,8,2,2,,76,76,1,12,4,120.532781,24.259703,2
729,66000,387130000C,(04)23274275,(04)23288582,2025,12,2,11,47,臺中市,東區,0,2,0,7,2,6,50,4,1,1,5,4,6,6,2,1,5,4,5,2,16,2,9,2,1,C03,7,6,1,10,1,12,,48,48,1,13,4,120.692517,24.13876,2
730,66000,387130000C,(04)23274275,(04)23288582,2025,12,2,11,48,臺中市,北區,0,2,0,7,2,6,50,4,1,1,5,4,6,6,4,4,10,5,5,2,15,2,9,1,1,C03,7,9,3,19,2,11,,15,15,1,12,4,120.666755,24.160421,2
731,66000,387130000C,(04)23274275,(04)23288582,2025,12,2,11,48,臺中市,大甲區,0,0,0,7,,,50,,,,,,,,,,,,,,,,,,,B03,,,1,,2,,,8,8,1,6,4,120.627273,24.341501,3
732,66000,387130000C,(04)23274275,(04)23288582,2025,12,2,11,50,臺中市,龍井區,0,1,0,7,2,6,30,11,9,1,5,4,6,6,4,4,10,5,5,1,18,2,9,1,1,C03,7,9,1,10,2,12,,82,82,1,8,4,120.532976,24.186492,2
733,66000,387130000C,(04)23274275,(04)23288582,2025,12,2,11,50,臺中市,沙鹿區,0,0,0,7,,,50,,,,,,,,,,,,,,13,,,,,C03,,,1,,1,,,59,59,1,6,4,120.56367,24.242036,3
734,66000,387130000C,(04)23274275,(04)23288582,2025,12,2,11,51,臺中市,西區,0,1,0,7,2,6,50,4,2,5,5,4,6,6,4,4,10,5,5,2,13,2,9,1,1,C03,7,9,1,10,9,14,,84,84,1,12,4,120.659514,24.146698,2
735,66000,387130000C,(04)23274275,(04)23288582,2025,12,2,11,55,臺中市,大里區,0,0,0,7,,,50,,,,,,,,,,,,,,,,,,,B03,,,1,,9,,,59,59,1,12,4,120.695604,24.09626,3
736,66000,387130000C,(04)23274275,(04)23288582,2025,12,2,11,56,臺中市,南屯區,0,1,0,7,2,6,50,3,1,1,5,4,6,6,2,1,5,5,5,2,13,2,9,1,1,C03,7,9,1,10,2,11,,7,7,1,6,4,120.629866,24.139451,2
737,66000,387130000C,(04)23274275,(04)23288582,2025,12,2,11,57,臺中市,北屯區,0,2,0,7,3,6,50,13,9,1,5,4,6,6,4,4,10,5,5,2,17,2,9,1,1,C03,7,11,1,10,1,14,,45,45,1,12,4,120.687171,24.186431,2
738,66000,387130000C,(04)23274275,(04)23288582,2025,12,2,11,58,臺中市,南屯區,0,0,0,7,,,40,,,,,,,,,,,,,,12,,,,,B03,,,1,,2,,,51,51,1,12,4,120.632923,24.138669,3
739,66000,387130000C,(04)23274275,(04)23288582,2025,12,2,12,0,臺中市,北屯區,0,1,0,7,2,6,50,13,9,1,5,4,6,6,4,4,9,5,5,2,12,2,9,1,1,C03,7,9,1,10,2,12,,84,84,1,12,4,120.693776,24.183937,2
740,66000,387130000C,(04)23274275,(04)23288582,2025,12,2,12,0,臺中市,霧峰區,0,1,0,7,2,6,30,13,7,1,5,4,6,6,4,4,5,5,4,1,17,4,11,5,4,B03,7,1,1,8,2,8,,51,51,1,12,4,120.697965,24.05878,2
741,66000,387130000C,(04)23274275,(04)23288582,2025,12,2,12,0,臺中市,大甲區,0,0,0,7,,,40,,,,,,,,,,,,,,,,,,,B03,,,1,,1,,,49,49,1,12,4,120.626654,24.350471,4
742,66000,387130000C,(04)23274275,(04)23288582,2025,12,2,12,4,臺中市,西區,0,1,0,7,2,6,50,13,8,1,5,4,6,6,4,4,1,4,4,2,17,3,10,3,1,B03,7,1,1,8,2,15,,51,51,1,12,4,120.657463,24.135634,2
743,66000,387130000C,(04)23274275,(04)23288582,2025,12,2,12,6,臺中市,北區,0,0,0,7,,,50,,,,,,,,,,,,,,13,,,,,C03,,,1,,1,,,84,84,1,13,4,120.69581,24.15887,3
744,66000,387130000C,(04)23274275,(04)23288582,2025,12,2,12,9,臺中市,南區,0,1,0,7,2,6,50,4,1,1,5,4,6,6,2,1,2,4,5,2,12,3,10,3,1,A41,7,5,1,1,2,2,,11,11,1,13,4,120.650059,24.120652,2
745,66000,387130000C,(04)23274275,(04)23288582,2025,12,2,12,11,臺中市,西屯區,0,1,0,7,2,6,50,13,9,1,5,4,6,6,4,4,1,4,5,2,13,2,9,2,1,C03,7,9,1,10,2,11,,84,84,1,12,4,120.643604,24.171932,2
746,66000,387130000C,(04)23274275,(04)23288582,2025,12,2,12,11,臺中市,西屯區,0,0,0,7,,,50,,,,,,,,,,,,,,14,,,,,B12,,,1,,2,,,49,49,1,13,4,120.605269,24.158702,3
747,66000,387130000C,(04)23274275,(04)23288582,2025,12,2,12,12,臺中市,西屯區,0,1,0,7,2,6,30,4,1,1,5,4,6,6,4,4,10,5,5,2,16,3,10,1,1,C03,7,6,1,10,2,12,,14,14,1,12,4,120.646235,24.184359,2
748,66000,387130000C,(04)23274275,(04)23288582,2025,12,2,12,12,臺中市,豐原區,0,0,0,7,,,50,,,,,,,,,,,,,,,,,,,A11,,,1,,9,,,78,78,1,13,4,120.701062,24.247835,3
749,66000,387130000C,(04)23274275,(04)23288582,2025,12,2,12,14,臺中市,南屯區,0,0,0,7,,,50,,,,,,,,,,,,,,17,,,,,C03,,,1,,2,,,40,40,1,12,4,120.632834,24.145279,3
750,66000,387130000C,(04)23274275,(04)23288582,2025,12,2,12,14,臺中市,南屯區,0,1,0,6,2,6,50,3,9,1,5,4,6,6,4,4,5,5,5,2,16,2,9,1,1,C03,7,6,1,10,2,14,,84,84,1,6,4,120.610279,24.13677,2
751,66000,387130000C,(04)23274275,(04)23288582,2025,12,2,12,15,臺中市,西屯區,0,2,0,7,2,6,50,13,9,1,5,4,6,6,4,4,10,4,5,2,13,2,9,1,1,C03,7,9,1,10,2,11,,7,7,1,13,4,120.646886,24.15706,2
752,66000,387130000C,(04)23274275,(04)23288582,2025,12,2,12,17,臺中市,東區,0,0,0,7,,,50,,,,,,,,,,,,,,,,,,,B03,,,1,,2,,,84,84,1,12,4,120.683524,24.133198,3
753,66000,387130000C,(04)23274275,(04)23288582,2025,12,2,12,19,臺中市,西屯區,0,0,0,7,,,50,,,,,,,,,,,,,,12,,,,,B03,,,1,,2,,,51,51,1,12,4,120.65439,24.164682,3
754,66000,387130000C,(04)23274275,(04)23288582,2025,12,2,12,20,臺中市,大雅區,0,0,0,7,,,30,,,,,,,,,,,,,,,,,,,B03,,,1,,1,,,84,84,1,13,4,120.66562,24.244368,3
755,66000,387130000C,(04)23274275,(04)23288582,2025,12,2,12,25,臺中市,西屯區,0,1,0,7,2,6,50,3,1,1,5,4,6,6,4,4,5,5,5,2,30,2,9,1,1,C03,7,9,1,10,2,16,,84,84,1,12,4,120.644577,24.174075,2
756,66000,387130000C,(04)23274275,(04)23288582,2025,12,2,12,27,臺中市,梧棲區,0,1,0,7,2,6,30,4,1,1,5,4,6,6,2,1,10,5,5,2,16,2,9,1,1,C03,7,6,1,10,2,12,,23,23,1,12,4,120.553955,24.248118,2
757,66000,387130000C,(04)23274275,(04)23288582,2025,12,2,12,28,臺中市,北屯區,0,1,0,7,2,6,50,13,9,1,5,4,6,6,4,4,5,4,5,2,13,2,9,1,1,C03,7,9,1,10,2,11,,7,7,1,12,4,120.736074,24.177953,2
758,66000,387130000C,(04)23274275,(04)23288582,2025,12,2,12,28,臺中市,西屯區,0,2,0,7,2,6,30,4,1,1,5,4,6,6,4,4,10,5,5,2,15,2,9,5,4,C03,7,9,1,10,2,14,,12,12,1,13,4,120.644916,24.175473,2
759,66000,387130000C,(04)23274275,(04)23288582,2025,12,2,12,30,臺中市,東區,0,1,0,7,2,6,50,4,9,1,5,4,6,6,4,4,5,5,5,2,17,2,7,3,1,B03,7,9,1,8,2,3,,20,20,1,12,4,120.708697,24.135597,2
760,66000,387130000C,(04)23274275,(04)23288582,2025,12,2,12,33,臺中市,南區,0,1,0,7,3,6,50,13,8,1,5,4,6,6,4,4,1,4,4,2,9,3,10,3,2,A04,7,9,1,2,2,2,,84,84,1,12,4,120.654248,24.114849,2
761,66000,387130000C,(04)23274275,(04)23288582,2025,12,2,12,34,臺中市,北屯區,0,0,0,7,,,50,,,,,,,,,,,,,,,,,,,B03,,,1,,1,,,51,51,1,6,4,120.666716,24.178682,3
762,66000,387130000C,(04)23274275,(04)23288582,2025,12,2,12,36,臺中市,西屯區,0,0,0,7,,,50,,,,,,,,,,,,,,12,,,,,B03,,,1,,1,,,59,59,1,12,4,120.651391,24.206462,3
763,66000,387130000C,(04)23274275,(04)23288582,2025,12,2,12,39,臺中市,大里區,0,1,0,7,3,6,50,13,9,1,5,4,6,6,4,4,9,5,5,1,16,2,9,1,1,C03,7,9,3,19,2,12,,84,84,1,13,4,120.710882,24.090936,2
764,66000,387130000C,(04)23274275,(04)23288582,2025,12,2,12,42,臺中市,大雅區,0,1,0,7,3,6,50,3,2,1,5,4,6,6,4,4,10,4,5,1,12,2,8,5,4,C03,7,9,1,10,2,14,,7,7,1,12,4,120.649259,24.227,2
765,66000,387130000C,(04)23274275,(04)23288582,2025,12,2,12,48,臺中市,北區,0,1,0,7,2,6,50,13,9,1,5,4,6,6,4,4,5,4,5,2,12,3,10,3,1,B03,7,5,1,1,2,5,,84,84,1,13,4,120.686354,24.152437,2
766,66000,387130000C,(04)23274275,(04)23288582,2025,12,2,12,50,臺中市,大里區,0,0,0,7,,3,50,,,,,,,,,,,,,,17,,,,,B03,,,1,,2,,,84,84,1,12,4,120.699786,24.114551,3
767,66000,387130000C,(04)23274275,(04)23288582,2025,12,2,12,51,臺中市,西屯區,0,0,0,7,,,50,,,,,,,,,,,,,,13,,,,,B03,,,1,,1,,,59,59,1,12,4,120.602556,24.182716,3
768,66000,387130000C,(04)23274275,(04)23288582,2025,12,2,12,52,臺中市,北屯區,0,2,0,7,3,6,50,4,1,1,5,4,6,6,1,1,10,5,5,2,16,2,9,1,1,C03,7,9,1,9,2,11,,84,84,1,12,4,120.694478,24.173564,2
769,66000,387130000C,(04)23274275,(04)23288582,2025,12,2,12,55,臺中市,西區,0,0,0,7,,,30,,,,,,,,,,,,,,,,,,,B12,,,1,,1,,,84,84,1,12,4,120.661794,24.152972,3
770,66000,387130000C,(04)23274275,(04)23288582,2025,12,2,13,0,臺中市,太平區,0,0,0,7,,,50,,,,,,,,,,,,,,,,,,,C03,,,1,,2,,,6,6,1,12,4,120.724353,24.14957,3
771,66000,387130000C,(04)23274275,(04)23288582,2025,12,2,13,0,臺中市,太平區,0,2,0,7,2,6,50,13,9,1,5,4,6,6,4,4,3,4,5,2,16,2,9,2,1,C03,7,1,5,19,2,13,,51,51,1,12,4,120.723521,24.15125,2
772,66000,387130000C,(04)23274275,(04)23288582,2025,12,2,13,0,臺中市,沙鹿區,0,0,0,7,,,30,,,,,,,,,,,,,,,,,,,B03,,,1,,2,,,41,41,1,6,4,120.56647,24.242751,4
773,66000,387130000C,(04)23274275,(04)23288582,2025,12,2,13,2,臺中市,梧棲區,0,1,0,7,2,6,50,3,9,1,5,4,6,6,4,4,5,5,5,1,16,3,10,3,1,B03,7,11,1,8,2,4,,45,45,1,12,4,120.537429,24.24493,2
774,66000,387130000C,(04)23274275,(04)23288582,2025,12,2,13,3,臺中市,南屯區,0,0,0,7,,,50,,,,,,,,,,,,,,17,,,,,B03,,,1,,1,,,40,40,1,6,4,120.622683,24.140998,3
775,66000,387130000C,(04)23274275,(04)23288582,2025,12,2,13,4,臺中市,太平區,0,1,0,7,2,6,50,13,7,1,5,4,6,6,4,4,5,5,4,1,13,2,1,3,1,B03,7,9,1,8,2,8,4,7,7,1,12,4,120.728598,24.150132,2
776,66000,387130000C,(04)23274275,(04)23288582,2025,12,2,13,5,臺中市,西屯區,0,1,0,7,2,6,50,13,7,1,5,4,6,6,4,4,10,5,4,2,18,2,9,1,1,C03,7,9,1,10,2,14,,84,84,1,13,4,120.663257,24.176622,2
777,66000,387130000C,(04)23274275,(04)23288582,2025,12,2,13,6,臺中市,太平區,0,0,0,7,,,30,,,,,,,,,,,,,,28,,,,,,,,,,,,,118,118,1,,5,120.724281,24.156202,3
778,66000,387130000C,(04)23274275,(04)23288582,2025,12,2,13,11,臺中市,西區,0,0,0,7,,,50,,,,,,,,,,,,,,,,,,,C03,,,1,,2,,,34,34,1,12,4,120.654989,24.15336,3
779,66000,387130000C,(04)23274275,(04)23288582,2025,12,2,13,12,臺中市,大里區,0,1,0,7,2,6,50,13,9,1,5,4,6,6,4,4,5,4,5,1,12,2,9,1,1,C03,7,8,1,10,2,13,,40,40,1,13,4,120.673004,24.114878,2
780,66000,387130000C,(04)23274275,(04)23288582,2025,12,2,13,13,臺中市,太平區,0,1,0,7,2,6,50,3,2,1,5,4,6,6,1,1,10,5,5,2,24,3,10,1,1,C03,7,5,1,10,2,11,,84,84,1,12,4,120.718824,24.12678,2
781,66000,387130000C,(04)23274275,(04)23288582,2025,12,2,13,15,臺中市,豐原區,0,1,0,7,2,6,50,4,1,1,5,4,6,6,2,1,5,4,4,2,18,2,9,1,1,C03,7,5,1,10,1,16,,54,54,1,12,2,120.714492,24.251001,2
782,66000,387130000C,(04)23274275,(04)23288582,2025,12,2,13,18,臺中市,西屯區,0,1,0,7,2,6,40,3,2,1,5,4,6,6,2,1,10,5,5,2,16,3,10,3,1,B03,7,5,1,8,2,5,,47,47,1,12,4,120.647733,24.195912,2
783,66000,387130000C,(04)23274275,(04)23288582,2025,12,2,13,18,臺中市,梧棲區,0,1,0,7,2,6,50,4,1,1,5,4,6,6,4,4,10,5,5,2,15,3,10,3,1,B03,7,9,1,8,2,7,,12,12,1,12,4,120.541074,24.256356,2