序號,縣市別代碼,機關代碼,市話,傳真,年,月,日,時,分,縣市,區,死亡數量,受傷數量,2-30,天候,道路照明設備,道路類別,道路速限,道路型態,事故位置,路面鋪裝,路面狀態,路面缺陷,障礙物,視距,號誌種類,號誌動作,分向設施,快車道或一般車道間,快慢車道間,路面邊線,事故類型及型態,受傷程度,主要傷處,保護裝備,行動電話或功能裝置,當事者區分(類別),車輛用途,當事者行動狀態,駕照狀態,駕照種類,飲酒情形,車輛撞擊部位最初,車輛撞擊部位其他,肇事因素個別,肇事因素主要,肇事逃逸,職業,共享經濟或外送平台,GPS座標X,GPS座標Y,事故類別
784,66000,387130000C,(04)23274275,(04)23288582,2025,12,2,13,18,臺中市,豐原區,0,0,0,7,,,50,,,,,,,,,,,,,,17,,,,,C03,,,1,,2,,,49,49,1,12,4,120.716937,24.251789,3
785,66000,387130000C,(04)23274275,(04)23288582,2025,12,2,13,26,臺中市,大雅區,0,0,0,7,,,50,,,,,,,,,,,,,,,,,,,B03,,,1,,1,,,14,14,1,12,4,120.659797,24.207608,3
786,66000,387130000C,(04)23274275,(04)23288582,2025,12,2,13,26,臺中市,南屯區,0,0,0,7,3,6,50,13,9,1,5,4,6,6,1,1,3,2,5,2,23,,,,,B03,,,1,,2,,,59,59,1,12,4,120.637245,24.151656,3
787,66000,387130000C,(04)23274275,(04)23288582,2025,12,2,13,27,臺中市,西屯區,0,0,0,7,,,30,,,,,,,,,,,,,,11,,,,,C03,,,1,,1,,,8,8,1,12,4,120.645414,24.173737,3
788,66000,387130000C,(04)23274275,(04)23288582,2025,12,2,13,27,臺中市,沙鹿區,0,0,0,7,,,50,,,,,,,,,,,,,,16,,,,,A11,,,1,,2,,,47,47,1,6,4,120.558532,24.229482,3
789,66000,387130000C,(04)23274275,(04)23288582,2025,12,2,13,28,臺中市,東區,0,0,0,7,,,50,,,,,,,,,,,,,,13,,,,,A12,,,1,,1,,,84,84,1,13,4,120.710662,24.142323,3
790,66000,387130000C,(04)23274275,(04)23288582,2025,12,2,13,29,臺中市,西屯區,0,0,0,7,,,50,,,,,,,,,,,,,,12,,,,,B03,,,1,,2,,,42,42,1,13,4,120.614653,24.189519,3
791,66000,387130000C,(04)23274275,(04)23288582,2025,12,2,13,30,臺中市,東區,0,1,0,7,2,6,50,3,1,1,5,4,6,6,4,4,10,5,5,2,16,3,10,3,1,B03,7,5,1,8,2,2,,14,14,1,12,4,120.685565,24.129659,2
792,66000,387130000C,(04)23274275,(04)23288582,2025,12,2,13,37,臺中市,北屯區,0,2,0,7,3,6,30,4,1,1,5,4,6,6,1,1,10,5,5,2,17,3,10,3,1,B11,7,9,1,8,2,2,,12,12,1,12,4,120.695257,24.162438,2
793,66000,387130000C,(04)23274275,(04)23288582,2025,12,2,13,40,臺中市,大雅區,0,0,0,7,,,50,,,,,,,,,,,,,,,,,,,B12,,,1,,1,,,20,20,1,13,4,120.629595,24.208695,3
794,66000,387130000C,(04)23274275,(04)23288582,2025,12,2,13,41,臺中市,西屯區,0,1,0,7,2,6,30,3,1,1,5,4,6,3,4,4,10,5,5,2,16,3,10,3,1,B03,7,6,1,8,2,1,,14,14,1,12,4,120.614392,24.182241,2
795,66000,387130000C,(04)23274275,(04)23288582,2025,12,2,13,48,臺中市,北屯區,0,0,0,7,,,50,,,,,,,,,,,,,,12,,,,,B03,,,1,,1,,,84,84,1,12,4,120.726877,24.176516,3
796,66000,387130000C,(04)23274275,(04)23288582,2025,12,2,13,48,臺中市,西屯區,0,2,0,7,2,6,50,4,1,1,5,4,6,6,4,4,10,5,5,2,16,2,9,1,1,C03,7,5,1,10,2,14,,14,14,1,12,4,120.646491,24.171388,2
797,66000,387130000C,(04)23274275,(04)23288582,2025,12,2,13,51,臺中市,西區,0,1,0,7,2,6,50,4,1,1,5,4,6,6,1,1,10,5,5,2,17,3,10,3,1,B03,7,6,1,8,2,8,4,85,85,1,12,4,120.667815,24.140159,2
798,66000,387130000C,(04)23274275,(04)23288582,2025,12,2,13,53,臺中市,北屯區,0,1,0,7,2,6,50,4,1,1,5,4,6,6,2,1,10,5,5,2,16,3,10,3,1,B03,7,5,1,8,2,2,,8,8,1,12,4,120.686368,24.186822,2
799,66000,387130000C,(04)23274275,(04)23288582,2025,12,2,13,55,臺中市,太平區,0,0,0,7,,,30,,,,,,,,,,,,,,,,,,,C03,,,1,,1,,,49,49,1,12,4,120.731505,24.109921,3
800,66000,387130000C,(04)23274275,(04)23288582,2025,12,2,13,59,臺中市,烏日區,0,0,0,7,,,30,,,,,,,,,,,,,,14,,,,,B12,,,1,,2,,,49,49,1,6,4,120.645742,24.109952,3
801,66000,387130000C,(04)23274275,(04)23288582,2025,12,2,14,0,臺中市,西區,0,1,0,7,2,6,50,4,1,1,5,4,6,6,4,4,10,5,5,2,15,2,9,2,1,C03,7,9,1,10,2,11,,15,15,1,12,4,120.658099,24.155919,2
802,66000,387130000C,(04)23274275,(04)23288582,2025,12,2,14,0,臺中市,西屯區,0,0,0,7,,,40,,,,,,,,,,,,,,16,,,,,B03,,,5,,2,,,8,8,1,12,4,120.61548,24.173883,3
803,66000,387130000C,(04)23274275,(04)23288582,2025,12,2,14,0,臺中市,霧峰區,0,0,0,7,,,60,,,,,,,,,,,,,,,,,,,B03,,,1,,2,,,51,51,1,12,4,120.695182,24.061245,3
804,66000,387130000C,(04)23274275,(04)23288582,2025,12,2,14,0,臺中市,龍井區,0,1,0,7,2,6,30,12,9,1,5,4,6,6,4,4,10,5,5,2,11,2,9,1,1,C03,7,9,1,10,1,11,,41,41,1,6,4,120.579699,24.183902,2
805,66000,387130000C,(04)23274275,(04)23288582,2025,12,2,14,5,臺中市,太平區,0,0,0,7,,,30,,,,,,,,,,,,,,9,,,,,B03,,,1,,9,,,8,8,1,12,4,120.709637,24.127201,3
806,66000,387130000C,(04)23274275,(04)23288582,2025,12,2,14,8,臺中市,北區,0,1,0,7,2,6,50,13,9,1,5,4,6,6,1,1,5,5,5,2,12,3,10,3,1,B03,7,9,1,8,2,5,,84,84,1,12,4,120.68061,24.149217,2
807,66000,387130000C,(04)23274275,(04)23288582,2025,12,2,14,12,臺中市,大肚區,0,0,0,7,,,50,,,,,,,,,,,,,,24,,,,,B03,,,1,,2,,,87,87,1,6,4,120.579648,24.168636,3
808,66000,387130000C,(04)23274275,(04)23288582,2025,12,2,14,13,臺中市,東區,0,0,0,7,,,50,,,,,,,,,,,,,,,,,,,C03,,,1,,2,,,84,84,1,13,4,120.697296,24.147958,3
809,66000,387130000C,(04)23274275,(04)23288582,2025,12,2,14,15,臺中市,太平區,0,0,0,7,,,30,,,,,,,,,,,,,,14,,,,,B02,,,1,,2,,,49,49,1,12,4,120.710456,24.151954,3
810,66000,387130000C,(04)23274275,(04)23288582,2025,12,2,14,18,臺中市,神岡區,0,1,0,7,2,6,50,13,14,1,5,4,6,6,4,4,9,5,5,1,12,3,10,5,4,B03,7,3,1,8,2,2,,50,50,1,12,4,120.658765,24.277256,2
811,66000,387130000C,(04)23274275,(04)23288582,2025,12,2,14,25,臺中市,北區,0,0,0,7,,,50,,,,,,,,,,,,,,17,,,,,B03,,,1,,1,,,59,59,1,12,4,120.684763,24.151569,3
812,66000,387130000C,(04)23274275,(04)23288582,2025,12,2,14,25,臺中市,北區,0,1,0,7,2,6,50,4,1,1,5,4,6,6,4,4,9,5,5,2,17,2,9,5,1,C03,7,9,1,10,2,11,,7,7,1,13,4,120.682431,24.162113,2
813,66000,387130000C,(04)23274275,(04)23288582,2025,12,2,14,32,臺中市,南區,0,1,0,7,2,6,50,4,1,1,5,4,6,6,4,4,10,5,5,2,15,3,10,3,1,B03,7,9,1,8,2,1,,15,15,1,12,4,120.654754,24.124528,2
814,66000,387130000C,(04)23274275,(04)23288582,2025,12,2,14,40,臺中市,大雅區,0,0,0,7,,,50,,,,,,,,,,,,,,,,,,,B12,,,1,,2,,,78,78,1,12,4,120.644815,24.210935,3
815,66000,387130000C,(04)23274275,(04)23288582,2025,12,2,14,40,臺中市,大里區,0,0,0,7,,,50,,,,,,,,,,,,,,17,,,,,B03,,,1,,2,,,7,7,1,12,4,120.680444,24.104575,3
816,66000,387130000C,(04)23274275,(04)23288582,2025,12,2,14,40,臺中市,龍井區,0,0,0,7,,,30,,,,,,,,,,,,,,16,,,,,C03,,,1,,2,,,12,12,1,6,4,120.595052,24.186894,3
817,66000,387130000C,(04)23274275,(04)23288582,2025,12,2,14,45,臺中市,大雅區,0,1,0,7,3,6,50,3,1,1,5,4,6,6,1,1,4,5,5,1,17,3,10,5,4,B03,7,6,1,8,2,6,,11,11,1,13,4,120.670128,24.224239,2
818,66000,387130000C,(04)23274275,(04)23288582,2025,12,2,14,45,臺中市,西屯區,0,1,0,7,2,6,50,3,9,1,5,4,6,6,4,4,5,4,5,2,13,3,10,3,1,B12,7,9,1,6,2,8,,59,59,1,12,4,120.620971,24.186807,2
819,66000,387130000C,(04)23274275,(04)23288582,2025,12,2,14,47,臺中市,北區,0,1,0,7,3,6,50,3,1,1,5,4,6,6,4,4,5,5,4,2,17,3,10,3,1,B03,7,6,1,8,2,8,,84,84,1,12,4,120.676057,24.172894,2
820,66000,387130000C,(04)23274275,(04)23288582,2025,12,2,14,47,臺中市,梧棲區,0,1,0,7,2,6,50,4,2,1,5,4,6,6,1,1,10,5,5,2,15,3,10,3,1,B03,7,9,1,8,2,1,,21,21,1,12,4,120.539961,24.234434,2
821,66000,387130000C,(04)23274275,(04)23288582,2025,12,2,14,50,臺中市,北屯區,0,2,0,7,3,6,50,4,1,1,5,4,6,6,2,1,10,5,5,2,16,2,9,3,1,B03,7,5,1,4,2,2,,26,26,1,6,4,120.699695,24.182708,2
822,66000,387130000C,(04)23274275,(04)23288582,2025,12,2,14,50,臺中市,太平區,0,1,0,7,2,6,50,11,9,1,5,4,1,6,4,4,1,4,5,2,24,2,8,1,1,C03,7,9,1,10,2,11,,84,84,1,12,4,120.717217,24.136342,2
823,66000,387130000C,(04)23274275,(04)23288582,2025,12,2,14,50,臺中市,大甲區,0,0,0,7,,,50,,,,,,,,,,,,,,,,,,,B03,,,1,,2,,,85,85,1,12,4,120.663721,24.401573,3
824,66000,387130000C,(04)23274275,(04)23288582,2025,12,2,15,0,臺中市,后里區,0,0,0,7,,,50,,,,,,,,,,,,,,25,,,,,B12,,,1,,9,,,59,59,1,12,4,120.726408,24.301424,3
825,66000,387130000C,(04)23274275,(04)23288582,2025,12,2,15,0,臺中市,后里區,0,0,0,7,,,50,,,,,,,,,,,,,,30,,,,,A12,,,1,,9,,,49,49,2,12,4,120.711257,24.302851,3
826,66000,387130000C,(04)23274275,(04)23288582,2025,12,2,15,1,臺中市,霧峰區,0,2,0,7,2,6,60,13,7,1,5,4,6,6,4,4,3,4,4,1,17,2,9,3,1,A04,7,15,1,2,2,1,,84,84,1,13,4,120.692347,24.040623,2
827,66000,387130000C,(04)23274275,(04)23288582,2025,12,2,15,3,臺中市,西屯區,0,0,0,7,,,30,,,,,,,,,,,,,,17,,,,,B03,,,1,,2,,,84,84,1,12,4,120.618524,24.177394,3
828,66000,387130000C,(04)23274275,(04)23288582,2025,12,2,15,4,臺中市,霧峰區,0,2,0,7,2,6,40,4,1,1,5,4,6,6,1,1,10,5,5,2,15,3,10,3,1,B03,7,9,1,8,2,8,,21,21,1,13,4,120.694902,24.065962,2
829,66000,387130000C,(04)23274275,(04)23288582,2025,12,2,15,6,臺中市,西區,0,1,0,7,2,6,50,13,9,1,5,4,6,6,4,4,7,5,5,2,17,3,10,3,1,B12,7,6,1,8,2,1,,84,84,1,12,4,120.673967,24.143104,2
830,66000,387130000C,(04)23274275,(04)23288582,2025,12,2,15,7,臺中市,潭子區,0,1,0,7,2,6,30,3,2,1,5,4,6,6,4,4,10,5,5,2,18,2,9,2,1,C03,7,5,1,10,2,16,,59,59,1,13,4,120.719891,24.194005,2
831,66000,387130000C,(04)23274275,(04)23288582,2025,12,2,15,11,臺中市,北區,0,0,0,7,,,50,,,,,,,,,,,,,,14,,,,,B12,,,1,,1,,,50,50,1,12,4,120.677482,24.153979,3
832,66000,387130000C,(04)23274275,(04)23288582,2025,12,2,15,11,臺中市,西屯區,0,0,0,7,,,40,,,,,,,,,,,,,,13,,,,,G03,,,1,,1,,,59,59,1,12,4,120.644352,24.165736,3
833,66000,387130000C,(04)23274275,(04)23288582,2025,12,2,15,15,臺中市,潭子區,0,1,0,7,3,6,50,4,1,1,5,4,6,6,1,1,3,4,5,1,13,2,1,2,1,C03,7,9,1,10,2,11,,7,7,1,13,4,120.721696,24.208753,2
834,66000,387130000C,(04)23274275,(04)23288582,2025,12,2,15,15,臺中市,大雅區,0,1,0,7,3,6,50,3,2,1,5,4,6,6,1,1,4,3,5,1,17,2,9,1,4,C03,7,9,1,10,2,11,,7,7,1,13,4,120.644609,24.221421,2
835,66000,387130000C,(04)23274275,(04)23288582,2025,12,2,15,15,臺中市,西屯區,0,0,0,7,,,50,,,,,,,,,,,,,,13,,,,,B02,,,1,,1,,,59,59,1,12,4,120.622373,24.179493,3
836,66000,387130000C,(04)23274275,(04)23288582,2025,12,2,15,16,臺中市,梧棲區,0,0,0,7,,,,,,,,,,,,,,,,,17,,,,,,,,,,,,,119,119,1,,,120.542443,24.247855,3
837,66000,387130000C,(04)23274275,(04)23288582,2025,12,2,15,17,臺中市,西屯區,0,1,0,7,2,6,30,3,2,1,5,4,6,6,4,4,10,5,5,2,14,3,10,5,4,B12,7,2,1,8,2,7,,49,49,1,13,4,120.625668,24.200672,2
838,66000,387130000C,(04)23274275,(04)23288582,2025,12,2,15,18,臺中市,豐原區,0,2,0,7,2,6,40,3,1,1,5,4,6,6,1,1,5,4,5,1,16,2,9,2,1,C03,7,6,1,10,2,11,14,48,48,1,12,4,120.724101,24.221817,2
839,66000,387130000C,(04)23274275,(04)23288582,2025,12,2,15,21,臺中市,沙鹿區,0,0,0,7,,,60,,,,,,,,,,,,,,,,,,,B12,,,1,,1,,,82,82,1,6,4,120.561033,24.208645,3
840,66000,387130000C,(04)23274275,(04)23288582,2025,12,2,15,23,臺中市,東區,0,0,0,7,,,50,,,,,,,,,,,,,,13,,,,,B03,,,1,,1,,,7,7,1,12,4,120.684858,24.135132,3
841,66000,387130000C,(04)23274275,(04)23288582,2025,12,2,15,26,臺中市,太平區,0,1,0,7,2,6,50,4,1,1,5,4,6,6,4,4,10,5,5,2,17,3,10,3,1,B01,7,6,1,4,2,8,,12,12,1,12,4,120.732397,24.129316,2
842,66000,387130000C,(04)23274275,(04)23288582,2025,12,2,15,27,臺中市,和平區,0,0,0,6,,,30,,,,,,,,,,,,,,1,,,,,B02,,,1,,2,,,8,8,1,6,4,121.24302,24.232449,3
843,66000,387130000C,(04)23274275,(04)23288582,2025,12,2,15,30,臺中市,北區,0,1,0,7,2,6,50,4,2,1,5,4,6,6,1,1,5,4,5,2,17,2,9,5,1,F03,7,5,7,21,2,14,,85,85,1,13,4,120.670463,24.159052,2
844,66000,387130000C,(04)23274275,(04)23288582,2025,12,2,15,32,臺中市,大雅區,0,0,0,7,,,0,,,,,,,,,,,,,,,,,,,B12,,,1,,2,,,50,50,1,12,4,120.65321,24.219526,3
845,66000,387130000C,(04)23274275,(04)23288582,2025,12,2,15,40,臺中市,北屯區,0,0,0,7,,,50,,,,,,,,,,,,,,13,,,,,B03,,,1,,1,,,7,7,1,13,4,120.694038,24.17106,3
846,66000,387130000C,(04)23274275,(04)23288582,2025,12,2,15,43,臺中市,烏日區,0,0,0,7,,,30,,,,,,,,,,,,,,12,,,,,B03,,,1,,2,,,51,51,1,6,4,120.616372,24.110954,3
847,66000,387130000C,(04)23274275,(04)23288582,2025,12,2,15,45,臺中市,大里區,0,0,0,7,,,30,,,,,,,,,,,,,,17,,,,,B03,,,1,,1,,,84,84,1,6,4,120.701046,24.083359,4
848,66000,387130000C,(04)23274275,(04)23288582,2025,12,2,15,47,臺中市,西屯區,0,2,0,7,2,6,30,3,9,1,5,4,6,6,4,4,10,5,5,2,15,2,7,2,1,C03,7,9,1,10,2,11,,6,6,1,5,4,120.612534,24.196161,2
849,66000,387130000C,(04)23274275,(04)23288582,2025,12,2,15,52,臺中市,南區,0,1,0,7,2,6,50,4,1,1,5,4,6,6,2,1,3,4,5,2,17,3,10,3,1,B03,7,5,1,8,2,5,,11,11,1,12,4,120.679229,24.119258,2
850,66000,387130000C,(04)23274275,(04)23288582,2025,12,2,15,54,臺中市,北屯區,0,2,0,7,2,6,50,3,2,1,5,4,6,6,2,1,1,4,5,2,12,2,9,1,1,C03,7,9,1,10,2,11,,8,8,1,12,4,120.699383,24.175675,2
851,66000,387130000C,(04)23274275,(04)23288582,2025,12,2,15,59,臺中市,烏日區,0,1,0,7,3,6,50,3,19,1,5,4,6,6,3,1,5,5,4,2,3,3,10,3,1,B03,7,9,1,8,2,8,,10,10,1,6,4,120.636682,24.110774,2
852,66000,387130000C,(04)23274275,(04)23288582,2025,12,2,16,0,臺中市,龍井區,0,0,0,7,,,30,,,,,,,,,,,,,,14,,,,,B12,,,1,,1,,,49,49,1,6,4,120.59274,24.181459,3
853,66000,387130000C,(04)23274275,(04)23288582,2025,12,2,16,2,臺中市,沙鹿區,0,0,0,7,,,50,,,,,,,,,,,,,,13,,,,,B03,,,1,,1,,,49,49,1,6,4,120.567692,24.206074,3
854,66000,387130000C,(04)23274275,(04)23288582,2025,12,2,16,3,臺中市,豐原區,0,2,0,7,2,6,50,3,9,1,5,4,6,6,2,1,5,5,5,1,17,2,8,1,1,C03,7,15,1,10,2,11,,39,39,1,12,4,120.729915,24.2479,2
855,66000,387130000C,(04)23274275,(04)23288582,2025,12,2,16,4,臺中市,大肚區,0,0,0,7,,,50,,,,,,,,,,,,,,13,,,,,A21,,,1,,1,,,59,59,1,6,4,120.548573,24.152308,3
856,66000,387130000C,(04)23274275,(04)23288582,2025,12,2,16,5,臺中市,沙鹿區,0,1,0,7,2,6,40,13,8,1,5,4,6,6,4,4,10,5,5,1,18,2,8,2,1,C03,7,9,1,10,2,14,,84,84,1,6,4,120.569922,24.23577,2
857,66000,387130000C,(04)23274275,(04)23288582,2025,12,2,16,6,臺中市,龍井區,0,0,0,7,,,50,,,,,,,,,,,,,,,,,,,B03,,,1,,1,,,8,8,1,12,4,120.547651,24.193146,3
858,66000,387130000C,(04)23274275,(04)23288582,2025,12,2,16,8,臺中市,西屯區,0,0,0,7,,,50,,,,,,,,,,,,,,16,,,,,B03,,,3,,1,,,12,12,1,12,4,120.641372,24.159706,3
859,66000,387130000C,(04)23274275,(04)23288582,2025,12,2,16,12,臺中市,后里區,0,0,0,7,,,50,,,,,,,,,,,,,,13,,,,,B12,,,1,,1,,,84,84,1,12,4,120.72131,24.303012,3
860,66000,387130000C,(04)23274275,(04)23288582,2025,12,2,16,14,臺中市,北屯區,0,0,0,7,,,50,,,,,,,,,,,,,,,,,,,B12,,,1,,2,,,84,84,1,12,4,120.709187,24.164542,3
861,66000,387130000C,(04)23274275,(04)23288582,2025,12,2,16,14,臺中市,龍井區,0,1,0,7,2,6,50,18,9,1,5,4,6,6,4,4,9,5,5,2,17,2,9,1,1,C03,7,15,1,10,2,11,,83,83,1,6,4,120.573865,24.185589,2
862,66000,387130000C,(04)23274275,(04)23288582,2025,12,2,16,15,臺中市,潭子區,0,0,0,7,,,50,,,,,,,,,,,,,,,,,,,B02,,,1,,2,,,39,39,1,13,4,120.702268,24.201045,3
863,66000,387130000C,(04)23274275,(04)23288582,2025,12,2,16,16,臺中市,太平區,0,0,0,7,,,0,,,,,,,,,,,,,,,,,,,B12,,,1,,2,,,49,49,1,12,4,120.71008,24.130922,3
864,66000,387130000C,(04)23274275,(04)23288582,2025,12,2,16,17,臺中市,南屯區,0,1,0,7,2,6,50,13,9,1,5,4,6,6,4,4,8,3,5,1,17,2,9,1,1,C03,7,8,1,10,2,14,,40,40,1,12,4,120.646471,24.141156,2
865,66000,387130000C,(04)23274275,(04)23288582,2025,12,2,16,17,臺中市,北屯區,0,1,0,7,2,6,50,4,1,1,5,4,6,6,1,1,10,5,5,2,16,3,10,3,1,B03,7,5,1,8,2,5,,20,20,1,6,4,120.694284,24.164883,2
866,66000,387130000C,(04)23274275,(04)23288582,2025,12,2,16,19,臺中市,北區,0,1,0,7,2,6,50,4,1,1,5,4,6,6,1,1,10,5,5,2,17,3,10,5,4,B03,7,15,1,8,2,1,,84,84,1,13,4,120.670606,24.169923,2
867,66000,387130000C,(04)23274275,(04)23288582,2025,12,2,16,26,臺中市,太平區,0,1,0,7,2,6,30,4,2,1,5,4,6,6,4,4,10,5,5,2,17,3,10,1,1,C03,7,6,1,10,2,11,,48,48,1,12,4,120.71805,24.151213,2
868,66000,387130000C,(04)23274275,(04)23288582,2025,12,2,16,26,臺中市,豐原區,0,2,0,7,3,6,30,11,9,1,5,4,6,6,4,4,10,5,5,2,17,2,8,2,1,C03,7,6,1,10,2,14,,20,20,1,13,4,120.722105,24.252359,2
869,66000,387130000C,(04)23274275,(04)23288582,2025,12,2,16,27,臺中市,東區,0,1,0,7,1,6,50,4,1,1,5,4,6,6,1,1,9,4,5,2,12,3,10,3,1,B03,7,5,1,8,2,2,,47,47,1,12,4,120.708692,24.142722,2
870,66000,387130000C,(04)23274275,(04)23288582,2025,12,2,16,30,臺中市,西屯區,0,0,0,7,,,50,,,,,,,,,,,,,,17,,,,,,,,,,,,,119,119,1,,,120.647784,24.159198,3
871,66000,387130000C,(04)23274275,(04)23288582,2025,12,2,16,35,臺中市,清水區,0,1,0,7,3,6,50,13,9,1,5,4,6,6,4,4,9,4,5,1,17,3,10,3,1,B03,7,1,1,8,2,4,8,51,51,1,12,4,120.55997,24.264096,2
872,66000,387130000C,(04)23274275,(04)23288582,2025,12,2,16,38,臺中市,清水區,0,0,0,7,2,6,50,,6,1,5,4,6,6,1,4,8,3,4,1,13,,,,,E05,,,1,,1,,,7,7,1,12,4,120.567496,24.270464,3
873,66000,387130000C,(04)23274275,(04)23288582,2025,12,2,16,43,臺中市,北區,0,1,0,7,3,6,50,5,9,1,5,4,6,6,2,1,1,2,5,2,17,3,10,3,1,B03,7,9,1,8,2,8,,84,84,1,12,4,120.68614,24.154576,2
874,66000,387130000C,(04)23274275,(04)23288582,2025,12,2,16,43,臺中市,外埔區,0,1,0,7,2,6,50,11,12,1,5,4,6,6,4,4,5,4,4,1,18,2,9,1,1,C03,7,9,1,10,2,14,,84,84,1,12,4,120.64567,24.337443,2
875,66000,387130000C,(04)23274275,(04)23288582,2025,12,2,16,44,臺中市,豐原區,0,0,0,7,,,30,,,,,,,,,,,,,,14,,,,,B03,,,1,,2,,,49,49,1,12,4,120.725845,24.245542,3
876,66000,387130000C,(04)23274275,(04)23288582,2025,12,2,16,45,臺中市,西屯區,0,1,0,7,2,6,50,13,8,1,5,4,6,6,1,1,1,4,5,2,13,3,10,5,4,B12,7,9,1,8,2,1,,59,59,1,12,4,120.659952,24.201137,2
877,66000,387130000C,(04)23274275,(04)23288582,2025,12,2,16,45,臺中市,大甲區,0,0,0,7,,,50,,,,,,,,,,,,,,,,,,,B12,,,1,,2,,,49,49,1,6,4,120.691667,24.366792,3
878,66000,387130000C,(04)23274275,(04)23288582,2025,12,2,16,46,臺中市,豐原區,0,0,0,7,,,30,,,,,,,,,,,,,,12,,,,,C03,,,1,,2,,,51,51,1,6,4,120.70184,24.232111,3
879,66000,387130000C,(04)23274275,(04)23288582,2025,12,2,16,50,臺中市,沙鹿區,0,0,0,7,,,50,,,,,,,,,,,,,,14,,,,,B03,,,1,,2,,,49,49,1,6,4,120.564397,24.206756,3
880,66000,387130000C,(04)23274275,(04)23288582,2025,12,2,16,52,臺中市,清水區,0,0,0,7,,,70,,,,,,,,,,,,,,,,,,,B03,,,1,,10,,,59,59,1,12,4,120.581727,24.282821,4
881,66000,387130000C,(04)23274275,(04)23288582,2025,12,2,16,55,臺中市,大雅區,0,0,0,7,,,50,,,,,,,,,,,,,,,,,,,B03,,,1,,2,,,7,7,1,13,4,120.641082,24.219279,3
882,66000,387130000C,(04)23274275,(04)23288582,2025,12,2,16,56,臺中市,大里區,0,1,0,7,1,6,30,13,12,1,5,4,6,6,4,4,5,5,4,1,17,3,10,3,1,B03,7,14,1,8,2,4,,76,76,1,12,4,120.688668,24.106394,2
883,66000,387130000C,(04)23274275,(04)23288582,2025,12,2,16,57,臺中市,南屯區,0,0,0,7,,,50,,,,,,,,,,,,,,,,,,,B03,,,1,,1,,,1,1,1,13,4,120.632356,24.145477,3
884,66000,387130000C,(04)23274275,(04)23288582,2025,12,2,16,57,臺中市,神岡區,0,1,0,7,1,6,1,13,9,1,5,4,6,6,4,4,9,5,5,1,30,,,,,,,,,,,,,119,119,1,,,120.712969,24.258685,2
885,66000,387130000C,(04)23274275,(04)23288582,2025,12,2,16,58,臺中市,南屯區,0,1,0,7,3,6,50,4,1,1,5,4,6,6,2,1,10,5,5,2,16,2,8,1,1,C03,7,9,1,10,2,11,12,21,21,1,6,4,120.632324,24.145533,2
886,66000,387130000C,(04)23274275,(04)23288582,2025,12,2,17,2,臺中市,西屯區,0,0,0,7,,,50,,,,,,,,,,,,,,13,,,,,B02,,,1,,1,,,7,7,1,13,4,120.609218,24.15576,3
887,66000,387130000C,(04)23274275,(04)23288582,2025,12,2,17,3,臺中市,龍井區,0,0,0,7,,,50,,,,,,,,,,,,,,13,,,,,B03,,,1,,1,,,7,7,1,6,4,120.584242,24.181973,3
888,66000,387130000C,(04)23274275,(04)23288582,2025,12,2,17,5,臺中市,烏日區,0,0,0,7,1,6,60,13,7,1,5,4,6,6,1,1,1,4,1,1,13,3,10,3,1,B03,7,9,1,1,2,4,,39,39,1,6,4,120.647707,24.078933,3
889,66000,387130000C,(04)23274275,(04)23288582,2025,12,2,17,7,臺中市,西區,0,0,0,7,,,50,,,,,,,,,,,,,,,,,,,B03,,,1,,2,,,21,21,1,12,4,120.666736,24.141067,3
890,66000,387130000C,(04)23274275,(04)23288582,2025,12,2,17,7,臺中市,北屯區,0,0,0,7,,,50,,,,,,,,,,,,,,13,,,,,A05,,,1,,1,,,84,84,1,12,4,120.676148,24.201318,3
891,66000,387130000C,(04)23274275,(04)23288582,2025,12,2,17,9,臺中市,東勢區,0,2,0,7,1,6,50,3,2,1,5,4,6,6,4,4,10,5,5,2,17,2,9,2,1,C03,7,9,5,19,2,11,,85,85,1,12,4,120.806436,24.283976,2
892,66000,387130000C,(04)23274275,(04)23288582,2025,12,2,17,12,臺中市,沙鹿區,0,1,0,6,1,6,60,3,2,1,5,4,6,6,1,1,3,3,3,1,17,3,10,5,4,B03,7,5,1,8,2,2,,38,38,1,13,4,120.55599,24.212673,2
893,66000,387130000C,(04)23274275,(04)23288582,2025,12,2,17,14,臺中市,潭子區,0,0,0,7,,,50,,,,,,,,,,,,,,,,,,,B03,,,1,,2,,,51,51,1,13,4,120.722621,24.203852,3
894,66000,387130000C,(04)23274275,(04)23288582,2025,12,2,17,15,臺中市,大雅區,0,0,0,7,,,,,,,,,,,,,,,,,,,,,,,,,,,,,,86,86,1,,,120.645429,24.221915,3
895,66000,387130000C,(04)23274275,(04)23288582,2025,12,2,17,17,臺中市,太平區,0,2,0,7,2,6,50,4,1,1,5,4,6,6,1,1,5,5,5,1,16,2,9,2,1,C03,7,6,1,10,2,12,,48,48,1,12,4,120.724754,24.14192,2
896,66000,387130000C,(04)23274275,(04)23288582,2025,12,2,17,18,臺中市,西區,0,0,0,7,,,50,,,,,,,,,,,,,,17,,,,,A11,,,1,,9,,,84,84,1,12,4,120.672678,24.149793,3
897,66000,387130000C,(04)23274275,(04)23288582,2025,12,2,17,18,臺中市,太平區,0,0,0,7,,,50,,,,,,,,,,,,,,,,,,,B03,,,1,,2,,,84,84,1,12,4,120.711693,24.133979,3