序號,縣市別代碼,機關代碼,市話,傳真,年,月,日,時,分,縣市,區,死亡數量,受傷數量,2-30,天候,道路照明設備,道路類別,道路速限,道路型態,事故位置,路面鋪裝,路面狀態,路面缺陷,障礙物,視距,號誌種類,號誌動作,分向設施,快車道或一般車道間,快慢車道間,路面邊線,事故類型及型態,受傷程度,主要傷處,保護裝備,行動電話或功能裝置,當事者區分(類別),車輛用途,當事者行動狀態,駕照狀態,駕照種類,飲酒情形,車輛撞擊部位最初,車輛撞擊部位其他,肇事因素個別,肇事因素主要,肇事逃逸,職業,共享經濟或外送平台,GPS座標X,GPS座標Y,事故類別
898,66000,387130000C,(04)23274275,(04)23288582,2025,12,2,17,20,臺中市,神岡區,0,1,0,7,1,6,50,4,1,1,5,4,6,6,1,1,10,5,5,2,16,3,10,5,4,B03,7,6,1,8,2,6,,11,11,1,12,4,120.677642,24.26489,2
899,66000,387130000C,(04)23274275,(04)23288582,2025,12,2,17,21,臺中市,西屯區,0,0,0,7,,,50,,,,,,,,,,,,,,17,,,,,B12,,,1,,9,,,49,49,1,12,4,120.661668,24.174771,3
900,66000,387130000C,(04)23274275,(04)23288582,2025,12,2,17,24,臺中市,南屯區,0,0,0,7,3,6,50,13,9,1,5,4,6,6,4,4,5,5,5,2,14,,,,,B03,,,1,,2,,,49,49,1,12,4,120.647458,24.147634,3
901,66000,387130000C,(04)23274275,(04)23288582,2025,12,2,17,25,臺中市,大安區,0,2,0,7,1,6,50,3,9,1,5,4,6,6,3,1,6,3,5,1,12,2,9,1,1,C03,7,6,3,19,2,12,,24,24,1,12,4,120.610982,24.348142,2
902,66000,387130000C,(04)23274275,(04)23288582,2025,12,2,17,28,臺中市,北屯區,0,0,0,7,,,50,,,,,,,,,,,,,,12,,,,,B03,,,1,,1,,,13,13,1,12,4,120.675004,24.182224,3
903,66000,387130000C,(04)23274275,(04)23288582,2025,12,2,17,29,臺中市,潭子區,0,0,0,7,,,50,,,,,,,,,,,,,,,,,,,B03,,,1,,2,,,8,8,1,13,4,120.712253,24.213752,3
904,66000,387130000C,(04)23274275,(04)23288582,2025,12,2,17,31,臺中市,大里區,0,0,0,7,,,50,,,,,,,,,,,,,,12,,,,,B03,,,1,,2,,,2,2,1,13,4,120.696671,24.111174,3
905,66000,387130000C,(04)23274275,(04)23288582,2025,12,2,17,32,臺中市,霧峰區,0,0,0,6,,,60,,,,,,,,,,,,,,17,,,,,B01,,,1,,2,,,40,40,1,13,4,120.694667,24.051227,3
906,66000,387130000C,(04)23274275,(04)23288582,2025,12,2,17,32,臺中市,新社區,0,0,0,7,,,50,,,,,,,,,,,,,,,,,,,B03,,,1,,1,,,26,26,1,13,4,120.80817,24.243312,3
907,66000,387130000C,(04)23274275,(04)23288582,2025,12,2,17,33,臺中市,南區,0,1,0,7,1,6,50,13,9,5,5,2,1,6,4,4,10,5,5,2,18,2,9,2,1,C03,7,6,1,10,2,16,,84,84,1,6,4,120.64917,24.113563,2
908,66000,387130000C,(04)23274275,(04)23288582,2025,12,2,17,34,臺中市,西屯區,0,1,0,7,1,6,50,13,9,1,5,4,6,6,4,4,1,4,5,2,16,2,9,1,1,C03,7,7,1,10,2,13,,40,40,1,12,4,120.660761,24.172209,2
909,66000,387130000C,(04)23274275,(04)23288582,2025,12,2,17,35,臺中市,龍井區,0,1,0,7,1,6,50,3,1,1,5,4,6,6,4,4,5,5,5,1,17,2,9,1,1,C03,7,9,1,10,2,12,,7,7,1,12,4,120.548498,24.191636,2
910,66000,387130000C,(04)23274275,(04)23288582,2025,12,2,17,35,臺中市,沙鹿區,0,1,0,7,2,6,50,13,9,1,5,4,6,6,4,4,9,5,4,2,17,2,8,1,1,C03,7,1,1,10,2,14,,51,51,1,6,4,120.566434,24.202631,2
911,66000,387130000C,(04)23274275,(04)23288582,2025,12,2,17,36,臺中市,東區,0,1,0,7,1,6,50,4,1,1,5,4,6,6,2,1,10,5,5,2,17,2,8,1,1,C03,7,6,1,9,2,12,,11,11,1,12,4,120.697231,24.147921,2
912,66000,387130000C,(04)23274275,(04)23288582,2025,12,2,17,37,臺中市,西屯區,0,0,0,7,,,60,,,,,,,,,,,,,,13,,,,,B03,,,1,,2,,,59,59,1,12,4,120.629119,24.163402,3
913,66000,387130000C,(04)23274275,(04)23288582,2025,12,2,17,37,臺中市,梧棲區,0,0,0,7,,,50,,,,,,,,,,,,,,11,,,,,B03,,,1,,9,,,8,8,1,12,4,120.557718,24.257473,3
914,66000,387130000C,(04)23274275,(04)23288582,2025,12,2,17,38,臺中市,大甲區,0,1,0,7,1,6,40,4,9,1,5,4,6,6,1,1,6,3,5,1,11,3,10,3,1,B03,7,6,1,8,2,6,,48,48,1,12,4,120.626427,24.349455,2
915,66000,387130000C,(04)23274275,(04)23288582,2025,12,2,17,38,臺中市,豐原區,0,1,0,7,1,6,50,4,3,1,5,4,6,6,2,1,1,4,4,2,30,2,8,5,4,C03,7,14,1,10,2,14,,85,85,1,12,4,120.718323,24.236812,2
916,66000,387130000C,(04)23274275,(04)23288582,2025,12,2,17,40,臺中市,大肚區,0,0,0,7,,,50,,,,,,,,,,,,,,12,,,,,B03,,,1,,2,,,8,8,1,6,4,120.543763,24.152051,3
917,66000,387130000C,(04)23274275,(04)23288582,2025,12,2,17,41,臺中市,西屯區,0,1,0,7,1,6,50,4,1,1,5,4,6,4,1,1,8,4,5,1,16,2,9,5,4,C03,7,6,1,10,2,14,,39,39,1,13,4,120.606241,24.161786,2
918,66000,387130000C,(04)23274275,(04)23288582,2025,12,2,17,42,臺中市,南區,0,1,0,7,1,6,50,13,12,1,5,4,6,6,4,4,9,4,5,2,12,2,8,1,1,C03,7,9,1,10,2,12,,8,8,1,12,4,120.689684,24.131121,2
919,66000,387130000C,(04)23274275,(04)23288582,2025,12,2,17,45,臺中市,大雅區,0,0,0,7,,,50,,,,,,,,,,,,,,,,,,,B03,,,1,,1,,,7,7,1,12,4,120.650504,24.219019,3
920,66000,387130000C,(04)23274275,(04)23288582,2025,12,2,17,45,臺中市,大甲區,0,0,0,7,,,50,,,,,,,,,,,,,,,,,,,B02,,,1,,2,,,7,7,1,6,4,120.619476,24.346437,3
921,66000,387130000C,(04)23274275,(04)23288582,2025,12,2,17,46,臺中市,清水區,0,0,0,7,1,6,70,13,7,1,5,4,6,6,4,4,8,3,3,1,13,,,,,B03,,,1,,1,,,7,7,1,12,4,120.590005,24.303904,3
922,66000,387130000C,(04)23274275,(04)23288582,2025,12,2,17,47,臺中市,東區,0,0,0,7,,,50,,,,,,,,,,,,,,17,,,,,C03,,,1,,1,,,40,40,1,12,4,120.701519,24.125184,3
923,66000,387130000C,(04)23274275,(04)23288582,2025,12,2,17,47,臺中市,北屯區,0,0,0,7,,,30,,,,,,,,,,,,,,15,,,,,C03,,,1,,1,,,13,13,1,13,4,120.690111,24.170513,3
924,66000,387130000C,(04)23274275,(04)23288582,2025,12,2,17,47,臺中市,北屯區,0,1,0,7,1,6,40,3,19,1,5,4,6,6,2,1,10,5,5,2,3,3,10,2,1,C03,7,9,1,10,2,11,,10,10,1,12,4,120.682627,24.173685,2
925,66000,387130000C,(04)23274275,(04)23288582,2025,12,2,17,47,臺中市,西屯區,0,1,0,7,1,3,80,13,7,1,5,4,6,6,4,4,3,4,5,2,13,2,7,5,4,B03,7,9,1,8,1,1,,7,7,1,12,4,120.636247,24.183251,2
926,66000,387130000C,(04)23274275,(04)23288582,2025,12,2,17,47,臺中市,霧峰區,0,0,0,6,,,30,,,,,,,,,,,,,,17,,,,,C03,,,1,,2,,,7,7,1,13,4,120.687862,24.052214,3
927,66000,387130000C,(04)23274275,(04)23288582,2025,12,2,17,48,臺中市,北屯區,0,0,0,7,,,50,,,,,,,,,,,,,,13,,,,,B03,,,1,,1,,,82,82,1,6,4,120.67616,24.198925,3
928,66000,387130000C,(04)23274275,(04)23288582,2025,12,2,17,50,臺中市,東區,0,2,0,7,1,6,50,4,2,1,5,4,6,6,2,1,5,5,4,2,13,2,9,1,1,C03,7,9,1,10,2,11,,7,7,1,12,4,120.700809,24.144574,2
929,66000,387130000C,(04)23274275,(04)23288582,2025,12,2,17,50,臺中市,西屯區,0,0,0,7,,,50,,,,,,,,,,,,,,14,,,,,B03,,,1,,1,,,49,49,1,12,4,120.636101,24.171093,3
930,66000,387130000C,(04)23274275,(04)23288582,2025,12,2,17,57,臺中市,南屯區,0,0,0,7,,,50,,,,,,,,,,,,,,13,,,,,B03,,,1,,1,,,7,7,1,6,4,120.622311,24.150029,3
931,66000,387130000C,(04)23274275,(04)23288582,2025,12,2,17,59,臺中市,東區,0,0,0,7,,,50,,,,,,,,,,,,,,,,,,,B03,,,1,,1,,,7,7,1,6,4,120.68856,24.142929,3
932,66000,387130000C,(04)23274275,(04)23288582,2025,12,2,17,59,臺中市,沙鹿區,0,0,0,7,,,50,,,,,,,,,,,,,,,,,,,C03,,,1,,1,,,7,7,1,6,4,120.573642,24.19718,4
933,66000,387130000C,(04)23274275,(04)23288582,2025,12,2,18,0,臺中市,潭子區,0,0,0,6,,,50,,,,,,,,,,,,,,,,,,,C03,,,1,,2,,,6,6,1,13,4,120.706743,24.210244,3
934,66000,387130000C,(04)23274275,(04)23288582,2025,12,2,18,0,臺中市,神岡區,0,0,0,7,,,30,,,,,,,,,,,,,,14,,,,,B03,,,3,,3,,,49,49,1,12,4,120.688867,24.256508,3
935,66000,387130000C,(04)23274275,(04)23288582,2025,12,2,18,1,臺中市,霧峰區,0,1,0,7,2,6,50,13,9,1,5,4,6,6,4,4,9,4,5,2,17,3,10,3,1,B02,7,1,1,8,2,8,,51,51,1,13,4,120.705258,24.076223,2
936,66000,387130000C,(04)23274275,(04)23288582,2025,12,2,18,2,臺中市,太平區,0,0,0,7,,,50,,,,,,,,,,,,,,17,,,,,C03,,,1,,2,,,84,84,1,12,4,120.719255,24.117635,3
937,66000,387130000C,(04)23274275,(04)23288582,2025,12,2,18,3,臺中市,東區,0,1,0,7,1,6,50,4,2,1,5,4,6,6,1,1,10,4,5,2,16,3,10,1,1,F01,7,11,7,21,2,12,,39,39,1,12,1,120.689049,24.134062,2
938,66000,387130000C,(04)23274275,(04)23288582,2025,12,2,18,4,臺中市,南屯區,0,1,0,7,1,6,50,13,9,1,5,4,6,6,1,1,5,5,4,2,13,2,7,1,1,C03,7,9,1,10,1,11,,7,7,1,12,4,120.649925,24.155768,2
939,66000,387130000C,(04)23274275,(04)23288582,2025,12,2,18,4,臺中市,太平區,0,2,0,7,1,6,30,4,1,1,5,4,6,6,4,4,5,5,5,2,15,2,9,2,1,C03,7,9,1,10,2,12,,15,15,1,12,4,120.712812,24.141165,2
940,66000,387130000C,(04)23274275,(04)23288582,2025,12,2,18,7,臺中市,烏日區,0,1,0,7,1,6,60,13,7,1,5,4,6,6,4,4,1,4,4,1,17,2,9,3,1,B03,7,9,1,4,2,1,,7,7,1,6,4,120.606402,24.108709,2
941,66000,387130000C,(04)23274275,(04)23288582,2025,12,2,18,8,臺中市,南屯區,0,0,0,7,1,6,50,13,9,1,5,4,6,6,1,1,1,4,1,2,12,,,,,B03,,,1,,1,,,7,7,1,12,4,120.623896,24.152128,3
942,66000,387130000C,(04)23274275,(04)23288582,2025,12,2,18,14,臺中市,潭子區,0,0,0,7,,,50,,,,,,,,,,,,,,,,,,,F01,,,1,,2,,,36,36,1,13,4,120.705135,24.207131,3
943,66000,387130000C,(04)23274275,(04)23288582,2025,12,2,18,14,臺中市,北屯區,0,0,0,7,,,50,,,,,,,,,,,,,,13,,,,,B03,,,1,,9,,,56,56,1,6,4,120.686331,24.20287,3
944,66000,387130000C,(04)23274275,(04)23288582,2025,12,2,18,14,臺中市,大里區,0,2,0,7,1,6,50,3,2,1,5,4,6,6,4,4,5,5,5,1,13,2,8,1,1,C03,7,9,1,10,2,11,,7,7,1,6,4,120.687917,24.100961,2
945,66000,387130000C,(04)23274275,(04)23288582,2025,12,2,18,14,臺中市,大里區,0,0,0,7,,,50,,,,,,,,,,,,,,13,,,,,B03,,,1,,2,,,59,59,1,6,4,120.688276,24.094107,3
946,66000,387130000C,(04)23274275,(04)23288582,2025,12,2,18,21,臺中市,大里區,0,0,0,7,,,50,,,,,,,,,,,,,,13,,,,,C03,,,1,,1,,,7,7,1,13,4,120.696002,24.087686,3
947,66000,387130000C,(04)23274275,(04)23288582,2025,12,2,18,25,臺中市,南屯區,0,1,0,7,1,6,50,13,9,1,5,4,6,6,4,4,9,4,5,2,17,2,9,1,1,C03,7,9,1,10,2,16,,85,85,1,12,4,120.612963,24.148859,2
948,66000,387130000C,(04)23274275,(04)23288582,2025,12,2,18,27,臺中市,豐原區,0,1,0,7,1,6,50,3,1,1,5,4,6,6,4,4,10,5,5,2,17,3,10,3,1,B03,7,11,1,8,2,1,,48,48,1,13,4,120.71126,24.242683,2
949,66000,387130000C,(04)23274275,(04)23288582,2025,12,2,18,28,臺中市,南區,0,0,0,7,,,50,,,,,,,,,,,,,,17,,,,,B03,,,1,,1,,,40,40,1,12,4,120.670127,24.112672,3
950,66000,387130000C,(04)23274275,(04)23288582,2025,12,2,18,28,臺中市,北屯區,0,0,0,7,,,50,,,,,,,,,,,,,,12,,,,,B03,,,1,,1,,,85,85,1,12,4,120.670689,24.19982,3
951,66000,387130000C,(04)23274275,(04)23288582,2025,12,2,18,28,臺中市,西屯區,0,0,0,7,,,50,,,,,,,,,,,,,,13,,,,,B03,,,1,,1,,,59,59,1,12,4,120.615876,24.190194,3
952,66000,387130000C,(04)23274275,(04)23288582,2025,12,2,18,29,臺中市,南區,0,1,0,7,1,6,50,4,1,1,5,4,6,6,1,1,10,5,5,2,17,3,10,1,1,C03,7,6,1,10,2,11,,11,11,1,12,4,120.656793,24.117345,2
953,66000,387130000C,(04)23274275,(04)23288582,2025,12,2,18,29,臺中市,北屯區,0,1,0,7,1,6,50,4,1,1,5,4,6,6,2,1,10,5,5,2,12,2,9,1,1,C03,7,15,1,10,2,12,,42,42,1,13,4,120.692782,24.162224,2
954,66000,387130000C,(04)23274275,(04)23288582,2025,12,2,18,31,臺中市,南屯區,0,1,0,7,1,6,50,3,1,1,5,4,6,6,4,4,9,5,5,2,17,3,10,3,1,B03,7,11,1,8,2,4,,45,45,1,13,4,120.639287,24.133515,2
955,66000,387130000C,(04)23274275,(04)23288582,2025,12,2,18,31,臺中市,北屯區,0,1,0,7,1,6,50,13,9,1,5,4,6,6,4,4,8,5,5,2,13,2,3,2,1,C03,7,9,1,10,2,11,,7,7,1,12,4,120.68886,24.176955,2
956,66000,387130000C,(04)23274275,(04)23288582,2025,12,2,18,36,臺中市,南屯區,0,0,0,7,,,50,,,,,,,,,,,,,,17,,,,,B03,,,1,,1,,,84,84,1,12,4,120.636272,24.151529,3
957,66000,387130000C,(04)23274275,(04)23288582,2025,12,2,18,37,臺中市,清水區,0,0,0,7,,,70,,,,,,,,,,,,,,,,,,,B03,,,1,,11,,,8,8,1,12,4,120.593727,24.304296,3
958,66000,387130000C,(04)23274275,(04)23288582,2025,12,2,18,41,臺中市,東區,0,2,0,7,2,6,50,3,1,1,5,4,6,6,2,1,5,4,4,2,16,2,9,2,1,C03,7,6,1,10,2,12,,11,11,1,6,4,120.695021,24.138829,2
959,66000,387130000C,(04)23274275,(04)23288582,2025,12,2,18,43,臺中市,東區,0,2,0,7,1,6,50,4,1,1,5,4,6,6,1,1,9,4,5,2,12,2,9,1,1,C03,7,5,1,10,2,12,14,47,47,1,12,4,120.687838,24.140098,2
960,66000,387130000C,(04)23274275,(04)23288582,2025,12,2,18,48,臺中市,大肚區,0,0,0,7,,,50,,,,,,,,,,,,,,13,,,,,B03,,,1,,11,,,7,7,1,6,4,120.544536,24.154241,3
961,66000,387130000C,(04)23274275,(04)23288582,2025,12,2,18,50,臺中市,西區,0,1,0,7,1,6,50,4,2,1,5,4,6,6,1,1,5,4,5,2,13,2,9,2,1,C03,7,9,1,10,9,11,,59,59,1,12,4,120.671945,24.135089,2
962,66000,387130000C,(04)23274275,(04)23288582,2025,12,2,18,54,臺中市,西屯區,0,1,0,7,1,6,30,13,9,1,5,4,6,6,4,4,10,5,5,2,9,2,9,6,5,H01,8,16,7,21,10,17,,109,109,1,4,5,120.638827,24.180171,2
963,66000,387130000C,(04)23274275,(04)23288582,2025,12,2,18,57,臺中市,沙鹿區,0,2,0,6,1,6,30,5,2,1,5,4,6,6,4,4,8,3,5,2,17,2,9,5,4,C03,7,9,1,10,2,11,,12,12,1,13,4,120.571739,24.226463,2
964,66000,387130000C,(04)23274275,(04)23288582,2025,12,2,19,0,臺中市,西區,0,1,0,7,1,6,50,5,1,1,5,4,6,6,1,1,10,5,5,2,17,2,9,1,1,C03,7,9,1,10,2,14,,84,84,1,12,4,120.668696,24.132099,2
965,66000,387130000C,(04)23274275,(04)23288582,2025,12,2,19,5,臺中市,大雅區,0,0,0,7,,,50,,,,,,,,,,,,,,,,,,,A04,,,1,,2,,,84,84,1,12,4,120.649022,24.22612,3
966,66000,387130000C,(04)23274275,(04)23288582,2025,12,2,19,6,臺中市,大里區,0,0,0,6,,,30,,,,,,,,,,,,,,18,,,,,B03,,,1,,11,,,84,84,2,13,4,120.71156,24.088151,3
967,66000,387130000C,(04)23274275,(04)23288582,2025,12,2,19,7,臺中市,東區,0,0,0,7,,,30,,,,,,,,,,,,,,17,,,,,,,,,,,,,85,85,1,,,120.700175,24.132956,4
968,66000,387130000C,(04)23274275,(04)23288582,2025,12,2,19,9,臺中市,豐原區,0,1,0,7,1,6,50,3,1,1,5,4,6,6,4,4,10,5,5,2,17,3,10,3,1,B12,7,11,5,19,2,4,,45,45,1,13,4,120.714126,24.239556,2
969,66000,387130000C,(04)23274275,(04)23288582,2025,12,2,19,14,臺中市,南屯區,0,0,0,7,1,6,30,13,9,1,5,4,6,6,4,4,10,5,5,2,14,,,,,B12,,,1,,2,,,49,49,1,12,4,120.637174,24.139953,3
970,66000,387130000C,(04)23274275,(04)23288582,2025,12,2,19,18,臺中市,豐原區,0,0,0,7,,,50,,,,,,,,,,,,,,13,,,,,B03,,,5,,2,,,84,84,1,6,4,120.744874,24.264994,3
971,66000,387130000C,(04)23274275,(04)23288582,2025,12,2,19,20,臺中市,太平區,0,1,0,7,1,6,50,13,9,1,5,4,6,6,4,4,9,4,5,2,11,3,10,3,1,B03,7,9,1,8,2,7,,85,85,1,6,4,120.718507,24.142219,2
972,66000,387130000C,(04)23274275,(04)23288582,2025,12,2,19,22,臺中市,霧峰區,0,0,0,7,,,50,,,,,,,,,,,,,,13,,,,,C03,,,1,,2,,,7,7,1,13,4,120.687042,24.054202,3
973,66000,387130000C,(04)23274275,(04)23288582,2025,12,2,19,25,臺中市,沙鹿區,0,1,0,7,2,6,0,13,9,1,5,4,6,6,4,4,9,5,5,2,9,3,10,3,1,B03,7,1,1,8,2,8,,59,59,1,6,4,120.565857,24.235635,2
974,66000,387130000C,(04)23274275,(04)23288582,2025,12,2,19,29,臺中市,龍井區,0,0,0,7,,,50,,,,,,,,,,,,,,14,,,,,B03,,,1,,1,,,49,49,1,6,4,120.584578,24.183194,3
975,66000,387130000C,(04)23274275,(04)23288582,2025,12,2,19,30,臺中市,西屯區,0,1,0,7,1,6,50,13,9,1,5,4,6,6,4,4,5,5,5,2,12,3,10,5,4,C03,7,9,1,10,2,11,,59,59,1,13,4,120.654301,24.171633,2
976,66000,387130000C,(04)23274275,(04)23288582,2025,12,2,19,33,臺中市,南屯區,0,0,0,7,1,6,50,13,9,1,5,4,6,6,4,4,3,4,5,2,12,,,,,B02,,,1,,1,,,85,85,1,12,4,120.623068,24.149719,3
977,66000,387130000C,(04)23274275,(04)23288582,2025,12,2,19,34,臺中市,大里區,0,2,0,7,1,6,50,13,9,1,5,4,6,6,4,4,9,5,5,1,16,2,7,2,1,C03,7,6,1,10,2,14,,42,42,1,12,4,120.716493,24.08589,2
978,66000,387130000C,(04)23274275,(04)23288582,2025,12,2,19,37,臺中市,南區,0,1,0,7,1,6,50,13,8,1,5,4,6,6,4,4,9,5,4,2,17,2,7,1,1,C03,7,9,3,19,2,12,,84,84,1,12,4,120.676945,24.124381,2
979,66000,387130000C,(04)23274275,(04)23288582,2025,12,2,19,40,臺中市,西區,0,0,0,7,,,50,,,,,,,,,,,,,,13,,,,,B03,,,1,,1,,,7,7,1,12,4,120.671273,24.142614,3
980,66000,387130000C,(04)23274275,(04)23288582,2025,12,2,19,40,臺中市,沙鹿區,0,1,0,7,1,6,50,13,7,1,5,4,6,6,4,4,5,5,4,2,17,3,10,3,1,B03,7,1,1,8,2,8,,51,51,1,6,4,120.570744,24.243318,2
981,66000,387130000C,(04)23274275,(04)23288582,2025,12,2,19,44,臺中市,大里區,0,0,0,6,,,40,,,,,,,,,,,,,,18,,,,,C03,,,1,,2,,,7,7,1,13,4,120.697248,24.08402,3
982,66000,387130000C,(04)23274275,(04)23288582,2025,12,2,19,48,臺中市,大里區,0,1,0,7,2,6,50,4,2,1,5,4,6,6,4,4,10,5,5,2,17,2,9,6,1,F01,7,15,7,21,2,11,,7,7,1,13,4,120.700205,24.092158,2
983,66000,387130000C,(04)23274275,(04)23288582,2025,12,2,19,50,臺中市,烏日區,0,0,0,7,,,70,,,,,,,,,,,,,,12,,,,,B03,,,1,,1,,,8,8,1,6,4,120.60366,24.109706,3
984,66000,387130000C,(04)23274275,(04)23288582,2025,12,2,19,54,臺中市,北區,0,0,0,7,,,30,,,,,,,,,,,,,,16,,,,,B03,,,1,,1,,,47,47,1,13,4,120.680762,24.147516,3
985,66000,387130000C,(04)23274275,(04)23288582,2025,12,2,20,5,臺中市,太平區,0,0,0,7,,,50,,,,,,,,,,,,,,14,,,,,A12,,,1,,2,,,84,84,1,12,4,120.722979,24.14929,3
986,66000,387130000C,(04)23274275,(04)23288582,2025,12,2,20,6,臺中市,南屯區,0,0,0,7,,,50,,,,,,,,,,,,,,13,,,,,B03,,,1,,1,,,59,59,1,12,4,120.647758,24.152335,3
987,66000,387130000C,(04)23274275,(04)23288582,2025,12,2,20,8,臺中市,豐原區,0,1,0,7,1,6,50,5,1,1,5,4,6,6,2,1,5,5,4,2,11,3,10,1,1,C03,7,6,1,10,2,11,,11,11,1,12,4,120.717556,24.251925,2
988,66000,387130000C,(04)23274275,(04)23288582,2025,12,2,20,12,臺中市,北屯區,0,1,0,7,1,6,50,3,1,1,5,4,6,6,4,4,10,5,5,2,16,3,10,3,1,B03,7,5,1,8,2,5,,14,14,1,12,4,120.707691,24.185775,2
989,66000,387130000C,(04)23274275,(04)23288582,2025,12,2,20,18,臺中市,梧棲區,0,0,0,7,,,50,,,,,,,,,,,,,,15,,,,,B03,,,1,,1,,,21,21,1,12,4,120.534774,24.257705,3
990,66000,387130000C,(04)23274275,(04)23288582,2025,12,2,20,20,臺中市,南區,0,0,0,7,,,50,,,,,,,,,,,,,,,,,,,B03,,,1,,2,,,49,49,1,6,4,120.684116,24.131982,3
991,66000,387130000C,(04)23274275,(04)23288582,2025,12,2,20,20,臺中市,沙鹿區,0,1,0,6,1,6,60,4,19,1,5,4,6,6,1,1,3,3,3,1,9,3,10,5,4,B03,7,6,1,8,2,1,,10,10,1,13,4,120.597437,24.250143,2
992,66000,387130000C,(04)23274275,(04)23288582,2025,12,2,20,23,臺中市,南屯區,0,0,0,7,,,50,,,,,,,,,,,,,,12,,,,,B12,,,1,,1,,,2,2,1,6,4,120.623661,24.150182,3
993,66000,387130000C,(04)23274275,(04)23288582,2025,12,2,20,25,臺中市,西屯區,0,1,0,7,1,6,0,13,21,1,5,4,6,6,4,4,10,5,5,2,17,3,10,5,4,B03,7,1,1,8,2,1,,51,51,1,12,4,120.608636,24.183961,2
994,66000,387130000C,(04)23274275,(04)23288582,2025,12,2,20,35,臺中市,大雅區,0,0,0,7,,,70,,,,,,,,,,,,,,,,,,,B03,,,1,,2,,,45,45,1,13,4,120.63806,24.233573,3
995,66000,387130000C,(04)23274275,(04)23288582,2025,12,2,20,36,臺中市,大甲區,0,1,0,7,1,6,50,4,1,1,5,4,6,6,2,1,10,5,5,2,17,2,9,5,4,C03,7,15,1,10,2,12,,42,42,1,6,4,120.627743,24.346602,2
996,66000,387130000C,(04)23274275,(04)23288582,2025,12,2,20,45,臺中市,西屯區,0,0,0,7,,,40,,,,,,,,,,,,,,14,,,,,B03,,,1,,2,,,49,49,1,12,4,120.668731,24.177863,3
997,66000,387130000C,(04)23274275,(04)23288582,2025,12,2,20,46,臺中市,大甲區,0,1,0,7,1,6,50,13,9,1,5,4,6,6,4,4,5,5,5,1,28,2,9,5,4,C03,7,9,1,10,2,15,,84,84,1,6,4,120.611236,24.347924,2
998,66000,387130000C,(04)23274275,(04)23288582,2025,12,2,20,46,臺中市,豐原區,0,0,0,7,,,50,,,,,,,,,,,,,,,,,,,B03,,,1,,2,,,7,7,1,13,4,120.718872,24.249641,3
999,66000,387130000C,(04)23274275,(04)23288582,2025,12,2,20,47,臺中市,西屯區,0,0,0,7,,,60,,,,,,,,,,,,,,13,,,,,B03,,,1,,1,,,59,59,1,12,4,120.643712,24.201633,3
1000,66000,387130000C,(04)23274275,(04)23288582,2025,12,2,20,49,臺中市,太平區,0,1,0,7,1,6,50,13,7,1,5,4,6,6,1,1,5,2,4,1,13,3,10,3,1,B03,7,9,1,8,2,8,,84,84,1,6,4,120.713909,24.145059,2
1001,66000,387130000C,(04)23274275,(04)23288582,2025,12,2,21,9,臺中市,北屯區,0,1,0,6,1,6,50,3,1,1,5,4,6,6,1,1,10,5,5,2,13,3,10,3,1,B03,7,9,1,8,2,5,,84,84,1,6,4,120.705211,24.168206,2
1002,66000,387130000C,(04)23274275,(04)23288582,2025,12,2,21,10,臺中市,大里區,0,1,0,7,1,6,50,4,1,1,5,4,6,6,2,1,5,5,5,1,16,2,2,1,1,C03,7,5,1,10,2,12,,11,11,1,5,2,120.682323,24.100539,2
1003,66000,387130000C,(04)23274275,(04)23288582,2025,12,2,21,21,臺中市,北屯區,0,0,0,7,,,40,,,,,,,,,,,,,,12,,,,,C03,,,1,,2,,,40,40,1,12,4,120.690905,24.175181,3
1004,66000,387130000C,(04)23274275,(04)23288582,2025,12,2,21,31,臺中市,西屯區,0,0,0,7,,,50,,,,,,,,,,,,,,13,,,,,B03,,,1,,1,,,59,59,1,12,4,120.656652,24.201387,3
1005,66000,387130000C,(04)23274275,(04)23288582,2025,12,2,21,39,臺中市,西屯區,0,0,0,7,,,50,,,,,,,,,,,,,,12,,,,,C03,,,1,,2,,,2,2,2,12,4,120.66069,24.172519,3
1006,66000,387130000C,(04)23274275,(04)23288582,2025,12,2,21,47,臺中市,清水區,0,0,0,7,,,70,,,,,,,,,,,,,,,,,,,B03,,,1,,11,,,8,8,1,12,4,120.566438,24.268595,4
1007,66000,387130000C,(04)23274275,(04)23288582,2025,12,2,21,48,臺中市,大雅區,0,0,0,7,,,70,,,,,,,,,,,,,,,,,,,B03,,,1,,1,,,82,82,1,12,4,120.64275,24.229016,3
1008,66000,387130000C,(04)23274275,(04)23288582,2025,12,2,21,50,臺中市,南區,0,1,0,7,1,6,50,13,9,1,5,4,6,6,4,4,9,4,5,2,12,3,10,3,1,B03,7,5,1,8,2,2,,47,47,1,12,4,120.683364,24.126154,2
1009,66000,387130000C,(04)23274275,(04)23288582,2025,12,2,21,55,臺中市,南區,0,1,0,7,1,6,50,13,9,1,5,4,6,6,4,4,9,5,5,2,18,2,9,1,1,C03,7,9,1,10,2,12,11,7,7,1,12,4,120.649275,24.123083,2
1010,66000,387130000C,(04)23274275,(04)23288582,2025,12,2,21,56,臺中市,北屯區,0,0,0,7,,,50,,,,,,,,,,,,,,17,,,,,C03,,,2,,2,,,59,59,1,12,4,120.693279,24.16368,3