序號,縣市別代碼,機關代碼,市話,傳真,年,月,日,時,分,縣市,區,死亡數量,受傷數量,2-30,天候,道路照明設備,道路類別,道路速限,道路型態,事故位置,路面鋪裝,路面狀態,路面缺陷,障礙物,視距,號誌種類,號誌動作,分向設施,快車道或一般車道間,快慢車道間,路面邊線,事故類型及型態,受傷程度,主要傷處,保護裝備,行動電話或功能裝置,當事者區分(類別),車輛用途,當事者行動狀態,駕照狀態,駕照種類,飲酒情形,車輛撞擊部位最初,車輛撞擊部位其他,肇事因素個別,肇事因素主要,肇事逃逸,職業,共享經濟或外送平台,GPS座標X,GPS座標Y,事故類別
1011,66000,387130000C,(04)23274275,(04)23288582,2025,12,2,22,2,臺中市,南屯區,0,1,0,7,1,6,50,5,1,1,5,4,6,6,1,1,1,4,5,2,16,3,10,3,1,B02,7,6,1,8,2,2,,48,48,1,12,4,120.646768,24.142575,2
1012,66000,387130000C,(04)23274275,(04)23288582,2025,12,2,22,6,臺中市,南屯區,0,1,0,7,1,6,50,3,1,1,5,4,6,6,3,1,10,5,5,2,18,2,9,1,1,C03,7,9,1,10,2,16,,85,85,1,13,4,120.595018,24.148548,2
1013,66000,387130000C,(04)23274275,(04)23288582,2025,12,2,22,12,臺中市,沙鹿區,0,1,0,7,1,6,40,13,8,1,5,4,6,6,4,4,1,4,1,1,17,2,9,1,1,C03,7,9,1,10,2,11,,59,59,1,12,4,120.580835,24.199148,2
1014,66000,387130000C,(04)23274275,(04)23288582,2025,12,2,22,14,臺中市,大里區,0,1,0,7,1,6,30,5,1,1,5,4,6,6,3,1,10,5,5,2,12,2,7,4,1,F01,7,15,7,21,7,12,,84,84,1,13,4,120.68022,24.115,2
1015,66000,387130000C,(04)23274275,(04)23288582,2025,12,2,22,15,臺中市,北區,0,3,0,7,1,6,50,3,1,1,5,4,6,6,1,1,10,5,5,2,16,2,9,1,1,C03,7,5,1,10,2,14,,20,20,1,12,4,120.680976,24.163174,2
1016,66000,387130000C,(04)23274275,(04)23288582,2025,12,2,22,29,臺中市,西屯區,0,2,0,7,1,6,30,4,1,1,5,4,6,6,4,4,10,5,5,2,15,2,9,5,4,C03,7,9,1,10,2,12,,12,12,1,12,4,120.653717,24.16124,2
1017,66000,387130000C,(04)23274275,(04)23288582,2025,12,2,23,8,臺中市,東區,0,2,0,7,1,6,50,3,1,1,5,4,6,6,1,1,10,5,5,2,13,2,9,2,1,C03,7,9,1,10,2,11,,7,7,1,13,4,120.696202,24.140553,2
1018,66000,387130000C,(04)23274275,(04)23288582,2025,12,2,23,9,臺中市,大肚區,0,0,0,6,,,60,,,,,,,,,,,,,,12,,,,,B03,,,1,,2,,,40,40,1,6,4,120.58369,24.168281,3
1019,66000,387130000C,(04)23274275,(04)23288582,2025,12,2,23,10,臺中市,龍井區,0,1,0,6,1,6,40,4,2,1,5,4,6,6,1,1,3,5,3,1,28,2,9,1,1,C03,7,9,1,10,2,11,,59,59,1,6,4,120.580043,24.189701,2
1020,66000,387130000C,(04)23274275,(04)23288582,2025,12,2,23,17,臺中市,西屯區,0,0,0,7,,,50,,,,,,,,,,,,,,13,,,,,B01,,,1,,1,,,59,59,1,13,4,120.664587,24.178215,3
1021,66000,387130000C,(04)23274275,(04)23288582,2025,12,2,23,25,臺中市,西屯區,0,2,0,7,1,6,30,4,1,1,5,4,3,3,4,4,10,5,5,2,15,2,9,2,1,C03,7,9,1,10,2,14,,12,12,1,12,4,120.642592,24.179934,2
1022,66000,387130000C,(04)23274275,(04)23288582,2025,12,3,0,0,臺中市,大里區,0,1,0,7,1,6,50,13,9,1,5,4,6,6,4,4,9,5,5,1,17,2,9,2,1,C03,7,9,1,10,2,12,,84,84,1,12,4,120.712822,24.093127,2
1023,66000,387130000C,(04)23274275,(04)23288582,2025,12,3,0,24,臺中市,西區,0,1,0,7,1,6,50,4,1,1,5,4,6,6,1,1,10,5,5,2,12,2,9,1,1,C03,7,9,1,10,2,14,,84,84,1,6,4,120.653053,24.15072,2
1024,66000,387130000C,(04)23274275,(04)23288582,2025,12,3,2,12,臺中市,龍井區,0,1,0,6,1,6,60,3,2,1,5,4,6,6,1,1,9,4,3,2,9,3,10,3,1,B03,7,9,1,10,2,5,,59,59,1,6,4,120.57985,24.192852,2
1025,66000,387130000C,(04)23274275,(04)23288582,2025,12,3,4,5,臺中市,南屯區,0,0,0,7,,,60,,,,,,,,,,,,,,,,,,,A11,,,1,,1,,,56,56,1,12,4,120.623133,24.144191,3
1026,66000,387130000C,(04)23274275,(04)23288582,2025,12,3,4,10,臺中市,大雅區,0,2,0,7,1,6,30,4,1,1,5,4,6,6,1,1,10,5,5,1,15,2,9,1,1,C03,7,9,1,10,2,13,,21,21,1,12,4,120.66567,24.229325,2
1027,66000,387130000C,(04)23274275,(04)23288582,2025,12,3,5,25,臺中市,豐原區,0,1,0,7,2,6,50,4,1,1,5,4,6,6,2,1,1,4,4,1,17,2,8,5,4,B03,7,6,1,8,7,1,2,84,84,1,13,4,120.744264,24.264736,2
1028,66000,387130000C,(04)23274275,(04)23288582,2025,12,3,5,36,臺中市,梧棲區,0,1,0,7,1,6,50,3,1,1,5,4,6,6,1,1,10,5,5,2,16,3,10,3,1,B03,7,6,1,8,2,8,,11,11,1,6,4,120.54037,24.24852,2
1029,66000,387130000C,(04)23274275,(04)23288582,2025,12,3,5,43,臺中市,西區,0,1,0,7,1,6,50,5,1,1,5,4,6,6,1,1,10,5,5,2,17,3,10,5,4,B02,7,11,1,8,2,2,,11,11,1,13,4,120.665622,24.135094,2
1030,66000,387130000C,(04)23274275,(04)23288582,2025,12,3,5,50,臺中市,清水區,0,2,0,7,1,6,50,5,1,1,5,4,6,6,3,1,5,5,5,2,15,2,8,1,1,C03,7,9,1,10,2,11,,12,12,1,12,4,120.572307,24.263792,2
1031,66000,387130000C,(04)23274275,(04)23288582,2025,12,3,5,51,臺中市,大里區,0,1,0,7,2,6,50,13,7,1,5,4,6,6,4,4,5,5,4,2,13,3,10,3,1,B03,7,9,1,7,2,8,,84,84,1,13,4,120.716678,24.095305,2
1032,66000,387130000C,(04)23274275,(04)23288582,2025,12,3,6,4,臺中市,東區,0,1,0,7,1,6,50,13,9,1,5,4,6,6,4,4,5,5,5,2,18,2,9,2,1,C03,7,9,1,10,9,14,,84,84,1,6,4,120.704333,24.141123,2
1033,66000,387130000C,(04)23274275,(04)23288582,2025,12,3,6,47,臺中市,梧棲區,0,1,0,7,2,6,50,4,1,1,5,4,6,6,1,1,10,5,5,2,15,2,9,1,1,C03,7,9,3,19,2,11,,21,21,1,12,4,120.537081,24.242365,2
1034,66000,387130000C,(04)23274275,(04)23288582,2025,12,3,6,52,臺中市,南屯區,0,0,0,7,,,50,,,,,,,,,,,,,,13,,,,,B03,,,1,,1,,,84,84,1,13,4,120.643826,24.146854,3
1035,66000,387130000C,(04)23274275,(04)23288582,2025,12,3,6,59,臺中市,大雅區,0,0,0,7,,,60,,,,,,,,,,,,,,,,,,,B03,,,1,,2,,,8,8,1,12,4,120.650114,24.212151,3
1036,66000,387130000C,(04)23274275,(04)23288582,2025,12,3,7,1,臺中市,北屯區,0,1,0,7,2,6,50,4,1,1,5,4,6,6,1,1,10,5,5,2,16,3,10,3,1,B03,7,11,1,8,2,2,,45,45,1,6,4,120.688571,24.163015,2
1037,66000,387130000C,(04)23274275,(04)23288582,2025,12,3,7,3,臺中市,霧峰區,0,2,0,7,2,6,50,13,8,1,5,4,6,6,4,4,5,5,4,1,13,2,9,1,1,C03,7,9,1,10,2,11,,82,82,1,6,4,120.697047,24.055327,2
1038,66000,387130000C,(04)23274275,(04)23288582,2025,12,3,7,6,臺中市,北區,0,1,0,7,2,6,50,4,2,1,5,4,6,6,2,1,10,5,5,2,12,2,9,2,1,C03,7,6,1,10,2,14,,48,48,1,13,4,120.669157,24.155053,2
1039,66000,387130000C,(04)23274275,(04)23288582,2025,12,3,7,9,臺中市,北區,0,0,0,7,,,40,,,,,,,,,,,,,,17,,,,,B03,,,1,,1,,,51,51,1,13,4,120.673193,24.167689,3
1040,66000,387130000C,(04)23274275,(04)23288582,2025,12,3,7,9,臺中市,外埔區,0,0,0,7,1,6,50,3,1,1,5,4,6,6,4,4,10,5,5,2,17,,,,,B03,,,1,,1,,,58,58,1,12,4,120.63418,24.342413,3
1041,66000,387130000C,(04)23274275,(04)23288582,2025,12,3,7,10,臺中市,南區,0,1,0,6,3,6,50,4,2,1,5,4,6,6,1,1,10,5,5,2,9,3,10,5,4,A04,7,9,1,1,2,15,,84,84,1,12,4,120.679777,24.13313,2
1042,66000,387130000C,(04)23274275,(04)23288582,2025,12,3,7,11,臺中市,烏日區,0,0,0,7,,,50,,,,,,,,,,,,,,13,,,,,A05,,,1,,1,,,7,7,1,6,4,120.618578,24.102651,3
1043,66000,387130000C,(04)23274275,(04)23288582,2025,12,3,7,17,臺中市,北屯區,0,0,0,7,,,50,,,,,,,,,,,,,,13,,,,,B03,,,1,,1,,,84,84,1,12,4,120.683859,24.201267,3
1044,66000,387130000C,(04)23274275,(04)23288582,2025,12,3,7,18,臺中市,西區,0,0,0,7,,,50,,,,,,,,,,,,,,12,,,,,B03,,,1,,2,,,50,50,1,13,4,120.662674,24.150873,3
1045,66000,387130000C,(04)23274275,(04)23288582,2025,12,3,7,18,臺中市,龍井區,0,0,0,7,,,50,,,,,,,,,,,,,,13,,,,,B03,,,1,,2,,,59,59,1,6,4,120.580044,24.176057,3
1046,66000,387130000C,(04)23274275,(04)23288582,2025,12,3,7,18,臺中市,豐原區,0,0,0,7,,,50,,,,,,,,,,,,,,17,,,,,B12,,,1,,1,,,40,40,1,12,4,120.759149,24.276605,3
1047,66000,387130000C,(04)23274275,(04)23288582,2025,12,3,7,19,臺中市,潭子區,0,0,0,7,,,60,,,,,,,,,,,,,,,,,,,B03,,,1,,2,,,84,84,1,13,4,120.70496,24.205707,3
1048,66000,387130000C,(04)23274275,(04)23288582,2025,12,3,7,20,臺中市,太平區,0,0,0,7,2,6,50,13,9,1,5,4,6,6,4,4,9,5,5,2,11,,,,,A05,,,1,,2,,,39,39,1,12,4,120.726985,24.120976,3
1049,66000,387130000C,(04)23274275,(04)23288582,2025,12,3,7,23,臺中市,豐原區,0,0,0,7,,,50,,,,,,,,,,,,,,17,,,,,C03,,,1,,2,,,26,26,1,12,4,120.705927,24.25012,3
1050,66000,387130000C,(04)23274275,(04)23288582,2025,12,3,7,27,臺中市,神岡區,0,1,0,6,2,6,30,4,9,1,5,4,6,6,4,4,10,5,5,2,17,2,9,2,1,C03,7,9,1,10,2,12,,15,15,1,6,4,120.657862,24.268706,2
1051,66000,387130000C,(04)23274275,(04)23288582,2025,12,3,7,30,臺中市,潭子區,0,0,0,7,,,50,,,,,,,,,,,,,,12,,,,,B03,,,1,,2,,,8,8,1,13,4,120.709616,24.200689,3
1052,66000,387130000C,(04)23274275,(04)23288582,2025,12,3,7,35,臺中市,大雅區,0,0,0,7,,,30,,,,,,,,,,,,,,,,,,,C03,,,1,,2,,,7,7,1,12,4,120.619852,24.224765,3
1053,66000,387130000C,(04)23274275,(04)23288582,2025,12,3,7,35,臺中市,龍井區,0,0,0,7,,,30,,,,,,,,,,,,,,,,,,,B03,,,1,,2,,,12,12,1,12,4,120.529777,24.218292,3
1054,66000,387130000C,(04)23274275,(04)23288582,2025,12,3,7,36,臺中市,北區,0,0,0,7,,,50,,,,,,,,,,,,,,12,,,,,B03,,,1,,1,,,8,8,1,13,4,120.685238,24.16221,3
1055,66000,387130000C,(04)23274275,(04)23288582,2025,12,3,7,37,臺中市,烏日區,0,0,0,7,,,40,,,,,,,,,,,,,,13,,,,,B03,,,1,,1,,,7,7,1,13,4,120.60813,24.114935,3
1056,66000,387130000C,(04)23274275,(04)23288582,2025,12,3,7,37,臺中市,外埔區,0,0,0,7,,,50,,,,,,,,,,,,,,13,,,,,B03,,,1,,2,,,7,7,1,12,4,120.635791,24.34133,3
1057,66000,387130000C,(04)23274275,(04)23288582,2025,12,3,7,38,臺中市,北屯區,0,0,0,7,,,50,,,,,,,,,,,,,,13,,,,,C03,,,1,,2,,,7,7,1,12,4,120.668033,24.201539,3
1058,66000,387130000C,(04)23274275,(04)23288582,2025,12,3,7,40,臺中市,太平區,0,0,0,7,,,30,,,,,,,,,,,,,,11,,,,,B03,,,1,,2,,,84,84,1,12,4,120.714596,24.147064,3
1059,66000,387130000C,(04)23274275,(04)23288582,2025,12,3,7,42,臺中市,大甲區,0,0,0,7,,,50,,,,,,,,,,,,,,,,,,,C03,,,1,,2,,,8,8,1,6,4,120.629654,24.34031,3
1060,66000,387130000C,(04)23274275,(04)23288582,2025,12,3,7,43,臺中市,龍井區,0,1,0,7,2,6,50,4,1,1,5,4,6,6,2,1,5,5,5,1,16,3,10,1,1,C03,7,6,3,19,2,12,,11,11,1,12,4,120.523793,24.208294,2
1061,66000,387130000C,(04)23274275,(04)23288582,2025,12,3,7,46,臺中市,烏日區,0,0,0,7,,,50,,,,,,,,,,,,,,12,,,,,C03,,,1,,1,,,7,7,1,6,4,120.608078,24.117733,3
1062,66000,387130000C,(04)23274275,(04)23288582,2025,12,3,7,47,臺中市,北區,0,0,0,7,,,50,,,,,,,,,,,,,,12,,,,,B03,,,1,,1,,,51,51,1,13,4,120.67789,24.166453,3
1063,66000,387130000C,(04)23274275,(04)23288582,2025,12,3,7,49,臺中市,北屯區,0,0,0,7,,,50,,,,,,,,,,,,,,17,,,,,C03,,,1,,1,,,84,84,1,6,4,120.7074,24.182206,3
1064,66000,387130000C,(04)23274275,(04)23288582,2025,12,3,7,49,臺中市,大里區,0,0,0,7,,,50,,,,,,,,,,,,,,17,,,,,B03,,,1,,1,,,84,84,1,12,4,120.703924,24.095923,3
1065,66000,387130000C,(04)23274275,(04)23288582,2025,12,3,7,50,臺中市,大雅區,0,0,0,7,,,50,,,,,,,,,,,,,,,,,,,A12,,,1,,2,,,40,40,1,12,4,120.614042,24.235664,3
1066,66000,387130000C,(04)23274275,(04)23288582,2025,12,3,7,50,臺中市,北區,0,0,0,7,,,50,,,,,,,,,,,,,,12,,,,,C03,,,1,,1,,,84,84,1,13,4,120.669206,24.159212,3
1067,66000,387130000C,(04)23274275,(04)23288582,2025,12,3,7,50,臺中市,西屯區,0,1,0,7,2,6,50,13,9,1,5,4,6,6,4,4,9,5,5,2,17,2,9,5,1,C03,7,9,1,10,2,12,,4,4,1,12,4,120.612087,24.199526,2
1068,66000,387130000C,(04)23274275,(04)23288582,2025,12,3,7,50,臺中市,烏日區,0,1,0,7,2,6,40,3,2,1,5,4,6,6,4,4,1,5,1,1,13,2,9,5,4,C03,7,9,1,10,2,11,,7,7,1,13,4,120.634623,24.094751,2
1069,66000,387130000C,(04)23274275,(04)23288582,2025,12,3,7,52,臺中市,南屯區,0,1,0,7,2,6,50,4,2,1,5,4,6,6,2,1,3,4,5,2,13,3,10,2,1,C03,7,9,1,10,1,11,,7,7,1,12,4,120.615549,24.147612,2
1070,66000,387130000C,(04)23274275,(04)23288582,2025,12,3,7,52,臺中市,南屯區,0,0,0,7,,,60,,,,,,,,,,,,,,13,,,,,B03,,,1,,2,,,7,7,1,12,4,120.597197,24.155636,3
1071,66000,387130000C,(04)23274275,(04)23288582,2025,12,3,7,53,臺中市,神岡區,0,0,0,7,,,30,,,,,,,,,,,,,,1,,,,,B03,,,1,,2,,,43,43,1,12,4,120.680484,24.258214,3
1072,66000,387130000C,(04)23274275,(04)23288582,2025,12,3,7,54,臺中市,北屯區,0,1,0,7,2,6,50,4,1,1,5,4,6,6,2,1,5,5,4,2,16,2,8,1,1,C03,7,5,1,10,2,12,,47,47,1,12,4,120.702415,24.172781,2
1073,66000,387130000C,(04)23274275,(04)23288582,2025,12,3,7,54,臺中市,太平區,0,2,0,7,2,6,30,5,1,1,5,4,6,6,1,1,10,5,5,2,16,2,7,2,1,C03,7,1,1,10,9,11,,51,51,1,12,4,120.724655,24.149626,2
1074,66000,387130000C,(04)23274275,(04)23288582,2025,12,3,7,56,臺中市,北屯區,0,1,0,7,3,6,50,4,1,1,5,4,6,6,4,4,10,5,5,2,16,3,10,3,1,B03,7,5,1,8,2,6,,85,85,1,12,4,120.718973,24.180148,2
1075,66000,387130000C,(04)23274275,(04)23288582,2025,12,3,7,56,臺中市,大里區,0,1,0,7,2,6,50,4,1,1,5,4,6,6,4,4,10,5,5,2,17,3,10,3,1,B03,7,6,1,8,2,8,,12,12,1,6,4,120.71182,24.085881,2
1076,66000,387130000C,(04)23274275,(04)23288582,2025,12,3,8,0,臺中市,潭子區,0,0,0,7,,,30,,,,,,,,,,,,,,,,,,,,,,,,,,,86,86,1,,,120.700906,24.192206,3
1077,66000,387130000C,(04)23274275,(04)23288582,2025,12,3,8,0,臺中市,大里區,0,0,0,7,2,6,50,4,1,1,5,4,6,6,1,1,5,5,5,1,16,,,,,C03,,,1,,2,,,47,47,1,13,4,120.680137,24.095581,3
1078,66000,387130000C,(04)23274275,(04)23288582,2025,12,3,8,1,臺中市,霧峰區,0,0,0,7,,,70,,,,,,,,,,,,,,12,,,,,B03,,,1,,2,,,40,40,1,12,4,120.664537,24.047444,3
1079,66000,387130000C,(04)23274275,(04)23288582,2025,12,3,8,5,臺中市,大雅區,0,0,0,7,,,60,,,,,,,,,,,,,,,,,,,B03,,,1,,1,,,82,82,1,12,4,120.629333,24.20593,3
1080,66000,387130000C,(04)23274275,(04)23288582,2025,12,3,8,5,臺中市,西區,0,1,0,7,1,6,30,13,9,1,5,4,6,6,4,4,10,5,5,2,6,3,10,2,1,C03,7,9,1,10,2,14,,84,84,1,12,4,120.652665,24.145385,2
1081,66000,387130000C,(04)23274275,(04)23288582,2025,12,3,8,5,臺中市,南區,0,1,0,7,2,6,50,4,1,1,5,4,6,6,1,1,5,4,4,2,12,3,10,3,1,B01,7,5,1,4,2,5,,11,11,1,13,4,120.678696,24.132642,2
1082,66000,387130000C,(04)23274275,(04)23288582,2025,12,3,8,6,臺中市,北區,0,1,0,7,2,6,50,4,1,1,5,4,6,6,1,1,10,5,5,2,16,3,10,5,4,B03,7,5,1,8,2,2,,47,47,1,13,4,120.682775,24.15389,2
1083,66000,387130000C,(04)23274275,(04)23288582,2025,12,3,8,6,臺中市,南屯區,0,1,0,7,2,6,50,3,9,1,5,4,5,6,2,1,1,4,5,2,17,2,9,1,1,C03,7,9,1,10,2,14,,59,59,1,6,4,120.623477,24.15216,2
1084,66000,387130000C,(04)23274275,(04)23288582,2025,12,3,8,6,臺中市,烏日區,0,0,0,7,,,50,,,,,,,,,,,,,,11,,,,,B03,,,1,,1,,,11,11,1,6,4,120.595636,24.110709,3
1085,66000,387130000C,(04)23274275,(04)23288582,2025,12,3,8,7,臺中市,霧峰區,0,0,0,7,,,40,,,,,,,,,,,,,,13,,,,,B03,,,1,,1,,,7,7,1,6,4,120.663028,24.072505,3
1086,66000,387130000C,(04)23274275,(04)23288582,2025,12,3,8,9,臺中市,西屯區,0,1,0,7,2,6,40,13,12,1,5,4,6,6,4,4,5,4,4,2,16,3,10,1,1,C03,7,7,1,10,2,13,,40,40,1,12,4,120.666454,24.170554,2
1087,66000,387130000C,(04)23274275,(04)23288582,2025,12,3,8,11,臺中市,西屯區,0,0,0,7,,,50,,,,,,,,,,,,,,,,,,,B03,,,1,,1,,,7,7,1,13,4,120.615409,24.186086,4
1088,66000,387130000C,(04)23274275,(04)23288582,2025,12,3,8,13,臺中市,北區,0,1,0,7,2,6,50,4,2,1,5,4,6,6,2,1,10,5,5,2,13,3,10,3,1,B03,7,9,1,8,2,1,,84,84,1,13,4,120.687169,24.148841,2
1089,66000,387130000C,(04)23274275,(04)23288582,2025,12,3,8,14,臺中市,北屯區,0,0,0,7,,,50,,,,,,,,,,,,,,14,,,,,B03,,,1,,1,,,49,49,1,12,4,120.677389,24.175418,3
1090,66000,387130000C,(04)23274275,(04)23288582,2025,12,3,8,14,臺中市,大里區,0,0,0,7,,,50,,,,,,,,,,,,,,17,,,,,B03,,,1,,2,,,59,59,1,12,4,120.699377,24.101908,3
1091,66000,387130000C,(04)23274275,(04)23288582,2025,12,3,8,16,臺中市,豐原區,0,1,0,7,2,6,30,11,9,1,5,4,6,6,4,4,10,5,5,2,28,2,9,2,4,C03,7,9,1,10,2,15,,87,87,1,12,4,120.739629,24.251833,2
1092,66000,387130000C,(04)23274275,(04)23288582,2025,12,3,8,17,臺中市,西屯區,0,0,0,7,,,40,,,,,,,,,,,,,,12,,,,,C03,,,1,,1,,,8,8,1,5,4,120.633935,24.176712,3
1093,66000,387130000C,(04)23274275,(04)23288582,2025,12,3,8,18,臺中市,西區,0,0,0,7,,,50,,,,,,,,,,,,,,,,,,,B03,,,1,,1,,,39,39,1,12,4,120.668365,24.129905,3
1094,66000,387130000C,(04)23274275,(04)23288582,2025,12,3,8,18,臺中市,西屯區,0,0,0,7,,,50,,,,,,,,,,,,,,16,,,,,B03,,,1,,2,,,48,48,1,12,4,120.638029,24.175525,3
1095,66000,387130000C,(04)23274275,(04)23288582,2025,12,3,8,22,臺中市,南屯區,0,0,0,7,,,50,,,,,,,,,,,,,,13,,,,,C03,,,1,,1,,,7,7,1,12,4,120.647092,24.146916,3
1096,66000,387130000C,(04)23274275,(04)23288582,2025,12,3,8,22,臺中市,西屯區,0,1,0,7,2,6,40,4,1,1,5,4,6,6,1,1,3,4,3,2,17,3,10,3,1,B03,7,7,1,8,2,6,,40,40,1,12,4,120.649777,24.16273,2
1097,66000,387130000C,(04)23274275,(04)23288582,2025,12,3,8,22,臺中市,大甲區,0,1,0,7,3,6,50,13,9,1,5,4,6,6,4,4,10,5,5,2,18,2,9,1,1,C03,7,9,1,10,2,11,,7,7,1,6,4,120.627466,24.417811,2
1098,66000,387130000C,(04)23274275,(04)23288582,2025,12,3,8,24,臺中市,西區,0,0,0,7,,,50,,,,,,,,,,,,,,12,,,,,B03,,,1,,1,,,40,40,1,12,4,120.675422,24.133556,3
1099,66000,387130000C,(04)23274275,(04)23288582,2025,12,3,8,24,臺中市,南區,0,1,0,6,1,6,50,18,24,1,5,4,6,6,4,4,9,5,5,2,17,3,10,5,4,B13,7,1,1,8,2,9,,84,84,1,12,4,120.662615,24.118814,2
1100,66000,387130000C,(04)23274275,(04)23288582,2025,12,3,8,24,臺中市,神岡區,0,0,0,7,,,50,,,,,,,,,,,,,,17,,,,,B03,,,1,,1,,,59,59,1,6,4,120.680275,24.266237,3
1101,66000,387130000C,(04)23274275,(04)23288582,2025,12,3,8,25,臺中市,豐原區,0,1,0,7,2,6,50,13,9,1,5,4,6,6,4,4,1,4,5,2,16,3,10,3,1,B03,7,5,1,8,2,2,,47,47,1,12,4,120.719277,24.258308,2
1102,66000,387130000C,(04)23274275,(04)23288582,2025,12,3,8,29,臺中市,大里區,0,0,0,7,2,6,40,13,8,1,5,4,6,6,4,4,9,5,4,2,17,,,,,C03,,,1,,2,,,51,51,1,13,4,120.681299,24.100214,3
1103,66000,387130000C,(04)23274275,(04)23288582,2025,12,3,8,30,臺中市,清水區,0,0,0,7,,,60,,,,,,,,,,,,,,,,,,,B03,,,1,,2,,,58,58,1,12,4,120.590723,24.304311,3
1104,66000,387130000C,(04)23274275,(04)23288582,2025,12,3,8,30,臺中市,大甲區,0,0,0,7,,,70,,,,,,,,,,,,,,,,,,,B03,,,1,,2,,,84,84,1,12,4,120.618131,24.339063,3
1105,66000,387130000C,(04)23274275,(04)23288582,2025,12,3,8,33,臺中市,北區,0,1,0,7,2,6,50,4,1,1,5,4,6,6,2,1,10,5,5,2,17,3,10,1,1,C03,7,5,1,10,9,15,,84,84,1,13,4,120.665783,24.166801,2
1106,66000,387130000C,(04)23274275,(04)23288582,2025,12,3,8,35,臺中市,西屯區,0,2,0,7,2,6,40,13,8,1,5,4,6,6,4,4,10,5,1,2,13,2,9,1,1,C03,7,9,3,19,2,11,,7,7,1,13,4,120.637838,24.160104,2
1107,66000,387130000C,(04)23274275,(04)23288582,2025,12,3,8,36,臺中市,南屯區,0,1,0,7,2,6,50,4,1,1,5,4,6,6,2,1,1,4,5,2,16,2,8,2,1,C03,7,6,1,10,2,11,,59,59,1,12,4,120.637348,24.119631,2
1108,66000,387130000C,(04)23274275,(04)23288582,2025,12,3,8,40,臺中市,北區,0,1,0,7,2,6,50,4,1,1,5,4,6,6,2,1,10,5,5,2,13,3,10,1,1,C03,7,9,1,10,2,11,,84,84,1,13,4,120.682583,24.153366,2
1109,66000,387130000C,(04)23274275,(04)23288582,2025,12,3,8,40,臺中市,南區,0,1,0,7,2,6,50,13,9,1,5,4,6,6,4,4,1,4,5,2,13,2,9,2,1,C03,7,9,1,10,2,11,,7,7,1,12,4,120.649781,24.121185,2
1110,66000,387130000C,(04)23274275,(04)23288582,2025,12,3,8,40,臺中市,大里區,0,1,0,7,2,6,50,13,11,1,5,4,6,6,4,4,2,2,5,1,13,3,10,2,1,C03,7,9,1,10,2,11,,7,7,1,6,4,120.689753,24.093229,2
1111,66000,387130000C,(04)23274275,(04)23288582,2025,12,3,8,44,臺中市,烏日區,0,1,0,7,2,6,50,5,1,1,5,4,6,6,1,1,10,5,5,2,13,3,10,5,4,C03,7,9,1,10,2,11,,59,59,1,13,4,120.64385,24.083814,2
1112,66000,387130000C,(04)23274275,(04)23288582,2025,12,3,8,49,臺中市,西屯區,0,1,0,7,2,6,50,3,2,1,5,4,6,6,1,1,10,5,5,2,12,3,10,3,1,B02,7,9,1,2,2,5,2,84,84,1,12,4,120.605495,24.188918,2
1113,66000,387130000C,(04)23274275,(04)23288582,2025,12,3,8,49,臺中市,豐原區,0,1,0,7,2,6,50,13,9,1,5,4,6,6,4,4,5,5,5,2,17,3,10,5,4,B03,7,11,1,8,2,2,,34,34,1,12,4,120.719529,24.248565,2
1114,66000,387130000C,(04)23274275,(04)23288582,2025,12,3,8,59,臺中市,龍井區,0,0,0,7,,,40,,,,,,,,,,,,,,13,,,,,C03,,,1,,1,,,7,7,1,6,4,120.584011,24.18654,3
1115,66000,387130000C,(04)23274275,(04)23288582,2025,12,3,9,0,臺中市,太平區,0,2,0,7,2,6,50,13,9,1,5,4,6,6,4,4,5,5,5,1,16,2,9,2,1,C03,7,1,3,19,2,14,,39,39,1,12,4,120.724979,24.143388,2
1116,66000,387130000C,(04)23274275,(04)23288582,2025,12,3,9,1,臺中市,南屯區,0,0,0,7,,,50,,,,,,,,,,,,,,,,,,,B03,,,1,,1,,,84,84,1,6,4,120.62691,24.148489,3
1117,66000,387130000C,(04)23274275,(04)23288582,2025,12,3,9,1,臺中市,北屯區,0,0,0,7,,3,50,,,,,,,,,,,,,,17,,,,,B03,,,1,,1,,,87,87,1,12,4,120.718687,24.161599,3
1118,66000,387130000C,(04)23274275,(04)23288582,2025,12,3,9,3,臺中市,潭子區,0,0,0,7,,,,,,,,,,,,,,,,,,,,,,,,,,,,,,85,85,1,,,120.705732,24.216933,3
1119,66000,387130000C,(04)23274275,(04)23288582,2025,12,3,9,4,臺中市,太平區,0,1,0,7,2,6,50,4,1,1,5,4,6,6,4,4,10,5,5,2,15,3,10,3,4,B03,7,9,1,8,2,1,,15,15,1,13,4,120.718572,24.113756,2
1120,66000,387130000C,(04)23274275,(04)23288582,2025,12,3,9,5,臺中市,南屯區,0,0,0,7,,,50,,,,,,,,,,,,,,13,,,,,B03,,,1,,1,,,7,7,1,12,4,120.616286,24.146186,3
1121,66000,387130000C,(04)23274275,(04)23288582,2025,12,3,9,6,臺中市,大里區,0,0,0,7,,,50,,,,,,,,,,,,,,17,,,,,A12,,,1,,2,,,49,49,1,12,4,120.694592,24.11703,3
1122,66000,387130000C,(04)23274275,(04)23288582,2025,12,3,9,7,臺中市,北屯區,0,0,0,7,,,50,,,,,,,,,,,,,,17,,,,,B03,,,1,,1,,,59,59,1,12,4,120.67763,24.173843,3
1123,66000,387130000C,(04)23274275,(04)23288582,2025,12,3,9,10,臺中市,南區,0,1,0,6,3,6,30,3,1,1,5,4,6,6,4,4,10,5,5,2,25,2,1,5,4,C03,7,15,3,19,2,11,,84,84,1,12,4,120.667167,24.123957,2