序號,縣市別代碼,機關代碼,市話,傳真,年,月,日,時,分,縣市,區,死亡數量,受傷數量,2-30,天候,道路照明設備,道路類別,道路速限,道路型態,事故位置,路面鋪裝,路面狀態,路面缺陷,障礙物,視距,號誌種類,號誌動作,分向設施,快車道或一般車道間,快慢車道間,路面邊線,事故類型及型態,受傷程度,主要傷處,保護裝備,行動電話或功能裝置,當事者區分(類別),車輛用途,當事者行動狀態,駕照狀態,駕照種類,飲酒情形,車輛撞擊部位最初,車輛撞擊部位其他,肇事因素個別,肇事因素主要,肇事逃逸,職業,共享經濟或外送平台,GPS座標X,GPS座標Y,事故類別
1124,66000,387130000C,(04)23274275,(04)23288582,2025,12,3,9,11,臺中市,西屯區,0,0,0,7,,,50,,,,,,,,,,,,,,,,,,,B12,,,1,,2,,,7,7,1,13,4,120.621458,24.179996,3
1125,66000,387130000C,(04)23274275,(04)23288582,2025,12,3,9,13,臺中市,大肚區,0,1,0,7,2,6,50,13,9,1,5,4,6,6,4,4,5,5,5,1,12,2,9,1,1,C03,7,9,1,10,2,12,,59,59,1,5,4,120.572719,24.152617,2
1126,66000,387130000C,(04)23274275,(04)23288582,2025,12,3,9,15,臺中市,南區,0,1,0,7,2,6,30,13,9,1,5,4,6,6,4,4,10,5,5,2,3,3,10,6,5,H01,8,16,7,21,10,17,,97,97,1,13,5,120.665942,24.124595,2
1127,66000,387130000C,(04)23274275,(04)23288582,2025,12,3,9,23,臺中市,中區,0,0,0,7,,,50,,,,,,,,,,,,,,12,,,,,C03,,,1,,2,,,8,8,1,13,4,120.68187,24.144946,3
1128,66000,387130000C,(04)23274275,(04)23288582,2025,12,3,9,24,臺中市,西屯區,0,0,0,7,,,50,,,,,,,,,,,,,,14,,,,,B03,,,1,,1,,,49,49,1,12,4,120.612214,24.191531,3
1129,66000,387130000C,(04)23274275,(04)23288582,2025,12,3,9,26,臺中市,北屯區,0,0,0,7,,,50,,,,,,,,,,,,,,,,,,,B03,,,1,,1,,,51,51,1,6,4,120.692796,24.182677,3
1130,66000,387130000C,(04)23274275,(04)23288582,2025,12,3,9,29,臺中市,潭子區,0,0,0,7,,3,40,,,,,,,,,,,,,,13,,,,,B03,,,1,,2,,,57,57,1,13,4,120.701362,24.201188,3
1131,66000,387130000C,(04)23274275,(04)23288582,2025,12,3,9,30,臺中市,北屯區,0,1,0,7,2,6,50,4,1,1,5,4,6,6,2,1,10,5,5,2,16,3,10,1,1,C03,7,5,1,11,2,13,,11,11,1,12,4,120.6763,24.174398,2
1132,66000,387130000C,(04)23274275,(04)23288582,2025,12,3,9,30,臺中市,太平區,0,1,0,7,2,6,50,3,1,1,5,4,6,6,1,1,10,5,5,2,16,2,8,1,1,C04,7,6,3,19,2,14,,85,85,1,12,4,120.710729,24.150261,2
1133,66000,387130000C,(04)23274275,(04)23288582,2025,12,3,9,30,臺中市,沙鹿區,0,1,0,7,2,6,50,13,9,1,5,4,6,6,4,4,5,5,5,1,17,3,10,3,1,B03,7,14,1,8,9,2,,87,87,1,12,4,120.563567,24.205569,2
1134,66000,387130000C,(04)23274275,(04)23288582,2025,12,3,9,36,臺中市,西區,0,0,0,7,,,50,,,,,,,,,,,,,,14,,,,,A12,,,1,,3,,,49,49,1,12,4,120.668658,24.13427,3
1135,66000,387130000C,(04)23274275,(04)23288582,2025,12,3,9,38,臺中市,豐原區,0,0,0,7,,,50,,,,,,,,,,,,,,13,,,,,B03,,,1,,2,,,59,59,1,12,4,120.710205,24.236343,4
1136,66000,387130000C,(04)23274275,(04)23288582,2025,12,3,9,39,臺中市,北屯區,0,0,0,7,,,50,,,,,,,,,,,,,,17,,,,,B11,,,1,,9,,,84,84,2,12,4,120.673159,24.174277,3
1137,66000,387130000C,(04)23274275,(04)23288582,2025,12,3,9,42,臺中市,南屯區,0,0,0,7,,,50,,,,,,,,,,,,,,12,,,,,B03,,,1,,2,,,8,8,1,12,4,120.64407,24.148882,3
1138,66000,387130000C,(04)23274275,(04)23288582,2025,12,3,9,42,臺中市,西屯區,0,0,0,7,,,50,,,,,,,,,,,,,,13,,,,,C03,,,1,,1,,,7,7,1,12,4,120.655938,24.165527,4
1139,66000,387130000C,(04)23274275,(04)23288582,2025,12,3,9,45,臺中市,西屯區,0,0,0,7,,,50,,,,,,,,,,,,,,17,,,,,B03,,,1,,2,,,59,59,1,12,4,120.617491,24.175155,3
1140,66000,387130000C,(04)23274275,(04)23288582,2025,12,3,9,47,臺中市,西屯區,0,1,0,7,2,6,50,4,1,1,5,4,6,6,1,1,10,5,5,2,16,3,10,3,1,B03,7,6,1,8,2,16,,84,84,1,12,4,120.62493,24.180781,2
1141,66000,387130000C,(04)23274275,(04)23288582,2025,12,3,9,48,臺中市,北屯區,0,1,0,7,2,6,30,4,1,1,5,4,6,6,4,4,10,5,5,2,14,3,10,3,1,B12,7,2,5,19,1,6,,49,49,1,6,4,120.663117,24.188531,2
1142,66000,387130000C,(04)23274275,(04)23288582,2025,12,3,9,48,臺中市,西屯區,0,1,0,7,2,6,50,13,9,1,5,4,6,6,4,4,10,5,5,2,13,2,8,2,1,C03,7,9,1,10,2,12,,7,7,1,12,4,120.658562,24.200915,2
1143,66000,387130000C,(04)23274275,(04)23288582,2025,12,3,9,48,臺中市,豐原區,0,2,0,7,2,6,50,13,14,1,5,4,6,6,4,4,1,4,5,1,10,2,9,1,1,C03,7,9,1,10,2,11,,26,26,1,12,4,120.709465,24.253411,2
1144,66000,387130000C,(04)23274275,(04)23288582,2025,12,3,9,49,臺中市,北屯區,0,1,0,7,2,6,30,13,9,1,5,4,6,6,4,4,10,5,5,2,28,,,,,,,,,,,,,118,118,1,,,120.694119,24.162032,2
1145,66000,387130000C,(04)23274275,(04)23288582,2025,12,3,9,50,臺中市,沙鹿區,0,1,0,7,2,6,30,12,9,1,5,4,6,6,4,4,10,5,5,1,11,2,9,2,1,C03,7,9,1,10,2,11,,17,17,1,6,4,120.594482,24.218422,2
1146,66000,387130000C,(04)23274275,(04)23288582,2025,12,3,9,56,臺中市,大甲區,0,2,0,7,2,6,70,13,8,1,5,4,6,6,4,4,1,4,4,1,13,2,9,2,1,C03,7,9,1,10,2,11,,58,58,1,6,4,120.645123,24.371048,2
1147,66000,387130000C,(04)23274275,(04)23288582,2025,12,3,10,2,臺中市,霧峰區,0,0,0,7,2,6,50,3,1,1,5,4,6,6,,4,5,5,5,2,13,,,,,B03,,,1,,2,,,82,82,1,12,4,120.700716,24.066457,3
1148,66000,387130000C,(04)23274275,(04)23288582,2025,12,3,10,3,臺中市,東區,0,0,0,7,,,50,,,,,,,,,,,,,,,,,,,,,,,,,,,87,87,1,,,120.696201,24.14275,3
1149,66000,387130000C,(04)23274275,(04)23288582,2025,12,3,10,8,臺中市,北屯區,0,0,0,7,,,50,,,,,,,,,,,,,,13,,,,,B12,,,1,,1,,,56,56,1,12,4,120.719386,24.162428,3
1150,66000,387130000C,(04)23274275,(04)23288582,2025,12,3,10,9,臺中市,豐原區,0,0,0,7,,,50,,,,,,,,,,,,,,13,,,,,B03,,,1,,1,,,84,84,1,12,4,120.72298,24.264072,3
1151,66000,387130000C,(04)23274275,(04)23288582,2025,12,3,10,10,臺中市,西屯區,0,1,0,7,2,6,50,4,1,1,5,4,6,6,1,1,10,5,5,2,13,2,9,5,1,C03,7,9,1,10,2,11,,7,7,1,12,4,120.645752,24.177971,2
1152,66000,387130000C,(04)23274275,(04)23288582,2025,12,3,10,11,臺中市,大里區,0,1,0,7,3,6,50,4,1,1,5,4,6,6,4,4,10,5,5,2,16,3,10,1,1,C03,7,9,1,10,2,14,,84,84,1,12,4,120.699475,24.084006,2
1153,66000,387130000C,(04)23274275,(04)23288582,2025,12,3,10,12,臺中市,北區,0,1,0,7,2,6,50,13,9,1,5,4,6,6,4,4,8,3,5,2,12,3,10,3,1,B03,7,11,1,8,2,4,,45,45,1,13,4,120.676836,24.162439,2
1154,66000,387130000C,(04)23274275,(04)23288582,2025,12,3,10,12,臺中市,清水區,0,0,0,7,2,6,70,13,7,1,5,4,6,6,4,4,8,3,3,1,13,,,,,B03,,,1,,1,,,7,7,1,12,4,120.581002,24.301469,3
1155,66000,387130000C,(04)23274275,(04)23288582,2025,12,3,10,13,臺中市,大甲區,0,1,0,7,3,6,50,4,1,1,5,4,6,6,4,4,10,5,5,2,17,2,9,1,1,C03,7,9,1,10,2,12,,15,15,1,6,4,120.622886,24.345879,2
1156,66000,387130000C,(04)23274275,(04)23288582,2025,12,3,10,14,臺中市,清水區,0,1,0,7,2,6,50,4,1,1,5,4,6,6,3,1,9,3,4,1,17,3,10,3,1,B03,7,5,1,8,2,5,,47,47,1,12,4,120.577861,24.276859,2
1157,66000,387130000C,(04)23274275,(04)23288582,2025,12,3,10,14,臺中市,豐原區,0,0,0,7,,,30,,,,,,,,,,,,,,25,,,,,A11,,,1,,2,,,59,59,1,12,4,120.757431,24.244795,3
1158,66000,387130000C,(04)23274275,(04)23288582,2025,12,3,10,22,臺中市,大里區,0,0,0,7,,,50,,,,,,,,,,,,,,12,,,,,B12,,,1,,2,,,40,40,1,12,4,120.685141,24.087986,3
1159,66000,387130000C,(04)23274275,(04)23288582,2025,12,3,10,24,臺中市,南區,0,0,0,7,,,50,,,,,,,,,,,,,,13,,,,,B03,,,1,,1,,,84,84,1,12,4,120.670204,24.124146,3
1160,66000,387130000C,(04)23274275,(04)23288582,2025,12,3,10,24,臺中市,烏日區,0,2,0,7,3,6,40,8,8,1,5,4,6,6,4,4,1,4,4,2,13,2,9,1,1,C03,7,12,1,10,2,11,14,7,7,1,6,4,120.615122,24.10608,2
1161,66000,387130000C,(04)23274275,(04)23288582,2025,12,3,10,29,臺中市,霧峰區,0,0,0,7,,,50,,,,,,,,,,,,,,17,,,,,B03,,,1,,2,,,51,51,1,6,4,120.692181,24.045305,3
1162,66000,387130000C,(04)23274275,(04)23288582,2025,12,3,10,30,臺中市,北屯區,0,0,0,7,,,50,,,,,,,,,,,,,,13,,,,,C03,,,1,,1,,,7,7,1,12,4,120.730105,24.171861,4
1163,66000,387130000C,(04)23274275,(04)23288582,2025,12,3,10,32,臺中市,西屯區,0,0,0,7,,,30,,,,,,,,,,,,,,12,,,,,C03,,,1,,1,,,48,48,1,12,4,120.650679,24.191087,3
1164,66000,387130000C,(04)23274275,(04)23288582,2025,12,3,10,36,臺中市,西屯區,0,1,0,7,2,6,50,4,1,1,5,4,6,6,2,1,10,4,5,2,13,2,9,1,1,C03,7,9,1,10,2,11,,7,7,1,13,4,120.661043,24.171538,2
1165,66000,387130000C,(04)23274275,(04)23288582,2025,12,3,10,45,臺中市,沙鹿區,0,1,0,7,2,6,50,13,8,1,5,4,6,6,4,4,1,4,4,1,16,3,10,3,1,B03,7,7,1,8,2,6,,40,40,1,12,4,120.575063,24.247278,2
1166,66000,387130000C,(04)23274275,(04)23288582,2025,12,3,10,49,臺中市,西屯區,0,2,0,7,2,6,35,9,9,1,5,4,6,6,4,4,10,5,5,1,11,2,7,1,1,C03,7,6,1,10,2,12,,4,4,1,12,4,120.628495,24.173063,2
1167,66000,387130000C,(04)23274275,(04)23288582,2025,12,3,10,50,臺中市,東區,0,0,0,7,,,50,,,,,,,,,,,,,,17,,,,,B12,,,1,,2,,,84,84,1,12,4,120.701556,24.137102,3
1168,66000,387130000C,(04)23274275,(04)23288582,2025,12,3,10,50,臺中市,東區,0,0,0,7,,,50,,,,,,,,,,,,,,17,,,,,,,,,,,,,86,86,1,,,120.69528,24.145231,3
1169,66000,387130000C,(04)23274275,(04)23288582,2025,12,3,10,51,臺中市,南屯區,0,0,0,7,,,50,,,,,,,,,,,,,,,,,,,C03,,,1,,2,,,84,84,1,6,4,120.645962,24.134719,3
1170,66000,387130000C,(04)23274275,(04)23288582,2025,12,3,10,51,臺中市,太平區,0,1,0,7,2,6,50,13,9,1,5,4,6,6,4,4,5,4,5,1,16,2,9,2,1,C03,7,11,1,10,2,14,,39,39,1,12,4,120.731245,24.13486,2
1171,66000,387130000C,(04)23274275,(04)23288582,2025,12,3,10,52,臺中市,西屯區,0,1,0,7,2,6,50,4,1,1,5,4,6,6,2,1,5,5,5,2,16,3,10,3,1,B03,7,5,1,8,2,5,,47,47,1,12,4,120.615384,24.189109,2
1172,66000,387130000C,(04)23274275,(04)23288582,2025,12,3,10,53,臺中市,東勢區,0,1,0,7,2,6,50,13,9,1,5,4,6,6,4,4,10,5,5,2,12,2,9,1,1,C03,7,9,1,10,2,11,,59,59,1,12,4,120.819888,24.268701,2
1173,66000,387130000C,(04)23274275,(04)23288582,2025,12,3,10,54,臺中市,北屯區,0,1,0,7,3,6,50,4,1,1,5,4,6,6,2,1,10,5,5,2,16,2,9,1,1,C03,7,5,1,9,3,14,,59,59,1,12,4,120.664183,24.185639,2
1174,66000,387130000C,(04)23274275,(04)23288582,2025,12,3,10,58,臺中市,豐原區,0,0,0,7,,,50,,,,,,,,,,,,,,17,,,,,C04,,,1,,2,,,85,85,1,12,4,120.718887,24.25047,4
1175,66000,387130000C,(04)23274275,(04)23288582,2025,12,3,11,1,臺中市,西屯區,0,0,0,7,,,50,,,,,,,,,,,,,,13,,,,,B12,,,1,,1,,,59,59,1,12,4,120.656549,24.200716,3
1176,66000,387130000C,(04)23274275,(04)23288582,2025,12,3,11,6,臺中市,霧峰區,0,0,0,7,,,50,,,,,,,,,,,,,,15,,,,,B03,,,1,,2,,,21,21,1,12,4,120.662003,24.068702,3
1177,66000,387130000C,(04)23274275,(04)23288582,2025,12,3,11,9,臺中市,沙鹿區,0,0,0,7,,,50,,,,,,,,,,,,,,17,,,,,B03,,,1,,11,,,76,76,1,6,4,120.600702,24.257303,3
1178,66000,387130000C,(04)23274275,(04)23288582,2025,12,3,11,10,臺中市,大里區,0,1,0,7,2,6,50,3,1,1,5,4,6,6,4,4,5,5,5,1,16,3,10,3,1,B02,7,11,1,8,2,4,,45,45,1,5,1,120.715993,24.085943,2
1179,66000,387130000C,(04)23274275,(04)23288582,2025,12,3,11,11,臺中市,和平區,0,0,0,6,,,30,,,,,,,,,,,,,,2,,,,,A05,,,1,,2,,,78,78,1,6,4,121.264767,24.287165,3
1180,66000,387130000C,(04)23274275,(04)23288582,2025,12,3,11,15,臺中市,西屯區,0,0,0,7,,,50,,,,,,,,,,,,,,14,,,,,B03,,,1,,1,,,49,49,1,12,4,120.614287,24.186958,3
1181,66000,387130000C,(04)23274275,(04)23288582,2025,12,3,11,18,臺中市,南屯區,0,0,0,7,,,50,,,,,,,,,,,,,,,,,,,B03,,,1,,1,,,51,51,1,12,4,120.633748,24.153515,3
1182,66000,387130000C,(04)23274275,(04)23288582,2025,12,3,11,18,臺中市,烏日區,1,0,0,7,2,6,50,4,1,1,5,4,6,6,2,1,10,5,5,2,12,3,10,3,1,A31,7,5,1,1,2,5,,8,8,1,6,4,120.648269,24.093238,1
1183,66000,387130000C,(04)23274275,(04)23288582,2025,12,3,11,20,臺中市,霧峰區,0,1,0,7,2,6,50,3,1,1,5,4,6,6,4,4,1,4,4,1,16,3,10,5,4,B12,7,6,1,8,2,5,,14,14,1,12,4,120.699328,24.076952,2
1184,66000,387130000C,(04)23274275,(04)23288582,2025,12,3,11,25,臺中市,大雅區,0,0,0,7,,,70,,,,,,,,,,,,,,,,,,,B03,,,1,,2,,,7,7,1,13,4,120.618306,24.242649,3
1185,66000,387130000C,(04)23274275,(04)23288582,2025,12,3,11,28,臺中市,大里區,0,3,0,7,2,6,50,4,1,1,5,4,6,6,1,1,10,5,5,2,17,2,9,1,1,C03,7,6,1,10,2,14,,84,84,1,12,4,120.684985,24.119173,2
1186,66000,387130000C,(04)23274275,(04)23288582,2025,12,3,11,30,臺中市,大雅區,0,0,0,7,,,60,,,,,,,,,,,,,,,,,,,B12,,,1,,2,,,68,68,1,12,4,120.649221,24.216087,3
1187,66000,387130000C,(04)23274275,(04)23288582,2025,12,3,11,35,臺中市,南區,0,1,0,7,2,6,40,3,1,1,5,4,6,6,2,1,10,5,5,2,16,3,10,3,1,B12,7,5,1,8,2,5,,84,84,1,12,4,120.652186,24.112683,2
1188,66000,387130000C,(04)23274275,(04)23288582,2025,12,3,11,35,臺中市,西屯區,0,1,0,7,2,6,30,13,9,1,5,4,6,6,4,4,10,5,5,2,17,3,10,3,1,B03,7,1,1,8,2,4,,51,51,1,12,4,120.644446,24.160211,2
1189,66000,387130000C,(04)23274275,(04)23288582,2025,12,3,11,35,臺中市,龍井區,0,0,0,7,,,30,,,,,,,,,,,,,,,,,,,B03,,,1,,1,,,49,49,1,13,4,120.59342,24.180833,3
1190,66000,387130000C,(04)23274275,(04)23288582,2025,12,3,11,35,臺中市,大里區,0,0,0,7,2,6,50,3,1,1,5,4,6,6,4,4,5,5,5,1,16,,,,,B03,,,1,,2,,,39,39,1,13,4,120.686005,24.101913,3
1191,66000,387130000C,(04)23274275,(04)23288582,2025,12,3,11,40,臺中市,南區,0,0,0,6,,,50,,,,,,,,,,,,,,,,,,,B03,,,1,,1,,,84,84,1,12,4,120.670681,24.119158,3
1192,66000,387130000C,(04)23274275,(04)23288582,2025,12,3,11,43,臺中市,北區,0,0,0,7,,,50,,,,,,,,,,,,,,17,,,,,B02,,,1,,1,,,84,84,1,13,4,120.678865,24.149924,3
1193,66000,387130000C,(04)23274275,(04)23288582,2025,12,3,11,43,臺中市,北屯區,0,1,0,7,2,6,50,13,9,1,5,4,6,6,4,4,9,4,5,2,17,3,10,1,1,C03,7,1,1,10,1,12,,51,51,1,12,4,120.687036,24.187281,2
1194,66000,387130000C,(04)23274275,(04)23288582,2025,12,3,11,43,臺中市,西屯區,0,0,0,7,,3,80,,,,,,,,,,,,,,30,,,,,B03,,,1,,1,,,84,84,1,12,4,120.634948,24.179291,3
1195,66000,387130000C,(04)23274275,(04)23288582,2025,12,3,11,45,臺中市,西屯區,0,0,0,7,,,40,,,,,,,,,,,,,,16,,,,,C04,,,1,,1,,,45,45,1,12,4,120.61778,24.160658,3
1196,66000,387130000C,(04)23274275,(04)23288582,2025,12,3,11,45,臺中市,太平區,0,0,0,7,,,30,,,,,,,,,,,,,,,,,,,C03,,,1,,1,,,15,15,1,13,4,120.719923,24.147316,3
1197,66000,387130000C,(04)23274275,(04)23288582,2025,12,3,11,47,臺中市,霧峰區,0,0,0,7,,,30,,,,,,,,,,,,,,16,,,,,C03,,,1,,2,,,12,12,1,6,4,120.699217,24.068512,3
1198,66000,387130000C,(04)23274275,(04)23288582,2025,12,3,11,47,臺中市,沙鹿區,0,0,0,7,,,40,,,,,,,,,,,,,,17,,,,,B03,,,1,,1,,,50,50,1,12,4,120.569003,24.223063,3
1199,66000,387130000C,(04)23274275,(04)23288582,2025,12,3,11,49,臺中市,豐原區,0,1,0,6,2,6,50,13,9,1,5,4,6,6,4,4,10,5,5,2,17,3,10,5,1,B12,7,15,1,8,1,16,,84,84,1,12,4,120.716684,24.241483,2
1200,66000,387130000C,(04)23274275,(04)23288582,2025,12,3,11,51,臺中市,東區,0,0,0,7,,,50,,,,,,,,,,,,,,15,,,,,C03,,,1,,1,,,15,15,1,12,2,120.691672,24.127022,3
1201,66000,387130000C,(04)23274275,(04)23288582,2025,12,3,11,52,臺中市,西屯區,0,0,0,7,,,60,,,,,,,,,,,,,,13,,,,,B03,,,1,,1,,,59,59,1,12,4,120.644567,24.194787,3
1202,66000,387130000C,(04)23274275,(04)23288582,2025,12,3,11,54,臺中市,南屯區,0,0,0,7,,,50,,,,,,,,,,,,,,12,,,,,B03,,,1,,1,,,84,84,1,12,4,120.647947,24.123397,3
1203,66000,387130000C,(04)23274275,(04)23288582,2025,12,3,11,54,臺中市,北屯區,0,1,0,7,2,6,50,13,9,1,5,4,6,6,4,4,5,4,5,2,18,2,9,1,1,C03,7,9,1,10,2,14,,85,85,1,12,4,120.664995,24.186083,2
1204,66000,387130000C,(04)23274275,(04)23288582,2025,12,3,11,55,臺中市,北屯區,0,0,0,7,,,50,,,,,,,,,,,,,,13,,,,,B03,,,1,,1,,,84,84,1,12,4,120.677184,24.18366,3
1205,66000,387130000C,(04)23274275,(04)23288582,2025,12,3,11,55,臺中市,豐原區,0,0,0,7,,,50,,,,,,,,,,,,,,17,,,,,B03,,,1,,2,,,50,50,1,12,4,120.719847,24.253379,4
1206,66000,387130000C,(04)23274275,(04)23288582,2025,12,3,11,56,臺中市,太平區,0,1,0,7,2,6,40,11,9,1,5,4,6,6,4,4,5,5,5,1,18,2,9,2,1,C03,7,9,1,10,2,12,14,84,84,1,12,4,120.774623,24.10522,2
1207,66000,387130000C,(04)23274275,(04)23288582,2025,12,3,11,57,臺中市,南區,0,0,0,7,,,0,,,,,,,,,,,,,,17,,,,,C03,,,1,,2,,,84,84,1,12,4,120.67905,24.126483,3
1208,66000,387130000C,(04)23274275,(04)23288582,2025,12,3,11,59,臺中市,南區,0,0,0,7,,,50,,,,,,,,,,,,,,13,,,,,B03,,,1,,1,,,84,84,1,13,4,120.659333,24.113179,3
1209,66000,387130000C,(04)23274275,(04)23288582,2025,12,3,12,2,臺中市,西屯區,0,1,0,7,2,6,50,13,9,1,5,4,6,6,4,4,3,4,5,2,17,2,9,5,1,C03,7,1,1,10,2,14,,51,51,1,12,4,120.663744,24.172806,2
1210,66000,387130000C,(04)23274275,(04)23288582,2025,12,3,12,7,臺中市,西屯區,0,0,0,7,,,50,,,,,,,,,,,,,,,,,,,B03,,,1,,1,,,51,51,1,13,4,120.658496,24.171586,3
1211,66000,387130000C,(04)23274275,(04)23288582,2025,12,3,12,10,臺中市,大雅區,0,0,0,7,,,50,,,,,,,,,,,,,,,,,,,B12,,,1,,2,,,49,49,1,12,4,120.652249,24.223764,3
1212,66000,387130000C,(04)23274275,(04)23288582,2025,12,3,12,12,臺中市,后里區,0,1,0,7,2,6,50,4,1,1,5,4,6,6,4,4,10,5,5,2,12,3,10,1,1,C03,7,6,1,10,2,11,,14,14,1,12,4,120.712681,24.308055,2
1213,66000,387130000C,(04)23274275,(04)23288582,2025,12,3,12,15,臺中市,大雅區,0,0,0,7,,,50,,,,,,,,,,,,,,,,,,,C03,,,1,,2,,,20,20,1,13,4,120.649108,24.226976,3
1214,66000,387130000C,(04)23274275,(04)23288582,2025,12,3,12,15,臺中市,沙鹿區,0,1,0,7,2,6,50,4,1,1,5,4,6,6,4,4,5,4,4,2,16,3,10,1,1,C03,7,11,1,10,2,12,,45,45,1,12,4,120.560821,24.241481,2
1215,66000,387130000C,(04)23274275,(04)23288582,2025,12,3,12,16,臺中市,北屯區,0,0,0,7,,,40,,,,,,,,,,,,,2,13,,,,,B03,,,1,,1,,,84,84,1,12,4,120.719034,24.162008,3
1216,66000,387130000C,(04)23274275,(04)23288582,2025,12,3,12,16,臺中市,石岡區,0,1,0,7,2,6,50,3,1,1,5,4,6,6,4,4,10,5,5,2,17,3,10,2,1,C03,7,5,1,10,2,13,,12,12,1,12,4,120.814439,24.253629,2
1217,66000,387130000C,(04)23274275,(04)23288582,2025,12,3,12,17,臺中市,北區,0,1,0,7,2,6,30,3,2,1,5,4,6,6,4,4,10,5,5,2,17,3,10,2,1,C03,7,5,1,10,2,11,,14,14,1,13,4,120.683652,24.152216,2
1218,66000,387130000C,(04)23274275,(04)23288582,2025,12,3,12,18,臺中市,大雅區,0,0,0,7,,,30,,,,,,,,,,,,,,,,,,,B03,,,1,,1,,,49,49,1,12,4,120.649299,24.226928,3
1219,66000,387130000C,(04)23274275,(04)23288582,2025,12,3,12,20,臺中市,神岡區,0,0,0,7,,,40,,,,,,,,,,,,,,21,,,,,G03,,,1,,2,,,47,47,1,6,4,120.658865,24.276816,3
1220,66000,387130000C,(04)23274275,(04)23288582,2025,12,3,12,22,臺中市,龍井區,0,0,0,7,,,50,,,,,,,,,,,,,,12,,,,,B12,,,1,,9,,,8,8,1,6,4,120.588355,24.181016,3
1221,66000,387130000C,(04)23274275,(04)23288582,2025,12,3,12,23,臺中市,豐原區,0,0,0,7,,,40,,,,,,,,,,,,,,12,,,,,B03,,,1,,2,,,50,50,1,6,4,120.721212,24.236494,3
1222,66000,387130000C,(04)23274275,(04)23288582,2025,12,3,12,24,臺中市,龍井區,0,2,0,7,2,6,50,13,7,1,5,4,6,6,4,4,3,5,3,1,13,2,3,3,1,B03,7,9,1,8,2,1,,59,59,1,6,4,120.581446,24.188118,2
1223,66000,387130000C,(04)23274275,(04)23288582,2025,12,3,12,27,臺中市,南屯區,0,0,0,7,,,50,,,,,,,,,,,,,,,,,,,B03,,,1,,2,,,49,49,1,6,4,120.608506,24.145059,3
1224,66000,387130000C,(04)23274275,(04)23288582,2025,12,3,12,27,臺中市,西屯區,0,1,0,7,2,6,50,3,1,1,5,4,6,6,4,4,10,5,5,2,16,3,10,6,1,F01,7,6,7,21,2,14,,48,48,1,12,1,120.646488,24.171355,2
1225,66000,387130000C,(04)23274275,(04)23288582,2025,12,3,12,34,臺中市,沙鹿區,0,0,0,7,,,60,,,,,,,,,,,,,,13,,,,,B03,,,1,,1,,,7,7,1,12,4,120.578746,24.223294,3
1226,66000,387130000C,(04)23274275,(04)23288582,2025,12,3,12,37,臺中市,沙鹿區,0,1,0,7,2,6,40,13,8,1,5,4,6,6,4,4,1,4,4,2,17,3,10,4,1,B03,7,13,1,8,2,4,,76,76,1,6,4,120.567567,24.205472,2
1227,66000,387130000C,(04)23274275,(04)23288582,2025,12,3,12,38,臺中市,西屯區,0,0,0,7,,,30,,,,,,,,,,,,,,16,,,,,B03,,,1,,1,,,14,14,1,12,4,120.654878,24.171675,3
1228,66000,387130000C,(04)23274275,(04)23288582,2025,12,3,12,40,臺中市,霧峰區,0,0,0,7,,,50,,,,,,,,,,,,,,13,,,,,C03,,,1,,2,,,7,7,1,5,4,120.702646,24.070175,3
1229,66000,387130000C,(04)23274275,(04)23288582,2025,12,3,12,44,臺中市,太平區,0,2,0,7,2,6,50,4,1,1,5,4,6,6,1,1,10,5,5,2,16,2,9,2,1,C04,7,6,1,10,2,11,,14,14,1,12,2,120.714686,24.141432,2
1230,66000,387130000C,(04)23274275,(04)23288582,2025,12,3,12,45,臺中市,西區,0,0,0,7,,,50,,,,,,,,,,,,,,,,,,,B12,,,1,,1,,,76,76,1,12,4,120.657123,24.138207,3
1231,66000,387130000C,(04)23274275,(04)23288582,2025,12,3,12,45,臺中市,龍井區,0,1,0,7,2,6,50,13,9,1,5,4,6,6,4,4,7,5,5,2,17,3,10,3,1,B12,7,9,1,8,2,16,,72,72,1,6,4,120.58528,24.181962,2
1232,66000,387130000C,(04)23274275,(04)23288582,2025,12,3,12,45,臺中市,沙鹿區,0,2,0,7,2,6,50,4,1,1,5,4,6,6,3,1,5,4,4,2,16,2,8,1,1,C03,7,6,1,10,2,11,14,12,12,1,12,4,120.574095,24.215387,2
1233,66000,387130000C,(04)23274275,(04)23288582,2025,12,3,12,46,臺中市,北屯區,0,1,0,7,2,6,50,4,1,1,5,4,6,6,1,1,10,5,5,2,16,3,10,3,1,B03,7,5,1,8,2,2,,20,20,1,6,4,120.705738,24.1648,2
1234,66000,387130000C,(04)23274275,(04)23288582,2025,12,3,12,58,臺中市,太平區,0,1,0,7,2,6,50,4,1,1,5,4,6,6,4,4,10,5,5,2,6,3,10,6,5,H01,8,18,7,21,2,17,,95,95,1,13,5,120.719303,24.12167,2
1235,66000,387130000C,(04)23274275,(04)23288582,2025,12,3,13,7,臺中市,清水區,0,0,0,7,,,50,,,,,,,,,,,,,,,,,,,B03,,,1,,2,,,59,59,1,12,4,120.534502,24.269898,3
1236,66000,387130000C,(04)23274275,(04)23288582,2025,12,3,13,11,臺中市,北區,0,0,0,7,,,,,,,,,,,,,,,,,9,,,,,,,,,,,,,84,84,1,,,120.692429,24.158569,3