序號,縣市別代碼,機關代碼,市話,傳真,年,月,日,時,分,縣市,區,死亡數量,受傷數量,2-30,天候,道路照明設備,道路類別,道路速限,道路型態,事故位置,路面鋪裝,路面狀態,路面缺陷,障礙物,視距,號誌種類,號誌動作,分向設施,快車道或一般車道間,快慢車道間,路面邊線,事故類型及型態,受傷程度,主要傷處,保護裝備,行動電話或功能裝置,當事者區分(類別),車輛用途,當事者行動狀態,駕照狀態,駕照種類,飲酒情形,車輛撞擊部位最初,車輛撞擊部位其他,肇事因素個別,肇事因素主要,肇事逃逸,職業,共享經濟或外送平台,GPS座標X,GPS座標Y,事故類別
1237,66000,387130000C,(04)23274275,(04)23288582,2025,12,3,13,11,臺中市,西屯區,0,0,0,7,,,50,,,,,,,,,,,,,,13,,,,,B03,,,1,,1,,,59,59,1,12,4,120.615595,24.18984,3
1238,66000,387130000C,(04)23274275,(04)23288582,2025,12,3,13,14,臺中市,北屯區,0,0,0,7,,,50,,,,,,,,,,,,,,17,,,,,B12,,,1,,1,,,50,50,1,12,4,120.719542,24.171949,3
1239,66000,387130000C,(04)23274275,(04)23288582,2025,12,3,13,17,臺中市,南區,0,1,0,7,2,6,50,13,8,1,5,4,6,6,4,4,1,4,4,2,16,3,10,3,1,B03,7,7,1,8,2,6,,40,40,1,12,4,120.657986,24.112315,2
1240,66000,387130000C,(04)23274275,(04)23288582,2025,12,3,13,18,臺中市,沙鹿區,0,1,0,7,2,6,50,13,9,1,5,4,6,6,4,4,5,5,5,1,14,3,10,3,1,B03,7,2,1,8,2,7,,49,49,1,6,4,120.559288,24.239469,2
1241,66000,387130000C,(04)23274275,(04)23288582,2025,12,3,13,23,臺中市,西區,0,0,0,6,,,50,,,,,,,,,,,,,,13,,,,,B03,,,1,,1,,,59,59,1,12,4,120.661212,24.146669,3
1242,66000,387130000C,(04)23274275,(04)23288582,2025,12,3,13,25,臺中市,北區,0,2,0,7,2,6,30,4,1,1,5,4,6,6,4,4,10,5,5,2,15,2,9,1,1,C03,7,9,1,10,2,11,,84,84,1,13,4,120.68373,24.146526,2
1243,66000,387130000C,(04)23274275,(04)23288582,2025,12,3,13,25,臺中市,東勢區,0,0,0,7,2,6,50,13,9,1,5,4,6,6,4,4,10,5,5,2,17,3,10,3,1,B03,7,2,1,8,2,3,,49,49,1,12,4,120.829472,24.256825,3
1244,66000,387130000C,(04)23274275,(04)23288582,2025,12,3,13,26,臺中市,西區,0,1,0,7,2,6,50,4,1,1,5,4,6,6,1,1,10,5,5,2,17,3,10,3,1,B03,7,9,1,8,2,8,,21,21,1,12,4,120.662627,24.140171,2
1245,66000,387130000C,(04)23274275,(04)23288582,2025,12,3,13,26,臺中市,霧峰區,0,0,0,7,2,6,40,13,9,1,5,4,6,6,4,4,5,5,5,1,13,,,,,B12,,,1,,2,,,59,59,1,6,4,120.700234,24.078449,3
1246,66000,387130000C,(04)23274275,(04)23288582,2025,12,3,13,31,臺中市,東區,0,1,0,7,3,6,40,4,1,1,5,4,6,6,4,4,10,5,5,2,18,2,8,5,4,C03,7,9,1,10,2,14,,84,84,1,12,4,120.693573,24.147967,2
1247,66000,387130000C,(04)23274275,(04)23288582,2025,12,3,13,32,臺中市,中區,0,1,0,7,2,6,0,18,23,4,5,4,6,6,4,4,10,5,5,2,17,2,8,1,1,C03,7,3,1,10,2,11,,50,50,1,13,4,120.679628,24.142679,2
1248,66000,387130000C,(04)23274275,(04)23288582,2025,12,3,13,46,臺中市,東區,0,0,0,7,,,30,,,,,,,,,,,,,,12,,,,,B12,,,1,,1,,,84,84,1,13,4,120.690726,24.139524,3
1249,66000,387130000C,(04)23274275,(04)23288582,2025,12,3,13,47,臺中市,豐原區,0,1,0,7,2,6,50,13,14,1,5,4,6,6,4,4,9,5,5,1,12,2,2,1,1,C03,7,9,3,19,9,11,,8,8,1,12,4,120.726633,24.250671,2
1250,66000,387130000C,(04)23274275,(04)23288582,2025,12,3,13,49,臺中市,潭子區,0,1,0,7,2,6,50,3,2,1,5,4,6,6,1,1,5,5,5,1,17,3,10,2,1,C03,7,5,1,10,11,16,,84,84,1,13,4,120.70133,24.19707,2
1251,66000,387130000C,(04)23274275,(04)23288582,2025,12,3,13,50,臺中市,沙鹿區,0,0,0,7,,,30,,,,,,,,,,,,,,,,,,,C03,,,1,,2,,,59,59,1,13,4,120.57125,24.199467,3
1252,66000,387130000C,(04)23274275,(04)23288582,2025,12,3,13,52,臺中市,西區,0,1,0,7,2,6,50,4,1,1,5,4,6,6,1,1,5,4,5,2,15,3,10,3,1,B03,7,9,1,8,2,2,,21,21,1,12,4,120.670487,24.152223,2
1253,66000,387130000C,(04)23274275,(04)23288582,2025,12,3,13,52,臺中市,西區,0,1,0,7,2,6,50,13,7,1,5,3,6,6,1,1,1,4,4,2,13,2,9,3,1,B03,7,9,1,8,2,8,,84,84,1,12,4,120.665796,24.139462,2
1254,66000,387130000C,(04)23274275,(04)23288582,2025,12,3,13,55,臺中市,南屯區,0,0,0,7,,,50,,,,,,,,,,,,,,17,,,,,B03,,,1,,1,,,40,40,1,6,4,120.613328,24.154019,3
1255,66000,387130000C,(04)23274275,(04)23288582,2025,12,3,13,55,臺中市,豐原區,0,1,0,7,2,6,50,4,1,1,5,4,6,6,2,1,1,4,5,2,17,2,7,2,1,C03,7,9,1,10,2,11,,21,21,1,12,4,120.714342,24.244879,2
1256,66000,387130000C,(04)23274275,(04)23288582,2025,12,3,13,56,臺中市,北區,0,1,0,7,2,6,50,3,2,1,5,4,6,6,4,4,10,5,5,2,12,3,10,2,1,C03,7,9,1,10,2,12,,84,84,1,13,4,120.682566,24.16636,2
1257,66000,387130000C,(04)23274275,(04)23288582,2025,12,3,13,56,臺中市,太平區,0,0,0,7,,,50,,,,,,,,,,,,,,14,,,,,B03,,,1,,2,,,49,49,1,12,4,120.724667,24.107172,3
1258,66000,387130000C,(04)23274275,(04)23288582,2025,12,3,14,1,臺中市,西屯區,0,1,0,7,2,6,50,3,1,1,5,4,6,6,4,4,10,5,5,2,16,2,9,1,1,C03,7,6,1,8,2,12,,12,12,1,12,4,120.626497,24.179294,2
1259,66000,387130000C,(04)23274275,(04)23288582,2025,12,3,14,3,臺中市,中區,0,1,0,7,2,6,50,13,9,1,5,4,6,6,4,4,5,4,5,2,17,3,10,3,1,B03,7,9,1,8,2,1,,87,87,1,12,4,120.685322,24.142574,2
1260,66000,387130000C,(04)23274275,(04)23288582,2025,12,3,14,4,臺中市,西屯區,0,1,0,7,2,6,50,4,1,1,5,4,6,6,2,1,10,5,5,2,16,2,9,1,1,C03,7,5,1,10,2,14,,22,22,1,13,4,120.661908,24.170099,2
1261,66000,387130000C,(04)23274275,(04)23288582,2025,12,3,14,7,臺中市,北屯區,0,0,0,7,,,50,,,,,,,,,,,,,,13,,,,,B03,,,1,,1,,,84,84,1,6,4,120.731252,24.177292,3
1262,66000,387130000C,(04)23274275,(04)23288582,2025,12,3,14,8,臺中市,北屯區,0,0,0,7,,,50,,,,,,,,,,,,,,9,,,,,A12,,,1,,1,,,87,87,1,6,4,120.700644,24.165142,4
1263,66000,387130000C,(04)23274275,(04)23288582,2025,12,3,14,10,臺中市,北區,0,0,0,7,,,30,,,,,,,,,,,,,,13,,,,,B01,,,1,,2,,,59,59,1,13,4,120.676821,24.157521,3
1264,66000,387130000C,(04)23274275,(04)23288582,2025,12,3,14,18,臺中市,西區,0,2,0,7,2,6,50,4,1,1,5,4,6,6,2,1,5,4,5,2,12,2,9,1,1,C03,7,9,1,10,2,11,,84,84,1,13,4,120.665086,24.146682,2
1265,66000,387130000C,(04)23274275,(04)23288582,2025,12,3,14,18,臺中市,大里區,0,0,0,7,,,30,,,,,,,,,,,,,,25,,,,,B12,,,1,,11,,,8,8,1,12,4,120.730091,24.087756,3
1266,66000,387130000C,(04)23274275,(04)23288582,2025,12,3,14,22,臺中市,北屯區,0,1,0,7,2,6,50,13,7,1,5,4,6,6,4,4,9,5,4,2,17,3,10,3,1,B03,7,11,6,20,9,4,,45,45,2,13,4,120.662212,24.187343,2
1267,66000,387130000C,(04)23274275,(04)23288582,2025,12,3,14,27,臺中市,新社區,0,0,0,7,,,50,,,,,,,,,,,,,,,,,,,B12,,,1,,1,,,7,7,1,13,4,120.806629,24.256283,3
1268,66000,387130000C,(04)23274275,(04)23288582,2025,12,3,14,31,臺中市,太平區,0,2,0,7,2,9,30,13,9,1,5,4,6,6,4,4,10,5,5,2,18,2,9,2,1,C03,7,9,1,10,2,14,,84,84,1,12,4,120.71186,24.111762,2
1269,66000,387130000C,(04)23274275,(04)23288582,2025,12,3,14,33,臺中市,沙鹿區,0,2,0,7,2,6,40,13,8,1,5,4,6,6,4,4,1,4,4,2,18,2,9,1,1,C03,7,9,1,10,2,14,,82,82,1,12,4,120.572017,24.211384,2
1270,66000,387130000C,(04)23274275,(04)23288582,2025,12,3,14,34,臺中市,西屯區,0,0,0,7,,,30,,,,,,,,,,,,,,13,,,,,C03,,,1,,1,,,59,59,1,12,4,120.617677,24.175676,4
1271,66000,387130000C,(04)23274275,(04)23288582,2025,12,3,14,35,臺中市,北屯區,0,1,0,7,2,6,50,4,1,1,5,4,6,6,2,1,10,5,5,2,16,3,10,3,1,B03,7,9,1,8,2,4,,65,65,1,6,4,120.676136,24.200773,2
1272,66000,387130000C,(04)23274275,(04)23288582,2025,12,3,14,35,臺中市,后里區,0,1,0,7,2,6,50,13,8,1,5,4,6,6,4,4,5,4,4,1,18,2,9,1,1,C03,7,9,1,10,2,11,,59,59,1,12,4,120.731283,24.337316,2
1273,66000,387130000C,(04)23274275,(04)23288582,2025,12,3,14,42,臺中市,西區,0,0,0,7,,,50,,,,,,,,,,,,,,17,,,,,B03,,,1,,2,,,42,42,1,12,4,120.666736,24.141067,3
1274,66000,387130000C,(04)23274275,(04)23288582,2025,12,3,14,43,臺中市,太平區,0,1,0,7,2,6,50,11,9,1,5,4,6,6,4,4,5,4,5,2,18,2,9,1,4,C03,7,5,1,10,2,12,,84,84,1,13,4,120.734352,24.150234,2
1275,66000,387130000C,(04)23274275,(04)23288582,2025,12,3,14,45,臺中市,大肚區,0,1,0,7,2,6,60,3,2,1,5,4,6,6,2,1,1,4,1,2,13,3,10,5,4,B03,7,9,1,8,2,1,,7,7,1,12,4,120.580139,24.168406,2
1276,66000,387130000C,(04)23274275,(04)23288582,2025,12,3,14,50,臺中市,南屯區,0,1,0,7,3,6,50,4,1,1,5,4,6,6,4,4,5,5,5,2,15,2,9,1,1,C03,7,9,3,19,2,12,,15,15,1,12,4,120.616052,24.153198,2
1277,66000,387130000C,(04)23274275,(04)23288582,2025,12,3,14,50,臺中市,南屯區,0,1,0,7,2,6,50,4,1,1,5,4,6,6,1,1,9,3,3,2,17,2,9,1,1,C03,7,9,1,10,2,16,,84,84,1,12,4,120.652926,24.14004,2
1278,66000,387130000C,(04)23274275,(04)23288582,2025,12,3,14,51,臺中市,北屯區,0,1,0,7,2,6,50,13,9,1,5,4,6,6,4,4,5,5,5,2,17,3,10,3,1,B12,7,1,1,8,2,5,,51,51,1,12,4,120.733566,24.176328,2
1279,66000,387130000C,(04)23274275,(04)23288582,2025,12,3,14,52,臺中市,西區,0,1,0,7,2,6,50,4,2,1,5,4,6,6,2,1,5,5,5,1,16,3,10,3,1,B03,7,6,1,8,2,8,,48,48,1,13,4,120.673822,24.14041,2
1280,66000,387130000C,(04)23274275,(04)23288582,2025,12,3,14,52,臺中市,豐原區,0,0,0,7,2,6,50,13,1,1,5,4,6,6,4,4,10,5,5,2,14,3,10,1,1,C03,7,2,1,10,2,13,,49,49,1,12,4,120.72345,24.243985,3
1281,66000,387130000C,(04)23274275,(04)23288582,2025,12,3,14,53,臺中市,中區,0,1,0,7,2,6,50,13,9,1,5,4,6,6,1,1,5,4,5,2,13,2,9,2,1,C03,7,9,1,10,2,11,,7,7,1,12,4,120.678387,24.141365,2
1282,66000,387130000C,(04)23274275,(04)23288582,2025,12,3,14,54,臺中市,南屯區,0,0,0,7,,,50,,,,,,,,,,,,,,,,,,,B03,,,1,,1,,,40,40,1,12,4,120.623141,24.145201,3
1283,66000,387130000C,(04)23274275,(04)23288582,2025,12,3,14,54,臺中市,霧峰區,0,0,0,7,,,50,,,,,,,,,,,,,,25,,,,,G03,,,1,,2,,,84,84,1,6,4,120.73648,24.03553,3
1284,66000,387130000C,(04)23274275,(04)23288582,2025,12,3,14,56,臺中市,南區,0,0,0,7,,,50,,,,,,,,,,,,,,,,,,,B12,,,1,,2,,,84,84,1,12,4,120.656394,24.121382,3
1285,66000,387130000C,(04)23274275,(04)23288582,2025,12,3,14,56,臺中市,西屯區,0,0,0,7,,,50,,,,,,,,,,,,,,16,,,,,B03,,,1,,2,,,48,48,1,12,4,120.655111,24.176113,3
1286,66000,387130000C,(04)23274275,(04)23288582,2025,12,3,15,1,臺中市,北屯區,0,1,0,7,2,6,30,3,2,1,5,4,6,6,4,4,10,5,5,2,16,3,10,3,1,B03,7,6,1,8,2,4,,14,14,1,6,4,120.710026,24.183913,2
1287,66000,387130000C,(04)23274275,(04)23288582,2025,12,3,15,1,臺中市,大甲區,0,1,0,7,2,6,50,4,1,1,5,4,6,6,4,4,10,5,5,2,15,2,9,2,1,C03,7,9,3,19,2,12,,12,12,1,6,4,120.620082,24.348279,2
1288,66000,387130000C,(04)23274275,(04)23288582,2025,12,3,15,1,臺中市,神岡區,0,0,0,7,,,50,,,,,,,,,,,,,,17,,,,,B12,,,1,,1,,,20,20,1,12,4,120.682514,24.243494,3
1289,66000,387130000C,(04)23274275,(04)23288582,2025,12,3,15,6,臺中市,南屯區,0,0,0,7,,,50,,,,,,,,,,,,,,13,,,,,C03,,,1,,1,,,59,59,1,6,4,120.638415,24.135356,3
1290,66000,387130000C,(04)23274275,(04)23288582,2025,12,3,15,6,臺中市,神岡區,0,0,0,7,,,50,,,,,,,,,,,,,,27,,,,,A11,,,1,,2,,,75,75,1,6,4,120.656464,24.264609,3
1291,66000,387130000C,(04)23274275,(04)23288582,2025,12,3,15,8,臺中市,西區,0,1,0,7,2,6,50,3,1,1,5,4,6,6,1,1,10,5,5,2,17,2,9,1,1,C03,7,9,1,10,2,11,,7,7,1,12,4,120.654196,24.153587,2
1292,66000,387130000C,(04)23274275,(04)23288582,2025,12,3,15,8,臺中市,霧峰區,0,0,0,7,,,60,,,,,,,,,,,,,,16,,,,,B03,,,1,,2,,,47,47,1,6,4,120.66433,24.083256,3
1293,66000,387130000C,(04)23274275,(04)23288582,2025,12,3,15,13,臺中市,南屯區,0,1,0,7,2,6,50,13,9,1,5,4,6,6,4,4,9,5,5,2,17,2,8,2,1,C03,7,6,1,10,2,14,,48,48,1,13,4,120.634204,24.143912,2
1294,66000,387130000C,(04)23274275,(04)23288582,2025,12,3,15,18,臺中市,西區,0,0,0,7,,,50,,,,,,,,,,,,,,,,,,,B03,,,1,,1,,,49,49,1,12,4,120.660914,24.14786,3
1295,66000,387130000C,(04)23274275,(04)23288582,2025,12,3,15,19,臺中市,太平區,0,1,0,7,2,6,30,3,9,1,5,4,6,6,1,1,10,5,5,1,14,3,10,3,1,B03,7,2,1,8,2,3,,49,49,1,13,4,120.750756,24.122891,2
1296,66000,387130000C,(04)23274275,(04)23288582,2025,12,3,15,20,臺中市,南屯區,0,1,0,7,3,6,50,13,9,1,5,4,6,6,4,4,5,4,5,2,12,3,10,3,1,B13,7,9,1,8,2,2,,73,73,1,12,4,120.636127,24.135924,2
1297,66000,387130000C,(04)23274275,(04)23288582,2025,12,3,15,21,臺中市,太平區,0,0,0,7,,,50,,,,,,,,,,,,,,17,,,,,C03,,,1,,2,,,84,84,1,12,4,120.722412,24.157466,3
1298,66000,387130000C,(04)23274275,(04)23288582,2025,12,3,15,26,臺中市,大安區,0,2,0,7,2,3,90,13,9,1,5,4,6,6,4,4,1,4,5,1,17,3,10,3,1,A41,7,9,1,1,2,16,,68,68,1,6,4,120.602151,24.391399,2
1299,66000,387130000C,(04)23274275,(04)23288582,2025,12,3,15,29,臺中市,大里區,0,0,0,7,,,30,,,,,,,,,,,,,,,,,,,B12,,,1,,2,,,8,8,1,12,4,120.6657,24.099576,3
1300,66000,387130000C,(04)23274275,(04)23288582,2025,12,3,15,32,臺中市,北屯區,0,0,0,7,,,50,,,,,,,,,,,,,,12,,,,,A05,,,1,,9,,,8,8,1,12,4,120.670563,24.175381,3
1301,66000,387130000C,(04)23274275,(04)23288582,2025,12,3,15,39,臺中市,南區,0,0,0,7,,,50,,,,,,,,,,,,,,,,,,,B03,,,1,,9,,,84,84,2,6,4,120.676127,24.131822,3
1302,66000,387130000C,(04)23274275,(04)23288582,2025,12,3,15,40,臺中市,清水區,0,0,0,7,,,50,,,,,,,,,,,,,,,,,,,B03,,,1,,1,,,49,49,1,12,4,120.557008,24.278527,3
1303,66000,387130000C,(04)23274275,(04)23288582,2025,12,3,15,40,臺中市,神岡區,0,2,0,7,1,6,30,4,1,1,5,4,6,6,4,4,10,5,5,2,15,2,9,1,4,C03,7,9,1,10,2,12,,15,15,1,12,4,120.657887,24.268751,2
1304,66000,387130000C,(04)23274275,(04)23288582,2025,12,3,15,43,臺中市,東區,0,1,0,7,2,6,50,4,1,1,5,4,6,6,2,1,10,5,5,2,16,3,10,3,1,B03,7,5,1,8,2,1,,11,11,1,12,4,120.711739,24.144404,2
1305,66000,387130000C,(04)23274275,(04)23288582,2025,12,3,15,45,臺中市,太平區,0,1,0,7,2,6,40,13,8,1,5,4,6,6,4,4,1,5,1,2,16,2,7,1,1,C03,7,9,1,10,2,14,,84,84,1,12,4,120.715893,24.15304,2
1306,66000,387130000C,(04)23274275,(04)23288582,2025,12,3,15,46,臺中市,南屯區,0,0,0,7,,,50,,,,,,,,,,,,,,9,,,,,B03,,,1,,1,,,40,40,1,6,4,120.623072,24.149043,3
1307,66000,387130000C,(04)23274275,(04)23288582,2025,12,3,15,47,臺中市,西屯區,0,0,0,7,,,50,,,,,,,,,,,,,,17,,,,,B03,,,1,,1,,,59,59,1,12,4,120.648266,24.16924,3
1308,66000,387130000C,(04)23274275,(04)23288582,2025,12,3,15,49,臺中市,大里區,0,0,0,7,,,50,,,,,,,,,,,,,,,,,,,C03,,,1,,2,,,14,14,1,12,4,120.691412,24.106142,3
1309,66000,387130000C,(04)23274275,(04)23288582,2025,12,3,15,49,臺中市,豐原區,0,1,0,7,2,6,50,3,9,1,5,4,6,6,1,1,5,4,5,1,13,2,9,5,4,C03,7,9,1,10,2,11,,58,58,1,12,4,120.720382,24.26567,2
1310,66000,387130000C,(04)23274275,(04)23288582,2025,12,3,15,50,臺中市,北屯區,0,2,0,7,2,6,30,4,1,1,5,4,6,6,4,4,5,5,5,2,15,2,9,2,1,C03,7,9,1,10,9,11,,12,12,1,12,4,120.711142,24.173984,2
1311,66000,387130000C,(04)23274275,(04)23288582,2025,12,3,15,50,臺中市,龍井區,0,1,0,7,2,6,30,3,1,1,5,4,6,6,4,4,10,5,5,2,16,2,9,5,4,C03,7,6,1,10,2,15,,14,14,1,12,4,120.588467,24.178239,2
1312,66000,387130000C,(04)23274275,(04)23288582,2025,12,3,15,51,臺中市,大雅區,0,0,0,7,,,0,,,,,,,,,,,,,,,,,,,B13,,,1,,2,,,78,78,1,12,4,120.648362,24.226754,3
1313,66000,387130000C,(04)23274275,(04)23288582,2025,12,3,15,53,臺中市,北屯區,0,2,0,7,2,6,40,4,1,1,5,4,6,6,2,1,10,5,5,2,16,2,9,1,1,C03,7,6,3,19,2,14,,48,48,1,13,4,120.724214,24.166838,2
1314,66000,387130000C,(04)23274275,(04)23288582,2025,12,3,15,54,臺中市,北區,0,1,0,7,2,6,40,11,8,1,5,4,6,6,4,4,1,4,4,2,17,3,10,3,1,B03,7,14,1,8,2,4,,76,76,1,12,4,120.677448,24.154859,2
1315,66000,387130000C,(04)23274275,(04)23288582,2025,12,3,15,55,臺中市,大里區,0,0,0,7,,,50,,,,,,,,,,,,,,17,,,,,B03,,,1,,3,,,76,76,1,6,4,120.696978,24.104388,3
1316,66000,387130000C,(04)23274275,(04)23288582,2025,12,3,15,57,臺中市,大里區,0,2,0,7,3,6,50,4,1,1,5,4,6,6,4,4,10,5,5,2,16,2,7,1,1,C03,7,9,1,10,2,11,,84,84,1,13,4,120.711853,24.085937,2
1317,66000,387130000C,(04)23274275,(04)23288582,2025,12,3,15,57,臺中市,沙鹿區,0,1,0,7,2,6,50,13,7,1,5,4,6,6,4,4,5,4,4,1,17,2,8,1,1,C03,7,11,3,19,2,12,11,84,84,1,6,4,120.560733,24.241372,2
1318,66000,387130000C,(04)23274275,(04)23288582,2025,12,3,15,58,臺中市,北屯區,0,2,0,7,2,6,50,13,7,1,5,4,6,6,4,4,5,4,4,2,12,2,8,1,1,C03,7,9,1,10,2,11,,7,7,1,6,4,120.676983,24.193209,2
1319,66000,387130000C,(04)23274275,(04)23288582,2025,12,3,16,1,臺中市,北屯區,0,0,0,7,,,50,,,,,,,,,,,,,,17,,,,,B03,,,1,,1,,,58,58,1,6,4,120.692474,24.166491,3
1320,66000,387130000C,(04)23274275,(04)23288582,2025,12,3,16,4,臺中市,豐原區,0,2,0,7,2,6,30,3,1,1,5,4,6,6,4,4,10,5,5,2,16,2,8,1,1,F03,7,5,7,21,2,11,,14,14,1,12,4,120.704993,24.252252,2
1321,66000,387130000C,(04)23274275,(04)23288582,2025,12,3,16,8,臺中市,南屯區,0,0,0,7,,,50,,,,,,,,,,,,,,,,,,,C03,,,1,,1,,,7,7,1,13,4,120.642347,24.151438,3
1322,66000,387130000C,(04)23274275,(04)23288582,2025,12,3,16,9,臺中市,東區,0,1,0,7,2,6,50,5,1,1,5,4,6,6,2,1,10,5,5,2,17,3,10,3,1,B03,7,5,1,7,2,5,,11,11,1,12,4,120.69535,24.141674,2
1323,66000,387130000C,(04)23274275,(04)23288582,2025,12,3,16,13,臺中市,北屯區,0,1,0,7,2,6,40,4,1,1,5,4,6,6,2,1,5,5,4,2,18,3,10,6,1,F01,7,6,7,21,2,16,,48,48,1,3,1,120.670074,24.177917,2
1324,66000,387130000C,(04)23274275,(04)23288582,2025,12,3,16,15,臺中市,北屯區,0,0,0,7,,,40,,,,,,,,,,,,,,,,,,,F01,,,1,,1,,,8,8,1,12,4,120.696672,24.176955,3
1325,66000,387130000C,(04)23274275,(04)23288582,2025,12,3,16,17,臺中市,霧峰區,0,1,0,7,2,6,50,3,1,1,5,4,6,6,3,1,10,5,5,1,17,3,10,3,1,B03,7,5,5,19,11,4,,20,20,1,13,4,120.695612,24.052812,2
1326,66000,387130000C,(04)23274275,(04)23288582,2025,12,3,16,18,臺中市,大里區,0,1,0,7,2,6,50,13,9,1,5,4,6,6,4,4,5,4,5,1,17,2,9,1,1,C03,7,9,1,10,2,14,,84,84,1,12,4,120.689939,24.109713,2
1327,66000,387130000C,(04)23274275,(04)23288582,2025,12,3,16,22,臺中市,西屯區,0,2,0,7,2,6,40,4,1,1,5,4,6,6,2,1,10,5,5,2,16,2,8,5,4,C03,7,6,3,19,2,14,,48,48,1,12,4,120.662138,24.165401,2
1328,66000,387130000C,(04)23274275,(04)23288582,2025,12,3,16,23,臺中市,豐原區,0,0,0,7,,,50,,,,,,,,,,,,,,13,,,,,B03,,,1,,2,,,7,7,1,6,4,120.711423,24.250666,3
1329,66000,387130000C,(04)23274275,(04)23288582,2025,12,3,16,24,臺中市,大里區,0,0,0,7,,,60,,,,,,,,,,,,,,13,,,,,B12,,,1,,2,,,7,7,1,6,4,120.676262,24.086041,3
1330,66000,387130000C,(04)23274275,(04)23288582,2025,12,3,16,24,臺中市,沙鹿區,0,0,0,7,,,50,,,,,,,,,,,,,,,,,,,A12,,,1,,9,,,49,49,1,13,4,120.593736,24.261476,3
1331,66000,387130000C,(04)23274275,(04)23288582,2025,12,3,16,27,臺中市,西屯區,0,1,0,7,1,6,50,4,1,1,5,4,6,6,2,1,10,5,5,2,15,3,10,3,1,B03,7,9,1,8,2,1,,21,21,1,12,4,120.653379,24.195191,2
1332,66000,387130000C,(04)23274275,(04)23288582,2025,12,3,16,29,臺中市,北屯區,0,0,0,7,,,50,,,,,,,,,,,,,,13,,,,,B03,,,1,,1,,,84,84,1,13,4,120.685599,24.175877,3
1333,66000,387130000C,(04)23274275,(04)23288582,2025,12,3,16,30,臺中市,東區,0,0,0,7,,,50,,,,,,,,,,,,,,,,,,,B03,,,1,,1,,,12,12,1,6,4,120.705452,24.132212,3
1334,66000,387130000C,(04)23274275,(04)23288582,2025,12,3,16,30,臺中市,清水區,0,0,0,7,,,50,,,,,,,,,,,,,,,,,,,,,,,,,,,119,119,1,,,120.535994,24.26709,3
1335,66000,387130000C,(04)23274275,(04)23288582,2025,12,3,16,37,臺中市,沙鹿區,0,0,0,7,,,50,,,,,,,,,,,,,,17,,,,,B03,,,1,,1,,,8,8,1,6,4,120.562087,24.242372,3
1336,66000,387130000C,(04)23274275,(04)23288582,2025,12,3,16,38,臺中市,北屯區,0,1,0,7,2,6,50,4,9,1,5,4,6,6,2,1,5,4,5,2,17,2,7,2,1,C03,7,1,1,10,1,11,,39,39,1,6,4,120.690448,24.173976,2
1337,66000,387130000C,(04)23274275,(04)23288582,2025,12,3,16,40,臺中市,西屯區,0,1,0,7,2,6,50,13,9,1,5,4,6,6,4,4,1,4,5,2,18,2,9,5,4,C03,7,9,1,10,2,12,,59,59,1,12,4,120.654458,24.196617,2
1338,66000,387130000C,(04)23274275,(04)23288582,2025,12,3,16,41,臺中市,西區,0,0,0,7,,,50,,,,,,,,,,,,,,12,,,,,B03,,,1,,1,,,84,84,1,13,4,120.662109,24.146842,3
1339,66000,387130000C,(04)23274275,(04)23288582,2025,12,3,16,43,臺中市,東區,0,0,0,7,,,30,,,,,,,,,,,,,,,,,,,C03,,,1,,1,,,13,13,1,12,4,120.6882,24.132214,3
1340,66000,387130000C,(04)23274275,(04)23288582,2025,12,3,16,44,臺中市,北區,0,2,0,7,2,6,50,13,7,1,5,4,6,6,4,4,5,4,4,2,2,3,10,5,1,B03,7,9,1,8,2,2,,8,8,1,13,4,120.675334,24.16984,2
1341,66000,387130000C,(04)23274275,(04)23288582,2025,12,3,16,45,臺中市,大里區,0,0,0,7,,,50,,,,,,,,,,,,,,,,,,,C03,,,1,,2,,,84,84,1,12,4,120.679616,24.099753,3
1342,66000,387130000C,(04)23274275,(04)23288582,2025,12,3,16,46,臺中市,南屯區,0,0,0,7,,,50,,,,,,,,,,,,,,13,,,,,B02,,,1,,1,,,7,7,1,6,4,120.622945,24.149654,3
1343,66000,387130000C,(04)23274275,(04)23288582,2025,12,3,16,46,臺中市,豐原區,0,1,0,7,2,6,50,3,8,1,5,4,6,6,4,4,9,5,4,2,12,2,9,1,1,C03,7,1,3,19,2,14,,51,51,1,12,4,120.707985,24.242989,2
1344,66000,387130000C,(04)23274275,(04)23288582,2025,12,3,16,48,臺中市,大里區,0,0,0,7,,,50,,,,,,,,,,,,,,13,,,,,C03,,,1,,2,,,7,7,1,6,4,120.688147,24.101387,3
1345,66000,387130000C,(04)23274275,(04)23288582,2025,12,3,16,48,臺中市,烏日區,0,0,0,7,2,6,60,10,7,1,5,4,6,6,4,4,1,4,5,1,12,3,10,3,1,B03,7,8,1,8,2,8,,40,40,1,6,4,120.64832,24.091868,3
1346,66000,387130000C,(04)23274275,(04)23288582,2025,12,3,16,49,臺中市,潭子區,0,1,0,7,3,6,50,3,1,1,5,4,6,6,4,4,5,4,4,2,17,2,9,6,1,F01,7,6,7,21,2,14,,85,85,1,12,4,120.694254,24.221929,2
1347,66000,387130000C,(04)23274275,(04)23288582,2025,12,3,16,50,臺中市,龍井區,0,0,0,7,,,40,,,,,,,,,,,,,,,,,,,B03,,,1,,1,,,84,84,1,12,4,120.575823,24.177796,3