序號,縣市別代碼,機關代碼,市話,傳真,年,月,日,時,分,縣市,區,死亡數量,受傷數量,2-30,天候,道路照明設備,道路類別,道路速限,道路型態,事故位置,路面鋪裝,路面狀態,路面缺陷,障礙物,視距,號誌種類,號誌動作,分向設施,快車道或一般車道間,快慢車道間,路面邊線,事故類型及型態,受傷程度,主要傷處,保護裝備,行動電話或功能裝置,當事者區分(類別),車輛用途,當事者行動狀態,駕照狀態,駕照種類,飲酒情形,車輛撞擊部位最初,車輛撞擊部位其他,肇事因素個別,肇事因素主要,肇事逃逸,職業,共享經濟或外送平台,GPS座標X,GPS座標Y,事故類別
1348,66000,387130000C,(04)23274275,(04)23288582,2025,12,3,16,50,臺中市,梧棲區,0,0,0,7,,,40,,,,,,,,,,,,,,17,,,,,B03,,,1,,1,,,51,51,1,6,4,120.530884,24.255854,3
1349,66000,387130000C,(04)23274275,(04)23288582,2025,12,3,16,55,臺中市,霧峰區,0,0,0,7,,,40,,,,,,,,,,,,,,,,,,,F03,,,7,,2,,,59,59,1,12,4,120.714031,24.075477,3
1350,66000,387130000C,(04)23274275,(04)23288582,2025,12,3,16,59,臺中市,大里區,0,1,0,7,3,6,60,13,9,1,5,4,6,6,4,4,1,4,5,2,16,2,9,1,1,C03,7,1,1,10,2,14,,51,51,1,13,4,120.689508,24.077059,2
1351,66000,387130000C,(04)23274275,(04)23288582,2025,12,3,17,3,臺中市,霧峰區,0,1,0,6,1,6,30,13,9,1,5,4,6,6,4,4,10,5,5,1,18,2,9,1,1,C03,7,9,1,10,8,12,,84,84,1,13,4,120.693849,24.052375,2
1352,66000,387130000C,(04)23274275,(04)23288582,2025,12,3,17,6,臺中市,西屯區,0,0,0,7,,,40,,,,,,,,,,,,,,13,,,,,C03,,,1,,2,,,7,7,1,13,4,120.591667,24.16851,3
1353,66000,387130000C,(04)23274275,(04)23288582,2025,12,3,17,6,臺中市,后里區,0,1,0,7,1,6,50,4,1,1,5,4,6,6,1,1,10,5,5,2,12,3,10,3,1,B03,7,5,1,8,2,2,,11,11,1,12,4,120.718366,24.314629,2
1354,66000,387130000C,(04)23274275,(04)23288582,2025,12,3,17,8,臺中市,北區,0,1,0,7,2,6,50,13,9,1,5,4,6,6,4,4,9,5,5,2,3,2,9,6,5,H01,8,16,7,21,10,17,,95,95,1,13,5,120.699274,24.154108,2
1355,66000,387130000C,(04)23274275,(04)23288582,2025,12,3,17,8,臺中市,沙鹿區,0,0,0,7,,,,,,,,,,,,,,,,,,,,,,,,,,,,,,119,119,1,,,120.567648,24.238246,3
1356,66000,387130000C,(04)23274275,(04)23288582,2025,12,3,17,11,臺中市,清水區,0,0,0,7,2,6,50,5,2,1,5,4,6,6,1,1,8,4,4,2,13,,,,,B03,,,1,,1,,,7,7,1,12,4,120.55687,24.266162,3
1357,66000,387130000C,(04)23274275,(04)23288582,2025,12,3,17,11,臺中市,大甲區,0,0,0,7,,,40,,,,,,,,,,,,,,,,,,,F03,,,1,,1,,,49,49,1,12,4,120.647256,24.406085,4
1358,66000,387130000C,(04)23274275,(04)23288582,2025,12,3,17,14,臺中市,豐原區,0,0,0,7,,,30,,,,,,,,,,,,,,17,,,,,B03,,,1,,3,,,84,84,1,13,4,120.716189,24.249344,3
1359,66000,387130000C,(04)23274275,(04)23288582,2025,12,3,17,15,臺中市,霧峰區,0,0,0,7,,,30,,,,,,,,,,,,,,,,,,,C03,,,3,,2,,,42,42,1,12,4,120.670606,24.077919,3
1360,66000,387130000C,(04)23274275,(04)23288582,2025,12,3,17,16,臺中市,南區,0,0,0,7,,,50,,,,,,,,,,,,,,,,,,,C03,,,1,,2,,,7,7,1,6,4,120.655448,24.113758,3
1361,66000,387130000C,(04)23274275,(04)23288582,2025,12,3,17,17,臺中市,西屯區,0,1,0,7,2,6,50,4,8,1,5,4,6,6,1,1,1,2,5,2,18,2,9,5,4,F03,7,5,7,21,1,16,,84,84,1,12,4,120.637546,24.185697,2
1362,66000,387130000C,(04)23274275,(04)23288582,2025,12,3,17,19,臺中市,大里區,0,0,0,7,,,40,,,,,,,,,,,,,,,,,,,C03,,,1,,2,,,84,84,1,12,4,120.664895,24.093637,3
1363,66000,387130000C,(04)23274275,(04)23288582,2025,12,3,17,19,臺中市,太平區,0,0,0,7,,,50,,,,,,,,,,,,,,,,,,,B03,,,1,,2,,,7,7,1,13,4,120.719819,24.15628,3
1364,66000,387130000C,(04)23274275,(04)23288582,2025,12,3,17,20,臺中市,太平區,0,2,0,7,2,6,30,4,1,1,5,4,6,6,4,4,10,5,5,2,15,2,8,2,1,C03,7,9,1,10,2,11,,15,15,1,12,4,120.720838,24.115205,2
1365,66000,387130000C,(04)23274275,(04)23288582,2025,12,3,17,25,臺中市,北屯區,0,1,0,7,1,6,50,4,1,1,5,4,6,6,1,1,10,5,5,2,13,3,10,1,1,C04,7,9,1,10,2,11,,7,7,1,6,4,120.671513,24.173943,2
1366,66000,387130000C,(04)23274275,(04)23288582,2025,12,3,17,26,臺中市,北屯區,0,0,0,7,,,50,,,,,,,,,,,,,,,,,,,B03,,,1,,1,,,58,58,1,6,4,120.698107,24.171988,3
1367,66000,387130000C,(04)23274275,(04)23288582,2025,12,3,17,26,臺中市,太平區,0,0,0,7,,,50,,,,,,,,,,,,,,13,,,,,C03,,,1,,2,,,7,7,1,12,4,120.719465,24.129389,3
1368,66000,387130000C,(04)23274275,(04)23288582,2025,12,3,17,27,臺中市,龍井區,0,2,0,7,1,6,50,5,1,1,5,4,6,6,4,4,1,4,3,2,16,3,10,3,1,B03,7,5,1,8,2,2,,14,14,1,12,4,120.513651,24.198462,2
1369,66000,387130000C,(04)23274275,(04)23288582,2025,12,3,17,30,臺中市,南屯區,0,0,0,7,1,6,50,13,9,1,5,4,6,6,1,1,3,2,5,2,13,,,,,B03,,,1,,2,,,84,84,1,12,4,120.599581,24.145624,3
1370,66000,387130000C,(04)23274275,(04)23288582,2025,12,3,17,31,臺中市,西屯區,0,2,0,7,1,6,50,13,8,1,5,4,6,6,4,4,1,4,5,2,13,2,9,5,4,C03,7,9,3,19,2,11,,7,7,1,12,4,120.629042,24.163785,2
1371,66000,387130000C,(04)23274275,(04)23288582,2025,12,3,17,31,臺中市,西屯區,0,1,0,7,1,6,50,3,1,1,5,4,6,6,4,4,10,5,5,2,13,3,10,3,1,B12,7,9,1,8,2,8,,7,7,1,12,4,120.667755,24.174285,2
1372,66000,387130000C,(04)23274275,(04)23288582,2025,12,3,17,31,臺中市,太平區,0,2,0,7,2,6,50,4,1,1,5,4,6,6,4,4,10,5,5,2,16,2,9,1,1,C03,7,6,1,10,2,12,,14,14,1,13,4,120.712485,24.125711,2
1373,66000,387130000C,(04)23274275,(04)23288582,2025,12,3,17,32,臺中市,潭子區,0,2,0,6,1,6,50,4,2,1,5,4,6,6,1,1,5,4,4,2,17,3,10,2,1,C03,7,9,1,10,2,11,,4,4,1,13,4,120.703197,24.207223,2
1374,66000,387130000C,(04)23274275,(04)23288582,2025,12,3,17,34,臺中市,潭子區,0,0,0,7,,,50,,,,,,,,,,,,,,,,,,,C03,,,3,,2,,,39,39,1,13,4,120.701321,24.223075,3
1375,66000,387130000C,(04)23274275,(04)23288582,2025,12,3,17,34,臺中市,西區,0,0,0,7,,,50,,,,,,,,,,,,,,13,,,,,F03,,,7,,1,,,7,7,1,13,4,120.671247,24.149414,3
1376,66000,387130000C,(04)23274275,(04)23288582,2025,12,3,17,35,臺中市,龍井區,0,1,0,7,2,6,50,3,2,1,5,4,6,6,2,1,5,5,5,2,17,3,10,3,1,B03,7,14,1,8,2,2,,76,76,1,12,4,120.546313,24.194023,2
1377,66000,387130000C,(04)23274275,(04)23288582,2025,12,3,17,39,臺中市,北屯區,0,1,0,7,1,6,50,4,2,1,5,4,6,6,2,1,5,5,5,2,13,2,9,2,1,C03,7,9,1,10,2,13,,7,7,1,12,4,120.702685,24.174647,2
1378,66000,387130000C,(04)23274275,(04)23288582,2025,12,3,17,39,臺中市,西屯區,0,0,0,7,,,,,,,,,,,,,,,,,12,,,,,,,,,,,,,119,119,1,,,120.617864,24.18505,3
1379,66000,387130000C,(04)23274275,(04)23288582,2025,12,3,17,40,臺中市,大里區,0,2,0,7,1,6,50,13,9,1,5,4,6,6,4,4,5,4,4,2,9,2,1,1,1,C03,7,9,1,10,2,11,,84,84,1,6,4,120.677874,24.097507,2
1380,66000,387130000C,(04)23274275,(04)23288582,2025,12,3,17,42,臺中市,梧棲區,0,0,0,7,,,50,,,,,,,,,,,,,,17,,,,,B03,,,1,,2,,,59,59,1,12,4,120.542552,24.261911,3
1381,66000,387130000C,(04)23274275,(04)23288582,2025,12,3,17,44,臺中市,西屯區,0,1,0,7,2,6,50,13,9,1,5,4,6,6,4,4,9,4,5,2,17,3,10,5,4,B03,7,11,1,8,1,8,,45,45,1,12,4,120.638959,24.170814,2
1382,66000,387130000C,(04)23274275,(04)23288582,2025,12,3,17,44,臺中市,霧峰區,0,1,0,7,3,6,50,13,9,1,5,4,6,6,4,4,1,4,4,1,18,2,9,1,1,C03,7,9,1,10,2,16,,84,84,1,13,4,120.699147,24.073171,2
1383,66000,387130000C,(04)23274275,(04)23288582,2025,12,3,17,45,臺中市,烏日區,0,0,0,7,,,50,,,,,,,,,,,,,,14,,,,,B03,,,1,,2,,,49,49,1,6,4,120.643649,24.081943,3
1384,66000,387130000C,(04)23274275,(04)23288582,2025,12,3,17,45,臺中市,龍井區,0,0,0,7,,,30,,,,,,,,,,,,,,,,,,,B03,,,1,,1,,,85,85,1,12,4,120.584086,24.180635,4
1385,66000,387130000C,(04)23274275,(04)23288582,2025,12,3,17,45,臺中市,豐原區,0,1,0,7,1,6,50,13,7,1,5,4,6,6,4,4,9,5,4,2,13,3,10,5,4,B03,7,9,1,8,2,1,,7,7,1,12,4,120.745208,24.259356,2
1386,66000,387130000C,(04)23274275,(04)23288582,2025,12,3,17,46,臺中市,南屯區,0,1,0,7,1,6,50,4,1,1,5,4,6,6,1,1,9,5,5,2,17,3,10,3,1,B03,7,5,1,8,2,2,,11,11,1,13,4,120.628648,24.147818,2
1387,66000,387130000C,(04)23274275,(04)23288582,2025,12,3,17,46,臺中市,大甲區,0,0,0,7,,,30,,,,,,,,,,,,,,18,,,,,B03,,,1,,1,,,58,58,1,6,4,120.620406,24.337589,3
1388,66000,387130000C,(04)23274275,(04)23288582,2025,12,3,17,47,臺中市,沙鹿區,0,0,0,6,,,50,,,,,,,,,,,,,,,,,,,B03,,,1,,2,,,59,59,1,13,4,120.567211,24.236987,3
1389,66000,387130000C,(04)23274275,(04)23288582,2025,12,3,17,48,臺中市,潭子區,0,1,0,7,3,6,50,3,1,1,5,4,6,6,4,4,5,4,4,2,17,3,10,1,1,C03,7,5,1,10,2,14,,14,14,1,12,4,120.703499,24.210989,2
1390,66000,387130000C,(04)23274275,(04)23288582,2025,12,3,17,48,臺中市,西屯區,0,1,0,7,1,6,50,5,1,1,5,4,6,6,2,1,10,5,5,2,13,2,9,2,4,C03,7,9,1,10,2,11,,59,59,1,13,4,120.641871,24.160765,2
1391,66000,387130000C,(04)23274275,(04)23288582,2025,12,3,17,48,臺中市,西屯區,0,0,0,7,,,30,,,,,,,,,,,,,,13,,,,,C03,,,1,,2,,,7,7,1,12,4,120.641688,24.192571,3
1392,66000,387130000C,(04)23274275,(04)23288582,2025,12,3,17,48,臺中市,梧棲區,0,1,0,7,1,6,60,4,1,1,5,4,6,6,2,1,1,4,4,2,17,2,9,4,1,C03,7,6,1,10,2,11,,23,23,1,12,4,120.536198,24.249913,2
1393,66000,387130000C,(04)23274275,(04)23288582,2025,12,3,17,49,臺中市,太平區,0,1,0,7,1,6,40,5,1,1,5,4,6,6,1,1,10,5,5,2,16,3,10,3,1,B03,7,6,1,8,2,1,,11,11,1,12,4,120.714665,24.110365,2
1394,66000,387130000C,(04)23274275,(04)23288582,2025,12,3,17,50,臺中市,潭子區,0,0,0,7,,,50,,,,,,,,,,,,,,,,,,,,,,,,,,,119,119,1,,,120.721691,24.208587,3
1395,66000,387130000C,(04)23274275,(04)23288582,2025,12,3,17,50,臺中市,西屯區,0,0,0,7,,,50,,,,,,,,,,,,,,12,,,,,B03,,,1,,1,,,47,47,1,12,4,120.644225,24.171273,3
1396,66000,387130000C,(04)23274275,(04)23288582,2025,12,3,17,50,臺中市,梧棲區,0,1,0,7,1,6,40,4,2,1,5,4,6,6,3,1,1,4,1,1,13,2,8,1,1,C03,7,9,1,10,2,11,,7,7,1,12,4,120.534328,24.250482,2
1397,66000,387130000C,(04)23274275,(04)23288582,2025,12,3,17,50,臺中市,后里區,0,2,0,7,1,6,50,3,1,1,5,4,6,6,4,4,10,5,5,2,11,2,9,1,1,F03,7,6,7,21,5,11,,14,14,1,12,4,120.727565,24.309443,2
1398,66000,387130000C,(04)23274275,(04)23288582,2025,12,3,17,51,臺中市,大雅區,0,0,0,7,,,50,,,,,,,,,,,,,,,,,,,B03,,,1,,1,,,50,50,1,12,4,120.646487,24.226488,3
1399,66000,387130000C,(04)23274275,(04)23288582,2025,12,3,17,51,臺中市,北區,0,0,0,7,,,50,,,,,,,,,,,,,,13,,,,,B03,,,1,,1,,,59,59,1,13,4,120.69432,24.160476,3
1400,66000,387130000C,(04)23274275,(04)23288582,2025,12,3,17,51,臺中市,后里區,0,0,0,7,,,50,,,,,,,,,,,,,,16,,,,,A04,,,1,,1,,,23,23,1,12,4,120.716751,24.309838,3
1401,66000,387130000C,(04)23274275,(04)23288582,2025,12,3,17,52,臺中市,潭子區,0,1,0,7,1,6,50,4,1,1,5,4,6,6,2,1,5,5,5,1,13,3,10,3,1,B03,7,5,1,8,4,5,,53,53,1,13,4,120.702617,24.19089,2
1402,66000,387130000C,(04)23274275,(04)23288582,2025,12,3,17,52,臺中市,西屯區,0,1,0,7,1,6,50,13,9,1,5,4,6,6,4,4,1,4,5,2,12,3,10,5,4,C03,7,9,1,10,2,13,,8,8,1,12,4,120.65465,24.168203,2
1403,66000,387130000C,(04)23274275,(04)23288582,2025,12,3,17,53,臺中市,西區,0,0,0,7,,,50,,,,,,,,,,,,,,17,,,,,B01,,,1,,1,,,47,47,1,12,4,120.666736,24.141067,3
1404,66000,387130000C,(04)23274275,(04)23288582,2025,12,3,17,53,臺中市,西屯區,0,0,0,7,,,30,,,,,,,,,,,,,,17,,,,,B03,,,1,,1,,,8,8,1,12,4,120.646157,24.183893,3
1405,66000,387130000C,(04)23274275,(04)23288582,2025,12,3,17,53,臺中市,大里區,0,2,0,6,1,6,50,4,1,1,5,4,6,6,1,1,10,5,5,1,9,3,10,3,1,B03,7,6,1,8,2,1,,10,10,1,13,4,120.695852,24.096547,2
1406,66000,387130000C,(04)23274275,(04)23288582,2025,12,3,17,53,臺中市,沙鹿區,0,2,0,7,2,6,50,3,1,1,5,4,6,6,4,4,5,5,5,2,16,2,8,1,1,C03,7,6,1,10,2,11,12,14,14,1,6,4,120.56713,24.209843,2
1407,66000,387130000C,(04)23274275,(04)23288582,2025,12,3,17,55,臺中市,沙鹿區,0,1,0,7,2,6,50,13,9,1,5,4,6,6,4,4,5,5,4,2,17,2,9,1,1,C03,7,9,1,10,2,14,,82,82,1,12,4,120.566242,24.234931,2
1408,66000,387130000C,(04)23274275,(04)23288582,2025,12,3,17,56,臺中市,太平區,0,2,0,7,1,6,50,4,1,1,5,4,6,6,4,4,10,5,5,2,16,2,9,1,1,C03,7,5,1,10,2,12,13,85,85,1,13,4,120.712616,24.125765,2
1409,66000,387130000C,(04)23274275,(04)23288582,2025,12,3,17,58,臺中市,南屯區,0,1,0,7,1,6,50,3,1,1,5,4,6,6,4,4,10,5,5,2,13,2,9,1,1,C03,7,9,1,10,2,11,12,7,7,1,6,4,120.644521,24.134662,2
1410,66000,387130000C,(04)23274275,(04)23288582,2025,12,3,17,58,臺中市,北屯區,0,0,0,7,,,50,,,,,,,,,,,,,,13,,,,,C03,,,1,,1,,,7,7,1,13,4,120.67152,24.17526,3
1411,66000,387130000C,(04)23274275,(04)23288582,2025,12,3,17,59,臺中市,太平區,0,2,0,7,1,6,50,13,9,1,5,4,6,6,4,4,1,4,5,2,13,2,9,2,1,C03,7,9,1,10,2,11,,7,7,1,12,4,120.713138,24.145792,2
1412,66000,387130000C,(04)23274275,(04)23288582,2025,12,3,18,0,臺中市,東區,0,0,0,7,,,50,,,,,,,,,,,,,,17,,,,,B03,,,1,,1,,,85,85,1,12,4,120.709269,24.135319,4
1413,66000,387130000C,(04)23274275,(04)23288582,2025,12,3,18,0,臺中市,北屯區,0,1,0,7,1,6,50,13,7,1,5,4,6,6,4,4,5,4,4,2,28,2,8,1,1,C03,7,9,1,10,2,11,,87,87,1,6,4,120.733307,24.164875,2
1414,66000,387130000C,(04)23274275,(04)23288582,2025,12,3,18,1,臺中市,北屯區,0,0,0,7,,,50,,,,,,,,,,,,,,13,,,,,B02,,,1,,1,,,7,7,1,6,4,120.721003,24.175968,3
1415,66000,387130000C,(04)23274275,(04)23288582,2025,12,3,18,2,臺中市,潭子區,0,0,0,6,,,60,,,,,,,,,,,,,,,,,,,B03,,,1,,2,,,11,11,1,13,4,120.716241,24.198841,3
1416,66000,387130000C,(04)23274275,(04)23288582,2025,12,3,18,2,臺中市,北屯區,0,0,0,7,,,50,,,,,,,,,,,,,,14,,,,,B03,,,1,,1,,,49,49,1,6,4,120.686687,24.180889,3
1417,66000,387130000C,(04)23274275,(04)23288582,2025,12,3,18,2,臺中市,東勢區,0,1,0,6,1,6,30,3,1,1,5,4,6,6,4,4,5,5,5,1,17,2,9,2,1,C03,7,9,3,19,8,11,,53,53,1,6,4,120.782482,24.31259,2
1418,66000,387130000C,(04)23274275,(04)23288582,2025,12,3,18,4,臺中市,大里區,0,1,0,7,1,6,30,13,14,1,5,4,6,6,4,4,9,5,5,1,16,2,9,1,1,C03,7,9,1,9,2,11,,84,84,1,12,4,120.680399,24.095315,2
1419,66000,387130000C,(04)23274275,(04)23288582,2025,12,3,18,7,臺中市,太平區,0,2,0,7,1,6,50,3,1,1,5,4,6,6,4,4,5,5,4,1,1,2,8,2,1,C03,7,9,1,10,2,11,,84,84,1,12,4,120.72218,24.131527,2
1420,66000,387130000C,(04)23274275,(04)23288582,2025,12,3,18,10,臺中市,西屯區,0,1,0,6,1,6,50,5,1,1,5,4,6,6,1,1,10,5,5,2,12,2,9,5,4,C03,7,6,1,10,2,14,,48,48,1,12,4,120.606264,24.161808,2
1421,66000,387130000C,(04)23274275,(04)23288582,2025,12,3,18,10,臺中市,烏日區,0,1,0,7,1,6,50,3,1,1,5,4,6,6,4,4,5,4,4,2,18,2,9,1,1,C03,7,9,1,10,2,14,,59,59,1,6,4,120.640599,24.112408,2
1422,66000,387130000C,(04)23274275,(04)23288582,2025,12,3,18,11,臺中市,北屯區,0,1,0,7,1,6,50,13,9,1,5,4,6,6,4,4,5,4,5,2,13,3,10,3,1,B03,7,9,1,8,1,8,,7,7,1,6,4,120.72013,24.175926,2
1423,66000,387130000C,(04)23274275,(04)23288582,2025,12,3,18,13,臺中市,北屯區,0,0,0,7,,,50,,,,,,,,,,,,,,13,,,,,B03,,,1,,1,,,84,84,1,12,4,120.704963,24.187304,3
1424,66000,387130000C,(04)23274275,(04)23288582,2025,12,3,18,16,臺中市,西屯區,0,0,0,7,,,50,,,,,,,,,,,,,,13,,,,,B03,,,1,,2,,,78,78,1,12,4,120.635442,24.182538,3
1425,66000,387130000C,(04)23274275,(04)23288582,2025,12,3,18,16,臺中市,豐原區,0,1,0,7,1,6,50,3,1,1,5,4,6,6,4,4,5,4,4,1,17,2,8,1,1,C03,7,11,1,10,2,14,,45,45,1,12,4,120.712302,24.239583,2
1426,66000,387130000C,(04)23274275,(04)23288582,2025,12,3,18,17,臺中市,西屯區,0,0,0,7,,,50,,,,,,,,,,,,,,16,,,,,C03,,,1,,2,,,48,48,1,12,4,120.639043,24.165006,3
1427,66000,387130000C,(04)23274275,(04)23288582,2025,12,3,18,18,臺中市,大雅區,0,1,0,7,1,6,50,3,2,1,5,4,6,6,1,1,5,5,5,1,30,2,9,1,1,C03,7,9,1,10,2,12,,82,82,1,13,4,120.638244,24.246645,2
1428,66000,387130000C,(04)23274275,(04)23288582,2025,12,3,18,19,臺中市,北區,0,0,0,7,,,40,,,,,,,,,,,,,,17,,,,,C03,,,1,,1,,,7,7,1,13,4,120.677059,24.153131,3
1429,66000,387130000C,(04)23274275,(04)23288582,2025,12,3,18,20,臺中市,東區,0,0,0,7,,,50,,,,,,,,,,,,,,,,,,,B03,,,1,,1,,,7,7,1,12,4,120.707882,24.148938,4
1430,66000,387130000C,(04)23274275,(04)23288582,2025,12,3,18,21,臺中市,潭子區,0,0,0,7,,3,80,,,,,,,,,,,,,,,,,,,B03,,,1,,2,,,40,40,1,12,4,120.709739,24.200514,3
1431,66000,387130000C,(04)23274275,(04)23288582,2025,12,3,18,21,臺中市,西屯區,0,0,0,7,,,,,,,,,,,,,,,,,12,,,,,,,,,,,,,7,7,2,,,120.647859,24.163336,3
1432,66000,387130000C,(04)23274275,(04)23288582,2025,12,3,18,23,臺中市,大里區,0,0,0,7,,,50,,,,,,,,,,,,,,,,,,,C03,,,1,,2,,,7,7,1,12,4,120.697453,24.083363,3
1433,66000,387130000C,(04)23274275,(04)23288582,2025,12,3,18,25,臺中市,西屯區,0,0,0,7,,3,40,,,,,,,,,,,,,,13,,,,,B03,,,1,,1,,,7,7,1,12,4,120.632689,24.17158,3
1434,66000,387130000C,(04)23274275,(04)23288582,2025,12,3,18,25,臺中市,外埔區,0,0,0,7,,,50,,,,,,,,,,,,,,16,,,,,A04,,,1,,2,,,84,84,1,12,4,120.662901,24.340179,3
1435,66000,387130000C,(04)23274275,(04)23288582,2025,12,3,18,26,臺中市,南區,0,0,0,7,,,50,,,,,,,,,,,,,,,,,,,B03,,,1,,2,,,7,7,1,6,4,120.652945,24.117747,4
1436,66000,387130000C,(04)23274275,(04)23288582,2025,12,3,18,26,臺中市,豐原區,0,1,0,7,1,6,30,3,1,1,5,4,6,6,3,1,10,5,5,2,17,3,10,2,1,C03,7,6,3,19,2,14,,24,24,1,13,4,120.722187,24.239592,2
1437,66000,387130000C,(04)23274275,(04)23288582,2025,12,3,18,27,臺中市,西屯區,0,1,0,7,1,6,50,3,1,1,5,4,6,6,1,1,10,5,5,2,16,3,10,5,4,B03,7,11,1,8,2,6,,45,45,1,12,4,120.598858,24.192096,2
1438,66000,387130000C,(04)23274275,(04)23288582,2025,12,3,18,27,臺中市,西屯區,0,2,0,7,1,6,50,8,9,1,5,4,6,6,4,4,1,4,5,1,13,2,9,3,1,B03,7,9,1,5,2,1,,7,7,1,12,4,120.645024,24.201314,2
1439,66000,387130000C,(04)23274275,(04)23288582,2025,12,3,18,27,臺中市,清水區,0,1,0,7,1,6,50,4,2,1,5,4,6,6,4,4,9,4,5,2,3,3,10,1,1,C03,7,9,1,10,2,11,,59,59,1,12,4,120.572418,24.268554,2
1440,66000,387130000C,(04)23274275,(04)23288582,2025,12,3,18,29,臺中市,烏日區,0,0,0,7,,,50,,,,,,,,,,,,,,12,,,,,C03,,,1,,1,,,84,84,1,6,4,120.615845,24.105761,4
1441,66000,387130000C,(04)23274275,(04)23288582,2025,12,3,18,30,臺中市,潭子區,0,0,0,6,,,50,,,,,,,,,,,,,,,,,,,B03,,,1,,2,,,84,84,1,13,4,120.692099,24.222001,3
1442,66000,387130000C,(04)23274275,(04)23288582,2025,12,3,18,33,臺中市,西區,0,0,0,6,,,50,,,,,,,,,,,,,,,,,,,B03,,,1,,1,,,40,40,1,12,4,120.671191,24.137237,3
1443,66000,387130000C,(04)23274275,(04)23288582,2025,12,3,18,33,臺中市,烏日區,0,0,0,7,1,6,60,13,7,1,5,4,1,6,4,4,1,4,1,1,13,3,10,3,1,B03,7,9,1,8,2,1,,7,7,1,6,4,120.640755,24.093819,3
1444,66000,387130000C,(04)23274275,(04)23288582,2025,12,3,18,34,臺中市,北區,0,0,0,7,,,50,,,,,,,,,,,,,,12,,,,,C03,,,1,,2,,,39,39,1,13,4,120.694218,24.161292,3
1445,66000,387130000C,(04)23274275,(04)23288582,2025,12,3,18,37,臺中市,南屯區,0,0,0,7,,,50,,,,,,,,,,,,,,,,,,,C03,,,1,,1,,,7,7,1,13,4,120.644041,24.140049,3
1446,66000,387130000C,(04)23274275,(04)23288582,2025,12,3,18,37,臺中市,西屯區,0,0,0,7,,,50,,,,,,,,,,,,,,13,,,,,B03,,,1,,1,,,7,7,1,12,4,120.624893,24.179818,3
1447,66000,387130000C,(04)23274275,(04)23288582,2025,12,3,18,37,臺中市,霧峰區,0,0,0,7,,,50,,,,,,,,,,,,,,,,,,,C03,,,1,,2,,,84,84,1,13,4,120.69767,24.065531,3
1448,66000,387130000C,(04)23274275,(04)23288582,2025,12,3,18,45,臺中市,北屯區,0,1,0,7,2,6,40,11,7,1,5,4,6,6,4,4,5,5,4,2,12,2,9,1,1,C03,7,8,1,10,2,14,,40,40,1,10,4,120.71134,24.19042,2
1449,66000,387130000C,(04)23274275,(04)23288582,2025,12,3,18,45,臺中市,大里區,0,2,0,7,1,6,50,4,2,1,5,4,6,6,2,1,5,4,4,2,17,3,10,1,1,C03,7,15,1,10,2,12,,84,84,1,6,4,120.687145,24.104935,2
1450,66000,387130000C,(04)23274275,(04)23288582,2025,12,3,18,45,臺中市,太平區,0,0,0,7,,,50,,,,,,,,,,,,,,16,,,,,B12,,,1,,2,,,40,40,1,12,4,120.71357,24.125745,3
1451,66000,387130000C,(04)23274275,(04)23288582,2025,12,3,18,46,臺中市,東區,0,1,0,7,1,6,50,13,24,1,5,4,6,6,1,1,5,5,5,2,17,3,10,5,4,B03,7,9,1,8,2,2,,84,84,1,6,4,120.694543,24.131149,2
1452,66000,387130000C,(04)23274275,(04)23288582,2025,12,3,18,48,臺中市,北屯區,0,1,0,7,1,6,50,4,1,1,5,4,6,6,2,1,10,5,5,2,16,2,9,1,1,C03,7,5,1,10,2,12,,85,85,1,13,4,120.686943,24.166977,2
1453,66000,387130000C,(04)23274275,(04)23288582,2025,12,3,18,49,臺中市,北區,0,2,0,7,2,6,50,3,7,1,5,4,6,6,4,4,5,5,4,2,13,2,5,1,1,C03,7,9,1,10,2,11,,5,5,1,13,4,120.670557,24.170052,2
1454,66000,387130000C,(04)23274275,(04)23288582,2025,12,3,18,49,臺中市,沙鹿區,0,0,0,7,,,50,,,,,,,,,,,,,,17,,,,,B03,,,1,,2,,,8,8,1,6,4,120.552555,24.224427,3
1455,66000,387130000C,(04)23274275,(04)23288582,2025,12,3,18,57,臺中市,西屯區,0,0,0,7,,,30,,,,,,,,,,,,,,17,,,,,B12,,,1,,1,,,84,84,1,12,4,120.647649,24.176083,3
1456,66000,387130000C,(04)23274275,(04)23288582,2025,12,3,18,58,臺中市,豐原區,0,2,0,7,1,6,50,13,9,1,5,4,6,6,4,4,5,5,5,1,10,2,3,5,1,B03,7,9,1,8,2,8,,39,39,1,12,4,120.713091,24.255081,2
1457,66000,387130000C,(04)23274275,(04)23288582,2025,12,3,19,2,臺中市,太平區,0,0,0,7,,,50,,,,,,,,,,,,,,17,,,,,B03,,,1,,1,,,34,34,1,12,4,120.720864,24.122425,3
1458,66000,387130000C,(04)23274275,(04)23288582,2025,12,3,19,6,臺中市,北屯區,0,1,0,7,1,6,50,13,9,1,5,4,6,3,4,4,1,4,5,2,2,3,10,3,1,B03,7,9,1,8,2,5,,8,8,1,12,4,120.699023,24.182969,2
1459,66000,387130000C,(04)23274275,(04)23288582,2025,12,3,19,9,臺中市,北區,0,2,0,7,1,6,40,3,8,1,5,4,6,6,4,4,1,4,4,2,13,2,9,1,1,C03,7,9,1,10,2,11,,7,7,1,12,4,120.684041,24.145928,2