序號,縣市別代碼,機關代碼,市話,傳真,年,月,日,時,分,縣市,區,死亡數量,受傷數量,2-30,天候,道路照明設備,道路類別,道路速限,道路型態,事故位置,路面鋪裝,路面狀態,路面缺陷,障礙物,視距,號誌種類,號誌動作,分向設施,快車道或一般車道間,快慢車道間,路面邊線,事故類型及型態,受傷程度,主要傷處,保護裝備,行動電話或功能裝置,當事者區分(類別),車輛用途,當事者行動狀態,駕照狀態,駕照種類,飲酒情形,車輛撞擊部位最初,車輛撞擊部位其他,肇事因素個別,肇事因素主要,肇事逃逸,職業,共享經濟或外送平台,GPS座標X,GPS座標Y,事故類別
1460,66000,387130000C,(04)23274275,(04)23288582,2025,12,3,19,10,臺中市,大雅區,0,2,0,7,1,6,50,4,2,1,5,4,6,6,1,1,5,5,5,1,17,3,10,3,1,B03,7,5,1,8,2,2,,84,84,1,13,4,120.629598,24.208646,2
1461,66000,387130000C,(04)23274275,(04)23288582,2025,12,3,19,11,臺中市,潭子區,0,1,0,6,1,6,50,3,1,1,5,4,6,6,1,1,5,4,4,2,17,2,9,2,1,C03,7,9,1,10,2,12,,84,84,1,13,4,120.692286,24.223891,2
1462,66000,387130000C,(04)23274275,(04)23288582,2025,12,3,19,20,臺中市,南區,0,2,0,7,1,6,30,3,1,1,5,4,6,6,4,4,10,5,5,2,17,2,8,6,1,F01,7,1,7,21,1,11,14,51,51,1,12,4,120.668572,24.124254,2
1463,66000,387130000C,(04)23274275,(04)23288582,2025,12,3,19,21,臺中市,西區,0,0,0,7,,,50,,,,,,,,,,,,,,17,,,,,C03,,,1,,2,,,84,84,1,12,4,120.668099,24.130176,3
1464,66000,387130000C,(04)23274275,(04)23288582,2025,12,3,19,23,臺中市,西區,0,2,0,7,1,6,50,4,2,1,5,4,6,6,1,1,5,4,5,2,13,2,9,2,1,C03,7,9,1,10,2,11,,7,7,1,12,4,120.668145,24.146685,2
1465,66000,387130000C,(04)23274275,(04)23288582,2025,12,3,19,24,臺中市,南區,0,2,0,7,1,6,50,4,1,1,5,4,6,6,2,1,5,4,4,2,16,2,9,2,1,C03,7,1,1,10,2,14,,51,51,1,6,4,120.658741,24.1172,2
1466,66000,387130000C,(04)23274275,(04)23288582,2025,12,3,19,24,臺中市,清水區,0,0,0,7,,,30,,,,,,,,,,,,,,,,,,,B03,,,1,,11,,,49,49,1,12,4,120.575781,24.268343,3
1467,66000,387130000C,(04)23274275,(04)23288582,2025,12,3,19,28,臺中市,太平區,0,1,0,7,1,6,30,3,1,1,5,4,6,6,4,4,10,5,5,2,16,3,10,3,1,B03,7,6,1,8,2,8,,84,84,1,12,4,120.739639,24.158253,2
1468,66000,387130000C,(04)23274275,(04)23288582,2025,12,3,19,30,臺中市,大肚區,0,0,0,7,,,50,,,,,,,,,,,,,,,,,,,H04,,,1,,2,,,109,109,1,12,4,120.544917,24.151126,3
1469,66000,387130000C,(04)23274275,(04)23288582,2025,12,3,19,39,臺中市,南屯區,0,0,0,7,1,6,50,13,9,1,5,4,6,6,4,4,5,5,5,2,12,,,,,B03,,,1,,1,,,50,50,1,12,4,120.626154,24.112282,3
1470,66000,387130000C,(04)23274275,(04)23288582,2025,12,3,19,45,臺中市,北屯區,0,0,0,7,,,50,,,,,,,,,,,,,,,,,,,C03,,,1,,1,,,84,84,1,6,4,120.680247,24.189234,3
1471,66000,387130000C,(04)23274275,(04)23288582,2025,12,3,19,50,臺中市,霧峰區,0,1,0,7,1,6,30,13,9,1,5,4,6,6,4,4,9,4,5,1,17,3,10,3,1,B03,7,11,1,8,2,16,,39,39,1,12,4,120.656735,24.082816,2
1472,66000,387130000C,(04)23274275,(04)23288582,2025,12,3,19,51,臺中市,烏日區,0,1,0,7,1,6,60,3,1,1,5,4,6,6,3,1,1,5,5,2,18,2,9,1,1,C03,7,9,1,10,2,14,,59,59,1,6,4,120.629356,24.095394,2
1473,66000,387130000C,(04)23274275,(04)23288582,2025,12,3,19,55,臺中市,西區,0,0,0,7,,,50,,,,,,,,,,,,,,17,,,,,B03,,,1,,2,,,50,50,1,13,4,120.65316,24.15026,3
1474,66000,387130000C,(04)23274275,(04)23288582,2025,12,3,19,56,臺中市,南區,0,1,0,7,1,6,50,4,1,1,5,4,6,6,1,1,10,5,5,2,17,3,10,3,1,B03,7,11,1,8,2,8,,45,45,1,12,4,120.67083,24.114809,2
1475,66000,387130000C,(04)23274275,(04)23288582,2025,12,3,19,58,臺中市,南區,0,0,0,7,,,50,,,,,,,,,,,,,,,,,,,C03,,,1,,1,,,7,7,1,6,4,120.679226,24.11876,3
1476,66000,387130000C,(04)23274275,(04)23288582,2025,12,3,19,59,臺中市,南區,0,0,0,7,,,50,,,,,,,,,,,,,,17,,,,,C03,,,1,,2,,,85,85,1,12,4,120.661489,24.130107,4
1477,66000,387130000C,(04)23274275,(04)23288582,2025,12,3,20,2,臺中市,南區,0,1,0,7,1,6,50,13,9,1,5,4,6,6,4,4,9,5,5,2,17,2,9,1,1,C03,7,9,1,10,2,12,,84,84,1,12,4,120.674197,24.124462,2
1478,66000,387130000C,(04)23274275,(04)23288582,2025,12,3,20,2,臺中市,東區,0,1,0,7,1,6,50,3,1,1,5,4,6,6,2,1,4,5,5,2,12,3,10,3,1,B03,7,5,1,8,2,5,,47,47,1,6,4,120.689902,24.13827,2
1479,66000,387130000C,(04)23274275,(04)23288582,2025,12,3,20,3,臺中市,北區,0,0,0,7,,,50,,,,,,,,,,,,,,,,,,,A04,,,1,,9,,,7,7,2,12,4,120.680773,24.155769,3
1480,66000,387130000C,(04)23274275,(04)23288582,2025,12,3,20,5,臺中市,西屯區,0,1,0,7,1,6,40,3,1,1,5,4,6,6,2,1,10,5,5,2,13,2,9,5,4,C03,7,9,1,10,2,12,,7,7,1,12,4,120.61516,24.182957,2
1481,66000,387130000C,(04)23274275,(04)23288582,2025,12,3,20,8,臺中市,北屯區,0,1,0,7,1,6,50,3,5,1,5,4,6,6,2,1,1,2,5,2,23,2,3,3,1,B03,7,9,1,8,2,1,,84,84,1,12,4,120.693448,24.19537,2
1482,66000,387130000C,(04)23274275,(04)23288582,2025,12,3,20,13,臺中市,西屯區,0,1,0,7,1,6,60,13,7,1,5,4,6,6,4,4,1,4,1,2,12,3,10,5,4,B03,7,8,1,8,2,8,,40,40,1,12,4,120.638871,24.169385,2
1483,66000,387130000C,(04)23274275,(04)23288582,2025,12,3,20,13,臺中市,后里區,0,0,0,7,,,50,,,,,,,,,,,,,,13,,,,,B03,,,1,,2,,,56,56,1,6,4,120.681002,24.315835,3
1484,66000,387130000C,(04)23274275,(04)23288582,2025,12,3,20,16,臺中市,北屯區,0,0,0,7,,,30,,,,,,,,,,,,,,14,,,,,B03,,,1,,2,,,49,49,1,6,4,120.713376,24.167245,3
1485,66000,387130000C,(04)23274275,(04)23288582,2025,12,3,20,20,臺中市,西屯區,0,2,0,7,1,6,50,4,1,1,5,4,6,6,1,1,10,5,5,2,16,2,9,5,4,C03,7,6,1,10,2,14,,11,11,1,12,2,120.641686,24.178237,2
1486,66000,387130000C,(04)23274275,(04)23288582,2025,12,3,20,25,臺中市,北屯區,0,1,0,7,1,6,50,4,1,1,5,4,6,6,2,1,10,5,5,2,16,3,10,3,1,B03,7,5,5,19,2,5,,85,85,1,13,4,120.70391,24.18233,2
1487,66000,387130000C,(04)23274275,(04)23288582,2025,12,3,20,29,臺中市,西區,0,1,0,7,1,6,50,4,1,1,5,4,6,6,1,1,5,4,5,2,16,3,10,3,1,B03,7,6,1,8,2,6,,11,11,1,13,4,120.653022,24.145012,2
1488,66000,387130000C,(04)23274275,(04)23288582,2025,12,3,20,30,臺中市,龍井區,0,1,0,7,1,6,30,13,9,1,5,4,6,6,4,4,10,5,5,2,17,2,8,5,4,C03,7,1,1,10,2,15,,51,51,1,6,2,120.595589,24.188792,2
1489,66000,387130000C,(04)23274275,(04)23288582,2025,12,3,20,31,臺中市,北屯區,0,1,0,7,1,6,50,4,1,1,5,4,6,6,1,1,10,5,5,2,13,3,10,1,1,C03,7,8,1,10,2,12,,7,7,1,6,4,120.669789,24.176376,2
1490,66000,387130000C,(04)23274275,(04)23288582,2025,12,3,20,31,臺中市,西屯區,0,3,0,7,1,6,40,13,8,1,5,4,6,6,4,4,1,4,5,1,13,2,9,1,1,C03,7,9,1,10,2,11,,7,7,1,12,4,120.641768,24.167341,2
1491,66000,387130000C,(04)23274275,(04)23288582,2025,12,3,20,37,臺中市,清水區,0,2,0,7,1,6,50,4,1,1,5,4,6,6,2,1,9,4,5,2,9,3,10,3,1,B03,7,6,1,8,2,8,,10,10,1,12,4,120.568088,24.271741,2
1492,66000,387130000C,(04)23274275,(04)23288582,2025,12,3,20,38,臺中市,太平區,0,1,0,7,1,6,50,13,9,1,5,4,6,6,1,1,10,5,5,2,17,3,10,5,4,B03,7,14,1,8,2,4,,76,76,1,6,4,120.721147,24.133684,2
1493,66000,387130000C,(04)23274275,(04)23288582,2025,12,3,20,38,臺中市,太平區,0,2,0,7,1,6,50,13,9,1,5,4,6,6,1,1,10,5,5,2,13,2,7,5,4,C03,7,9,1,10,2,11,,7,7,1,5,4,120.724736,24.142095,2
1494,66000,387130000C,(04)23274275,(04)23288582,2025,12,3,20,40,臺中市,清水區,0,0,0,7,,,50,,,,,,,,,,,,,,,,,,,C03,,,1,,9,,,50,50,1,12,4,120.576537,24.27206,3
1495,66000,387130000C,(04)23274275,(04)23288582,2025,12,3,20,43,臺中市,大雅區,0,0,0,7,,,60,,,,,,,,,,,,,,,,,,,A42,,,1,,1,,,84,84,1,12,4,120.650036,24.213089,3
1496,66000,387130000C,(04)23274275,(04)23288582,2025,12,3,20,44,臺中市,大里區,0,0,0,7,,,50,,,,,,,,,,,,,,,,,,,B12,,,1,,2,,,49,49,1,13,4,120.716605,24.100968,3
1497,66000,387130000C,(04)23274275,(04)23288582,2025,12,3,20,45,臺中市,大里區,0,2,0,7,1,6,50,13,9,1,5,4,6,6,4,4,9,5,5,2,16,2,9,1,1,F03,7,9,7,21,2,11,,85,85,1,12,4,120.701428,24.106522,2
1498,66000,387130000C,(04)23274275,(04)23288582,2025,12,3,20,47,臺中市,豐原區,0,0,0,7,1,6,50,3,9,1,5,4,6,6,4,4,5,5,5,1,14,3,10,1,1,C03,7,2,1,10,2,13,,49,49,1,12,4,120.727654,24.24489,3
1499,66000,387130000C,(04)23274275,(04)23288582,2025,12,3,20,55,臺中市,北區,0,1,0,7,1,6,50,13,7,1,5,4,6,6,4,4,5,4,4,2,17,3,10,5,1,C03,7,9,1,10,2,11,,7,7,1,13,4,120.681989,24.1592,2
1500,66000,387130000C,(04)23274275,(04)23288582,2025,12,3,20,56,臺中市,西屯區,0,0,0,7,,,50,,,,,,,,,,,,,,16,,,,,C03,,,1,,2,,,4,4,1,12,4,120.645818,24.172124,3
1501,66000,387130000C,(04)23274275,(04)23288582,2025,12,3,20,57,臺中市,大里區,0,0,0,7,,,50,,,,,,,,,,,,,,17,,,,,B02,,,1,,2,,,84,84,1,6,4,120.67274,24.114216,3
1502,66000,387130000C,(04)23274275,(04)23288582,2025,12,3,21,1,臺中市,西屯區,0,1,0,7,1,6,50,4,1,1,5,4,6,6,1,1,10,5,5,2,13,2,9,5,4,C03,7,9,1,8,2,11,,59,59,1,12,4,120.647728,24.174196,2
1503,66000,387130000C,(04)23274275,(04)23288582,2025,12,3,21,3,臺中市,南區,0,2,0,7,1,6,50,4,9,1,5,4,6,6,2,1,3,5,5,2,16,2,9,5,4,C03,7,5,1,10,2,12,,20,20,1,6,4,120.684746,24.130741,2
1504,66000,387130000C,(04)23274275,(04)23288582,2025,12,3,21,5,臺中市,神岡區,0,1,0,7,2,6,30,3,1,1,5,4,6,6,4,4,10,5,5,1,17,3,10,5,4,B03,7,6,1,8,2,8,,59,59,1,13,4,120.702388,24.27296,2
1505,66000,387130000C,(04)23274275,(04)23288582,2025,12,3,21,8,臺中市,烏日區,0,0,0,7,,,30,,,,,,,,,,,,,,14,,,,,B03,,,1,,1,,,49,49,1,6,5,120.651141,24.09387,3
1506,66000,387130000C,(04)23274275,(04)23288582,2025,12,3,21,10,臺中市,東區,0,0,0,7,,,50,,,,,,,,,,,,,,17,,,,,B03,,,1,,1,,,84,84,1,12,4,120.706773,24.148811,3
1507,66000,387130000C,(04)23274275,(04)23288582,2025,12,3,21,12,臺中市,北區,0,1,0,7,1,6,50,3,1,1,5,4,6,6,4,4,5,4,5,2,17,3,10,3,1,B03,7,11,1,8,2,4,,45,45,1,13,4,120.686721,24.147858,2
1508,66000,387130000C,(04)23274275,(04)23288582,2025,12,3,21,17,臺中市,南屯區,0,0,0,7,,,50,,,,,,,,,,,,,,14,,,,,B03,,,1,,2,,,49,49,1,12,4,120.649804,24.149474,3
1509,66000,387130000C,(04)23274275,(04)23288582,2025,12,3,21,25,臺中市,龍井區,0,2,0,7,1,6,50,4,1,1,5,4,6,6,4,4,5,5,4,2,11,3,10,1,1,C03,7,9,3,19,2,11,,12,12,1,6,4,120.518329,24.195063,2
1510,66000,387130000C,(04)23274275,(04)23288582,2025,12,3,21,25,臺中市,沙鹿區,0,2,0,7,1,6,50,4,9,1,5,4,6,6,1,1,4,4,5,1,13,2,8,2,1,C03,7,9,1,10,2,11,,7,7,1,12,4,120.576779,24.224345,2
1511,66000,387130000C,(04)23274275,(04)23288582,2025,12,3,21,30,臺中市,大雅區,0,0,0,7,,,30,,,,,,,,,,,,,,,,,,,B03,,,1,,1,,,49,49,1,12,4,120.654202,24.21264,3
1512,66000,387130000C,(04)23274275,(04)23288582,2025,12,3,21,30,臺中市,南屯區,0,0,0,7,,,0,,,,,,,,,,,,,,,,,,,C03,,,1,,9,,,84,84,1,12,4,120.646899,24.131898,3
1513,66000,387130000C,(04)23274275,(04)23288582,2025,12,3,21,30,臺中市,大里區,0,0,0,6,,,40,,,,,,,,,,,,,,18,,,,,B03,,,1,,11,,,49,49,1,13,4,120.709908,24.086313,4
1514,66000,387130000C,(04)23274275,(04)23288582,2025,12,3,21,31,臺中市,南屯區,0,0,0,7,,,50,,,,,,,,,,,,,,16,,,,,B03,,,1,,2,,,84,84,1,13,4,120.643405,24.146604,3
1515,66000,387130000C,(04)23274275,(04)23288582,2025,12,3,21,33,臺中市,西屯區,0,2,0,7,1,6,50,3,1,1,5,4,6,6,4,4,10,5,5,2,16,2,3,5,4,B03,7,6,1,8,2,1,,12,12,1,13,4,120.650106,24.182944,2
1516,66000,387130000C,(04)23274275,(04)23288582,2025,12,3,21,33,臺中市,西屯區,0,1,0,7,1,6,30,5,1,5,5,4,6,6,4,4,10,5,5,2,13,3,10,2,4,C03,7,9,1,10,2,11,,58,58,1,13,4,120.646371,24.181938,2
1517,66000,387130000C,(04)23274275,(04)23288582,2025,12,3,21,35,臺中市,南區,0,2,0,7,1,6,50,3,2,1,5,4,6,6,1,1,5,5,5,2,13,3,10,3,1,B03,7,9,1,8,2,1,,7,7,1,12,4,120.66047,24.113537,2
1518,66000,387130000C,(04)23274275,(04)23288582,2025,12,3,21,35,臺中市,西屯區,0,3,0,7,1,6,40,13,8,1,5,4,6,6,4,4,1,5,3,2,17,2,8,5,4,C04,7,1,1,11,2,14,,51,51,1,12,4,120.622422,24.179387,2
1519,66000,387130000C,(04)23274275,(04)23288582,2025,12,3,21,45,臺中市,大雅區,0,1,0,7,1,6,50,4,9,1,5,4,6,6,1,1,5,5,5,1,13,3,10,3,1,B03,7,9,1,8,2,8,,59,59,1,12,4,120.64815,24.226795,2
1520,66000,387130000C,(04)23274275,(04)23288582,2025,12,3,21,48,臺中市,神岡區,0,0,0,7,2,6,50,4,1,1,5,4,6,6,2,1,10,5,5,1,17,3,10,5,4,B03,7,9,1,8,7,1,,59,59,1,13,4,120.659066,24.256742,3
1521,66000,387130000C,(04)23274275,(04)23288582,2025,12,3,21,49,臺中市,東區,0,1,0,7,1,6,50,13,7,1,5,4,6,6,4,4,5,4,4,2,13,2,9,5,4,F03,7,9,7,21,2,11,,7,7,1,12,4,120.699274,24.134941,2
1522,66000,387130000C,(04)23274275,(04)23288582,2025,12,3,21,50,臺中市,太平區,0,3,0,7,1,6,50,4,1,1,5,4,6,6,1,1,10,5,5,2,16,2,8,1,1,C03,7,6,1,10,2,11,14,11,11,1,12,4,120.722085,24.129097,2
1523,66000,387130000C,(04)23274275,(04)23288582,2025,12,3,21,55,臺中市,北區,0,0,0,7,,,50,,,,,,,,,,,,,,13,,,,,B03,,,1,,2,,,59,59,1,13,4,120.67039,24.162827,3
1524,66000,387130000C,(04)23274275,(04)23288582,2025,12,3,21,55,臺中市,北屯區,0,0,0,7,,,50,,,,,,,,,,,,,,,,,,,B03,,,1,,1,,,58,58,1,6,4,120.697112,24.165066,3
1525,66000,387130000C,(04)23274275,(04)23288582,2025,12,3,21,56,臺中市,南區,0,2,0,7,1,6,50,3,1,1,5,4,6,6,2,1,5,4,4,2,12,3,10,3,1,B03,7,5,1,8,2,5,,11,11,1,6,4,120.656778,24.124076,2
1526,66000,387130000C,(04)23274275,(04)23288582,2025,12,3,22,0,臺中市,西屯區,0,0,0,7,,,50,,,,,,,,,,,,,,11,,,,,B01,,,1,,2,,,14,14,1,12,4,120.589914,24.177863,4
1527,66000,387130000C,(04)23274275,(04)23288582,2025,12,3,22,12,臺中市,西屯區,0,4,0,7,1,6,40,3,4,1,5,4,6,6,1,1,3,2,3,2,13,2,8,5,4,C03,7,9,1,10,2,11,12,7,7,1,12,4,120.611681,24.184334,2
1528,66000,387130000C,(04)23274275,(04)23288582,2025,12,3,22,21,臺中市,大甲區,0,0,0,7,,,50,,,,,,,,,,,,,,13,,,,,B12,,,1,,1,,,84,84,1,6,4,120.617393,24.349194,3
1529,66000,387130000C,(04)23274275,(04)23288582,2025,12,3,22,22,臺中市,烏日區,0,0,0,7,,,60,,,,,,,,,,,,,,13,,,,,B03,,,1,,1,,,7,7,1,12,4,120.606583,24.108469,3
1530,66000,387130000C,(04)23274275,(04)23288582,2025,12,3,22,27,臺中市,北區,0,0,0,7,,,50,,,,,,,,,,,,,,17,,,,,B03,,,1,,1,,,51,51,1,12,4,120.68029,24.14834,4
1531,66000,387130000C,(04)23274275,(04)23288582,2025,12,3,22,39,臺中市,太平區,0,0,0,7,,,30,,,,,,,,,,,,,,9,,,,,B01,,,1,,2,,,84,84,1,12,4,120.717555,24.145463,3
1532,66000,387130000C,(04)23274275,(04)23288582,2025,12,3,22,41,臺中市,南屯區,0,1,0,7,1,6,50,13,8,1,5,4,6,6,4,4,5,4,4,2,17,3,10,3,1,B03,7,5,1,8,2,6,,47,47,1,12,4,120.633957,24.145429,2
1533,66000,387130000C,(04)23274275,(04)23288582,2025,12,3,22,43,臺中市,后里區,0,1,0,7,1,6,50,3,2,1,5,4,6,6,3,1,7,4,5,1,27,2,7,3,1,B02,7,9,1,8,2,1,,59,59,1,6,4,120.689297,24.307101,2
1534,66000,387130000C,(04)23274275,(04)23288582,2025,12,3,22,45,臺中市,中區,0,1,0,7,1,6,50,13,9,1,5,4,6,6,4,4,5,4,5,2,17,3,10,3,1,B03,7,1,1,8,2,4,,51,51,1,12,4,120.677543,24.14057,2
1535,66000,387130000C,(04)23274275,(04)23288582,2025,12,3,22,46,臺中市,霧峰區,0,0,0,7,,,30,,,,,,,,,,,,,,,,,,,B03,,,1,,2,,,84,84,1,13,4,120.687227,24.044227,4
1536,66000,387130000C,(04)23274275,(04)23288582,2025,12,3,22,54,臺中市,南屯區,0,0,0,7,,,50,,,,,,,,,,,,,,,,,,,C03,,,1,,9,,,59,59,2,12,4,120.607876,24.134401,3
1537,66000,387130000C,(04)23274275,(04)23288582,2025,12,3,23,23,臺中市,南屯區,0,2,0,7,1,6,50,4,1,1,5,4,6,6,3,1,10,5,5,2,15,2,9,1,1,C03,7,9,1,10,2,11,,24,24,1,13,4,120.649958,24.132014,2
1538,66000,387130000C,(04)23274275,(04)23288582,2025,12,4,0,14,臺中市,西區,0,0,0,7,,,0,,,,,,,,,,,,,,12,,,,,C03,,,1,,2,,,84,84,1,6,4,120.671617,24.150073,3
1539,66000,387130000C,(04)23274275,(04)23288582,2025,12,4,0,21,臺中市,南屯區,0,0,0,7,,,50,,,,,,,,,,,,,,17,,,,,B03,,,1,,1,,,49,49,1,12,4,120.648886,24.138469,3
1540,66000,387130000C,(04)23274275,(04)23288582,2025,12,4,0,39,臺中市,北屯區,0,1,0,6,1,6,50,4,1,1,5,4,6,6,2,1,10,5,5,2,12,3,10,2,1,C04,7,7,2,19,2,12,,40,40,1,4,4,120.721811,24.181854,2
1541,66000,387130000C,(04)23274275,(04)23288582,2025,12,4,0,56,臺中市,北區,0,1,0,7,1,6,50,4,1,1,5,4,6,6,3,1,5,5,4,2,17,2,8,1,1,C03,7,9,1,10,2,12,,24,24,1,12,4,120.674402,24.171548,2
1542,66000,387130000C,(04)23274275,(04)23288582,2025,12,4,1,21,臺中市,北區,0,0,0,7,,,50,,,,,,,,,,,,,,15,,,,,B03,,,1,,1,6,,15,15,1,12,4,120.677693,24.158213,3
1543,66000,387130000C,(04)23274275,(04)23288582,2025,12,4,2,19,臺中市,豐原區,0,1,0,7,1,6,50,13,9,1,5,4,6,6,1,1,3,4,5,2,12,3,10,5,4,C03,7,7,1,10,2,11,,42,42,1,12,4,120.699396,24.249131,2
1544,66000,387130000C,(04)23274275,(04)23288582,2025,12,4,4,30,臺中市,西區,0,1,0,7,1,6,40,13,8,1,5,4,6,6,4,4,1,4,1,2,18,2,9,2,1,C03,7,9,1,10,2,12,,59,59,1,12,4,120.661188,24.15601,2
1545,66000,387130000C,(04)23274275,(04)23288582,2025,12,4,5,0,臺中市,西區,0,0,0,7,1,6,50,13,9,1,5,4,6,6,4,4,5,4,5,2,10,3,10,3,1,B03,7,9,1,8,8,8,,84,84,1,6,4,120.669548,24.147177,3
1546,66000,387130000C,(04)23274275,(04)23288582,2025,12,4,5,30,臺中市,外埔區,0,0,0,7,,,50,,,,,,,,,,,,,,18,,,,,C03,,,1,,2,,,59,59,1,12,4,120.652745,24.329978,3
1547,66000,387130000C,(04)23274275,(04)23288582,2025,12,4,5,47,臺中市,豐原區,0,1,0,7,1,6,30,3,1,1,5,4,6,6,4,4,5,5,5,1,16,3,10,3,1,B12,7,9,1,8,2,5,,84,84,1,12,4,120.741916,24.25072,2
1548,66000,387130000C,(04)23274275,(04)23288582,2025,12,4,6,38,臺中市,北屯區,0,1,0,7,3,6,50,13,8,1,5,4,6,6,4,4,1,5,4,2,17,2,9,2,1,C03,7,9,1,10,2,11,,84,84,1,6,4,120.694059,24.161862,2
1549,66000,387130000C,(04)23274275,(04)23288582,2025,12,4,6,43,臺中市,西屯區,0,0,0,7,,,0,,,,,,,,,,,,,,14,,,,,B03,,,1,,1,,,49,49,1,13,4,120.624316,24.194298,3
1550,66000,387130000C,(04)23274275,(04)23288582,2025,12,4,6,55,臺中市,大雅區,0,1,0,7,3,6,30,13,9,1,5,4,6,6,4,4,10,5,5,1,17,2,8,5,4,C03,7,9,1,10,2,11,,84,84,1,13,4,120.629339,24.220766,2
1551,66000,387130000C,(04)23274275,(04)23288582,2025,12,4,7,8,臺中市,龍井區,0,0,0,7,,,50,,,,,,,,,,,,,,2,,,,,B03,,,1,,1,,,40,40,1,6,4,120.572076,24.194543,3
1552,66000,387130000C,(04)23274275,(04)23288582,2025,12,4,7,9,臺中市,霧峰區,0,1,0,7,2,6,50,13,9,1,5,4,6,6,4,4,5,5,5,1,17,3,10,3,1,B03,7,1,1,8,2,8,,51,51,1,6,4,120.69296,24.066124,2
1553,66000,387130000C,(04)23274275,(04)23288582,2025,12,4,7,13,臺中市,烏日區,0,0,0,7,,,50,,,,,,,,,,,,,,13,,,,,B03,,,1,,1,,,7,7,1,8,4,120.586122,24.112369,3
1554,66000,387130000C,(04)23274275,(04)23288582,2025,12,4,7,15,臺中市,大雅區,0,2,0,7,3,6,50,8,9,1,5,4,6,6,4,4,4,5,5,1,17,2,9,5,4,C03,7,9,1,10,2,12,,85,85,1,13,4,120.671371,24.21259,2
1555,66000,387130000C,(04)23274275,(04)23288582,2025,12,4,7,15,臺中市,中區,0,0,0,7,,,50,,,,,,,,,,,,,,,,,,,B03,,,1,,1,,,26,26,1,6,4,120.684979,24.137605,3
1556,66000,387130000C,(04)23274275,(04)23288582,2025,12,4,7,15,臺中市,北屯區,0,0,0,7,,,50,,,,,,,,,,,,,,17,,,,,B03,,,1,,1,,,84,84,1,6,4,120.724838,24.16696,3
1557,66000,387130000C,(04)23274275,(04)23288582,2025,12,4,7,16,臺中市,潭子區,0,0,0,7,,,50,,,,,,,,,,,,,,,,,,,C03,,,1,,2,,,38,38,1,13,4,120.719202,24.218089,3
1558,66000,387130000C,(04)23274275,(04)23288582,2025,12,4,7,17,臺中市,北區,0,0,0,7,,,50,,,,,,,,,,,,,,13,,,,,B03,,,1,,1,,,84,84,1,13,4,120.671758,24.173055,3
1559,66000,387130000C,(04)23274275,(04)23288582,2025,12,4,7,17,臺中市,梧棲區,0,2,0,7,2,6,50,13,9,1,5,4,6,6,4,4,5,5,5,1,17,2,8,2,1,C03,7,11,1,10,2,13,,45,45,1,12,4,120.539089,24.250508,2
1560,66000,387130000C,(04)23274275,(04)23288582,2025,12,4,7,19,臺中市,南區,0,1,0,7,2,6,50,13,9,1,5,4,6,6,4,4,1,4,5,2,13,2,9,1,1,C03,7,9,3,19,2,11,,7,7,1,12,4,120.678993,24.12745,2
1561,66000,387130000C,(04)23274275,(04)23288582,2025,12,4,7,20,臺中市,西屯區,0,0,0,7,,,50,,,,,,,,,,,,,,12,,,,,A05,,,1,,1,,,45,45,1,12,4,120.649356,24.175396,3
1562,66000,387130000C,(04)23274275,(04)23288582,2025,12,4,7,20,臺中市,豐原區,0,0,0,7,,,60,,,,,,,,,,,,,,13,,,,,B03,,,1,,2,,,7,7,1,12,4,120.703296,24.245079,3
1563,66000,387130000C,(04)23274275,(04)23288582,2025,12,4,7,23,臺中市,大里區,0,2,0,7,2,6,50,13,9,1,5,4,6,6,4,4,10,5,5,2,16,3,10,4,1,F01,7,6,7,21,2,14,,20,20,1,3,4,120.699519,24.092761,2
1564,66000,387130000C,(04)23274275,(04)23288582,2025,12,4,7,24,臺中市,沙鹿區,0,0,0,7,,,30,,,,,,,,,,,,,,,,,,,B03,,,1,,1,,,59,59,1,6,4,120.562502,24.241112,3
1565,66000,387130000C,(04)23274275,(04)23288582,2025,12,4,7,24,臺中市,石岡區,0,0,0,7,,,70,,,,,,,,,,,,,,13,,,,,B03,,,1,,1,,,84,84,1,13,4,120.781462,24.274397,3
1566,66000,387130000C,(04)23274275,(04)23288582,2025,12,4,7,25,臺中市,北區,0,0,0,7,,,50,,,,,,,,,,,,,,13,,,,,B03,,,1,,1,,,84,84,1,13,4,120.69097,24.155546,3
1567,66000,387130000C,(04)23274275,(04)23288582,2025,12,4,7,27,臺中市,大甲區,0,1,0,7,2,6,40,3,9,1,5,4,6,6,4,4,6,3,5,1,12,2,9,1,1,C03,7,9,1,10,2,11,,84,84,1,12,4,120.625422,24.353266,2
1568,66000,387130000C,(04)23274275,(04)23288582,2025,12,4,7,28,臺中市,大甲區,0,1,0,7,2,6,30,3,1,1,5,4,6,6,4,4,10,5,5,2,16,3,10,3,1,B03,7,6,1,8,2,4,,48,48,1,6,4,120.630058,24.342904,2
1569,66000,387130000C,(04)23274275,(04)23288582,2025,12,4,7,29,臺中市,南屯區,0,2,0,7,3,6,50,4,1,1,5,4,6,6,2,1,10,5,5,2,16,2,9,2,4,C03,7,6,1,10,2,11,,11,11,1,6,4,120.609701,24.138452,2
1570,66000,387130000C,(04)23274275,(04)23288582,2025,12,4,7,30,臺中市,烏日區,0,0,0,6,2,6,50,13,8,1,5,4,6,6,4,4,5,4,4,2,13,3,10,1,1,C03,7,9,1,10,1,11,,7,7,2,6,4,120.607328,24.122445,3