序號,縣市別代碼,機關代碼,市話,傳真,年,月,日,時,分,縣市,區,死亡數量,受傷數量,2-30,天候,道路照明設備,道路類別,道路速限,道路型態,事故位置,路面鋪裝,路面狀態,路面缺陷,障礙物,視距,號誌種類,號誌動作,分向設施,快車道或一般車道間,快慢車道間,路面邊線,事故類型及型態,受傷程度,主要傷處,保護裝備,行動電話或功能裝置,當事者區分(類別),車輛用途,當事者行動狀態,駕照狀態,駕照種類,飲酒情形,車輛撞擊部位最初,車輛撞擊部位其他,肇事因素個別,肇事因素主要,肇事逃逸,職業,共享經濟或外送平台,GPS座標X,GPS座標Y,事故類別
1571,66000,387130000C,(04)23274275,(04)23288582,2025,12,4,7,31,臺中市,龍井區,0,0,0,7,,,50,,,,,,,,,,,,,,,,,,,B03,,,1,,2,,,12,12,1,6,4,120.523448,24.201427,3
1572,66000,387130000C,(04)23274275,(04)23288582,2025,12,4,7,32,臺中市,南區,0,1,0,7,3,6,50,3,1,1,5,4,6,6,4,4,10,5,5,2,18,2,9,5,4,C03,7,9,1,10,2,14,,84,84,1,12,4,120.646181,24.112381,2
1573,66000,387130000C,(04)23274275,(04)23288582,2025,12,4,7,36,臺中市,西區,0,3,0,7,2,6,50,3,1,1,5,4,6,6,2,1,1,2,4,2,12,2,7,1,1,C03,7,9,1,10,1,15,,8,8,1,13,4,120.657215,24.152693,2
1574,66000,387130000C,(04)23274275,(04)23288582,2025,12,4,7,36,臺中市,西屯區,0,1,0,7,2,6,50,3,19,1,5,4,6,6,4,4,10,5,5,2,3,3,10,3,1,B03,7,5,1,8,2,5,,10,10,1,12,4,120.638684,24.169766,2
1575,66000,387130000C,(04)23274275,(04)23288582,2025,12,4,7,36,臺中市,霧峰區,0,1,0,7,3,6,50,3,1,1,5,4,6,6,4,4,10,5,5,1,16,3,10,3,1,B03,7,5,1,8,2,2,,14,14,1,12,4,120.692175,24.044159,2
1576,66000,387130000C,(04)23274275,(04)23288582,2025,12,4,7,38,臺中市,神岡區,0,1,0,7,3,6,50,3,9,1,5,4,6,6,1,1,3,4,4,1,12,2,9,1,1,C03,7,9,1,10,2,14,,7,7,1,13,4,120.696471,24.248542,2
1577,66000,387130000C,(04)23274275,(04)23288582,2025,12,4,7,39,臺中市,南屯區,0,0,0,7,,,50,,,,,,,,,,,,,,,,,,,C03,,,1,,11,,,51,51,1,12,4,120.613173,24.139632,3
1578,66000,387130000C,(04)23274275,(04)23288582,2025,12,4,7,40,臺中市,北屯區,0,0,0,7,,,50,,,,,,,,,,,,,,,,,,,,,,,,,,,119,119,1,,,120.687601,24.171247,4
1579,66000,387130000C,(04)23274275,(04)23288582,2025,12,4,7,40,臺中市,新社區,0,0,0,7,,,30,,,,,,,,,,,,,,14,,,,,B03,,,1,,2,,,49,49,1,13,4,120.817872,24.199303,3
1580,66000,387130000C,(04)23274275,(04)23288582,2025,12,4,7,43,臺中市,大里區,0,1,0,6,3,6,50,4,1,1,5,4,6,6,1,1,10,5,5,2,15,2,9,1,1,C03,7,9,1,10,2,11,,21,21,1,6,4,120.699121,24.110173,2
1581,66000,387130000C,(04)23274275,(04)23288582,2025,12,4,7,44,臺中市,北屯區,0,0,0,7,,,50,,,,,,,,,,,,,,17,,,,,B03,,,1,,1,,,59,59,1,6,4,120.687824,24.191637,3
1582,66000,387130000C,(04)23274275,(04)23288582,2025,12,4,7,46,臺中市,南屯區,0,0,0,7,,,50,,,,,,,,,,,,,,12,,,,,B03,,,1,,1,,,40,40,1,12,4,120.623988,24.145157,3
1583,66000,387130000C,(04)23274275,(04)23288582,2025,12,4,7,46,臺中市,西屯區,0,0,0,7,,,50,,,,,,,,,,,,,,13,,,,,C02,,,1,,1,,,59,59,1,12,4,120.605279,24.171509,3
1584,66000,387130000C,(04)23274275,(04)23288582,2025,12,4,7,47,臺中市,西屯區,0,1,0,7,2,6,50,13,9,1,5,4,6,6,4,4,9,5,5,2,16,3,10,1,1,C03,7,11,1,10,2,14,,45,45,1,12,4,120.594444,24.185599,2
1585,66000,387130000C,(04)23274275,(04)23288582,2025,12,4,7,47,臺中市,梧棲區,0,1,0,7,2,6,50,4,1,1,5,4,6,6,1,1,5,5,5,2,17,2,8,2,1,C03,7,6,1,10,2,14,,4,4,1,12,4,120.538141,24.247271,2
1586,66000,387130000C,(04)23274275,(04)23288582,2025,12,4,7,49,臺中市,南屯區,0,2,0,7,2,6,50,4,9,1,5,4,6,6,1,1,5,4,5,2,13,2,8,1,1,C03,7,9,1,10,2,11,,7,7,1,6,4,120.63488,24.146401,2
1587,66000,387130000C,(04)23274275,(04)23288582,2025,12,4,7,49,臺中市,西屯區,0,3,0,7,2,6,50,13,9,1,5,4,6,6,4,4,1,4,5,2,12,2,7,1,1,C03,7,9,1,10,2,12,14,8,8,1,12,4,120.636543,24.171433,2
1588,66000,387130000C,(04)23274275,(04)23288582,2025,12,4,7,49,臺中市,西屯區,0,1,0,7,2,6,50,4,1,1,5,4,6,6,4,4,1,4,5,2,18,2,9,2,1,C03,7,9,1,10,2,14,,84,84,1,12,4,120.594698,24.194764,2
1589,66000,387130000C,(04)23274275,(04)23288582,2025,12,4,7,50,臺中市,沙鹿區,0,0,0,7,,,60,,,,,,,,,,,,,,13,,,,,B03,,,1,,1,,,7,7,1,12,4,120.596851,24.250311,3
1590,66000,387130000C,(04)23274275,(04)23288582,2025,12,4,7,51,臺中市,南區,0,0,0,7,,,40,,,,,,,,,,,,,,13,,,,,C03,,,1,,1,,,7,7,1,13,4,120.658708,24.125939,3
1591,66000,387130000C,(04)23274275,(04)23288582,2025,12,4,7,51,臺中市,西屯區,0,0,0,7,,,30,,,,,,,,,,,,,,14,,,,,B13,,,1,,1,,,50,50,1,12,4,120.617668,24.159668,3
1592,66000,387130000C,(04)23274275,(04)23288582,2025,12,4,7,52,臺中市,潭子區,0,3,0,7,3,6,30,4,1,1,5,4,6,6,4,4,10,5,5,2,15,2,9,2,1,C03,7,9,1,10,2,11,,13,13,1,12,4,120.698011,24.195638,2
1593,66000,387130000C,(04)23274275,(04)23288582,2025,12,4,7,53,臺中市,神岡區,0,2,0,7,2,6,30,13,9,2,5,4,6,6,4,4,10,5,5,2,11,2,9,2,1,C03,7,6,1,8,2,12,,48,48,1,6,4,120.658023,24.280188,2
1594,66000,387130000C,(04)23274275,(04)23288582,2025,12,4,7,56,臺中市,潭子區,0,0,0,7,,,60,,,,,,,,,,,,,,,,,,,B03,,,1,,2,,,26,26,1,13,4,120.70359,24.201162,3
1595,66000,387130000C,(04)23274275,(04)23288582,2025,12,4,7,56,臺中市,太平區,0,0,0,7,,,50,,,,,,,,,,,,,,,,,,,C03,,,1,,2,,,6,6,1,12,4,120.703244,24.153434,3
1596,66000,387130000C,(04)23274275,(04)23288582,2025,12,4,7,58,臺中市,北區,0,2,0,7,2,6,50,3,1,1,5,4,6,6,4,4,10,4,5,2,17,2,9,1,1,C03,7,8,1,10,2,14,,40,40,1,12,4,120.678398,24.165166,2
1597,66000,387130000C,(04)23274275,(04)23288582,2025,12,4,7,58,臺中市,西屯區,0,0,0,7,,,50,,,,,,,,,,,,,,12,,,,,,,,,,,,,119,119,1,,,120.636504,24.171683,3
1598,66000,387130000C,(04)23274275,(04)23288582,2025,12,4,7,59,臺中市,西屯區,0,0,0,6,,,40,,,,,,,,,,,,,,13,,,,,B03,,,1,,1,,,59,59,1,12,4,120.617057,24.182452,3
1599,66000,387130000C,(04)23274275,(04)23288582,2025,12,4,8,0,臺中市,大雅區,0,2,0,7,2,6,30,4,1,1,5,4,6,6,1,1,10,5,5,2,17,2,9,1,1,C03,7,6,1,10,2,12,,1,1,1,12,4,120.635365,24.20491,2
1600,66000,387130000C,(04)23274275,(04)23288582,2025,12,4,8,0,臺中市,大里區,0,1,0,7,2,6,50,13,9,1,5,4,6,6,4,4,5,5,5,1,13,2,9,2,1,C03,7,9,1,10,2,11,,7,7,1,6,4,120.701843,24.099288,2
1601,66000,387130000C,(04)23274275,(04)23288582,2025,12,4,8,1,臺中市,西屯區,0,1,0,7,2,6,30,3,1,1,5,4,6,6,4,4,10,5,5,2,15,3,10,1,1,C03,7,9,1,10,2,11,,6,6,1,12,4,120.65524,24.169868,2
1602,66000,387130000C,(04)23274275,(04)23288582,2025,12,4,8,2,臺中市,西屯區,0,0,0,7,,,50,,,,,,,,,,,,,,12,,,,,B03,,,1,,2,,,40,40,1,12,4,120.653467,24.160591,3
1603,66000,387130000C,(04)23274275,(04)23288582,2025,12,4,8,6,臺中市,西屯區,0,0,0,7,,,50,,,,,,,,,,,,,,12,,,,,C03,,,1,,2,,,42,42,1,12,4,120.615876,24.184702,3
1604,66000,387130000C,(04)23274275,(04)23288582,2025,12,4,8,7,臺中市,豐原區,0,1,0,7,2,6,50,4,2,1,5,4,6,6,1,1,1,4,4,1,13,2,9,5,4,C03,7,9,1,10,2,11,,7,7,1,12,4,120.722195,24.236436,2
1605,66000,387130000C,(04)23274275,(04)23288582,2025,12,4,8,8,臺中市,南區,0,1,0,7,1,6,50,13,7,1,5,4,6,6,4,4,9,5,4,2,18,2,9,5,4,C03,7,11,1,10,2,15,,84,84,1,12,4,120.660433,24.117138,2
1606,66000,387130000C,(04)23274275,(04)23288582,2025,12,4,8,12,臺中市,龍井區,0,0,0,7,,,50,,,,,,,,,,,,,,14,,,,,B03,,,1,,2,,,49,49,1,6,4,120.579603,24.182702,3
1607,66000,387130000C,(04)23274275,(04)23288582,2025,12,4,8,19,臺中市,南屯區,0,2,0,7,3,6,40,13,8,1,5,4,6,6,4,4,5,5,4,2,16,2,9,2,4,C03,7,1,1,10,2,14,,51,51,1,6,4,120.643701,24.154038,2
1608,66000,387130000C,(04)23274275,(04)23288582,2025,12,4,8,20,臺中市,大里區,0,0,0,7,2,6,50,3,2,1,5,4,6,6,4,4,5,5,5,1,17,3,10,3,1,A04,7,9,1,2,2,6,,82,82,1,6,4,120.695775,24.090922,3
1609,66000,387130000C,(04)23274275,(04)23288582,2025,12,4,8,20,臺中市,大里區,0,0,0,7,,,50,,,,,,,,,,,,,,17,,,,,C03,,,1,,2,,,50,50,1,12,4,120.680216,24.105728,3
1610,66000,387130000C,(04)23274275,(04)23288582,2025,12,4,8,27,臺中市,北屯區,0,1,0,7,2,6,30,13,9,1,5,4,6,6,4,4,10,5,5,2,12,2,8,1,1,F03,7,9,7,21,2,11,,59,59,1,12,4,120.700937,24.165705,2
1611,66000,387130000C,(04)23274275,(04)23288582,2025,12,4,8,30,臺中市,沙鹿區,0,1,0,7,2,6,50,4,1,1,5,4,6,6,3,1,10,5,5,2,18,2,9,2,1,C03,7,6,1,10,2,14,,59,59,1,6,4,120.574027,24.215419,2
1612,66000,387130000C,(04)23274275,(04)23288582,2025,12,4,8,30,臺中市,后里區,0,0,0,7,,,50,,,,,,,,,,,,,,12,,,,,A41,,,1,,1,,,8,8,2,12,4,120.706759,24.311695,3
1613,66000,387130000C,(04)23274275,(04)23288582,2025,12,4,8,31,臺中市,太平區,0,1,0,7,2,6,50,4,1,1,5,4,6,6,1,1,10,5,5,2,16,3,10,3,1,B03,7,6,1,8,1,6,,25,25,1,12,4,120.717842,24.158482,2
1614,66000,387130000C,(04)23274275,(04)23288582,2025,12,4,8,35,臺中市,北區,0,0,0,7,,,50,,,,,,,,,,,,,,17,,,,,B03,,,1,,2,,,51,51,1,13,4,120.677041,24.162939,3
1615,66000,387130000C,(04)23274275,(04)23288582,2025,12,4,8,37,臺中市,神岡區,0,0,0,7,,,50,,,,,,,,,,,,,,17,,,,,B12,,,5,,2,,,84,84,1,13,4,120.683063,24.244135,3
1616,66000,387130000C,(04)23274275,(04)23288582,2025,12,4,8,42,臺中市,北屯區,0,1,0,7,2,6,50,13,9,1,5,4,6,6,2,1,3,4,5,2,18,2,9,1,1,C03,7,9,1,10,2,14,,82,82,1,12,4,120.69563,24.164982,2
1617,66000,387130000C,(04)23274275,(04)23288582,2025,12,4,8,46,臺中市,西屯區,0,1,0,6,2,6,30,4,1,1,5,4,6,6,4,4,10,5,5,2,15,3,10,3,1,B03,7,9,1,8,2,2,,15,15,1,12,4,120.618669,24.175389,2
1618,66000,387130000C,(04)23274275,(04)23288582,2025,12,4,8,47,臺中市,西區,0,1,0,6,2,6,50,4,1,1,5,4,6,6,1,1,10,5,5,2,13,3,10,3,1,B03,7,5,1,8,2,6,,84,84,1,12,4,120.669818,24.133056,2
1619,66000,387130000C,(04)23274275,(04)23288582,2025,12,4,8,48,臺中市,西區,0,1,0,6,3,9,0,18,23,4,5,4,6,6,4,4,10,5,5,2,18,2,9,1,1,C03,7,15,1,10,2,16,,84,84,1,6,4,120.664346,24.13917,2
1620,66000,387130000C,(04)23274275,(04)23288582,2025,12,4,8,51,臺中市,中區,0,1,0,7,2,6,50,4,1,1,5,4,6,6,2,1,10,5,5,2,15,3,10,5,1,B03,7,9,1,8,2,1,,21,21,1,6,4,120.678286,24.14675,2
1621,66000,387130000C,(04)23274275,(04)23288582,2025,12,4,8,53,臺中市,南屯區,0,0,0,7,,,50,,,,,,,,,,,,,,13,,,,,B03,,,1,,1,,,84,84,1,12,4,120.640706,24.143302,3
1622,66000,387130000C,(04)23274275,(04)23288582,2025,12,4,8,54,臺中市,北區,0,2,0,7,2,6,50,4,2,1,5,4,6,6,2,1,10,5,5,2,17,2,9,2,1,C03,7,6,1,10,2,11,,11,11,1,13,4,120.666458,24.154546,2
1623,66000,387130000C,(04)23274275,(04)23288582,2025,12,4,8,54,臺中市,南屯區,0,1,0,7,2,6,50,13,7,1,5,4,6,6,4,4,2,4,4,2,13,3,10,2,1,C03,7,9,1,10,2,11,,7,7,1,12,4,120.631373,24.144934,2
1624,66000,387130000C,(04)23274275,(04)23288582,2025,12,4,8,54,臺中市,神岡區,0,1,0,7,3,6,60,13,9,1,5,4,6,6,4,4,3,4,5,1,9,3,10,1,1,C03,7,1,3,19,2,11,,51,51,1,13,4,120.682088,24.246041,2
1625,66000,387130000C,(04)23274275,(04)23288582,2025,12,4,8,56,臺中市,北區,0,2,0,7,2,6,50,13,9,1,5,4,6,6,4,4,5,5,5,2,13,2,9,1,1,F01,7,8,7,21,2,13,,40,40,1,13,1,120.670374,24.15701,2
1626,66000,387130000C,(04)23274275,(04)23288582,2025,12,4,8,59,臺中市,北屯區,0,1,0,7,3,6,50,4,1,1,5,4,6,6,2,1,10,5,5,2,16,2,1,3,1,B03,7,9,1,8,1,1,,21,21,1,12,4,120.707272,24.187812,2
1627,66000,387130000C,(04)23274275,(04)23288582,2025,12,4,8,59,臺中市,西屯區,0,0,0,7,,,30,,,,,,,,,,,,,,13,,,,,C03,,,1,,1,,,7,7,1,12,4,120.641726,24.19262,3
1628,66000,387130000C,(04)23274275,(04)23288582,2025,12,4,9,4,臺中市,潭子區,0,1,0,7,3,6,50,3,2,1,5,4,6,6,3,1,5,4,4,2,3,3,10,2,1,C03,7,9,1,9,2,11,,84,84,1,13,4,120.707179,24.210329,2
1629,66000,387130000C,(04)23274275,(04)23288582,2025,12,4,9,6,臺中市,南屯區,0,1,0,7,2,6,50,13,9,1,5,4,6,6,4,4,1,4,5,2,17,3,10,3,1,B03,7,7,1,8,2,2,,40,40,1,6,4,120.647635,24.14015,2
1630,66000,387130000C,(04)23274275,(04)23288582,2025,12,4,9,12,臺中市,大甲區,0,0,0,7,,,40,,,,,,,,,,,,,,,,,,,C03,,,1,,2,,,12,12,1,12,4,120.621444,24.351396,3
1631,66000,387130000C,(04)23274275,(04)23288582,2025,12,4,9,15,臺中市,中區,0,0,0,7,,,50,,,,,,,,,,,,,,12,,,,,B03,,,1,,1,,,8,8,1,13,4,120.675718,24.143,3
1632,66000,387130000C,(04)23274275,(04)23288582,2025,12,4,9,16,臺中市,沙鹿區,0,0,0,7,,,40,,,,,,,,,,,,,,14,,,,,B03,,,1,,2,,,49,49,1,6,4,120.554408,24.230657,3
1633,66000,387130000C,(04)23274275,(04)23288582,2025,12,4,9,19,臺中市,神岡區,0,1,0,7,2,6,1,13,9,1,5,4,3,6,4,4,10,5,5,2,9,2,9,6,5,H01,8,20,7,21,1,17,,109,109,1,7,5,120.693228,24.246302,2
1634,66000,387130000C,(04)23274275,(04)23288582,2025,12,4,9,21,臺中市,南屯區,0,0,0,7,,,50,,,,,,,,,,,,,,13,,,,,A04,,,1,,1,,,59,59,1,6,4,120.653277,24.140279,3
1635,66000,387130000C,(04)23274275,(04)23288582,2025,12,4,9,21,臺中市,西屯區,0,0,0,7,,,40,,,,,,,,,,,,,,16,,,,,C03,,,1,,1,,,14,14,1,12,4,120.654124,24.16063,3
1636,66000,387130000C,(04)23274275,(04)23288582,2025,12,4,9,21,臺中市,西屯區,0,0,0,7,,,40,,,,,,,,,,,,,,14,,,,,B03,,,1,,2,,,49,49,1,12,4,120.65296,24.156391,3
1637,66000,387130000C,(04)23274275,(04)23288582,2025,12,4,9,22,臺中市,北區,0,1,0,7,2,6,50,4,1,1,5,4,6,6,2,1,3,4,4,2,17,3,10,3,1,B03,7,5,1,8,2,6,,20,20,1,12,4,120.67406,24.164798,2
1638,66000,387130000C,(04)23274275,(04)23288582,2025,12,4,9,23,臺中市,新社區,0,0,0,7,,,50,,,,,,,,,,,,,,,,,,,B03,,,1,,1,,,59,59,1,12,4,120.80158,24.260375,3
1639,66000,387130000C,(04)23274275,(04)23288582,2025,12,4,9,24,臺中市,后里區,0,1,0,7,2,6,50,4,1,1,5,4,6,6,1,1,10,5,5,2,15,2,9,1,1,C03,7,9,1,10,2,11,,21,21,1,12,4,120.717624,24.302578,2
1640,66000,387130000C,(04)23274275,(04)23288582,2025,12,4,9,26,臺中市,北屯區,0,1,0,7,2,6,30,4,1,1,5,4,6,6,4,4,10,5,5,2,15,3,10,3,1,B03,7,9,3,19,2,5,,15,15,1,6,4,120.681261,24.189672,2
1641,66000,387130000C,(04)23274275,(04)23288582,2025,12,4,9,26,臺中市,西屯區,0,0,0,6,,,50,,,,,,,,,,,,,,13,,,,,B02,,,1,,1,,,84,84,1,12,4,120.62471,24.178522,3
1642,66000,387130000C,(04)23274275,(04)23288582,2025,12,4,9,26,臺中市,梧棲區,0,0,0,7,,,60,,,,,,,,,,,,,,13,,,,,B03,,,1,,2,,,59,59,1,12,4,120.528676,24.221739,3
1643,66000,387130000C,(04)23274275,(04)23288582,2025,12,4,9,28,臺中市,西屯區,0,0,0,7,,,50,,,,,,,,,,,,,,12,,,,,B03,,,1,,1,,,40,40,1,12,4,120.643927,24.160552,3
1644,66000,387130000C,(04)23274275,(04)23288582,2025,12,4,9,28,臺中市,大肚區,0,1,0,7,2,6,50,4,9,1,5,4,6,6,1,1,5,5,5,1,13,3,10,3,1,B03,7,9,1,8,2,5,,84,84,1,6,4,120.543573,24.154202,2
1645,66000,387130000C,(04)23274275,(04)23288582,2025,12,4,9,29,臺中市,潭子區,0,1,0,7,3,6,50,4,2,1,5,4,6,6,3,1,5,5,4,2,13,2,9,2,1,C03,7,9,1,10,2,11,,58,58,1,12,4,120.701801,24.192062,2
1646,66000,387130000C,(04)23274275,(04)23288582,2025,12,4,9,32,臺中市,南區,0,1,0,7,2,6,50,3,1,1,5,4,6,6,1,1,10,5,5,2,16,2,9,1,1,C03,7,9,1,10,2,11,14,21,21,1,12,4,120.648262,24.11412,2
1647,66000,387130000C,(04)23274275,(04)23288582,2025,12,4,9,36,臺中市,西區,0,1,0,7,2,6,30,4,1,1,5,4,6,6,4,4,10,5,5,2,15,2,9,2,1,C03,7,9,1,10,2,12,,15,15,1,12,4,120.656596,24.15433,2
1648,66000,387130000C,(04)23274275,(04)23288582,2025,12,4,9,39,臺中市,大里區,0,1,0,7,3,6,30,3,1,1,5,4,6,6,4,4,10,5,5,2,16,3,10,2,1,C03,7,6,1,10,2,13,,13,13,1,13,4,120.674541,24.098106,2
1649,66000,387130000C,(04)23274275,(04)23288582,2025,12,4,9,40,臺中市,大雅區,0,1,0,7,3,6,0,3,2,1,5,4,6,6,1,1,1,3,4,1,17,3,10,5,4,C03,7,9,1,10,2,11,,7,7,1,13,4,120.642273,24.229109,2
1650,66000,387130000C,(04)23274275,(04)23288582,2025,12,4,9,40,臺中市,烏日區,0,1,0,7,3,6,60,3,1,1,5,4,6,6,1,1,1,2,3,1,16,3,10,3,1,B03,7,6,1,8,2,2,,25,25,1,12,4,120.648703,24.091957,2
1651,66000,387130000C,(04)23274275,(04)23288582,2025,12,4,9,41,臺中市,南屯區,0,0,0,7,,,50,,,,,,,,,,,,,,,,,,,B03,,,1,,1,,,84,84,1,6,4,120.646544,24.134659,3
1652,66000,387130000C,(04)23274275,(04)23288582,2025,12,4,9,41,臺中市,北屯區,0,2,0,7,2,6,50,13,9,1,5,4,6,6,4,4,5,5,5,2,17,2,7,1,1,C03,7,11,1,10,2,12,,34,34,1,12,4,120.695494,24.162418,2
1653,66000,387130000C,(04)23274275,(04)23288582,2025,12,4,9,42,臺中市,西屯區,0,2,0,7,2,6,50,13,9,1,5,4,6,6,4,4,5,4,5,2,13,2,9,1,1,C03,7,9,1,10,2,11,12,7,7,1,12,4,120.610228,24.191577,2
1654,66000,387130000C,(04)23274275,(04)23288582,2025,12,4,9,46,臺中市,北屯區,0,0,0,7,,,50,,,,,,,,,,,,,,17,,,,,C03,,,1,,1,,,8,8,1,12,4,120.720814,24.172406,3
1655,66000,387130000C,(04)23274275,(04)23288582,2025,12,4,9,47,臺中市,大里區,0,0,0,7,,,40,,,,,,,,,,,,,,12,,,,,B03,,,1,,2,,,51,51,1,12,4,120.703437,24.10771,3
1656,66000,387130000C,(04)23274275,(04)23288582,2025,12,4,9,50,臺中市,西屯區,0,0,0,7,,,50,,,,,,,,,,,,,,13,,,,,B03,,,1,,1,,,56,56,1,12,4,120.636445,24.175948,3
1657,66000,387130000C,(04)23274275,(04)23288582,2025,12,4,9,50,臺中市,梧棲區,0,1,0,7,2,6,50,4,1,1,5,4,6,6,2,1,1,4,3,1,15,2,9,4,1,F01,7,9,7,21,2,11,,21,21,1,12,4,120.538789,24.249139,2
1658,66000,387130000C,(04)23274275,(04)23288582,2025,12,4,9,56,臺中市,西屯區,0,2,0,7,2,6,50,4,9,1,5,4,6,6,1,1,1,4,5,2,13,2,9,2,1,C03,7,9,1,10,2,11,,7,7,1,12,4,120.655897,24.199482,2
1659,66000,387130000C,(04)23274275,(04)23288582,2025,12,4,9,58,臺中市,南屯區,0,0,0,7,,,50,,,,,,,,,,,,,,13,,,,,B03,,,1,,1,,,84,84,1,6,4,120.625972,24.143013,3
1660,66000,387130000C,(04)23274275,(04)23288582,2025,12,4,10,3,臺中市,北屯區,0,1,0,7,2,6,50,3,1,1,5,4,6,6,4,4,10,5,5,2,17,2,9,1,1,C03,7,9,3,19,2,12,,1,1,1,12,4,120.68274,24.174857,2
1661,66000,387130000C,(04)23274275,(04)23288582,2025,12,4,10,6,臺中市,西屯區,0,0,0,7,,,50,,,,,,,,,,,,,,13,,,,,B03,,,1,,2,,,59,59,1,12,4,120.643302,24.171919,3
1662,66000,387130000C,(04)23274275,(04)23288582,2025,12,4,10,7,臺中市,太平區,0,1,0,7,2,6,40,13,9,1,5,4,6,6,4,4,5,5,5,1,18,2,9,2,1,C03,7,9,1,10,2,12,,84,84,1,12,4,120.712749,24.110318,2
1663,66000,387130000C,(04)23274275,(04)23288582,2025,12,4,10,8,臺中市,潭子區,0,0,0,7,,,50,,,,,,,,,,,,,,16,,,,,B12,,,1,,2,,,39,39,1,12,4,120.703342,24.200734,3
1664,66000,387130000C,(04)23274275,(04)23288582,2025,12,4,10,10,臺中市,西屯區,0,0,0,7,,,40,,,,,,,,,,,,,,12,,,,,B03,,,1,,2,,,59,59,1,12,4,120.664591,24.182037,3
1665,66000,387130000C,(04)23274275,(04)23288582,2025,12,4,10,10,臺中市,龍井區,0,1,0,7,2,6,50,13,14,1,5,4,6,6,4,4,8,5,5,1,30,2,9,3,1,A12,7,9,1,3,2,1,,59,59,1,6,4,120.521772,24.189226,2
1666,66000,387130000C,(04)23274275,(04)23288582,2025,12,4,10,15,臺中市,南屯區,0,0,0,7,,,50,,,,,,,,,,,,,,,,,,,C03,,,1,,1,,,59,59,1,12,4,120.612936,24.139626,3
1667,66000,387130000C,(04)23274275,(04)23288582,2025,12,4,10,16,臺中市,豐原區,0,0,0,7,,,50,,,,,,,,,,,,,,12,,,,,B03,,,1,,2,,,85,85,1,12,4,120.750126,24.269317,3
1668,66000,387130000C,(04)23274275,(04)23288582,2025,12,4,10,17,臺中市,西屯區,0,1,0,7,2,6,30,13,9,1,5,4,6,6,4,4,5,5,5,2,16,3,10,3,1,B03,7,6,1,8,2,16,,34,34,1,12,4,120.648643,24.191196,2
1669,66000,387130000C,(04)23274275,(04)23288582,2025,12,4,10,18,臺中市,北屯區,0,0,0,7,,,50,,,,,,,,,,,,,,20,,,,,B03,,,1,,2,,,59,59,1,12,4,120.791948,24.205892,3
1670,66000,387130000C,(04)23274275,(04)23288582,2025,12,4,10,23,臺中市,西屯區,0,1,0,7,2,6,50,4,1,1,5,4,6,6,2,1,5,5,5,2,17,2,9,1,1,C03,7,9,1,10,2,14,,84,84,1,12,4,120.651146,24.166906,2
1671,66000,387130000C,(04)23274275,(04)23288582,2025,12,4,10,24,臺中市,西屯區,0,0,0,7,,,40,,,,,,,,,,,,,,13,,,,,B03,,,1,,1,,,56,56,1,12,4,120.634595,24.176292,3
1672,66000,387130000C,(04)23274275,(04)23288582,2025,12,4,10,26,臺中市,西區,0,0,0,6,,,50,,,,,,,,,,,,,,12,,,,,B03,,,1,,3,,,8,8,1,13,4,120.667369,24.140575,3
1673,66000,387130000C,(04)23274275,(04)23288582,2025,12,4,10,28,臺中市,大雅區,0,0,0,7,,,30,,,,,,,,,,,,,,,,,,,B12,,,1,,1,,,85,85,1,13,4,120.64994,24.236692,3
1674,66000,387130000C,(04)23274275,(04)23288582,2025,12,4,10,29,臺中市,北區,0,2,0,7,2,6,50,3,2,1,5,4,6,6,4,4,10,5,5,2,12,2,9,2,1,C03,7,6,1,10,2,14,,39,39,1,13,4,120.686058,24.149215,2
1675,66000,387130000C,(04)23274275,(04)23288582,2025,12,4,10,33,臺中市,大甲區,0,1,0,7,3,6,50,3,1,1,5,4,6,6,1,1,10,5,5,2,17,2,9,1,1,C03,7,9,1,10,2,16,,21,21,1,6,4,120.646597,24.404953,2
1676,66000,387130000C,(04)23274275,(04)23288582,2025,12,4,10,35,臺中市,大里區,0,0,0,7,,,50,,,,,,,,,,,,,,17,,,,,B03,,,1,,1,,,39,39,1,6,4,120.713592,24.09433,3
1677,66000,387130000C,(04)23274275,(04)23288582,2025,12,4,10,40,臺中市,大雅區,0,0,0,7,,,60,,,,,,,,,,,,,,,,,,,A04,,,1,,1,,,84,84,1,13,4,120.648002,24.220316,3
1678,66000,387130000C,(04)23274275,(04)23288582,2025,12,4,10,46,臺中市,豐原區,0,1,0,7,2,6,50,13,9,1,5,4,6,6,4,4,9,5,5,1,11,3,10,2,4,C03,7,9,1,10,2,14,,8,8,1,13,4,120.719864,24.249483,2
1679,66000,387130000C,(04)23274275,(04)23288582,2025,12,4,10,48,臺中市,大里區,0,2,0,7,2,6,50,3,1,1,5,4,6,6,4,4,10,5,5,1,17,2,9,1,1,C03,7,1,3,19,2,14,,51,51,1,12,4,120.703883,24.088113,2
1680,66000,387130000C,(04)23274275,(04)23288582,2025,12,4,10,50,臺中市,大雅區,0,0,0,7,,,50,,,,,,,,,,,,,,,,,,,B03,,,1,,2,,,84,84,1,12,4,120.648785,24.216022,3
1681,66000,387130000C,(04)23274275,(04)23288582,2025,12,4,10,55,臺中市,北屯區,0,1,0,7,2,6,50,4,1,1,5,4,6,6,2,1,10,5,5,2,17,3,10,1,1,C04,7,1,1,11,2,11,,51,51,1,12,4,120.699374,24.175845,2
1682,66000,387130000C,(04)23274275,(04)23288582,2025,12,4,11,6,臺中市,大甲區,0,1,0,7,2,6,50,4,1,1,5,4,6,6,1,1,10,5,5,2,16,2,8,2,1,C03,7,6,1,10,2,11,,20,20,1,6,4,120.629429,24.345011,2