序號,縣市別代碼,機關代碼,市話,傳真,年,月,日,時,分,縣市,區,死亡數量,受傷數量,2-30,天候,道路照明設備,道路類別,道路速限,道路型態,事故位置,路面鋪裝,路面狀態,路面缺陷,障礙物,視距,號誌種類,號誌動作,分向設施,快車道或一般車道間,快慢車道間,路面邊線,事故類型及型態,受傷程度,主要傷處,保護裝備,行動電話或功能裝置,當事者區分(類別),車輛用途,當事者行動狀態,駕照狀態,駕照種類,飲酒情形,車輛撞擊部位最初,車輛撞擊部位其他,肇事因素個別,肇事因素主要,肇事逃逸,職業,共享經濟或外送平台,GPS座標X,GPS座標Y,事故類別
1907,66000,387130000C,(04)23274275,(04)23288582,2025,12,4,21,34,臺中市,西區,0,0,0,7,,,50,,,,,,,,,,,,,,,,,,,C04,,,1,,1,,,7,7,1,12,4,120.666801,24.130478,3
1908,66000,387130000C,(04)23274275,(04)23288582,2025,12,4,21,52,臺中市,北屯區,0,2,0,7,1,6,50,13,9,1,5,4,6,6,4,4,9,4,5,2,3,2,9,6,5,H01,8,16,7,21,10,17,,95,95,1,6,5,120.720998,24.17578,2
1909,66000,387130000C,(04)23274275,(04)23288582,2025,12,4,22,10,臺中市,沙鹿區,0,1,0,7,2,6,30,11,9,1,5,4,6,6,4,4,10,5,5,2,18,2,8,1,1,C03,7,9,1,10,2,14,,6,6,1,12,4,120.590737,24.25241,2
1910,66000,387130000C,(04)23274275,(04)23288582,2025,12,4,22,14,臺中市,大雅區,0,1,0,7,1,6,50,13,9,1,5,4,6,6,4,4,5,5,5,1,18,2,9,2,1,C03,7,9,1,10,2,12,,85,85,1,12,4,120.65215,24.225367,2
1911,66000,387130000C,(04)23274275,(04)23288582,2025,12,4,22,15,臺中市,北屯區,0,0,0,7,,3,50,,,,,,,,,,,,,,13,,,,,B12,,,1,,1,,,59,59,1,12,4,120.720719,24.171258,3
1912,66000,387130000C,(04)23274275,(04)23288582,2025,12,4,22,15,臺中市,北屯區,0,2,0,7,3,6,50,13,7,1,5,4,6,6,4,4,9,5,4,2,3,2,9,2,1,C01,7,9,1,9,2,11,,84,84,1,6,4,120.691098,24.170491,2
1913,66000,387130000C,(04)23274275,(04)23288582,2025,12,4,22,19,臺中市,梧棲區,0,1,0,7,1,6,30,13,9,1,5,4,6,6,4,4,10,5,5,2,17,2,9,1,1,F03,7,9,7,21,2,11,,84,84,1,6,4,120.523038,24.240274,2
1914,66000,387130000C,(04)23274275,(04)23288582,2025,12,4,22,28,臺中市,南屯區,0,2,0,7,2,6,50,13,9,1,5,4,6,6,4,4,10,5,5,2,17,2,9,2,1,C03,7,6,1,10,2,14,,7,7,1,12,4,120.611618,24.13773,2
1915,66000,387130000C,(04)23274275,(04)23288582,2025,12,4,22,30,臺中市,東區,0,1,0,7,1,6,50,4,9,1,5,4,6,6,2,1,5,5,5,2,16,3,10,5,4,B03,7,6,1,8,2,8,,20,20,1,6,4,120.696574,24.133745,2
1916,66000,387130000C,(04)23274275,(04)23288582,2025,12,4,22,30,臺中市,烏日區,0,3,0,7,2,6,40,3,1,1,5,4,6,6,4,4,1,4,4,1,16,2,9,1,1,C03,7,5,2,19,2,12,,14,14,1,6,4,120.605539,24.108876,2
1917,66000,387130000C,(04)23274275,(04)23288582,2025,12,4,22,32,臺中市,北屯區,0,1,0,7,1,6,50,4,1,1,5,4,6,6,1,1,10,5,5,2,17,3,10,3,1,B03,7,6,1,8,2,8,,34,34,1,6,4,120.67616,24.193399,2
1918,66000,387130000C,(04)23274275,(04)23288582,2025,12,4,22,40,臺中市,南區,0,1,0,7,1,6,50,4,1,1,5,4,6,6,2,1,10,5,5,2,17,2,9,1,1,C03,7,6,1,10,2,14,,36,36,1,12,4,120.679005,24.127051,2
1919,66000,387130000C,(04)23274275,(04)23288582,2025,12,4,22,45,臺中市,梧棲區,0,1,0,7,1,6,50,4,1,1,5,4,6,6,1,1,10,5,5,2,15,3,10,3,1,B01,7,9,1,4,2,8,,21,21,1,6,4,120.537507,24.262349,2
1920,66000,387130000C,(04)23274275,(04)23288582,2025,12,4,22,50,臺中市,沙鹿區,0,0,0,7,1,6,50,13,9,1,5,4,6,6,4,4,4,4,5,2,12,,,,,B03,,,1,,2,,,50,50,1,12,4,120.583483,24.222813,3
1921,66000,387130000C,(04)23274275,(04)23288582,2025,12,4,22,55,臺中市,大雅區,0,0,0,7,,,50,,,,,,,,,,,,,,17,,,,,B03,,,1,,9,,,47,47,1,13,4,120.647844,24.215916,3
1922,66000,387130000C,(04)23274275,(04)23288582,2025,12,4,23,30,臺中市,烏日區,0,1,0,7,2,6,40,13,7,1,5,4,1,6,4,4,1,4,4,1,29,2,9,1,1,C03,7,9,1,10,2,12,,84,84,1,6,4,120.622586,24.104706,2
1923,66000,387130000C,(04)23274275,(04)23288582,2025,12,4,23,32,臺中市,北屯區,0,1,0,7,1,6,50,4,1,1,5,4,6,6,1,1,10,5,5,2,12,3,10,3,1,B03,7,6,1,8,2,4,,42,42,1,6,4,120.722542,24.175988,2
1924,66000,387130000C,(04)23274275,(04)23288582,2025,12,4,23,36,臺中市,西屯區,0,2,0,7,1,6,50,3,4,1,5,4,6,6,1,1,1,4,5,2,13,2,9,5,4,C03,7,9,1,10,2,12,,7,7,1,12,2,120.650685,24.164582,2
1925,66000,387130000C,(04)23274275,(04)23288582,2025,12,5,0,15,臺中市,北區,0,0,0,7,,,50,,,,,,,,,,,,,,,,,,,B03,,,1,,1,,,40,40,1,12,4,120.677173,24.152228,3
1926,66000,387130000C,(04)23274275,(04)23288582,2025,12,5,0,22,臺中市,北區,0,0,0,7,,,50,,,,,,,,,,,,,,12,,,,,B03,,,1,,2,,,1,1,1,13,4,120.673205,24.16688,3
1927,66000,387130000C,(04)23274275,(04)23288582,2025,12,5,0,57,臺中市,豐原區,0,1,0,7,1,6,40,13,9,1,5,4,6,6,4,4,5,5,5,1,17,3,10,5,4,B03,7,11,1,8,2,16,,39,39,1,13,4,120.752247,24.262138,2
1928,66000,387130000C,(04)23274275,(04)23288582,2025,12,5,0,59,臺中市,大雅區,0,0,0,7,,,60,,,,,,,,,,,,,,17,,,,,B03,,,1,,2,,,84,84,1,13,4,120.645402,24.22528,3
1929,66000,387130000C,(04)23274275,(04)23288582,2025,12,5,1,19,臺中市,西屯區,0,1,0,7,1,6,50,3,1,1,5,4,6,6,2,1,10,5,5,2,16,2,7,1,1,C03,7,11,1,10,2,14,,45,45,1,13,4,120.64238,24.169413,2
1930,66000,387130000C,(04)23274275,(04)23288582,2025,12,5,1,35,臺中市,太平區,0,1,0,6,1,6,50,4,1,1,5,4,6,6,1,1,10,5,5,2,15,3,10,3,1,B12,7,9,1,8,2,5,,21,21,1,12,4,120.719027,24.142386,2
1931,66000,387130000C,(04)23274275,(04)23288582,2025,12,5,2,16,臺中市,北屯區,0,0,0,7,,,50,,,,,,,,,,,,,,12,,,,,C03,,,4,19,2,,,84,84,1,6,2,120.696802,24.162377,3
1932,66000,387130000C,(04)23274275,(04)23288582,2025,12,5,2,26,臺中市,北區,0,1,0,7,1,6,50,5,1,1,5,4,6,6,1,1,5,5,4,2,17,3,10,3,1,B02,7,6,3,19,2,1,,23,23,1,12,4,120.668261,24.171663,2
1933,66000,387130000C,(04)23274275,(04)23288582,2025,12,5,2,34,臺中市,沙鹿區,0,0,0,7,,,50,,,,,,,,,,,,,,17,,,,,B03,,,1,,2,,,94,94,1,6,4,120.570057,24.24044,3
1934,66000,387130000C,(04)23274275,(04)23288582,2025,12,5,3,13,臺中市,北區,0,0,0,7,,,50,,,,,,,,,,,,,,11,,,,,B03,,,1,,1,,,51,51,1,13,4,120.681252,24.152945,3
1935,66000,387130000C,(04)23274275,(04)23288582,2025,12,5,3,25,臺中市,南屯區,0,0,0,7,,,50,,,,,,,,,,,,,,,,,,,C03,,,1,,1,,,84,84,1,13,4,120.650082,24.140958,3
1936,66000,387130000C,(04)23274275,(04)23288582,2025,12,5,3,25,臺中市,大里區,0,0,0,7,,,50,,,,,,,,,,,,,,,,,,,B03,,,1,,2,,,59,59,1,6,4,120.719963,24.098735,3
1937,66000,387130000C,(04)23274275,(04)23288582,2025,12,5,4,6,臺中市,后里區,0,0,0,7,,,30,,,,,,,,,,,,,,14,,,,,B03,,,1,,1,,,49,49,1,6,4,120.733692,24.300559,3
1938,66000,387130000C,(04)23274275,(04)23288582,2025,12,5,4,46,臺中市,太平區,0,1,0,7,1,6,50,13,9,1,5,4,6,6,4,4,9,5,5,2,16,2,8,1,1,F03,7,11,7,21,2,14,,45,45,1,12,4,120.710587,24.126057,2
1939,66000,387130000C,(04)23274275,(04)23288582,2025,12,5,5,8,臺中市,石岡區,0,1,0,7,1,6,50,13,9,1,5,4,6,6,4,4,5,5,5,1,30,2,9,2,1,C03,7,9,1,10,1,15,,84,84,1,12,4,120.7653,24.284384,2
1940,66000,387130000C,(04)23274275,(04)23288582,2025,12,5,5,9,臺中市,西屯區,0,0,0,7,,,30,,,,,,,,,,,,,,14,,,,,A12,,,1,,2,,,49,49,1,12,4,120.641621,24.175807,3
1941,66000,387130000C,(04)23274275,(04)23288582,2025,12,5,5,45,臺中市,東區,0,0,0,7,,,50,,,,,,,,,,,,,,14,,,,,B01,,,1,,2,,,49,49,1,6,4,120.689324,24.132617,3
1942,66000,387130000C,(04)23274275,(04)23288582,2025,12,5,6,0,臺中市,烏日區,0,1,0,7,2,6,60,3,1,1,5,4,6,6,2,1,1,4,4,1,23,2,1,3,1,B03,7,9,1,8,5,5,,53,53,1,6,4,120.601632,24.105547,2
1943,66000,387130000C,(04)23274275,(04)23288582,2025,12,5,6,3,臺中市,大甲區,0,0,0,7,,,50,,,,,,,,,,,,,,,,,,,B03,,,1,,2,,,7,7,1,6,4,120.624387,24.340706,3
1944,66000,387130000C,(04)23274275,(04)23288582,2025,12,5,6,7,臺中市,東區,0,0,0,7,,3,80,,,,,,,,,,,,,,,,,,,A11,,,1,,1,,,75,75,1,12,4,120.708594,24.134654,3
1945,66000,387130000C,(04)23274275,(04)23288582,2025,12,5,6,22,臺中市,北屯區,0,2,0,7,2,6,50,3,1,1,5,4,6,6,4,4,10,5,5,2,16,2,9,1,1,C03,7,6,1,10,2,12,,14,14,1,6,4,120.706584,24.180095,2
1946,66000,387130000C,(04)23274275,(04)23288582,2025,12,5,6,26,臺中市,大雅區,0,0,0,7,,,60,,,,,,,,,,,,,,,,,,,C03,,,1,,2,,,7,7,1,12,4,120.646738,24.222107,3
1947,66000,387130000C,(04)23274275,(04)23288582,2025,12,5,6,35,臺中市,南屯區,0,0,0,7,3,6,50,13,9,1,5,4,6,6,4,4,5,5,5,2,14,,,,,B03,,,1,,9,,,50,50,2,12,4,120.608854,24.134959,3
1948,66000,387130000C,(04)23274275,(04)23288582,2025,12,5,6,42,臺中市,豐原區,0,2,0,7,2,6,50,4,4,1,5,4,6,6,1,1,1,4,5,1,17,2,8,1,1,C03,7,9,1,10,2,14,,59,59,1,12,4,120.721907,24.272854,2
1949,66000,387130000C,(04)23274275,(04)23288582,2025,12,5,6,47,臺中市,大肚區,0,1,0,7,1,6,50,13,9,1,5,4,6,6,4,4,9,5,5,1,28,2,8,1,1,C03,7,9,1,10,2,11,,85,85,1,6,4,120.580053,24.171034,2
1950,66000,387130000C,(04)23274275,(04)23288582,2025,12,5,6,50,臺中市,后里區,0,2,0,7,3,6,30,4,1,1,5,4,6,6,4,4,10,5,5,2,15,2,9,1,1,F03,7,9,7,21,2,12,,20,20,1,6,4,120.718583,24.304959,2
1951,66000,387130000C,(04)23274275,(04)23288582,2025,12,5,6,56,臺中市,南屯區,0,0,0,7,3,6,60,13,7,1,5,4,6,6,1,1,3,4,3,2,13,,,,,B03,,,1,,2,,,7,7,1,12,4,120.598422,24.155204,3
1952,66000,387130000C,(04)23274275,(04)23288582,2025,12,5,7,3,臺中市,東區,0,0,0,7,,,50,,,,,,,,,,,,,,14,,,,,B12,,,1,,2,,,49,49,1,12,4,120.689982,24.139039,3
1953,66000,387130000C,(04)23274275,(04)23288582,2025,12,5,7,3,臺中市,南屯區,0,0,0,7,,,0,,,,,,,,,,,,,,17,,,,,B03,,,1,,1,,,76,76,1,6,4,120.633966,24.144789,3
1954,66000,387130000C,(04)23274275,(04)23288582,2025,12,5,7,5,臺中市,后里區,0,1,0,7,2,6,50,4,1,1,5,4,6,6,1,1,10,5,5,2,11,3,10,1,1,C03,7,6,1,10,2,14,,11,11,1,12,4,120.68673,24.311955,2
1955,66000,387130000C,(04)23274275,(04)23288582,2025,12,5,7,7,臺中市,龍井區,0,0,0,7,,,60,,,,,,,,,,,,,,12,,,,,B03,,,1,,1,,,40,40,1,6,4,120.582915,24.168349,3
1956,66000,387130000C,(04)23274275,(04)23288582,2025,12,5,7,9,臺中市,西屯區,0,0,0,7,,,50,,,,,,,,,,,,,,13,,,,,B03,,,1,,1,,,7,7,1,12,4,120.608896,24.157173,3
1957,66000,387130000C,(04)23274275,(04)23288582,2025,12,5,7,10,臺中市,南屯區,0,2,0,7,2,6,50,5,1,1,5,4,6,6,2,1,5,4,5,2,13,3,10,3,1,B03,7,5,1,8,11,16,,22,22,1,12,4,120.628377,24.14027,2
1958,66000,387130000C,(04)23274275,(04)23288582,2025,12,5,7,11,臺中市,北屯區,0,1,0,7,3,6,50,11,8,1,5,4,6,6,4,4,5,5,4,2,17,2,9,1,1,C03,7,6,1,10,2,11,,82,82,1,6,4,120.723638,24.175492,2
1959,66000,387130000C,(04)23274275,(04)23288582,2025,12,5,7,16,臺中市,沙鹿區,0,0,0,7,,,50,,,,,,,,,,,,,,9,,,,,B03,,,1,,2,,,8,8,1,6,4,120.565301,24.24259,3
1960,66000,387130000C,(04)23274275,(04)23288582,2025,12,5,7,18,臺中市,沙鹿區,0,0,0,7,,,30,,,,,,,,,,,,,,,,,,,B01,,,1,,1,,,49,49,1,13,4,120.557355,24.218815,3
1961,66000,387130000C,(04)23274275,(04)23288582,2025,12,5,7,21,臺中市,太平區,0,3,0,7,2,6,50,13,9,1,5,4,6,6,4,4,5,5,5,2,10,2,9,1,1,C03,7,9,1,10,2,14,,39,39,1,12,4,120.720217,24.1233,2
1962,66000,387130000C,(04)23274275,(04)23288582,2025,12,5,7,24,臺中市,西屯區,0,0,0,7,,,50,,,,,,,,,,,,,,16,,,,,C04,,,1,,2,,,85,85,1,12,4,120.661431,24.172792,4
1963,66000,387130000C,(04)23274275,(04)23288582,2025,12,5,7,25,臺中市,西區,0,0,0,7,,,60,,,,,,,,,,,,,,,,,,,A05,,,1,,2,,,87,87,1,6,4,120.667277,24.152738,3
1964,66000,387130000C,(04)23274275,(04)23288582,2025,12,5,7,25,臺中市,大里區,0,1,0,7,3,6,50,13,12,1,5,4,6,6,4,4,1,4,5,1,18,2,9,1,1,C03,7,9,1,10,2,14,,84,84,1,12,4,120.696551,24.110954,2
1965,66000,387130000C,(04)23274275,(04)23288582,2025,12,5,7,26,臺中市,南區,0,0,0,7,,,50,,,,,,,,,,,,,,13,,,,,B03,,,1,,1,,,7,7,1,12,4,120.67136,24.11915,3
1966,66000,387130000C,(04)23274275,(04)23288582,2025,12,5,7,26,臺中市,梧棲區,0,0,0,7,,,50,,,,,,,,,,,,,,17,,,,,B03,,,1,,2,,,50,50,1,12,4,120.533942,24.253018,3
1967,66000,387130000C,(04)23274275,(04)23288582,2025,12,5,7,27,臺中市,西區,0,1,0,7,2,6,50,4,2,1,5,4,6,6,4,4,10,5,5,2,13,3,10,2,1,C03,7,9,1,10,2,11,,7,7,1,12,4,120.659675,24.15757,2
1968,66000,387130000C,(04)23274275,(04)23288582,2025,12,5,7,27,臺中市,北區,0,0,0,7,,,50,,,,,,,,,,,,,,15,,,,,B03,,,1,,1,,,15,15,1,13,4,120.697348,24.15759,3
1969,66000,387130000C,(04)23274275,(04)23288582,2025,12,5,7,31,臺中市,豐原區,0,0,0,7,,,50,,,,,,,,,,,,,,16,,,,,B03,,,1,,2,,,12,12,1,13,4,120.713598,24.245202,3
1970,66000,387130000C,(04)23274275,(04)23288582,2025,12,5,7,33,臺中市,南屯區,0,0,0,7,,,50,,,,,,,,,,,,,,13,,,,,C03,,,1,,1,,,59,59,1,12,4,120.634534,24.146367,3
1971,66000,387130000C,(04)23274275,(04)23288582,2025,12,5,7,40,臺中市,南區,0,0,0,7,,,30,,,,,,,,,,,,,,17,,,,,B12,,,1,,1,,,8,8,1,12,4,120.682826,24.118496,3
1972,66000,387130000C,(04)23274275,(04)23288582,2025,12,5,7,40,臺中市,南屯區,0,0,0,7,3,6,50,13,9,1,5,4,6,6,1,1,5,5,4,2,12,,,,,C03,,,1,,2,,,84,84,1,12,4,120.634277,24.129843,3
1973,66000,387130000C,(04)23274275,(04)23288582,2025,12,5,7,40,臺中市,北屯區,0,1,0,7,2,6,50,3,1,1,5,4,6,6,1,1,10,5,5,2,16,3,10,3,1,B03,7,6,1,8,2,6,,11,11,1,6,4,120.682313,24.188257,2
1974,66000,387130000C,(04)23274275,(04)23288582,2025,12,5,7,43,臺中市,太平區,0,0,0,7,,,50,,,,,,,,,,,,,,,,,,,F06,,,7,,2,,,21,21,1,12,4,120.724719,24.141939,3
1975,66000,387130000C,(04)23274275,(04)23288582,2025,12,5,7,43,臺中市,沙鹿區,0,1,0,7,2,6,60,4,1,1,5,4,6,6,1,1,10,5,5,2,17,2,9,2,1,C03,7,5,1,10,2,12,,84,84,1,6,4,120.575698,24.251985,2
1976,66000,387130000C,(04)23274275,(04)23288582,2025,12,5,7,46,臺中市,大里區,0,1,0,7,3,6,40,3,2,1,5,4,6,6,1,1,1,5,5,1,13,2,9,1,1,C03,7,9,1,10,2,11,,7,7,1,6,4,120.711975,24.110463,2
1977,66000,387130000C,(04)23274275,(04)23288582,2025,12,5,7,48,臺中市,北屯區,0,0,0,7,,,50,,,,,,,,,,,,,,17,,,,,C03,,,1,,2,,,8,8,1,6,4,120.694314,24.171361,3
1978,66000,387130000C,(04)23274275,(04)23288582,2025,12,5,7,48,臺中市,西屯區,0,1,0,7,2,6,50,13,7,1,5,4,6,6,4,4,5,5,5,2,13,3,10,5,1,C03,7,9,3,19,2,11,,7,7,1,12,4,120.666211,24.178137,2
1979,66000,387130000C,(04)23274275,(04)23288582,2025,12,5,7,50,臺中市,北屯區,0,1,0,7,2,6,50,13,9,1,5,4,6,6,4,4,5,4,5,2,13,2,7,1,1,C03,7,9,1,10,1,11,,59,59,1,12,4,120.685503,24.188205,2
1980,66000,387130000C,(04)23274275,(04)23288582,2025,12,5,7,52,臺中市,北區,0,1,0,7,2,6,50,3,2,1,5,4,6,6,4,4,10,5,5,2,17,2,9,5,1,F01,7,9,7,21,2,12,,7,7,1,13,4,120.688254,24.151354,2
1981,66000,387130000C,(04)23274275,(04)23288582,2025,12,5,7,52,臺中市,南區,0,2,0,7,3,6,40,13,7,1,5,4,6,6,4,4,9,4,4,2,17,2,9,5,4,C03,7,1,1,10,2,14,,51,51,1,12,4,120.664211,24.11349,2
1982,66000,387130000C,(04)23274275,(04)23288582,2025,12,5,7,52,臺中市,太平區,0,1,0,7,2,6,50,4,1,1,5,4,6,6,2,1,10,5,5,2,13,2,7,1,1,C03,7,9,1,10,2,11,,84,84,1,12,4,120.7246,24.149642,2
1983,66000,387130000C,(04)23274275,(04)23288582,2025,12,5,7,52,臺中市,烏日區,0,1,0,7,2,6,50,4,1,1,5,4,6,6,1,1,10,5,5,2,17,3,10,5,4,C03,7,5,1,10,2,12,,11,11,1,6,4,120.643508,24.061071,2
1984,66000,387130000C,(04)23274275,(04)23288582,2025,12,5,7,53,臺中市,西屯區,0,2,0,7,2,6,50,4,1,1,5,4,6,6,2,1,10,5,5,2,13,2,9,1,1,C03,7,5,1,10,2,11,,7,7,1,12,4,120.62772,24.201483,2
1985,66000,387130000C,(04)23274275,(04)23288582,2025,12,5,7,53,臺中市,大里區,0,1,0,7,3,6,50,3,2,1,5,4,6,6,1,1,1,4,4,2,13,2,8,1,1,C03,7,5,1,10,2,11,,7,7,1,12,4,120.690311,24.121223,2
1986,66000,387130000C,(04)23274275,(04)23288582,2025,12,5,7,54,臺中市,龍井區,0,1,0,7,2,6,40,13,8,1,5,4,6,6,4,4,1,5,3,2,18,2,9,1,1,C03,7,9,1,10,1,14,,59,59,1,6,4,120.572893,24.189754,2
1987,66000,387130000C,(04)23274275,(04)23288582,2025,12,5,7,54,臺中市,神岡區,0,2,0,7,1,6,50,13,9,1,5,4,6,6,4,4,5,5,5,2,16,2,9,1,1,C03,7,11,1,10,2,11,,39,39,1,12,4,120.659977,24.253855,2
1988,66000,387130000C,(04)23274275,(04)23288582,2025,12,5,7,55,臺中市,大雅區,0,1,0,7,3,6,50,13,24,1,5,4,6,6,4,4,10,5,4,1,17,2,8,2,1,C03,7,9,1,10,2,12,,84,84,1,12,4,120.650078,24.222145,2
1989,66000,387130000C,(04)23274275,(04)23288582,2025,12,5,7,55,臺中市,大雅區,0,0,0,7,,,60,,,,,,,,,,,,,,,,,,,B03,,,1,,1,,,50,50,1,12,4,120.666499,24.235476,3
1990,66000,387130000C,(04)23274275,(04)23288582,2025,12,5,7,55,臺中市,太平區,0,1,0,7,2,6,30,13,9,1,5,4,6,6,4,4,10,5,5,2,16,2,9,1,1,C03,7,4,1,10,1,11,,84,84,1,12,4,120.718863,24.152513,2
1991,66000,387130000C,(04)23274275,(04)23288582,2025,12,5,7,56,臺中市,大里區,0,1,0,7,2,6,40,4,1,1,5,4,6,6,4,4,10,5,5,2,15,3,10,2,1,F03,7,9,7,21,2,11,,20,20,1,6,4,120.706261,24.083421,2
1992,66000,387130000C,(04)23274275,(04)23288582,2025,12,5,7,57,臺中市,南屯區,0,1,0,7,3,6,50,4,1,1,5,4,6,6,2,1,10,5,5,2,16,3,10,5,4,B03,7,5,1,8,2,2,,11,11,1,6,4,120.612632,24.138516,2
1993,66000,387130000C,(04)23274275,(04)23288582,2025,12,5,7,57,臺中市,大肚區,0,0,0,7,,,50,,,,,,,,,,,,,,12,,,,,B03,,,1,,2,,,8,8,1,6,4,120.571416,24.160235,3
1994,66000,387130000C,(04)23274275,(04)23288582,2025,12,5,8,0,臺中市,北屯區,0,0,0,7,,,50,,,,,,,,,,,,,,13,,,,,B03,,,1,,1,,,7,7,1,12,4,120.710638,24.181761,3
1995,66000,387130000C,(04)23274275,(04)23288582,2025,12,5,8,0,臺中市,太平區,0,0,0,7,,,50,,,,,,,,,,,,,,,,,,,C03,,,1,,2,,,48,48,1,12,4,120.724732,24.14185,3
1996,66000,387130000C,(04)23274275,(04)23288582,2025,12,5,8,1,臺中市,龍井區,0,0,1,7,2,6,60,4,1,1,5,4,6,6,3,1,1,4,1,2,16,3,10,3,4,A41,7,11,1,1,2,7,,11,11,1,12,4,120.505708,24.203227,2
1997,66000,387130000C,(04)23274275,(04)23288582,2025,12,5,8,3,臺中市,南屯區,0,2,0,7,2,6,50,4,2,1,5,4,6,6,2,1,3,4,5,2,13,2,9,2,1,C03,7,9,3,19,2,11,,59,59,1,12,4,120.645174,24.140206,2
1998,66000,387130000C,(04)23274275,(04)23288582,2025,12,5,8,3,臺中市,南屯區,0,0,0,7,,,0,,,,,,,,,,,,,,13,,,,,B03,,,1,,1,,,58,58,1,12,4,120.622273,24.150352,3
1999,66000,387130000C,(04)23274275,(04)23288582,2025,12,5,8,4,臺中市,石岡區,0,1,0,7,2,6,40,3,2,1,5,4,6,6,1,1,1,4,4,1,17,2,9,1,1,C03,7,9,1,10,2,14,,7,7,1,12,4,120.80898,24.26497,2
2000,66000,387130000C,(04)23274275,(04)23288582,2025,12,5,8,5,臺中市,大雅區,0,1,0,7,2,6,70,3,1,1,5,4,6,6,1,1,10,4,5,2,17,2,9,1,1,C03,7,9,1,10,2,14,,84,84,1,12,4,120.65005,24.212034,2
2001,66000,387130000C,(04)23274275,(04)23288582,2025,12,5,8,5,臺中市,太平區,0,1,0,7,2,6,50,3,1,1,5,4,6,6,1,1,10,5,5,2,16,3,10,3,1,B03,7,6,1,8,2,1,,11,11,1,12,4,120.702113,24.148073,2
2002,66000,387130000C,(04)23274275,(04)23288582,2025,12,5,8,7,臺中市,龍井區,0,0,0,7,,,50,,,,,,,,,,,,,,13,,,,,B12,,,1,,1,,,7,7,1,6,4,120.582957,24.190859,3
2003,66000,387130000C,(04)23274275,(04)23288582,2025,12,5,8,7,臺中市,豐原區,0,1,0,7,1,6,50,3,1,1,5,4,6,6,4,4,10,5,5,2,16,3,10,3,1,B12,7,5,5,19,2,2,,85,85,1,13,4,120.713406,24.253262,2
2004,66000,387130000C,(04)23274275,(04)23288582,2025,12,5,8,8,臺中市,南區,0,1,0,7,2,6,50,4,1,1,5,4,6,6,1,1,5,5,5,2,13,3,10,3,1,B03,7,5,1,8,2,5,,7,7,1,13,4,120.657733,24.110917,2
2005,66000,387130000C,(04)23274275,(04)23288582,2025,12,5,8,8,臺中市,西屯區,0,0,0,7,,,40,,,,,,,,,,,,,,17,,,,,C03,,,1,,2,,,8,8,1,12,4,120.662149,24.163579,3
2006,66000,387130000C,(04)23274275,(04)23288582,2025,12,5,8,9,臺中市,后里區,0,0,0,7,,,60,,,,,,,,,,,,,,13,,,,,C03,,,1,,2,,,7,7,1,13,4,120.723008,24.310232,3
2007,66000,387130000C,(04)23274275,(04)23288582,2025,12,5,8,10,臺中市,西屯區,0,0,0,7,,,50,,,,,,,,,,,,,,13,,,,,B03,,,1,,1,,,7,7,1,12,4,120.654679,24.199449,3
2008,66000,387130000C,(04)23274275,(04)23288582,2025,12,5,8,12,臺中市,潭子區,0,1,0,7,2,6,50,4,7,1,5,4,6,6,2,1,5,5,4,2,12,2,3,1,1,C03,7,5,1,10,2,14,,20,20,1,13,4,120.692005,24.218392,2
2009,66000,387130000C,(04)23274275,(04)23288582,2025,12,5,8,13,臺中市,潭子區,0,0,0,7,,,30,,,,,,,,,,,,,,,,,,,B12,,,1,,2,,,8,8,1,13,4,120.708205,24.211237,3
2010,66000,387130000C,(04)23274275,(04)23288582,2025,12,5,8,14,臺中市,北屯區,0,0,0,7,,,30,,,,,,,,,,,,,,12,,,,,B03,,,1,,1,,,8,8,1,6,4,120.701813,24.167038,3
2011,66000,387130000C,(04)23274275,(04)23288582,2025,12,5,8,20,臺中市,北區,0,1,0,7,2,6,50,3,1,1,5,4,6,6,4,4,10,5,5,2,17,3,10,1,1,C03,7,6,1,10,2,14,,84,84,1,13,4,120.692421,24.155877,2
2012,66000,387130000C,(04)23274275,(04)23288582,2025,12,5,8,21,臺中市,北區,0,0,0,7,,,50,,,,,,,,,,,,,,17,,,,,B03,,,1,,2,,,84,84,1,13,4,120.676657,24.15924,3
2013,66000,387130000C,(04)23274275,(04)23288582,2025,12,5,8,23,臺中市,龍井區,0,1,0,7,2,6,30,4,1,1,5,4,6,6,4,4,10,5,5,2,15,3,10,3,1,B12,7,9,1,8,1,2,,15,15,1,6,4,120.544644,24.217648,2
2014,66000,387130000C,(04)23274275,(04)23288582,2025,12,5,8,25,臺中市,潭子區,0,0,0,7,,,60,,,,,,,,,,,,,,12,,,,,A31,,,1,,2,,,40,40,1,13,4,120.703563,24.202007,3
2015,66000,387130000C,(04)23274275,(04)23288582,2025,12,5,8,26,臺中市,南屯區,0,2,0,7,3,6,50,13,9,1,5,4,6,6,1,1,5,4,5,2,12,2,9,1,1,C03,7,9,1,10,2,11,,7,7,1,12,4,120.653155,24.130842,2
2016,66000,387130000C,(04)23274275,(04)23288582,2025,12,5,8,27,臺中市,東勢區,0,1,0,7,2,6,50,13,9,1,5,4,6,6,4,4,9,5,5,1,17,2,9,1,1,C03,7,1,1,10,2,11,,51,51,1,12,4,120.830275,24.257369,2
2017,66000,387130000C,(04)23274275,(04)23288582,2025,12,5,8,30,臺中市,北區,0,0,0,7,,,50,,,,,,,,,,,,,,17,,,,,B12,,,1,,2,,,84,84,1,13,4,120.685933,24.15487,3
2018,66000,387130000C,(04)23274275,(04)23288582,2025,12,5,8,34,臺中市,西屯區,0,0,0,7,,3,80,,,,,,,,,,,,,,13,,,,,B12,,,1,,1,,,7,7,1,12,4,120.630945,24.167534,3