序號,縣市別代碼,機關代碼,市話,傳真,年,月,日,時,分,縣市,區,死亡數量,受傷數量,2-30,天候,道路照明設備,道路類別,道路速限,道路型態,事故位置,路面鋪裝,路面狀態,路面缺陷,障礙物,視距,號誌種類,號誌動作,分向設施,快車道或一般車道間,快慢車道間,路面邊線,事故類型及型態,受傷程度,主要傷處,保護裝備,行動電話或功能裝置,當事者區分(類別),車輛用途,當事者行動狀態,駕照狀態,駕照種類,飲酒情形,車輛撞擊部位最初,車輛撞擊部位其他,肇事因素個別,肇事因素主要,肇事逃逸,職業,共享經濟或外送平台,GPS座標X,GPS座標Y,事故類別
2019,66000,387130000C,(04)23274275,(04)23288582,2025,12,5,8,35,臺中市,北屯區,0,0,0,7,,,,,,,,,,,,,,,,,9,,,,,,,,,,,,,119,119,1,,,120.673675,24.190287,3
2020,66000,387130000C,(04)23274275,(04)23288582,2025,12,5,8,36,臺中市,龍井區,0,1,0,7,2,6,50,13,14,1,5,4,6,6,4,4,4,5,5,1,18,2,9,2,1,C03,7,9,1,10,2,15,,54,54,1,13,4,120.563564,24.192917,2
2021,66000,387130000C,(04)23274275,(04)23288582,2025,12,5,8,38,臺中市,北屯區,0,1,0,7,3,6,50,13,9,1,5,4,6,6,4,4,1,4,5,2,12,2,9,1,1,C03,7,9,1,10,2,14,,85,85,1,12,4,120.693122,24.171549,2
2022,66000,387130000C,(04)23274275,(04)23288582,2025,12,5,8,39,臺中市,烏日區,0,0,0,7,,,50,,,,,,,,,,,,,,12,,,,,C03,,,1,,2,,,39,39,1,13,4,120.618579,24.10346,3
2023,66000,387130000C,(04)23274275,(04)23288582,2025,12,5,8,40,臺中市,西區,0,1,0,7,2,6,50,18,24,1,5,4,6,6,4,4,1,4,4,2,12,3,10,3,1,B03,7,5,1,8,2,5,,47,47,1,13,4,120.657079,24.134428,2
2024,66000,387130000C,(04)23274275,(04)23288582,2025,12,5,8,43,臺中市,北屯區,0,2,0,7,2,6,50,4,1,1,5,4,6,6,1,1,10,5,5,2,17,2,9,5,4,C03,7,7,1,10,2,12,,84,84,1,12,4,120.671309,24.173907,2
2025,66000,387130000C,(04)23274275,(04)23288582,2025,12,5,8,45,臺中市,大甲區,0,2,0,7,2,6,50,4,1,1,5,4,6,6,1,1,10,5,5,2,13,3,10,3,1,B03,7,6,1,8,2,8,,7,7,1,6,4,120.619369,24.340624,2
2026,66000,387130000C,(04)23274275,(04)23288582,2025,12,5,8,46,臺中市,東區,0,0,0,7,,,50,,,,,,,,,,,,,,13,,,,,C04,,,1,,1,,,7,7,1,12,4,120.699657,24.144342,3
2027,66000,387130000C,(04)23274275,(04)23288582,2025,12,5,8,47,臺中市,北屯區,0,0,0,7,,,60,,,,,,,,,,,,,,13,,,,,B12,,,1,,2,,,7,7,1,6,4,120.67965,24.172812,3
2028,66000,387130000C,(04)23274275,(04)23288582,2025,12,5,8,48,臺中市,北屯區,0,1,0,7,2,6,50,13,8,1,5,4,6,6,4,4,4,3,4,2,12,2,9,1,1,C03,7,9,1,10,2,11,,5,5,1,5,4,120.733221,24.163022,2
2029,66000,387130000C,(04)23274275,(04)23288582,2025,12,5,8,50,臺中市,梧棲區,0,1,0,7,2,6,50,13,9,1,5,4,6,6,4,4,10,5,5,2,9,3,10,3,1,B03,7,9,1,8,2,8,,59,59,1,12,4,120.554713,24.246955,2
2030,66000,387130000C,(04)23274275,(04)23288582,2025,12,5,8,54,臺中市,沙鹿區,0,1,0,7,2,6,50,3,1,1,5,4,6,6,4,4,10,5,5,2,16,2,8,1,1,C03,7,6,3,19,2,14,,48,48,1,6,4,120.559989,24.238479,2
2031,66000,387130000C,(04)23274275,(04)23288582,2025,12,5,8,55,臺中市,北區,0,1,0,7,2,6,50,13,9,1,5,4,6,6,3,1,1,4,5,1,13,3,10,1,1,C03,7,9,1,10,3,11,,84,84,1,13,4,120.667832,24.15703,2
2032,66000,387130000C,(04)23274275,(04)23288582,2025,12,5,8,55,臺中市,東區,0,2,0,7,2,6,50,13,9,1,5,4,6,6,4,4,5,4,5,2,17,2,9,1,1,C03,7,6,1,10,2,12,,39,39,1,12,4,120.692172,24.140002,2
2033,66000,387130000C,(04)23274275,(04)23288582,2025,12,5,8,55,臺中市,大里區,0,1,0,7,2,6,50,13,9,1,5,4,6,6,4,4,3,4,5,1,13,3,10,2,1,C03,7,9,1,10,2,11,,7,7,1,6,4,120.694922,24.097369,2
2034,66000,387130000C,(04)23274275,(04)23288582,2025,12,5,8,58,臺中市,北屯區,0,1,0,7,3,6,50,3,1,1,5,4,6,6,4,4,10,5,5,2,16,3,10,3,1,B03,7,5,1,8,2,5,,84,84,1,12,4,120.720594,24.180132,2
2035,66000,387130000C,(04)23274275,(04)23288582,2025,12,5,8,58,臺中市,西屯區,0,1,0,7,2,6,50,13,9,1,5,4,6,6,4,4,1,4,5,2,13,2,8,2,1,C03,7,9,1,10,2,11,,7,7,1,12,4,120.654898,24.200806,2
2036,66000,387130000C,(04)23274275,(04)23288582,2025,12,5,9,0,臺中市,大甲區,0,0,0,7,,,40,,,,,,,,,,,,,,,,,,,B03,,,1,,1,,,8,8,1,12,4,120.617474,24.34358,4
2037,66000,387130000C,(04)23274275,(04)23288582,2025,12,5,9,1,臺中市,龍井區,0,0,0,7,,,50,,,,,,,,,,,,,,13,,,,,B02,,,1,,1,,,7,7,1,6,4,120.573833,24.185735,3
2038,66000,387130000C,(04)23274275,(04)23288582,2025,12,5,9,3,臺中市,南屯區,0,1,0,7,3,6,50,13,9,1,5,4,6,6,2,1,10,5,5,2,17,2,9,2,4,C03,7,1,1,10,2,14,,51,51,1,6,4,120.63488,24.153404,2
2039,66000,387130000C,(04)23274275,(04)23288582,2025,12,5,9,5,臺中市,西屯區,0,0,0,7,,,40,,,,,,,,,,,,,,13,,,,,C03,,,1,,1,,,59,59,1,12,4,120.650884,24.208998,4
2040,66000,387130000C,(04)23274275,(04)23288582,2025,12,5,9,5,臺中市,太平區,0,1,0,7,2,6,50,3,1,1,5,4,6,6,4,4,10,5,5,2,16,3,10,3,1,B03,7,6,1,8,2,4,,14,14,1,12,4,120.714127,24.152537,2
2041,66000,387130000C,(04)23274275,(04)23288582,2025,12,5,9,7,臺中市,沙鹿區,0,1,0,7,2,6,50,13,8,1,5,4,6,6,4,4,3,4,3,2,17,3,10,3,1,B03,7,1,1,8,2,7,,51,51,1,13,4,120.573563,24.231119,2
2042,66000,387130000C,(04)23274275,(04)23288582,2025,12,5,9,8,臺中市,東區,0,1,0,7,3,6,50,3,1,1,5,4,6,6,3,1,10,5,5,2,16,3,10,5,4,B03,7,6,1,8,2,1,,48,48,1,12,4,120.693229,24.133744,2
2043,66000,387130000C,(04)23274275,(04)23288582,2025,12,5,9,11,臺中市,東區,0,1,0,7,2,6,50,4,1,1,5,4,6,6,2,1,5,5,4,2,16,3,10,3,1,B03,7,5,1,8,2,6,,11,11,1,13,4,120.706347,24.136694,2
2044,66000,387130000C,(04)23274275,(04)23288582,2025,12,5,9,12,臺中市,大里區,0,1,0,7,2,6,50,13,9,1,5,4,6,6,4,4,5,4,5,2,17,3,10,3,1,B03,7,11,1,8,2,4,,39,39,1,6,4,120.694995,24.095661,2
2045,66000,387130000C,(04)23274275,(04)23288582,2025,12,5,9,23,臺中市,西屯區,0,1,0,7,2,6,40,13,8,1,5,4,6,6,2,1,1,5,1,2,13,3,10,3,1,A11,7,1,1,1,2,1,,59,59,1,12,4,120.587942,24.185301,2
2046,66000,387130000C,(04)23274275,(04)23288582,2025,12,5,9,24,臺中市,南區,0,0,0,7,,,50,,,,,,,,,,,,,,13,,,,,B03,,,1,,1,,,84,84,1,12,4,120.670106,24.114465,3
2047,66000,387130000C,(04)23274275,(04)23288582,2025,12,5,9,25,臺中市,南屯區,0,0,0,7,,,50,,,,,,,,,,,,,,15,,,,,C03,,,1,,1,,,13,13,1,12,4,120.613072,24.14546,3
2048,66000,387130000C,(04)23274275,(04)23288582,2025,12,5,9,26,臺中市,大甲區,0,0,0,7,,,50,,,,,,,,,,,,,,14,,,,,B12,,,1,,2,,,49,49,1,12,4,120.620403,24.341902,3
2049,66000,387130000C,(04)23274275,(04)23288582,2025,12,5,9,28,臺中市,南屯區,0,0,0,7,,,50,,,,,,,,,,,,,,12,,,,,A41,,,1,,1,,,8,8,1,12,4,120.622329,24.150118,3
2050,66000,387130000C,(04)23274275,(04)23288582,2025,12,5,9,30,臺中市,南區,0,2,0,7,2,6,30,13,9,1,5,4,6,6,4,4,10,5,5,2,3,2,9,6,5,H01,8,18,7,21,10,17,,95,95,1,12,5,120.679538,24.120616,2
2051,66000,387130000C,(04)23274275,(04)23288582,2025,12,5,9,31,臺中市,東區,0,1,0,7,2,6,50,4,1,1,5,4,6,6,1,1,10,5,5,2,18,2,9,1,1,C03,7,9,1,10,2,14,,84,84,1,12,4,120.707895,24.149012,2
2052,66000,387130000C,(04)23274275,(04)23288582,2025,12,5,9,31,臺中市,西屯區,0,0,0,7,,,50,,,,,,,,,,,,,,13,,,,,C03,,,1,,1,,,7,7,1,12,4,120.616197,24.188879,3
2053,66000,387130000C,(04)23274275,(04)23288582,2025,12,5,9,34,臺中市,大里區,0,1,0,7,2,6,50,3,2,1,5,4,6,6,4,4,5,5,5,2,14,3,10,3,1,B12,7,2,1,2,2,3,,49,49,1,6,4,120.696827,24.091814,2
2054,66000,387130000C,(04)23274275,(04)23288582,2025,12,5,9,35,臺中市,梧棲區,0,1,0,7,2,6,70,3,8,1,5,4,6,6,4,4,1,3,3,1,16,3,10,3,1,A41,7,6,1,1,2,6,,14,14,1,12,4,120.515924,24.233408,2
2055,66000,387130000C,(04)23274275,(04)23288582,2025,12,5,9,37,臺中市,太平區,0,1,0,7,2,6,50,4,1,1,5,4,6,6,1,1,10,2,5,2,16,3,10,3,1,B03,7,5,1,8,2,6,,34,34,1,12,4,120.721428,24.142549,2
2056,66000,387130000C,(04)23274275,(04)23288582,2025,12,5,9,38,臺中市,潭子區,0,0,0,7,,,50,,,,,,,,,,,,,,17,,,,,B03,,,1,,2,,,8,8,1,13,4,120.700557,24.211832,3
2057,66000,387130000C,(04)23274275,(04)23288582,2025,12,5,9,39,臺中市,大肚區,0,2,0,7,2,6,50,4,1,1,5,4,6,6,1,1,10,5,5,2,16,2,9,1,1,C03,7,1,1,10,2,12,,51,51,1,12,4,120.580948,24.173129,2
2058,66000,387130000C,(04)23274275,(04)23288582,2025,12,5,9,40,臺中市,北區,0,0,0,7,,,50,,,,,,,,,,,,,,17,,,,,B12,,,1,,2,,,8,8,1,13,4,120.680761,24.159628,3
2059,66000,387130000C,(04)23274275,(04)23288582,2025,12,5,9,40,臺中市,東區,0,0,0,7,,,30,,,,,,,,,,,,,,25,,,,,A11,,,1,,2,,,84,84,1,12,4,120.694407,24.124186,3
2060,66000,387130000C,(04)23274275,(04)23288582,2025,12,5,9,40,臺中市,太平區,0,1,0,7,2,6,50,13,7,1,5,4,6,6,4,4,10,5,5,1,3,2,9,6,5,H01,8,16,7,21,2,17,,95,95,1,12,5,120.726524,24.149919,2
2061,66000,387130000C,(04)23274275,(04)23288582,2025,12,5,9,51,臺中市,西屯區,0,0,0,7,,,50,,,,,,,,,,,,,,14,,,,,B11,,,1,,1,,,49,49,1,12,4,120.660774,24.201426,3
2062,66000,387130000C,(04)23274275,(04)23288582,2025,12,5,9,51,臺中市,西屯區,0,0,0,7,,,50,,,,,,,,,,,,,,17,,,,,B03,,,1,,1,,,45,45,1,12,4,120.661008,24.169383,4
2063,66000,387130000C,(04)23274275,(04)23288582,2025,12,5,9,53,臺中市,西屯區,0,1,0,7,2,6,50,13,9,1,5,4,6,6,4,4,5,5,5,2,16,2,8,1,1,C03,7,9,1,8,2,14,,7,7,1,12,4,120.65966,24.161053,2
2064,66000,387130000C,(04)23274275,(04)23288582,2025,12,5,9,55,臺中市,后里區,0,0,0,7,,,50,,,,,,,,,,,,,,24,,,,,A41,,,1,,1,,,71,71,2,12,4,120.705236,24.307108,3
2065,66000,387130000C,(04)23274275,(04)23288582,2025,12,5,9,58,臺中市,大安區,0,0,0,7,,,30,,,,,,,,,,,,,,14,,,,,B12,,,1,,2,,,49,49,1,6,4,120.604167,24.373528,3
2066,66000,387130000C,(04)23274275,(04)23288582,2025,12,5,10,0,臺中市,石岡區,0,1,0,7,2,6,50,4,2,1,5,4,6,6,3,1,2,4,4,2,13,3,10,5,4,B03,7,9,1,8,2,1,,7,7,1,13,4,120.779657,24.275447,2
2067,66000,387130000C,(04)23274275,(04)23288582,2025,12,5,10,8,臺中市,東區,0,0,0,7,,,50,,,,,,,,,,,,,,13,,,,,B11,,,1,,1,,,84,84,1,13,4,120.707785,24.136199,3
2068,66000,387130000C,(04)23274275,(04)23288582,2025,12,5,10,11,臺中市,北區,0,1,0,7,2,6,50,4,2,1,5,4,6,6,4,4,10,5,5,2,17,2,9,2,1,C03,7,9,1,10,2,14,,6,6,1,13,4,120.679181,24.160492,2
2069,66000,387130000C,(04)23274275,(04)23288582,2025,12,5,10,13,臺中市,大雅區,0,1,0,7,3,6,60,13,9,1,5,4,6,6,4,4,1,4,5,2,18,2,9,2,1,C03,7,9,1,10,2,12,,84,84,1,12,4,120.649229,24.215272,2
2070,66000,387130000C,(04)23274275,(04)23288582,2025,12,5,10,16,臺中市,西屯區,0,1,0,7,2,6,50,4,1,1,5,4,6,6,2,1,10,5,5,2,16,2,9,1,1,C03,7,9,1,10,2,11,,21,21,1,12,4,120.644156,24.171352,2
2071,66000,387130000C,(04)23274275,(04)23288582,2025,12,5,10,17,臺中市,潭子區,0,0,0,7,,,50,,,,,,,,,,,,,,,,,,,B03,,,1,,2,,,59,59,1,13,4,120.704062,24.202475,3
2072,66000,387130000C,(04)23274275,(04)23288582,2025,12,5,10,18,臺中市,西區,0,0,0,7,,,50,,,,,,,,,,,,,,17,,,,,B01,,,1,,1,,,51,51,1,12,4,120.672162,24.145871,3
2073,66000,387130000C,(04)23274275,(04)23288582,2025,12,5,10,18,臺中市,南屯區,0,0,0,7,3,6,40,13,9,1,5,4,6,6,1,1,5,5,4,2,13,,,,,C03,,,1,,2,,,7,7,1,12,4,120.634174,24.157537,3
2074,66000,387130000C,(04)23274275,(04)23288582,2025,12,5,10,18,臺中市,北屯區,0,1,0,7,2,6,50,4,2,1,5,4,6,6,4,4,4,3,5,2,12,3,10,3,1,B03,7,1,1,8,2,8,,51,51,1,13,4,120.695725,24.186245,2
2075,66000,387130000C,(04)23274275,(04)23288582,2025,12,5,10,18,臺中市,太平區,0,3,0,7,2,6,50,3,2,1,5,4,6,6,4,4,5,5,4,2,13,2,9,1,1,C03,7,9,1,10,2,12,,7,7,1,12,4,120.733339,24.153015,2
2076,66000,387130000C,(04)23274275,(04)23288582,2025,12,5,10,21,臺中市,北屯區,0,0,0,7,,,30,,,,,,,,,,,,,,14,,,,,B03,,,1,8,1,,,49,49,1,12,4,120.698664,24.190369,3
2077,66000,387130000C,(04)23274275,(04)23288582,2025,12,5,10,25,臺中市,西屯區,0,1,0,7,1,6,50,4,1,1,5,4,6,6,2,1,10,5,5,2,16,3,10,3,1,B03,7,11,1,4,2,1,,45,45,1,12,4,120.644525,24.185045,2
2078,66000,387130000C,(04)23274275,(04)23288582,2025,12,5,10,30,臺中市,清水區,0,0,0,7,,,50,,,,,,,,,,,,,,17,,,,,B03,,,1,,2,,,50,50,1,12,4,120.574919,24.282128,3
2079,66000,387130000C,(04)23274275,(04)23288582,2025,12,5,10,39,臺中市,南屯區,0,0,0,7,,,0,,,,,,,,,,,,,,17,,,,,C03,,,1,,9,,,49,49,2,6,4,120.627575,24.118136,3
2080,66000,387130000C,(04)23274275,(04)23288582,2025,12,5,10,39,臺中市,沙鹿區,0,1,0,7,2,6,30,13,8,1,5,4,6,6,4,4,10,5,5,2,18,2,9,2,1,C03,7,9,1,10,2,12,,59,59,1,6,4,120.586322,24.250119,2
2081,66000,387130000C,(04)23274275,(04)23288582,2025,12,5,10,40,臺中市,外埔區,0,1,0,7,2,6,30,13,9,1,5,4,6,6,4,4,10,5,5,2,19,2,9,3,1,B03,7,9,1,8,8,5,,59,59,1,12,4,120.653586,24.342556,2
2082,66000,387130000C,(04)23274275,(04)23288582,2025,12,5,10,45,臺中市,大安區,0,0,0,7,,,50,,,,,,,,,,,,,,,,,,,B03,,,1,,2,,,21,21,1,12,4,120.584239,24.350077,3
2083,66000,387130000C,(04)23274275,(04)23288582,2025,12,5,10,47,臺中市,北區,0,0,0,7,,,50,,,,,,,,,,,,,,13,,,,,C03,,,1,,2,,,84,84,1,13,4,120.678344,24.16844,3
2084,66000,387130000C,(04)23274275,(04)23288582,2025,12,5,10,48,臺中市,南屯區,0,0,0,7,,,50,,,,,,,,,,,,,,14,,,,,B12,,,1,,1,,,49,49,1,12,4,120.612596,24.131661,3
2085,66000,387130000C,(04)23274275,(04)23288582,2025,12,5,10,52,臺中市,西屯區,0,0,0,7,,3,40,,,,,,,,,,,,,,13,,,,,B03,,,1,,1,,,7,7,1,12,4,120.629926,24.165476,3
2086,66000,387130000C,(04)23274275,(04)23288582,2025,12,5,10,57,臺中市,大甲區,0,1,0,7,2,6,50,4,1,1,5,4,6,6,1,1,10,5,5,2,17,2,9,2,1,C03,7,5,1,10,2,16,,84,84,1,13,4,120.623232,24.345583,2
2087,66000,387130000C,(04)23274275,(04)23288582,2025,12,5,10,58,臺中市,北屯區,0,0,0,7,,,50,,,,,,,,,,,,,,16,,,,,C03,,,3,,1,,,51,51,1,6,4,120.69339,24.163115,3
2088,66000,387130000C,(04)23274275,(04)23288582,2025,12,5,11,5,臺中市,太平區,0,0,0,7,,,30,,,,,,,,,,,,,,11,,,,,A12,,,1,,2,,,41,41,1,13,4,120.74709,24.160475,3
2089,66000,387130000C,(04)23274275,(04)23288582,2025,12,5,11,6,臺中市,太平區,0,0,0,7,2,6,50,13,8,1,5,4,6,6,4,4,9,5,4,2,14,,,,,B12,,,1,,2,,,49,49,1,12,4,120.710111,24.122873,3
2090,66000,387130000C,(04)23274275,(04)23288582,2025,12,5,11,8,臺中市,豐原區,0,0,0,7,,,50,,,,,,,,,,,,,,13,,,,,B03,,,1,,2,,,59,59,1,12,4,120.720652,24.253604,3
2091,66000,387130000C,(04)23274275,(04)23288582,2025,12,5,11,13,臺中市,西屯區,0,0,0,7,,3,40,,,,,,,,,,,,,,13,,,,,B03,,,1,,1,,,59,59,1,12,4,120.632262,24.170602,3
2092,66000,387130000C,(04)23274275,(04)23288582,2025,12,5,11,13,臺中市,西屯區,0,0,0,7,,,50,,,,,,,,,,,,,,13,,,,,C03,,,1,,9,,,59,59,1,12,4,120.618367,24.164337,3
2093,66000,387130000C,(04)23274275,(04)23288582,2025,12,5,11,16,臺中市,沙鹿區,0,0,0,7,,,30,,,,,,,,,,,,,,17,,,,,B03,,,1,,2,,,8,8,1,6,4,120.57792,24.221576,3
2094,66000,387130000C,(04)23274275,(04)23288582,2025,12,5,11,18,臺中市,龍井區,0,2,0,7,2,6,30,4,1,1,5,4,6,6,4,4,10,5,5,2,15,2,8,1,1,C03,7,9,1,10,2,11,,15,15,1,6,2,120.589881,24.183094,2
2095,66000,387130000C,(04)23274275,(04)23288582,2025,12,5,11,20,臺中市,新社區,0,0,0,7,,,30,,,,,,,,,,,,,,12,,,,,B03,,,1,,1,,,43,43,1,13,4,120.821389,24.205102,4
2096,66000,387130000C,(04)23274275,(04)23288582,2025,12,5,11,23,臺中市,北區,0,1,0,7,2,6,50,4,1,1,5,4,6,6,2,1,2,4,5,2,13,3,10,1,1,C03,7,9,1,10,2,13,,84,84,1,12,4,120.682546,24.146198,2
2097,66000,387130000C,(04)23274275,(04)23288582,2025,12,5,11,23,臺中市,北屯區,0,1,0,7,1,6,50,4,1,1,1,4,6,6,1,1,10,5,5,2,13,3,10,1,1,C03,7,9,1,10,2,11,,7,7,1,6,4,120.699599,24.1648,2
2098,66000,387130000C,(04)23274275,(04)23288582,2025,12,5,11,26,臺中市,龍井區,0,1,0,7,2,6,30,4,1,1,5,4,6,6,4,4,5,5,5,2,15,3,10,3,1,B03,7,9,1,8,2,2,,15,15,1,10,4,120.519234,24.198561,2
2099,66000,387130000C,(04)23274275,(04)23288582,2025,12,5,11,29,臺中市,南屯區,0,0,0,7,,,50,,,,,,,,,,,,,,17,,,,,B03,,,5,,9,,,51,51,1,12,4,120.64442,24.135392,3
2100,66000,387130000C,(04)23274275,(04)23288582,2025,12,5,11,30,臺中市,北區,0,0,0,7,,,50,,,,,,,,,,,,,,17,,,,,B02,,,1,,1,,,40,40,1,13,4,120.682883,24.146039,3
2101,66000,387130000C,(04)23274275,(04)23288582,2025,12,5,11,31,臺中市,北屯區,0,2,0,7,3,6,50,3,2,1,5,4,6,6,4,4,5,4,5,2,12,3,10,3,1,B03,7,9,1,8,2,2,,59,59,1,12,4,120.718689,24.185543,2
2102,66000,387130000C,(04)23274275,(04)23288582,2025,12,5,11,32,臺中市,南區,0,0,0,7,,,50,,,,,,,,,,,,,,13,,,,,C03,,,1,,1,,,7,7,1,12,4,120.650059,24.120652,3
2103,66000,387130000C,(04)23274275,(04)23288582,2025,12,5,11,34,臺中市,北屯區,0,1,0,7,2,6,50,3,1,1,5,4,6,6,4,4,4,3,5,2,16,3,10,3,1,B03,7,6,5,19,2,1,,14,14,1,13,4,120.666126,24.184566,2
2104,66000,387130000C,(04)23274275,(04)23288582,2025,12,5,11,35,臺中市,西屯區,0,0,0,7,,,,,,,,,,,,,,,,,17,,,,,,,,,,,,,107,107,1,,,120.655371,24.189255,3
2105,66000,387130000C,(04)23274275,(04)23288582,2025,12,5,11,35,臺中市,神岡區,0,1,0,7,3,6,40,4,1,1,5,4,6,6,4,4,5,5,5,2,16,3,10,1,1,C03,7,6,1,10,2,11,,12,12,1,13,4,120.695641,24.247688,2
2106,66000,387130000C,(04)23274275,(04)23288582,2025,12,5,11,35,臺中市,豐原區,0,0,0,7,,,50,,,,,,,,,,,,,,14,,,,,B02,,,1,,2,,,49,49,1,13,4,120.727391,24.245057,3
2107,66000,387130000C,(04)23274275,(04)23288582,2025,12,5,11,36,臺中市,中區,0,1,0,7,2,6,50,4,1,1,5,4,6,6,2,1,5,3,5,2,13,3,10,3,1,B03,7,5,1,8,2,5,,84,84,1,12,4,120.679412,24.142449,2
2108,66000,387130000C,(04)23274275,(04)23288582,2025,12,5,11,41,臺中市,西屯區,0,0,0,7,,,40,,,,,,,,,,,,,,13,,,,,B03,,,1,,1,,,7,7,1,12,4,120.653481,24.160736,3
2109,66000,387130000C,(04)23274275,(04)23288582,2025,12,5,11,42,臺中市,西屯區,0,1,0,7,2,6,30,4,19,1,5,4,6,6,2,1,10,5,5,2,3,3,10,5,4,B13,7,5,1,8,2,5,,10,10,1,12,4,120.644974,24.181789,2
2110,66000,387130000C,(04)23274275,(04)23288582,2025,12,5,11,42,臺中市,大里區,0,1,0,7,2,6,50,3,1,1,5,4,6,6,4,4,10,5,5,2,17,3,10,3,1,B03,7,6,1,8,2,5,,14,14,1,6,4,120.716817,24.09727,2
2111,66000,387130000C,(04)23274275,(04)23288582,2025,12,5,11,44,臺中市,和平區,0,1,0,7,2,9,50,13,9,1,5,4,6,6,4,4,5,4,5,1,17,2,9,2,1,C03,7,9,1,10,2,14,,7,7,1,12,4,120.909507,24.175738,2
2112,66000,387130000C,(04)23274275,(04)23288582,2025,12,5,11,47,臺中市,清水區,0,2,0,7,2,6,50,3,1,1,5,4,6,6,4,4,8,3,4,1,17,2,9,1,1,C03,7,6,1,10,1,12,,14,14,1,12,4,120.571861,24.262688,2
2113,66000,387130000C,(04)23274275,(04)23288582,2025,12,5,11,48,臺中市,北區,0,1,0,7,2,6,50,4,2,1,5,4,6,6,4,4,9,5,5,2,17,3,10,1,1,C03,7,11,1,10,2,11,,84,84,1,13,4,120.68199,24.159448,2
2114,66000,387130000C,(04)23274275,(04)23288582,2025,12,5,11,50,臺中市,西區,0,1,0,7,2,6,50,5,1,1,5,4,6,6,1,1,10,5,5,2,12,3,10,5,1,B03,7,9,1,8,2,5,,43,43,1,6,4,120.669014,24.132126,2
2115,66000,387130000C,(04)23274275,(04)23288582,2025,12,5,11,50,臺中市,西屯區,0,0,0,7,,,30,,,,,,,,,,,,,,17,,,,,B02,,,1,,2,,,51,51,1,12,4,120.648164,24.183602,3
2116,66000,387130000C,(04)23274275,(04)23288582,2025,12,5,11,52,臺中市,潭子區,0,0,0,7,,,50,,,,,,,,,,,,,,,,,,,B03,,,1,,2,,,11,11,1,13,4,120.72007,24.215449,3
2117,66000,387130000C,(04)23274275,(04)23288582,2025,12,5,11,52,臺中市,東區,0,0,0,7,,,30,,,,,,,,,,,,,,14,,,,,B12,,,1,,1,,,49,49,1,12,4,120.694262,24.12437,3
2118,66000,387130000C,(04)23274275,(04)23288582,2025,12,5,11,53,臺中市,西屯區,0,1,0,7,1,6,50,3,1,1,5,4,6,6,4,4,10,5,5,2,16,3,10,3,1,B03,7,5,1,8,1,2,,47,47,1,12,4,120.626553,24.177763,2
2119,66000,387130000C,(04)23274275,(04)23288582,2025,12,5,11,56,臺中市,太平區,0,0,0,7,,,50,,,,,,,,,,,,,,,,,,,B01,,,1,,1,,,7,7,1,12,4,120.713284,24.149468,3
2120,66000,387130000C,(04)23274275,(04)23288582,2025,12,5,11,57,臺中市,西屯區,0,1,0,7,2,6,50,4,7,1,5,4,6,6,4,4,5,4,4,2,12,2,9,2,1,C03,7,5,1,10,2,14,,47,47,1,12,4,120.661844,24.165249,2
2121,66000,387130000C,(04)23274275,(04)23288582,2025,12,5,12,0,臺中市,豐原區,0,0,0,7,,,50,,,,,,,,,,,,,,13,,,,,B03,,,1,,2,,,59,59,1,12,4,120.705141,24.250015,3
2122,66000,387130000C,(04)23274275,(04)23288582,2025,12,5,12,2,臺中市,大里區,0,0,0,7,,,50,,,,,,,,,,,,,,17,,,,,B03,,,1,,2,,,50,50,1,12,4,120.681292,24.103999,3
2123,66000,387130000C,(04)23274275,(04)23288582,2025,12,5,12,4,臺中市,南屯區,0,1,0,7,3,6,50,13,9,1,5,4,6,6,1,1,5,4,5,2,13,2,9,1,1,C03,7,9,1,10,1,11,,7,7,1,12,4,120.631876,24.125985,2
2124,66000,387130000C,(04)23274275,(04)23288582,2025,12,5,12,8,臺中市,大里區,0,1,0,7,3,6,50,4,1,1,5,4,6,6,1,1,10,5,5,2,13,2,9,1,1,C03,7,9,1,9,2,11,,7,7,1,13,4,120.672618,24.104724,2
2125,66000,387130000C,(04)23274275,(04)23288582,2025,12,5,12,9,臺中市,北區,0,1,0,7,2,6,50,4,7,1,5,4,6,6,4,4,9,5,4,2,2,3,10,5,4,B03,7,9,1,8,9,15,,85,85,2,13,4,120.673857,24.171494,2
2126,66000,387130000C,(04)23274275,(04)23288582,2025,12,5,12,9,臺中市,西屯區,0,0,0,7,,,40,,,,,,,,,,,,,,13,,,,,C03,,,1,,1,,,59,59,1,12,2,120.615224,24.182914,3
2127,66000,387130000C,(04)23274275,(04)23288582,2025,12,5,12,9,臺中市,豐原區,0,1,0,7,2,6,50,4,1,1,5,4,6,6,1,1,1,4,5,2,15,3,10,3,1,B03,7,9,1,8,2,4,,21,21,1,12,4,120.736436,24.27268,2
2128,66000,387130000C,(04)23274275,(04)23288582,2025,12,5,12,10,臺中市,烏日區,0,1,0,7,2,6,50,3,1,1,5,4,6,6,4,4,5,5,4,2,13,2,9,5,4,C03,7,9,1,10,2,11,,59,59,1,13,4,120.607244,24.110485,2
2129,66000,387130000C,(04)23274275,(04)23288582,2025,12,5,12,11,臺中市,西屯區,0,2,0,7,2,6,50,13,9,1,5,4,6,6,4,4,1,4,5,2,13,2,8,2,4,C03,7,9,1,10,2,11,14,8,8,1,12,4,120.651319,24.197473,2