序號,縣市別代碼,機關代碼,市話,傳真,年,月,日,時,分,縣市,區,死亡數量,受傷數量,2-30,天候,道路照明設備,道路類別,道路速限,道路型態,事故位置,路面鋪裝,路面狀態,路面缺陷,障礙物,視距,號誌種類,號誌動作,分向設施,快車道或一般車道間,快慢車道間,路面邊線,事故類型及型態,受傷程度,主要傷處,保護裝備,行動電話或功能裝置,當事者區分(類別),車輛用途,當事者行動狀態,駕照狀態,駕照種類,飲酒情形,車輛撞擊部位最初,車輛撞擊部位其他,肇事因素個別,肇事因素主要,肇事逃逸,職業,共享經濟或外送平台,GPS座標X,GPS座標Y,事故類別
2130,66000,387130000C,(04)23274275,(04)23288582,2025,12,5,12,12,臺中市,北區,0,3,0,7,2,6,50,3,1,1,5,4,6,6,2,1,1,5,5,2,12,2,9,2,1,C03,7,5,1,10,2,13,,84,84,1,12,4,120.686066,24.144614,2
2131,66000,387130000C,(04)23274275,(04)23288582,2025,12,5,12,13,臺中市,西屯區,0,0,0,7,,,50,,,,,,,,,,,,,,13,,,,,B03,,,1,,1,,,7,7,1,12,4,120.669084,24.177531,3
2132,66000,387130000C,(04)23274275,(04)23288582,2025,12,5,12,19,臺中市,太平區,0,2,0,7,2,6,50,3,1,1,5,4,6,6,4,4,10,5,5,2,16,2,9,1,1,C03,7,6,1,10,2,13,14,84,84,1,13,4,120.733388,24.153411,2
2133,66000,387130000C,(04)23274275,(04)23288582,2025,12,5,12,20,臺中市,龍井區,0,3,0,7,2,6,50,3,1,1,5,4,6,6,4,4,10,5,5,2,16,2,9,1,1,C03,7,6,1,10,2,12,,14,14,1,5,4,120.59567,24.18694,2
2134,66000,387130000C,(04)23274275,(04)23288582,2025,12,5,12,26,臺中市,南區,0,1,0,7,2,6,50,13,9,1,5,4,6,6,4,4,2,4,5,2,12,3,10,3,1,B03,7,9,1,8,2,4,,85,85,1,13,4,120.655016,24.115588,2
2135,66000,387130000C,(04)23274275,(04)23288582,2025,12,5,12,27,臺中市,太平區,0,0,0,7,2,6,50,3,7,1,5,4,6,6,2,1,5,5,4,1,13,,,,,B03,,,1,,2,,,84,84,1,12,4,120.735932,24.129931,3
2136,66000,387130000C,(04)23274275,(04)23288582,2025,12,5,12,29,臺中市,霧峰區,0,2,0,7,2,6,40,4,1,1,5,4,6,6,2,1,10,5,5,2,17,2,9,5,4,C03,7,9,1,10,2,14,,84,84,1,13,4,120.699142,24.068772,2
2137,66000,387130000C,(04)23274275,(04)23288582,2025,12,5,12,30,臺中市,西屯區,0,2,0,7,1,6,50,13,9,1,5,4,6,6,4,4,9,5,5,2,16,3,10,3,1,B03,7,11,1,8,2,4,,45,45,1,12,4,120.618479,24.179054,2
2138,66000,387130000C,(04)23274275,(04)23288582,2025,12,5,12,30,臺中市,烏日區,0,3,0,7,3,6,50,4,1,1,5,4,6,6,1,1,10,5,5,2,15,2,9,2,1,C03,7,9,1,10,2,11,,21,21,1,6,4,120.641583,24.095717,2
2139,66000,387130000C,(04)23274275,(04)23288582,2025,12,5,12,30,臺中市,石岡區,0,1,0,7,2,6,30,13,9,1,5,4,6,6,4,4,10,5,5,1,28,2,9,5,4,F03,7,9,7,21,2,14,,84,84,1,13,4,120.802116,24.2718,2
2140,66000,387130000C,(04)23274275,(04)23288582,2025,12,5,12,33,臺中市,烏日區,0,0,0,7,,,50,,,,,,,,,,,,,,14,,,,,B03,,,1,,2,,,49,49,1,6,4,120.637007,24.086199,3
2141,66000,387130000C,(04)23274275,(04)23288582,2025,12,5,12,35,臺中市,新社區,0,0,0,7,,,30,,,,,,,,,,,,,,,,,,,C03,,,5,,2,,,84,84,1,12,4,120.800651,24.197163,3
2142,66000,387130000C,(04)23274275,(04)23288582,2025,12,5,12,38,臺中市,西區,0,3,0,7,2,6,50,4,1,1,5,4,6,6,2,1,5,4,5,2,12,2,9,1,1,C03,7,9,1,10,2,11,,21,21,1,13,4,120.652958,24.148933,2
2143,66000,387130000C,(04)23274275,(04)23288582,2025,12,5,12,40,臺中市,北區,0,0,0,7,,,30,,,,,,,,,,,,,,17,,,,,C03,,,1,,2,,,84,84,1,13,4,120.681075,24.151117,3
2144,66000,387130000C,(04)23274275,(04)23288582,2025,12,5,12,41,臺中市,南屯區,0,0,0,7,,,50,,,,,,,,,,,,,,13,,,,,B12,,,1,,2,,,84,84,1,6,4,120.646707,24.150896,3
2145,66000,387130000C,(04)23274275,(04)23288582,2025,12,5,12,45,臺中市,西屯區,0,1,0,7,2,6,30,13,9,1,5,4,1,6,4,4,10,5,5,2,18,2,9,5,4,C03,7,9,1,10,2,12,,59,59,1,12,4,120.649527,24.170875,2
2146,66000,387130000C,(04)23274275,(04)23288582,2025,12,5,12,48,臺中市,后里區,0,2,0,7,2,6,50,4,1,1,5,4,6,6,4,4,10,5,5,2,16,2,9,3,1,B03,7,5,1,8,2,8,,14,14,1,12,4,120.672954,24.307362,2
2147,66000,387130000C,(04)23274275,(04)23288582,2025,12,5,12,50,臺中市,西屯區,0,1,0,7,1,6,30,13,9,1,5,4,6,6,4,4,10,5,5,2,17,3,10,2,1,C03,7,6,1,10,2,14,,20,20,1,12,4,120.646367,24.168485,2
2148,66000,387130000C,(04)23274275,(04)23288582,2025,12,5,12,50,臺中市,烏日區,0,0,0,7,,,30,,,,,,,,,,,,,,14,,,,,B03,,,1,,2,,,49,49,1,13,4,120.639739,24.041791,3
2149,66000,387130000C,(04)23274275,(04)23288582,2025,12,5,12,51,臺中市,北屯區,0,1,0,7,3,6,50,4,1,1,5,4,6,6,4,4,10,5,5,2,12,2,9,2,1,C03,7,4,1,10,2,12,,84,84,1,6,4,120.735914,24.177832,2
2150,66000,387130000C,(04)23274275,(04)23288582,2025,12,5,12,52,臺中市,西屯區,0,2,0,7,2,6,50,13,9,1,5,4,6,3,4,4,5,5,5,2,3,2,9,6,5,H01,8,18,7,21,2,17,,95,95,1,12,5,120.606268,24.187697,2
2151,66000,387130000C,(04)23274275,(04)23288582,2025,12,5,12,57,臺中市,西屯區,0,1,0,7,2,6,50,13,9,1,5,4,6,6,4,4,1,4,1,2,18,2,9,1,4,C03,7,9,1,10,2,12,,54,54,1,12,4,120.647606,24.195998,2
2152,66000,387130000C,(04)23274275,(04)23288582,2025,12,5,13,2,臺中市,西區,0,0,0,7,,,50,,,,,,,,,,,,,,,,,,,B03,,,1,,2,,,84,84,1,12,4,120.676673,24.139355,3
2153,66000,387130000C,(04)23274275,(04)23288582,2025,12,5,13,5,臺中市,霧峰區,0,1,0,7,2,6,50,13,9,1,5,4,6,6,4,4,9,5,5,1,17,3,10,3,1,B02,7,11,1,4,2,5,,45,45,1,6,4,120.712845,24.077187,2
2154,66000,387130000C,(04)23274275,(04)23288582,2025,12,5,13,5,臺中市,太平區,0,1,0,7,2,6,50,5,1,1,5,4,6,6,1,1,10,5,5,2,16,3,10,3,1,B03,7,6,1,8,2,1,,25,25,1,12,4,120.715879,24.135991,2
2155,66000,387130000C,(04)23274275,(04)23288582,2025,12,5,13,6,臺中市,西區,0,0,0,7,,,50,,,,,,,,,,,,,,13,,,,,B03,,,1,,1,,,7,7,1,13,4,120.675528,24.140483,3
2156,66000,387130000C,(04)23274275,(04)23288582,2025,12,5,13,9,臺中市,南屯區,0,0,0,7,,,50,,,,,,,,,,,,,,13,,,,,B03,,,1,,1,,,7,7,1,12,4,120.6514,24.150796,3
2157,66000,387130000C,(04)23274275,(04)23288582,2025,12,5,13,9,臺中市,南屯區,0,1,0,7,2,6,50,18,9,1,5,4,6,6,4,4,10,5,5,2,16,3,10,3,1,B03,7,6,1,8,2,4,,65,65,1,12,4,120.612022,24.138937,2
2158,66000,387130000C,(04)23274275,(04)23288582,2025,12,5,13,11,臺中市,西屯區,0,2,0,7,2,6,50,4,1,1,5,4,6,6,4,4,10,5,5,2,15,2,9,2,1,C03,7,9,1,10,2,12,,15,15,1,12,4,120.646292,24.182847,2
2159,66000,387130000C,(04)23274275,(04)23288582,2025,12,5,13,12,臺中市,西屯區,0,1,0,7,1,6,40,13,8,1,5,4,6,6,4,4,1,5,5,1,18,2,9,1,1,C03,7,9,1,10,2,16,,84,84,1,12,4,120.607371,24.183701,2
2160,66000,387130000C,(04)23274275,(04)23288582,2025,12,5,13,17,臺中市,北區,0,2,0,7,2,6,50,4,2,1,5,4,6,6,2,1,10,5,5,2,11,2,9,2,1,C03,7,6,1,10,2,12,,11,11,1,13,4,120.686415,24.15237,2
2161,66000,387130000C,(04)23274275,(04)23288582,2025,12,5,13,18,臺中市,南區,0,1,0,7,2,6,50,3,2,1,5,4,6,6,4,4,10,5,5,2,13,2,9,2,1,C03,7,9,1,10,2,11,12,7,7,1,12,4,120.666724,24.121172,2
2162,66000,387130000C,(04)23274275,(04)23288582,2025,12,5,13,23,臺中市,大里區,0,0,0,7,,,50,,,,,,,,,,,,,,13,,,,,B12,,,1,,2,,,82,82,1,12,4,120.670175,24.096742,3
2163,66000,387130000C,(04)23274275,(04)23288582,2025,12,5,13,27,臺中市,太平區,0,0,0,7,,,50,,,,,,,,,,,,,,,,,,,B03,,,1,,2,,,8,8,1,13,4,120.732613,24.141529,3
2164,66000,387130000C,(04)23274275,(04)23288582,2025,12,5,13,27,臺中市,沙鹿區,0,1,0,7,2,6,30,5,1,1,5,4,6,6,4,4,10,5,5,2,17,3,10,3,1,B12,7,9,1,8,2,8,,12,12,1,6,4,120.571757,24.226438,2
2165,66000,387130000C,(04)23274275,(04)23288582,2025,12,5,13,30,臺中市,南屯區,0,0,0,7,3,6,50,13,9,1,5,4,6,6,4,4,5,4,5,2,13,,,,,B03,,,1,,1,,,7,7,1,12,4,120.639625,24.147161,3
2166,66000,387130000C,(04)23274275,(04)23288582,2025,12,5,13,33,臺中市,南屯區,0,0,0,7,3,6,50,13,9,1,5,4,6,6,1,1,1,4,5,2,13,,,,,B03,,,1,,1,,,84,84,1,12,4,120.646629,24.137231,3
2167,66000,387130000C,(04)23274275,(04)23288582,2025,12,5,13,34,臺中市,北區,0,0,0,7,,,50,,,,,,,,,,,,,,13,,,,,B03,,,1,,1,,,84,84,1,13,4,120.664856,24.164515,3
2168,66000,387130000C,(04)23274275,(04)23288582,2025,12,5,13,34,臺中市,南屯區,0,1,0,7,3,6,40,13,8,1,5,4,6,6,4,4,1,4,4,2,17,3,10,1,1,C03,7,9,1,10,2,11,12,7,7,1,5,4,120.623855,24.145039,2
2169,66000,387130000C,(04)23274275,(04)23288582,2025,12,5,13,37,臺中市,西屯區,0,1,0,7,2,6,40,13,8,1,5,4,6,6,1,1,1,5,1,2,13,3,10,2,1,C03,7,9,1,10,2,12,,7,7,1,12,4,120.613615,24.183745,2
2170,66000,387130000C,(04)23274275,(04)23288582,2025,12,5,13,37,臺中市,大甲區,0,0,0,7,,,50,,,,,,,,,,,,,,,,,,,B03,,,1,,1,,,84,84,1,6,4,120.619225,24.340156,3
2171,66000,387130000C,(04)23274275,(04)23288582,2025,12,5,13,43,臺中市,北區,0,2,0,7,2,6,50,13,9,1,5,4,6,6,4,4,5,5,5,2,17,2,9,5,4,C03,7,6,1,10,2,12,,39,39,1,13,4,120.688006,24.155565,2
2172,66000,387130000C,(04)23274275,(04)23288582,2025,12,5,13,43,臺中市,梧棲區,0,0,0,7,,,50,,,,,,,,,,,,,,12,,,,,C03,,,1,,1,,,51,51,1,6,4,120.529365,24.252019,3
2173,66000,387130000C,(04)23274275,(04)23288582,2025,12,5,13,45,臺中市,南屯區,0,0,0,7,,,50,,,,,,,,,,,,,,17,,,,,B03,,,1,,9,,,50,50,1,6,4,120.644406,24.148895,3
2174,66000,387130000C,(04)23274275,(04)23288582,2025,12,5,13,45,臺中市,西屯區,0,2,0,7,2,6,50,13,9,1,5,4,6,6,1,1,5,4,5,2,12,3,10,5,1,B03,7,9,1,8,2,2,,42,42,1,12,4,120.608748,24.155885,2
2175,66000,387130000C,(04)23274275,(04)23288582,2025,12,5,13,51,臺中市,潭子區,0,1,0,7,3,6,50,3,2,1,5,4,6,6,4,4,5,4,4,2,17,3,10,3,1,B12,7,6,1,8,2,6,,11,11,1,13,4,120.707625,24.231215,2
2176,66000,387130000C,(04)23274275,(04)23288582,2025,12,5,13,52,臺中市,北屯區,0,1,0,7,2,6,60,13,7,1,5,4,6,6,4,4,1,4,4,1,13,3,10,3,1,B12,7,9,1,8,2,5,,84,84,1,6,4,120.713742,24.164237,2
2177,66000,387130000C,(04)23274275,(04)23288582,2025,12,5,13,55,臺中市,沙鹿區,0,2,0,7,2,6,50,4,1,1,5,4,6,6,1,1,10,5,5,2,16,2,9,1,1,C03,7,6,1,10,2,12,,11,11,1,12,4,120.561301,24.242652,2
2178,66000,387130000C,(04)23274275,(04)23288582,2025,12,5,13,57,臺中市,北區,0,1,0,7,3,9,50,4,2,1,5,4,6,6,4,4,10,5,5,2,17,2,9,2,1,C03,7,9,1,10,2,14,,84,84,1,13,4,120.678674,24.158281,2
2179,66000,387130000C,(04)23274275,(04)23288582,2025,12,5,14,2,臺中市,西區,0,1,0,7,2,6,50,4,1,1,5,4,6,6,4,4,8,5,4,2,15,3,10,3,1,B03,7,9,1,8,2,8,,12,12,1,12,4,120.655043,24.14723,2
2180,66000,387130000C,(04)23274275,(04)23288582,2025,12,5,14,2,臺中市,西屯區,0,0,0,7,,,0,,,,,,,,,,,,,,14,,,,,B03,,,4,,1,,,59,59,1,12,4,120.65303,24.15938,3
2181,66000,387130000C,(04)23274275,(04)23288582,2025,12,5,14,3,臺中市,后里區,0,0,0,7,2,6,50,13,9,1,5,4,6,6,4,4,5,4,5,1,13,3,10,3,1,B03,7,9,1,8,2,1,,7,7,1,12,4,120.73136,24.339292,3
2182,66000,387130000C,(04)23274275,(04)23288582,2025,12,5,14,3,臺中市,大甲區,0,0,0,7,,,50,,,,,,,,,,,,,,30,,,,,B03,,,1,,9,,,84,84,1,6,4,120.6153,24.351571,3
2183,66000,387130000C,(04)23274275,(04)23288582,2025,12,5,14,4,臺中市,南屯區,0,1,0,7,2,6,60,4,1,1,5,4,6,6,2,1,1,4,5,2,16,3,10,3,1,B03,7,5,1,8,2,2,,11,11,1,10,4,120.646544,24.134659,2
2184,66000,387130000C,(04)23274275,(04)23288582,2025,12,5,14,5,臺中市,沙鹿區,0,1,0,7,2,6,40,13,8,1,5,4,6,6,4,4,10,5,3,2,17,2,9,1,1,C03,7,9,1,10,2,11,,54,54,1,13,4,120.570418,24.200185,2
2185,66000,387130000C,(04)23274275,(04)23288582,2025,12,5,14,10,臺中市,大甲區,0,0,0,7,,,60,,,,,,,,,,,,,,15,,,,,B03,,,5,,1,,,49,49,1,13,4,120.640219,24.36402,3
2186,66000,387130000C,(04)23274275,(04)23288582,2025,12,5,14,16,臺中市,西區,0,2,0,7,2,6,50,4,19,1,5,4,6,6,4,4,10,5,5,2,3,2,9,1,1,C03,7,9,1,10,2,11,,10,10,1,6,4,120.66092,24.146707,2
2187,66000,387130000C,(04)23274275,(04)23288582,2025,12,5,14,19,臺中市,中區,0,1,0,7,2,6,50,3,2,1,5,4,6,6,4,4,1,4,5,2,13,2,9,2,1,C03,7,7,1,10,2,14,,84,84,1,13,4,120.685786,24.140578,2
2188,66000,387130000C,(04)23274275,(04)23288582,2025,12,5,14,20,臺中市,北區,0,0,0,7,,,50,,,,,,,,,,,,,,13,,,,,B12,,,1,,1,,,84,84,1,13,4,120.68887,24.146583,3
2189,66000,387130000C,(04)23274275,(04)23288582,2025,12,5,14,20,臺中市,沙鹿區,0,1,0,7,2,6,30,4,9,1,5,4,6,6,4,4,4,4,5,2,15,2,9,2,1,C03,7,9,1,10,2,14,,12,12,1,12,4,120.56881,24.230644,2
2190,66000,387130000C,(04)23274275,(04)23288582,2025,12,5,14,20,臺中市,大甲區,0,0,0,7,,,50,,,,,,,,,,,,,,,,,,,C03,,,1,,1,,,7,7,1,6,4,120.620945,24.346741,3
2191,66000,387130000C,(04)23274275,(04)23288582,2025,12,5,14,20,臺中市,新社區,0,0,0,7,,,50,,,,,,,,,,,,,,,,,,,B02,,,1,,2,,,84,84,1,12,4,120.858075,24.155864,3
2192,66000,387130000C,(04)23274275,(04)23288582,2025,12,5,14,21,臺中市,北屯區,0,1,0,7,3,6,50,4,1,1,5,4,6,6,1,1,10,5,5,2,16,3,10,3,1,B03,7,5,1,3,2,2,,11,11,1,6,4,120.687557,24.185663,2
2193,66000,387130000C,(04)23274275,(04)23288582,2025,12,5,14,22,臺中市,南區,0,0,0,7,,,40,,,,,,,,,,,,,,17,,,,,B03,,,1,8,1,,,85,85,1,12,4,120.652975,24.113611,3
2194,66000,387130000C,(04)23274275,(04)23288582,2025,12,5,14,23,臺中市,大雅區,0,0,0,7,,,50,,,,,,,,,,,,,,,,,,,B03,,,1,,1,,,7,7,1,13,4,120.629131,24.207276,3
2195,66000,387130000C,(04)23274275,(04)23288582,2025,12,5,14,23,臺中市,南屯區,0,0,0,7,,,50,,,,,,,,,,,,,,13,,,,,B03,,,1,,1,,,59,59,1,12,4,120.626551,24.151663,4
2196,66000,387130000C,(04)23274275,(04)23288582,2025,12,5,14,24,臺中市,南區,0,1,0,7,3,6,30,13,9,1,5,4,6,6,4,4,10,5,5,2,16,3,10,5,4,C03,7,6,1,9,1,14,,84,84,1,12,4,120.682508,24.126829,2
2197,66000,387130000C,(04)23274275,(04)23288582,2025,12,5,14,24,臺中市,西屯區,0,1,0,7,2,6,40,13,8,1,5,4,6,6,1,1,1,4,4,2,12,2,9,5,4,C03,7,4,1,9,2,14,,84,84,1,12,4,120.639269,24.165068,2
2198,66000,387130000C,(04)23274275,(04)23288582,2025,12,5,14,28,臺中市,霧峰區,0,1,0,7,2,6,50,13,7,1,5,4,6,6,4,4,5,5,4,1,17,3,10,5,4,B12,7,9,1,8,9,1,,84,84,1,13,4,120.697267,24.055692,2
2199,66000,387130000C,(04)23274275,(04)23288582,2025,12,5,14,29,臺中市,南區,0,2,0,7,2,6,50,4,1,1,5,4,6,6,4,4,9,5,5,2,15,2,9,2,1,C03,7,9,1,10,2,11,,15,15,1,13,4,120.682192,24.130556,2
2200,66000,387130000C,(04)23274275,(04)23288582,2025,12,5,14,30,臺中市,北屯區,0,0,0,7,,,30,,,,,,,,,,,,,,17,,,,,B12,,,1,,2,,,58,58,1,12,4,120.691992,24.177796,3
2201,66000,387130000C,(04)23274275,(04)23288582,2025,12,5,14,32,臺中市,北區,0,0,0,7,,,50,,,,,,,,,,,,,,12,,,,,B03,,,1,,2,,,84,84,1,12,4,120.669144,24.157212,3
2202,66000,387130000C,(04)23274275,(04)23288582,2025,12,5,14,33,臺中市,北屯區,0,0,0,7,,3,40,,,,,,,,,,,,,,13,,,,,B03,,,1,,2,,,7,7,1,13,4,120.683003,24.2009,3
2203,66000,387130000C,(04)23274275,(04)23288582,2025,12,5,14,37,臺中市,南區,0,0,0,7,,,50,,,,,,,,,,,,,,,,,,,B01,,,1,,9,,,8,8,1,13,4,120.683664,24.130329,3
2204,66000,387130000C,(04)23274275,(04)23288582,2025,12,5,14,39,臺中市,潭子區,0,0,0,7,,,50,,,,,,,,,,,,,,,,,,,B03,,,1,,9,,,84,84,1,12,4,120.701176,24.209048,3
2205,66000,387130000C,(04)23274275,(04)23288582,2025,12,5,14,40,臺中市,西區,0,1,0,7,1,6,50,3,9,1,5,4,6,6,4,4,5,4,5,2,17,3,10,5,4,B03,7,1,1,8,2,8,,51,51,1,12,4,120.657945,24.150845,2
2206,66000,387130000C,(04)23274275,(04)23288582,2025,12,5,14,40,臺中市,西區,0,0,0,7,,,50,,,,,,,,,,,,,,13,,,,,B03,,,1,,1,,,59,59,1,13,4,120.664201,24.15473,3
2207,66000,387130000C,(04)23274275,(04)23288582,2025,12,5,14,42,臺中市,中區,0,0,0,7,,,50,,,,,,,,,,,,,,17,,,,,C03,,,1,,1,,,84,84,1,13,4,120.67725,24.145679,4
2208,66000,387130000C,(04)23274275,(04)23288582,2025,12,5,14,44,臺中市,清水區,0,1,0,7,3,6,50,4,1,1,5,4,6,6,2,1,1,5,5,1,17,2,9,2,1,C03,7,9,1,10,2,14,,82,82,1,12,4,120.564838,24.271208,2
2209,66000,387130000C,(04)23274275,(04)23288582,2025,12,5,14,45,臺中市,南屯區,0,0,0,7,3,6,50,13,9,1,5,4,6,6,1,1,5,4,5,2,13,,,,,B03,,,1,,1,,,7,7,1,12,4,120.622352,24.140281,3
2210,66000,387130000C,(04)23274275,(04)23288582,2025,12,5,14,45,臺中市,梧棲區,0,0,0,7,,,50,,,,,,,,,,,,,,13,,,,,B03,,,1,,1,,,59,59,1,12,4,120.534443,24.246459,3
2211,66000,387130000C,(04)23274275,(04)23288582,2025,12,5,14,47,臺中市,西屯區,0,0,0,7,,,50,,,,,,,,,,,,,,14,,,,,B12,,,1,,2,,,49,49,1,12,4,120.604328,24.174886,3
2212,66000,387130000C,(04)23274275,(04)23288582,2025,12,5,14,52,臺中市,南屯區,0,0,0,7,,,50,,,,,,,,,,,,,,11,,,,,B03,,,1,,1,,,8,8,1,6,4,120.648331,24.143776,4
2213,66000,387130000C,(04)23274275,(04)23288582,2025,12,5,14,53,臺中市,霧峰區,0,0,0,7,,,50,,,,,,,,,,,,,,,,,,,B02,,,1,,2,,,20,20,1,6,4,120.697981,24.06638,3
2214,66000,387130000C,(04)23274275,(04)23288582,2025,12,5,14,56,臺中市,西屯區,0,0,0,7,,,40,,,,,,,,,,,,,,13,,,,,B03,,,1,,1,,,7,7,1,12,4,120.633851,24.160245,3
2215,66000,387130000C,(04)23274275,(04)23288582,2025,12,5,14,58,臺中市,龍井區,0,0,0,7,,,50,,,,,,,,,,,,,,,,,,,C03,,,1,,11,,,4,4,1,12,4,120.585155,24.184747,3
2216,66000,387130000C,(04)23274275,(04)23288582,2025,12,5,15,0,臺中市,北屯區,0,0,0,7,,,50,,,,,,,,,,,,,,12,,,,,B03,,,1,,2,,,84,84,1,6,4,120.662344,24.184974,3
2217,66000,387130000C,(04)23274275,(04)23288582,2025,12,5,15,0,臺中市,大甲區,0,0,0,7,,,70,,,,,,,,,,,,,,,,,,,B12,,,1,,1,,,49,49,1,12,4,120.642717,24.419938,3
2218,66000,387130000C,(04)23274275,(04)23288582,2025,12,5,15,1,臺中市,西區,0,1,0,7,2,6,50,4,1,1,5,4,6,6,2,1,5,4,5,2,17,2,9,2,1,C03,7,9,1,10,2,11,,7,7,1,12,4,120.675792,24.133186,2
2219,66000,387130000C,(04)23274275,(04)23288582,2025,12,5,15,5,臺中市,南區,0,0,0,7,,,30,,,,,,,,,,,,,,17,,,,,C03,,,1,,2,,,50,50,1,6,4,120.670702,24.124847,3
2220,66000,387130000C,(04)23274275,(04)23288582,2025,12,5,15,9,臺中市,大里區,0,1,0,7,2,6,60,13,9,1,5,4,6,6,4,4,1,4,4,1,12,2,9,1,1,C03,7,9,1,10,2,14,,8,8,1,6,4,120.691261,24.100658,2
2221,66000,387130000C,(04)23274275,(04)23288582,2025,12,5,15,13,臺中市,南屯區,0,0,0,7,,,60,,,,,,,,,,,,,,17,,,,,B01,,,1,,1,,,47,47,1,12,4,120.63604,24.121043,3
2222,66000,387130000C,(04)23274275,(04)23288582,2025,12,5,15,14,臺中市,西屯區,0,0,0,7,,,30,,,,,,,,,,,,,,14,,,,,B03,,,1,,1,,,7,7,1,12,4,120.618199,24.175631,3
2223,66000,387130000C,(04)23274275,(04)23288582,2025,12,5,15,16,臺中市,梧棲區,0,0,0,7,,,50,,,,,,,,,,,,,,16,,,,,B03,,,1,,1,,,21,21,1,6,4,120.54283,24.260428,3
2224,66000,387130000C,(04)23274275,(04)23288582,2025,12,5,15,19,臺中市,中區,0,2,0,7,1,6,40,13,9,1,5,4,6,6,4,4,10,5,5,1,17,2,9,5,4,C03,7,7,1,10,2,12,,84,84,1,12,4,120.678851,24.143353,2
2225,66000,387130000C,(04)23274275,(04)23288582,2025,12,5,15,19,臺中市,西區,0,1,0,7,2,6,50,13,9,1,5,4,6,6,4,4,5,5,4,1,17,3,10,2,1,C03,7,1,1,10,2,11,,51,51,1,13,4,120.653449,24.153734,2
2226,66000,387130000C,(04)23274275,(04)23288582,2025,12,5,15,20,臺中市,大安區,0,2,0,7,3,6,50,3,1,1,5,4,6,6,4,4,10,5,5,2,17,2,9,1,1,C03,7,6,1,10,2,11,,14,14,1,6,4,120.597882,24.345046,2
2227,66000,387130000C,(04)23274275,(04)23288582,2025,12,5,15,23,臺中市,西屯區,0,0,0,7,,,50,,,,,,,,,,,,,,12,,,,,B03,,,1,,1,,,40,40,1,12,4,120.651207,24.208383,3
2228,66000,387130000C,(04)23274275,(04)23288582,2025,12,5,15,25,臺中市,霧峰區,0,1,0,7,3,6,50,4,1,1,5,4,6,6,1,1,5,5,5,2,17,2,9,1,1,C03,7,6,1,10,2,14,,26,26,1,12,4,120.69865,24.064456,2
2229,66000,387130000C,(04)23274275,(04)23288582,2025,12,5,15,26,臺中市,西屯區,0,0,0,7,,,0,,,,,,,,,,,,,,17,,,,,B12,,,1,,2,,,82,82,1,12,4,120.615578,24.175467,3
2230,66000,387130000C,(04)23274275,(04)23288582,2025,12,5,15,29,臺中市,北區,0,2,0,7,2,6,50,4,9,1,5,4,6,6,1,1,5,2,5,2,17,2,9,1,1,C03,7,15,1,10,2,11,,34,34,1,13,4,120.685257,24.152817,2
2231,66000,387130000C,(04)23274275,(04)23288582,2025,12,5,15,29,臺中市,大里區,0,1,0,7,2,6,50,4,1,1,5,4,6,6,1,1,10,5,5,2,16,3,10,3,1,B03,7,6,1,8,2,1,,11,11,1,12,4,120.693987,24.113853,2
2232,66000,387130000C,(04)23274275,(04)23288582,2025,12,5,15,31,臺中市,西屯區,0,0,0,7,,,50,,,,,,,,,,,,,,12,,,,,B03,,,1,,1,,,8,8,1,12,4,120.61947,24.187232,3
2233,66000,387130000C,(04)23274275,(04)23288582,2025,12,5,15,33,臺中市,北屯區,0,2,0,7,2,6,50,4,1,1,5,4,6,6,4,4,10,5,5,2,13,2,9,1,1,C03,7,9,3,19,2,11,,84,84,1,6,4,120.705942,24.171306,2
2234,66000,387130000C,(04)23274275,(04)23288582,2025,12,5,15,34,臺中市,大甲區,0,1,0,7,2,6,50,4,2,1,5,4,6,6,1,1,5,5,5,1,16,2,9,2,1,C03,7,7,1,10,2,12,,39,39,1,6,4,120.625433,24.345936,2
2235,66000,387130000C,(04)23274275,(04)23288582,2025,12,5,15,40,臺中市,大甲區,0,0,0,7,,,50,,,,,,,,,,,,,,14,,,,,B03,,,1,,1,,,49,49,1,13,4,120.619216,24.343178,3
2236,66000,387130000C,(04)23274275,(04)23288582,2025,12,5,15,42,臺中市,大里區,0,0,0,7,,,50,,,,,,,,,,,,,,17,,,,,A12,,,1,,2,,,49,49,1,6,4,120.674907,24.110816,3
2237,66000,387130000C,(04)23274275,(04)23288582,2025,12,5,15,42,臺中市,大甲區,0,1,0,7,2,6,50,4,9,1,5,4,6,6,1,1,6,3,5,1,12,3,10,3,1,B03,7,5,1,8,2,2,,65,65,1,12,4,120.622631,24.342402,2
2238,66000,387130000C,(04)23274275,(04)23288582,2025,12,5,15,43,臺中市,沙鹿區,0,1,0,7,2,6,50,13,8,1,5,4,6,6,4,4,1,4,4,2,17,3,10,3,1,B03,7,5,1,8,2,2,,47,47,1,12,4,120.5659,24.231699,2
2239,66000,387130000C,(04)23274275,(04)23288582,2025,12,5,15,44,臺中市,霧峰區,0,1,0,7,2,6,40,4,1,1,5,4,6,6,1,1,10,5,5,2,17,2,7,5,4,C03,7,9,1,10,2,11,,84,84,1,13,4,120.692382,24.046479,2
2240,66000,387130000C,(04)23274275,(04)23288582,2025,12,5,15,47,臺中市,大甲區,0,1,0,7,3,6,50,3,1,1,5,4,6,6,4,4,10,5,5,2,17,3,10,3,1,B03,7,5,1,8,2,2,,14,14,1,6,4,120.617607,24.346794,2