序號,縣市別代碼,機關代碼,市話,傳真,年,月,日,時,分,縣市,區,死亡數量,受傷數量,2-30,天候,道路照明設備,道路類別,道路速限,道路型態,事故位置,路面鋪裝,路面狀態,路面缺陷,障礙物,視距,號誌種類,號誌動作,分向設施,快車道或一般車道間,快慢車道間,路面邊線,事故類型及型態,受傷程度,主要傷處,保護裝備,行動電話或功能裝置,當事者區分(類別),車輛用途,當事者行動狀態,駕照狀態,駕照種類,飲酒情形,車輛撞擊部位最初,車輛撞擊部位其他,肇事因素個別,肇事因素主要,肇事逃逸,職業,共享經濟或外送平台,GPS座標X,GPS座標Y,事故類別
2241,66000,387130000C,(04)23274275,(04)23288582,2025,12,5,15,49,臺中市,南屯區,0,0,0,7,,,50,,,,,,,,,,,,,,12,,,,,A12,,,1,,1,,,8,8,1,12,4,120.643937,24.136443,3
2242,66000,387130000C,(04)23274275,(04)23288582,2025,12,5,15,50,臺中市,烏日區,0,0,0,7,,,40,,,,,,,,,,,,,,9,,,,,B03,,,1,,1,,,87,87,1,6,4,120.638554,24.081695,4
2243,66000,387130000C,(04)23274275,(04)23288582,2025,12,5,15,53,臺中市,霧峰區,0,1,0,7,2,6,50,5,1,1,5,4,6,6,1,1,5,5,5,2,12,3,10,5,4,B03,7,9,1,8,2,2,,8,8,1,12,4,120.696031,24.053802,2
2244,66000,387130000C,(04)23274275,(04)23288582,2025,12,5,15,56,臺中市,大雅區,0,0,0,7,,,50,,,,,,,,,,,,,,13,,,,,B12,,,1,,1,,,84,84,1,12,4,120.630349,24.241112,3
2245,66000,387130000C,(04)23274275,(04)23288582,2025,12,5,16,0,臺中市,大雅區,0,0,0,7,,,50,,,,,,,,,,,,,,,,,,,B03,,,1,,1,,,84,84,1,13,4,120.646967,24.224635,3
2246,66000,387130000C,(04)23274275,(04)23288582,2025,12,5,16,0,臺中市,北屯區,0,0,0,7,,,50,,,,,,,,,,,,,,,,,,,B03,,,1,,9,,,84,84,1,13,4,120.725455,24.162348,4
2247,66000,387130000C,(04)23274275,(04)23288582,2025,12,5,16,4,臺中市,西屯區,0,1,0,7,2,6,40,13,9,1,5,4,6,6,3,1,10,4,5,2,17,3,10,3,1,B01,7,11,1,4,2,1,,45,45,1,12,4,120.603489,24.185491,2
2248,66000,387130000C,(04)23274275,(04)23288582,2025,12,5,16,4,臺中市,神岡區,0,1,0,7,2,6,50,13,9,1,5,4,6,6,4,4,5,4,4,2,12,2,9,5,4,C03,7,9,1,10,2,14,,7,7,1,12,4,120.708675,24.2597,2
2249,66000,387130000C,(04)23274275,(04)23288582,2025,12,5,16,5,臺中市,南屯區,0,0,0,7,3,6,50,13,9,1,5,4,6,6,1,1,5,2,5,2,13,,,,,B03,,,1,,1,,,7,7,1,12,4,120.641575,24.134848,3
2250,66000,387130000C,(04)23274275,(04)23288582,2025,12,5,16,5,臺中市,大里區,0,1,0,7,2,6,50,4,1,1,5,4,6,6,4,4,10,5,5,2,17,2,9,1,1,C03,7,6,1,10,2,14,,84,84,1,6,4,120.702536,24.098153,2
2251,66000,387130000C,(04)23274275,(04)23288582,2025,12,5,16,5,臺中市,沙鹿區,0,0,0,7,2,6,50,3,7,1,5,4,6,6,1,1,1,3,4,2,13,,,,,B03,,,1,,2,,,7,7,1,12,4,120.600346,24.255637,3
2252,66000,387130000C,(04)23274275,(04)23288582,2025,12,5,16,5,臺中市,梧棲區,0,2,0,7,3,6,50,3,1,1,5,4,6,6,1,1,10,5,5,2,16,2,8,1,1,C03,7,6,1,10,2,12,,11,11,1,6,4,120.540384,24.248723,2
2253,66000,387130000C,(04)23274275,(04)23288582,2025,12,5,16,6,臺中市,西區,0,0,0,7,,,30,,,,,,,,,,,,,,,,,,,B03,,,1,,2,,,8,8,1,12,4,120.658633,24.156911,3
2254,66000,387130000C,(04)23274275,(04)23288582,2025,12,5,16,6,臺中市,太平區,0,0,0,7,,,50,,,,,,,,,,,,,,,,,,,A04,,,1,,2,,,8,8,1,12,4,120.712578,24.11645,3
2255,66000,387130000C,(04)23274275,(04)23288582,2025,12,5,16,8,臺中市,外埔區,0,1,0,7,2,6,50,13,9,1,5,4,6,6,4,4,10,5,5,2,11,3,10,3,1,B03,7,9,1,8,2,5,,41,41,1,12,4,120.665105,24.344615,2
2256,66000,387130000C,(04)23274275,(04)23288582,2025,12,5,16,10,臺中市,烏日區,0,1,0,7,2,6,50,3,1,1,5,4,6,6,1,1,10,5,5,2,17,2,7,5,4,C02,7,5,1,9,2,12,,39,39,1,5,4,120.64863,24.092012,2
2257,66000,387130000C,(04)23274275,(04)23288582,2025,12,5,16,10,臺中市,沙鹿區,0,1,0,7,2,6,50,13,7,1,5,4,6,6,4,4,5,5,4,2,17,3,10,3,1,B12,7,1,1,8,2,8,4,51,51,1,6,4,120.582176,24.223871,2
2258,66000,387130000C,(04)23274275,(04)23288582,2025,12,5,16,12,臺中市,南區,0,1,0,7,3,6,50,4,9,1,5,4,6,6,1,1,5,5,5,2,9,3,10,5,4,B03,7,6,1,8,2,8,,84,84,1,6,4,120.661883,24.112101,2
2259,66000,387130000C,(04)23274275,(04)23288582,2025,12,5,16,15,臺中市,北區,0,1,0,7,3,6,50,3,1,1,5,4,6,6,1,1,10,5,5,2,16,3,10,3,1,B03,7,6,1,8,2,2,,39,39,1,12,4,120.687169,24.148841,2
2260,66000,387130000C,(04)23274275,(04)23288582,2025,12,5,16,15,臺中市,東區,0,0,0,7,,,50,,,,,,,,,,,,,,17,,,,,B03,,,1,,2,,,47,47,1,12,4,120.704083,24.144518,3
2261,66000,387130000C,(04)23274275,(04)23288582,2025,12,5,16,15,臺中市,大里區,0,1,0,7,2,6,50,4,1,1,5,4,6,6,1,1,10,5,5,2,17,2,9,1,1,C03,7,1,1,10,2,14,,51,51,1,4,4,120.716526,24.101038,2
2262,66000,387130000C,(04)23274275,(04)23288582,2025,12,5,16,18,臺中市,北區,0,2,0,7,2,6,30,4,1,1,5,4,6,6,4,4,10,5,5,2,15,2,7,5,4,B03,7,9,1,8,2,8,,12,12,1,12,4,120.667551,24.16562,2
2263,66000,387130000C,(04)23274275,(04)23288582,2025,12,5,16,19,臺中市,南屯區,0,0,0,7,,,50,,,,,,,,,,,,,,16,,,,,B03,,,1,,1,,,40,40,1,6,4,120.643848,24.147464,3
2264,66000,387130000C,(04)23274275,(04)23288582,2025,12,5,16,20,臺中市,北屯區,0,1,0,7,3,6,40,13,9,1,5,4,6,6,4,4,10,5,5,1,13,3,10,3,1,B03,7,9,1,8,2,1,,59,59,1,6,4,120.671336,24.201178,2
2265,66000,387130000C,(04)23274275,(04)23288582,2025,12,5,16,20,臺中市,大肚區,0,2,0,7,2,6,50,4,1,1,5,4,6,6,4,4,10,5,5,2,3,2,9,1,1,C03,7,9,1,10,2,11,,6,6,1,6,4,120.545119,24.153392,2
2266,66000,387130000C,(04)23274275,(04)23288582,2025,12,5,16,21,臺中市,大雅區,0,1,0,7,3,6,60,3,2,1,5,4,6,6,3,1,9,4,5,1,11,3,10,3,1,B12,7,6,1,8,2,6,,20,20,1,13,4,120.65997,24.231701,2
2267,66000,387130000C,(04)23274275,(04)23288582,2025,12,5,16,22,臺中市,北屯區,0,2,0,7,2,6,50,4,1,1,5,4,6,6,2,1,1,4,4,2,18,2,9,2,1,C03,7,6,1,10,2,16,,84,84,1,12,4,120.685327,24.168391,2
2268,66000,387130000C,(04)23274275,(04)23288582,2025,12,5,16,22,臺中市,霧峰區,0,0,0,7,,,50,,,,,,,,,,,,,,17,,,,,B12,,,1,7,2,,,84,84,1,13,4,120.678829,24.0648,3
2269,66000,387130000C,(04)23274275,(04)23288582,2025,12,5,16,24,臺中市,南區,0,0,0,7,,,50,,,,,,,,,,,,,,,,,,,C03,,,1,,1,,,84,84,1,13,4,120.660499,24.113197,3
2270,66000,387130000C,(04)23274275,(04)23288582,2025,12,5,16,24,臺中市,清水區,0,1,0,7,3,6,40,13,8,1,5,4,6,6,4,4,1,4,4,1,12,3,10,3,1,B12,7,1,1,8,2,7,,51,51,1,12,4,120.564933,24.265887,2
2271,66000,387130000C,(04)23274275,(04)23288582,2025,12,5,16,28,臺中市,霧峰區,0,0,0,7,,,50,,,,,,,,,,,,,,12,,,,,C03,,,1,,1,,,84,84,1,12,4,120.714431,24.075835,3
2272,66000,387130000C,(04)23274275,(04)23288582,2025,12,5,16,30,臺中市,西區,0,1,0,7,2,6,50,4,1,1,5,4,6,6,2,1,10,5,5,2,15,2,8,2,1,C03,7,9,1,10,9,12,,12,12,2,13,4,120.662962,24.149008,2
2273,66000,387130000C,(04)23274275,(04)23288582,2025,12,5,16,30,臺中市,龍井區,0,2,0,7,2,6,50,4,1,1,5,4,6,6,4,4,10,5,5,2,15,2,9,2,1,C03,7,9,1,10,2,11,,15,15,1,6,2,120.539443,24.216566,2
2274,66000,387130000C,(04)23274275,(04)23288582,2025,12,5,16,30,臺中市,新社區,0,0,0,7,,,50,,,,,,,,,,,,,,,,,,,B03,,,1,,2,,,39,39,1,12,4,120.809688,24.242814,3
2275,66000,387130000C,(04)23274275,(04)23288582,2025,12,5,16,30,臺中市,豐原區,0,1,0,7,1,6,50,3,2,1,5,4,6,6,1,1,5,4,5,1,17,2,9,1,1,C03,7,9,1,10,1,14,,42,42,2,6,4,120.724296,24.222035,2
2276,66000,387130000C,(04)23274275,(04)23288582,2025,12,5,16,31,臺中市,西區,0,1,0,7,1,6,50,13,9,1,5,4,6,6,1,1,5,4,5,2,17,2,9,5,4,C03,7,9,1,10,2,11,,84,84,1,12,4,120.673785,24.134964,2
2277,66000,387130000C,(04)23274275,(04)23288582,2025,12,5,16,32,臺中市,豐原區,0,1,0,7,1,6,50,4,1,1,5,4,6,6,2,1,1,2,5,1,16,3,10,5,4,B03,7,6,1,8,2,2,,11,11,1,13,4,120.720035,24.262179,2
2278,66000,387130000C,(04)23274275,(04)23288582,2025,12,5,16,36,臺中市,西屯區,0,0,0,7,,,30,,,,,,,,,,,,,,10,,,,,B03,,,1,,1,,,7,7,1,13,4,120.645702,24.178725,3
2279,66000,387130000C,(04)23274275,(04)23288582,2025,12,5,16,43,臺中市,西屯區,0,3,0,7,2,6,30,4,1,1,5,4,6,6,4,4,10,5,5,2,15,2,7,2,1,C03,7,9,1,10,2,11,,15,15,1,12,4,120.617459,24.187817,2
2280,66000,387130000C,(04)23274275,(04)23288582,2025,12,5,16,44,臺中市,西屯區,0,0,0,7,,,50,,,,,,,,,,,,,,13,,,,,B03,,,1,,1,,,59,59,1,12,4,120.665254,24.172533,3
2281,66000,387130000C,(04)23274275,(04)23288582,2025,12,5,16,48,臺中市,西屯區,0,1,0,7,1,6,60,4,1,1,5,4,6,6,1,1,10,5,5,2,17,2,1,3,1,B01,7,9,1,4,2,8,,84,84,1,12,4,120.657737,24.158228,2
2282,66000,387130000C,(04)23274275,(04)23288582,2025,12,5,16,50,臺中市,太平區,0,0,0,7,,,50,,,,,,,,,,,,,,,,,,,C03,,,1,,2,,,14,14,1,13,4,120.716325,24.114823,3
2283,66000,387130000C,(04)23274275,(04)23288582,2025,12,5,16,50,臺中市,東勢區,0,1,0,7,1,6,50,4,2,1,5,4,6,6,2,1,5,5,5,1,12,3,10,5,4,C03,7,15,1,10,2,12,,42,42,1,13,4,120.828359,24.257142,2
2284,66000,387130000C,(04)23274275,(04)23288582,2025,12,5,16,55,臺中市,東區,0,0,0,7,,,50,,,,,,,,,,,,,,14,,,,,B03,,,1,,2,,,49,49,1,6,4,120.692648,24.137637,3
2285,66000,387130000C,(04)23274275,(04)23288582,2025,12,5,16,56,臺中市,烏日區,0,1,0,7,2,6,40,3,1,1,5,4,6,6,3,1,4,5,4,1,12,3,10,6,4,F02,7,9,7,21,2,11,,59,59,1,2,1,120.625214,24.107332,2
2286,66000,387130000C,(04)23274275,(04)23288582,2025,12,5,16,57,臺中市,后里區,0,2,0,7,2,6,40,3,2,1,5,4,6,6,4,4,9,4,5,1,16,2,8,1,1,C03,7,11,1,10,2,14,,46,46,1,12,4,120.727492,24.309193,2
2287,66000,387130000C,(04)23274275,(04)23288582,2025,12,5,16,58,臺中市,大里區,0,2,0,7,2,6,50,13,9,1,5,4,6,6,1,1,5,4,5,1,17,2,9,2,1,C03,7,7,1,10,2,11,,7,7,1,12,4,120.674588,24.111965,2
2288,66000,387130000C,(04)23274275,(04)23288582,2025,12,5,16,58,臺中市,豐原區,0,1,0,7,1,6,60,4,1,1,5,4,6,6,1,1,10,5,5,2,12,3,10,5,4,B03,7,9,1,8,2,2,,8,8,1,12,4,120.704849,24.255109,2
2289,66000,387130000C,(04)23274275,(04)23288582,2025,12,5,17,0,臺中市,烏日區,0,2,0,7,3,6,50,13,7,1,5,4,6,6,4,4,5,5,4,2,2,2,9,5,4,F01,7,9,7,21,2,11,,59,59,1,13,4,120.641819,24.108105,2
2290,66000,387130000C,(04)23274275,(04)23288582,2025,12,5,17,1,臺中市,西屯區,0,1,0,7,2,6,50,3,1,1,5,4,6,6,4,4,10,5,5,2,11,3,10,3,4,B03,7,6,1,8,2,1,,14,14,1,12,4,120.640476,24.175862,2
2291,66000,387130000C,(04)23274275,(04)23288582,2025,12,5,17,3,臺中市,南屯區,0,0,0,7,,,50,,,,,,,,,,,,,,17,,,,,B03,,,1,,1,,,50,50,1,12,4,120.626451,24.11462,4
2292,66000,387130000C,(04)23274275,(04)23288582,2025,12,5,17,3,臺中市,太平區,0,2,0,7,2,6,30,13,9,1,5,4,6,6,4,4,5,5,5,2,17,2,9,2,1,C03,7,1,1,10,2,14,,51,51,1,6,4,120.727435,24.122265,2
2293,66000,387130000C,(04)23274275,(04)23288582,2025,12,5,17,4,臺中市,南區,0,0,0,7,,,50,,,,,,,,,,,,,,17,,,,,B03,,,1,,2,,,51,51,1,12,4,120.666689,24.114122,3
2294,66000,387130000C,(04)23274275,(04)23288582,2025,12,5,17,4,臺中市,南屯區,0,0,0,7,2,6,50,4,1,1,5,4,6,6,1,1,10,5,5,2,16,,,3,1,B03,7,5,1,8,2,5,,41,41,1,12,4,120.636953,24.130307,4
2295,66000,387130000C,(04)23274275,(04)23288582,2025,12,5,17,6,臺中市,南區,0,1,0,7,3,6,50,4,9,1,5,4,6,6,4,4,5,5,5,2,18,2,9,5,4,C03,7,5,1,10,2,12,,84,84,1,6,4,120.656167,24.125298,2
2296,66000,387130000C,(04)23274275,(04)23288582,2025,12,5,17,8,臺中市,清水區,0,1,0,7,3,6,30,13,9,1,5,4,6,6,4,4,10,5,5,2,17,2,9,1,1,C03,7,1,1,10,2,11,,51,51,1,12,4,120.561402,24.266507,2
2297,66000,387130000C,(04)23274275,(04)23288582,2025,12,5,17,9,臺中市,南區,0,1,0,7,1,6,50,4,1,1,5,4,6,6,1,1,9,4,4,2,30,2,9,1,1,F01,7,9,7,21,2,11,,7,7,1,12,4,120.653541,24.113995,2
2298,66000,387130000C,(04)23274275,(04)23288582,2025,12,5,17,10,臺中市,西屯區,0,0,0,7,,,60,,,,,,,,,,,,,,13,,,,,B03,,,1,,1,,,7,7,1,13,4,120.608293,24.184028,3
2299,66000,387130000C,(04)23274275,(04)23288582,2025,12,5,17,12,臺中市,潭子區,0,0,0,7,,,50,,,,,,,,,,,,,,13,,,,,B03,,,3,,2,,,7,7,1,12,4,120.691208,24.215976,3
2300,66000,387130000C,(04)23274275,(04)23288582,2025,12,5,17,12,臺中市,大里區,0,4,0,7,1,6,50,13,9,1,5,4,6,6,4,4,1,5,5,1,13,2,7,1,1,C03,7,9,1,10,2,11,13,7,7,1,5,4,120.688684,24.09405,2
2301,66000,387130000C,(04)23274275,(04)23288582,2025,12,5,17,16,臺中市,南屯區,0,0,0,7,,,50,,,,,,,,,,,,,,17,,,,,C03,,,1,,1,,,8,8,1,12,4,120.654544,24.140528,3
2302,66000,387130000C,(04)23274275,(04)23288582,2025,12,5,17,20,臺中市,大雅區,0,0,0,7,,,,,,,,,,,,,,,,,9,,,,,,,,,,,,,119,119,1,,,120.648789,24.21769,3
2303,66000,387130000C,(04)23274275,(04)23288582,2025,12,5,17,20,臺中市,潭子區,0,0,0,6,,,30,,,,,,,,,,,,,,,,,,,B02,,,1,,2,,,49,49,1,13,4,120.695441,24.192897,3
2304,66000,387130000C,(04)23274275,(04)23288582,2025,12,5,17,20,臺中市,西屯區,0,1,0,7,2,6,50,3,2,1,5,4,6,6,1,1,5,4,5,2,18,2,9,1,1,C03,7,6,1,8,2,14,,84,84,1,12,4,120.602688,24.159253,2
2305,66000,387130000C,(04)23274275,(04)23288582,2025,12,5,17,20,臺中市,烏日區,0,0,0,7,,,70,,,,,,,,,,,,,,17,,,,,B03,,,1,,1,,,51,51,1,6,4,120.592994,24.113295,4
2306,66000,387130000C,(04)23274275,(04)23288582,2025,12,5,17,20,臺中市,龍井區,0,0,0,7,,,40,,,,,,,,,,,,,,,,,,,,,,,,,,,119,119,1,,,120.529816,24.185846,3
2307,66000,387130000C,(04)23274275,(04)23288582,2025,12,5,17,20,臺中市,清水區,0,1,0,7,3,6,40,13,8,1,5,4,6,6,4,4,5,5,4,2,28,2,9,2,1,C03,7,9,1,10,2,11,,87,87,1,12,4,120.607895,24.26974,2
2308,66000,387130000C,(04)23274275,(04)23288582,2025,12,5,17,20,臺中市,神岡區,0,0,0,7,,,50,,,,,,,,,,,,,,2,,,,,B03,,,1,,2,,,7,7,1,12,4,120.664941,24.273794,3
2309,66000,387130000C,(04)23274275,(04)23288582,2025,12,5,17,20,臺中市,神岡區,0,1,0,7,1,6,50,13,9,1,5,4,6,6,4,4,9,4,5,1,17,3,10,3,1,B03,7,9,1,8,2,1,,84,84,1,6,4,120.67221,24.258517,2
2310,66000,387130000C,(04)23274275,(04)23288582,2025,12,5,17,21,臺中市,豐原區,0,1,0,7,1,6,50,4,1,1,5,4,5,6,1,1,4,2,5,1,13,3,10,5,4,C03,7,6,1,10,2,13,,48,48,1,13,4,120.72524,24.234609,2
2311,66000,387130000C,(04)23274275,(04)23288582,2025,12,5,17,22,臺中市,西屯區,0,1,0,7,1,6,40,4,1,1,5,4,6,6,2,1,10,5,5,2,16,3,10,3,1,B03,7,5,1,8,2,5,,11,11,1,12,4,120.630636,24.16231,2
2312,66000,387130000C,(04)23274275,(04)23288582,2025,12,5,17,24,臺中市,北區,0,1,0,7,3,6,50,4,2,1,5,4,6,6,4,4,5,4,5,2,12,3,10,5,4,B03,7,7,1,8,2,2,,40,40,1,13,4,120.678043,24.155724,2
2313,66000,387130000C,(04)23274275,(04)23288582,2025,12,5,17,24,臺中市,烏日區,0,2,0,7,1,6,30,13,9,1,5,4,6,6,4,4,10,5,5,2,17,3,10,5,4,B03,7,1,1,8,2,8,,51,51,1,6,4,120.634792,24.107839,2
2314,66000,387130000C,(04)23274275,(04)23288582,2025,12,5,17,25,臺中市,潭子區,0,1,0,7,1,6,50,3,2,1,5,4,6,6,4,4,1,4,4,1,16,3,10,2,1,C03,7,5,1,10,2,13,,14,14,2,12,4,120.702411,24.193367,2
2315,66000,387130000C,(04)23274275,(04)23288582,2025,12,5,17,26,臺中市,西屯區,0,2,0,7,1,6,40,3,19,1,5,4,6,6,4,4,10,5,5,2,3,2,8,2,1,C03,7,9,1,10,2,11,,59,59,1,12,4,120.641477,24.176803,2
2316,66000,387130000C,(04)23274275,(04)23288582,2025,12,5,17,26,臺中市,西屯區,0,0,0,7,,,50,,,,,,,,,,,,,,13,,,,,C03,,,1,,2,,,7,7,1,12,4,120.614182,24.176651,3
2317,66000,387130000C,(04)23274275,(04)23288582,2025,12,5,17,26,臺中市,西屯區,0,0,0,7,,,50,,,,,,,,,,,,,,12,,,,,B03,,,1,,1,,,39,39,1,12,4,120.656153,24.192059,3
2318,66000,387130000C,(04)23274275,(04)23288582,2025,12,5,17,28,臺中市,北屯區,0,0,0,7,,,50,,,,,,,,,,,,,,,,,,,B03,,,1,,1,,,7,7,1,12,4,120.688935,24.182223,3
2319,66000,387130000C,(04)23274275,(04)23288582,2025,12,5,17,30,臺中市,西區,0,0,0,7,,,50,,,,,,,,,,,,,,13,,,,,C03,,,1,,1,,,7,7,1,13,4,120.658156,24.154923,3
2320,66000,387130000C,(04)23274275,(04)23288582,2025,12,5,17,30,臺中市,東勢區,0,0,0,7,,,50,,,,,,,,,,,,,,17,,,,,B03,,,1,,2,,,84,84,1,13,4,120.843474,24.244632,3
2321,66000,387130000C,(04)23274275,(04)23288582,2025,12,5,17,32,臺中市,南區,0,0,0,7,,,50,,,,,,,,,,,,,,,,,,,B03,,,1,,2,,,84,84,1,6,4,120.678301,24.130715,3
2322,66000,387130000C,(04)23274275,(04)23288582,2025,12,5,17,32,臺中市,石岡區,0,0,0,7,,,40,,,,,,,,,,,,,,,,,,,C03,,,1,,1,,,84,84,1,12,4,120.804114,24.267714,3
2323,66000,387130000C,(04)23274275,(04)23288582,2025,12,5,17,33,臺中市,東勢區,0,1,0,7,2,6,50,11,9,1,5,4,6,6,4,4,5,5,5,1,17,3,10,5,4,B03,7,11,3,19,2,2,,34,34,1,13,4,120.835037,24.245554,2
2324,66000,387130000C,(04)23274275,(04)23288582,2025,12,5,17,35,臺中市,西屯區,0,0,0,7,,3,80,,,,,,,,,,,,,,13,,,,,B03,,,1,,1,,,7,7,1,12,4,120.63296,24.171872,3
2325,66000,387130000C,(04)23274275,(04)23288582,2025,12,5,17,38,臺中市,東區,0,0,0,7,,,50,,,,,,,,,,,,,,13,,,,,C03,,,1,,1,,,7,7,1,6,4,120.687829,24.136516,3
2326,66000,387130000C,(04)23274275,(04)23288582,2025,12,5,17,38,臺中市,大里區,0,1,0,7,1,6,50,13,9,1,5,4,6,6,4,4,5,5,5,1,9,2,9,5,4,C03,7,15,1,10,2,11,,84,84,1,12,4,120.703328,24.096104,2
2327,66000,387130000C,(04)23274275,(04)23288582,2025,12,5,17,40,臺中市,豐原區,0,0,0,7,,,50,,,,,,,,,,,,,,17,,,,,A05,,,1,,2,,,84,84,1,6,4,120.724296,24.222035,3
2328,66000,387130000C,(04)23274275,(04)23288582,2025,12,5,17,45,臺中市,大里區,0,0,0,7,,,50,,,,,,,,,,,,,,,,,,,B03,,,1,,2,,,39,39,1,12,4,120.684114,24.090741,3
2329,66000,387130000C,(04)23274275,(04)23288582,2025,12,5,17,45,臺中市,大肚區,0,2,0,7,1,6,50,5,1,1,5,4,6,6,2,1,10,5,5,2,16,2,9,5,4,C03,7,6,3,19,2,12,,11,11,1,6,4,120.573239,24.155078,2
2330,66000,387130000C,(04)23274275,(04)23288582,2025,12,5,17,45,臺中市,神岡區,0,2,0,7,1,6,30,13,9,1,5,4,6,6,4,4,10,5,5,2,2,2,9,2,1,C03,7,9,1,10,2,11,,59,59,1,6,4,120.667965,24.256365,2
2331,66000,387130000C,(04)23274275,(04)23288582,2025,12,5,17,47,臺中市,東區,0,0,0,7,,,50,,,,,,,,,,,,,,,,,,,B03,,,1,,1,,,49,49,1,6,4,120.71161,24.148157,3
2332,66000,387130000C,(04)23274275,(04)23288582,2025,12,5,17,47,臺中市,南屯區,0,0,0,7,,,50,,,,,,,,,,,,,,17,,,,,C03,,,1,,2,,,8,8,1,12,4,120.616286,24.146186,3
2333,66000,387130000C,(04)23274275,(04)23288582,2025,12,5,17,49,臺中市,大里區,0,1,0,7,1,6,60,4,2,1,5,4,6,6,2,1,5,4,4,1,17,2,9,1,1,C03,7,9,1,10,2,11,12,84,84,1,6,4,120.691443,24.100568,2
2334,66000,387130000C,(04)23274275,(04)23288582,2025,12,5,17,50,臺中市,南區,0,0,0,7,,,40,,,,,,,,,,,,,,13,,,,,C03,,,1,,2,,,7,7,1,12,4,120.672596,24.126615,4
2335,66000,387130000C,(04)23274275,(04)23288582,2025,12,5,17,50,臺中市,東區,0,0,0,7,,,50,,,,,,,,,,,,,,17,,,,,B03,,,1,,1,,,40,40,1,12,4,120.705726,24.129268,3
2336,66000,387130000C,(04)23274275,(04)23288582,2025,12,5,17,50,臺中市,沙鹿區,0,1,0,7,1,6,50,13,9,1,5,4,6,6,4,4,1,4,4,2,17,3,10,1,1,C03,7,7,1,10,2,13,,40,40,1,12,4,120.559352,24.235894,2
2337,66000,387130000C,(04)23274275,(04)23288582,2025,12,5,17,51,臺中市,西屯區,0,3,0,7,1,6,50,13,9,1,5,4,6,6,4,4,9,5,5,2,12,2,1,3,1,B03,7,9,1,8,2,5,,84,84,1,12,4,120.663782,24.167571,2
2338,66000,387130000C,(04)23274275,(04)23288582,2025,12,5,17,51,臺中市,西屯區,0,1,0,7,2,6,40,4,1,1,5,4,6,6,2,1,10,5,5,2,16,3,10,3,1,B03,7,5,1,8,2,5,,47,47,1,12,4,120.640727,24.167658,2
2339,66000,387130000C,(04)23274275,(04)23288582,2025,12,5,17,52,臺中市,太平區,0,0,0,7,,,50,,,,,,,,,,,,,,,,,,,C03,,,1,,2,,,84,84,1,13,4,120.72034,24.158225,3
2340,66000,387130000C,(04)23274275,(04)23288582,2025,12,5,17,52,臺中市,龍井區,0,2,0,7,1,6,50,4,1,1,5,4,6,6,2,1,10,5,5,2,16,2,8,5,4,C03,7,9,1,10,2,14,,7,7,1,6,4,120.583294,24.186912,2
2341,66000,387130000C,(04)23274275,(04)23288582,2025,12,5,17,53,臺中市,大雅區,0,3,0,7,1,6,50,13,9,1,5,4,6,6,4,4,5,5,5,1,13,2,8,2,1,C03,7,9,1,10,2,11,,7,7,1,13,4,120.634138,24.213383,2
2342,66000,387130000C,(04)23274275,(04)23288582,2025,12,5,17,55,臺中市,南區,0,1,0,7,1,6,50,13,9,1,5,4,6,6,4,4,5,5,5,2,13,2,9,2,1,C03,7,9,1,10,2,11,,7,7,1,13,4,120.658583,24.125665,2
2343,66000,387130000C,(04)23274275,(04)23288582,2025,12,5,17,55,臺中市,龍井區,0,1,0,7,1,6,50,4,1,1,5,4,6,6,1,1,10,5,5,2,16,2,7,2,1,C03,7,6,1,10,2,11,,11,11,1,6,4,120.52311,24.197105,2
2344,66000,387130000C,(04)23274275,(04)23288582,2025,12,5,17,55,臺中市,梧棲區,0,1,0,7,1,6,30,4,1,1,5,4,6,6,4,4,10,5,5,2,15,2,9,1,1,C03,7,9,1,10,2,12,,15,15,1,6,4,120.53985,24.226509,2
2345,66000,387130000C,(04)23274275,(04)23288582,2025,12,5,17,56,臺中市,北屯區,0,0,0,7,,,50,,,,,,,,,,,,,,12,,,,,B03,,,1,,2,,,85,85,1,6,4,120.68315,24.177648,3
2346,66000,387130000C,(04)23274275,(04)23288582,2025,12,5,17,56,臺中市,西屯區,0,0,0,7,,,50,,,,,,,,,,,,,,16,,,,,B03,,,1,,1,,,59,59,1,12,4,120.62968,24.159055,3
2347,66000,387130000C,(04)23274275,(04)23288582,2025,12,5,17,56,臺中市,沙鹿區,0,1,0,7,2,6,50,3,1,1,5,4,6,6,4,4,10,5,5,2,16,2,8,1,1,C03,7,6,1,10,2,12,11,12,12,1,12,4,120.56429,24.237325,2
2348,66000,387130000C,(04)23274275,(04)23288582,2025,12,5,17,58,臺中市,南區,0,0,0,7,,,50,,,,,,,,,,,,,,13,,,,,B03,,,1,,2,,,7,7,1,6,4,120.67355,24.126476,3
2349,66000,387130000C,(04)23274275,(04)23288582,2025,12,5,18,1,臺中市,西屯區,0,1,0,7,1,6,40,3,2,1,5,4,6,6,4,4,5,4,5,2,13,2,8,2,1,C03,7,9,1,10,2,11,,7,7,1,12,4,120.639024,24.170896,2
2350,66000,387130000C,(04)23274275,(04)23288582,2025,12,5,18,1,臺中市,大里區,0,0,0,7,,,70,,,,,,,,,,,,,,13,,,,,B03,,,1,,2,,,7,7,1,6,4,120.670291,24.100508,3
2351,66000,387130000C,(04)23274275,(04)23288582,2025,12,5,18,2,臺中市,大雅區,0,0,0,7,,,60,,,,,,,,,,,,,,14,,,,,B03,,,1,,1,,,49,49,1,12,4,120.648716,24.218081,3