序號,縣市別代碼,機關代碼,市話,傳真,年,月,日,時,分,縣市,區,死亡數量,受傷數量,2-30,天候,道路照明設備,道路類別,道路速限,道路型態,事故位置,路面鋪裝,路面狀態,路面缺陷,障礙物,視距,號誌種類,號誌動作,分向設施,快車道或一般車道間,快慢車道間,路面邊線,事故類型及型態,受傷程度,主要傷處,保護裝備,行動電話或功能裝置,當事者區分(類別),車輛用途,當事者行動狀態,駕照狀態,駕照種類,飲酒情形,車輛撞擊部位最初,車輛撞擊部位其他,肇事因素個別,肇事因素主要,肇事逃逸,職業,共享經濟或外送平台,GPS座標X,GPS座標Y,事故類別
2352,66000,387130000C,(04)23274275,(04)23288582,2025,12,5,18,2,臺中市,太平區,0,0,0,7,,,50,,,,,,,,,,,,,,14,,,,,B03,,,1,,2,,,49,49,1,6,4,120.716831,24.151316,3
2353,66000,387130000C,(04)23274275,(04)23288582,2025,12,5,18,3,臺中市,北區,0,0,0,7,,,50,,,,,,,,,,,,,,13,,,,,C03,,,1,,1,,,59,59,1,12,4,120.688411,24.151722,3
2354,66000,387130000C,(04)23274275,(04)23288582,2025,12,5,18,5,臺中市,北屯區,0,0,0,7,,,50,,,,,,,,,,,,,,17,,,,,C03,,,1,,2,,,34,34,1,6,4,120.691501,24.176746,4
2355,66000,387130000C,(04)23274275,(04)23288582,2025,12,5,18,5,臺中市,北屯區,0,0,0,7,,3,40,,,,,,,,,,,,,,13,,,,,B03,,,1,,1,,,7,7,1,6,4,120.681292,24.200935,3
2356,66000,387130000C,(04)23274275,(04)23288582,2025,12,5,18,6,臺中市,北屯區,0,1,0,7,2,6,50,3,2,1,5,4,6,6,4,4,1,4,5,2,17,3,10,1,1,C03,7,5,1,10,2,11,,14,14,2,6,4,120.686812,24.181451,2
2357,66000,387130000C,(04)23274275,(04)23288582,2025,12,5,18,8,臺中市,北屯區,0,2,0,7,3,6,50,3,1,1,5,4,6,6,1,1,10,5,5,2,17,3,10,3,1,B03,7,9,1,8,1,5,,87,87,1,12,4,120.72183,24.185313,2
2358,66000,387130000C,(04)23274275,(04)23288582,2025,12,5,18,9,臺中市,西區,0,2,0,7,1,6,50,4,2,1,5,4,6,6,4,4,5,4,5,2,17,2,9,2,1,C03,7,9,1,10,2,11,,7,7,1,12,4,120.670468,24.151325,2
2359,66000,387130000C,(04)23274275,(04)23288582,2025,12,5,18,9,臺中市,西屯區,0,1,0,7,1,6,50,5,1,1,5,4,6,6,4,4,10,5,5,2,16,3,10,6,4,F01,7,6,7,21,2,13,,85,85,1,13,1,120.642328,24.17202,2
2360,66000,387130000C,(04)23274275,(04)23288582,2025,12,5,18,10,臺中市,南屯區,0,1,0,7,1,6,50,3,1,1,5,4,6,6,4,4,10,5,5,2,17,3,10,3,1,B03,7,6,1,8,2,8,,58,58,1,12,4,120.630826,24.143673,2
2361,66000,387130000C,(04)23274275,(04)23288582,2025,12,5,18,10,臺中市,北屯區,0,0,0,7,,,50,,,,,,,,,,,,,,,,,,,B03,,,1,,2,,,47,47,1,13,4,120.665161,24.183957,3
2362,66000,387130000C,(04)23274275,(04)23288582,2025,12,5,18,10,臺中市,西屯區,0,0,0,7,,3,80,,,,,,,,,,,,,,13,,,,,B03,,,1,,1,,,59,59,1,12,4,120.634948,24.179291,3
2363,66000,387130000C,(04)23274275,(04)23288582,2025,12,5,18,10,臺中市,龍井區,0,0,0,7,,,60,,,,,,,,,,,,,,,,,,,B03,,,1,,1,,,82,82,1,6,4,120.57377,24.189079,3
2364,66000,387130000C,(04)23274275,(04)23288582,2025,12,5,18,11,臺中市,梧棲區,0,0,0,7,,,30,,,,,,,,,,,,,,14,,,,,B03,,,1,,2,,,49,49,1,6,4,120.556534,24.240157,3
2365,66000,387130000C,(04)23274275,(04)23288582,2025,12,5,18,11,臺中市,豐原區,0,0,0,7,,,60,,,,,,,,,,,,,,12,,,,,B03,,,1,,2,,,8,8,1,12,4,120.733598,24.263927,3
2366,66000,387130000C,(04)23274275,(04)23288582,2025,12,5,18,12,臺中市,霧峰區,0,0,0,7,,,50,,,,,,,,,,,,,,17,,,,,B03,,,1,8,2,,,84,84,1,13,4,120.684999,24.065453,3
2367,66000,387130000C,(04)23274275,(04)23288582,2025,12,5,18,15,臺中市,霧峰區,0,1,0,7,1,6,30,13,9,1,5,4,6,6,4,4,10,5,5,1,18,2,9,1,1,C03,7,9,1,10,2,14,,84,84,1,6,4,120.654295,24.038429,2
2368,66000,387130000C,(04)23274275,(04)23288582,2025,12,5,18,16,臺中市,西屯區,0,0,0,7,,,50,,,,,,,,,,,,,,13,,,,,B03,,,1,,1,,,7,7,1,12,4,120.650452,24.175821,3
2369,66000,387130000C,(04)23274275,(04)23288582,2025,12,5,18,17,臺中市,霧峰區,0,1,0,7,1,6,30,13,9,1,5,4,6,6,4,4,10,5,5,1,18,2,9,1,1,C03,7,9,1,10,2,12,,82,82,1,6,4,120.654293,24.038436,2
2370,66000,387130000C,(04)23274275,(04)23288582,2025,12,5,18,19,臺中市,大里區,0,1,0,7,2,6,50,13,9,1,5,4,6,6,1,1,5,4,5,1,3,3,10,2,1,C03,7,9,1,10,2,11,,84,84,1,12,4,120.678172,24.099376,2
2371,66000,387130000C,(04)23274275,(04)23288582,2025,12,5,18,20,臺中市,南區,0,3,0,7,1,6,50,4,9,1,5,4,6,6,2,1,5,5,5,2,16,2,9,5,4,C03,7,5,1,10,2,12,,20,20,1,6,4,120.67355,24.126476,2
2372,66000,387130000C,(04)23274275,(04)23288582,2025,12,5,18,20,臺中市,霧峰區,0,0,0,7,,,30,,,,,,,,,,,,,,17,,,,,C03,,,1,10,2,,,84,84,1,13,4,120.670732,24.077834,3
2373,66000,387130000C,(04)23274275,(04)23288582,2025,12,5,18,20,臺中市,霧峰區,0,1,0,7,1,6,50,3,1,1,5,4,6,6,1,1,1,4,4,1,16,3,10,5,4,B03,7,5,1,8,2,2,,11,11,1,12,4,120.69177,24.042801,2
2374,66000,387130000C,(04)23274275,(04)23288582,2025,12,5,18,22,臺中市,北屯區,0,0,0,7,,,50,,,,,,,,,,,,,,17,,,,,C03,,,1,,2,,,11,11,1,6,4,120.690371,24.176874,3
2375,66000,387130000C,(04)23274275,(04)23288582,2025,12,5,18,23,臺中市,西屯區,0,0,0,7,,,0,,,,,,,,,,,,,,13,,,,,C03,,,1,,1,,,59,59,1,12,4,120.642305,24.164402,3
2376,66000,387130000C,(04)23274275,(04)23288582,2025,12,5,18,25,臺中市,中區,0,1,0,7,1,6,50,4,1,1,5,4,6,6,2,1,1,2,5,2,16,2,9,2,1,C03,7,6,1,10,2,11,,11,11,1,12,4,120.685582,24.138406,2
2377,66000,387130000C,(04)23274275,(04)23288582,2025,12,5,18,25,臺中市,大里區,0,1,0,7,1,6,30,3,1,1,5,4,6,6,4,4,10,5,5,2,16,3,10,3,1,B03,7,6,1,8,2,1,,14,14,1,6,4,120.701312,24.094463,2
2378,66000,387130000C,(04)23274275,(04)23288582,2025,12,5,18,26,臺中市,西屯區,0,2,0,7,1,6,50,13,8,1,5,4,6,6,4,4,5,5,4,2,12,2,9,1,1,C03,7,7,1,10,2,12,11,40,40,1,12,4,120.635562,24.167427,2
2379,66000,387130000C,(04)23274275,(04)23288582,2025,12,5,18,27,臺中市,西屯區,0,2,0,7,1,6,40,3,1,1,5,4,6,6,2,1,10,5,5,2,12,2,9,2,1,C03,7,9,1,10,2,11,,7,7,1,12,4,120.62904,24.163157,2
2380,66000,387130000C,(04)23274275,(04)23288582,2025,12,5,18,28,臺中市,西屯區,0,1,0,7,1,6,40,3,1,1,5,4,6,6,1,1,10,5,5,2,13,2,9,2,1,C03,7,9,1,10,2,11,,7,7,1,12,4,120.623107,24.182755,2
2381,66000,387130000C,(04)23274275,(04)23288582,2025,12,5,18,28,臺中市,烏日區,0,0,0,7,,,50,,,,,,,,,,,,,,16,,,,,C03,,,1,,1,,,39,39,1,6,4,120.607319,24.110265,3
2382,66000,387130000C,(04)23274275,(04)23288582,2025,12,5,18,33,臺中市,大甲區,0,1,0,7,1,6,50,4,1,1,5,4,6,6,4,4,10,5,5,2,15,3,10,2,1,C03,7,9,1,10,2,12,,15,15,1,6,4,120.645559,24.405772,2
2383,66000,387130000C,(04)23274275,(04)23288582,2025,12,5,18,34,臺中市,西屯區,0,0,0,7,,,40,,,,,,,,,,,,,,21,,,,,A12,,,1,,2,,,8,8,1,12,4,120.650871,24.166529,3
2384,66000,387130000C,(04)23274275,(04)23288582,2025,12,5,18,34,臺中市,太平區,0,1,0,7,1,6,50,13,9,1,5,4,6,6,4,4,5,4,5,1,16,3,10,3,1,B12,7,11,1,8,2,4,,45,45,1,13,4,120.716516,24.128002,2
2385,66000,387130000C,(04)23274275,(04)23288582,2025,12,5,18,37,臺中市,太平區,0,2,0,7,1,6,50,13,9,1,5,4,6,6,4,4,9,5,5,2,3,2,9,6,5,H01,8,18,7,21,10,17,,98,98,1,12,5,120.720591,24.151224,2
2386,66000,387130000C,(04)23274275,(04)23288582,2025,12,5,18,37,臺中市,梧棲區,0,0,0,7,,,40,,,,,,,,,,,,,,13,,,,,B03,,,1,,2,,,7,7,1,6,4,120.540331,24.248656,3
2387,66000,387130000C,(04)23274275,(04)23288582,2025,12,5,18,38,臺中市,西區,0,2,0,7,1,6,30,3,1,1,5,4,6,6,4,4,10,5,5,2,16,2,8,2,1,C03,7,6,1,10,2,14,,84,84,1,13,4,120.664285,24.15163,2
2388,66000,387130000C,(04)23274275,(04)23288582,2025,12,5,18,38,臺中市,北屯區,0,0,0,7,,,50,,,,,,,,,,,,,,15,,,,,C03,,,1,,1,,,12,12,1,12,4,120.715759,24.172819,3
2389,66000,387130000C,(04)23274275,(04)23288582,2025,12,5,18,38,臺中市,西屯區,0,1,0,7,1,6,50,3,1,1,5,4,6,6,4,4,10,5,5,2,16,3,10,5,4,B03,7,5,1,8,2,1,,12,12,1,13,4,120.65091,24.164867,2
2390,66000,387130000C,(04)23274275,(04)23288582,2025,12,5,18,39,臺中市,太平區,0,0,0,7,,3,80,,,,,,,,,,,,,,,,,,,B03,,,1,,2,,,7,7,1,13,4,120.716966,24.154482,3
2391,66000,387130000C,(04)23274275,(04)23288582,2025,12,5,18,40,臺中市,大甲區,0,1,0,7,1,6,40,3,9,1,5,4,6,6,4,4,6,3,5,1,12,2,9,1,1,C03,7,6,1,10,2,11,,14,14,1,12,4,120.622612,24.348721,2
2392,66000,387130000C,(04)23274275,(04)23288582,2025,12,5,18,43,臺中市,北屯區,0,1,0,7,1,6,50,4,1,1,5,4,6,6,1,1,10,5,5,2,16,3,10,3,1,B03,7,6,1,8,2,5,,11,11,1,6,4,120.676179,24.200819,2
2393,66000,387130000C,(04)23274275,(04)23288582,2025,12,5,18,43,臺中市,太平區,0,0,0,7,,,50,,,,,,,,,,,,,,13,,,,,C03,,,1,,2,,,84,84,1,5,4,120.723907,24.142114,3
2394,66000,387130000C,(04)23274275,(04)23288582,2025,12,5,18,45,臺中市,大雅區,0,1,0,7,2,6,50,13,9,1,5,4,6,6,4,4,1,4,5,1,13,4,11,5,4,B03,7,12,3,19,9,6,,84,84,2,13,4,120.668344,24.215846,2
2395,66000,387130000C,(04)23274275,(04)23288582,2025,12,5,18,46,臺中市,太平區,0,1,0,7,1,6,50,3,24,1,5,4,6,6,4,4,10,5,5,2,16,3,10,3,1,B03,7,1,1,6,2,1,,51,51,1,12,4,120.731827,24.11367,2
2396,66000,387130000C,(04)23274275,(04)23288582,2025,12,5,18,48,臺中市,大里區,0,1,0,7,1,6,50,5,9,1,5,4,6,6,3,1,10,5,5,2,13,3,10,2,1,C03,7,9,1,10,2,11,,7,7,1,12,4,120.680397,24.115022,2
2397,66000,387130000C,(04)23274275,(04)23288582,2025,12,5,18,49,臺中市,西屯區,0,1,0,7,1,6,50,3,2,1,5,4,6,6,4,4,1,4,5,1,13,3,10,3,4,B03,7,5,1,8,2,3,,14,14,1,12,4,120.636294,24.179137,2
2398,66000,387130000C,(04)23274275,(04)23288582,2025,12,5,18,51,臺中市,西屯區,0,0,0,7,,,30,,,,,,,,,,,,,,17,,,,,B03,,,1,,2,,,84,84,1,13,4,120.616822,24.190895,3
2399,66000,387130000C,(04)23274275,(04)23288582,2025,12,5,18,54,臺中市,西屯區,0,0,0,7,,,50,,,,,,,,,,,,,,13,,,,,B03,,,1,,1,,,7,7,1,13,4,120.638492,24.161357,3
2400,66000,387130000C,(04)23274275,(04)23288582,2025,12,5,18,55,臺中市,南屯區,0,0,0,7,1,6,40,13,7,1,5,4,6,6,4,4,5,5,4,2,14,,,,,B03,,,1,,1,,,49,49,1,12,4,120.65151,24.143961,3
2401,66000,387130000C,(04)23274275,(04)23288582,2025,12,5,18,55,臺中市,太平區,0,0,0,7,,,50,,,,,,,,,,,,,,,,,,,C03,,,1,,2,,,11,11,1,13,4,120.718129,24.116896,3
2402,66000,387130000C,(04)23274275,(04)23288582,2025,12,5,19,0,臺中市,南區,0,0,0,7,,,50,,,,,,,,,,,,,,17,,,,,,,,,,,,,119,119,1,,,120.681696,24.130483,3
2403,66000,387130000C,(04)23274275,(04)23288582,2025,12,5,19,2,臺中市,西屯區,0,0,0,7,,,30,,,,,,,,,,,,,,14,,,,,C03,,,1,,2,,,49,49,1,12,4,120.614821,24.176852,3
2404,66000,387130000C,(04)23274275,(04)23288582,2025,12,5,19,2,臺中市,豐原區,0,1,0,7,2,6,50,3,3,1,5,4,6,6,1,1,1,3,5,1,17,2,8,5,4,C03,7,9,1,10,2,12,,59,59,1,13,4,120.711644,24.239725,2
2405,66000,387130000C,(04)23274275,(04)23288582,2025,12,5,19,3,臺中市,西屯區,0,1,0,7,1,6,30,4,19,1,5,4,6,6,2,1,10,5,5,2,3,3,10,3,4,B03,7,6,1,8,2,1,,59,59,1,12,4,120.648386,24.157633,2
2406,66000,387130000C,(04)23274275,(04)23288582,2025,12,5,19,4,臺中市,西屯區,0,0,0,7,,,40,,,,,,,,,,,,,,17,,,,,B02,,,1,,2,,,59,59,1,12,4,120.647982,24.169872,3
2407,66000,387130000C,(04)23274275,(04)23288582,2025,12,5,19,6,臺中市,西區,0,2,0,7,1,6,50,4,1,1,5,4,6,6,4,4,10,5,5,1,17,2,9,5,4,C03,7,9,1,10,2,14,,15,15,1,12,4,120.669829,24.141188,2
2408,66000,387130000C,(04)23274275,(04)23288582,2025,12,5,19,10,臺中市,霧峰區,0,1,0,7,1,6,30,3,1,1,5,4,6,5,4,4,5,2,4,1,17,2,9,5,4,C03,7,11,1,10,2,11,,46,46,1,12,4,120.699233,24.069119,2
2409,66000,387130000C,(04)23274275,(04)23288582,2025,12,5,19,10,臺中市,沙鹿區,0,1,0,7,1,6,50,13,8,1,5,4,6,6,4,4,1,4,1,1,18,2,9,2,1,C03,7,9,1,10,2,14,,83,83,1,12,4,120.569844,24.200553,2
2410,66000,387130000C,(04)23274275,(04)23288582,2025,12,5,19,14,臺中市,太平區,0,3,0,7,1,6,50,13,9,1,5,4,6,5,4,4,5,5,5,1,16,2,8,2,1,C03,7,6,1,10,2,12,,34,34,1,12,4,120.714314,24.124996,2
2411,66000,387130000C,(04)23274275,(04)23288582,2025,12,5,19,15,臺中市,南屯區,0,0,0,7,,,50,,,,,,,,,,,,,,13,,,,,B03,,,1,,1,,,59,59,1,6,4,120.637879,24.122889,3
2412,66000,387130000C,(04)23274275,(04)23288582,2025,12,5,19,18,臺中市,北區,0,0,0,7,,,50,,,,,,,,,,,,,,13,,,,,C03,,,1,,1,,,7,7,1,13,4,120.680976,24.163174,3
2413,66000,387130000C,(04)23274275,(04)23288582,2025,12,5,19,20,臺中市,大甲區,0,0,0,7,,,50,,,,,,,,,,,,,,35,,,,,B03,,,1,,2,,,84,84,1,12,4,120.618304,24.351536,3
2414,66000,387130000C,(04)23274275,(04)23288582,2025,12,5,19,22,臺中市,北區,0,1,0,7,3,6,50,4,2,1,5,4,6,6,1,1,5,2,4,2,16,3,10,5,4,B03,7,5,1,8,2,2,,11,11,1,13,4,120.676276,24.162971,2
2415,66000,387130000C,(04)23274275,(04)23288582,2025,12,5,19,25,臺中市,中區,0,2,0,7,1,6,50,4,2,1,5,4,6,6,2,1,10,4,5,1,13,3,10,3,1,B03,7,15,3,19,2,5,,84,84,1,13,4,120.680994,24.14383,2
2416,66000,387130000C,(04)23274275,(04)23288582,2025,12,5,19,25,臺中市,烏日區,0,1,0,7,3,6,50,4,2,1,5,4,6,6,4,4,10,5,5,2,17,3,10,3,1,B03,7,11,1,8,2,8,,58,58,1,5,4,120.624758,24.104865,2
2417,66000,387130000C,(04)23274275,(04)23288582,2025,12,5,19,29,臺中市,西屯區,0,2,0,7,1,6,50,5,1,1,5,4,6,6,2,1,10,5,5,2,16,2,8,2,4,C03,7,5,1,10,2,13,,11,11,1,13,4,120.594954,24.190906,2
2418,66000,387130000C,(04)23274275,(04)23288582,2025,12,5,19,30,臺中市,西區,0,0,0,7,,,50,,,,,,,,,,,,,,17,,,,,C03,,,1,,9,,,8,8,1,13,4,120.670103,24.139575,3
2419,66000,387130000C,(04)23274275,(04)23288582,2025,12,5,19,34,臺中市,西區,0,3,0,7,1,6,50,5,1,1,5,4,6,6,2,1,5,4,5,2,17,2,9,2,1,C03,7,6,1,10,2,11,,65,65,1,12,4,120.672039,24.140663,2
2420,66000,387130000C,(04)23274275,(04)23288582,2025,12,5,19,35,臺中市,南屯區,0,0,0,7,,,50,,,,,,,,,,,,,,14,,,,,B03,,,1,,1,,,49,49,1,12,4,120.64462,24.123026,3
2421,66000,387130000C,(04)23274275,(04)23288582,2025,12,5,19,38,臺中市,西區,0,0,0,7,,,30,,,,,,,,,,,,,,,,,,,B03,,,1,,1,,,84,84,1,12,4,120.656492,24.137596,3
2422,66000,387130000C,(04)23274275,(04)23288582,2025,12,5,19,45,臺中市,西區,0,0,0,7,,,50,,,,,,,,,,,,,,12,,,,,C03,,,1,,1,,,43,43,1,13,4,120.664284,24.150829,3
2423,66000,387130000C,(04)23274275,(04)23288582,2025,12,5,19,45,臺中市,北屯區,0,0,0,7,,3,80,,,,,,,,,,,,,,13,,,,,B03,,,1,,2,,,59,59,1,6,4,120.694144,24.201018,3
2424,66000,387130000C,(04)23274275,(04)23288582,2025,12,5,19,46,臺中市,大雅區,0,2,0,7,1,6,30,4,2,1,5,4,6,6,4,4,10,5,5,2,11,2,7,2,1,C03,7,6,1,10,2,11,,48,48,1,13,4,120.623233,24.236343,2
2425,66000,387130000C,(04)23274275,(04)23288582,2025,12,5,19,50,臺中市,豐原區,0,2,0,7,1,6,50,3,1,1,5,4,6,6,4,4,5,4,4,2,17,2,9,1,1,C03,7,6,1,10,2,14,,20,20,1,6,4,120.722279,24.238645,2
2426,66000,387130000C,(04)23274275,(04)23288582,2025,12,5,19,54,臺中市,東勢區,0,2,0,7,1,6,30,4,1,1,5,4,6,6,4,4,5,5,5,1,15,2,9,5,4,C03,7,9,1,10,2,12,,15,15,1,13,4,120.828846,24.253295,2
2427,66000,387130000C,(04)23274275,(04)23288582,2025,12,5,19,57,臺中市,北區,0,0,0,7,,,50,,,,,,,,,,,,,,12,,,,,B03,,,1,,2,,,8,8,1,12,4,120.673429,24.16551,3
2428,66000,387130000C,(04)23274275,(04)23288582,2025,12,5,19,59,臺中市,北區,0,0,0,7,,,50,,,,,,,,,,,,,,17,,,,,B01,,,1,,1,,,84,84,1,12,4,120.68616,24.146227,4
2429,66000,387130000C,(04)23274275,(04)23288582,2025,12,5,19,59,臺中市,西屯區,0,0,0,7,,,60,,,,,,,,,,,,,,13,,,,,B03,,,1,,1,,,59,59,1,12,4,120.650164,24.162359,3
2430,66000,387130000C,(04)23274275,(04)23288582,2025,12,5,20,1,臺中市,后里區,0,0,0,7,,,30,,,,,,,,,,,,,,17,,,,,B03,,,1,,2,,,20,20,1,6,4,120.723399,24.292183,3
2431,66000,387130000C,(04)23274275,(04)23288582,2025,12,5,20,4,臺中市,西區,0,1,0,7,1,6,50,4,1,1,5,4,6,6,1,1,10,5,5,1,9,3,10,5,4,B03,7,6,1,8,2,8,,10,10,1,12,4,120.674249,24.148283,2
2432,66000,387130000C,(04)23274275,(04)23288582,2025,12,5,20,6,臺中市,北屯區,0,3,0,7,1,6,50,4,1,1,5,4,6,6,2,1,5,2,5,2,12,2,7,2,1,C03,7,9,1,10,2,14,,84,84,1,12,4,120.706796,24.169598,2
2433,66000,387130000C,(04)23274275,(04)23288582,2025,12,5,20,8,臺中市,東勢區,0,1,0,7,1,6,40,11,9,1,5,4,6,6,4,4,10,5,5,2,18,2,9,1,1,C03,7,9,3,19,8,15,,53,53,1,12,4,120.786907,24.311451,2
2434,66000,387130000C,(04)23274275,(04)23288582,2025,12,5,20,14,臺中市,大里區,0,0,0,7,,,60,,,,,,,,,,,,,,13,,,,,B03,,,1,,2,,,7,7,1,6,4,120.69008,24.101144,3
2435,66000,387130000C,(04)23274275,(04)23288582,2025,12,5,20,19,臺中市,豐原區,0,1,0,7,1,6,50,3,1,1,5,4,6,6,1,1,10,5,5,2,16,3,10,1,1,C03,7,5,3,19,2,11,,47,47,1,12,4,120.715931,24.239386,2
2436,66000,387130000C,(04)23274275,(04)23288582,2025,12,5,20,20,臺中市,清水區,0,2,0,7,1,6,70,3,1,1,5,4,6,6,1,1,1,4,4,1,16,3,10,3,1,B03,7,9,1,8,2,2,,21,21,1,12,4,120.603341,24.311326,2
2437,66000,387130000C,(04)23274275,(04)23288582,2025,12,5,20,22,臺中市,太平區,0,1,0,7,1,6,50,4,1,1,5,4,6,6,4,4,10,5,5,2,16,2,9,1,1,C03,7,6,1,10,2,13,12,13,13,1,12,4,120.710885,24.151555,2
2438,66000,387130000C,(04)23274275,(04)23288582,2025,12,5,20,32,臺中市,潭子區,0,1,0,7,1,6,50,13,9,1,5,4,6,6,4,4,9,5,5,1,28,,,,,,,,,,,,,118,118,1,,,120.695106,24.203868,2
2439,66000,387130000C,(04)23274275,(04)23288582,2025,12,5,20,34,臺中市,北區,0,0,0,7,,,50,,,,,,,,,,,,,,17,,,,,C03,,,1,,1,,,42,42,1,13,4,120.670435,24.155709,3
2440,66000,387130000C,(04)23274275,(04)23288582,2025,12,5,20,34,臺中市,西屯區,0,2,0,7,1,6,35,3,1,1,5,4,6,6,4,4,10,5,5,1,13,2,9,2,1,C03,7,9,1,10,2,14,,84,84,1,12,4,120.630501,24.173221,2
2441,66000,387130000C,(04)23274275,(04)23288582,2025,12,5,20,35,臺中市,南屯區,0,1,0,7,1,6,50,4,1,1,5,4,6,6,2,1,7,4,5,2,9,3,10,3,1,B03,7,6,1,8,2,1,,10,10,1,12,4,120.642597,24.141938,2
2442,66000,387130000C,(04)23274275,(04)23288582,2025,12,5,20,42,臺中市,太平區,0,0,0,7,,,30,,,,,,,,,,,,,,,,,,,B12,,,1,,2,,,8,8,1,13,4,120.727525,24.151158,3
2443,66000,387130000C,(04)23274275,(04)23288582,2025,12,5,20,44,臺中市,北區,0,0,0,7,,,30,,,,,,,,,,,,,,,,,,,B03,,,1,,2,,,84,84,1,13,4,120.677693,24.158213,3
2444,66000,387130000C,(04)23274275,(04)23288582,2025,12,5,20,52,臺中市,北區,0,0,0,7,,,50,,,,,,,,,,,,,,17,,,,,C03,,,1,,2,,,84,84,1,12,4,120.672223,24.167098,3
2445,66000,387130000C,(04)23274275,(04)23288582,2025,12,5,20,54,臺中市,北區,0,0,0,7,,,40,,,,,,,,,,,,,,30,,,,,A04,,,1,,2,,,84,84,1,12,4,120.68396,24.146313,4
2446,66000,387130000C,(04)23274275,(04)23288582,2025,12,5,20,59,臺中市,北區,0,0,0,7,,,50,,,,,,,,,,,,,,17,,,,,C03,,,1,,1,,,84,84,1,13,4,120.672359,24.14452,3
2447,66000,387130000C,(04)23274275,(04)23288582,2025,12,5,21,8,臺中市,沙鹿區,0,1,0,7,1,6,50,4,1,1,5,4,6,6,4,4,10,5,5,2,17,2,9,2,1,C03,7,9,1,10,2,12,,12,12,1,12,4,120.571078,24.203898,2
2448,66000,387130000C,(04)23274275,(04)23288582,2025,12,5,21,9,臺中市,大里區,0,0,0,7,,,50,,,,,,,,,,,,,,,,,,,B03,,,1,,2,,,77,77,1,12,4,120.688172,24.120317,3
2449,66000,387130000C,(04)23274275,(04)23288582,2025,12,5,21,11,臺中市,北屯區,0,1,0,7,1,6,50,13,9,1,5,4,6,6,4,4,5,5,5,2,17,3,10,3,1,B03,7,1,1,8,2,8,,51,51,1,6,4,120.683352,24.176146,2
2450,66000,387130000C,(04)23274275,(04)23288582,2025,12,5,21,11,臺中市,梧棲區,0,2,0,7,1,6,50,4,1,1,5,4,6,6,1,1,10,5,5,2,15,2,9,1,1,F03,7,9,7,21,2,14,,21,21,1,6,4,120.525033,24.244831,2
2451,66000,387130000C,(04)23274275,(04)23288582,2025,12,5,21,15,臺中市,潭子區,0,1,0,7,1,6,60,4,2,1,5,4,6,6,2,1,1,2,5,2,3,2,8,6,5,H01,8,16,7,21,10,17,,95,95,1,12,5,120.702441,24.190899,2
2452,66000,387130000C,(04)23274275,(04)23288582,2025,12,5,21,15,臺中市,西屯區,0,1,0,7,1,6,40,5,1,1,5,4,6,6,2,1,10,5,5,2,12,2,9,2,4,C03,7,9,1,10,2,11,,59,59,1,12,4,120.619115,24.181337,2
2453,66000,387130000C,(04)23274275,(04)23288582,2025,12,5,21,24,臺中市,太平區,0,0,0,7,1,6,50,4,2,1,5,4,6,6,2,1,5,2,5,1,17,,,,,C03,,,1,,2,11,12,59,59,1,12,4,120.735936,24.133234,3
2454,66000,387130000C,(04)23274275,(04)23288582,2025,12,5,21,25,臺中市,沙鹿區,0,2,0,7,1,6,50,4,7,1,5,4,6,6,1,1,4,3,4,2,16,3,10,3,1,B03,7,6,1,8,2,6,,11,11,1,12,4,120.558825,24.234814,2
2455,66000,387130000C,(04)23274275,(04)23288582,2025,12,5,21,31,臺中市,太平區,0,1,0,7,1,6,50,4,1,1,5,4,6,6,4,4,5,5,5,2,16,3,10,3,1,B03,7,6,1,8,2,4,,14,14,1,13,4,120.716345,24.141799,2
2456,66000,387130000C,(04)23274275,(04)23288582,2025,12,5,21,35,臺中市,后里區,0,1,0,7,1,6,50,4,1,1,5,4,6,6,1,1,5,5,5,1,15,2,9,1,1,C03,7,9,2,19,2,11,,21,21,1,12,4,120.701973,24.298966,2
2457,66000,387130000C,(04)23274275,(04)23288582,2025,12,5,21,37,臺中市,沙鹿區,0,0,0,7,,,40,,,,,,,,,,,,,,13,,,,,C03,,,1,,2,,,7,7,1,6,4,120.578316,24.223651,3
2458,66000,387130000C,(04)23274275,(04)23288582,2025,12,5,21,42,臺中市,西屯區,0,0,0,7,,,50,,,,,,,,,,,,,,12,,,,,B03,,,1,,1,,,84,84,1,12,4,120.647847,24.196114,3
2459,66000,387130000C,(04)23274275,(04)23288582,2025,12,5,21,42,臺中市,西屯區,0,0,0,7,,,40,,,,,,,,,,,,,,12,,,,,B03,,,1,,2,,,51,51,1,13,4,120.643975,24.166014,3
2460,66000,387130000C,(04)23274275,(04)23288582,2025,12,5,21,48,臺中市,北區,0,2,0,7,3,6,50,3,1,1,5,4,6,6,1,1,5,2,4,2,16,2,8,5,4,C04,7,9,1,10,2,12,,21,21,1,13,4,120.693851,24.161186,2
2461,66000,387130000C,(04)23274275,(04)23288582,2025,12,5,21,50,臺中市,沙鹿區,0,1,0,7,3,6,40,13,9,1,5,4,6,6,4,4,1,4,3,1,17,2,9,2,1,C03,7,9,1,10,2,11,,6,6,1,5,4,120.58092,24.211157,2
2462,66000,387130000C,(04)23274275,(04)23288582,2025,12,5,21,56,臺中市,潭子區,0,1,0,7,1,6,50,11,9,1,5,4,6,6,4,4,10,5,5,1,20,2,9,2,1,C03,7,9,1,10,2,14,,84,84,1,12,4,120.712092,24.193817,2