序號,縣市別代碼,機關代碼,市話,傳真,年,月,日,時,分,縣市,區,死亡數量,受傷數量,2-30,天候,道路照明設備,道路類別,道路速限,道路型態,事故位置,路面鋪裝,路面狀態,路面缺陷,障礙物,視距,號誌種類,號誌動作,分向設施,快車道或一般車道間,快慢車道間,路面邊線,事故類型及型態,受傷程度,主要傷處,保護裝備,行動電話或功能裝置,當事者區分(類別),車輛用途,當事者行動狀態,駕照狀態,駕照種類,飲酒情形,車輛撞擊部位最初,車輛撞擊部位其他,肇事因素個別,肇事因素主要,肇事逃逸,職業,共享經濟或外送平台,GPS座標X,GPS座標Y,事故類別
2463,66000,387130000C,(04)23274275,(04)23288582,2025,12,5,22,0,臺中市,北屯區,0,0,0,7,,,,,,,,,,,,,,,,,,,,,,,,,,,,,,119,119,1,,,120.676841,24.176446,3
2464,66000,387130000C,(04)23274275,(04)23288582,2025,12,5,22,3,臺中市,潭子區,0,1,0,7,1,6,40,13,7,1,5,4,6,6,4,4,1,4,4,1,17,3,10,3,1,B03,7,2,1,8,2,8,,49,49,1,12,4,120.702982,24.19811,2
2465,66000,387130000C,(04)23274275,(04)23288582,2025,12,5,22,3,臺中市,北區,0,2,0,7,1,6,50,13,9,1,5,4,6,6,4,4,5,4,5,2,3,2,9,6,5,H01,8,16,7,21,10,17,,95,95,1,13,5,120.685309,24.149444,2
2466,66000,387130000C,(04)23274275,(04)23288582,2025,12,5,22,5,臺中市,南屯區,0,0,0,7,,,50,,,,,,,,,,,,,,13,,,,,B03,,,1,,1,,,7,7,1,6,4,120.616286,24.146186,3
2467,66000,387130000C,(04)23274275,(04)23288582,2025,12,5,22,5,臺中市,霧峰區,0,1,0,7,1,6,40,12,9,1,5,4,6,6,4,4,5,5,4,2,16,3,10,3,1,B03,7,6,1,8,2,8,,42,42,1,10,4,120.723777,24.063445,2
2468,66000,387130000C,(04)23274275,(04)23288582,2025,12,5,22,21,臺中市,大里區,0,0,0,7,,,50,,,,,,,,,,,,,,7,,,,,B03,,,1,,2,,,50,50,1,6,4,120.673346,24.114985,3
2469,66000,387130000C,(04)23274275,(04)23288582,2025,12,5,22,22,臺中市,西屯區,0,0,0,7,,,60,,,,,,,,,,,,,,13,,,,,B03,,,3,,1,,,59,59,1,12,4,120.646683,24.164281,3
2470,66000,387130000C,(04)23274275,(04)23288582,2025,12,5,22,27,臺中市,大雅區,0,0,0,7,,,50,,,,,,,,,,,,,,12,,,,,B03,,,1,,2,,,20,20,1,13,4,120.647297,24.229298,3
2471,66000,387130000C,(04)23274275,(04)23288582,2025,12,5,22,33,臺中市,西屯區,0,0,0,7,,,50,,,,,,,,,,,,,,13,,,,,C03,,,1,,1,,,7,7,1,13,4,120.645002,24.181516,3
2472,66000,387130000C,(04)23274275,(04)23288582,2025,12,5,22,38,臺中市,外埔區,0,0,0,7,,,50,,,,,,,,,,,,,,12,,,,,B03,,,1,,2,,,84,84,1,6,4,120.635624,24.343857,3
2473,66000,387130000C,(04)23274275,(04)23288582,2025,12,5,22,44,臺中市,西屯區,0,0,0,7,,,50,,,,,,,,,,,,,,12,,,,,C03,,,1,,1,,,40,40,1,12,4,120.645357,24.17183,3
2474,66000,387130000C,(04)23274275,(04)23288582,2025,12,5,22,58,臺中市,北屯區,0,0,0,7,,,50,,,,,,,,,,,,,,,,,,,B03,,,1,,2,,,51,51,1,6,4,120.694309,24.16463,3
2475,66000,387130000C,(04)23274275,(04)23288582,2025,12,5,23,16,臺中市,大里區,0,0,0,7,1,6,50,3,2,1,5,4,6,6,1,1,1,4,5,1,13,,,,,C03,,,1,,2,,,7,7,1,13,4,120.689615,24.096696,3
2476,66000,387130000C,(04)23274275,(04)23288582,2025,12,5,23,20,臺中市,南屯區,0,2,0,7,2,6,50,4,9,1,5,4,6,6,2,1,5,4,5,2,17,2,9,2,1,C03,7,9,1,10,2,11,,7,7,1,12,4,120.649742,24.148841,2
2477,66000,387130000C,(04)23274275,(04)23288582,2025,12,5,23,24,臺中市,東區,0,1,0,7,1,6,50,13,9,1,5,4,6,6,4,4,9,5,5,2,16,2,9,2,1,C03,7,11,1,10,2,12,,45,45,1,13,4,120.70715,24.148012,2
2478,66000,387130000C,(04)23274275,(04)23288582,2025,12,5,23,38,臺中市,西屯區,0,1,0,7,2,6,50,4,1,1,5,4,6,6,4,4,10,5,5,2,15,3,10,2,1,C03,7,9,1,10,2,12,,15,15,1,13,4,120.643867,24.181663,2
2479,66000,387130000C,(04)23274275,(04)23288582,2025,12,5,23,40,臺中市,外埔區,0,1,0,7,1,6,50,13,9,1,5,4,6,6,4,4,5,4,5,2,21,2,9,5,4,C03,7,9,1,10,7,11,,53,53,1,6,4,120.626482,24.335598,2
2480,66000,387130000C,(04)23274275,(04)23288582,2025,12,5,23,42,臺中市,霧峰區,0,1,0,7,1,6,25,13,9,1,5,4,6,6,4,4,10,5,5,1,18,2,9,2,1,C03,7,9,3,19,2,14,11,84,84,1,12,4,120.723588,24.06347,2
2481,66000,387130000C,(04)23274275,(04)23288582,2025,12,5,23,44,臺中市,北區,0,1,0,7,3,6,30,4,2,1,5,4,6,6,4,4,5,4,5,2,16,3,10,5,4,B03,7,5,1,8,2,8,,14,14,1,13,4,120.667115,24.168721,2
2482,66000,387130000C,(04)23274275,(04)23288582,2025,12,6,0,15,臺中市,太平區,0,0,0,7,,,50,,,,,,,,,,,,,,,,,,,C03,,,1,,1,,,49,49,1,12,4,120.718754,24.148969,3
2483,66000,387130000C,(04)23274275,(04)23288582,2025,12,6,1,0,臺中市,中區,0,2,0,7,1,6,50,4,1,1,5,4,6,6,1,1,10,5,5,2,17,3,10,5,4,B03,7,11,1,8,2,16,,38,38,2,13,4,120.675029,24.143575,2
2484,66000,387130000C,(04)23274275,(04)23288582,2025,12,6,1,7,臺中市,西區,0,0,0,7,,,50,,,,,,,,,,,,,,16,,,,,B03,,,1,,9,,,51,51,2,13,4,120.661701,24.154015,3
2485,66000,387130000C,(04)23274275,(04)23288582,2025,12,6,1,20,臺中市,北區,0,0,0,7,,,30,,,,,,,,,,,,,,,,,,,,,,,,,,,119,119,1,,,120.687824,24.160564,3
2486,66000,387130000C,(04)23274275,(04)23288582,2025,12,6,1,22,臺中市,西屯區,0,1,0,7,1,6,50,13,9,1,5,4,6,6,2,1,10,5,5,2,12,2,9,2,1,C03,7,9,1,10,2,11,,59,59,1,13,4,120.639521,24.179814,2
2487,66000,387130000C,(04)23274275,(04)23288582,2025,12,6,1,53,臺中市,西屯區,0,0,0,7,,,50,,,,,,,,,,,,,,17,,,,,A12,,,1,,2,,,84,84,1,12,4,120.650582,24.166644,3
2488,66000,387130000C,(04)23274275,(04)23288582,2025,12,6,2,56,臺中市,沙鹿區,0,0,0,7,,,50,,,,,,,,,,,,,,,,,,,A41,,,1,,2,,,82,82,1,12,4,120.55543,24.220796,3
2489,66000,387130000C,(04)23274275,(04)23288582,2025,12,6,3,20,臺中市,太平區,0,2,0,7,1,6,50,3,1,1,5,4,6,6,4,4,10,5,5,2,18,2,9,2,1,C03,7,6,2,19,2,14,,84,84,1,13,4,120.711562,24.116784,2
2490,66000,387130000C,(04)23274275,(04)23288582,2025,12,6,4,50,臺中市,大里區,0,0,0,7,1,6,50,13,14,1,5,4,6,6,4,4,5,5,5,1,17,,,,,B03,,,4,,2,,,56,56,1,13,4,120.679915,24.101831,3
2491,66000,387130000C,(04)23274275,(04)23288582,2025,12,6,4,58,臺中市,太平區,0,2,0,7,1,6,50,13,9,1,5,4,6,6,4,4,5,4,5,1,2,2,9,2,1,C03,7,9,1,10,2,11,,84,84,1,13,4,120.710467,24.150009,2
2492,66000,387130000C,(04)23274275,(04)23288582,2025,12,6,5,43,臺中市,北屯區,0,0,0,7,,,50,,,,,,,,,,,,,,17,,,,,B03,,,5,,2,,,84,84,1,12,4,120.731882,24.170625,3
2493,66000,387130000C,(04)23274275,(04)23288582,2025,12,6,5,45,臺中市,大雅區,0,0,0,7,,,30,,,,,,,,,,,,,,,,,,,B03,,,6,,11,,,84,84,1,12,4,120.624021,24.225721,4
2494,66000,387130000C,(04)23274275,(04)23288582,2025,12,6,5,54,臺中市,西區,0,1,0,7,1,6,50,4,1,1,5,4,6,6,1,1,10,5,5,2,16,3,10,5,4,B03,7,6,1,8,2,1,,11,11,1,13,4,120.675651,24.1388,2
2495,66000,387130000C,(04)23274275,(04)23288582,2025,12,6,6,20,臺中市,西屯區,0,2,0,7,2,6,40,4,1,1,5,4,6,6,2,1,10,5,5,2,16,2,9,2,1,C03,7,5,5,10,2,12,,75,75,1,12,4,120.653271,24.16087,2
2496,66000,387130000C,(04)23274275,(04)23288582,2025,12,6,6,37,臺中市,豐原區,0,1,0,7,2,6,50,3,1,1,5,4,6,6,4,4,10,5,5,2,16,3,10,3,1,B03,7,6,1,8,2,4,,14,14,1,13,4,120.706293,24.244105,2
2497,66000,387130000C,(04)23274275,(04)23288582,2025,12,6,6,55,臺中市,梧棲區,0,1,0,7,2,6,50,4,1,1,5,4,6,6,1,1,10,5,5,2,15,3,10,3,1,B03,7,9,1,8,2,8,,21,21,1,6,4,120.542233,24.241063,2
2498,66000,387130000C,(04)23274275,(04)23288582,2025,12,6,7,1,臺中市,梧棲區,0,1,0,7,2,6,30,3,1,1,5,4,6,6,4,4,10,5,5,2,16,2,9,1,1,F03,7,6,7,21,2,11,,14,14,1,12,4,120.5412,24.24677,2
2499,66000,387130000C,(04)23274275,(04)23288582,2025,12,6,7,16,臺中市,北屯區,0,0,0,7,,,50,,,,,,,,,,,,,,16,,,,,C03,,,1,,1,,,23,23,1,12,4,120.740891,24.1784,3
2500,66000,387130000C,(04)23274275,(04)23288582,2025,12,6,7,20,臺中市,大甲區,0,2,0,7,2,6,30,4,1,1,5,4,6,6,4,4,10,5,5,2,15,2,9,1,1,C03,7,9,1,10,2,11,,15,15,1,6,4,120.64487,24.404583,2
2501,66000,387130000C,(04)23274275,(04)23288582,2025,12,6,7,25,臺中市,太平區,0,0,0,7,,,40,,,,,,,,,,,,,,30,,,,,B03,,,1,,2,,,77,77,1,6,4,120.734504,24.123795,3
2502,66000,387130000C,(04)23274275,(04)23288582,2025,12,6,7,30,臺中市,大雅區,0,0,0,7,,,,,,,,,,,,,,,,,,,,,,,,,,,,,,119,119,1,,,120.655222,24.219096,3
2503,66000,387130000C,(04)23274275,(04)23288582,2025,12,6,7,33,臺中市,太平區,0,1,0,7,2,6,50,4,2,1,5,4,6,6,4,4,4,4,5,2,13,3,10,3,1,B03,7,9,1,8,2,5,,83,83,1,13,4,120.712672,24.125769,2
2504,66000,387130000C,(04)23274275,(04)23288582,2025,12,6,7,36,臺中市,霧峰區,0,1,0,7,2,6,40,13,9,1,5,4,6,6,4,4,5,5,5,1,28,2,7,2,1,C03,7,9,1,10,2,11,,87,87,1,13,4,120.687421,24.065815,2
2505,66000,387130000C,(04)23274275,(04)23288582,2025,12,6,7,36,臺中市,霧峰區,0,2,0,7,2,6,30,5,1,1,5,4,6,6,1,1,10,5,5,2,17,2,9,5,4,C03,7,9,1,10,2,11,,84,84,1,12,4,120.713236,24.077218,2
2506,66000,387130000C,(04)23274275,(04)23288582,2025,12,6,7,37,臺中市,沙鹿區,0,1,0,7,2,6,50,13,9,1,5,4,6,6,4,4,8,3,5,1,17,2,9,5,4,C03,7,9,1,10,2,12,,59,59,1,13,4,120.593687,24.261492,2
2507,66000,387130000C,(04)23274275,(04)23288582,2025,12,6,7,39,臺中市,北區,0,0,0,7,,,50,,,,,,,,,,,,,,17,,,,,C03,,,1,,1,,,84,84,1,13,4,120.672126,24.169641,3
2508,66000,387130000C,(04)23274275,(04)23288582,2025,12,6,7,39,臺中市,豐原區,0,1,0,7,2,6,50,5,2,1,5,4,6,6,1,1,10,5,5,2,17,2,9,1,1,F02,7,11,7,21,2,14,,23,23,1,13,4,120.714345,24.244955,2
2509,66000,387130000C,(04)23274275,(04)23288582,2025,12,6,7,41,臺中市,東區,0,0,0,7,,,50,,,,,,,,,,,,,,,,,,,C03,,,1,,2,,,48,48,1,12,4,120.701252,24.142721,3
2510,66000,387130000C,(04)23274275,(04)23288582,2025,12,6,7,45,臺中市,沙鹿區,0,0,0,7,,,50,,,,,,,,,,,,,,17,,,,,,,,,,,,,59,59,1,,,120.573392,24.210652,3
2511,66000,387130000C,(04)23274275,(04)23288582,2025,12,6,7,46,臺中市,大里區,0,1,0,7,3,6,50,3,1,1,5,4,6,6,1,1,5,4,4,1,16,3,10,3,1,B03,7,5,1,8,2,5,,11,11,1,12,4,120.696168,24.086814,2
2512,66000,387130000C,(04)23274275,(04)23288582,2025,12,6,7,48,臺中市,沙鹿區,0,0,0,7,,,50,,,,,,,,,,,,,,,,,,,B03,,,1,,2,,,85,85,1,6,4,120.566694,24.204254,3
2513,66000,387130000C,(04)23274275,(04)23288582,2025,12,6,7,55,臺中市,東區,0,0,0,7,,,50,,,,,,,,,,,,,,16,,,,,B03,,,1,,2,,,21,21,1,12,4,120.710405,24.140847,3
2514,66000,387130000C,(04)23274275,(04)23288582,2025,12,6,7,55,臺中市,北屯區,0,0,0,7,,3,80,,,,,,,,,,,,,,13,,,,,B03,,,1,,1,,,7,7,1,12,4,120.722399,24.18888,3
2515,66000,387130000C,(04)23274275,(04)23288582,2025,12,6,7,56,臺中市,西區,0,1,0,7,2,6,50,13,9,1,5,4,6,6,4,4,10,5,5,2,17,2,9,1,1,C03,7,9,1,10,2,11,,7,7,1,12,4,120.656577,24.143806,2
2516,66000,387130000C,(04)23274275,(04)23288582,2025,12,6,7,57,臺中市,潭子區,0,1,0,7,2,6,40,13,9,1,5,4,6,6,4,4,10,4,5,1,18,2,9,1,1,C03,7,9,1,10,2,14,,54,54,1,13,4,120.710898,24.193456,2
2517,66000,387130000C,(04)23274275,(04)23288582,2025,12,6,8,0,臺中市,西區,0,0,0,7,,,50,,,,,,,,,,,,,,13,,,,,C03,,,1,,1,,,84,84,1,12,4,120.669731,24.144119,3
2518,66000,387130000C,(04)23274275,(04)23288582,2025,12,6,8,0,臺中市,北區,0,2,0,7,2,6,50,13,9,1,5,4,6,6,4,4,5,4,5,2,17,2,9,2,1,C03,7,1,1,10,2,14,,51,51,1,12,4,120.67427,24.152958,2
2519,66000,387130000C,(04)23274275,(04)23288582,2025,12,6,8,8,臺中市,霧峰區,0,0,0,7,,3,80,,,,,,,,,,,,,,,,,,,B03,,,1,,2,,,84,84,1,13,4,120.684462,24.054976,3
2520,66000,387130000C,(04)23274275,(04)23288582,2025,12,6,8,11,臺中市,大雅區,0,1,0,7,3,6,50,4,2,1,5,4,6,6,1,1,5,2,5,1,17,2,9,1,1,C03,7,6,1,10,1,11,,7,7,1,12,4,120.664211,24.233778,2
2521,66000,387130000C,(04)23274275,(04)23288582,2025,12,6,8,15,臺中市,西屯區,0,0,0,7,,,50,,,,,,,,,,,,,,17,,,,,B03,,,1,,1,,,51,51,1,13,4,120.645369,24.172337,3
2522,66000,387130000C,(04)23274275,(04)23288582,2025,12,6,8,15,臺中市,太平區,0,0,0,7,,,40,,,,,,,,,,,,,,16,,,,,C03,,,1,,2,,,58,58,1,6,4,120.717301,24.157939,3
2523,66000,387130000C,(04)23274275,(04)23288582,2025,12,6,8,15,臺中市,太平區,0,1,0,7,2,6,50,11,9,1,5,4,6,6,4,4,10,5,5,2,16,2,8,2,1,C03,7,6,1,10,2,12,,20,20,1,13,4,120.727458,24.145579,2
2524,66000,387130000C,(04)23274275,(04)23288582,2025,12,6,8,16,臺中市,西區,0,0,0,7,,,50,,,,,,,,,,,,,,,,,,,A12,,,1,,2,,,84,84,1,6,4,120.673062,24.148972,3
2525,66000,387130000C,(04)23274275,(04)23288582,2025,12,6,8,18,臺中市,中區,0,0,0,7,,,50,,,,,,,,,,,,,,12,,,,,B02,,,1,,2,,,7,7,1,13,4,120.680083,24.142996,3
2526,66000,387130000C,(04)23274275,(04)23288582,2025,12,6,8,31,臺中市,大雅區,0,0,0,7,,,,,,,,,,,,,,,,,,,,,,,,,,,,,,119,119,1,,,120.629959,24.210591,3
2527,66000,387130000C,(04)23274275,(04)23288582,2025,12,6,8,35,臺中市,南屯區,0,2,0,7,3,6,50,4,1,1,5,4,6,6,1,1,10,5,5,2,16,2,9,2,1,C03,7,6,1,10,2,12,,11,11,1,13,4,120.636943,24.153632,2
2528,66000,387130000C,(04)23274275,(04)23288582,2025,12,6,8,35,臺中市,豐原區,0,2,0,7,2,6,50,4,1,1,5,4,6,6,4,4,5,5,4,2,16,2,7,6,1,F01,7,6,7,21,2,14,14,48,48,1,13,4,120.725115,24.246439,2
2529,66000,387130000C,(04)23274275,(04)23288582,2025,12,6,8,40,臺中市,清水區,0,0,0,7,2,6,50,13,9,1,5,4,6,6,4,4,8,3,5,2,14,,,,,B03,,,1,,1,,,49,49,1,12,4,120.556593,24.280498,3
2530,66000,387130000C,(04)23274275,(04)23288582,2025,12,6,8,47,臺中市,霧峰區,0,1,0,7,2,6,30,13,9,1,5,4,6,6,4,4,10,5,5,2,16,3,10,3,1,B03,7,6,1,7,2,8,,48,48,1,13,4,120.724581,24.077237,2
2531,66000,387130000C,(04)23274275,(04)23288582,2025,12,6,8,48,臺中市,后里區,0,0,0,7,2,6,50,13,8,1,5,4,6,6,4,4,1,4,4,1,17,3,10,3,1,B01,7,3,1,4,2,2,,50,50,1,12,4,120.724168,24.315007,3
2532,66000,387130000C,(04)23274275,(04)23288582,2025,12,6,8,50,臺中市,大雅區,0,2,0,7,3,6,50,4,2,1,5,4,6,6,1,1,5,2,5,1,17,2,9,1,1,C03,7,6,1,10,2,12,,48,48,1,12,2,120.645893,24.225795,2
2533,66000,387130000C,(04)23274275,(04)23288582,2025,12,6,8,54,臺中市,東勢區,0,2,0,7,2,6,50,13,9,1,5,4,6,6,4,4,5,5,5,1,13,2,9,5,4,C03,7,9,1,10,2,11,,7,7,1,13,4,120.829441,24.254335,2
2534,66000,387130000C,(04)23274275,(04)23288582,2025,12,6,8,55,臺中市,東區,0,0,0,7,,,50,,,,,,,,,,,,,,14,,,,,B12,,,1,,2,,,49,49,1,12,4,120.694646,24.127464,3
2535,66000,387130000C,(04)23274275,(04)23288582,2025,12,6,8,56,臺中市,豐原區,0,2,0,7,2,6,50,3,2,1,5,4,6,6,4,4,10,5,5,2,17,2,9,2,1,C03,7,6,1,10,2,11,,12,12,1,13,4,120.712061,24.24847,2
2536,66000,387130000C,(04)23274275,(04)23288582,2025,12,6,8,57,臺中市,北屯區,0,0,0,7,,,50,,,,,,,,,,,,,,13,,,,,B03,,,1,,1,,,59,59,1,6,4,120.686331,24.20287,3
2537,66000,387130000C,(04)23274275,(04)23288582,2025,12,6,8,58,臺中市,大甲區,0,1,0,7,2,6,70,13,9,1,5,4,6,6,4,4,6,3,5,1,28,,,,,,,,,,,,,118,118,1,,,120.648189,24.39515,2
2538,66000,387130000C,(04)23274275,(04)23288582,2025,12,6,9,3,臺中市,烏日區,0,0,0,7,,,30,,,,,,,,,,,,,,,,,,,A12,,,1,,2,,,8,8,1,12,4,120.640131,24.097222,3
2539,66000,387130000C,(04)23274275,(04)23288582,2025,12,6,9,4,臺中市,梧棲區,0,1,0,7,2,6,50,4,1,1,5,4,6,6,1,1,10,5,5,2,15,2,9,1,1,C03,7,9,3,19,2,11,,21,21,1,12,4,120.539341,24.261669,2
2540,66000,387130000C,(04)23274275,(04)23288582,2025,12,6,9,5,臺中市,西區,0,1,0,7,2,6,50,4,1,1,5,4,6,6,4,4,10,5,5,2,17,3,10,3,1,B03,7,9,1,8,2,5,,15,15,1,12,4,120.660153,24.155285,2
2541,66000,387130000C,(04)23274275,(04)23288582,2025,12,6,9,5,臺中市,北屯區,0,0,0,7,,,50,,,,,,,,,,,,,,12,,,,,B02,,,1,,1,,,40,40,1,13,4,120.728914,24.178389,3
2542,66000,387130000C,(04)23274275,(04)23288582,2025,12,6,9,7,臺中市,烏日區,0,0,0,7,,,60,,,,,,,,,,,,,,13,,,,,B03,,,1,,2,,,7,7,1,6,4,120.642912,24.093412,3
2543,66000,387130000C,(04)23274275,(04)23288582,2025,12,6,9,10,臺中市,大甲區,0,0,0,7,,,50,,,,,,,,,,,,,,8,,,,,C03,,,1,,2,,,50,50,1,13,4,120.622577,24.344615,3
2544,66000,387130000C,(04)23274275,(04)23288582,2025,12,6,9,19,臺中市,沙鹿區,0,1,0,7,2,6,30,13,9,1,5,4,6,6,4,4,10,5,5,1,18,2,8,1,1,C03,7,9,1,10,2,14,,59,59,1,6,4,120.558094,24.241457,2
2545,66000,387130000C,(04)23274275,(04)23288582,2025,12,6,9,21,臺中市,北屯區,0,1,0,7,3,6,40,13,8,1,5,4,6,6,4,4,1,4,4,2,12,2,8,6,1,F01,7,9,7,21,1,12,,59,59,1,12,4,120.713834,24.182564,2
2546,66000,387130000C,(04)23274275,(04)23288582,2025,12,6,9,21,臺中市,西屯區,0,2,0,7,1,6,50,13,9,1,5,4,6,6,4,4,9,5,5,2,14,3,10,3,1,B12,7,2,1,8,2,7,,49,49,1,12,4,120.636746,24.183079,2
2547,66000,387130000C,(04)23274275,(04)23288582,2025,12,6,9,22,臺中市,大里區,0,1,0,7,3,6,50,13,9,1,5,4,6,6,4,4,5,5,5,1,13,2,9,1,1,C03,7,9,1,10,2,11,,7,7,1,13,4,120.708388,24.106168,2
2548,66000,387130000C,(04)23274275,(04)23288582,2025,12,6,9,25,臺中市,太平區,0,1,0,7,3,6,50,4,2,1,5,4,6,6,1,1,10,5,5,2,13,3,10,3,1,B02,7,9,1,8,2,5,,58,58,1,6,4,120.707919,24.15258,2
2549,66000,387130000C,(04)23274275,(04)23288582,2025,12,6,9,25,臺中市,烏日區,0,0,0,7,,,50,,,,,,,,,,,,,,,,,,,B03,,,1,,2,,,59,59,1,13,4,120.643287,24.079176,3
2550,66000,387130000C,(04)23274275,(04)23288582,2025,12,6,9,27,臺中市,北屯區,0,0,0,7,,,60,,,,,,,,,,,,,,13,,,,,B03,,,1,,1,,,7,7,1,12,4,120.720299,24.162868,3
2551,66000,387130000C,(04)23274275,(04)23288582,2025,12,6,9,30,臺中市,龍井區,0,2,0,7,2,6,50,4,1,1,5,4,6,6,1,1,10,5,5,2,15,2,9,2,1,C03,7,9,1,10,2,15,,21,21,1,6,4,120.54547,24.182526,2
2552,66000,387130000C,(04)23274275,(04)23288582,2025,12,6,9,31,臺中市,北區,0,1,0,7,3,6,50,4,2,1,5,4,6,6,2,1,10,5,5,2,11,3,10,3,1,B03,7,6,1,8,2,1,,11,11,1,13,4,120.682089,24.154584,2
2553,66000,387130000C,(04)23274275,(04)23288582,2025,12,6,9,31,臺中市,大甲區,0,2,0,7,2,6,50,13,9,1,5,4,6,6,4,4,9,5,5,1,9,2,9,1,1,C04,7,9,1,10,2,12,,59,59,1,6,4,120.626877,24.346649,2
2554,66000,387130000C,(04)23274275,(04)23288582,2025,12,6,9,37,臺中市,西區,0,1,0,7,2,6,50,4,1,1,5,4,6,6,2,1,8,3,4,2,15,3,10,2,1,C03,7,9,1,10,2,12,,21,21,1,12,4,120.662608,24.163522,2
2555,66000,387130000C,(04)23274275,(04)23288582,2025,12,6,9,39,臺中市,北區,0,2,0,7,2,6,50,4,1,1,5,4,6,6,2,1,10,5,5,2,12,3,10,3,1,B03,7,5,1,8,2,2,,84,84,1,13,4,120.682425,24.165289,2
2556,66000,387130000C,(04)23274275,(04)23288582,2025,12,6,9,42,臺中市,西屯區,0,2,0,7,2,6,50,3,1,1,5,4,6,6,1,1,5,5,4,2,3,2,9,6,5,H04,8,20,7,21,10,17,,95,95,1,12,5,120.656623,24.161491,2
2557,66000,387130000C,(04)23274275,(04)23288582,2025,12,6,9,47,臺中市,東區,0,1,0,7,2,6,50,4,1,1,5,4,6,6,1,1,10,5,5,2,1,3,10,3,1,B03,7,6,1,8,2,1,,10,10,1,12,4,120.68766,24.13815,2
2558,66000,387130000C,(04)23274275,(04)23288582,2025,12,6,9,47,臺中市,西屯區,0,0,0,7,,,40,,,,,,,,,,,,,,13,,,,,B03,,,1,,1,,,7,7,1,12,4,120.633278,24.173704,3
2559,66000,387130000C,(04)23274275,(04)23288582,2025,12,6,9,47,臺中市,豐原區,0,0,0,7,,,50,,,,,,,,,,,,,,17,,,,,B03,,,1,,2,,,84,84,1,13,4,120.736278,24.255714,3
2560,66000,387130000C,(04)23274275,(04)23288582,2025,12,6,9,49,臺中市,神岡區,0,0,0,7,,,30,,,,,,,,,,,,,,27,,,,,B03,,,1,,2,,,59,59,1,12,4,120.693754,24.268141,3
2561,66000,387130000C,(04)23274275,(04)23288582,2025,12,6,9,52,臺中市,豐原區,0,1,0,7,2,6,50,13,7,1,5,4,6,6,4,4,9,5,4,2,12,3,10,3,1,B12,7,4,1,8,2,2,,1,1,1,13,4,120.735855,24.255651,2
2562,66000,387130000C,(04)23274275,(04)23288582,2025,12,6,9,56,臺中市,西屯區,0,1,0,7,2,6,30,3,1,1,5,4,6,6,3,1,10,5,5,1,15,3,10,3,1,B03,7,9,1,8,2,8,,24,24,1,12,4,120.648191,24.181997,2
2563,66000,387130000C,(04)23274275,(04)23288582,2025,12,6,9,57,臺中市,北區,0,0,0,7,,,50,,,,,,,,,,,,,,17,,,,,C03,,,6,,2,,,85,85,1,13,4,120.673636,24.153047,4
2564,66000,387130000C,(04)23274275,(04)23288582,2025,12,6,9,57,臺中市,沙鹿區,0,2,0,7,2,6,30,4,1,1,5,4,6,6,4,4,10,5,5,2,15,2,7,2,1,C03,7,9,1,10,2,11,,12,12,1,6,4,120.579181,24.22479,2
2565,66000,387130000C,(04)23274275,(04)23288582,2025,12,6,9,58,臺中市,南區,0,1,0,7,1,6,50,4,1,1,5,4,6,6,1,1,9,4,5,2,12,3,10,1,1,F01,7,9,7,21,2,12,,8,8,1,12,1,120.672902,24.131261,2
2566,66000,387130000C,(04)23274275,(04)23288582,2025,12,6,10,0,臺中市,北區,0,0,0,7,,,50,,,,,,,,,,,,,,14,,,,,B03,,,1,,1,,,49,49,1,13,4,120.692426,24.155058,3
2567,66000,387130000C,(04)23274275,(04)23288582,2025,12,6,10,3,臺中市,太平區,0,1,0,7,2,6,50,3,2,1,5,4,6,6,3,1,5,5,5,1,16,2,9,1,1,C03,7,6,1,10,2,12,,11,11,1,13,4,120.722099,24.119383,2
2568,66000,387130000C,(04)23274275,(04)23288582,2025,12,6,10,11,臺中市,神岡區,0,1,0,7,1,6,50,4,1,1,5,4,6,6,1,1,10,5,5,1,15,3,10,1,1,C03,7,9,1,10,2,11,,21,21,1,12,4,120.701314,24.251372,2
2569,66000,387130000C,(04)23274275,(04)23288582,2025,12,6,10,13,臺中市,北屯區,0,1,0,7,2,6,50,4,1,1,5,4,6,6,2,1,10,5,5,2,16,3,10,3,1,B03,7,9,1,8,2,5,,84,84,1,12,4,120.686306,24.186899,2
2570,66000,387130000C,(04)23274275,(04)23288582,2025,12,6,10,15,臺中市,霧峰區,0,1,0,7,2,6,70,13,9,1,5,4,6,6,4,4,1,4,5,1,13,3,10,3,1,B12,7,9,1,7,2,1,,84,84,1,6,4,120.66383,24.07924,2
2571,66000,387130000C,(04)23274275,(04)23288582,2025,12,6,10,16,臺中市,沙鹿區,0,0,0,7,,,40,,,,,,,,,,,,,,,,,,,B02,,,1,,2,,,59,59,1,13,4,120.565914,24.239243,3
2572,66000,387130000C,(04)23274275,(04)23288582,2025,12,6,10,20,臺中市,大肚區,0,1,0,7,3,6,50,4,1,1,5,4,6,6,4,4,5,5,5,2,15,3,10,3,1,B03,7,9,1,8,2,5,,15,15,1,6,4,120.540164,24.15883,2
2573,66000,387130000C,(04)23274275,(04)23288582,2025,12,6,10,23,臺中市,南區,0,0,0,7,,,50,,,,,,,,,,,,,,12,,,,,B03,,,1,,1,,,8,8,1,12,4,120.65923,24.122751,3
2574,66000,387130000C,(04)23274275,(04)23288582,2025,12,6,10,23,臺中市,大里區,0,1,0,7,3,6,50,4,2,1,5,4,6,6,1,1,5,3,5,1,13,2,9,1,1,C03,7,9,1,10,2,11,,7,7,1,12,4,120.674671,24.103944,2