序號,縣市別代碼,機關代碼,市話,傳真,年,月,日,時,分,縣市,區,死亡數量,受傷數量,2-30,天候,道路照明設備,道路類別,道路速限,道路型態,事故位置,路面鋪裝,路面狀態,路面缺陷,障礙物,視距,號誌種類,號誌動作,分向設施,快車道或一般車道間,快慢車道間,路面邊線,事故類型及型態,受傷程度,主要傷處,保護裝備,行動電話或功能裝置,當事者區分(類別),車輛用途,當事者行動狀態,駕照狀態,駕照種類,飲酒情形,車輛撞擊部位最初,車輛撞擊部位其他,肇事因素個別,肇事因素主要,肇事逃逸,職業,共享經濟或外送平台,GPS座標X,GPS座標Y,事故類別
2575,66000,387130000C,(04)23274275,(04)23288582,2025,12,6,10,24,臺中市,東區,0,1,0,7,2,6,50,4,1,1,5,4,6,6,2,1,10,5,5,2,16,3,10,3,1,B03,7,5,1,8,2,5,,11,11,1,12,4,120.707949,24.149082,2
2576,66000,387130000C,(04)23274275,(04)23288582,2025,12,6,10,24,臺中市,南屯區,0,1,0,7,3,6,40,13,8,1,5,4,6,6,4,4,3,4,4,2,12,2,9,1,1,C03,7,3,1,10,2,14,,50,50,1,12,4,120.629952,24.150794,2
2577,66000,387130000C,(04)23274275,(04)23288582,2025,12,6,10,26,臺中市,大里區,0,0,0,7,,,50,,,,,,,,,,,,,,17,,,,,B03,,,1,,2,,,51,51,2,13,4,120.679662,24.105939,3
2578,66000,387130000C,(04)23274275,(04)23288582,2025,12,6,10,30,臺中市,大安區,0,1,0,7,2,6,50,13,9,1,5,4,6,6,1,1,6,3,5,1,12,2,9,1,1,C03,7,1,1,10,2,11,,51,51,1,12,4,120.586894,24.345521,2
2579,66000,387130000C,(04)23274275,(04)23288582,2025,12,6,10,33,臺中市,烏日區,0,1,0,7,2,6,50,13,9,1,5,4,6,6,4,4,1,4,5,1,17,3,10,3,1,B01,7,7,1,4,2,16,,40,40,1,6,4,120.633461,24.105933,2
2580,66000,387130000C,(04)23274275,(04)23288582,2025,12,6,10,37,臺中市,北區,0,1,0,7,2,6,50,4,1,1,5,4,6,6,4,4,10,5,5,2,18,2,9,1,1,C03,7,9,1,10,2,14,,84,84,1,13,4,120.680642,24.150716,2
2581,66000,387130000C,(04)23274275,(04)23288582,2025,12,6,10,37,臺中市,北屯區,0,0,0,7,,,50,,,,,,,,,,,,,,25,,,,,B11,,,1,,9,,,49,49,1,12,4,120.730386,24.169834,3
2582,66000,387130000C,(04)23274275,(04)23288582,2025,12,6,10,39,臺中市,北區,0,1,0,7,2,6,50,4,1,1,5,4,6,6,1,1,10,5,5,2,16,3,10,5,4,B03,7,6,1,8,2,6,,39,39,1,13,4,120.680131,24.155054,2
2583,66000,387130000C,(04)23274275,(04)23288582,2025,12,6,10,39,臺中市,烏日區,0,1,0,7,2,6,50,3,1,1,5,4,6,6,1,1,10,5,5,2,17,3,10,5,4,A41,7,5,1,1,2,2,,11,11,1,6,4,120.608801,24.107847,2
2584,66000,387130000C,(04)23274275,(04)23288582,2025,12,6,10,40,臺中市,太平區,0,3,0,7,3,6,50,4,1,1,5,4,6,6,4,4,10,5,5,2,16,2,9,1,1,C03,7,6,1,10,2,11,,11,11,1,6,4,120.72318,24.131885,2
2585,66000,387130000C,(04)23274275,(04)23288582,2025,12,6,10,40,臺中市,太平區,0,0,0,7,,,30,,,,,,,,,,,,,,17,,,,,C03,,,3,,2,,,85,85,1,13,4,120.718141,24.10259,3
2586,66000,387130000C,(04)23274275,(04)23288582,2025,12,6,10,42,臺中市,北屯區,0,1,0,7,3,6,50,4,1,1,5,4,6,6,4,4,10,5,5,2,16,2,8,1,1,C03,7,6,1,10,2,12,,14,14,1,12,4,120.685461,24.18691,2
2587,66000,387130000C,(04)23274275,(04)23288582,2025,12,6,10,44,臺中市,北屯區,0,0,0,7,,,50,,,,,,,,,,,,,,15,,,,,C03,,,1,,1,,,51,51,1,6,4,120.664963,24.183773,4
2588,66000,387130000C,(04)23274275,(04)23288582,2025,12,6,10,45,臺中市,南屯區,0,1,0,7,3,6,40,4,2,1,5,4,6,6,2,1,5,5,5,2,13,2,9,2,4,C03,7,9,1,10,2,11,,84,84,1,6,4,120.648758,24.146648,2
2589,66000,387130000C,(04)23274275,(04)23288582,2025,12,6,10,46,臺中市,東區,0,1,0,7,3,6,30,3,1,1,5,4,6,6,1,1,10,5,5,2,16,3,10,5,4,B12,7,6,1,8,2,2,,14,14,1,12,4,120.688799,24.127657,2
2590,66000,387130000C,(04)23274275,(04)23288582,2025,12,6,10,47,臺中市,潭子區,0,2,0,7,2,6,50,3,1,1,5,4,6,6,4,4,10,5,5,1,16,2,9,6,1,F01,7,6,7,21,2,13,,48,48,1,13,4,120.706971,24.212623,2
2591,66000,387130000C,(04)23274275,(04)23288582,2025,12,6,10,50,臺中市,北屯區,0,0,0,7,,,50,,,,,,,,,,,,,,12,,,,,B03,,,1,,1,,,84,84,1,12,4,120.733712,24.176943,3
2592,66000,387130000C,(04)23274275,(04)23288582,2025,12,6,10,53,臺中市,中區,0,0,0,7,,,50,,,,,,,,,,,,,,,,,,,B03,,,1,,1,,,84,84,1,6,4,120.681248,24.139266,3
2593,66000,387130000C,(04)23274275,(04)23288582,2025,12,6,10,54,臺中市,北屯區,0,0,0,7,,,50,,,,,,,,,,,,,,12,,,,,B03,,,1,,2,,,35,35,1,12,4,120.697691,24.170053,3
2594,66000,387130000C,(04)23274275,(04)23288582,2025,12,6,10,57,臺中市,北區,0,1,0,7,2,6,50,13,8,1,5,4,6,6,4,4,3,5,4,2,17,3,10,2,1,C03,7,7,1,10,2,16,,40,40,1,12,4,120.687826,24.1464,2
2595,66000,387130000C,(04)23274275,(04)23288582,2025,12,6,10,57,臺中市,西屯區,0,2,0,7,2,6,50,13,9,1,5,4,6,6,4,4,3,4,5,2,13,2,9,1,1,C03,7,9,1,10,2,11,,59,59,1,12,4,120.657784,24.176268,2
2596,66000,387130000C,(04)23274275,(04)23288582,2025,12,6,10,57,臺中市,大里區,0,0,0,7,,,50,,,,,,,,,,,,,,12,,,,,B03,,,1,,2,,,40,40,1,12,4,120.691914,24.101437,3
2597,66000,387130000C,(04)23274275,(04)23288582,2025,12,6,10,59,臺中市,霧峰區,0,3,0,7,2,6,0,18,24,1,5,4,6,6,4,4,2,5,5,1,12,2,9,2,1,C03,7,9,1,10,2,11,,84,84,1,13,4,120.695572,24.010073,2
2598,66000,387130000C,(04)23274275,(04)23288582,2025,12,6,10,59,臺中市,神岡區,0,0,0,7,,,30,,,,,,,,,,,,,,14,,,,,B03,,,1,,2,,,49,49,1,12,4,120.679616,24.251162,3
2599,66000,387130000C,(04)23274275,(04)23288582,2025,12,6,11,1,臺中市,霧峰區,0,1,0,7,2,6,50,3,1,1,5,4,6,6,1,1,10,5,5,2,17,2,8,2,1,C03,7,6,1,10,2,13,,48,48,1,13,4,120.699795,24.073859,2
2600,66000,387130000C,(04)23274275,(04)23288582,2025,12,6,11,4,臺中市,南屯區,0,0,0,7,,,50,,,,,,,,,,,,,,13,,,,,C03,,,1,,1,,,59,59,1,12,4,120.623747,24.149935,3
2601,66000,387130000C,(04)23274275,(04)23288582,2025,12,6,11,9,臺中市,大肚區,0,0,0,7,,,30,,,,,,,,,,,,,,11,,,,,B03,,,1,,2,,,8,8,1,6,4,120.577372,24.119783,3
2602,66000,387130000C,(04)23274275,(04)23288582,2025,12,6,11,10,臺中市,大里區,0,1,0,7,3,6,40,4,2,1,5,4,6,6,1,1,10,5,5,2,18,2,9,1,1,C03,7,12,1,10,2,11,,84,84,1,13,4,120.715737,24.099049,2
2603,66000,387130000C,(04)23274275,(04)23288582,2025,12,6,11,12,臺中市,東勢區,0,1,0,7,2,6,40,4,1,1,5,4,6,6,3,1,5,5,5,1,3,3,10,5,4,B03,7,4,1,8,2,1,,24,24,1,13,4,120.842149,24.25172,2
2604,66000,387130000C,(04)23274275,(04)23288582,2025,12,6,11,24,臺中市,太平區,0,2,0,7,2,6,50,4,1,1,5,1,6,6,2,1,10,5,5,2,18,2,8,1,1,C03,7,9,1,10,2,14,,84,84,1,12,4,120.722525,24.142371,2
2605,66000,387130000C,(04)23274275,(04)23288582,2025,12,6,11,24,臺中市,大甲區,0,1,0,7,3,6,50,4,1,1,5,4,6,6,1,1,10,5,5,2,17,3,10,1,1,C03,7,9,1,10,2,11,,7,7,1,6,4,120.624517,24.346255,2
2606,66000,387130000C,(04)23274275,(04)23288582,2025,12,6,11,26,臺中市,潭子區,0,2,0,7,2,6,50,4,1,1,5,4,6,6,1,1,10,5,5,2,13,2,9,2,1,C03,7,12,1,10,2,11,,84,84,1,12,4,120.697631,24.216662,2
2607,66000,387130000C,(04)23274275,(04)23288582,2025,12,6,11,27,臺中市,新社區,0,0,0,7,,,50,,,,,,,,,,,,,,12,,,,,F04,,,1,,1,,,56,56,1,13,4,120.799522,24.229272,3
2608,66000,387130000C,(04)23274275,(04)23288582,2025,12,6,11,30,臺中市,太平區,0,1,0,7,3,6,50,4,1,1,5,4,6,6,4,4,10,5,5,2,17,2,9,1,1,C03,7,9,1,10,2,12,,84,84,1,6,4,120.701886,24.153698,2
2609,66000,387130000C,(04)23274275,(04)23288582,2025,12,6,11,30,臺中市,新社區,0,1,0,7,2,6,50,13,9,1,5,4,6,6,4,4,9,5,5,1,13,3,10,5,4,B12,7,9,1,8,4,8,,84,84,1,12,4,120.815906,24.191606,2
2610,66000,387130000C,(04)23274275,(04)23288582,2025,12,6,11,33,臺中市,南屯區,0,0,0,7,,,50,,,,,,,,,,,,,,14,,,,,B03,,,1,,1,,,50,50,1,13,4,120.638573,24.151328,3
2611,66000,387130000C,(04)23274275,(04)23288582,2025,12,6,11,34,臺中市,西屯區,0,0,0,7,,,50,,,,,,,,,,,,,,13,,,,,C03,,,1,,2,,,7,7,1,13,4,120.625826,24.181285,3
2612,66000,387130000C,(04)23274275,(04)23288582,2025,12,6,11,35,臺中市,后里區,0,0,0,7,2,6,40,13,9,1,5,4,6,6,4,4,9,5,5,1,17,3,10,3,1,B03,7,7,1,8,2,2,,8,8,1,12,4,120.715577,24.30664,3
2613,66000,387130000C,(04)23274275,(04)23288582,2025,12,6,11,36,臺中市,西屯區,0,0,0,7,,,50,,,,,,,,,,,,,,14,,,,,C03,,,1,,2,,,49,49,1,12,4,120.66714,24.177129,3
2614,66000,387130000C,(04)23274275,(04)23288582,2025,12,6,11,36,臺中市,烏日區,0,0,0,7,,,50,,,,,,,,,,,,,,13,,,,,C03,,,1,,1,,,7,7,1,6,4,120.620688,24.106508,3
2615,66000,387130000C,(04)23274275,(04)23288582,2025,12,6,11,37,臺中市,大雅區,0,0,0,7,,,50,,,,,,,,,,,,,,17,,,,,B03,,,1,,2,,,8,8,1,12,4,120.654376,24.219087,3
2616,66000,387130000C,(04)23274275,(04)23288582,2025,12,6,11,37,臺中市,大里區,0,1,0,7,2,6,60,3,4,1,5,4,6,6,1,1,3,4,4,1,13,3,10,3,1,B03,7,9,1,8,2,5,,7,7,1,13,4,120.687537,24.086548,2
2617,66000,387130000C,(04)23274275,(04)23288582,2025,12,6,11,38,臺中市,西區,0,0,0,7,,,50,,,,,,,,,,,,,,12,,,,,C03,,,1,,1,,,48,48,1,13,4,120.655235,24.135064,4
2618,66000,387130000C,(04)23274275,(04)23288582,2025,12,6,11,38,臺中市,南區,0,1,0,7,2,6,50,4,1,1,5,4,6,6,2,1,10,5,5,2,16,3,10,3,1,B03,7,5,1,8,2,2,,11,11,1,12,4,120.679193,24.1192,2
2619,66000,387130000C,(04)23274275,(04)23288582,2025,12,6,11,39,臺中市,南區,0,0,0,7,,,50,,,,,,,,,,,,,,,,,,,A11,,,1,,9,,,49,49,1,12,4,120.655448,24.113758,3
2620,66000,387130000C,(04)23274275,(04)23288582,2025,12,6,11,41,臺中市,潭子區,0,0,0,7,,,40,,,,,,,,,,,,,,17,,,,,B03,,,1,,2,,,84,84,1,13,4,120.692273,24.219993,3
2621,66000,387130000C,(04)23274275,(04)23288582,2025,12,6,11,42,臺中市,西屯區,0,0,0,7,,,50,,,,,,,,,,,,,,13,,,,,B03,,,1,,1,,,56,56,1,12,4,120.637074,24.172927,3
2622,66000,387130000C,(04)23274275,(04)23288582,2025,12,6,11,43,臺中市,霧峰區,0,0,0,7,,,50,,,,,,,,,,,,,,,,,,,B03,,,3,,2,,,7,7,1,12,4,120.694958,24.007277,3
2623,66000,387130000C,(04)23274275,(04)23288582,2025,12,6,11,47,臺中市,北區,0,1,0,7,2,6,50,13,9,1,5,4,6,6,4,4,1,3,5,2,12,2,9,2,1,C03,7,1,1,10,2,11,,51,51,1,13,4,120.684022,24.16323,2
2624,66000,387130000C,(04)23274275,(04)23288582,2025,12,6,11,48,臺中市,龍井區,0,0,0,7,,,30,,,,,,,,,,,,,,25,,,,,B13,,,1,,2,,,8,8,1,6,4,120.575909,24.183255,3
2625,66000,387130000C,(04)23274275,(04)23288582,2025,12,6,11,51,臺中市,西屯區,0,0,0,7,,,50,,,,,,,,,,,,,,,,,,,B03,,,1,,2,,,8,8,1,12,4,120.594041,24.184908,3
2626,66000,387130000C,(04)23274275,(04)23288582,2025,12,6,11,56,臺中市,東區,0,0,0,7,,,50,,,,,,,,,,,,,,13,,,,,C03,,,1,,1,,,7,7,1,12,4,120.687348,24.138107,3
2627,66000,387130000C,(04)23274275,(04)23288582,2025,12,6,12,0,臺中市,北區,0,0,0,7,,,50,,,,,,,,,,,,,,17,,,,,C03,,,6,,2,,,85,85,1,13,4,120.69087,24.158413,4
2628,66000,387130000C,(04)23274275,(04)23288582,2025,12,6,12,1,臺中市,西屯區,0,0,0,7,,,50,,,,,,,,,,,,,,13,,,,,C03,,,1,,2,,,7,7,1,12,4,120.653247,24.167293,3
2629,66000,387130000C,(04)23274275,(04)23288582,2025,12,6,12,3,臺中市,北屯區,0,0,0,7,,,50,,,,,,,,,,,,,,,,,,,B03,,,1,,1,,,7,7,1,12,4,120.71613,24.175795,4
2630,66000,387130000C,(04)23274275,(04)23288582,2025,12,6,12,4,臺中市,中區,0,0,0,7,,,50,,,,,,,,,,,,,,,,,,,B03,,,1,,2,,,38,38,1,12,4,120.678021,24.14097,3
2631,66000,387130000C,(04)23274275,(04)23288582,2025,12,6,12,7,臺中市,豐原區,0,1,0,7,2,6,50,4,1,1,5,4,6,6,1,1,5,5,5,1,15,3,10,5,4,B03,7,9,1,8,2,4,,21,21,1,13,4,120.722138,24.257128,2
2632,66000,387130000C,(04)23274275,(04)23288582,2025,12,6,12,8,臺中市,大里區,0,0,0,7,,,50,,,,,,,,,,,,,,17,,,,,B03,,,1,,2,,,8,8,1,12,4,120.689522,24.118121,3
2633,66000,387130000C,(04)23274275,(04)23288582,2025,12,6,12,10,臺中市,清水區,0,1,0,7,3,6,30,5,1,1,5,4,6,6,3,1,5,4,5,1,17,2,8,1,1,C03,7,9,1,10,2,11,,12,12,1,12,4,120.579152,24.272804,2
2634,66000,387130000C,(04)23274275,(04)23288582,2025,12,6,12,15,臺中市,龍井區,0,0,0,7,,,50,,,,,,,,,,,,,,,,,,,B12,,,1,,2,,,51,51,1,6,4,120.523397,24.203235,3
2635,66000,387130000C,(04)23274275,(04)23288582,2025,12,6,12,15,臺中市,清水區,0,0,0,7,2,6,50,4,1,1,5,4,6,6,1,1,8,3,4,2,13,,,,,B03,,,1,,1,,,7,7,1,12,4,120.554359,24.270284,3
2636,66000,387130000C,(04)23274275,(04)23288582,2025,12,6,12,21,臺中市,大里區,0,1,0,7,3,6,50,4,1,1,5,4,6,6,1,1,10,5,5,2,16,2,9,1,1,C03,7,6,1,10,2,11,,11,11,1,6,4,120.692482,24.120053,2
2637,66000,387130000C,(04)23274275,(04)23288582,2025,12,6,12,22,臺中市,太平區,0,0,0,7,,,,,,,,,,,,,,,,,17,,,,,,,,,,,,,86,86,1,,,120.717246,24.131046,3
2638,66000,387130000C,(04)23274275,(04)23288582,2025,12,6,12,25,臺中市,沙鹿區,0,1,0,7,2,6,40,13,8,1,5,4,6,1,4,4,1,5,4,2,18,2,8,1,1,C03,7,9,1,10,2,14,,84,84,1,6,4,120.560682,24.240634,2
2639,66000,387130000C,(04)23274275,(04)23288582,2025,12,6,12,30,臺中市,豐原區,0,0,0,7,,,50,,,,,,,,,,,,,,,,,,,A11,,,1,,2,,,40,40,1,13,4,120.72048,24.265183,3
2640,66000,387130000C,(04)23274275,(04)23288582,2025,12,6,12,33,臺中市,太平區,0,0,0,7,2,6,50,4,1,1,5,4,6,6,2,1,10,5,5,2,12,,,,,B03,,,1,,2,,,40,40,1,12,4,120.712858,24.144449,3
2641,66000,387130000C,(04)23274275,(04)23288582,2025,12,6,12,33,臺中市,大肚區,0,0,0,7,,,50,,,,,,,,,,,,,,13,,,,,B03,,,1,,2,,,7,7,1,6,4,120.543401,24.150546,3
2642,66000,387130000C,(04)23274275,(04)23288582,2025,12,6,12,34,臺中市,大肚區,0,0,0,7,,,30,,,,,,,,,,,,,,14,,,,,B12,,,1,,9,,,82,82,1,6,4,120.574219,24.157959,3
2643,66000,387130000C,(04)23274275,(04)23288582,2025,12,6,12,35,臺中市,大里區,0,0,0,7,,,50,,,,,,,,,,,,,,17,,,,,B03,,,1,,2,,,51,51,1,12,4,120.689797,24.107382,3
2644,66000,387130000C,(04)23274275,(04)23288582,2025,12,6,12,36,臺中市,烏日區,0,3,0,7,2,6,30,4,1,1,5,4,6,6,4,4,10,5,5,2,15,2,9,2,1,C03,7,9,1,10,2,11,,20,20,1,6,4,120.635039,24.110399,2
2645,66000,387130000C,(04)23274275,(04)23288582,2025,12,6,12,39,臺中市,南區,0,0,0,7,,,50,,,,,,,,,,,,,,13,,,,,B03,,,1,,1,,,84,84,1,12,4,120.679395,24.121923,3
2646,66000,387130000C,(04)23274275,(04)23288582,2025,12,6,12,40,臺中市,霧峰區,0,0,0,7,,,50,,,,,,,,,,,,,,,,,,,B03,,,1,,11,,,8,8,1,12,4,120.699393,24.067474,3
2647,66000,387130000C,(04)23274275,(04)23288582,2025,12,6,12,40,臺中市,沙鹿區,0,1,0,7,2,6,50,4,1,1,5,4,6,6,4,4,10,5,5,2,16,3,10,3,1,B03,7,5,1,8,2,8,,14,14,1,6,4,120.565536,24.241773,2
2648,66000,387130000C,(04)23274275,(04)23288582,2025,12,6,12,44,臺中市,南區,0,0,0,7,,,50,,,,,,,,,,,,,,,,,,,B03,,,1,,2,,,7,7,1,12,4,120.6702,24.118393,3
2649,66000,387130000C,(04)23274275,(04)23288582,2025,12,6,12,45,臺中市,豐原區,0,1,0,7,2,6,50,3,1,1,5,4,6,6,4,4,5,5,5,1,16,3,10,5,4,B03,7,6,1,8,2,5,,14,14,1,13,4,120.719274,24.246517,2
2650,66000,387130000C,(04)23274275,(04)23288582,2025,12,6,12,53,臺中市,新社區,0,1,0,7,2,6,40,3,1,1,5,4,6,6,4,4,10,5,5,1,17,3,10,5,4,B03,7,6,1,8,2,1,,14,14,1,12,4,120.825736,24.168079,2
2651,66000,387130000C,(04)23274275,(04)23288582,2025,12,6,12,54,臺中市,西屯區,0,0,0,7,,3,80,,,,,,,,,,,,,,12,,,,,A12,,,1,,1,,,40,40,1,13,4,120.634948,24.179291,3
2652,66000,387130000C,(04)23274275,(04)23288582,2025,12,6,12,57,臺中市,北屯區,0,0,0,7,,,50,,,,,,,,,,,,,,16,,,,,C03,,,3,,1,,,22,22,1,12,4,120.69774,24.170537,3
2653,66000,387130000C,(04)23274275,(04)23288582,2025,12,6,12,57,臺中市,新社區,0,1,0,7,2,6,50,11,9,1,5,4,6,6,4,4,5,5,5,2,18,2,9,5,4,C03,7,6,1,10,2,11,,59,59,1,13,4,120.802945,24.234438,2
2654,66000,387130000C,(04)23274275,(04)23288582,2025,12,6,12,58,臺中市,南屯區,0,1,0,7,3,6,50,13,9,1,5,4,6,6,1,1,5,4,5,2,12,2,8,1,1,C03,7,9,1,10,1,14,,84,84,1,12,4,120.647053,24.146874,2
2655,66000,387130000C,(04)23274275,(04)23288582,2025,12,6,13,0,臺中市,北區,0,0,0,7,,,50,,,,,,,,,,,,,,17,,,,,C03,,,1,,1,,,84,84,1,13,4,120.686037,24.146672,3
2656,66000,387130000C,(04)23274275,(04)23288582,2025,12,6,13,5,臺中市,清水區,0,2,0,7,3,6,30,3,1,1,5,4,6,6,4,4,5,5,5,1,17,3,10,3,1,B03,7,6,1,5,2,1,,15,15,1,12,4,120.573452,24.269468,2
2657,66000,387130000C,(04)23274275,(04)23288582,2025,12,6,13,6,臺中市,南區,0,1,0,7,2,6,40,3,1,1,5,4,6,6,4,4,10,5,5,2,16,3,10,3,1,B03,7,5,1,8,2,1,,20,20,1,12,4,120.670038,24.126456,2
2658,66000,387130000C,(04)23274275,(04)23288582,2025,12,6,13,8,臺中市,北區,0,0,0,7,,,50,,,,,,,,,,,,,,17,,,,,B03,,,1,,2,,,84,84,1,13,4,120.676609,24.155868,3
2659,66000,387130000C,(04)23274275,(04)23288582,2025,12,6,13,8,臺中市,大里區,0,0,0,7,,,50,,,,,,,,,,,,,,13,,,,,C03,,,1,,2,,,7,7,1,13,4,120.689352,24.119056,3
2660,66000,387130000C,(04)23274275,(04)23288582,2025,12,6,13,9,臺中市,東勢區,0,2,0,7,2,6,40,13,8,1,5,4,6,6,4,4,10,5,5,2,17,3,10,1,4,C03,7,1,1,10,2,11,,51,51,1,12,4,120.830629,24.253359,2
2661,66000,387130000C,(04)23274275,(04)23288582,2025,12,6,13,15,臺中市,太平區,0,0,0,7,,,50,,,,,,,,,,,,,,17,,,,,B12,,,1,,2,,,58,58,1,6,4,120.71569,24.104832,3
2662,66000,387130000C,(04)23274275,(04)23288582,2025,12,6,13,17,臺中市,西區,0,0,0,7,,,50,,,,,,,,,,,,,,9,,,,,B03,,,1,,2,,,76,76,1,12,4,120.65811,24.150902,3
2663,66000,387130000C,(04)23274275,(04)23288582,2025,12,6,13,20,臺中市,北屯區,0,0,0,7,,,50,,,,,,,,,,,,,,17,,,,,B03,,,1,,2,,,50,50,1,6,4,120.694013,24.183084,3
2664,66000,387130000C,(04)23274275,(04)23288582,2025,12,6,13,20,臺中市,清水區,0,0,0,7,,,50,,,,,,,,,,,,,,,,,,,A41,,,1,,1,,,48,48,1,12,4,120.540655,24.28949,3
2665,66000,387130000C,(04)23274275,(04)23288582,2025,12,6,13,21,臺中市,南屯區,0,1,0,7,3,6,50,13,9,1,5,4,6,6,4,4,10,5,5,2,11,2,9,1,1,F01,7,5,7,21,2,14,,59,59,1,12,4,120.642534,24.138411,2
2666,66000,387130000C,(04)23274275,(04)23288582,2025,12,6,13,24,臺中市,沙鹿區,0,0,0,7,,,50,,,,,,,,,,,,,,15,,,,,B03,,,1,,2,,,12,12,1,6,4,120.564159,24.242789,3
2667,66000,387130000C,(04)23274275,(04)23288582,2025,12,6,13,25,臺中市,南屯區,0,1,0,7,2,6,60,13,9,1,5,4,6,6,4,4,3,4,5,2,17,3,10,3,1,B12,7,5,1,8,2,2,,84,84,1,12,4,120.635735,24.143409,2
2668,66000,387130000C,(04)23274275,(04)23288582,2025,12,6,13,30,臺中市,大肚區,0,0,0,7,,,50,,,,,,,,,,,,,,17,,,,,B03,,,1,,11,,,85,85,1,6,4,120.57344,24.124233,3
2669,66000,387130000C,(04)23274275,(04)23288582,2025,12,6,13,30,臺中市,清水區,0,0,0,7,,,50,,,,,,,,,,,,,,17,,,,,B03,,,1,,2,,,59,59,1,12,4,120.550537,24.284648,3
2670,66000,387130000C,(04)23274275,(04)23288582,2025,12,6,13,33,臺中市,南區,0,1,0,7,3,6,50,4,1,1,5,4,6,6,1,1,10,5,5,2,12,3,10,5,4,C03,7,9,1,10,2,15,,84,84,1,12,4,120.650059,24.120652,2
2671,66000,387130000C,(04)23274275,(04)23288582,2025,12,6,13,33,臺中市,西屯區,0,2,0,7,1,6,50,4,1,1,5,4,6,6,2,1,10,5,5,2,16,2,9,1,1,C03,7,6,1,10,2,13,,11,11,1,12,4,120.64693,24.168943,2
2672,66000,387130000C,(04)23274275,(04)23288582,2025,12,6,13,34,臺中市,西屯區,0,0,0,7,,,50,,,,,,,,,,,,,,12,,,,,B03,,,1,,1,,,40,40,1,12,4,120.637814,24.175697,3
2673,66000,387130000C,(04)23274275,(04)23288582,2025,12,6,13,34,臺中市,西屯區,0,3,0,7,2,6,50,4,1,1,5,4,6,6,1,1,1,4,4,2,16,3,10,3,1,B03,7,6,1,8,2,2,,11,11,1,12,4,120.639177,24.164973,2
2674,66000,387130000C,(04)23274275,(04)23288582,2025,12,6,13,35,臺中市,清水區,0,0,0,7,2,6,50,13,8,1,5,4,6,6,3,1,8,4,4,2,13,,,,,B03,,,1,,9,,,7,7,1,12,4,120.573641,24.265161,3
2675,66000,387130000C,(04)23274275,(04)23288582,2025,12,6,13,42,臺中市,中區,0,0,0,7,,,50,,,,,,,,,,,,,,17,,,,,,,,,,,,,86,86,1,,,120.681512,24.14068,3
2676,66000,387130000C,(04)23274275,(04)23288582,2025,12,6,13,46,臺中市,西屯區,0,2,0,7,2,6,50,13,9,1,5,4,6,6,4,4,1,4,5,1,12,3,10,2,1,C03,7,8,1,10,2,14,,40,40,1,12,4,120.649838,24.163198,2
2677,66000,387130000C,(04)23274275,(04)23288582,2025,12,6,13,47,臺中市,北區,0,1,0,7,2,6,50,3,9,1,5,4,6,6,4,4,1,4,5,2,17,2,8,5,4,C03,7,9,1,10,2,14,,4,4,1,13,4,120.671934,24.163333,2
2678,66000,387130000C,(04)23274275,(04)23288582,2025,12,6,13,48,臺中市,沙鹿區,0,1,0,7,2,6,50,13,9,1,5,4,6,6,4,4,8,3,5,1,17,3,10,5,4,B03,7,2,1,8,2,3,,49,49,1,13,4,120.562079,24.240642,2
2679,66000,387130000C,(04)23274275,(04)23288582,2025,12,6,13,49,臺中市,西區,0,2,0,7,1,6,50,3,1,1,5,4,6,6,3,1,10,5,5,1,9,2,9,6,5,H01,8,20,7,21,10,17,,109,109,1,13,5,120.670931,24.150064,2
2680,66000,387130000C,(04)23274275,(04)23288582,2025,12,6,13,49,臺中市,大甲區,0,0,0,7,,,50,,,,,,,,,,,,,,30,,,,,B03,,,1,,1,,,50,50,1,6,4,120.625184,24.344937,3
2681,66000,387130000C,(04)23274275,(04)23288582,2025,12,6,13,50,臺中市,南屯區,0,0,0,7,,,50,,,,,,,,,,,,,,13,,,,,B03,,,1,,1,,,7,7,1,12,4,120.647437,24.155568,3
2682,66000,387130000C,(04)23274275,(04)23288582,2025,12,6,13,52,臺中市,大雅區,0,1,0,7,1,6,30,11,9,1,5,4,6,6,4,4,10,5,5,1,17,2,9,2,1,C03,7,9,1,10,2,14,,6,6,1,12,4,120.66025,24.240408,2
2683,66000,387130000C,(04)23274275,(04)23288582,2025,12,6,13,55,臺中市,北區,0,0,0,7,,,50,,,,,,,,,,,,,,17,,,,,A04,,,1,,2,,,84,84,1,13,4,120.671741,24.173169,3
2684,66000,387130000C,(04)23274275,(04)23288582,2025,12,6,13,57,臺中市,北區,0,1,0,7,2,6,50,13,9,1,5,4,6,6,4,4,3,4,4,2,13,2,9,1,1,C03,7,9,1,10,2,12,,84,84,1,12,4,120.680797,24.163044,2
2685,66000,387130000C,(04)23274275,(04)23288582,2025,12,6,13,57,臺中市,西屯區,0,1,0,7,2,6,50,4,1,1,5,4,6,6,2,1,10,5,5,2,15,2,9,1,4,C03,7,9,1,10,2,11,14,21,21,1,12,4,120.644511,24.194386,2
2686,66000,387130000C,(04)23274275,(04)23288582,2025,12,6,13,58,臺中市,北屯區,0,0,0,7,,3,80,,,,,,,,,,,,,,13,,,,,B03,,,1,,1,,,7,7,1,13,4,120.71837,24.160895,3