序號,縣市別代碼,機關代碼,市話,傳真,年,月,日,時,分,縣市,區,死亡數量,受傷數量,2-30,天候,道路照明設備,道路類別,道路速限,道路型態,事故位置,路面鋪裝,路面狀態,路面缺陷,障礙物,視距,號誌種類,號誌動作,分向設施,快車道或一般車道間,快慢車道間,路面邊線,事故類型及型態,受傷程度,主要傷處,保護裝備,行動電話或功能裝置,當事者區分(類別),車輛用途,當事者行動狀態,駕照狀態,駕照種類,飲酒情形,車輛撞擊部位最初,車輛撞擊部位其他,肇事因素個別,肇事因素主要,肇事逃逸,職業,共享經濟或外送平台,GPS座標X,GPS座標Y,事故類別
2687,66000,387130000C,(04)23274275,(04)23288582,2025,12,6,13,59,臺中市,大雅區,0,4,0,7,2,6,30,5,1,1,5,4,6,6,4,4,10,5,5,1,15,2,9,2,1,C03,7,9,1,10,2,12,,15,15,1,13,2,120.664809,24.232864,2
2688,66000,387130000C,(04)23274275,(04)23288582,2025,12,6,13,59,臺中市,北區,0,1,0,7,2,6,50,5,2,1,5,4,6,6,3,1,10,5,5,2,13,2,9,2,1,C03,7,9,1,10,2,11,,7,7,1,13,4,120.666417,24.158944,2
2689,66000,387130000C,(04)23274275,(04)23288582,2025,12,6,14,1,臺中市,北屯區,0,0,0,7,,,30,,,,,,,,,,,,,,1,,,,,B12,,,1,,1,,,41,41,1,6,4,120.725303,24.180803,3
2690,66000,387130000C,(04)23274275,(04)23288582,2025,12,6,14,3,臺中市,北屯區,0,0,0,7,,,50,,,,,,,,,,,,,,,,,,,B03,,,1,,1,,,59,59,1,12,4,120.72442,24.181214,3
2691,66000,387130000C,(04)23274275,(04)23288582,2025,12,6,14,8,臺中市,梧棲區,0,0,0,7,,,70,,,,,,,,,,,,,,13,,,,,B03,,,1,,1,,,7,7,1,6,4,120.552551,24.244115,3
2692,66000,387130000C,(04)23274275,(04)23288582,2025,12,6,14,9,臺中市,大雅區,0,1,0,7,1,6,40,3,8,1,5,4,6,6,1,1,1,4,4,1,13,2,9,2,1,C03,7,5,1,10,2,12,,7,7,1,12,4,120.641545,24.230053,2
2693,66000,387130000C,(04)23274275,(04)23288582,2025,12,6,14,9,臺中市,西屯區,0,0,0,7,,,50,,,,,,,,,,,,,,13,,,,,B12,,,1,,1,,,59,59,1,12,4,120.655898,24.199353,3
2694,66000,387130000C,(04)23274275,(04)23288582,2025,12,6,14,21,臺中市,潭子區,0,0,0,7,,,60,,,,,,,,,,,,,,13,,,,,C03,,,1,,2,,,7,7,1,12,4,120.702514,24.193999,3
2695,66000,387130000C,(04)23274275,(04)23288582,2025,12,6,14,22,臺中市,龍井區,0,0,0,7,,,50,,,,,,,,,,,,,,,,,,,B03,,,1,,9,,,87,87,1,6,4,120.549488,24.212243,3
2696,66000,387130000C,(04)23274275,(04)23288582,2025,12,6,14,24,臺中市,太平區,0,0,0,7,,,50,,,,,,,,,,,,,,17,,,,,C03,,,1,,1,,,84,84,1,13,4,120.716584,24.127728,3
2697,66000,387130000C,(04)23274275,(04)23288582,2025,12,6,14,25,臺中市,西屯區,0,0,0,7,,,50,,,,,,,,,,,,,,14,,,,,B03,,,1,,1,,,82,82,1,13,4,120.624383,24.178531,3
2698,66000,387130000C,(04)23274275,(04)23288582,2025,12,6,14,29,臺中市,大雅區,0,2,0,7,2,6,60,4,1,1,5,4,6,6,1,1,5,4,5,1,16,2,9,2,1,C03,7,6,2,19,2,12,,36,36,1,13,4,120.667049,24.235754,2
2699,66000,387130000C,(04)23274275,(04)23288582,2025,12,6,14,30,臺中市,南區,0,0,0,7,,,50,,,,,,,,,,,,,,,,,,,B12,,,1,,1,,,8,8,1,12,4,120.665964,24.116738,3
2700,66000,387130000C,(04)23274275,(04)23288582,2025,12,6,14,30,臺中市,和平區,0,1,0,7,3,9,30,13,9,1,5,4,5,6,4,4,10,5,5,2,20,2,9,2,1,C03,7,9,1,10,2,11,,55,55,1,6,4,121.258329,24.251433,2
2701,66000,387130000C,(04)23274275,(04)23288582,2025,12,6,14,35,臺中市,潭子區,0,0,0,7,,,,,,,,,,,,,,,,,9,,,,,,,,,,,,,86,86,1,,,120.703496,24.207221,3
2702,66000,387130000C,(04)23274275,(04)23288582,2025,12,6,14,35,臺中市,西屯區,0,1,0,7,1,6,30,4,1,1,5,4,6,6,4,4,10,5,5,2,13,3,10,3,1,B03,7,5,1,8,2,5,,7,7,1,12,4,120.594659,24.196105,2
2703,66000,387130000C,(04)23274275,(04)23288582,2025,12,6,14,45,臺中市,南屯區,0,0,0,7,,,50,,,,,,,,,,,,,,,,,,,B03,,,1,,1,,,7,7,1,12,4,120.647597,24.124399,3
2704,66000,387130000C,(04)23274275,(04)23288582,2025,12,6,14,59,臺中市,北屯區,0,1,0,7,2,6,50,13,9,1,5,4,6,6,4,4,1,4,5,2,16,3,10,3,1,B03,7,7,1,7,2,2,,40,40,1,12,4,120.699269,24.177008,2
2705,66000,387130000C,(04)23274275,(04)23288582,2025,12,6,15,0,臺中市,西區,0,0,0,7,,,50,,,,,,,,,,,,,,13,,,,,B03,,,1,,1,,,84,84,1,13,4,120.657476,24.143919,3
2706,66000,387130000C,(04)23274275,(04)23288582,2025,12,6,15,0,臺中市,豐原區,0,1,0,7,1,6,30,13,9,1,5,4,6,6,4,4,10,5,5,2,17,2,9,1,1,C03,7,9,1,10,2,11,,56,56,1,6,4,120.727666,24.243012,2
2707,66000,387130000C,(04)23274275,(04)23288582,2025,12,6,15,0,臺中市,神岡區,0,2,0,7,2,6,50,3,1,1,5,4,6,6,4,4,10,5,5,2,17,2,9,2,1,C03,7,9,1,10,2,12,,7,7,1,6,4,120.680983,24.250221,2
2708,66000,387130000C,(04)23274275,(04)23288582,2025,12,6,15,3,臺中市,北區,0,0,0,7,,,50,,,,,,,,,,,,,,13,,,,,B03,,,1,,2,,,59,59,1,12,4,120.673776,24.165143,3
2709,66000,387130000C,(04)23274275,(04)23288582,2025,12,6,15,5,臺中市,北區,0,1,0,7,2,6,50,13,9,1,5,4,6,6,4,4,10,5,5,2,17,2,7,5,4,C03,7,15,1,10,2,13,12,84,84,1,12,4,120.685837,24.16536,2
2710,66000,387130000C,(04)23274275,(04)23288582,2025,12,6,15,5,臺中市,南屯區,0,0,0,7,3,6,50,13,9,1,5,4,6,6,4,4,5,5,5,2,17,,,,,C03,,,1,,1,,,39,39,1,12,4,120.642632,24.148797,3
2711,66000,387130000C,(04)23274275,(04)23288582,2025,12,6,15,9,臺中市,西屯區,0,1,0,7,2,6,30,3,1,1,5,4,6,6,4,4,10,5,5,2,16,3,10,5,4,C03,7,6,1,10,2,13,,14,14,1,13,4,120.648133,24.176528,2
2712,66000,387130000C,(04)23274275,(04)23288582,2025,12,6,15,10,臺中市,西屯區,0,0,0,7,,,30,,,,,,,,,,,,,,13,,,,,C03,,,1,,1,,,7,7,1,12,4,120.620491,24.197937,3
2713,66000,387130000C,(04)23274275,(04)23288582,2025,12,6,15,14,臺中市,北區,0,4,0,7,2,6,50,4,1,1,5,4,6,6,2,1,10,5,5,2,17,2,9,3,1,B03,7,5,1,8,2,2,,38,38,1,12,4,120.665532,24.153785,2
2714,66000,387130000C,(04)23274275,(04)23288582,2025,12,6,15,14,臺中市,烏日區,0,1,0,7,2,6,50,13,7,1,5,4,6,6,4,4,5,5,4,2,13,2,9,5,4,C03,7,9,1,10,2,11,,7,7,1,12,4,120.60861,24.11587,2
2715,66000,387130000C,(04)23274275,(04)23288582,2025,12,6,15,15,臺中市,神岡區,0,1,0,7,2,6,30,3,2,1,5,4,6,6,4,4,5,2,5,1,17,2,9,5,4,C03,7,6,1,10,2,12,,39,39,1,12,4,120.709136,24.259391,2
2716,66000,387130000C,(04)23274275,(04)23288582,2025,12,6,15,17,臺中市,北屯區,0,1,0,7,2,6,50,13,9,1,5,4,6,6,4,4,1,4,5,2,17,2,9,2,1,C03,7,9,1,10,2,11,12,58,58,1,12,4,120.734685,24.174163,2
2717,66000,387130000C,(04)23274275,(04)23288582,2025,12,6,15,18,臺中市,北屯區,0,2,0,7,3,6,40,4,1,1,5,4,6,6,4,4,10,5,5,2,15,2,9,1,1,C03,7,9,3,19,2,13,12,15,15,1,6,4,120.690131,24.164088,2
2718,66000,387130000C,(04)23274275,(04)23288582,2025,12,6,15,19,臺中市,沙鹿區,0,0,0,7,,,50,,,,,,,,,,,,,,17,,,,,B03,,,1,,2,,,84,84,1,6,4,120.558851,24.232811,3
2719,66000,387130000C,(04)23274275,(04)23288582,2025,12,6,15,20,臺中市,東區,0,0,0,7,,,50,,,,,,,,,,,,,,17,,,,,B03,,,1,,1,,,84,84,1,12,4,120.696325,24.134978,3
2720,66000,387130000C,(04)23274275,(04)23288582,2025,12,6,15,20,臺中市,太平區,0,1,0,7,2,6,50,13,7,1,5,4,6,6,4,4,5,5,4,1,13,2,9,1,1,C03,7,9,1,10,2,11,,84,84,1,12,4,120.72025,24.149121,2
2721,66000,387130000C,(04)23274275,(04)23288582,2025,12,6,15,22,臺中市,北屯區,0,1,0,7,2,6,50,3,1,1,5,4,6,6,2,1,10,5,5,2,12,2,8,2,2,C03,7,8,1,10,2,11,,42,42,1,12,4,120.714833,24.174188,2
2722,66000,387130000C,(04)23274275,(04)23288582,2025,12,6,15,22,臺中市,西屯區,0,1,0,7,1,6,0,3,2,1,5,4,6,6,4,4,1,3,5,1,12,2,9,4,1,F01,7,9,7,21,2,11,,59,59,1,12,1,120.650297,24.163835,2
2723,66000,387130000C,(04)23274275,(04)23288582,2025,12,6,15,23,臺中市,潭子區,0,2,0,7,3,6,40,13,11,1,5,4,6,6,4,4,1,4,4,1,13,2,9,2,1,C03,7,9,1,10,2,11,,84,84,1,12,4,120.689341,24.220267,2
2724,66000,387130000C,(04)23274275,(04)23288582,2025,12,6,15,25,臺中市,豐原區,0,0,0,7,,,50,,,,,,,,,,,,,,17,,,,,B03,,,1,,2,,,51,51,1,13,4,120.724765,24.246646,3
2725,66000,387130000C,(04)23274275,(04)23288582,2025,12,6,15,26,臺中市,龍井區,0,0,0,7,,,50,,,,,,,,,,,,,,,,,,,B03,,,1,,1,,,84,84,1,12,4,120.560205,24.184175,3
2726,66000,387130000C,(04)23274275,(04)23288582,2025,12,6,15,27,臺中市,大里區,0,2,0,7,2,6,50,4,1,1,5,4,6,6,1,1,10,5,5,2,16,3,10,3,1,B03,7,6,1,8,2,1,,11,11,1,12,4,120.683815,24.110304,2
2727,66000,387130000C,(04)23274275,(04)23288582,2025,12,6,15,27,臺中市,太平區,0,2,0,7,3,6,50,3,2,1,5,4,6,6,4,4,10,5,5,1,16,2,9,1,1,C03,7,6,1,10,2,11,,14,14,1,6,4,120.716455,24.150442,2
2728,66000,387130000C,(04)23274275,(04)23288582,2025,12,6,15,28,臺中市,北屯區,0,2,0,7,2,6,50,3,1,1,5,4,6,6,4,4,1,3,5,2,13,2,9,2,1,C03,7,9,3,19,11,11,12,85,85,1,12,4,120.669033,24.173536,2
2729,66000,387130000C,(04)23274275,(04)23288582,2025,12,6,15,29,臺中市,西屯區,0,0,0,7,,,50,,,,,,,,,,,,,,12,,,,,B03,,,1,,1,,,51,51,1,12,4,120.647799,24.159737,3
2730,66000,387130000C,(04)23274275,(04)23288582,2025,12,6,15,29,臺中市,西屯區,0,1,0,7,2,6,50,5,1,1,5,4,6,6,2,1,10,5,5,2,16,2,8,2,4,C03,7,6,1,10,2,12,,36,36,1,13,4,120.644362,24.194646,2
2731,66000,387130000C,(04)23274275,(04)23288582,2025,12,6,15,31,臺中市,大里區,0,0,0,7,,,50,,,,,,,,,,,,,,17,,,,,B03,,,1,,2,,,49,49,1,12,4,120.6783,24.09919,3
2732,66000,387130000C,(04)23274275,(04)23288582,2025,12,6,15,39,臺中市,大里區,0,0,0,7,,,50,,,,,,,,,,,,,,17,,,,,A04,,,1,,2,,,7,7,1,13,4,120.728044,24.09134,3
2733,66000,387130000C,(04)23274275,(04)23288582,2025,12,6,15,44,臺中市,豐原區,0,0,0,7,,,50,,,,,,,,,,,,,,13,,,,,B03,,,5,,2,,,84,84,1,13,4,120.748838,24.268771,3
2734,66000,387130000C,(04)23274275,(04)23288582,2025,12,6,15,48,臺中市,南屯區,0,0,0,7,,,50,,,,,,,,,,,,,,16,,,,,B03,,,1,,1,,,51,51,1,12,4,120.648254,24.132145,3
2735,66000,387130000C,(04)23274275,(04)23288582,2025,12,6,15,51,臺中市,梧棲區,0,2,0,7,2,6,50,4,1,1,5,4,6,6,4,4,10,5,5,2,15,2,9,1,1,C03,7,9,1,10,2,11,12,12,12,1,6,4,120.534128,24.246545,2
2736,66000,387130000C,(04)23274275,(04)23288582,2025,12,6,15,53,臺中市,北區,0,1,0,7,3,6,50,13,9,1,5,4,6,6,4,4,10,5,5,2,9,3,10,3,1,B03,7,9,5,19,1,5,,55,55,2,12,4,120.673337,24.166906,2
2737,66000,387130000C,(04)23274275,(04)23288582,2025,12,6,15,58,臺中市,西屯區,0,0,0,7,,,40,,,,,,,,,,,,,,13,,,,,B03,,,1,,1,,,59,59,1,12,4,120.639194,24.168835,3
2738,66000,387130000C,(04)23274275,(04)23288582,2025,12,6,16,2,臺中市,清水區,0,0,0,7,,,50,,,,,,,,,,,,,,,,,,,B12,,,1,,2,,,39,39,1,12,4,120.611798,24.277322,3
2739,66000,387130000C,(04)23274275,(04)23288582,2025,12,6,16,3,臺中市,北區,0,1,0,7,2,6,50,5,1,1,5,4,6,6,1,1,10,5,5,2,17,2,9,5,4,C03,7,9,1,10,2,11,,84,84,1,12,4,120.686215,24.154797,2
2740,66000,387130000C,(04)23274275,(04)23288582,2025,12,6,16,5,臺中市,烏日區,0,1,0,7,2,6,30,3,1,1,5,4,6,6,4,4,10,5,5,2,16,3,10,2,1,C03,7,6,1,10,2,11,,13,13,1,6,4,120.631934,24.108522,2
2741,66000,387130000C,(04)23274275,(04)23288582,2025,12,6,16,9,臺中市,北區,0,0,0,7,,,50,,,,,,,,,,,,,,14,,,,,B12,,,1,,1,,,49,49,1,13,4,120.679441,24.149535,3
2742,66000,387130000C,(04)23274275,(04)23288582,2025,12,6,16,13,臺中市,北屯區,0,1,0,7,2,6,50,4,1,1,5,4,6,6,2,1,10,5,5,2,16,3,10,3,1,B03,7,5,1,7,2,2,,38,38,1,6,4,120.719268,24.163238,2
2743,66000,387130000C,(04)23274275,(04)23288582,2025,12,6,16,14,臺中市,霧峰區,0,0,0,7,2,6,40,4,1,1,5,4,6,6,1,1,10,5,5,2,13,,,,,B03,,,1,,2,,,59,59,1,6,4,120.699192,24.077973,3
2744,66000,387130000C,(04)23274275,(04)23288582,2025,12,6,16,16,臺中市,太平區,0,2,0,7,2,6,30,11,9,1,5,4,6,6,4,4,4,5,5,1,17,2,9,2,1,C03,7,9,3,19,2,14,,84,84,1,13,4,120.808065,24.095749,2
2745,66000,387130000C,(04)23274275,(04)23288582,2025,12,6,16,16,臺中市,龍井區,0,2,0,7,2,6,60,13,9,1,5,4,6,6,4,4,4,1,5,1,13,2,9,2,1,C03,7,9,1,10,2,11,,84,84,1,6,4,120.509391,24.191694,2
2746,66000,387130000C,(04)23274275,(04)23288582,2025,12,6,16,16,臺中市,后里區,0,3,0,7,2,6,50,4,1,1,5,4,6,6,1,1,1,4,4,1,17,3,10,3,1,B03,7,5,1,8,2,6,,65,65,1,12,4,120.72214,24.304437,2
2747,66000,387130000C,(04)23274275,(04)23288582,2025,12,6,16,19,臺中市,北區,0,0,0,7,,,50,,,,,,,,,,,,,,17,,,,,C03,,,1,,1,,,59,59,1,12,2,120.689278,24.153931,3
2748,66000,387130000C,(04)23274275,(04)23288582,2025,12,6,16,20,臺中市,北區,0,2,0,7,2,6,50,13,9,1,5,4,6,6,2,1,5,4,5,2,17,3,10,3,1,B03,7,14,1,8,2,2,,84,84,1,13,4,120.686397,24.147518,2
2749,66000,387130000C,(04)23274275,(04)23288582,2025,12,6,16,22,臺中市,北屯區,0,0,0,7,,,50,,,,,,,,,,,,,,,,,,,B03,,,1,,2,,,58,58,1,6,4,120.714609,24.160483,3
2750,66000,387130000C,(04)23274275,(04)23288582,2025,12,6,16,24,臺中市,西屯區,0,0,0,7,,,50,,,,,,,,,,,,,,15,,,,,B03,,,1,,1,,,21,21,1,13,4,120.635361,24.176122,3
2751,66000,387130000C,(04)23274275,(04)23288582,2025,12,6,16,25,臺中市,南屯區,0,0,0,7,,,50,,,,,,,,,,,,,,,,,,,B03,,,1,,1,,,7,7,1,12,4,120.603027,24.159499,3
2752,66000,387130000C,(04)23274275,(04)23288582,2025,12,6,16,25,臺中市,西屯區,0,1,0,7,2,6,40,3,9,1,5,4,6,6,4,4,1,4,5,1,18,2,9,2,1,C03,7,6,1,10,2,14,,59,59,1,12,4,120.604942,24.193418,2
2753,66000,387130000C,(04)23274275,(04)23288582,2025,12,6,16,30,臺中市,西屯區,0,3,0,7,2,6,30,13,9,1,5,4,6,3,4,4,10,5,5,2,13,2,9,1,4,C03,7,9,1,10,2,11,,59,59,1,12,4,120.660537,24.206919,2
2754,66000,387130000C,(04)23274275,(04)23288582,2025,12,6,16,31,臺中市,北屯區,0,0,0,7,,,50,,,,,,,,,,,,,,17,,,,,B03,,,1,,1,,,59,59,1,6,4,120.686379,24.18654,3
2755,66000,387130000C,(04)23274275,(04)23288582,2025,12,6,16,33,臺中市,中區,0,1,0,7,2,6,50,3,1,1,4,4,6,6,4,4,10,4,5,2,18,2,9,5,4,C03,7,9,1,10,2,12,,85,85,1,13,4,120.680417,24.141087,2
2756,66000,387130000C,(04)23274275,(04)23288582,2025,12,6,16,34,臺中市,北屯區,0,1,0,7,2,6,50,4,1,1,5,4,6,6,2,1,10,5,5,2,16,3,10,2,1,C03,7,6,1,10,2,11,,11,11,1,12,4,120.719611,24.180137,2
2757,66000,387130000C,(04)23274275,(04)23288582,2025,12,6,16,37,臺中市,烏日區,0,0,0,7,,,60,,,,,,,,,,,,,,13,,,,,C03,,,1,,1,,,7,7,1,6,4,120.641768,24.108915,3
2758,66000,387130000C,(04)23274275,(04)23288582,2025,12,6,16,38,臺中市,龍井區,0,2,0,7,2,6,50,3,9,1,5,4,6,6,1,1,4,5,5,1,13,2,9,2,1,C03,7,9,4,10,8,11,,7,7,1,6,4,120.542998,24.192513,2
2759,66000,387130000C,(04)23274275,(04)23288582,2025,12,6,16,40,臺中市,中區,0,0,0,7,,,50,,,,,,,,,,,,,,14,,,,,B02,,,1,,1,,,49,49,1,13,4,120.684907,24.139322,3
2760,66000,387130000C,(04)23274275,(04)23288582,2025,12,6,16,42,臺中市,霧峰區,0,0,0,7,2,6,40,13,9,1,5,4,6,6,4,4,5,5,5,1,17,,,,,C03,,,1,,1,,,59,59,1,6,4,120.685361,24.065582,3
2761,66000,387130000C,(04)23274275,(04)23288582,2025,12,6,16,43,臺中市,霧峰區,0,2,0,7,2,6,50,4,1,1,5,4,6,6,4,4,10,5,5,2,12,2,8,1,1,C03,7,9,1,10,2,14,,1,1,1,12,4,120.682805,24.065316,2
2762,66000,387130000C,(04)23274275,(04)23288582,2025,12,6,16,46,臺中市,梧棲區,0,1,0,7,3,6,50,13,9,1,5,4,6,6,4,4,10,5,4,2,17,2,8,1,1,C03,7,9,1,10,2,11,,59,59,1,6,4,120.549633,24.257962,2
2763,66000,387130000C,(04)23274275,(04)23288582,2025,12,6,16,47,臺中市,龍井區,0,0,0,7,,,30,,,,,,,,,,,,,,,,,,,F03,,,7,,9,,,15,15,1,6,4,120.493986,24.205385,3
2764,66000,387130000C,(04)23274275,(04)23288582,2025,12,6,16,48,臺中市,南區,0,0,0,7,,,50,,,,,,,,,,,,,,13,,,,,B03,,,1,,1,,,7,7,1,6,4,120.651179,24.121394,3
2765,66000,387130000C,(04)23274275,(04)23288582,2025,12,6,16,48,臺中市,北屯區,0,0,0,7,,,50,,,,,,,,,,,,,,2,,,,,B03,,,1,,2,,,84,84,1,13,4,120.731343,24.173058,3
2766,66000,387130000C,(04)23274275,(04)23288582,2025,12,6,16,48,臺中市,西屯區,0,0,0,7,,,50,,,,,,,,,,,,,,13,,,,,B03,,,1,,2,,,7,7,1,13,4,120.63685,24.171728,3
2767,66000,387130000C,(04)23274275,(04)23288582,2025,12,6,16,53,臺中市,霧峰區,0,1,0,7,3,6,40,4,1,1,5,4,6,6,1,1,9,4,4,1,16,3,10,3,1,B12,7,5,1,8,2,5,,11,11,1,13,4,120.662657,24.07262,2
2768,66000,387130000C,(04)23274275,(04)23288582,2025,12,6,16,56,臺中市,北屯區,0,0,0,7,,,50,,,,,,,,,,,,,,,,,,,B02,,,1,,9,,,86,86,1,12,4,120.687865,24.182027,4
2769,66000,387130000C,(04)23274275,(04)23288582,2025,12,6,17,2,臺中市,西屯區,0,0,0,7,,,50,,,,,,,,,,,,,,14,,,,,B03,,,1,,1,,,49,49,1,12,4,120.646886,24.15706,3
2770,66000,387130000C,(04)23274275,(04)23288582,2025,12,6,17,6,臺中市,太平區,0,0,0,7,,,50,,,,,,,,,,,,,,17,,,,,C03,,,1,,2,,,51,51,1,12,4,120.734027,24.143884,3
2771,66000,387130000C,(04)23274275,(04)23288582,2025,12,6,17,21,臺中市,西區,0,0,0,7,,,50,,,,,,,,,,,,,,,,,,,C03,,,1,,1,,,84,84,1,12,4,120.669787,24.150697,3
2772,66000,387130000C,(04)23274275,(04)23288582,2025,12,6,17,27,臺中市,大甲區,0,0,0,7,,,50,,,,,,,,,,,,,,,,,,,B03,,,1,,2,,,84,84,1,12,4,120.614226,24.371433,3
2773,66000,387130000C,(04)23274275,(04)23288582,2025,12,6,17,28,臺中市,西區,0,1,0,7,1,6,50,3,2,1,5,4,6,6,4,4,5,4,5,1,17,2,9,2,1,C03,7,4,1,10,2,14,,84,84,1,12,4,120.661695,24.151813,2
2774,66000,387130000C,(04)23274275,(04)23288582,2025,12,6,17,28,臺中市,龍井區,0,0,0,7,,,50,,,,,,,,,,,,,,,,,,,C03,,,1,,2,,,7,7,1,12,4,120.582243,24.177657,3
2775,66000,387130000C,(04)23274275,(04)23288582,2025,12,6,17,29,臺中市,西屯區,0,0,0,7,,,40,,,,,,,,,,,,,,14,,,,,B03,,,1,,2,,,49,49,1,12,4,120.607634,24.194899,3
2776,66000,387130000C,(04)23274275,(04)23288582,2025,12,6,17,31,臺中市,西區,0,1,0,7,1,6,50,4,1,1,5,4,6,6,1,1,10,5,5,2,16,3,10,5,4,B03,7,5,1,8,2,5,,20,20,1,13,4,120.667532,24.141802,2
2777,66000,387130000C,(04)23274275,(04)23288582,2025,12,6,17,32,臺中市,南屯區,0,0,0,7,,,50,,,,,,,,,,,,,,13,,,,,B03,,,1,,1,,,7,7,1,12,4,120.648813,24.139811,3
2778,66000,387130000C,(04)23274275,(04)23288582,2025,12,6,17,32,臺中市,沙鹿區,0,0,0,7,,,40,,,,,,,,,,,,,,,,,,,C03,,,1,,2,,,8,8,1,12,4,120.569154,24.221784,3
2779,66000,387130000C,(04)23274275,(04)23288582,2025,12,6,17,33,臺中市,西屯區,0,1,0,7,1,6,50,4,1,1,5,4,6,6,1,1,1,4,5,1,15,3,10,5,4,B03,7,9,1,8,2,2,,21,21,1,13,4,120.656504,24.199884,2
2780,66000,387130000C,(04)23274275,(04)23288582,2025,12,6,17,33,臺中市,石岡區,0,0,0,7,,,50,,,,,,,,,,,,,,,,,,,B03,,,1,,1,,,43,43,1,12,4,120.763628,24.27721,3
2781,66000,387130000C,(04)23274275,(04)23288582,2025,12,6,17,34,臺中市,東區,0,1,0,7,1,6,50,3,1,1,5,4,6,6,4,4,10,5,5,2,17,2,9,4,1,F01,7,6,7,21,1,14,,13,13,1,2,4,120.691233,24.131746,2
2782,66000,387130000C,(04)23274275,(04)23288582,2025,12,6,17,40,臺中市,豐原區,0,2,0,7,3,6,50,3,1,1,5,4,6,6,1,1,5,5,5,1,10,2,9,1,4,C04,7,9,1,10,2,11,,39,39,1,12,4,120.728001,24.244936,2
2783,66000,387130000C,(04)23274275,(04)23288582,2025,12,6,17,45,臺中市,南區,0,1,0,7,1,6,50,13,9,1,5,4,6,6,4,4,3,5,5,2,17,3,10,5,4,B03,7,15,1,8,2,2,,1,1,1,6,4,120.657743,24.129006,2
2784,66000,387130000C,(04)23274275,(04)23288582,2025,12,6,17,49,臺中市,豐原區,0,1,0,7,1,6,50,13,7,1,5,4,6,6,4,4,5,4,4,2,17,3,10,3,1,B12,7,13,1,8,7,4,,76,76,1,6,4,120.726098,24.242921,2
2785,66000,387130000C,(04)23274275,(04)23288582,2025,12,6,17,52,臺中市,北區,0,0,0,6,2,6,40,13,8,1,5,4,6,6,,4,1,4,4,2,13,3,10,1,1,C03,7,9,1,10,1,11,,84,84,1,12,4,120.685129,24.164115,3
2786,66000,387130000C,(04)23274275,(04)23288582,2025,12,6,17,52,臺中市,梧棲區,0,1,0,7,1,6,50,4,1,1,5,4,6,6,1,1,10,5,5,2,16,3,10,3,1,B03,7,6,1,8,2,1,,11,11,1,12,4,120.536746,24.260458,2
2787,66000,387130000C,(04)23274275,(04)23288582,2025,12,6,17,53,臺中市,南屯區,0,0,0,7,,,50,,,,,,,,,,,,,,13,,,,,C03,,,1,,2,,,59,59,1,12,4,120.633676,24.152352,4
2788,66000,387130000C,(04)23274275,(04)23288582,2025,12,6,17,53,臺中市,南屯區,0,0,0,7,,,30,,,,,,,,,,,,,,14,,,,,B03,,,1,,9,,,49,49,2,12,4,120.652009,24.138118,3
2789,66000,387130000C,(04)23274275,(04)23288582,2025,12,6,17,55,臺中市,北屯區,0,1,0,7,1,3,40,13,17,1,5,4,6,6,4,4,10,5,5,1,13,3,10,3,1,B03,7,12,1,8,1,1,,7,7,1,6,4,120.681468,24.201213,2
2790,66000,387130000C,(04)23274275,(04)23288582,2025,12,6,17,55,臺中市,龍井區,0,0,0,7,,,60,,,,,,,,,,,,,,13,,,,,B03,,,1,,1,,,7,7,1,6,4,120.587177,24.185808,3
2791,66000,387130000C,(04)23274275,(04)23288582,2025,12,6,17,57,臺中市,東區,0,0,0,7,,,50,,,,,,,,,,,,,,16,,,,,B03,,,1,,1,,,47,47,1,12,4,120.699149,24.129721,4
2792,66000,387130000C,(04)23274275,(04)23288582,2025,12,6,18,0,臺中市,烏日區,0,0,0,7,,,50,,,,,,,,,,,,,,,,,,,B03,,,1,,1,,,76,76,1,13,4,120.642524,24.109334,4
2793,66000,387130000C,(04)23274275,(04)23288582,2025,12,6,18,1,臺中市,南區,0,1,0,7,1,6,50,4,1,1,5,4,6,6,1,1,5,5,5,2,11,3,10,3,1,B03,7,6,1,8,2,8,,11,11,1,6,4,120.672902,24.131261,2
2794,66000,387130000C,(04)23274275,(04)23288582,2025,12,6,18,3,臺中市,南屯區,0,0,0,7,,,50,,,,,,,,,,,,,,,,,,,B03,,,1,,1,,,7,7,1,12,4,120.648211,24.135498,3
2795,66000,387130000C,(04)23274275,(04)23288582,2025,12,6,18,5,臺中市,北屯區,0,0,0,7,,3,80,,,,,,,,,,,,,,,,,,,B02,,,1,,2,,,7,7,1,6,4,120.722401,24.188996,3
2796,66000,387130000C,(04)23274275,(04)23288582,2025,12,6,18,7,臺中市,北區,0,0,0,7,,,30,,,,,,,,,,,,,,17,,,,,B03,,,1,,2,,,8,8,1,13,4,120.681472,24.146831,3
2797,66000,387130000C,(04)23274275,(04)23288582,2025,12,6,18,8,臺中市,西區,0,0,0,7,,,30,,,,,,,,,,,,,,17,,,,,,,,,,,,,86,86,1,,,120.658311,24.146042,3
2798,66000,387130000C,(04)23274275,(04)23288582,2025,12,6,18,14,臺中市,北屯區,0,1,0,7,1,6,40,4,2,1,5,4,6,6,1,1,1,4,4,2,13,2,9,1,1,C03,7,9,1,10,2,11,,84,84,1,6,4,120.699564,24.160711,2
2799,66000,387130000C,(04)23274275,(04)23288582,2025,12,6,18,20,臺中市,北區,0,0,0,7,,,50,,,,,,,,,,,,,,17,,,,,B03,,,1,,1,,,51,51,1,12,4,120.688893,24.153521,4