序號,縣市別代碼,機關代碼,市話,傳真,年,月,日,時,分,縣市,區,死亡數量,受傷數量,2-30,天候,道路照明設備,道路類別,道路速限,道路型態,事故位置,路面鋪裝,路面狀態,路面缺陷,障礙物,視距,號誌種類,號誌動作,分向設施,快車道或一般車道間,快慢車道間,路面邊線,事故類型及型態,受傷程度,主要傷處,保護裝備,行動電話或功能裝置,當事者區分(類別),車輛用途,當事者行動狀態,駕照狀態,駕照種類,飲酒情形,車輛撞擊部位最初,車輛撞擊部位其他,肇事因素個別,肇事因素主要,肇事逃逸,職業,共享經濟或外送平台,GPS座標X,GPS座標Y,事故類別
2800,66000,387130000C,(04)23274275,(04)23288582,2025,12,6,18,23,臺中市,后里區,0,0,0,7,,,40,,,,,,,,,,,,,,,,,,,C03,,,1,,2,,,4,4,1,13,4,120.71985,24.307607,3
2801,66000,387130000C,(04)23274275,(04)23288582,2025,12,6,18,29,臺中市,西區,0,0,0,7,,,50,,,,,,,,,,,,,,,,,,,C03,,,1,,1,,,7,7,1,12,4,120.655081,24.150801,3
2802,66000,387130000C,(04)23274275,(04)23288582,2025,12,6,18,33,臺中市,烏日區,0,0,0,7,,,30,,,,,,,,,,,,,,12,,,,,A04,,,1,,1,,,8,8,1,6,4,120.61611,24.110266,3
2803,66000,387130000C,(04)23274275,(04)23288582,2025,12,6,18,38,臺中市,西區,0,2,0,7,1,6,50,3,2,1,5,4,6,6,4,4,10,5,5,1,18,2,9,2,1,F03,7,14,7,21,2,15,,84,84,1,13,4,120.664446,24.149915,2
2804,66000,387130000C,(04)23274275,(04)23288582,2025,12,6,18,42,臺中市,西區,0,1,0,7,1,6,50,13,9,1,5,4,6,6,4,4,5,5,5,2,12,2,9,5,4,C03,7,9,1,10,2,14,,68,68,1,13,4,120.65526,24.143651,2
2805,66000,387130000C,(04)23274275,(04)23288582,2025,12,6,18,44,臺中市,南屯區,0,0,0,7,,,50,,,,,,,,,,,,,,9,,,,,C03,,,1,,1,,,59,59,1,12,4,120.61119,24.134372,3
2806,66000,387130000C,(04)23274275,(04)23288582,2025,12,6,18,46,臺中市,東勢區,0,0,0,7,,,60,,,,,,,,,,,,,,13,,,,,B03,,,1,,1,,,7,7,1,13,4,120.83185,24.246704,3
2807,66000,387130000C,(04)23274275,(04)23288582,2025,12,6,18,46,臺中市,豐原區,0,0,0,7,,,60,,,,,,,,,,,,,,13,,,,,B03,,,1,,2,,,59,59,1,13,4,120.715182,24.262909,3
2808,66000,387130000C,(04)23274275,(04)23288582,2025,12,6,18,50,臺中市,大里區,0,0,0,7,,,50,,,,,,,,,,,,,,,,,,,B12,,,1,,1,,,78,78,1,12,4,120.702531,24.098596,3
2809,66000,387130000C,(04)23274275,(04)23288582,2025,12,6,19,1,臺中市,潭子區,0,1,0,7,1,6,60,3,2,1,5,4,6,6,4,4,1,4,4,1,17,3,10,3,1,B03,7,5,1,8,2,6,,14,14,1,13,4,120.702427,24.188273,2
2810,66000,387130000C,(04)23274275,(04)23288582,2025,12,6,19,1,臺中市,西區,0,0,0,7,,,50,,,,,,,,,,,,,,13,,,,,C03,,,1,,1,,,59,59,1,13,4,120.661706,24.152484,4
2811,66000,387130000C,(04)23274275,(04)23288582,2025,12,6,19,5,臺中市,豐原區,0,1,0,7,3,6,50,13,9,1,5,4,6,6,4,4,9,5,5,2,17,2,9,1,4,C03,7,9,1,10,2,14,,84,84,1,12,4,120.730695,24.248826,2
2812,66000,387130000C,(04)23274275,(04)23288582,2025,12,6,19,6,臺中市,西區,0,0,0,7,,,50,,,,,,,,,,,,,,,,,,,C03,,,1,,1,,,49,49,1,12,4,120.661488,24.147443,3
2813,66000,387130000C,(04)23274275,(04)23288582,2025,12,6,19,7,臺中市,北屯區,0,1,0,7,2,6,50,13,9,1,5,4,6,6,4,4,1,4,5,2,12,3,10,3,1,B03,7,15,1,8,2,5,,42,42,1,12,4,120.683531,24.185668,2
2814,66000,387130000C,(04)23274275,(04)23288582,2025,12,6,19,10,臺中市,西屯區,0,0,0,7,,,30,,,,,,,,,,,,,,14,,,,,B03,,,1,,1,,,49,49,1,12,4,120.645555,24.184427,3
2815,66000,387130000C,(04)23274275,(04)23288582,2025,12,6,19,11,臺中市,西屯區,0,0,0,7,,,50,,,,,,,,,,,,,,12,,,,,B03,,,1,,1,,,14,14,1,12,4,120.636294,24.179137,3
2816,66000,387130000C,(04)23274275,(04)23288582,2025,12,6,19,12,臺中市,北屯區,0,1,0,7,1,6,50,4,1,1,5,4,6,6,4,4,10,5,5,2,16,3,10,3,1,B03,7,6,1,8,2,4,,65,65,1,6,4,120.689064,24.173506,2
2817,66000,387130000C,(04)23274275,(04)23288582,2025,12,6,19,15,臺中市,北屯區,0,0,0,7,,,50,,,,,,,,,,,,,,12,,,,,C03,,,1,,2,,,50,50,1,6,4,120.682784,24.171163,3
2818,66000,387130000C,(04)23274275,(04)23288582,2025,12,6,19,17,臺中市,西屯區,0,1,0,7,1,6,40,13,9,1,5,4,6,6,4,4,1,5,5,2,13,3,10,2,4,C03,7,9,1,10,2,11,,7,7,1,13,4,120.656965,24.158787,2
2819,66000,387130000C,(04)23274275,(04)23288582,2025,12,6,19,19,臺中市,大里區,0,0,0,7,,,50,,,,,,,,,,,,,,17,,,,,,,,,,,,,119,119,1,,,120.729818,24.091573,3
2820,66000,387130000C,(04)23274275,(04)23288582,2025,12,6,19,21,臺中市,北區,0,2,0,7,1,6,50,4,1,1,5,4,6,6,4,4,10,5,5,2,13,2,8,5,4,C03,7,9,1,10,2,11,,7,7,1,12,4,120.683438,24.153692,2
2821,66000,387130000C,(04)23274275,(04)23288582,2025,12,6,19,26,臺中市,后里區,0,0,0,7,1,6,30,11,9,1,5,4,6,6,4,4,10,5,5,2,14,3,10,3,1,B12,7,2,1,8,1,3,,49,49,1,12,4,120.740466,24.328225,3
2822,66000,387130000C,(04)23274275,(04)23288582,2025,12,6,19,34,臺中市,大里區,0,1,0,7,1,6,50,13,7,1,5,4,6,6,4,4,5,5,4,1,17,2,9,1,1,C03,7,8,1,10,2,14,,40,40,1,12,4,120.683842,24.114921,2
2823,66000,387130000C,(04)23274275,(04)23288582,2025,12,6,19,42,臺中市,西區,0,0,0,7,,,30,,,,,,,,,,,,,,17,,,,,B03,,,1,8,1,,,49,49,2,12,4,120.65764,24.138798,3
2824,66000,387130000C,(04)23274275,(04)23288582,2025,12,6,19,47,臺中市,西屯區,0,0,0,7,,,50,,,,,,,,,,,,,,11,,,,,B03,,,1,,2,,,84,84,1,12,4,120.657082,24.167489,3
2825,66000,387130000C,(04)23274275,(04)23288582,2025,12,6,19,50,臺中市,豐原區,0,0,0,7,,,50,,,,,,,,,,,,,,17,,,,,B03,,,1,,2,,,7,7,1,6,4,120.702885,24.243625,3
2826,66000,387130000C,(04)23274275,(04)23288582,2025,12,6,19,51,臺中市,后里區,0,0,0,7,,,50,,,,,,,,,,,,,,13,,,,,B03,,,1,,2,,,39,39,1,13,4,120.697652,24.310484,3
2827,66000,387130000C,(04)23274275,(04)23288582,2025,12,6,19,52,臺中市,大雅區,0,1,0,7,1,6,30,4,2,1,5,4,6,6,3,1,10,5,5,1,17,2,8,1,1,C03,7,9,1,10,2,14,,20,20,1,13,4,120.667217,24.239457,2
2828,66000,387130000C,(04)23274275,(04)23288582,2025,12,6,19,52,臺中市,北區,0,0,0,7,1,6,40,13,8,1,5,4,6,6,4,4,5,4,4,2,17,3,10,6,5,B03,8,13,7,21,1,7,,87,87,1,12,4,120.680582,24.166131,3
2829,66000,387130000C,(04)23274275,(04)23288582,2025,12,6,19,54,臺中市,北區,0,0,0,7,,,50,,,,,,,,,,,,,,17,,,,,B03,,,1,,1,,,8,8,1,13,4,120.685481,24.152631,3
2830,66000,387130000C,(04)23274275,(04)23288582,2025,12,6,19,58,臺中市,西區,0,5,0,7,1,6,50,4,2,1,5,4,6,6,2,1,5,4,5,1,13,2,9,3,1,B03,7,1,1,8,2,1,,84,84,1,13,4,120.661855,24.150484,2
2831,66000,387130000C,(04)23274275,(04)23288582,2025,12,6,20,3,臺中市,北區,0,0,0,7,,,50,,,,,,,,,,,,,,16,,,,,C03,,,1,,1,,,20,20,1,12,4,120.688113,24.151003,3
2832,66000,387130000C,(04)23274275,(04)23288582,2025,12,6,20,11,臺中市,南屯區,0,0,0,7,,,50,,,,,,,,,,,,,,12,,,,,B03,,,1,,1,,,40,40,1,12,4,120.623576,24.145195,3
2833,66000,387130000C,(04)23274275,(04)23288582,2025,12,6,20,12,臺中市,南區,0,0,0,7,,,50,,,,,,,,,,,,,,13,,,,,C03,,,1,,1,,,7,7,1,6,4,120.679363,24.122343,3
2834,66000,387130000C,(04)23274275,(04)23288582,2025,12,6,20,15,臺中市,西屯區,0,0,0,7,,,50,,,,,,,,,,,,,,17,,,,,B03,,,1,,1,,,50,50,1,13,4,120.646908,24.158829,3
2835,66000,387130000C,(04)23274275,(04)23288582,2025,12,6,20,20,臺中市,北屯區,0,4,0,7,1,6,50,13,9,1,5,4,6,6,4,4,5,4,5,2,17,2,9,3,1,B03,7,9,1,8,2,4,1,34,34,1,12,4,120.754546,24.199516,2
2836,66000,387130000C,(04)23274275,(04)23288582,2025,12,6,20,22,臺中市,神岡區,0,1,0,7,3,6,50,4,1,1,5,4,6,6,1,1,5,4,4,2,3,3,10,3,1,B11,7,6,1,4,2,8,,84,84,1,13,4,120.655474,24.255436,2
2837,66000,387130000C,(04)23274275,(04)23288582,2025,12,6,20,26,臺中市,西區,0,2,0,7,1,6,50,5,1,1,5,4,6,6,1,1,10,5,5,2,16,2,8,5,4,C01,7,6,1,9,2,12,,11,11,1,13,4,120.672718,24.131587,2
2838,66000,387130000C,(04)23274275,(04)23288582,2025,12,6,20,29,臺中市,東區,0,0,0,7,,,50,,,,,,,,,,,,,,,,,,,B03,,,6,,9,,,84,84,1,6,4,120.709713,24.149601,3
2839,66000,387130000C,(04)23274275,(04)23288582,2025,12,6,20,32,臺中市,西屯區,0,1,0,7,1,6,40,4,2,1,5,4,6,6,1,1,5,4,5,2,12,3,10,3,1,B03,7,11,1,8,1,4,,45,45,1,12,4,120.655268,24.164284,2
2840,66000,387130000C,(04)23274275,(04)23288582,2025,12,6,20,36,臺中市,南屯區,0,4,0,7,1,6,50,3,1,1,5,4,6,6,1,1,5,4,5,2,16,2,9,1,1,C03,7,6,1,10,2,12,,23,23,1,12,4,120.653155,24.130842,2
2841,66000,387130000C,(04)23274275,(04)23288582,2025,12,6,20,41,臺中市,西屯區,0,0,0,7,,,50,,,,,,,,,,,,,,13,,,,,C03,,,1,,1,,,59,59,1,12,4,120.625804,24.181957,3
2842,66000,387130000C,(04)23274275,(04)23288582,2025,12,6,20,49,臺中市,西區,0,0,0,7,,,50,,,,,,,,,,,,,,16,,,,,B03,,,1,,1,,,20,20,1,13,4,120.65682,24.150865,3
2843,66000,387130000C,(04)23274275,(04)23288582,2025,12,6,21,11,臺中市,西屯區,0,0,0,7,,3,40,,,,,,,,,,,,,,13,,,,,B03,,,1,,1,,,7,7,1,13,4,120.634467,24.175847,3
2844,66000,387130000C,(04)23274275,(04)23288582,2025,12,6,21,13,臺中市,西區,0,1,0,7,1,6,50,4,1,1,5,4,6,6,1,1,5,4,4,2,16,3,10,3,1,B01,7,6,1,4,2,5,,11,11,1,12,4,120.65507,24.14496,2
2845,66000,387130000C,(04)23274275,(04)23288582,2025,12,6,21,14,臺中市,大里區,0,1,0,7,2,6,50,5,1,1,5,4,6,6,1,1,10,5,5,2,11,3,10,3,1,B03,7,9,3,19,2,8,,84,84,1,12,4,120.681212,24.104603,2
2846,66000,387130000C,(04)23274275,(04)23288582,2025,12,6,21,15,臺中市,西區,0,1,0,7,1,6,50,13,7,1,5,4,6,6,4,4,1,4,4,2,13,3,10,5,4,B03,7,9,1,8,2,1,,7,7,1,13,4,120.670219,24.150212,2
2847,66000,387130000C,(04)23274275,(04)23288582,2025,12,6,21,26,臺中市,西屯區,0,2,0,7,1,6,50,3,2,1,5,4,6,6,4,4,1,4,5,2,13,2,9,2,4,C03,7,9,1,10,2,11,,7,7,1,12,2,120.662681,24.172012,2
2848,66000,387130000C,(04)23274275,(04)23288582,2025,12,6,21,29,臺中市,太平區,0,1,0,7,1,6,50,4,1,1,5,4,6,6,2,1,10,5,5,2,16,3,10,3,1,B03,7,6,1,7,2,2,,39,39,1,12,4,120.723963,24.11119,2
2849,66000,387130000C,(04)23274275,(04)23288582,2025,12,6,21,30,臺中市,清水區,0,1,0,7,1,6,50,3,2,1,5,4,6,6,2,1,1,4,5,2,16,3,10,3,1,B12,7,1,1,8,2,8,,51,51,1,12,4,120.540878,24.269381,2
2850,66000,387130000C,(04)23274275,(04)23288582,2025,12,6,21,35,臺中市,東區,0,0,0,7,,3,50,,,,,,,,,,,,,,,,,,,B03,,,1,,1,,,40,40,1,13,4,120.708594,24.134654,3
2851,66000,387130000C,(04)23274275,(04)23288582,2025,12,6,21,35,臺中市,豐原區,0,1,0,7,3,6,50,4,1,1,5,4,6,6,1,1,5,2,5,1,13,2,9,1,4,C03,7,9,1,10,2,11,,7,7,1,12,4,120.720641,24.267338,2
2852,66000,387130000C,(04)23274275,(04)23288582,2025,12,6,21,42,臺中市,西屯區,0,1,0,7,1,6,50,13,9,1,5,4,6,6,4,4,1,4,5,1,17,2,9,5,4,C03,7,9,1,10,2,14,,8,8,1,13,4,120.632103,24.170355,2
2853,66000,387130000C,(04)23274275,(04)23288582,2025,12,6,21,46,臺中市,潭子區,0,0,0,7,,,60,,,,,,,,,,,,,,,,,,,B03,,,1,,2,,,8,8,1,13,4,120.705287,24.210497,3
2854,66000,387130000C,(04)23274275,(04)23288582,2025,12,6,22,9,臺中市,北區,0,1,0,7,1,6,50,13,9,1,5,4,6,6,4,4,5,4,5,2,16,3,10,3,1,B03,7,11,1,8,4,4,,39,39,1,12,4,120.677487,24.166909,2
2855,66000,387130000C,(04)23274275,(04)23288582,2025,12,6,22,14,臺中市,西區,0,1,0,7,1,6,50,5,1,1,5,4,6,6,4,4,1,2,1,2,16,2,9,2,1,C03,7,1,1,10,2,14,,51,51,1,12,4,120.670737,24.149799,2
2856,66000,387130000C,(04)23274275,(04)23288582,2025,12,6,22,14,臺中市,神岡區,0,0,0,7,,,50,,,,,,,,,,,,,,12,,,,,B03,,,1,,2,,,7,7,1,13,4,120.675285,24.251755,4
2857,66000,387130000C,(04)23274275,(04)23288582,2025,12,6,22,20,臺中市,南屯區,0,1,0,7,2,6,50,4,1,1,5,4,6,6,4,4,5,5,5,2,15,2,9,2,1,C03,7,9,1,10,2,12,,15,15,1,13,4,120.647702,24.155577,2
2858,66000,387130000C,(04)23274275,(04)23288582,2025,12,6,22,22,臺中市,南屯區,0,2,0,7,3,6,40,13,8,1,5,4,6,6,4,4,3,4,3,2,12,2,9,1,1,C03,7,9,1,10,7,11,,53,53,1,12,4,120.592957,24.157705,2
2859,66000,387130000C,(04)23274275,(04)23288582,2025,12,6,22,28,臺中市,北屯區,0,1,0,7,1,6,0,13,21,4,5,4,6,6,4,4,10,5,5,2,17,2,8,4,1,C03,7,9,1,10,2,11,,39,39,1,6,4,120.725156,24.158488,2
2860,66000,387130000C,(04)23274275,(04)23288582,2025,12,6,22,30,臺中市,神岡區,0,2,0,7,3,6,30,3,1,1,5,4,6,6,3,1,10,5,5,2,16,2,9,1,1,C03,7,6,1,10,2,11,,24,24,1,13,4,120.676832,24.235401,2
2861,66000,387130000C,(04)23274275,(04)23288582,2025,12,6,22,31,臺中市,北屯區,0,1,0,7,1,6,50,4,1,1,5,4,6,6,4,4,10,5,5,2,16,3,10,3,1,B03,7,6,1,8,2,7,,14,14,1,6,4,120.6846,24.170908,2
2862,66000,387130000C,(04)23274275,(04)23288582,2025,12,6,22,43,臺中市,北屯區,0,0,0,7,,,50,,,,,,,,,,,,,,,,,,,C03,,,1,,2,,,85,85,1,6,4,120.721333,24.178204,3
2863,66000,387130000C,(04)23274275,(04)23288582,2025,12,6,22,46,臺中市,潭子區,0,3,0,7,1,6,30,3,1,1,5,4,6,6,4,4,10,5,5,2,16,2,9,2,1,C03,7,5,1,10,2,14,,14,14,1,12,4,120.713675,24.205213,2
2864,66000,387130000C,(04)23274275,(04)23288582,2025,12,6,22,47,臺中市,太平區,0,1,0,7,1,6,30,5,1,1,5,4,6,6,4,4,10,5,5,2,16,2,9,2,1,C03,7,6,1,10,2,11,,48,48,1,12,4,120.731557,24.111333,2
2865,66000,387130000C,(04)23274275,(04)23288582,2025,12,6,22,55,臺中市,沙鹿區,0,0,0,7,,,50,,,,,,,,,,,,,,,,,,,C03,,,1,,2,,,59,59,1,12,4,120.579862,24.21545,3
2866,66000,387130000C,(04)23274275,(04)23288582,2025,12,6,23,0,臺中市,西屯區,0,1,0,7,1,6,50,4,1,1,5,4,6,6,2,1,10,5,5,2,16,3,10,3,1,B03,7,5,1,8,2,2,,47,47,1,13,4,120.633871,24.159592,2
2867,66000,387130000C,(04)23274275,(04)23288582,2025,12,6,23,14,臺中市,大肚區,0,1,0,7,1,6,50,4,1,1,5,4,6,6,4,4,10,5,5,2,15,3,10,3,1,B11,7,9,1,8,2,5,,15,15,1,6,4,120.539363,24.156313,2
2868,66000,387130000C,(04)23274275,(04)23288582,2025,12,6,23,15,臺中市,大雅區,0,0,0,7,,,30,,,,,,,,,,,,,,,,,,,B03,,,1,,2,,,49,49,1,13,4,120.651574,24.226115,3
2869,66000,387130000C,(04)23274275,(04)23288582,2025,12,6,23,30,臺中市,大里區,0,0,0,6,1,6,50,5,1,1,5,4,6,6,1,1,10,5,5,2,14,,,,,B03,,,1,,2,,,49,49,1,13,4,120.681056,24.104592,3
2870,66000,387130000C,(04)23274275,(04)23288582,2025,12,6,23,50,臺中市,沙鹿區,0,1,0,6,1,6,50,13,7,1,5,4,6,6,2,1,5,4,4,2,13,3,10,3,1,B03,7,9,1,8,2,1,,59,59,1,12,4,120.568995,24.223203,2
2871,66000,387130000C,(04)23274275,(04)23288582,2025,12,6,23,51,臺中市,北區,0,2,1,7,2,6,50,3,1,1,5,4,6,6,3,1,1,4,5,2,15,5,9,1,1,C03,7,9,3,19,9,14,,24,24,1,12,4,120.686087,24.144597,2
2872,66000,387130000C,(04)23274275,(04)23288582,2025,12,7,0,0,臺中市,烏日區,0,0,0,7,,,30,,,,,,,,,,,,,,9,,,,,B03,,,1,,2,,,51,51,1,6,4,120.616372,24.110954,3
2873,66000,387130000C,(04)23274275,(04)23288582,2025,12,7,0,2,臺中市,中區,0,0,0,7,,,50,,,,,,,,,,,,,,,,,,,B12,,,1,8,2,,,42,42,1,13,4,120.683617,24.142944,3
2874,66000,387130000C,(04)23274275,(04)23288582,2025,12,7,0,22,臺中市,北屯區,0,1,0,7,1,6,50,4,2,1,5,4,6,6,1,1,3,4,5,2,13,3,10,1,1,C03,7,9,1,10,2,11,,84,84,1,13,4,120.676915,24.180536,2
2875,66000,387130000C,(04)23274275,(04)23288582,2025,12,7,0,35,臺中市,大甲區,0,2,0,7,1,6,50,4,1,1,5,4,6,6,4,4,10,5,5,2,15,3,10,3,1,B03,7,9,1,8,2,1,,15,15,1,6,4,120.642789,24.406024,2
2876,66000,387130000C,(04)23274275,(04)23288582,2025,12,7,0,36,臺中市,北區,0,0,0,7,,,50,,,,,,,,,,,,,,14,,,,,B12,,,6,,9,,,49,49,2,13,4,120.688916,24.155241,3
2877,66000,387130000C,(04)23274275,(04)23288582,2025,12,7,0,47,臺中市,大肚區,0,1,0,7,1,6,50,13,8,1,5,4,6,6,4,4,1,4,4,1,17,3,10,3,1,B03,7,13,1,8,2,4,,76,76,1,6,4,120.575741,24.119156,2
2878,66000,387130000C,(04)23274275,(04)23288582,2025,12,7,1,21,臺中市,大肚區,0,1,0,6,1,6,40,7,9,1,5,4,6,6,4,4,1,5,5,2,18,2,9,2,1,C03,7,5,1,10,2,14,,84,84,1,10,4,120.578652,24.117005,2
2879,66000,387130000C,(04)23274275,(04)23288582,2025,12,7,1,25,臺中市,東區,0,1,0,7,1,6,50,4,1,1,5,4,6,6,1,1,9,4,4,2,17,3,10,3,1,B03,7,6,1,8,2,5,,48,48,1,12,4,120.70508,24.137616,2
2880,66000,387130000C,(04)23274275,(04)23288582,2025,12,7,1,30,臺中市,烏日區,0,2,0,7,2,6,40,13,12,1,5,4,6,6,4,4,1,5,4,1,17,2,9,1,1,C03,7,9,1,10,2,15,,84,84,1,6,4,120.583207,24.10989,2
2881,66000,387130000C,(04)23274275,(04)23288582,2025,12,7,1,43,臺中市,大雅區,0,0,0,7,,,30,,,,,,,,,,,,,,,,,,,B03,,,1,,2,,,7,7,1,12,4,120.641584,24.230178,3
2882,66000,387130000C,(04)23274275,(04)23288582,2025,12,7,1,47,臺中市,西屯區,0,0,0,7,,,30,,,,,,,,,,,,,,17,,,,,C03,,,1,,1,,,8,8,1,13,4,120.645926,24.181049,4
2883,66000,387130000C,(04)23274275,(04)23288582,2025,12,7,1,48,臺中市,北區,0,1,0,7,3,6,50,4,9,1,5,4,6,6,4,4,5,4,5,2,17,2,9,5,4,C03,7,9,5,19,2,11,,84,84,1,13,4,120.68302,24.15946,2
2884,66000,387130000C,(04)23274275,(04)23288582,2025,12,7,1,50,臺中市,南屯區,0,0,0,7,,,50,,,,,,,,,,,,,,14,,,,,B03,,,1,,2,,,49,49,1,6,4,120.629754,24.147569,3
2885,66000,387130000C,(04)23274275,(04)23288582,2025,12,7,2,32,臺中市,北屯區,0,1,0,7,1,6,50,3,9,1,5,4,6,6,2,1,5,4,5,2,13,2,1,3,1,B03,7,15,1,8,2,8,,84,84,1,6,4,120.708204,24.17022,2
2886,66000,387130000C,(04)23274275,(04)23288582,2025,12,7,3,0,臺中市,大肚區,0,1,0,7,1,6,50,11,9,1,5,4,6,6,4,4,4,4,5,2,18,2,9,2,1,C03,7,6,1,10,2,14,,84,84,1,6,4,120.549267,24.15684,2
2887,66000,387130000C,(04)23274275,(04)23288582,2025,12,7,3,18,臺中市,北區,0,0,0,7,,,30,,,,,,,,,,,,,,,,,,,B03,,,1,,1,,,84,84,1,12,4,120.671325,24.173161,3
2888,66000,387130000C,(04)23274275,(04)23288582,2025,12,7,3,24,臺中市,北屯區,0,0,0,7,,,50,,,,,,,,,,,,,,14,,,,,B12,,,1,,9,,,49,49,1,6,4,120.66149,24.195004,3
2889,66000,387130000C,(04)23274275,(04)23288582,2025,12,7,4,48,臺中市,西屯區,0,1,0,7,1,6,50,13,9,1,5,4,6,6,4,4,5,4,5,2,16,2,9,2,1,C03,7,6,1,10,2,12,,20,20,1,12,4,120.628395,24.202546,2
2890,66000,387130000C,(04)23274275,(04)23288582,2025,12,7,5,53,臺中市,東區,0,2,0,7,1,6,50,4,1,1,5,4,6,6,1,1,10,5,5,2,16,2,8,3,1,B03,7,5,1,8,2,5,,11,11,1,13,4,120.700178,24.138913,2
2891,66000,387130000C,(04)23274275,(04)23288582,2025,12,7,6,9,臺中市,霧峰區,0,0,0,7,,,50,,,,,,,,,,,,,,17,,,,,B02,,,1,8,2,,,84,84,1,13,4,120.714522,24.075894,3
2892,66000,387130000C,(04)23274275,(04)23288582,2025,12,7,6,18,臺中市,梧棲區,0,1,0,7,2,6,40,13,8,1,5,4,6,6,4,4,1,4,4,1,13,2,9,1,1,C03,7,9,1,10,2,11,,59,59,1,12,4,120.542895,24.220711,2
2893,66000,387130000C,(04)23274275,(04)23288582,2025,12,7,6,23,臺中市,太平區,0,1,0,7,1,6,40,4,1,1,5,4,6,6,2,1,10,5,5,2,17,3,10,2,1,C02,7,6,1,9,2,16,,11,11,1,12,4,120.715243,24.108118,2
2894,66000,387130000C,(04)23274275,(04)23288582,2025,12,7,6,30,臺中市,大肚區,0,0,0,7,,,50,,,,,,,,,,,,,,,,,,,A12,,,1,,1,,,8,8,1,6,4,120.578617,24.120633,3
2895,66000,387130000C,(04)23274275,(04)23288582,2025,12,7,6,37,臺中市,西屯區,0,1,0,7,2,6,40,4,1,1,5,4,6,6,2,1,10,5,5,2,15,3,10,3,1,B03,7,9,1,8,2,8,,85,85,1,13,4,120.63542,24.18208,2
2896,66000,387130000C,(04)23274275,(04)23288582,2025,12,7,7,10,臺中市,北屯區,0,1,0,7,2,6,50,13,9,1,5,4,6,6,4,4,10,5,5,2,13,2,9,5,4,C03,7,9,1,10,2,11,,84,84,1,12,4,120.694852,24.200725,2
2897,66000,387130000C,(04)23274275,(04)23288582,2025,12,7,7,15,臺中市,北區,0,0,0,7,,,50,,,,,,,,,,,,,,17,,,,,B01,,,1,,1,,,39,39,1,13,4,120.677748,24.1495,3
2898,66000,387130000C,(04)23274275,(04)23288582,2025,12,7,7,15,臺中市,梧棲區,0,2,0,7,2,6,40,13,8,1,5,4,6,6,4,4,1,4,1,1,12,2,9,1,1,C03,7,9,1,10,2,14,,8,8,1,6,4,120.513663,24.228111,2
2899,66000,387130000C,(04)23274275,(04)23288582,2025,12,7,7,20,臺中市,龍井區,0,1,0,7,2,6,50,13,8,1,5,4,6,6,1,1,5,4,4,2,13,3,10,3,1,B03,7,9,1,8,2,1,,83,83,1,12,4,120.530248,24.178474,2
2900,66000,387130000C,(04)23274275,(04)23288582,2025,12,7,7,23,臺中市,南屯區,0,0,0,7,3,6,50,13,9,1,5,4,6,6,1,1,5,5,4,2,12,,,,,B03,,,1,,2,,,20,20,1,12,4,120.616299,24.152644,3
2901,66000,387130000C,(04)23274275,(04)23288582,2025,12,7,7,31,臺中市,沙鹿區,0,1,0,7,2,6,30,13,9,1,5,4,6,6,4,4,10,5,5,1,11,2,9,1,1,C03,7,9,3,19,2,14,,58,58,1,12,4,120.557341,24.216392,2
2902,66000,387130000C,(04)23274275,(04)23288582,2025,12,7,7,33,臺中市,北屯區,0,1,0,7,2,6,50,13,9,1,5,4,6,6,4,4,10,5,5,2,17,3,10,3,1,B12,7,1,1,8,2,8,,51,51,1,12,4,120.669468,24.176219,2
2903,66000,387130000C,(04)23274275,(04)23288582,2025,12,7,7,40,臺中市,西屯區,0,1,0,7,2,6,70,13,7,1,5,4,6,6,4,4,1,4,1,2,13,2,9,3,4,B03,7,9,5,19,2,1,,57,57,1,13,4,120.595051,24.182336,2
2904,66000,387130000C,(04)23274275,(04)23288582,2025,12,7,7,50,臺中市,南屯區,0,2,0,7,3,6,50,13,7,1,5,4,6,6,4,4,9,5,4,2,12,2,9,1,1,C03,7,1,1,10,1,12,,51,51,1,12,4,120.645605,24.131888,2
2905,66000,387130000C,(04)23274275,(04)23288582,2025,12,7,7,50,臺中市,龍井區,0,1,0,7,2,6,40,4,1,1,5,4,6,6,3,1,5,5,5,1,11,2,9,1,1,C03,7,9,1,10,2,11,,12,12,1,12,4,120.505203,24.201301,2
2906,66000,387130000C,(04)23274275,(04)23288582,2025,12,7,7,52,臺中市,太平區,0,1,0,7,2,6,50,13,9,1,5,4,6,6,4,4,5,5,5,1,17,2,7,1,1,C03,7,9,1,10,2,11,,84,84,1,13,4,120.721191,24.120033,2
2907,66000,387130000C,(04)23274275,(04)23288582,2025,12,7,8,1,臺中市,北區,0,2,0,7,3,6,50,4,1,5,5,4,6,6,1,1,10,5,5,2,17,3,10,5,4,B03,7,6,1,8,2,1,,48,48,1,13,4,120.675568,24.169976,2
2908,66000,387130000C,(04)23274275,(04)23288582,2025,12,7,8,14,臺中市,東區,0,0,0,7,,,50,,,,,,,,,,,,,,13,,,,,B03,,,1,,1,,,84,84,1,12,4,120.707512,24.136144,3
2909,66000,387130000C,(04)23274275,(04)23288582,2025,12,7,8,16,臺中市,南區,0,1,0,7,3,6,50,4,1,1,5,4,6,6,2,1,3,4,4,2,16,3,10,3,1,B03,7,6,1,8,2,2,,11,11,1,6,4,120.667519,24.128037,2