序號,縣市別代碼,機關代碼,市話,傳真,年,月,日,時,分,縣市,區,死亡數量,受傷數量,2-30,天候,道路照明設備,道路類別,道路速限,道路型態,事故位置,路面鋪裝,路面狀態,路面缺陷,障礙物,視距,號誌種類,號誌動作,分向設施,快車道或一般車道間,快慢車道間,路面邊線,事故類型及型態,受傷程度,主要傷處,保護裝備,行動電話或功能裝置,當事者區分(類別),車輛用途,當事者行動狀態,駕照狀態,駕照種類,飲酒情形,車輛撞擊部位最初,車輛撞擊部位其他,肇事因素個別,肇事因素主要,肇事逃逸,職業,共享經濟或外送平台,GPS座標X,GPS座標Y,事故類別
2910,66000,387130000C,(04)23274275,(04)23288582,2025,12,7,8,17,臺中市,北屯區,0,0,0,7,,,50,,,,,,,,,,,,,,17,,,,,B03,,,1,,9,,,59,59,1,12,4,120.730914,24.176979,3
2911,66000,387130000C,(04)23274275,(04)23288582,2025,12,7,8,23,臺中市,神岡區,0,3,0,7,2,6,30,13,9,1,5,4,6,6,4,4,10,5,5,1,17,2,9,2,1,C03,7,3,1,10,2,13,,85,85,1,6,4,120.653672,24.271896,2
2912,66000,387130000C,(04)23274275,(04)23288582,2025,12,7,8,26,臺中市,北屯區,0,1,0,7,3,6,50,4,2,1,5,4,6,6,4,4,1,4,5,2,16,3,10,3,1,B03,7,1,1,8,2,7,,51,51,1,12,4,120.685361,24.16938,2
2913,66000,387130000C,(04)23274275,(04)23288582,2025,12,7,8,39,臺中市,烏日區,0,2,0,7,2,6,50,13,9,1,5,4,6,6,4,4,9,5,5,1,2,2,8,6,5,H04,8,20,7,21,2,17,,109,109,1,12,5,120.622125,24.106734,2
2914,66000,387130000C,(04)23274275,(04)23288582,2025,12,7,8,47,臺中市,北屯區,0,2,0,7,2,6,30,3,1,1,5,4,6,6,4,4,10,5,5,2,16,2,9,5,4,C03,7,6,5,19,1,11,,59,59,1,12,4,120.733861,24.172774,2
2915,66000,387130000C,(04)23274275,(04)23288582,2025,12,7,8,47,臺中市,大甲區,0,1,0,7,2,6,50,3,1,1,5,4,6,6,1,1,10,5,5,2,13,3,10,3,1,B03,7,9,1,8,2,1,,58,58,1,6,4,120.620343,24.341945,2
2916,66000,387130000C,(04)23274275,(04)23288582,2025,12,7,8,48,臺中市,大里區,0,3,0,7,3,6,50,4,1,1,5,4,6,6,1,1,5,5,5,1,17,2,8,1,1,C03,7,1,1,10,2,14,,51,51,1,12,4,120.684942,24.107027,2
2917,66000,387130000C,(04)23274275,(04)23288582,2025,12,7,8,49,臺中市,北屯區,0,1,0,7,2,6,50,18,24,2,5,4,6,6,4,4,10,5,5,2,17,3,10,3,1,B03,7,1,1,8,2,1,,51,51,1,12,4,120.732967,24.161291,2
2918,66000,387130000C,(04)23274275,(04)23288582,2025,12,7,8,50,臺中市,北區,0,2,0,7,2,6,50,4,1,1,5,4,6,6,1,1,10,5,5,2,16,2,9,5,4,C03,7,6,1,10,2,14,,48,48,1,13,4,120.675433,24.152215,2
2919,66000,387130000C,(04)23274275,(04)23288582,2025,12,7,8,50,臺中市,太平區,0,0,0,7,,,30,,,,,,,,,,,,,,17,,,,,C03,,,1,,2,,,84,84,1,12,4,120.735794,24.133289,3
2920,66000,387130000C,(04)23274275,(04)23288582,2025,12,7,9,4,臺中市,北屯區,0,0,0,7,,,40,,,,,,,,,,,,,,11,,,,,B03,,,1,,1,,,8,8,1,6,4,120.797505,24.201577,3
2921,66000,387130000C,(04)23274275,(04)23288582,2025,12,7,9,4,臺中市,西屯區,0,1,0,7,2,6,50,4,1,1,5,4,6,6,2,1,4,4,5,2,16,2,9,5,4,C03,7,9,1,11,2,11,,21,21,1,13,4,120.658216,24.164869,2
2922,66000,387130000C,(04)23274275,(04)23288582,2025,12,7,9,7,臺中市,西屯區,0,0,0,7,,,30,,,,,,,,,,,,,,13,,,,,C03,,,1,,1,,,7,7,1,12,4,120.660515,24.201168,3
2923,66000,387130000C,(04)23274275,(04)23288582,2025,12,7,9,9,臺中市,北屯區,0,0,0,7,,,40,,,,,,,,,,,,,,17,,,,,A42,,,1,,9,,,49,49,2,12,4,120.729089,24.175503,3
2924,66000,387130000C,(04)23274275,(04)23288582,2025,12,7,9,10,臺中市,大里區,0,1,0,7,3,6,50,11,7,1,5,4,6,6,1,1,1,4,4,1,12,3,10,3,1,B12,7,7,1,8,2,6,,59,59,1,12,4,120.691452,24.100599,2
2925,66000,387130000C,(04)23274275,(04)23288582,2025,12,7,9,20,臺中市,東區,0,1,0,7,2,6,50,4,1,1,5,4,6,6,1,1,10,5,5,2,15,3,10,1,1,C03,7,1,1,10,2,12,,51,51,1,12,4,120.697448,24.144685,2
2926,66000,387130000C,(04)23274275,(04)23288582,2025,12,7,9,20,臺中市,新社區,0,1,0,7,2,6,50,11,9,1,5,4,6,6,4,4,5,5,5,1,17,3,10,5,4,C01,7,9,1,9,2,16,,94,94,1,13,4,120.869147,24.149172,2
2927,66000,387130000C,(04)23274275,(04)23288582,2025,12,7,9,23,臺中市,新社區,0,1,0,7,2,6,50,11,9,1,5,4,6,6,4,4,5,5,5,1,17,3,10,5,4,C01,7,9,1,9,2,16,,94,94,1,13,4,120.869568,24.14857,2
2928,66000,387130000C,(04)23274275,(04)23288582,2025,12,7,9,25,臺中市,東區,0,0,0,7,,,50,,,,,,,,,,,,,,12,,,,,B03,,,1,,1,,,40,40,1,12,4,120.687769,24.136406,3
2929,66000,387130000C,(04)23274275,(04)23288582,2025,12,7,9,25,臺中市,大甲區,0,0,0,7,,,50,,,,,,,,,,,,,,,,,,,C03,,,1,,1,,,14,14,1,12,4,120.622819,24.345759,4
2930,66000,387130000C,(04)23274275,(04)23288582,2025,12,7,9,27,臺中市,南屯區,0,2,0,7,3,6,40,3,2,1,5,4,6,6,4,4,3,4,4,2,12,3,10,3,1,B03,7,5,1,8,2,5,,14,14,1,12,4,120.638391,24.151464,2
2931,66000,387130000C,(04)23274275,(04)23288582,2025,12,7,9,29,臺中市,南屯區,0,1,0,6,3,6,50,4,2,1,5,4,6,6,2,1,10,5,5,2,18,2,9,2,4,C03,7,9,1,10,2,12,,59,59,1,6,4,120.646517,24.146816,2
2932,66000,387130000C,(04)23274275,(04)23288582,2025,12,7,9,30,臺中市,西屯區,0,0,0,7,,,40,,,,,,,,,,,,,,,,,,,B03,,,1,,1,,,51,51,1,13,4,120.664957,24.178388,3
2933,66000,387130000C,(04)23274275,(04)23288582,2025,12,7,9,30,臺中市,西屯區,0,0,0,7,,,1,,,,,,,,,,,,,,17,,,,,B03,,,1,,1,,,76,76,1,12,4,120.664241,24.178271,3
2934,66000,387130000C,(04)23274275,(04)23288582,2025,12,7,9,31,臺中市,北區,0,0,0,7,,,50,,,,,,,,,,,,,,17,,,,,B01,,,1,,2,,,8,8,1,13,4,120.669623,24.169011,3
2935,66000,387130000C,(04)23274275,(04)23288582,2025,12,7,9,33,臺中市,沙鹿區,0,1,0,7,2,6,50,3,2,1,5,4,6,6,1,1,8,3,5,2,17,3,10,5,4,B03,7,9,1,8,2,4,,21,21,1,13,4,120.579935,24.214955,2
2936,66000,387130000C,(04)23274275,(04)23288582,2025,12,7,9,37,臺中市,豐原區,0,2,0,7,2,6,30,3,1,1,5,4,6,6,4,4,10,5,5,2,16,2,9,2,1,C03,7,9,1,10,2,11,,7,7,1,6,4,120.731165,24.248011,2
2937,66000,387130000C,(04)23274275,(04)23288582,2025,12,7,9,42,臺中市,東勢區,0,2,0,7,2,6,50,3,2,1,5,4,6,6,4,4,5,5,5,1,17,2,9,5,4,E05,4,1,1,10,2,1,,51,51,1,13,4,120.832279,24.251318,2
2938,66000,387130000C,(04)23274275,(04)23288582,2025,12,7,9,46,臺中市,北屯區,0,0,0,7,,,50,,,,,,,,,,,,,,9,,,,,B03,,,1,,2,,,20,20,1,12,4,120.740078,24.178918,3
2939,66000,387130000C,(04)23274275,(04)23288582,2025,12,7,9,48,臺中市,霧峰區,0,0,0,6,,,50,,,,,,,,,,,,,,13,,,,,B03,,,1,,2,,,84,84,1,12,4,120.69891,24.066255,3
2940,66000,387130000C,(04)23274275,(04)23288582,2025,12,7,9,51,臺中市,西屯區,0,0,0,7,,,50,,,,,,,,,,,,,,,,,,,B03,,,1,,1,,,59,59,1,12,4,120.668654,24.178054,3
2941,66000,387130000C,(04)23274275,(04)23288582,2025,12,7,9,51,臺中市,大里區,0,0,0,7,,3,80,,,,,,,,,,,,,,,,,,,B03,,,1,,1,,,7,7,1,13,4,120.682261,24.079501,3
2942,66000,387130000C,(04)23274275,(04)23288582,2025,12,7,9,51,臺中市,外埔區,0,1,0,7,2,6,30,3,2,1,5,4,6,6,4,4,10,5,5,1,12,3,10,3,1,B03,7,9,1,8,2,8,,84,84,1,12,4,120.661106,24.353843,2
2943,66000,387130000C,(04)23274275,(04)23288582,2025,12,7,10,0,臺中市,北屯區,0,0,0,7,,3,80,,,,,,,,,,,,,,12,,,,,B03,,,1,,1,,,40,40,1,12,4,120.663301,24.201014,3
2944,66000,387130000C,(04)23274275,(04)23288582,2025,12,7,10,3,臺中市,西屯區,0,0,0,7,,,50,,,,,,,,,,,,,,13,,,,,C03,,,1,,1,,,7,7,1,12,4,120.645341,24.17282,3
2945,66000,387130000C,(04)23274275,(04)23288582,2025,12,7,10,5,臺中市,霧峰區,0,0,0,7,,,30,,,,,,,,,,,,,,,,,,,B03,,,1,,2,,,8,8,1,12,4,120.662831,24.068766,3
2946,66000,387130000C,(04)23274275,(04)23288582,2025,12,7,10,7,臺中市,太平區,0,0,0,7,,,50,,,,,,,,,,,,,,17,,,,,B03,,,1,,2,,,76,76,1,13,4,120.71595,24.14627,3
2947,66000,387130000C,(04)23274275,(04)23288582,2025,12,7,10,10,臺中市,西屯區,0,1,0,7,2,6,50,13,9,1,5,4,6,6,4,4,5,4,5,2,13,2,9,1,4,C03,7,9,1,10,2,11,,58,58,1,13,4,120.617774,24.188397,2
2948,66000,387130000C,(04)23274275,(04)23288582,2025,12,7,10,14,臺中市,西屯區,0,0,0,7,,,50,,,,,,,,,,,,,,16,,,,,B03,,,1,,2,,,48,48,1,13,4,120.644373,24.161124,3
2949,66000,387130000C,(04)23274275,(04)23288582,2025,12,7,10,18,臺中市,潭子區,0,0,0,7,,,30,,,,,,,,,,,,,,20,,,,,B03,,,1,,2,,,50,50,1,13,4,120.718235,24.229288,3
2950,66000,387130000C,(04)23274275,(04)23288582,2025,12,7,10,19,臺中市,北屯區,0,2,0,7,3,6,50,3,1,1,5,4,6,6,4,4,10,5,5,2,16,2,6,1,1,C03,7,5,1,10,2,12,,47,47,1,12,4,120.697523,24.189565,2
2951,66000,387130000C,(04)23274275,(04)23288582,2025,12,7,10,20,臺中市,沙鹿區,0,0,0,7,,,50,,,,,,,,,,,,,,,,,,,B03,,,1,,1,,,56,56,1,12,4,120.552479,24.215998,3
2952,66000,387130000C,(04)23274275,(04)23288582,2025,12,7,10,20,臺中市,沙鹿區,0,0,0,7,,,50,,,,,,,,,,,,,,14,,,,,B03,,,1,,1,,,49,49,1,6,4,120.569145,24.221628,3
2953,66000,387130000C,(04)23274275,(04)23288582,2025,12,7,10,23,臺中市,西區,0,0,0,7,,,40,,,,,,,,,,,,,,,,,,,B02,,,1,,1,,,51,51,1,12,4,120.657079,24.134428,3
2954,66000,387130000C,(04)23274275,(04)23288582,2025,12,7,10,29,臺中市,大甲區,0,0,0,7,,,50,,,,,,,,,,,,,,17,,,,,B03,,,1,,2,,,50,50,1,6,4,120.650086,24.360019,3
2955,66000,387130000C,(04)23274275,(04)23288582,2025,12,7,10,30,臺中市,烏日區,0,0,0,7,,,30,,,,,,,,,,,,,,12,,,,,F01,,,7,,1,,,59,59,1,1,4,120.641851,24.110519,3
2956,66000,387130000C,(04)23274275,(04)23288582,2025,12,7,10,35,臺中市,清水區,0,3,0,7,3,6,50,5,1,1,5,4,6,6,1,1,5,4,5,1,16,2,9,2,1,C03,7,6,1,10,2,12,,14,14,1,12,4,120.575459,24.278025,2
2957,66000,387130000C,(04)23274275,(04)23288582,2025,12,7,10,38,臺中市,北屯區,0,0,0,7,,,50,,,,,,,,,,,,,,12,,,,,B03,,,1,,1,,,84,84,1,6,4,120.734638,24.176147,3
2958,66000,387130000C,(04)23274275,(04)23288582,2025,12,7,10,42,臺中市,西屯區,0,0,0,7,,,60,,,,,,,,,,,,,,11,,,,,B03,,,1,,2,,,26,26,1,12,4,120.635161,24.179456,3
2959,66000,387130000C,(04)23274275,(04)23288582,2025,12,7,10,44,臺中市,大里區,0,1,0,7,3,6,50,13,7,1,5,4,6,6,4,4,5,5,4,2,16,3,10,3,1,B02,7,11,1,8,2,7,,45,45,1,12,4,120.678926,24.095239,2
2960,66000,387130000C,(04)23274275,(04)23288582,2025,12,7,10,48,臺中市,霧峰區,0,2,0,7,3,6,30,4,1,1,5,4,6,6,4,4,10,5,5,2,15,2,7,2,1,C03,7,9,1,10,2,12,,15,15,1,12,4,120.700575,24.070846,2
2961,66000,387130000C,(04)23274275,(04)23288582,2025,12,7,10,53,臺中市,北屯區,0,0,0,7,,,50,,,,,,,,,,,,,,13,,,,,B03,,,1,,2,,,7,7,1,12,4,120.700922,24.164777,3
2962,66000,387130000C,(04)23274275,(04)23288582,2025,12,7,10,53,臺中市,大里區,0,1,0,7,2,6,50,13,9,1,5,4,6,6,4,4,9,5,5,1,12,2,7,2,1,C03,7,9,5,19,2,16,,85,85,1,13,4,120.697071,24.090357,2
2963,66000,387130000C,(04)23274275,(04)23288582,2025,12,7,10,58,臺中市,潭子區,0,2,0,7,2,6,50,4,2,1,5,4,6,6,1,1,5,5,4,2,13,2,8,2,1,C03,7,9,1,10,2,11,,58,58,1,13,4,120.706448,24.20473,2
2964,66000,387130000C,(04)23274275,(04)23288582,2025,12,7,11,4,臺中市,西屯區,0,1,0,7,2,6,50,13,9,1,5,4,6,6,4,4,5,4,5,2,12,3,10,3,1,B03,7,3,1,8,2,2,,50,50,1,12,4,120.644935,24.172157,2
2965,66000,387130000C,(04)23274275,(04)23288582,2025,12,7,11,13,臺中市,西屯區,0,0,0,7,,,30,,,,,,,,,,,,,,,,,,,B01,,,1,,2,,,51,51,1,13,4,120.607329,24.185108,3
2966,66000,387130000C,(04)23274275,(04)23288582,2025,12,7,11,14,臺中市,豐原區,0,1,0,7,2,6,50,13,7,1,5,4,6,6,4,4,1,4,4,1,13,3,10,3,1,B03,7,9,1,8,2,1,,7,7,1,13,4,120.749112,24.267987,2
2967,66000,387130000C,(04)23274275,(04)23288582,2025,12,7,11,23,臺中市,潭子區,0,0,0,7,,,50,,,,,,,,,,,,,,16,,,,,B03,,,1,,2,,,48,48,1,12,4,120.706928,24.208496,3
2968,66000,387130000C,(04)23274275,(04)23288582,2025,12,7,11,23,臺中市,龍井區,0,1,0,7,2,6,50,13,9,1,5,4,6,6,4,4,9,5,5,1,2,3,10,3,1,B03,7,9,1,8,2,5,,59,59,1,6,4,120.582804,24.178617,2
2969,66000,387130000C,(04)23274275,(04)23288582,2025,12,7,11,27,臺中市,豐原區,0,0,0,7,,,50,,,,,,,,,,,,,,13,,,,,C03,,,1,,2,,,7,7,1,13,4,120.724079,24.253234,3
2970,66000,387130000C,(04)23274275,(04)23288582,2025,12,7,11,30,臺中市,烏日區,0,0,0,7,,,50,,,,,,,,,,,,,,17,,,,,B03,,,1,,2,,,58,58,1,6,4,120.638473,24.106476,3
2971,66000,387130000C,(04)23274275,(04)23288582,2025,12,7,11,36,臺中市,東區,0,2,0,7,3,6,50,13,8,1,5,4,6,6,4,4,5,4,4,2,16,2,9,2,1,C03,7,1,1,10,2,13,,51,51,1,12,4,120.699485,24.145787,2
2972,66000,387130000C,(04)23274275,(04)23288582,2025,12,7,11,40,臺中市,沙鹿區,0,1,0,7,2,6,50,13,8,1,5,4,6,6,4,4,8,3,4,1,17,3,10,5,4,F01,7,8,7,21,2,16,,40,40,1,13,4,120.559832,24.238756,2
2973,66000,387130000C,(04)23274275,(04)23288582,2025,12,7,11,42,臺中市,沙鹿區,0,1,0,7,2,6,70,4,1,1,5,4,6,6,1,1,10,5,5,2,17,3,10,3,1,B03,7,5,1,8,2,16,,39,39,1,6,4,120.571425,24.242459,2
2974,66000,387130000C,(04)23274275,(04)23288582,2025,12,7,11,45,臺中市,北屯區,0,0,0,7,,,50,,,,,,,,,,,,,,,,,,,B03,,,1,,1,,,58,58,1,6,4,120.669706,24.177521,3
2975,66000,387130000C,(04)23274275,(04)23288582,2025,12,7,11,48,臺中市,南區,0,0,0,7,,,50,,,,,,,,,,,,,,13,,,,,C03,,,1,,1,,,7,7,1,12,4,120.676919,24.131623,3
2976,66000,387130000C,(04)23274275,(04)23288582,2025,12,7,11,48,臺中市,大里區,0,1,0,7,3,6,50,3,9,1,5,4,6,6,4,4,10,5,5,1,17,3,10,3,1,B03,7,11,1,8,2,5,,45,45,1,12,4,120.687937,24.101142,2
2977,66000,387130000C,(04)23274275,(04)23288582,2025,12,7,11,52,臺中市,中區,0,1,0,7,2,6,50,4,1,1,5,4,6,6,2,1,8,3,5,2,12,2,9,2,1,C03,7,9,1,10,2,14,11,42,42,1,12,4,120.680931,24.14382,2
2978,66000,387130000C,(04)23274275,(04)23288582,2025,12,7,11,52,臺中市,后里區,0,0,0,7,2,6,50,13,14,1,5,4,6,6,4,4,9,5,4,1,17,3,10,3,1,B03,7,1,1,8,2,5,,84,84,1,12,4,120.70718,24.311259,3
2979,66000,387130000C,(04)23274275,(04)23288582,2025,12,7,11,54,臺中市,南屯區,0,0,0,7,3,6,40,13,8,1,5,4,6,6,1,1,3,5,3,2,12,,,,,C03,,,1,,1,,,7,7,1,12,4,120.60827,24.151213,3
2980,66000,387130000C,(04)23274275,(04)23288582,2025,12,7,12,3,臺中市,東區,0,0,0,7,,,50,,,,,,,,,,,,,,,,,,,B03,,,1,,2,,,14,14,1,6,4,120.688577,24.140014,4
2981,66000,387130000C,(04)23274275,(04)23288582,2025,12,7,12,6,臺中市,西區,0,2,0,7,2,6,50,4,1,1,5,4,6,6,3,1,10,4,5,2,17,2,9,1,1,C03,7,9,1,10,2,11,,24,24,1,12,4,120.663028,24.147868,2
2982,66000,387130000C,(04)23274275,(04)23288582,2025,12,7,12,7,臺中市,西區,0,1,0,7,3,6,50,3,1,1,5,4,6,6,4,4,10,5,5,2,16,3,10,6,1,F01,7,6,7,21,2,14,,48,48,1,6,4,120.666955,24.135654,2
2983,66000,387130000C,(04)23274275,(04)23288582,2025,12,7,12,9,臺中市,大里區,0,2,0,7,3,6,50,3,1,1,5,4,6,6,4,4,5,5,5,1,17,2,8,1,1,C03,7,9,1,10,2,14,,34,34,1,12,4,120.682625,24.102806,2
2984,66000,387130000C,(04)23274275,(04)23288582,2025,12,7,12,12,臺中市,南屯區,0,0,0,7,3,6,50,13,9,1,5,4,6,6,1,1,1,4,5,2,30,,,,,B03,,,1,,1,,,87,87,1,12,4,120.646286,24.129563,3
2985,66000,387130000C,(04)23274275,(04)23288582,2025,12,7,12,14,臺中市,南屯區,0,0,0,7,,,40,,,,,,,,,,,,,,17,,,,,A04,,,1,,2,,,84,84,1,6,4,120.609036,24.129181,3
2986,66000,387130000C,(04)23274275,(04)23288582,2025,12,7,12,14,臺中市,北屯區,0,0,0,7,,,50,,,,,,,,,,,,,,13,,,,,B03,,,1,,1,,,7,7,1,6,4,120.704822,24.187743,3
2987,66000,387130000C,(04)23274275,(04)23288582,2025,12,7,12,16,臺中市,西屯區,0,0,0,7,,,30,,,,,,,,,,,,,,27,,,,,B02,,,1,,2,,,84,84,1,12,4,120.648696,24.158105,3
2988,66000,387130000C,(04)23274275,(04)23288582,2025,12,7,12,18,臺中市,沙鹿區,0,0,0,7,,,50,,,,,,,,,,,,,,,,,,,B03,,,1,,1,,,8,8,2,12,4,120.560635,24.236038,3
2989,66000,387130000C,(04)23274275,(04)23288582,2025,12,7,12,22,臺中市,大里區,0,2,0,7,3,6,50,4,1,1,5,4,6,6,1,1,10,5,5,2,12,2,9,1,1,C03,7,5,1,10,2,12,,8,8,1,12,4,120.689803,24.110037,2
2990,66000,387130000C,(04)23274275,(04)23288582,2025,12,7,12,25,臺中市,清水區,0,0,0,7,2,6,50,13,9,1,5,4,6,6,4,4,8,3,5,2,14,,,,,B03,,,1,,1,,,49,49,1,12,4,120.574144,24.266344,3
2991,66000,387130000C,(04)23274275,(04)23288582,2025,12,7,12,26,臺中市,太平區,0,0,0,7,,,50,,,,,,,,,,,,,,14,,,,,C03,,,1,,2,,,49,49,1,12,4,120.718105,24.125742,3
2992,66000,387130000C,(04)23274275,(04)23288582,2025,12,7,12,27,臺中市,西區,0,0,0,7,,,50,,,,,,,,,,,,,,,,,,,C03,,,1,,1,,,7,7,1,12,4,120.667992,24.142099,3
2993,66000,387130000C,(04)23274275,(04)23288582,2025,12,7,12,29,臺中市,西屯區,0,0,0,7,,,50,,,,,,,,,,,,,,13,,,,,B03,,,1,,1,,,84,84,1,13,4,120.639122,24.1651,3
2994,66000,387130000C,(04)23274275,(04)23288582,2025,12,7,12,30,臺中市,梧棲區,0,0,0,7,,,50,,,,,,,,,,,,,,17,,,,,B03,,,1,,1,,,50,50,1,6,4,120.533485,24.260947,3
2995,66000,387130000C,(04)23274275,(04)23288582,2025,12,7,12,35,臺中市,烏日區,0,0,0,7,2,6,40,13,9,1,5,4,6,6,4,4,10,5,5,1,19,3,10,3,1,B02,7,9,1,8,2,10,,59,59,1,6,4,120.632102,24.044806,3
2996,66000,387130000C,(04)23274275,(04)23288582,2025,12,7,12,40,臺中市,潭子區,0,0,0,7,,,60,,,,,,,,,,,,,,13,,,,,B03,,,1,,2,,,7,7,1,13,4,120.705228,24.215422,3
2997,66000,387130000C,(04)23274275,(04)23288582,2025,12,7,12,47,臺中市,南區,0,2,0,7,1,6,50,4,1,1,5,4,6,6,1,1,9,4,5,2,12,3,10,1,1,C03,7,9,1,10,2,12,,7,7,1,12,4,120.684116,24.131982,2
2998,66000,387130000C,(04)23274275,(04)23288582,2025,12,7,12,50,臺中市,神岡區,0,1,0,7,2,6,50,3,2,1,5,4,6,6,1,1,1,4,5,1,12,3,10,5,4,B03,7,9,1,8,2,5,,8,8,1,12,4,120.682383,24.24607,2
2999,66000,387130000C,(04)23274275,(04)23288582,2025,12,7,12,52,臺中市,北區,0,0,0,7,3,6,50,18,24,1,5,4,6,6,4,4,9,5,5,2,17,,,,,B03,,,1,,2,,,8,8,1,13,4,120.687644,24.158501,3
3000,66000,387130000C,(04)23274275,(04)23288582,2025,12,7,12,52,臺中市,南區,0,2,0,7,2,6,50,4,1,1,5,4,3,3,4,4,10,5,5,2,16,2,9,2,1,C03,7,6,1,9,2,14,12,13,13,1,12,4,120.684168,24.130555,2
3001,66000,387130000C,(04)23274275,(04)23288582,2025,12,7,12,54,臺中市,大里區,0,2,0,7,3,6,50,4,1,1,5,4,6,6,2,1,5,5,4,2,16,2,8,1,1,C03,7,6,1,9,2,12,,11,11,1,12,4,120.689569,24.106276,2
3002,66000,387130000C,(04)23274275,(04)23288582,2025,12,7,12,57,臺中市,烏日區,0,2,0,7,2,6,50,3,1,1,5,4,6,6,1,1,10,5,5,2,13,2,9,2,1,C03,7,9,1,10,2,11,,7,7,1,6,4,120.619393,24.110146,2
3003,66000,387130000C,(04)23274275,(04)23288582,2025,12,7,12,57,臺中市,沙鹿區,0,0,0,7,,,50,,,,,,,,,,,,,,,,,,,B03,,,1,,1,,,15,15,1,12,4,120.553322,24.223843,3
3004,66000,387130000C,(04)23274275,(04)23288582,2025,12,7,12,57,臺中市,沙鹿區,0,1,0,7,2,6,50,5,2,1,5,4,6,6,4,4,3,3,3,1,17,3,10,5,4,B03,7,1,1,8,2,4,,51,51,1,13,4,120.563934,24.248033,2
3005,66000,387130000C,(04)23274275,(04)23288582,2025,12,7,13,0,臺中市,北區,0,0,0,7,,,50,,,,,,,,,,,,,,17,,,,,B03,,,6,,9,,,85,85,1,13,4,120.696409,24.153334,4
3006,66000,387130000C,(04)23274275,(04)23288582,2025,12,7,13,2,臺中市,西屯區,0,0,0,7,,,50,,,,,,,,,,,,,,13,,,,,B03,,,1,,1,,,7,7,1,13,4,120.654038,24.167953,3
3007,66000,387130000C,(04)23274275,(04)23288582,2025,12,7,13,2,臺中市,大里區,0,0,0,7,3,6,50,13,7,1,5,4,6,6,1,1,5,5,4,1,13,,,,,B03,,,1,,2,,,59,59,1,12,4,120.689915,24.101236,3
3008,66000,387130000C,(04)23274275,(04)23288582,2025,12,7,13,11,臺中市,北屯區,0,0,0,7,,,50,,,,,,,,,,,,,,13,,,,,A04,,,1,2,1,,,7,7,1,12,4,120.661732,24.190091,3
3009,66000,387130000C,(04)23274275,(04)23288582,2025,12,7,13,15,臺中市,西屯區,0,0,0,7,,,40,,,,,,,,,,,,,,12,,,,,C03,,,1,,1,,,42,42,1,12,4,120.642153,24.16443,3
3010,66000,387130000C,(04)23274275,(04)23288582,2025,12,7,13,16,臺中市,烏日區,0,1,0,7,2,6,50,4,1,1,5,4,6,6,1,1,10,5,5,2,16,3,10,1,1,C03,7,6,1,10,2,13,,20,20,1,6,4,120.624607,24.104165,2
3011,66000,387130000C,(04)23274275,(04)23288582,2025,12,7,13,30,臺中市,北屯區,0,0,0,7,2,6,50,13,9,1,5,4,6,6,4,4,1,4,5,2,13,3,10,3,2,A02,7,9,1,2,1,1,,82,82,1,12,4,120.685621,24.177643,3
3012,66000,387130000C,(04)23274275,(04)23288582,2025,12,7,13,31,臺中市,西屯區,0,0,0,7,,,,,,,,,,,,,,,,,17,,,,,,,,,,,,,119,119,1,,,120.624386,24.185387,3
3013,66000,387130000C,(04)23274275,(04)23288582,2025,12,7,13,39,臺中市,北區,0,1,0,7,2,6,50,13,9,1,5,4,6,6,4,4,4,4,5,2,16,3,10,5,4,B03,7,5,1,8,2,2,,20,20,1,13,4,120.684877,24.152852,2
3014,66000,387130000C,(04)23274275,(04)23288582,2025,12,7,13,43,臺中市,沙鹿區,0,1,0,7,2,6,30,13,9,1,5,4,6,6,4,4,10,5,5,2,17,3,10,5,4,B03,7,2,1,8,2,3,,49,49,1,13,4,120.605635,24.244102,2
3015,66000,387130000C,(04)23274275,(04)23288582,2025,12,7,13,46,臺中市,南屯區,0,0,0,7,,,50,,,,,,,,,,,,,,14,,,,,B03,,,1,,2,,,50,50,1,13,4,120.632543,24.116313,3
3016,66000,387130000C,(04)23274275,(04)23288582,2025,12,7,13,46,臺中市,西屯區,0,0,0,7,,,50,,,,,,,,,,,,,,,,,,,B03,,,1,,1,,,59,59,1,13,4,120.6369,24.161298,3
3017,66000,387130000C,(04)23274275,(04)23288582,2025,12,7,13,48,臺中市,沙鹿區,0,1,0,7,2,6,50,13,9,1,5,4,6,6,4,4,5,5,5,2,17,2,8,4,1,F01,7,9,7,21,2,11,,58,58,1,12,1,120.573507,24.226969,2
3018,66000,387130000C,(04)23274275,(04)23288582,2025,12,7,13,51,臺中市,太平區,0,0,0,7,,3,40,,,,,,,,,,,,,,13,,,,,B03,,,1,,2,,,84,84,1,12,4,120.708776,24.134182,3
3019,66000,387130000C,(04)23274275,(04)23288582,2025,12,7,13,51,臺中市,沙鹿區,0,0,0,7,,,30,,,,,,,,,,,,,,,,,,,B03,,,1,,1,,,8,8,1,6,4,120.557355,24.218815,3
3020,66000,387130000C,(04)23274275,(04)23288582,2025,12,7,13,53,臺中市,豐原區,0,0,0,7,3,6,50,13,9,1,5,4,6,6,4,4,10,5,5,1,2,3,10,3,1,B03,7,9,1,8,1,4,,8,8,1,12,4,120.729763,24.23672,3
3021,66000,387130000C,(04)23274275,(04)23288582,2025,12,7,13,54,臺中市,豐原區,0,1,0,7,2,6,50,3,1,1,5,4,6,6,1,1,10,5,5,2,17,2,9,2,1,C03,7,9,1,10,2,14,,58,58,1,13,4,120.715778,24.239333,2