序號,縣市別代碼,機關代碼,市話,傳真,年,月,日,時,分,縣市,區,死亡數量,受傷數量,2-30,天候,道路照明設備,道路類別,道路速限,道路型態,事故位置,路面鋪裝,路面狀態,路面缺陷,障礙物,視距,號誌種類,號誌動作,分向設施,快車道或一般車道間,快慢車道間,路面邊線,事故類型及型態,受傷程度,主要傷處,保護裝備,行動電話或功能裝置,當事者區分(類別),車輛用途,當事者行動狀態,駕照狀態,駕照種類,飲酒情形,車輛撞擊部位最初,車輛撞擊部位其他,肇事因素個別,肇事因素主要,肇事逃逸,職業,共享經濟或外送平台,GPS座標X,GPS座標Y,事故類別
3022,66000,387130000C,(04)23274275,(04)23288582,2025,12,7,13,55,臺中市,東區,0,1,0,7,2,6,50,3,2,1,5,4,6,6,1,1,10,5,5,2,17,2,8,1,1,C03,7,6,1,10,2,11,,85,85,1,12,4,120.710978,24.1427,2
3023,66000,387130000C,(04)23274275,(04)23288582,2025,12,7,13,55,臺中市,北屯區,0,0,0,7,,,40,,,,,,,,,,,,,,12,,,,,A04,,,1,,1,,,51,51,1,12,4,120.66826,24.17911,3
3024,66000,387130000C,(04)23274275,(04)23288582,2025,12,7,13,55,臺中市,西屯區,0,0,0,7,,,30,,,,,,,,,,,,,,,,,,,B03,,,1,,1,,,59,59,1,12,4,120.63336,24.17409,3
3025,66000,387130000C,(04)23274275,(04)23288582,2025,12,7,13,57,臺中市,西區,0,1,0,7,2,6,50,3,1,1,5,4,6,6,4,4,10,5,5,2,22,2,9,5,4,C01,7,9,1,9,2,11,,84,84,1,13,4,120.671192,24.150682,2
3026,66000,387130000C,(04)23274275,(04)23288582,2025,12,7,14,5,臺中市,太平區,0,2,0,7,2,3,80,13,9,1,5,4,6,6,4,4,1,4,5,1,13,3,10,3,1,B03,7,9,3,19,2,1,,7,7,1,13,4,120.714097,24.14843,2
3027,66000,387130000C,(04)23274275,(04)23288582,2025,12,7,14,7,臺中市,北區,0,0,0,7,,,50,,,,,,,,,,,,,,,,,,,C03,,,1,,1,,,7,7,1,12,4,120.688133,24.151037,3
3028,66000,387130000C,(04)23274275,(04)23288582,2025,12,7,14,7,臺中市,西屯區,0,0,0,7,,,50,,,,,,,,,,,,,,30,,,,,A42,,,1,,2,,,8,8,1,12,4,120.603643,24.186033,3
3029,66000,387130000C,(04)23274275,(04)23288582,2025,12,7,14,9,臺中市,沙鹿區,0,1,0,7,2,6,60,5,2,1,5,4,6,6,1,1,3,3,3,1,17,3,10,5,4,B03,7,15,1,8,2,4,,76,76,1,13,4,120.568169,24.238415,2
3030,66000,387130000C,(04)23274275,(04)23288582,2025,12,7,14,15,臺中市,和平區,0,2,0,7,3,9,50,13,9,1,5,4,6,6,4,4,4,1,5,1,20,3,10,3,1,B03,7,9,1,8,2,5,,43,43,1,12,4,120.926091,24.181751,2
3031,66000,387130000C,(04)23274275,(04)23288582,2025,12,7,14,16,臺中市,西屯區,0,1,0,7,2,6,40,3,1,1,5,4,6,6,4,4,1,4,5,2,17,3,10,3,4,B03,7,5,1,8,1,5,,20,20,1,13,4,120.637493,24.170552,2
3032,66000,387130000C,(04)23274275,(04)23288582,2025,12,7,14,19,臺中市,西區,0,0,0,7,,,50,,,,,,,,,,,,,,13,,,,,B03,,,1,,1,,,59,59,1,13,4,120.66658,24.140884,3
3033,66000,387130000C,(04)23274275,(04)23288582,2025,12,7,14,21,臺中市,西屯區,0,0,0,7,,,40,,,,,,,,,,,,,,13,,,,,B02,,,1,,2,,,59,59,1,13,4,120.643913,24.156379,3
3034,66000,387130000C,(04)23274275,(04)23288582,2025,12,7,14,23,臺中市,潭子區,0,1,0,7,3,6,50,4,1,1,5,4,6,6,4,4,10,5,5,2,17,2,9,2,1,C03,7,6,1,10,2,12,,43,43,1,12,4,120.701651,24.21166,2
3035,66000,387130000C,(04)23274275,(04)23288582,2025,12,7,14,35,臺中市,大里區,0,1,0,7,3,6,50,4,9,1,5,4,6,6,2,1,1,4,5,1,23,2,9,1,1,C03,7,5,1,10,2,14,,84,84,1,12,4,120.688158,24.094714,2
3036,66000,387130000C,(04)23274275,(04)23288582,2025,12,7,14,38,臺中市,北屯區,0,0,0,7,,,50,,,,,,,,,,,,,,17,,,,,B03,,,1,,2,,,51,51,1,5,4,120.707831,24.180114,3
3037,66000,387130000C,(04)23274275,(04)23288582,2025,12,7,14,38,臺中市,霧峰區,0,1,0,7,2,6,60,5,1,1,5,4,6,6,1,1,10,5,5,2,17,3,10,3,1,B03,7,5,1,8,2,2,,47,47,1,12,4,120.696468,24.05431,2
3038,66000,387130000C,(04)23274275,(04)23288582,2025,12,7,14,40,臺中市,神岡區,0,0,0,7,,,50,,,,,,,,,,,,,,12,,,,,C01,,,1,,1,,,7,7,1,13,4,120.683036,24.269439,3
3039,66000,387130000C,(04)23274275,(04)23288582,2025,12,7,14,41,臺中市,南屯區,0,0,0,7,,,50,,,,,,,,,,,,,,14,,,,,B03,,,1,,2,,,49,49,1,12,4,120.645049,24.129495,4
3040,66000,387130000C,(04)23274275,(04)23288582,2025,12,7,14,53,臺中市,外埔區,0,1,0,7,2,6,50,4,1,1,5,4,6,6,1,1,5,4,4,1,17,3,10,3,1,B12,7,6,1,8,2,6,,11,11,1,6,4,120.657463,24.327796,2
3041,66000,387130000C,(04)23274275,(04)23288582,2025,12,7,14,55,臺中市,太平區,0,0,0,7,,,30,,,,,,,,,,,,,,14,,,,,B03,,,1,,2,,,49,49,1,12,4,120.712352,24.156409,3
3042,66000,387130000C,(04)23274275,(04)23288582,2025,12,7,14,57,臺中市,大里區,0,0,0,7,,3,80,,,,,,,,,,,,,,,,,,,B03,,,1,,1,,,7,7,1,12,4,120.683053,24.077353,3
3043,66000,387130000C,(04)23274275,(04)23288582,2025,12,7,15,0,臺中市,東區,0,0,0,7,,,50,,,,,,,,,,,,,,,,,,,B03,,,1,,1,,,8,8,1,13,4,120.705833,24.148049,3
3044,66000,387130000C,(04)23274275,(04)23288582,2025,12,7,15,3,臺中市,大甲區,0,0,0,7,,,50,,,,,,,,,,,,,,,,,,,B03,,,1,,1,,,49,49,1,6,4,120.619381,24.345784,3
3045,66000,387130000C,(04)23274275,(04)23288582,2025,12,7,15,18,臺中市,南屯區,0,0,0,7,,,50,,,,,,,,,,,,,,13,,,,,B03,,,1,,2,,,59,59,1,12,4,120.636194,24.134334,3
3046,66000,387130000C,(04)23274275,(04)23288582,2025,12,7,15,19,臺中市,南屯區,0,0,0,7,,,50,,,,,,,,,,,,,,,,,,,B03,,,1,,1,,,7,7,1,13,4,120.649264,24.150661,3
3047,66000,387130000C,(04)23274275,(04)23288582,2025,12,7,15,20,臺中市,南屯區,0,0,0,7,,,50,,,,,,,,,,,,,,17,,,,,B03,,,1,,1,,,12,12,1,12,4,120.650672,24.130766,4
3048,66000,387130000C,(04)23274275,(04)23288582,2025,12,7,15,20,臺中市,霧峰區,0,0,0,7,,3,80,,,,,,,,,,,,,,,,,,,B03,,,1,,2,,,84,84,1,6,4,120.684711,24.075499,3
3049,66000,387130000C,(04)23274275,(04)23288582,2025,12,7,15,20,臺中市,太平區,0,1,0,7,2,6,50,13,9,1,5,4,6,6,4,4,1,4,5,2,13,3,10,2,1,C03,7,9,1,10,2,11,,7,7,1,12,4,120.711955,24.143458,2
3050,66000,387130000C,(04)23274275,(04)23288582,2025,12,7,15,21,臺中市,沙鹿區,0,0,0,7,,,60,,,,,,,,,,,,,,,,,,,B03,,,1,,1,,,40,40,1,12,4,120.596401,24.249997,3
3051,66000,387130000C,(04)23274275,(04)23288582,2025,12,7,15,22,臺中市,清水區,0,1,0,7,3,6,50,13,9,1,5,4,6,6,4,4,5,5,5,2,18,2,9,2,4,F01,7,9,7,21,1,11,,84,84,1,12,4,120.585169,24.269428,2
3052,66000,387130000C,(04)23274275,(04)23288582,2025,12,7,15,23,臺中市,西屯區,0,1,0,7,2,6,50,13,9,1,5,4,6,6,4,4,8,5,5,1,16,3,10,5,4,B03,7,6,1,8,2,1,,84,84,1,13,4,120.650787,24.181976,2
3053,66000,387130000C,(04)23274275,(04)23288582,2025,12,7,15,29,臺中市,太平區,0,0,0,7,,,30,,,,,,,,,,,,,,30,,,,,F07,,,7,,1,,,84,84,1,2,4,120.724519,24.127025,3
3054,66000,387130000C,(04)23274275,(04)23288582,2025,12,7,15,38,臺中市,大甲區,0,0,0,7,,,50,,,,,,,,,,,,,,16,,,,,B03,,,1,,2,,,51,51,1,6,4,120.624923,24.341247,3
3055,66000,387130000C,(04)23274275,(04)23288582,2025,12,7,15,40,臺中市,北屯區,0,0,0,7,,3,40,,,,,,,,,,,,,,13,,,,,B03,,,1,,1,,,84,84,1,6,4,120.720103,24.164771,3
3056,66000,387130000C,(04)23274275,(04)23288582,2025,12,7,15,40,臺中市,和平區,0,0,0,7,,,50,,,,,,,,,,,,,,2,,,,,B03,,,1,,2,,,34,34,1,13,4,120.903604,24.169016,4
3057,66000,387130000C,(04)23274275,(04)23288582,2025,12,7,15,44,臺中市,大里區,0,0,0,7,,,50,,,,,,,,,,,,,,,,,,,B03,,,1,,2,,,49,49,1,12,4,120.68829,24.108436,3
3058,66000,387130000C,(04)23274275,(04)23288582,2025,12,7,15,45,臺中市,外埔區,0,0,0,7,,,40,,,,,,,,,,,,,,12,,,,,B12,,,1,,1,,,49,49,1,7,4,120.624847,24.319197,3
3059,66000,387130000C,(04)23274275,(04)23288582,2025,12,7,15,49,臺中市,中區,0,2,0,7,2,6,50,4,1,1,5,4,6,6,1,1,10,5,5,2,16,3,10,5,4,B03,7,6,1,8,2,2,,25,25,1,13,4,120.67986,24.137938,2
3060,66000,387130000C,(04)23274275,(04)23288582,2025,12,7,15,49,臺中市,北屯區,0,0,0,7,,,50,,,,,,,,,,,,,,12,,,,,B03,,,1,,2,,,40,40,1,12,4,120.719739,24.163493,3
3061,66000,387130000C,(04)23274275,(04)23288582,2025,12,7,15,50,臺中市,清水區,0,2,0,7,3,6,50,5,1,1,5,4,6,6,3,1,5,5,5,1,15,2,9,2,1,C03,7,9,1,10,2,11,,12,12,1,12,4,120.56054,24.278515,2
3062,66000,387130000C,(04)23274275,(04)23288582,2025,12,7,15,50,臺中市,大甲區,0,0,0,7,3,5,40,13,9,1,5,4,6,6,4,4,10,5,5,2,12,3,10,5,1,B03,7,1,1,8,1,8,,49,49,1,13,4,120.641021,24.360317,3
3063,66000,387130000C,(04)23274275,(04)23288582,2025,12,7,15,55,臺中市,太平區,0,0,0,7,,,50,,,,,,,,,,,,,,25,,,,,B03,,,1,,2,,,84,84,1,13,4,120.713718,24.113306,3
3064,66000,387130000C,(04)23274275,(04)23288582,2025,12,7,15,57,臺中市,大肚區,0,0,0,7,,,50,,,,,,,,,,,,,,12,,,,,B03,,,1,,2,,,2,2,1,6,4,120.548297,24.142076,3
3065,66000,387130000C,(04)23274275,(04)23288582,2025,12,7,15,59,臺中市,南區,0,0,0,7,,,50,,,,,,,,,,,,,,,,,,,C03,,,1,,1,,,7,7,1,13,4,120.655281,24.129383,3
3066,66000,387130000C,(04)23274275,(04)23288582,2025,12,7,15,59,臺中市,南區,0,1,0,7,2,6,50,13,9,1,5,4,6,6,4,4,1,4,5,2,12,3,10,3,1,B03,7,3,1,8,2,5,,84,84,1,6,4,120.656786,24.11657,2
3067,66000,387130000C,(04)23274275,(04)23288582,2025,12,7,15,59,臺中市,西屯區,0,0,0,7,,,50,,,,,,,,,,,,,,13,,,,,A12,,,1,,2,,,59,59,1,12,4,120.656109,24.169599,3
3068,66000,387130000C,(04)23274275,(04)23288582,2025,12,7,16,0,臺中市,沙鹿區,0,3,0,7,2,6,50,5,1,1,5,4,6,6,1,1,10,5,5,2,17,2,8,1,1,C03,7,9,1,10,2,12,,21,21,1,12,4,120.604732,24.243472,2
3069,66000,387130000C,(04)23274275,(04)23288582,2025,12,7,16,0,臺中市,沙鹿區,0,0,0,7,,,50,,,,,,,,,,,,,,,,,,,B03,,,1,,2,,,50,50,1,12,4,120.581747,24.221681,3
3070,66000,387130000C,(04)23274275,(04)23288582,2025,12,7,16,6,臺中市,大里區,0,1,0,7,2,9,50,4,19,1,5,4,6,6,3,1,10,5,5,2,3,3,10,1,1,C03,7,9,1,10,2,11,,84,84,1,12,4,120.677074,24.094453,2
3071,66000,387130000C,(04)23274275,(04)23288582,2025,12,7,16,10,臺中市,西區,0,0,0,7,,,,,,,,,,,,,,,,,17,,,,,,,,,,,,,119,119,1,,,120.674423,24.139783,3
3072,66000,387130000C,(04)23274275,(04)23288582,2025,12,7,16,10,臺中市,大里區,0,1,0,7,2,6,50,4,1,1,5,4,6,6,1,1,10,5,5,2,15,3,10,3,1,B03,7,9,1,8,2,1,,21,21,1,13,4,120.703192,24.090052,2
3073,66000,387130000C,(04)23274275,(04)23288582,2025,12,7,16,13,臺中市,烏日區,0,0,0,7,,,50,,,,,,,,,,,,,,,,,,,B03,,,1,,1,,,24,24,1,13,4,120.61865,24.103128,3
3074,66000,387130000C,(04)23274275,(04)23288582,2025,12,7,16,14,臺中市,石岡區,0,1,0,7,2,8,10,11,13,1,5,4,6,6,4,4,7,5,5,2,11,3,10,6,4,F01,7,5,7,21,1,11,,84,84,1,4,4,120.77403,24.27819,2
3075,66000,387130000C,(04)23274275,(04)23288582,2025,12,7,16,15,臺中市,南屯區,0,0,0,7,,,50,,,,,,,,,,,,,,17,,,,,B03,,,1,,1,,,51,51,1,12,4,120.643752,24.138461,4
3076,66000,387130000C,(04)23274275,(04)23288582,2025,12,7,16,15,臺中市,南屯區,0,1,0,7,3,6,30,4,1,1,5,4,6,6,3,1,5,5,5,2,15,3,10,3,1,B03,7,9,1,8,2,2,,24,24,1,12,4,120.640042,24.139986,2
3077,66000,387130000C,(04)23274275,(04)23288582,2025,12,7,16,15,臺中市,北屯區,0,1,0,7,2,6,50,13,9,1,5,4,6,6,4,4,5,5,5,2,17,2,9,1,1,C03,7,9,1,10,2,11,,83,83,1,12,4,120.666395,24.184764,2
3078,66000,387130000C,(04)23274275,(04)23288582,2025,12,7,16,18,臺中市,后里區,0,0,0,7,2,6,50,13,7,1,5,4,6,6,1,1,3,4,4,1,13,,,,,B03,,,1,,2,,,7,7,1,6,4,120.722716,24.284589,3
3079,66000,387130000C,(04)23274275,(04)23288582,2025,12,7,16,20,臺中市,西屯區,0,0,0,7,,,50,,,,,,,,,,,,,,11,,,,,B03,,,1,,2,,,8,8,1,12,4,120.643864,24.181897,3
3080,66000,387130000C,(04)23274275,(04)23288582,2025,12,7,16,23,臺中市,東區,0,2,0,7,1,6,50,4,1,1,5,4,6,6,1,2,9,4,5,2,12,2,9,1,1,C03,7,9,1,10,2,11,14,7,7,1,12,4,120.684116,24.131982,2
3081,66000,387130000C,(04)23274275,(04)23288582,2025,12,7,16,23,臺中市,豐原區,0,1,0,7,2,6,50,5,2,1,5,4,6,6,2,1,5,5,4,1,17,3,10,5,4,C03,7,6,1,10,2,11,,11,11,1,12,4,120.7205,24.249353,2
3082,66000,387130000C,(04)23274275,(04)23288582,2025,12,7,16,25,臺中市,沙鹿區,0,1,0,7,3,6,50,4,1,1,5,4,6,6,1,1,1,4,1,2,12,2,9,2,1,C03,7,15,1,10,2,13,,84,84,1,12,4,120.562152,24.245118,2
3083,66000,387130000C,(04)23274275,(04)23288582,2025,12,7,16,26,臺中市,豐原區,0,0,0,7,,,50,,,,,,,,,,,,,,17,,,,,B12,,,1,,1,,,68,68,1,12,4,120.719123,24.257653,3
3084,66000,387130000C,(04)23274275,(04)23288582,2025,12,7,16,27,臺中市,西屯區,0,0,0,7,,,50,,,,,,,,,,,,,,12,,,,,B03,,,1,,1,,,59,59,1,12,4,120.66574,24.172786,3
3085,66000,387130000C,(04)23274275,(04)23288582,2025,12,7,16,31,臺中市,龍井區,0,1,0,7,1,6,50,11,9,1,5,4,6,6,4,4,9,5,5,2,11,2,9,1,1,C03,7,9,1,10,2,11,,8,8,1,6,4,120.571388,24.178227,2
3086,66000,387130000C,(04)23274275,(04)23288582,2025,12,7,16,35,臺中市,北屯區,0,0,0,7,,,50,,,,,,,,,,,,,,13,,,,,B03,,,1,,1,,,7,7,1,6,4,120.72147,24.162428,3
3087,66000,387130000C,(04)23274275,(04)23288582,2025,12,7,16,35,臺中市,西屯區,0,1,0,7,2,6,50,3,2,1,5,4,6,6,4,4,1,4,1,2,12,2,9,2,1,C03,7,7,1,10,1,12,,7,7,1,12,4,120.646009,24.196062,2
3088,66000,387130000C,(04)23274275,(04)23288582,2025,12,7,16,37,臺中市,北區,0,1,0,7,2,6,50,3,1,1,5,4,6,6,4,4,10,5,5,2,12,3,10,1,1,C03,7,9,1,10,2,12,,59,59,1,12,4,120.665349,24.159085,2
3089,66000,387130000C,(04)23274275,(04)23288582,2025,12,7,16,37,臺中市,北屯區,0,0,0,7,,,50,,,,,,,,,,,,,,13,,,,,B12,,,1,,2,,,7,7,1,6,4,120.665138,24.183921,3
3090,66000,387130000C,(04)23274275,(04)23288582,2025,12,7,16,37,臺中市,西屯區,0,0,0,7,,,50,,,,,,,,,,,,,,,,,,,B03,,,1,,2,,,49,49,1,13,4,120.647856,24.174086,3
3091,66000,387130000C,(04)23274275,(04)23288582,2025,12,7,16,37,臺中市,太平區,0,0,0,7,,,50,,,,,,,,,,,,,,16,,,,,B03,,,1,,2,,,84,84,1,6,4,120.708083,24.159297,3
3092,66000,387130000C,(04)23274275,(04)23288582,2025,12,7,16,40,臺中市,烏日區,0,1,0,7,2,6,50,13,7,1,5,4,6,6,4,4,5,5,4,1,13,3,10,3,1,B03,7,10,1,8,2,1,,7,7,1,6,4,120.652456,24.094334,2
3093,66000,387130000C,(04)23274275,(04)23288582,2025,12,7,16,41,臺中市,南區,0,0,0,7,,,50,,,,,,,,,,,,,,,,,,,C03,,,1,,1,,,59,59,1,13,4,120.655329,24.120118,3
3094,66000,387130000C,(04)23274275,(04)23288582,2025,12,7,16,41,臺中市,北屯區,0,1,0,7,2,6,50,13,9,1,5,4,6,6,4,4,1,4,5,2,13,2,9,1,1,C03,7,12,1,10,2,11,,59,59,1,5,4,120.731933,24.175005,2
3095,66000,387130000C,(04)23274275,(04)23288582,2025,12,7,16,47,臺中市,北區,0,0,0,7,,,50,,,,,,,,,,,,,,16,,,,,C03,,,1,,2,,,59,59,1,12,2,120.685196,24.158204,3
3096,66000,387130000C,(04)23274275,(04)23288582,2025,12,7,16,49,臺中市,南屯區,0,0,0,7,,,0,,,,,,,,,,,,,,14,,,,,B03,,,1,,2,,,49,49,1,12,4,120.638506,24.14753,4
3097,66000,387130000C,(04)23274275,(04)23288582,2025,12,7,16,53,臺中市,西屯區,0,1,0,7,2,6,40,3,1,1,5,4,6,6,4,4,10,5,5,2,12,2,7,2,1,C03,7,9,1,9,1,11,,7,7,1,12,4,120.638271,24.169454,2
3098,66000,387130000C,(04)23274275,(04)23288582,2025,12,7,16,55,臺中市,北屯區,0,0,0,7,,3,40,,,,,,,,,,,,,,13,,,,,B03,,,1,,1,,,7,7,1,12,4,120.721032,24.173558,3
3099,66000,387130000C,(04)23274275,(04)23288582,2025,12,7,16,55,臺中市,石岡區,0,0,0,7,,,50,,,,,,,,,,,,,,16,,,,,B03,,,1,,2,,,51,51,1,13,4,120.771682,24.278035,3
3100,66000,387130000C,(04)23274275,(04)23288582,2025,12,7,16,57,臺中市,西區,0,2,0,7,1,6,50,4,1,1,5,4,6,6,1,1,10,5,5,1,17,2,9,5,4,B03,7,9,1,8,2,1,,7,7,1,12,4,120.668196,24.142617,2
3101,66000,387130000C,(04)23274275,(04)23288582,2025,12,7,16,57,臺中市,大甲區,0,0,0,7,,,50,,,,,,,,,,,,,,,,,,,B03,,,1,,1,,,7,7,1,12,4,120.632394,24.345569,3
3102,66000,387130000C,(04)23274275,(04)23288582,2025,12,7,16,58,臺中市,霧峰區,0,4,0,7,1,6,40,13,8,1,5,4,6,6,4,4,5,5,4,2,9,2,9,2,1,C03,7,9,1,10,2,11,,84,84,1,5,4,120.718933,24.065003,2
3103,66000,387130000C,(04)23274275,(04)23288582,2025,12,7,17,0,臺中市,潭子區,0,2,0,6,1,6,50,3,2,1,5,4,6,6,4,4,5,5,4,2,17,3,10,3,1,B03,7,5,1,8,2,5,,14,14,1,13,4,120.685442,24.209919,2
3104,66000,387130000C,(04)23274275,(04)23288582,2025,12,7,17,0,臺中市,西區,0,0,0,7,,,50,,,,,,,,,,,,,,,,,,,B03,,,1,,1,,,49,49,1,6,4,120.664253,24.137405,3
3105,66000,387130000C,(04)23274275,(04)23288582,2025,12,7,17,5,臺中市,北屯區,0,2,0,7,2,6,50,4,1,1,5,4,6,6,2,1,10,5,5,2,13,3,10,3,1,B03,7,6,1,8,2,8,,7,7,1,12,4,120.685991,24.180185,2
3106,66000,387130000C,(04)23274275,(04)23288582,2025,12,7,17,6,臺中市,神岡區,0,1,0,7,1,6,50,13,7,1,5,4,6,6,4,4,5,5,5,1,18,2,9,1,1,F03,7,9,7,21,8,15,,53,53,1,12,4,120.69417,24.253192,2
3107,66000,387130000C,(04)23274275,(04)23288582,2025,12,7,17,19,臺中市,大甲區,0,0,0,7,,,50,,,,,,,,,,,,,,,,,,,B03,,,1,,2,,,7,7,1,6,4,120.617558,24.351633,3
3108,66000,387130000C,(04)23274275,(04)23288582,2025,12,7,17,28,臺中市,南區,0,1,0,7,1,6,50,13,9,1,5,4,6,6,4,4,1,5,5,2,12,3,10,3,1,B03,7,8,1,8,2,4,,40,40,1,13,4,120.668689,24.128468,2
3109,66000,387130000C,(04)23274275,(04)23288582,2025,12,7,17,29,臺中市,南區,0,1,0,7,2,6,50,4,1,1,5,4,6,6,2,1,10,5,5,2,12,2,9,2,1,C03,7,8,1,10,2,14,,40,40,1,6,4,120.648466,24.119532,2
3110,66000,387130000C,(04)23274275,(04)23288582,2025,12,7,17,30,臺中市,烏日區,0,1,0,7,1,6,50,13,14,1,5,4,6,6,4,4,5,4,4,1,19,2,1,1,1,F03,7,1,7,21,2,11,,82,82,1,6,4,120.620899,24.106338,2
3111,66000,387130000C,(04)23274275,(04)23288582,2025,12,7,17,30,臺中市,后里區,0,0,0,7,1,6,50,13,9,1,5,4,6,6,4,4,9,4,5,1,12,,,,,B03,,,1,,2,,,8,8,1,6,4,120.735003,24.301571,3
3112,66000,387130000C,(04)23274275,(04)23288582,2025,12,7,17,33,臺中市,南屯區,0,0,0,7,,,50,,,,,,,,,,,,,,,,,,,B03,,,1,,9,,,87,87,1,12,4,120.641688,24.132232,3
3113,66000,387130000C,(04)23274275,(04)23288582,2025,12,7,17,34,臺中市,南區,0,0,0,7,,,50,,,,,,,,,,,,,,,,,,,B03,,,1,,1,,,49,49,1,12,4,120.681993,24.124991,3
3114,66000,387130000C,(04)23274275,(04)23288582,2025,12,7,17,36,臺中市,梧棲區,0,1,0,7,1,6,40,3,1,1,5,4,6,6,4,4,1,4,1,2,16,3,10,3,1,B03,7,5,1,8,2,5,,14,14,1,6,4,120.530474,24.267016,2
3115,66000,387130000C,(04)23274275,(04)23288582,2025,12,7,17,38,臺中市,烏日區,0,0,0,7,,,50,,,,,,,,,,,,,,,,,,,A04,,,1,,2,,,7,7,1,12,4,120.621271,24.106625,3
3116,66000,387130000C,(04)23274275,(04)23288582,2025,12,7,17,39,臺中市,豐原區,0,0,0,7,1,6,50,3,1,1,5,4,6,6,4,4,5,5,4,2,12,3,10,1,1,C03,7,6,1,10,2,11,,7,7,1,12,4,120.718043,24.253347,3
3117,66000,387130000C,(04)23274275,(04)23288582,2025,12,7,17,44,臺中市,豐原區,0,0,0,7,1,6,60,4,2,1,5,4,6,6,1,1,1,4,5,1,17,3,10,1,1,F03,7,6,7,21,7,13,,48,48,1,6,4,120.703301,24.242789,3
3118,66000,387130000C,(04)23274275,(04)23288582,2025,12,7,17,49,臺中市,太平區,0,2,0,7,1,6,50,4,1,1,5,4,6,6,1,1,10,5,5,2,16,2,9,2,1,C03,7,9,1,10,2,11,,84,84,1,12,4,120.707157,24.151224,2
3119,66000,387130000C,(04)23274275,(04)23288582,2025,12,7,17,51,臺中市,豐原區,0,1,0,7,1,6,50,13,9,1,5,4,6,6,4,4,5,5,5,2,17,2,7,5,4,C03,7,1,1,10,2,11,,51,51,1,12,4,120.71697,24.249122,2
3120,66000,387130000C,(04)23274275,(04)23288582,2025,12,7,17,55,臺中市,西屯區,0,0,0,7,,,50,,,,,,,,,,,,,,13,,,,,B03,,,1,,2,,,59,59,1,12,4,120.65086,24.209385,3
3121,66000,387130000C,(04)23274275,(04)23288582,2025,12,7,17,55,臺中市,大里區,0,0,0,7,,,70,,,,,,,,,,,,,,,,,,,B03,,,1,,2,,,84,84,1,12,4,120.670314,24.110128,3
3122,66000,387130000C,(04)23274275,(04)23288582,2025,12,7,18,2,臺中市,沙鹿區,0,0,0,6,,,30,,,,,,,,,,,,,,17,,,,,B03,,,1,,2,,,76,76,1,12,4,120.562209,24.243193,3
3123,66000,387130000C,(04)23274275,(04)23288582,2025,12,7,18,3,臺中市,潭子區,0,1,0,7,1,6,50,13,9,1,5,4,6,6,4,4,3,4,5,1,12,3,10,3,1,B03,7,1,1,8,2,8,,51,51,1,12,4,120.712264,24.214614,2
3124,66000,387130000C,(04)23274275,(04)23288582,2025,12,7,18,5,臺中市,南屯區,0,1,0,7,1,6,50,4,1,1,5,4,6,6,2,1,10,5,5,2,16,3,10,3,1,B03,7,6,1,8,2,5,,11,11,1,13,4,120.632131,24.152129,2
3125,66000,387130000C,(04)23274275,(04)23288582,2025,12,7,18,6,臺中市,西屯區,0,0,0,7,,,50,,,,,,,,,,,,,,14,,,,,B03,,,1,,2,,,49,49,1,12,4,120.643733,24.183062,3
3126,66000,387130000C,(04)23274275,(04)23288582,2025,12,7,18,7,臺中市,太平區,0,0,0,7,,,50,,,,,,,,,,,,,,13,,,,,B03,,,1,,1,,,7,7,1,12,4,120.70368,24.153244,3
3127,66000,387130000C,(04)23274275,(04)23288582,2025,12,7,18,9,臺中市,東區,0,0,0,7,,,50,,,,,,,,,,,,,,14,,,,,B03,,,1,,1,,,49,49,1,12,4,120.708957,24.140794,3
3128,66000,387130000C,(04)23274275,(04)23288582,2025,12,7,18,9,臺中市,后里區,0,1,0,7,1,6,50,3,1,1,5,4,6,6,4,4,5,4,5,1,17,2,8,1,1,C03,7,6,1,10,2,12,14,12,12,1,6,4,120.716735,24.307731,2
3129,66000,387130000C,(04)23274275,(04)23288582,2025,12,7,18,15,臺中市,大肚區,0,0,0,7,,,50,,,,,,,,,,,,,,20,,,,,B03,,,1,,2,,,84,84,1,12,4,120.572789,24.115235,3
3130,66000,387130000C,(04)23274275,(04)23288582,2025,12,7,18,16,臺中市,太平區,0,3,0,7,1,6,50,3,1,1,5,4,6,6,4,4,10,5,5,2,16,2,9,2,1,C03,7,9,1,10,2,11,,84,84,1,12,4,120.713696,24.158094,2
3131,66000,387130000C,(04)23274275,(04)23288582,2025,12,7,18,22,臺中市,南屯區,0,1,0,7,1,6,50,13,9,1,5,4,6,6,4,4,5,5,5,2,12,2,9,1,1,C03,7,9,1,10,2,12,,84,84,1,12,4,120.647044,24.143771,2
3132,66000,387130000C,(04)23274275,(04)23288582,2025,12,7,18,31,臺中市,潭子區,0,0,0,7,,,60,,,,,,,,,,,,,,,,,,,B03,,,1,,2,,,84,84,1,6,4,120.686612,24.209248,3
3133,66000,387130000C,(04)23274275,(04)23288582,2025,12,7,18,31,臺中市,太平區,0,2,0,7,1,6,50,4,1,1,5,4,6,6,1,1,10,5,5,2,12,2,9,1,1,C03,7,5,1,10,2,12,,42,42,1,12,4,120.718222,24.148808,2
3134,66000,387130000C,(04)23274275,(04)23288582,2025,12,7,18,34,臺中市,北屯區,0,0,0,7,,,50,,,,,,,,,,,,,,17,,,,,C02,,,1,,1,,,7,7,1,6,4,120.725336,24.172061,3