序號,縣市別代碼,機關代碼,市話,傳真,年,月,日,時,分,縣市,區,死亡數量,受傷數量,2-30,天候,道路照明設備,道路類別,道路速限,道路型態,事故位置,路面鋪裝,路面狀態,路面缺陷,障礙物,視距,號誌種類,號誌動作,分向設施,快車道或一般車道間,快慢車道間,路面邊線,事故類型及型態,受傷程度,主要傷處,保護裝備,行動電話或功能裝置,當事者區分(類別),車輛用途,當事者行動狀態,駕照狀態,駕照種類,飲酒情形,車輛撞擊部位最初,車輛撞擊部位其他,肇事因素個別,肇事因素主要,肇事逃逸,職業,共享經濟或外送平台,GPS座標X,GPS座標Y,事故類別
3135,66000,387130000C,(04)23274275,(04)23288582,2025,12,7,18,35,臺中市,西區,0,1,0,7,1,6,50,4,1,1,5,4,6,6,1,1,10,5,5,2,15,3,10,5,4,C03,7,9,1,10,2,11,,21,21,1,13,4,120.682212,24.135899,2
3136,66000,387130000C,(04)23274275,(04)23288582,2025,12,7,18,42,臺中市,西區,0,0,0,7,,,50,,,,,,,,,,,,,,17,,,,,C03,,,1,,1,,,84,84,1,13,4,120.663263,24.156514,3
3137,66000,387130000C,(04)23274275,(04)23288582,2025,12,7,18,43,臺中市,西屯區,0,0,0,7,,,40,,,,,,,,,,,,,,13,,,,,C03,,,1,,1,,,59,59,1,13,4,120.643427,24.165789,3
3138,66000,387130000C,(04)23274275,(04)23288582,2025,12,7,18,43,臺中市,豐原區,0,0,0,7,,,50,,,,,,,,,,,,,,13,,,,,B03,,,1,,1,,,59,59,1,12,4,120.708265,24.249984,4
3139,66000,387130000C,(04)23274275,(04)23288582,2025,12,7,18,44,臺中市,西區,0,0,0,7,,,50,,,,,,,,,,,,,,,,,,,B03,,,1,,1,,,49,49,1,12,4,120.665664,24.155892,3
3140,66000,387130000C,(04)23274275,(04)23288582,2025,12,7,18,44,臺中市,大里區,0,0,0,7,,,50,,,,,,,,,,,,,,,,,,,C03,,,1,,9,,,39,39,2,12,4,120.689852,24.112128,3
3141,66000,387130000C,(04)23274275,(04)23288582,2025,12,7,18,46,臺中市,南屯區,0,0,0,7,,,50,,,,,,,,,,,,,,13,,,,,C03,,,1,,1,,,58,58,1,5,4,120.611925,24.135991,3
3142,66000,387130000C,(04)23274275,(04)23288582,2025,12,7,18,56,臺中市,南區,0,1,0,7,1,6,50,4,1,1,5,4,6,6,2,1,10,5,5,2,3,3,10,3,1,B03,7,6,1,8,2,1,,10,10,1,6,4,120.657733,24.110917,2
3143,66000,387130000C,(04)23274275,(04)23288582,2025,12,7,18,57,臺中市,外埔區,0,0,0,7,1,6,50,13,14,1,5,4,6,6,4,4,5,4,4,1,12,,,,,B03,,,1,,2,,,50,50,1,6,4,120.635739,24.343776,3
3144,66000,387130000C,(04)23274275,(04)23288582,2025,12,7,18,58,臺中市,西屯區,0,1,0,7,1,6,30,13,9,1,5,4,6,6,4,4,10,5,5,2,17,2,9,2,1,C03,7,9,1,10,2,11,,59,59,1,12,4,120.66263,24.16492,2
3145,66000,387130000C,(04)23274275,(04)23288582,2025,12,7,19,0,臺中市,北屯區,0,0,0,7,,,50,,,,,,,,,,,,,,17,,,,,C03,,,1,,2,,,7,7,1,6,4,120.680009,24.200821,3
3146,66000,387130000C,(04)23274275,(04)23288582,2025,12,7,19,8,臺中市,烏日區,0,1,0,7,1,6,50,4,1,1,5,4,6,6,4,4,10,5,5,2,15,3,10,3,1,B03,7,9,1,10,2,1,,15,15,1,6,4,120.61262,24.108668,2
3147,66000,387130000C,(04)23274275,(04)23288582,2025,12,7,19,15,臺中市,南區,0,0,0,7,,,50,,,,,,,,,,,,,,,,,,,B02,,,1,,2,,,8,8,1,13,4,120.671184,24.11242,3
3148,66000,387130000C,(04)23274275,(04)23288582,2025,12,7,19,28,臺中市,北屯區,0,0,0,7,,,40,,,,,,,,,,,,,,12,,,,,B03,,,1,,2,,,8,8,1,6,4,120.686247,24.189668,3
3149,66000,387130000C,(04)23274275,(04)23288582,2025,12,7,19,30,臺中市,西屯區,0,2,0,6,1,6,50,3,1,1,5,4,6,6,4,4,10,5,5,2,12,2,9,2,4,C03,7,4,1,10,2,12,,34,34,1,12,4,120.651538,24.167218,2
3150,66000,387130000C,(04)23274275,(04)23288582,2025,12,7,19,30,臺中市,東勢區,0,1,0,7,1,6,50,4,2,1,5,4,6,6,4,4,5,5,5,1,3,3,10,5,4,C03,7,9,1,10,2,12,,84,84,1,13,4,120.827637,24.258673,2
3151,66000,387130000C,(04)23274275,(04)23288582,2025,12,7,19,31,臺中市,太平區,0,0,0,7,,,50,,,,,,,,,,,,,,14,,,,,B03,,,1,,1,,,49,49,1,12,4,120.723322,24.157112,3
3152,66000,387130000C,(04)23274275,(04)23288582,2025,12,7,19,35,臺中市,沙鹿區,0,0,0,7,,,40,,,,,,,,,,,,,,,,,,,C03,,,3,,1,,,7,7,1,12,4,120.568557,24.22431,3
3153,66000,387130000C,(04)23274275,(04)23288582,2025,12,7,19,42,臺中市,南區,0,0,0,7,,,40,,,,,,,,,,,,,,,,,,,C03,,,1,,2,,,7,7,1,13,4,120.653705,24.121984,3
3154,66000,387130000C,(04)23274275,(04)23288582,2025,12,7,19,43,臺中市,霧峰區,0,2,0,7,1,6,60,4,1,1,5,4,6,6,4,4,9,4,4,1,16,2,9,2,1,C03,7,6,1,10,2,14,,14,14,1,13,4,120.69915,24.072981,2
3155,66000,387130000C,(04)23274275,(04)23288582,2025,12,7,19,44,臺中市,大里區,0,0,0,7,,,50,,,,,,,,,,,,,,,,,,,B03,,,1,,1,,,49,49,1,13,4,120.688203,24.086972,3
3156,66000,387130000C,(04)23274275,(04)23288582,2025,12,7,19,47,臺中市,西屯區,0,1,0,7,1,6,50,4,9,1,5,4,6,6,2,1,5,4,5,2,12,3,10,5,4,B03,7,14,1,8,2,5,,76,76,1,12,4,120.637379,24.179244,2
3157,66000,387130000C,(04)23274275,(04)23288582,2025,12,7,19,49,臺中市,沙鹿區,0,1,0,7,1,6,50,13,9,1,5,4,6,6,4,4,5,4,5,1,13,2,9,1,1,C03,7,9,1,10,2,11,12,7,7,1,12,4,120.576528,24.224672,2
3158,66000,387130000C,(04)23274275,(04)23288582,2025,12,7,19,59,臺中市,西屯區,0,0,0,7,,,40,,,,,,,,,,,,,,17,,,,,B03,,,1,,1,,,50,50,1,12,4,120.641648,24.154676,3
3159,66000,387130000C,(04)23274275,(04)23288582,2025,12,7,20,0,臺中市,北屯區,0,1,0,7,1,6,50,4,2,1,5,4,6,6,2,1,1,1,5,2,17,3,10,3,1,B03,7,6,1,8,2,1,,82,82,1,6,4,120.665291,24.200892,2
3160,66000,387130000C,(04)23274275,(04)23288582,2025,12,7,20,6,臺中市,大里區,0,0,0,7,,,50,,,,,,,,,,,,,,,,,,,B03,,,1,,1,,,8,8,1,12,4,120.702391,24.111007,4
3161,66000,387130000C,(04)23274275,(04)23288582,2025,12,7,20,8,臺中市,北屯區,0,0,0,7,,,50,,,,,,,,,,,,,,13,,,,,B03,,,1,,1,,,7,7,1,12,4,120.69756,24.170111,3
3162,66000,387130000C,(04)23274275,(04)23288582,2025,12,7,20,11,臺中市,沙鹿區,0,0,0,7,,,40,,,,,,,,,,,,,,17,,,,,B03,,,1,,2,,,8,8,1,6,4,120.559842,24.234342,3
3163,66000,387130000C,(04)23274275,(04)23288582,2025,12,7,20,13,臺中市,北區,0,0,0,7,,,50,,,,,,,,,,,,,,13,,,,,B03,,,1,,2,,,59,59,1,12,4,120.67703,24.151648,3
3164,66000,387130000C,(04)23274275,(04)23288582,2025,12,7,20,15,臺中市,豐原區,0,1,0,7,1,6,50,4,1,1,5,4,6,6,1,1,5,4,4,2,17,3,10,3,1,B03,7,9,1,8,2,8,,7,7,1,6,4,120.72981,24.255086,2
3165,66000,387130000C,(04)23274275,(04)23288582,2025,12,7,20,18,臺中市,大肚區,0,0,0,6,,,50,,,,,,,,,,,,,,15,,,,,C03,,,1,,2,,,15,15,1,6,4,120.578989,24.174236,3
3166,66000,387130000C,(04)23274275,(04)23288582,2025,12,7,20,30,臺中市,東勢區,0,1,0,7,1,6,60,13,7,1,5,4,6,6,3,1,3,4,4,1,12,2,9,5,4,C03,7,11,1,10,2,13,,45,45,1,12,4,120.836909,24.230302,2
3167,66000,387130000C,(04)23274275,(04)23288582,2025,12,7,20,30,臺中市,神岡區,0,1,0,7,1,6,50,13,7,1,5,4,6,6,4,4,5,5,4,2,12,3,10,3,1,B03,7,11,1,8,2,8,,45,45,1,12,4,120.659633,24.257192,2
3168,66000,387130000C,(04)23274275,(04)23288582,2025,12,7,20,33,臺中市,烏日區,0,0,0,7,1,6,30,13,24,1,5,4,6,6,4,4,1,4,5,2,12,3,10,3,1,B03,7,1,1,2,1,8,,51,51,1,6,4,120.616265,24.111305,3
3169,66000,387130000C,(04)23274275,(04)23288582,2025,12,7,20,38,臺中市,大里區,0,1,0,7,1,6,50,13,9,1,5,4,6,6,4,4,4,4,5,1,14,3,10,3,1,B03,7,2,1,8,2,7,,49,49,1,12,4,120.693998,24.106544,2
3170,66000,387130000C,(04)23274275,(04)23288582,2025,12,7,20,40,臺中市,烏日區,0,0,0,7,,3,40,,,,,,,,,,,,,,,,,,,B03,,,1,,1,,,7,7,1,13,4,120.618873,24.120225,3
3171,66000,387130000C,(04)23274275,(04)23288582,2025,12,7,20,49,臺中市,大里區,0,0,0,7,,,,,,,,,,,,,,,,,,,,,,,,,,,,,,118,118,1,,,120.693634,24.110248,3
3172,66000,387130000C,(04)23274275,(04)23288582,2025,12,7,20,52,臺中市,豐原區,0,2,0,7,1,6,50,4,1,1,5,4,6,6,1,1,1,4,5,1,16,3,10,5,4,B03,7,6,1,8,2,8,,58,58,1,12,4,120.72033,24.262421,2
3173,66000,387130000C,(04)23274275,(04)23288582,2025,12,7,20,55,臺中市,太平區,0,2,0,7,1,6,50,3,1,1,5,4,6,6,3,1,10,5,5,2,16,2,9,2,1,C03,7,6,1,10,2,14,,48,48,1,13,4,120.733484,24.119088,2
3174,66000,387130000C,(04)23274275,(04)23288582,2025,12,7,20,56,臺中市,烏日區,0,0,0,7,1,6,60,13,7,1,5,4,6,6,4,4,1,4,4,2,12,3,10,3,1,A04,7,9,1,2,2,4,,2,2,1,6,4,120.614976,24.106269,3
3175,66000,387130000C,(04)23274275,(04)23288582,2025,12,7,21,25,臺中市,北屯區,0,0,0,7,,,50,,,,,,,,,,,,,,17,,,,,B12,,,1,,2,,,40,40,1,6,4,120.720527,24.182698,3
3176,66000,387130000C,(04)23274275,(04)23288582,2025,12,7,21,30,臺中市,南屯區,0,0,0,7,,,50,,,,,,,,,,,,,,28,,,,,C03,,,1,,1,,,59,59,1,12,4,120.610685,24.144792,3
3177,66000,387130000C,(04)23274275,(04)23288582,2025,12,7,21,35,臺中市,東區,0,1,0,7,1,6,50,4,3,1,5,4,6,6,2,1,10,5,5,2,17,3,10,3,1,B03,7,6,1,7,2,8,,48,48,1,12,4,120.709201,24.144478,2
3178,66000,387130000C,(04)23274275,(04)23288582,2025,12,7,21,40,臺中市,北區,0,0,0,7,,,30,,,,,,,,,,,,,,17,,,,,B03,,,1,,1,,,15,15,1,13,4,120.683438,24.153692,3
3179,66000,387130000C,(04)23274275,(04)23288582,2025,12,7,21,40,臺中市,霧峰區,0,0,0,7,,,70,,,,,,,,,,,,,,17,,,,,B03,,,1,,2,,,7,7,1,13,4,120.674451,24.041781,3
3180,66000,387130000C,(04)23274275,(04)23288582,2025,12,7,21,40,臺中市,沙鹿區,0,0,0,7,,,60,,,,,,,,,,,,,,,,,,,B03,,,1,,2,,,7,7,1,13,4,120.582073,24.249599,3
3181,66000,387130000C,(04)23274275,(04)23288582,2025,12,7,21,43,臺中市,南區,0,0,0,7,,,50,,,,,,,,,,,,,,17,,,,,B03,,,1,,2,,,84,78,1,6,4,120.661512,24.113105,3
3182,66000,387130000C,(04)23274275,(04)23288582,2025,12,7,21,55,臺中市,西區,0,0,0,7,,,50,,,,,,,,,,,,,,,,,,,B03,,,1,,1,,,84,84,1,13,4,120.656199,24.155447,3
3183,66000,387130000C,(04)23274275,(04)23288582,2025,12,7,22,2,臺中市,西屯區,0,1,0,7,1,6,50,13,9,1,5,4,6,6,4,4,8,4,5,1,17,3,10,5,4,C03,7,11,1,10,2,13,,45,45,1,13,4,120.655662,24.174437,2
3184,66000,387130000C,(04)23274275,(04)23288582,2025,12,7,22,9,臺中市,西屯區,0,0,0,7,,,30,,,,,,,,,,,,,,17,,,,,C03,,,1,,2,,,59,59,1,12,4,120.64226,24.177246,3
3185,66000,387130000C,(04)23274275,(04)23288582,2025,12,7,22,13,臺中市,潭子區,0,0,0,7,,,60,,,,,,,,,,,,,,,,,,,B03,,,1,,2,,,40,40,1,13,4,120.690315,24.226481,3
3186,66000,387130000C,(04)23274275,(04)23288582,2025,12,7,22,15,臺中市,沙鹿區,0,1,0,6,1,6,50,3,1,1,5,4,6,6,2,1,5,4,4,2,16,3,10,3,1,B03,7,5,1,8,2,2,,47,47,1,12,4,120.56539,24.201574,2
3187,66000,387130000C,(04)23274275,(04)23288582,2025,12,7,22,23,臺中市,西屯區,0,1,0,7,1,6,50,5,2,1,5,4,6,6,1,1,1,3,5,1,13,3,10,3,4,B03,7,9,1,8,2,1,,59,59,1,12,4,120.656347,24.198674,2
3188,66000,387130000C,(04)23274275,(04)23288582,2025,12,7,22,24,臺中市,南屯區,0,0,0,7,1,6,50,13,9,1,5,4,6,6,4,4,5,5,5,2,17,,,,,B03,,,1,,9,,,4,4,2,12,4,120.612011,24.1367,3
3189,66000,387130000C,(04)23274275,(04)23288582,2025,12,7,22,52,臺中市,石岡區,0,1,0,7,1,6,50,13,9,1,5,4,6,6,1,1,2,4,5,1,13,3,10,5,4,B03,7,9,1,8,2,5,,7,7,1,12,4,120.763569,24.277144,2
3190,66000,387130000C,(04)23274275,(04)23288582,2025,12,7,22,59,臺中市,北區,0,2,0,7,3,6,50,4,2,1,5,4,6,6,1,1,5,4,5,2,12,2,9,4,4,C03,7,9,1,10,2,12,,21,21,1,13,4,120.685533,24.150515,2
3191,66000,387130000C,(04)23274275,(04)23288582,2025,12,7,23,0,臺中市,北屯區,0,1,0,7,1,6,40,13,9,1,5,4,6,6,4,4,7,5,5,2,17,3,10,4,1,B03,7,13,1,8,2,4,,76,76,1,6,4,120.693745,24.176918,2
3192,66000,387130000C,(04)23274275,(04)23288582,2025,12,7,23,15,臺中市,清水區,0,1,0,7,3,6,30,13,9,1,5,4,6,6,4,4,10,5,5,1,20,2,9,2,1,C03,7,9,1,10,2,11,,59,59,1,13,4,120.562117,24.324437,2
3193,66000,387130000C,(04)23274275,(04)23288582,2025,12,7,23,39,臺中市,西區,0,1,0,7,1,6,50,4,1,1,5,4,6,6,4,4,5,4,5,2,17,3,10,3,1,B01,7,11,1,4,2,2,,45,45,1,12,4,120.661502,24.147389,2
3194,66000,387130000C,(04)23274275,(04)23288582,2025,12,7,23,53,臺中市,大里區,0,0,0,7,,,50,,,,,,,,,,,,,,,,,,,B03,,,1,,2,,,59,59,1,12,4,120.699145,24.091806,3
3195,66000,387130000C,(04)23274275,(04)23288582,2025,12,8,0,10,臺中市,石岡區,0,0,0,7,,,70,,,,,,,,,,,,,,,,,,,B03,,,1,,1,,,84,84,1,12,4,120.808709,24.264982,3
3196,66000,387130000C,(04)23274275,(04)23288582,2025,12,8,0,26,臺中市,西屯區,0,0,0,7,,,30,,,,,,,,,,,,,,17,,,,,C03,,,1,,1,,,8,8,1,12,4,120.645947,24.180483,3
3197,66000,387130000C,(04)23274275,(04)23288582,2025,12,8,0,29,臺中市,北區,0,1,0,7,1,6,50,4,1,1,5,4,6,6,1,1,1,4,5,2,16,2,8,1,1,C03,7,5,1,10,1,12,,42,42,1,12,4,120.674503,24.162966,2
3198,66000,387130000C,(04)23274275,(04)23288582,2025,12,8,0,30,臺中市,西屯區,0,1,0,7,1,6,50,13,9,1,5,4,6,6,4,4,1,4,5,2,18,2,9,2,1,C03,7,9,1,10,2,16,,59,59,1,12,4,120.650728,24.199622,2
3199,66000,387130000C,(04)23274275,(04)23288582,2025,12,8,0,43,臺中市,南區,0,1,0,7,1,6,50,4,1,1,5,4,6,6,1,1,10,5,5,2,16,2,9,2,1,C03,7,9,1,10,2,11,,1,1,1,12,4,120.668619,24.114559,2
3200,66000,387130000C,(04)23274275,(04)23288582,2025,12,8,1,21,臺中市,西區,0,1,0,7,1,6,50,4,1,1,5,4,6,6,1,1,10,5,5,2,13,3,10,5,1,B03,7,7,3,19,2,1,6,84,84,1,13,4,120.668772,24.13206,2
3201,66000,387130000C,(04)23274275,(04)23288582,2025,12,8,3,4,臺中市,西屯區,0,0,0,7,,,30,,,,,,,,,,,,,,17,,,,,B03,,,1,,2,,,59,59,1,12,4,120.607698,24.186616,3
3202,66000,387130000C,(04)23274275,(04)23288582,2025,12,8,4,28,臺中市,太平區,0,0,0,7,1,6,50,13,9,1,5,4,6,6,3,1,3,4,5,2,17,,,,,B03,,,1,,9,,,55,55,1,12,4,120.71145,24.149731,3
3203,66000,387130000C,(04)23274275,(04)23288582,2025,12,8,5,59,臺中市,大雅區,0,2,0,7,2,6,30,4,9,1,5,4,6,6,1,1,10,5,5,1,19,2,9,2,1,C03,7,9,1,16,2,14,,8,8,1,13,4,120.631501,24.228324,2
3204,66000,387130000C,(04)23274275,(04)23288582,2025,12,8,6,15,臺中市,沙鹿區,0,1,0,7,1,6,50,13,9,1,5,4,6,6,4,4,8,3,5,2,17,2,9,5,4,C03,7,7,1,10,2,12,,40,40,1,13,4,120.564826,24.24046,2
3205,66000,387130000C,(04)23274275,(04)23288582,2025,12,8,6,29,臺中市,豐原區,0,1,0,7,2,6,50,3,7,1,5,4,6,6,4,4,1,4,5,1,17,3,10,3,1,B03,7,5,1,8,2,6,,14,14,1,13,4,120.722819,24.24428,2
3206,66000,387130000C,(04)23274275,(04)23288582,2025,12,8,6,50,臺中市,北屯區,0,0,0,7,,,50,,,,,,,,,,,,,,9,,,,,A05,,,1,1,2,,,59,59,1,13,4,120.766284,24.197175,3
3207,66000,387130000C,(04)23274275,(04)23288582,2025,12,8,6,54,臺中市,西屯區,0,2,0,7,2,6,50,4,1,1,5,4,6,6,1,1,10,5,5,2,15,2,9,1,4,C03,7,9,1,10,2,13,,21,21,1,13,4,120.606236,24.18736,2
3208,66000,387130000C,(04)23274275,(04)23288582,2025,12,8,6,59,臺中市,北屯區,0,1,0,7,2,6,50,4,2,1,5,4,6,6,2,1,4,3,5,2,12,2,9,2,1,C03,7,9,1,10,2,11,14,2,2,1,13,4,120.733372,24.161429,2
3209,66000,387130000C,(04)23274275,(04)23288582,2025,12,8,6,59,臺中市,西屯區,0,0,0,7,,,60,,,,,,,,,,,,,,13,,,,,B03,,,1,,1,,,7,7,1,12,4,120.609608,24.184261,3
3210,66000,387130000C,(04)23274275,(04)23288582,2025,12,8,7,1,臺中市,梧棲區,0,0,0,7,,,50,,,,,,,,,,,,,,17,,,,,B03,,,1,,2,,,13,13,1,12,4,120.535632,24.263028,3
3211,66000,387130000C,(04)23274275,(04)23288582,2025,12,8,7,2,臺中市,北區,0,0,0,7,,,50,,,,,,,,,,,,,,17,,,,,B03,,,1,,9,,,84,84,2,13,4,120.685259,24.162512,3
3212,66000,387130000C,(04)23274275,(04)23288582,2025,12,8,7,3,臺中市,西屯區,0,0,0,7,,,50,,,,,,,,,,,,,,13,,,,,B03,,,1,,1,,,7,7,1,13,4,120.633859,24.17324,3
3213,66000,387130000C,(04)23274275,(04)23288582,2025,12,8,7,9,臺中市,西屯區,0,2,0,7,1,6,50,4,19,1,5,4,6,6,2,1,10,5,5,2,3,2,9,1,1,C03,7,9,1,10,2,11,,10,10,1,12,4,120.643671,24.160697,2
3214,66000,387130000C,(04)23274275,(04)23288582,2025,12,8,7,10,臺中市,神岡區,0,1,0,7,1,6,50,13,9,1,5,4,6,6,1,1,5,5,5,1,12,2,8,1,4,C03,7,8,1,10,2,14,,8,8,1,12,4,120.655942,24.26791,2
3215,66000,387130000C,(04)23274275,(04)23288582,2025,12,8,7,11,臺中市,太平區,0,1,0,7,2,6,50,4,4,1,5,4,6,6,1,1,5,4,5,2,17,2,8,2,1,C04,7,9,1,10,2,14,,84,84,1,12,4,120.714227,24.149227,2
3216,66000,387130000C,(04)23274275,(04)23288582,2025,12,8,7,14,臺中市,西屯區,0,1,0,7,2,6,40,13,8,1,5,4,6,6,4,4,10,5,1,2,17,3,10,1,1,C03,7,9,1,10,2,11,,7,7,1,13,4,120.603448,24.180994,2
3217,66000,387130000C,(04)23274275,(04)23288582,2025,12,8,7,15,臺中市,西屯區,0,1,0,7,2,6,50,13,7,1,5,4,6,6,4,4,5,5,4,2,16,3,10,5,4,B03,7,11,1,8,2,4,,48,48,1,13,4,120.656278,24.195848,2
3218,66000,387130000C,(04)23274275,(04)23288582,2025,12,8,7,18,臺中市,豐原區,0,2,0,7,2,6,50,4,1,1,5,4,6,6,2,1,1,4,5,2,12,2,9,1,1,C03,7,5,1,10,2,12,,7,7,1,12,4,120.736058,24.260818,2
3219,66000,387130000C,(04)23274275,(04)23288582,2025,12,8,7,19,臺中市,南區,0,0,0,7,,,50,,,,,,,,,,,,,,,,,,,C03,,,1,,1,,,7,7,1,12,4,120.661619,24.116939,3
3220,66000,387130000C,(04)23274275,(04)23288582,2025,12,8,7,20,臺中市,沙鹿區,0,0,0,7,2,6,40,13,14,1,5,4,6,6,4,4,1,3,4,2,13,,,,,B03,,,1,,2,,,50,50,1,12,4,120.556421,24.222299,3
3221,66000,387130000C,(04)23274275,(04)23288582,2025,12,8,7,22,臺中市,大里區,0,0,0,7,,,50,,,,,,,,,,,,,,,,,,,B03,,,1,,2,,,59,59,1,6,4,120.708531,24.086053,3
3222,66000,387130000C,(04)23274275,(04)23288582,2025,12,8,7,23,臺中市,龍井區,0,1,0,7,2,6,50,13,7,1,5,4,1,6,1,1,3,4,3,2,12,3,10,3,1,A41,7,9,1,1,2,2,,8,8,1,12,4,120.51352,24.198659,2
3223,66000,387130000C,(04)23274275,(04)23288582,2025,12,8,7,24,臺中市,豐原區,0,2,0,7,2,6,50,13,9,1,5,4,6,5,4,4,4,5,5,2,13,2,9,1,1,F03,7,9,7,21,2,11,12,58,58,1,13,4,120.745721,24.254904,2
3224,66000,387130000C,(04)23274275,(04)23288582,2025,12,8,7,25,臺中市,神岡區,0,2,0,7,2,6,40,4,1,1,5,4,6,6,1,1,10,5,5,1,16,2,9,5,4,C03,7,6,1,10,2,11,,11,11,1,12,4,120.677583,24.26489,2
3225,66000,387130000C,(04)23274275,(04)23288582,2025,12,8,7,26,臺中市,西屯區,0,1,0,7,2,6,50,13,9,1,5,4,6,6,4,4,1,4,5,1,12,2,9,2,1,C03,7,9,1,10,2,14,,8,8,1,12,4,120.644714,24.201356,2
3226,66000,387130000C,(04)23274275,(04)23288582,2025,12,8,7,26,臺中市,霧峰區,0,1,0,7,2,6,30,4,1,1,5,4,6,6,1,1,10,5,5,2,16,3,10,3,1,B03,7,6,1,8,2,2,,11,11,1,6,4,120.679895,24.071047,2
3227,66000,387130000C,(04)23274275,(04)23288582,2025,12,8,7,26,臺中市,豐原區,0,1,0,7,2,6,50,4,1,1,5,4,6,6,1,1,10,5,5,2,15,3,10,3,1,B12,7,9,1,8,2,8,,21,21,1,13,4,120.736319,24.272494,2
3228,66000,387130000C,(04)23274275,(04)23288582,2025,12,8,7,28,臺中市,北屯區,0,1,0,7,2,6,50,13,9,1,5,4,6,6,4,4,4,4,5,2,12,2,8,1,1,C03,7,4,1,10,2,12,,1,1,1,12,4,120.713982,24.173542,2
3229,66000,387130000C,(04)23274275,(04)23288582,2025,12,8,7,28,臺中市,霧峰區,0,1,0,7,3,6,30,4,1,1,5,4,6,6,4,4,10,5,5,2,15,3,10,3,1,B03,7,9,1,8,8,1,,6,6,1,13,4,120.659526,24.043973,2
3230,66000,387130000C,(04)23274275,(04)23288582,2025,12,8,7,29,臺中市,梧棲區,0,2,0,7,3,6,30,13,9,1,5,4,6,6,4,4,10,5,5,2,11,2,7,1,1,F03,7,4,7,21,2,11,,1,1,1,6,4,120.531509,24.23688,2
3231,66000,387130000C,(04)23274275,(04)23288582,2025,12,8,7,31,臺中市,霧峰區,0,1,0,7,2,6,50,4,1,1,5,4,6,6,1,1,10,5,5,2,16,2,8,1,1,C03,7,6,1,10,2,14,,48,48,1,6,4,120.679793,24.065005,2
3232,66000,387130000C,(04)23274275,(04)23288582,2025,12,8,7,31,臺中市,清水區,0,0,0,7,2,6,30,13,9,1,5,4,6,6,1,1,8,4,5,2,13,,,,,B03,,,1,,1,,,84,84,1,12,4,120.561991,24.268987,3
3233,66000,387130000C,(04)23274275,(04)23288582,2025,12,8,7,32,臺中市,北區,0,1,0,7,2,6,50,4,1,1,5,4,6,6,1,1,10,5,5,2,16,3,10,5,4,B03,7,5,1,8,2,2,,47,47,1,13,4,120.682114,24.162923,2
3234,66000,387130000C,(04)23274275,(04)23288582,2025,12,8,7,32,臺中市,神岡區,0,0,0,7,,,50,,,,,,,,,,,,,,12,,,,,B03,,,1,,2,,,8,8,1,12,4,120.696129,24.248551,3
3235,66000,387130000C,(04)23274275,(04)23288582,2025,12,8,7,34,臺中市,北屯區,0,1,0,7,3,6,40,13,8,1,5,4,6,6,4,4,1,4,1,2,17,3,10,3,1,B03,7,13,1,4,2,4,,76,76,1,12,4,120.732528,24.161231,2
3236,66000,387130000C,(04)23274275,(04)23288582,2025,12,8,7,34,臺中市,北屯區,0,0,0,7,,,50,,,,,,,,,,,,,,9,,,,,B03,,,1,8,1,,,84,84,1,12,4,120.766284,24.197175,3
3237,66000,387130000C,(04)23274275,(04)23288582,2025,12,8,7,35,臺中市,西屯區,0,0,0,7,,,40,,,,,,,,,,,,,,12,,,,,B03,,,1,,1,,,35,35,1,13,4,120.635928,24.181838,3
3238,66000,387130000C,(04)23274275,(04)23288582,2025,12,8,7,37,臺中市,北屯區,0,2,0,7,2,3,80,13,9,1,5,4,6,6,4,4,3,3,5,2,13,2,9,3,1,B03,7,9,1,8,2,1,,7,7,1,13,4,120.664151,24.201056,2
3239,66000,387130000C,(04)23274275,(04)23288582,2025,12,8,7,37,臺中市,大里區,0,0,0,7,,,50,,,,,,,,,,,,,,12,,,,,B03,,,1,,2,,,51,51,1,13,4,120.702319,24.08548,3
3240,66000,387130000C,(04)23274275,(04)23288582,2025,12,8,7,37,臺中市,龍井區,0,0,0,7,,,60,,,,,,,,,,,,,,12,,,,,B03,,,1,,2,,,20,20,1,6,4,120.579724,24.192435,3
3241,66000,387130000C,(04)23274275,(04)23288582,2025,12,8,7,38,臺中市,潭子區,0,0,0,7,,,50,,,,,,,,,,,,,,,,,,,C03,,,1,,2,,,84,84,1,13,4,120.692227,24.224918,3
3242,66000,387130000C,(04)23274275,(04)23288582,2025,12,8,7,39,臺中市,北屯區,0,1,0,7,2,6,30,3,1,1,5,4,6,6,4,4,10,5,5,2,16,3,10,3,1,B03,7,5,1,8,2,8,,14,14,1,13,4,120.681715,24.191013,2
3243,66000,387130000C,(04)23274275,(04)23288582,2025,12,8,7,41,臺中市,北屯區,0,1,0,7,2,6,50,3,1,1,5,4,6,6,1,1,10,5,5,2,16,2,9,5,4,F03,7,11,7,21,1,12,,36,36,1,12,4,120.733281,24.162159,2
3244,66000,387130000C,(04)23274275,(04)23288582,2025,12,8,7,42,臺中市,神岡區,0,1,0,7,1,6,50,3,1,1,5,4,6,6,1,1,5,4,5,2,16,2,8,1,4,C03,7,7,1,10,2,12,,40,40,1,12,4,120.695517,24.236265,2
3245,66000,387130000C,(04)23274275,(04)23288582,2025,12,8,7,45,臺中市,潭子區,0,0,0,7,,,50,,,,,,,,,,,,,,13,,,,,C03,,,1,,2,,,7,7,1,13,4,120.686771,24.210336,3
3246,66000,387130000C,(04)23274275,(04)23288582,2025,12,8,7,47,臺中市,大里區,0,1,0,7,1,6,40,13,9,1,5,4,6,6,4,4,1,5,5,1,13,2,9,1,1,C03,7,9,1,10,2,14,12,7,7,1,6,4,120.67,24.110534,2