序號,縣市別代碼,機關代碼,市話,傳真,年,月,日,時,分,縣市,區,死亡數量,受傷數量,2-30,天候,道路照明設備,道路類別,道路速限,道路型態,事故位置,路面鋪裝,路面狀態,路面缺陷,障礙物,視距,號誌種類,號誌動作,分向設施,快車道或一般車道間,快慢車道間,路面邊線,事故類型及型態,受傷程度,主要傷處,保護裝備,行動電話或功能裝置,當事者區分(類別),車輛用途,當事者行動狀態,駕照狀態,駕照種類,飲酒情形,車輛撞擊部位最初,車輛撞擊部位其他,肇事因素個別,肇事因素主要,肇事逃逸,職業,共享經濟或外送平台,GPS座標X,GPS座標Y,事故類別
3247,66000,387130000C,(04)23274275,(04)23288582,2025,12,8,7,47,臺中市,沙鹿區,0,1,0,7,2,6,50,4,1,1,5,4,6,6,1,1,3,4,5,2,17,2,9,1,1,C03,7,9,1,10,2,12,,84,84,1,13,4,120.566996,24.20349,2
3248,66000,387130000C,(04)23274275,(04)23288582,2025,12,8,7,48,臺中市,南區,0,0,0,7,,,50,,,,,,,,,,,,,,,,,,,B03,,,1,,2,,,8,8,1,6,4,120.671795,24.119154,3
3249,66000,387130000C,(04)23274275,(04)23288582,2025,12,8,7,50,臺中市,北區,0,1,0,7,3,6,50,3,1,1,5,4,6,6,2,1,10,5,5,2,17,2,9,5,4,C03,7,6,3,19,2,14,,48,48,1,13,4,120.698877,24.154143,2
3250,66000,387130000C,(04)23274275,(04)23288582,2025,12,8,7,50,臺中市,烏日區,0,1,0,7,2,6,50,3,2,1,5,4,6,6,1,1,5,4,5,1,12,3,10,5,4,C03,7,1,1,10,2,14,,51,51,1,13,4,120.643229,24.078835,2
3251,66000,387130000C,(04)23274275,(04)23288582,2025,12,8,7,51,臺中市,潭子區,0,2,0,7,3,6,30,4,1,1,5,4,6,6,4,4,10,5,5,2,15,2,8,2,1,C03,7,9,1,10,1,11,,15,15,1,13,4,120.710244,24.203625,2
3252,66000,387130000C,(04)23274275,(04)23288582,2025,12,8,7,51,臺中市,烏日區,0,2,0,7,2,6,30,4,1,1,5,4,6,6,4,4,10,4,4,2,16,2,9,2,1,C03,7,6,1,10,2,11,,12,12,1,6,4,120.638554,24.104526,2
3253,66000,387130000C,(04)23274275,(04)23288582,2025,12,8,7,51,臺中市,沙鹿區,0,1,0,7,2,6,60,4,2,1,5,4,6,6,4,4,3,3,3,1,17,3,10,5,4,B03,7,5,1,8,2,2,,14,14,1,13,4,120.614582,24.244116,2
3254,66000,387130000C,(04)23274275,(04)23288582,2025,12,8,7,53,臺中市,北屯區,0,0,0,7,,,50,,,,,,,,,,,,,,13,,,,,B03,,,1,,1,,,7,7,1,6,4,120.727255,24.165238,4
3255,66000,387130000C,(04)23274275,(04)23288582,2025,12,8,7,54,臺中市,大里區,0,0,0,7,,3,80,,,,,,,,,,,,,,13,,,,,B03,,,1,,2,,,7,7,1,13,4,120.694543,24.107414,3
3256,66000,387130000C,(04)23274275,(04)23288582,2025,12,8,7,55,臺中市,太平區,0,2,0,7,2,6,30,4,1,1,5,4,6,6,4,4,10,5,5,2,16,2,9,2,1,F01,7,6,7,21,2,11,,14,14,1,12,4,120.708323,24.15638,2
3257,66000,387130000C,(04)23274275,(04)23288582,2025,12,8,7,55,臺中市,豐原區,0,2,0,7,2,6,50,13,8,1,5,4,6,6,4,4,1,2,1,2,12,2,9,6,1,F01,7,8,7,21,2,15,,35,35,1,12,4,120.732177,24.265139,2
3258,66000,387130000C,(04)23274275,(04)23288582,2025,12,8,7,56,臺中市,北屯區,0,1,0,7,3,6,50,13,9,1,5,4,6,6,4,4,9,5,5,2,16,3,10,3,1,B03,7,6,1,8,2,6,,20,20,1,12,4,120.683006,24.180598,2
3259,66000,387130000C,(04)23274275,(04)23288582,2025,12,8,7,56,臺中市,北屯區,0,0,0,7,,,50,,,,,,,,,,,,,,13,,,,,B03,,,1,,2,,,84,84,1,12,4,120.673406,24.181489,3
3260,66000,387130000C,(04)23274275,(04)23288582,2025,12,8,7,57,臺中市,大雅區,0,1,0,7,2,6,30,3,1,1,5,4,6,6,4,4,5,5,5,1,16,3,10,3,1,B03,7,6,1,8,2,4,,14,14,1,13,4,120.657241,24.224513,2
3261,66000,387130000C,(04)23274275,(04)23288582,2025,12,8,8,0,臺中市,西屯區,0,1,0,7,2,6,40,4,1,1,5,4,6,6,2,1,1,4,1,2,13,2,9,5,4,C03,7,9,1,10,2,11,,7,7,1,13,4,120.653212,24.160842,2
3262,66000,387130000C,(04)23274275,(04)23288582,2025,12,8,8,1,臺中市,西屯區,0,1,0,7,1,6,50,13,9,1,5,4,6,6,4,4,7,4,5,2,18,2,9,1,1,C03,7,9,1,10,2,16,,84,84,1,12,4,120.605698,24.170537,2
3263,66000,387130000C,(04)23274275,(04)23288582,2025,12,8,8,1,臺中市,豐原區,0,1,0,7,2,6,50,3,1,1,5,4,6,6,4,4,5,5,5,2,16,2,8,1,1,C03,7,4,1,10,2,12,12,34,34,1,13,4,120.719441,24.247381,2
3264,66000,387130000C,(04)23274275,(04)23288582,2025,12,8,8,4,臺中市,西區,0,1,0,7,2,6,50,4,1,1,5,4,6,6,1,1,10,5,5,2,17,2,9,2,1,C03,7,9,1,10,2,12,,84,84,1,12,4,120.65719,24.146696,2
3265,66000,387130000C,(04)23274275,(04)23288582,2025,12,8,8,5,臺中市,北區,0,2,0,7,2,6,50,13,9,1,5,4,6,6,4,4,5,4,5,2,17,2,7,5,4,C03,7,7,1,10,2,12,,40,40,1,13,4,120.687327,24.149684,2
3266,66000,387130000C,(04)23274275,(04)23288582,2025,12,8,8,6,臺中市,南區,0,0,0,7,,,50,,,,,,,,,,,,,,,,,,,B01,,,1,,1,,,7,7,1,12,4,120.648413,24.122722,3
3267,66000,387130000C,(04)23274275,(04)23288582,2025,12,8,8,8,臺中市,南區,0,0,0,7,,,50,,,,,,,,,,,,,,13,,,,,B03,,,1,,1,,,84,84,1,12,4,120.656771,24.113738,3
3268,66000,387130000C,(04)23274275,(04)23288582,2025,12,8,8,8,臺中市,西屯區,0,2,0,7,2,6,50,3,1,1,5,4,6,6,4,4,10,5,5,2,16,2,9,5,4,C03,7,6,1,10,1,12,,14,14,1,13,4,120.644124,24.175924,2
3269,66000,387130000C,(04)23274275,(04)23288582,2025,12,8,8,9,臺中市,西屯區,0,1,0,7,2,6,50,4,1,1,5,4,6,6,2,1,10,5,5,2,13,2,9,1,1,C03,7,9,1,10,2,11,,7,7,1,13,4,120.638905,24.158797,2
3270,66000,387130000C,(04)23274275,(04)23288582,2025,12,8,8,11,臺中市,后里區,0,0,0,7,,,60,,,,,,,,,,,,,,12,,,,,B02,,,1,,2,,,59,59,1,6,4,120.723779,24.294565,3
3271,66000,387130000C,(04)23274275,(04)23288582,2025,12,8,8,13,臺中市,北區,0,1,0,7,2,6,50,13,9,1,5,4,6,6,4,4,5,5,5,2,16,3,10,3,1,B03,7,5,1,8,2,5,,47,47,1,12,4,120.683391,24.155106,2
3272,66000,387130000C,(04)23274275,(04)23288582,2025,12,8,8,13,臺中市,北區,0,2,0,7,2,6,50,3,1,1,5,4,6,6,4,4,10,5,5,2,16,2,8,5,4,C03,7,6,1,10,2,12,,14,14,1,13,4,120.676306,24.17275,2
3273,66000,387130000C,(04)23274275,(04)23288582,2025,12,8,8,16,臺中市,東區,0,0,0,7,,,50,,,,,,,,,,,,,,,,,,,B03,,,1,,2,,,8,8,1,12,4,120.701388,24.125295,3
3274,66000,387130000C,(04)23274275,(04)23288582,2025,12,8,8,16,臺中市,太平區,0,2,0,7,2,6,50,13,9,1,5,4,6,6,4,4,9,5,5,2,16,2,9,2,1,C03,7,15,3,19,1,14,,42,42,1,12,4,120.709164,24.154375,2
3275,66000,387130000C,(04)23274275,(04)23288582,2025,12,8,8,17,臺中市,北屯區,0,1,0,7,2,6,50,13,9,1,5,4,6,6,4,4,1,4,5,2,13,3,10,3,1,B03,7,9,1,7,2,1,,59,59,1,13,4,120.729124,24.178383,2
3276,66000,387130000C,(04)23274275,(04)23288582,2025,12,8,8,18,臺中市,大甲區,0,0,0,7,,,60,,,,,,,,,,,,,,,,,,,B03,,,1,,1,,,84,84,1,6,4,120.62427,24.357448,3
3277,66000,387130000C,(04)23274275,(04)23288582,2025,12,8,8,19,臺中市,北屯區,0,0,0,7,,,50,,,,,,,,,,,,,,21,,,,,B02,,,1,,2,,,84,84,1,13,4,120.690457,24.192805,3
3278,66000,387130000C,(04)23274275,(04)23288582,2025,12,8,8,21,臺中市,大甲區,0,1,0,7,2,6,50,11,9,1,5,4,1,6,4,4,5,5,5,1,18,2,9,2,1,C03,7,9,1,10,2,12,,59,59,1,6,4,120.627852,24.340571,2
3279,66000,387130000C,(04)23274275,(04)23288582,2025,12,8,8,24,臺中市,南屯區,0,1,0,7,2,6,50,4,1,1,5,4,6,6,4,4,9,5,5,2,17,3,10,2,1,C03,7,9,1,10,2,13,,15,15,1,13,4,120.648109,24.13657,2
3280,66000,387130000C,(04)23274275,(04)23288582,2025,12,8,8,25,臺中市,龍井區,0,0,0,7,,,50,,,,,,,,,,,,,,16,,,,,C03,,,1,,1,,,7,7,1,6,4,120.584579,24.183166,4
3281,66000,387130000C,(04)23274275,(04)23288582,2025,12,8,8,25,臺中市,清水區,0,1,0,7,3,6,50,4,1,1,5,4,6,6,4,4,5,5,5,1,15,2,9,2,1,C03,7,9,1,10,2,11,,15,15,1,12,4,120.572418,24.273863,2
3282,66000,387130000C,(04)23274275,(04)23288582,2025,12,8,8,26,臺中市,北區,0,1,0,7,3,6,50,18,24,1,5,4,6,6,4,4,2,4,5,2,17,2,8,5,4,C03,7,9,1,10,2,11,,7,7,1,13,4,120.683288,24.147525,2
3283,66000,387130000C,(04)23274275,(04)23288582,2025,12,8,8,27,臺中市,中區,0,2,0,7,2,6,50,3,1,1,5,4,6,6,4,4,10,5,5,2,3,2,9,1,1,F03,7,9,7,21,2,11,,84,84,1,12,4,120.684268,24.13982,2
3284,66000,387130000C,(04)23274275,(04)23288582,2025,12,8,8,28,臺中市,北區,0,1,0,7,2,6,50,18,24,1,5,4,6,6,1,1,10,5,5,2,13,2,9,5,4,C03,7,12,1,10,2,11,,7,7,1,13,4,120.684572,24.163436,2
3285,66000,387130000C,(04)23274275,(04)23288582,2025,12,8,8,30,臺中市,北區,0,0,0,7,,,40,,,,,,,,,,,,,,14,,,,,A41,,,1,,2,,,49,49,1,13,4,120.674197,24.172584,3
3286,66000,387130000C,(04)23274275,(04)23288582,2025,12,8,8,31,臺中市,大雅區,0,0,0,7,,,30,,,,,,,,,,,,,,,,,,,B03,,,1,,2,,,84,84,1,12,4,120.672397,24.231227,3
3287,66000,387130000C,(04)23274275,(04)23288582,2025,12,8,8,33,臺中市,北屯區,0,0,0,7,,,50,,,,,,,,,,,,,,17,,,,,B03,,,1,,1,,,7,7,1,6,4,120.720464,24.162869,3
3288,66000,387130000C,(04)23274275,(04)23288582,2025,12,8,8,35,臺中市,北屯區,0,0,0,7,,3,50,,,,,,,,,,,,,,9,,,,,B03,,,1,8,1,,,40,40,1,12,4,120.694144,24.201018,3
3289,66000,387130000C,(04)23274275,(04)23288582,2025,12,8,8,37,臺中市,南屯區,0,0,0,7,3,6,50,13,9,1,5,4,6,6,4,4,5,5,5,2,13,,,,,C03,,,1,,1,,,7,7,1,12,4,120.654598,24.137728,3
3290,66000,387130000C,(04)23274275,(04)23288582,2025,12,8,8,40,臺中市,南屯區,0,2,0,7,3,6,50,5,1,1,5,4,6,6,1,1,5,5,5,2,16,2,9,1,1,C03,7,6,1,10,1,11,,11,11,1,12,4,120.646866,24.14268,2
3291,66000,387130000C,(04)23274275,(04)23288582,2025,12,8,8,43,臺中市,東區,0,0,0,7,,,50,,,,,,,,,,,,,,12,,,,,B12,,,1,,9,,,50,50,1,12,4,120.692891,24.129278,3
3292,66000,387130000C,(04)23274275,(04)23288582,2025,12,8,8,43,臺中市,西屯區,0,0,0,7,,,40,,,,,,,,,,,,,,,,,,,C03,,,1,,1,,,59,59,1,12,4,120.643136,24.165976,3
3293,66000,387130000C,(04)23274275,(04)23288582,2025,12,8,8,44,臺中市,大里區,0,1,0,7,1,6,50,4,2,1,5,4,6,6,2,1,5,5,5,1,13,2,8,1,1,C03,7,9,1,10,2,14,,58,58,1,6,4,120.689912,24.108916,2
3294,66000,387130000C,(04)23274275,(04)23288582,2025,12,8,8,47,臺中市,大里區,0,2,0,7,3,6,60,3,2,1,5,4,6,6,2,1,3,4,4,1,13,2,9,1,1,C03,7,9,1,10,2,11,,7,7,1,13,4,120.6663,24.106016,2
3295,66000,387130000C,(04)23274275,(04)23288582,2025,12,8,8,48,臺中市,北區,0,1,0,7,2,6,50,4,9,1,5,4,6,6,1,1,5,4,5,2,13,2,9,1,1,C03,7,9,1,10,2,11,,7,7,1,12,4,120.681097,24.157585,2
3296,66000,387130000C,(04)23274275,(04)23288582,2025,12,8,8,51,臺中市,西區,0,0,0,7,,,50,,,,,,,,,,,,,,,,,,,C03,,,1,,1,,,7,7,1,12,4,120.660883,24.159358,3
3297,66000,387130000C,(04)23274275,(04)23288582,2025,12,8,8,52,臺中市,后里區,0,0,0,7,2,6,60,13,14,1,5,4,6,6,4,4,5,4,5,1,17,3,10,3,1,B12,7,9,1,5,2,5,,84,84,1,12,4,120.731283,24.337316,3
3298,66000,387130000C,(04)23274275,(04)23288582,2025,12,8,8,53,臺中市,北區,0,2,0,7,2,6,30,3,1,1,5,4,6,6,4,4,10,5,5,2,16,2,9,5,4,C03,7,6,1,10,2,11,,14,14,1,13,4,120.68619,24.161219,2
3299,66000,387130000C,(04)23274275,(04)23288582,2025,12,8,8,54,臺中市,西屯區,0,1,0,7,2,6,30,13,9,1,5,4,6,6,4,4,10,5,5,2,17,2,8,2,1,C03,7,9,1,10,2,11,,59,59,1,12,4,120.628661,24.187584,2
3300,66000,387130000C,(04)23274275,(04)23288582,2025,12,8,8,58,臺中市,西屯區,0,0,0,7,,,0,,,,,,,,,,,,,,14,,,,,B11,,,1,,2,,,49,49,1,13,4,120.633361,24.174559,3
3301,66000,387130000C,(04)23274275,(04)23288582,2025,12,8,9,6,臺中市,太平區,0,1,0,7,1,6,50,4,1,1,5,4,6,6,2,1,10,5,5,2,16,3,10,3,1,B03,7,6,1,8,2,8,,11,11,1,12,4,120.717938,24.128846,2
3302,66000,387130000C,(04)23274275,(04)23288582,2025,12,8,9,8,臺中市,潭子區,0,1,0,7,3,6,50,11,9,1,5,4,6,6,4,4,1,4,5,1,20,2,9,2,1,C03,7,9,1,10,1,12,14,84,84,1,13,4,120.710991,24.193995,2
3303,66000,387130000C,(04)23274275,(04)23288582,2025,12,8,9,9,臺中市,太平區,0,1,0,7,2,6,30,11,9,1,5,4,6,6,4,4,10,5,5,2,17,2,1,3,1,B12,7,9,1,8,2,5,,83,83,1,12,4,120.732375,24.133409,2
3304,66000,387130000C,(04)23274275,(04)23288582,2025,12,8,9,13,臺中市,太平區,0,0,0,7,,,50,,,,,,,,,,,,,,13,,,,,H04,,,7,,2,,,109,109,1,12,4,120.716434,24.124509,3
3305,66000,387130000C,(04)23274275,(04)23288582,2025,12,8,9,15,臺中市,南屯區,0,0,0,7,,,50,,,,,,,,,,,,,,,,,,,B03,,,1,,9,,,49,49,1,13,4,120.640138,24.116917,3
3306,66000,387130000C,(04)23274275,(04)23288582,2025,12,8,9,15,臺中市,北屯區,0,1,0,7,2,6,50,5,1,1,5,4,6,6,2,1,10,5,5,2,12,3,10,1,1,C03,7,9,1,10,2,12,,7,7,1,12,4,120.686251,24.188697,2
3307,66000,387130000C,(04)23274275,(04)23288582,2025,12,8,9,15,臺中市,烏日區,0,0,0,7,,,50,,,,,,,,,,,,,,12,,,,,A12,,,1,,1,,,82,82,1,13,4,120.596287,24.110333,3
3308,66000,387130000C,(04)23274275,(04)23288582,2025,12,8,9,16,臺中市,北區,0,0,0,7,3,6,50,4,1,1,5,4,6,6,1,1,10,5,5,2,17,,,,,B03,,,1,,1,,,45,45,1,13,4,120.680871,24.147212,3
3309,66000,387130000C,(04)23274275,(04)23288582,2025,12,8,9,17,臺中市,太平區,0,2,0,7,2,6,50,3,2,1,5,4,6,6,4,4,5,4,5,1,16,3,10,2,1,C03,7,6,1,10,2,13,,39,39,1,12,4,120.71565,24.147902,2
3310,66000,387130000C,(04)23274275,(04)23288582,2025,12,8,9,19,臺中市,烏日區,0,0,0,7,,,50,,,,,,,,,,,,,,21,,,,,A41,,,1,,2,,,59,59,1,6,4,120.644536,24.056496,3
3311,66000,387130000C,(04)23274275,(04)23288582,2025,12,8,9,20,臺中市,北屯區,0,2,0,7,2,6,50,3,1,1,5,4,6,6,2,1,4,3,5,2,13,2,8,2,1,C03,7,9,1,10,2,11,14,7,7,1,13,4,120.694545,24.165032,2
3312,66000,387130000C,(04)23274275,(04)23288582,2025,12,8,9,20,臺中市,北屯區,0,0,0,7,,,30,,,,,,,,,,,,,,10,,,,,B03,,,1,,9,,,8,8,2,12,4,120.699648,24.184436,3
3313,66000,387130000C,(04)23274275,(04)23288582,2025,12,8,9,20,臺中市,北屯區,0,0,0,7,,,40,,,,,,,,,,,,,,9,,,,,B03,,,1,,9,,,59,59,1,12,4,120.722802,24.175116,3
3314,66000,387130000C,(04)23274275,(04)23288582,2025,12,8,9,23,臺中市,南屯區,0,1,0,7,3,6,50,4,1,1,5,4,6,6,1,1,10,5,5,2,16,3,10,3,1,B03,7,5,1,8,2,5,,85,85,1,13,4,120.650891,24.157258,2
3315,66000,387130000C,(04)23274275,(04)23288582,2025,12,8,9,31,臺中市,大雅區,0,0,0,7,,,50,,,,,,,,,,,,,,,,,,,B12,,,1,,1,,,51,51,1,12,4,120.651278,24.246218,3
3316,66000,387130000C,(04)23274275,(04)23288582,2025,12,8,9,31,臺中市,太平區,0,1,0,7,2,9,50,3,1,1,5,4,6,6,1,1,10,5,5,2,12,3,10,3,1,B03,7,7,1,8,2,2,,40,40,1,12,4,120.715865,24.13484,2
3317,66000,387130000C,(04)23274275,(04)23288582,2025,12,8,9,32,臺中市,潭子區,0,0,0,7,,,50,,,,,,,,,,,,,,16,,,,,B03,,,1,,2,,,45,45,1,13,4,120.722925,24.197208,3
3318,66000,387130000C,(04)23274275,(04)23288582,2025,12,8,9,35,臺中市,大肚區,0,0,0,7,,,50,,,,,,,,,,,,,,16,,,,,C03,,,1,,1,,,84,84,1,5,4,120.575783,24.175532,3
3319,66000,387130000C,(04)23274275,(04)23288582,2025,12,8,9,36,臺中市,西區,0,0,0,7,,,50,,,,,,,,,,,,,,13,,,,,B03,,,1,,1,,,7,7,1,12,4,120.65719,24.14678,3
3320,66000,387130000C,(04)23274275,(04)23288582,2025,12,8,9,40,臺中市,北屯區,0,0,0,7,,,30,,,,,,,,,,,,,,17,,,,,,,,,,,,,119,119,1,,,120.69681,24.161207,3
3321,66000,387130000C,(04)23274275,(04)23288582,2025,12,8,9,45,臺中市,北屯區,0,0,0,7,,3,50,,,,,,,,,,,,,,13,,,,,B03,,,1,,1,,,84,84,1,12,4,120.718892,24.161664,4
3322,66000,387130000C,(04)23274275,(04)23288582,2025,12,8,9,50,臺中市,太平區,0,2,0,7,2,6,50,3,1,1,5,4,6,6,4,4,5,5,5,1,16,2,9,2,1,C02,7,11,1,9,1,14,,14,14,1,12,4,120.734431,24.145094,2
3323,66000,387130000C,(04)23274275,(04)23288582,2025,12,8,9,51,臺中市,大雅區,0,1,0,7,3,6,30,3,9,1,5,4,6,6,4,4,10,5,5,2,16,3,10,3,1,B03,7,6,1,8,2,1,,14,14,1,13,4,120.633003,24.205641,2
3324,66000,387130000C,(04)23274275,(04)23288582,2025,12,8,9,55,臺中市,潭子區,0,0,0,7,,,50,,,,,,,,,,,,,,,,,,,A12,,,1,,2,,,49,49,1,13,4,120.708209,24.203922,3
3325,66000,387130000C,(04)23274275,(04)23288582,2025,12,8,9,57,臺中市,大里區,0,0,0,7,,,50,,,,,,,,,,,,,,12,,,,,B12,,,5,,2,,,7,7,1,12,4,120.694342,24.095895,3
3326,66000,387130000C,(04)23274275,(04)23288582,2025,12,8,9,59,臺中市,北屯區,0,0,0,7,,,50,,,,,,,,,,,,,,14,,,,,B03,,,1,,1,,,49,49,1,12,4,120.69237,24.164353,3
3327,66000,387130000C,(04)23274275,(04)23288582,2025,12,8,9,59,臺中市,西屯區,0,1,0,7,2,6,50,3,1,1,5,4,6,6,2,1,10,5,5,2,16,2,9,5,4,C03,7,9,1,10,2,11,,7,7,1,13,4,120.646076,24.190758,2
3328,66000,387130000C,(04)23274275,(04)23288582,2025,12,8,9,59,臺中市,西屯區,0,1,0,7,1,6,50,13,9,1,5,4,6,6,4,4,1,4,5,2,13,2,8,1,1,C03,7,8,1,10,2,11,,7,7,1,12,4,120.649696,24.16298,2
3329,66000,387130000C,(04)23274275,(04)23288582,2025,12,8,10,7,臺中市,大雅區,0,1,0,7,2,6,30,13,9,1,5,4,6,6,4,4,10,5,5,1,17,3,10,3,1,B03,7,6,1,8,2,16,,65,65,1,13,4,120.656733,24.225703,2
3330,66000,387130000C,(04)23274275,(04)23288582,2025,12,8,10,9,臺中市,西屯區,0,0,0,7,,,50,,,,,,,,,,,,,,,,,,,C03,,,1,,1,,,7,7,1,13,4,120.623545,24.182831,3
3331,66000,387130000C,(04)23274275,(04)23288582,2025,12,8,10,15,臺中市,清水區,0,0,0,7,,,50,,,,,,,,,,,,,,17,,,,,B03,,,1,,1,,,12,12,1,12,4,120.577811,24.271175,3
3332,66000,387130000C,(04)23274275,(04)23288582,2025,12,8,10,18,臺中市,中區,0,0,0,7,,,50,,,,,,,,,,,,,,,,,,,B03,,,1,,2,,,40,40,1,12,4,120.694423,24.14277,3
3333,66000,387130000C,(04)23274275,(04)23288582,2025,12,8,10,20,臺中市,潭子區,0,1,0,7,2,6,50,5,1,1,5,4,1,6,2,3,1,4,4,2,16,2,9,1,1,C03,7,6,5,10,2,11,,20,20,1,13,4,120.693128,24.216039,2
3334,66000,387130000C,(04)23274275,(04)23288582,2025,12,8,10,20,臺中市,大安區,0,0,0,7,,,50,,,,,,,,,,,,,,,,,,,B03,,,1,,2,,,24,24,1,6,4,120.60346,24.379776,3
3335,66000,387130000C,(04)23274275,(04)23288582,2025,12,8,10,21,臺中市,后里區,0,1,0,7,3,6,30,13,9,1,5,4,6,6,4,4,10,5,5,2,27,2,3,5,4,B03,7,9,1,8,1,5,,59,59,1,6,4,120.713479,24.304781,2
3336,66000,387130000C,(04)23274275,(04)23288582,2025,12,8,10,24,臺中市,東區,0,1,0,7,1,6,50,13,9,1,5,4,6,6,1,1,9,4,5,2,12,3,10,1,1,C04,7,9,1,10,2,16,,68,68,1,12,4,120.689902,24.13827,2
3337,66000,387130000C,(04)23274275,(04)23288582,2025,12,8,10,25,臺中市,烏日區,0,0,0,7,,,30,,,,,,,,,,,,,,11,,,,,C03,,,1,,2,,,59,59,1,13,4,120.642327,24.067972,3
3338,66000,387130000C,(04)23274275,(04)23288582,2025,12,8,10,28,臺中市,北屯區,0,3,0,7,3,6,50,3,1,1,5,4,6,6,1,1,10,5,5,2,16,2,7,1,1,C03,7,5,1,10,2,12,,39,39,1,12,4,120.708226,24.170284,2
3339,66000,387130000C,(04)23274275,(04)23288582,2025,12,8,10,34,臺中市,大里區,0,0,0,7,,,30,,,,,,,,,,,,,,11,,,,,B13,,,1,,2,,,8,8,1,6,4,120.677171,24.103935,3
3340,66000,387130000C,(04)23274275,(04)23288582,2025,12,8,10,37,臺中市,南區,0,0,0,7,,,50,,,,,,,,,,,,,,,,,,,B03,,,1,,2,,,23,23,1,6,4,120.645502,24.111993,3
3341,66000,387130000C,(04)23274275,(04)23288582,2025,12,8,10,37,臺中市,太平區,0,0,0,7,,,50,,,,,,,,,,,,,,17,,,,,B03,,,1,,9,,,8,8,1,12,4,120.710945,24.151683,3
3342,66000,387130000C,(04)23274275,(04)23288582,2025,12,8,10,37,臺中市,烏日區,0,0,0,7,,,30,,,,,,,,,,,,,,11,,,,,B02,,,1,,2,,,8,8,1,13,4,120.647581,24.063126,3
3343,66000,387130000C,(04)23274275,(04)23288582,2025,12,8,10,38,臺中市,北屯區,0,1,0,7,2,6,50,13,7,1,5,4,6,6,4,4,4,3,4,2,13,3,10,3,1,B03,7,9,1,8,2,5,2,84,84,1,13,4,120.695034,24.176155,2
3344,66000,387130000C,(04)23274275,(04)23288582,2025,12,8,10,38,臺中市,大里區,0,2,0,7,3,6,40,13,12,1,5,4,6,6,4,4,1,4,4,1,18,2,9,1,1,C03,7,9,1,10,2,12,,59,59,1,12,4,120.668752,24.103961,2
3345,66000,387130000C,(04)23274275,(04)23288582,2025,12,8,10,40,臺中市,西區,0,2,0,7,2,6,50,4,1,1,5,4,6,6,4,4,10,5,5,2,17,2,9,1,1,C03,7,6,1,10,2,12,,14,14,1,12,4,120.662244,24.154792,2
3346,66000,387130000C,(04)23274275,(04)23288582,2025,12,8,10,42,臺中市,南屯區,0,1,0,7,3,6,50,13,9,1,5,4,6,6,4,4,3,4,5,2,12,3,10,3,1,B03,7,9,1,8,2,2,,8,8,1,12,4,120.639524,24.142035,2
3347,66000,387130000C,(04)23274275,(04)23288582,2025,12,8,10,42,臺中市,東勢區,0,1,0,7,2,6,50,13,9,1,5,4,6,6,4,4,5,5,5,1,12,3,10,5,4,C03,7,1,1,10,2,11,,51,51,1,13,4,120.830715,24.249774,2
3348,66000,387130000C,(04)23274275,(04)23288582,2025,12,8,10,43,臺中市,西屯區,0,0,0,7,,,50,,,,,,,,,,,,,,,,,,,B03,,,1,,9,,,59,59,2,12,4,120.645392,24.168573,3
3349,66000,387130000C,(04)23274275,(04)23288582,2025,12,8,10,43,臺中市,大里區,0,0,0,7,,,50,,,,,,,,,,,,,,13,,,,,B03,,,1,,2,,,59,59,1,13,4,120.689308,24.096435,3
3350,66000,387130000C,(04)23274275,(04)23288582,2025,12,8,10,46,臺中市,大里區,0,1,0,7,1,6,50,13,9,1,5,4,6,6,3,3,5,4,4,1,16,3,10,3,1,B03,7,11,1,8,2,8,,34,34,1,6,4,120.683067,24.110125,2
3351,66000,387130000C,(04)23274275,(04)23288582,2025,12,8,10,52,臺中市,太平區,0,2,0,7,2,6,50,13,9,1,5,4,6,6,4,4,5,5,5,2,13,2,9,2,1,C04,7,9,1,10,2,11,,54,54,1,12,4,120.713051,24.152158,2
3352,66000,387130000C,(04)23274275,(04)23288582,2025,12,8,10,52,臺中市,石岡區,0,1,0,7,2,6,50,4,1,1,5,4,6,6,1,1,10,5,5,2,17,2,9,1,1,C03,7,15,1,10,2,12,,84,84,1,12,4,120.774055,24.274513,2
3353,66000,387130000C,(04)23274275,(04)23288582,2025,12,8,10,57,臺中市,南區,0,1,0,7,2,6,50,4,7,1,5,4,6,6,2,1,5,4,4,2,17,2,9,1,1,C03,7,8,1,10,2,14,,40,40,1,12,4,120.681896,24.134074,2
3354,66000,387130000C,(04)23274275,(04)23288582,2025,12,8,11,0,臺中市,太平區,0,0,0,7,,,50,,,,,,,,,,,,,,9,,,,,C03,,,1,,2,,,34,34,1,12,4,120.726517,24.149861,3
3355,66000,387130000C,(04)23274275,(04)23288582,2025,12,8,11,1,臺中市,南屯區,0,2,0,7,3,6,50,13,9,1,5,4,6,6,1,1,5,5,5,2,9,3,10,3,1,B03,7,6,1,8,2,1,,10,10,1,12,4,120.608854,24.134959,2
3356,66000,387130000C,(04)23274275,(04)23288582,2025,12,8,11,1,臺中市,大肚區,0,1,0,7,2,6,50,4,1,1,5,4,6,6,4,4,10,5,5,2,16,2,4,1,1,C03,7,1,1,10,2,11,,59,59,1,6,4,120.545119,24.153388,2
3357,66000,387130000C,(04)23274275,(04)23288582,2025,12,8,11,5,臺中市,西屯區,0,0,0,7,,,50,,,,,,,,,,,,,,12,,,,,B03,,,1,,1,,,40,40,1,12,4,120.593516,24.191252,3