序號,縣市別代碼,機關代碼,市話,傳真,年,月,日,時,分,縣市,區,死亡數量,受傷數量,2-30,天候,道路照明設備,道路類別,道路速限,道路型態,事故位置,路面鋪裝,路面狀態,路面缺陷,障礙物,視距,號誌種類,號誌動作,分向設施,快車道或一般車道間,快慢車道間,路面邊線,事故類型及型態,受傷程度,主要傷處,保護裝備,行動電話或功能裝置,當事者區分(類別),車輛用途,當事者行動狀態,駕照狀態,駕照種類,飲酒情形,車輛撞擊部位最初,車輛撞擊部位其他,肇事因素個別,肇事因素主要,肇事逃逸,職業,共享經濟或外送平台,GPS座標X,GPS座標Y,事故類別
3358,66000,387130000C,(04)23274275,(04)23288582,2025,12,8,11,8,臺中市,北區,0,0,0,7,,,50,,,,,,,,,,,,,,17,,,,,B03,,,1,,1,,,84,84,1,12,4,120.667146,24.164165,3
3359,66000,387130000C,(04)23274275,(04)23288582,2025,12,8,11,10,臺中市,西屯區,0,2,0,7,2,6,40,13,8,1,5,4,6,6,4,4,1,4,4,2,17,2,9,1,4,C03,7,9,1,11,2,14,,4,4,1,13,4,120.655588,24.176029,2
3360,66000,387130000C,(04)23274275,(04)23288582,2025,12,8,11,10,臺中市,沙鹿區,0,0,0,7,2,6,40,13,7,1,5,4,6,6,1,1,10,3,4,2,13,,,,,A11,,,1,,2,,,88,88,1,12,4,120.573173,24.263093,3
3361,66000,387130000C,(04)23274275,(04)23288582,2025,12,8,11,14,臺中市,大里區,0,2,0,7,2,6,50,4,1,1,5,4,6,6,4,4,10,5,5,2,9,3,10,3,1,B12,7,6,1,8,2,1,,84,84,1,6,4,120.703555,24.092073,2
3362,66000,387130000C,(04)23274275,(04)23288582,2025,12,8,11,14,臺中市,豐原區,0,1,0,7,2,6,50,13,7,1,5,4,3,6,4,4,5,5,4,2,16,3,10,1,1,C03,7,7,3,19,2,12,,40,40,1,13,4,120.717724,24.253247,2
3363,66000,387130000C,(04)23274275,(04)23288582,2025,12,8,11,16,臺中市,南區,0,1,0,7,3,6,50,13,9,1,5,4,6,6,2,1,2,5,5,2,16,3,10,2,1,C03,7,9,1,10,2,11,,21,21,1,6,4,120.679389,24.121455,2
3364,66000,387130000C,(04)23274275,(04)23288582,2025,12,8,11,16,臺中市,西屯區,0,0,0,7,,,50,,,,,,,,,,,,,,17,,,,,C03,,,1,,2,,,84,84,1,13,4,120.655809,24.160109,3
3365,66000,387130000C,(04)23274275,(04)23288582,2025,12,8,11,17,臺中市,西屯區,0,0,0,7,,,50,,,,,,,,,,,,,,13,,,,,B03,,,1,,2,,,7,7,1,12,4,120.656443,24.169183,3
3366,66000,387130000C,(04)23274275,(04)23288582,2025,12,8,11,17,臺中市,烏日區,0,0,0,7,,,50,,,,,,,,,,,,,,14,,,,,B03,,,1,,2,,,49,49,1,6,4,120.644481,24.073163,3
3367,66000,387130000C,(04)23274275,(04)23288582,2025,12,8,11,28,臺中市,清水區,0,1,0,7,2,6,50,4,1,1,5,4,6,6,4,4,8,4,5,2,15,3,10,3,1,B03,7,9,1,8,2,2,,12,12,1,12,4,120.566154,24.260651,2
3368,66000,387130000C,(04)23274275,(04)23288582,2025,12,8,11,33,臺中市,西屯區,0,0,0,7,,,50,,,,,,,,,,,,,,13,,,,,B03,,,1,,1,,,7,7,1,13,4,120.636284,24.160094,3
3369,66000,387130000C,(04)23274275,(04)23288582,2025,12,8,11,37,臺中市,沙鹿區,0,1,0,7,2,6,30,3,1,1,5,4,6,6,4,4,10,5,5,2,17,2,9,1,1,C03,7,9,1,10,2,11,,7,7,1,13,4,120.617749,24.240145,2
3370,66000,387130000C,(04)23274275,(04)23288582,2025,12,8,11,38,臺中市,西屯區,0,1,0,7,2,6,50,3,1,1,5,4,6,6,4,4,10,5,5,2,16,3,10,3,1,B12,7,6,1,8,2,8,,12,12,1,13,4,120.621029,24.184753,2
3371,66000,387130000C,(04)23274275,(04)23288582,2025,12,8,11,38,臺中市,霧峰區,0,0,0,7,,,60,,,,,,,,,,,,,,,,,,,B12,,,1,,2,,,88,88,1,6,4,120.693917,24.034786,3
3372,66000,387130000C,(04)23274275,(04)23288582,2025,12,8,11,39,臺中市,南區,0,1,0,7,1,6,50,3,1,1,5,4,6,6,1,1,9,4,5,2,12,2,9,1,1,C03,7,9,1,10,2,12,,7,7,1,12,4,120.679363,24.122343,2
3373,66000,387130000C,(04)23274275,(04)23288582,2025,12,8,11,40,臺中市,北區,0,0,0,7,,,50,,,,,,,,,,,,,,17,,,,,B03,,,1,,1,,,84,84,1,13,4,120.688712,24.153588,3
3374,66000,387130000C,(04)23274275,(04)23288582,2025,12,8,11,40,臺中市,梧棲區,0,0,0,7,,,50,,,,,,,,,,,,,,12,,,,,B03,,,1,,1,,,40,40,1,6,4,120.531892,24.257836,3
3375,66000,387130000C,(04)23274275,(04)23288582,2025,12,8,11,41,臺中市,太平區,0,0,0,7,,,50,,,,,,,,,,,,,,15,,,,,C03,,,1,,1,,,15,15,1,12,4,120.716539,24.126519,3
3376,66000,387130000C,(04)23274275,(04)23288582,2025,12,8,11,42,臺中市,南屯區,0,4,0,7,1,6,50,4,1,1,5,4,6,6,2,1,1,2,4,2,15,2,9,5,4,E01,7,9,1,3,2,2,,21,21,1,13,4,120.61653,24.153576,2
3377,66000,387130000C,(04)23274275,(04)23288582,2025,12,8,11,47,臺中市,北屯區,0,0,0,7,,,40,,,,,,,,,,,,,,17,,,,,B03,,,1,,9,,,59,59,2,12,4,120.681753,24.192981,3
3378,66000,387130000C,(04)23274275,(04)23288582,2025,12,8,11,51,臺中市,北屯區,0,1,0,7,2,6,50,4,4,1,5,4,6,6,1,1,10,5,5,2,13,3,10,5,4,C03,7,9,1,10,1,12,,7,7,1,12,4,120.715533,24.163955,2
3379,66000,387130000C,(04)23274275,(04)23288582,2025,12,8,11,53,臺中市,北屯區,0,2,0,7,3,6,50,13,9,1,5,4,6,6,4,4,1,5,5,2,13,2,9,2,1,C03,7,9,1,10,2,11,,7,7,1,6,4,120.685309,24.167212,2
3380,66000,387130000C,(04)23274275,(04)23288582,2025,12,8,11,55,臺中市,清水區,0,0,0,7,,,40,,,,,,,,,,,,,,17,,,,,B03,,,1,,2,,,49,49,1,12,4,120.586577,24.289883,3
3381,66000,387130000C,(04)23274275,(04)23288582,2025,12,8,12,0,臺中市,大里區,0,0,0,7,,,50,,,,,,,,,,,,,,,,,,,,,,,,,,,86,86,1,,,120.693487,24.095343,3
3382,66000,387130000C,(04)23274275,(04)23288582,2025,12,8,12,0,臺中市,沙鹿區,0,2,0,7,2,6,50,13,8,1,5,4,6,6,4,4,3,3,3,1,17,2,9,5,4,C03,7,9,1,10,2,14,,85,85,1,13,4,120.565669,24.231767,2
3383,66000,387130000C,(04)23274275,(04)23288582,2025,12,8,12,1,臺中市,北屯區,0,0,0,7,,,50,,,,,,,,,,,,,,13,,,,,B03,,,1,,2,,,59,59,1,13,4,120.698107,24.182845,3
3384,66000,387130000C,(04)23274275,(04)23288582,2025,12,8,12,2,臺中市,北區,0,2,0,7,3,6,50,18,24,1,5,4,6,6,4,4,10,5,5,2,17,2,8,5,4,C03,7,9,1,10,2,11,,7,7,1,13,2,120.665453,24.159301,2
3385,66000,387130000C,(04)23274275,(04)23288582,2025,12,8,12,4,臺中市,東區,0,1,0,7,2,6,50,13,9,1,5,4,1,6,4,4,5,5,5,2,13,2,9,2,1,C03,7,9,1,10,2,11,14,84,84,1,12,4,120.692427,24.146279,2
3386,66000,387130000C,(04)23274275,(04)23288582,2025,12,8,12,5,臺中市,西區,0,0,0,7,,,50,,,,,,,,,,,,,,9,,,,,B03,,,1,,2,,,51,51,1,12,4,120.679319,24.138296,3
3387,66000,387130000C,(04)23274275,(04)23288582,2025,12,8,12,5,臺中市,南屯區,0,1,0,7,3,6,50,13,9,1,5,4,6,6,4,4,10,5,5,2,14,3,10,3,1,B03,7,2,1,8,2,3,,49,49,1,12,4,120.613169,24.158144,2
3388,66000,387130000C,(04)23274275,(04)23288582,2025,12,8,12,5,臺中市,新社區,0,0,0,7,,,50,,,,,,,,,,,,,,15,,,,,B03,,,1,,2,,,24,24,1,13,4,120.81584,24.202734,3
3389,66000,387130000C,(04)23274275,(04)23288582,2025,12,8,12,11,臺中市,西屯區,0,0,0,7,,,40,,,,,,,,,,,,,,,,,,,C03,,,1,,1,,,59,59,1,12,4,120.644611,24.202771,3
3390,66000,387130000C,(04)23274275,(04)23288582,2025,12,8,12,13,臺中市,霧峰區,0,0,0,7,,,30,,,,,,,,,,,,,,16,,,,,C03,,,1,,2,,,14,14,1,12,4,120.700552,24.063268,3
3391,66000,387130000C,(04)23274275,(04)23288582,2025,12,8,12,14,臺中市,大里區,0,2,0,7,3,6,50,3,7,1,5,4,6,6,4,4,5,5,4,1,12,2,9,1,1,C03,7,11,1,10,2,13,,45,45,1,12,4,120.685856,24.106781,2
3392,66000,387130000C,(04)23274275,(04)23288582,2025,12,8,12,15,臺中市,北區,0,0,0,7,,,50,,,,,,,,,,,,,,16,,,,,C03,,,1,,1,,,59,59,2,12,4,120.686668,24.161525,3
3393,66000,387130000C,(04)23274275,(04)23288582,2025,12,8,12,15,臺中市,豐原區,0,1,0,7,3,6,50,3,1,1,5,4,6,6,1,1,1,4,5,2,17,2,9,1,4,C03,7,15,1,10,2,11,,7,7,1,12,4,120.70132,24.249196,2
3394,66000,387130000C,(04)23274275,(04)23288582,2025,12,8,12,17,臺中市,梧棲區,0,1,0,7,2,6,50,4,8,1,5,4,6,6,1,1,1,4,3,1,15,2,9,2,1,C03,7,9,1,10,2,12,,84,84,1,12,4,120.533706,24.243259,2
3395,66000,387130000C,(04)23274275,(04)23288582,2025,12,8,12,19,臺中市,東區,0,1,0,7,2,6,50,4,1,1,5,4,6,6,2,1,10,5,5,2,16,3,10,3,1,B03,7,6,1,8,2,5,,11,11,1,12,4,120.706016,24.144447,2
3396,66000,387130000C,(04)23274275,(04)23288582,2025,12,8,12,19,臺中市,西屯區,0,0,0,7,,,40,,,,,,,,,,,,,,,,,,,B03,,,1,,1,,,7,7,1,12,4,120.645773,24.164656,3
3397,66000,387130000C,(04)23274275,(04)23288582,2025,12,8,12,20,臺中市,沙鹿區,0,1,0,7,2,6,50,4,9,1,5,4,6,6,4,4,4,4,5,2,15,2,2,3,1,B03,7,9,1,8,2,4,,12,12,1,12,4,120.561332,24.240022,2
3398,66000,387130000C,(04)23274275,(04)23288582,2025,12,8,12,23,臺中市,南屯區,0,1,0,7,3,6,50,5,1,1,5,4,6,6,4,4,5,5,5,2,15,2,9,1,1,C03,7,9,1,10,2,12,,12,12,1,12,4,120.647757,24.143169,2
3399,66000,387130000C,(04)23274275,(04)23288582,2025,12,8,12,24,臺中市,沙鹿區,0,0,0,7,,,50,,,,,,,,,,,,,,,,,,,B03,,,1,,1,,,8,8,1,13,4,120.572416,24.229589,3
3400,66000,387130000C,(04)23274275,(04)23288582,2025,12,8,12,30,臺中市,西區,0,0,0,7,,,50,,,,,,,,,,,,,,17,,,,,B03,,,1,,1,,,51,51,1,12,4,120.675469,24.136696,3
3401,66000,387130000C,(04)23274275,(04)23288582,2025,12,8,12,30,臺中市,南屯區,0,0,0,7,,,50,,,,,,,,,,,,,,,,,,,B03,,,1,,2,,,14,14,1,13,4,120.642638,24.13619,3
3402,66000,387130000C,(04)23274275,(04)23288582,2025,12,8,12,32,臺中市,北屯區,0,1,0,7,2,6,50,13,8,1,5,4,6,6,4,4,3,3,4,2,12,2,8,2,1,C03,7,9,1,10,2,12,,58,58,1,13,4,120.66905,24.177994,2
3403,66000,387130000C,(04)23274275,(04)23288582,2025,12,8,12,33,臺中市,北屯區,0,0,0,7,,,50,,,,,,,,,,,,,,13,,,,,B03,,,1,8,1,,,7,7,1,12,4,120.694091,24.166074,3
3404,66000,387130000C,(04)23274275,(04)23288582,2025,12,8,12,40,臺中市,霧峰區,0,0,0,7,,,30,,,,,,,,,,,,,,16,,,,,C03,,,1,,2,,,84,84,1,6,4,120.712802,24.073074,3
3405,66000,387130000C,(04)23274275,(04)23288582,2025,12,8,12,41,臺中市,大里區,0,1,0,7,3,6,50,4,1,1,5,4,6,6,1,1,3,4,5,1,18,2,9,5,4,C03,7,9,1,10,2,14,,84,84,1,13,4,120.679159,24.113971,2
3406,66000,387130000C,(04)23274275,(04)23288582,2025,12,8,12,43,臺中市,西屯區,0,0,0,7,,,50,,,,,,,,,,,,,,14,,,,,B02,,,1,,2,,,49,49,1,13,4,120.611862,24.187425,3
3407,66000,387130000C,(04)23274275,(04)23288582,2025,12,8,12,46,臺中市,沙鹿區,0,1,0,7,3,6,40,3,1,1,5,4,6,6,2,1,10,5,5,2,17,2,8,2,1,C03,7,6,1,10,2,12,,23,23,1,12,4,120.578477,24.223393,2
3408,66000,387130000C,(04)23274275,(04)23288582,2025,12,8,12,48,臺中市,太平區,0,0,0,7,,,30,,,,,,,,,,,,,,16,,,,,B01,,,1,,2,,,14,14,1,6,4,120.712781,24.141203,3
3409,66000,387130000C,(04)23274275,(04)23288582,2025,12,8,12,50,臺中市,中區,0,0,0,7,,,50,,,,,,,,,,,,,,,,,,,C03,,,1,,1,,,84,84,1,12,4,120.682879,24.142411,3
3410,66000,387130000C,(04)23274275,(04)23288582,2025,12,8,12,53,臺中市,南屯區,0,1,0,7,3,6,40,13,7,1,5,4,6,6,4,4,5,4,4,2,17,3,10,3,1,B03,7,15,1,8,9,15,,84,84,1,13,4,120.614832,24.139123,2
3411,66000,387130000C,(04)23274275,(04)23288582,2025,12,8,13,0,臺中市,西屯區,0,0,0,7,,,50,,,,,,,,,,,,,,12,,,,,B03,,,1,,2,,,8,8,1,13,4,120.658148,24.16003,3
3412,66000,387130000C,(04)23274275,(04)23288582,2025,12,8,13,0,臺中市,豐原區,0,1,0,7,1,6,50,4,2,1,5,4,6,6,1,1,5,4,4,1,17,2,1,1,1,C03,7,9,1,10,5,11,,7,7,1,6,4,120.709238,24.240831,2
3413,66000,387130000C,(04)23274275,(04)23288582,2025,12,8,13,8,臺中市,西屯區,0,1,0,7,2,6,50,4,2,1,5,4,6,6,2,1,5,5,5,2,30,2,9,5,4,C03,7,9,1,10,2,11,,7,7,1,13,4,120.622519,24.181509,2
3414,66000,387130000C,(04)23274275,(04)23288582,2025,12,8,13,10,臺中市,北屯區,0,1,0,7,2,6,50,4,1,1,5,4,6,6,2,1,10,5,5,2,16,3,10,3,1,B03,7,6,1,8,2,2,,11,11,1,12,4,120.720757,24.169907,2
3415,66000,387130000C,(04)23274275,(04)23288582,2025,12,8,13,11,臺中市,后里區,0,2,0,7,2,6,30,13,9,1,5,4,6,6,4,4,10,5,5,2,11,2,9,2,1,C03,7,9,1,9,2,12,,84,84,1,12,4,120.683435,24.306308,2
3416,66000,387130000C,(04)23274275,(04)23288582,2025,12,8,13,15,臺中市,南屯區,0,1,0,7,3,6,50,4,1,1,5,4,6,6,1,1,10,5,5,2,3,3,10,3,1,B03,7,5,1,8,2,1,,10,10,1,12,4,120.649869,24.136602,2
3417,66000,387130000C,(04)23274275,(04)23288582,2025,12,8,13,21,臺中市,太平區,0,0,0,7,,,50,,,,,,,,,,,,,,17,,,,,A04,,,1,,2,,,51,51,1,12,4,120.703052,24.155843,3
3418,66000,387130000C,(04)23274275,(04)23288582,2025,12,8,13,28,臺中市,北屯區,0,1,0,7,3,6,50,4,1,1,5,4,6,6,3,1,10,5,5,2,15,3,10,3,1,B03,7,9,1,8,2,5,,20,20,1,12,4,120.690674,24.168753,2
3419,66000,387130000C,(04)23274275,(04)23288582,2025,12,8,13,30,臺中市,太平區,0,1,0,7,3,6,30,3,1,1,5,4,6,6,4,4,10,5,5,2,16,3,10,3,1,B03,7,6,1,8,2,8,,14,14,1,6,4,120.728867,24.100569,2
3420,66000,387130000C,(04)23274275,(04)23288582,2025,12,8,13,30,臺中市,太平區,0,0,0,7,,,50,,,,,,,,,,,,,,17,,,,,C03,,,1,,1,,,51,51,1,12,4,120.712237,24.151434,3
3421,66000,387130000C,(04)23274275,(04)23288582,2025,12,8,13,33,臺中市,北屯區,0,0,0,7,,,50,,,,,,,,,,,,,,14,,,,,B03,,,1,,1,,,49,49,1,13,4,120.688287,24.168539,3
3422,66000,387130000C,(04)23274275,(04)23288582,2025,12,8,13,35,臺中市,西區,0,0,0,7,,,30,,,,,,,,,,,,,,14,,,,,B03,,,1,,9,,,49,49,1,12,4,120.67106,24.153093,3
3423,66000,387130000C,(04)23274275,(04)23288582,2025,12,8,13,35,臺中市,北屯區,0,2,0,7,2,6,30,4,1,1,5,4,6,6,4,4,10,5,5,2,15,2,9,5,4,C03,7,9,1,10,2,12,,15,15,1,12,4,120.690136,24.164087,2
3424,66000,387130000C,(04)23274275,(04)23288582,2025,12,8,13,36,臺中市,北屯區,0,0,0,7,,,50,,,,,,,,,,,,,,30,,,,,B12,,,1,,1,,,78,78,1,13,4,120.665216,24.183863,3
3425,66000,387130000C,(04)23274275,(04)23288582,2025,12,8,13,36,臺中市,霧峰區,0,1,0,7,2,6,50,3,1,1,5,4,6,6,1,1,5,4,4,1,17,2,9,2,1,C03,7,9,1,10,2,14,,21,21,1,12,4,120.698985,24.06675,2
3426,66000,387130000C,(04)23274275,(04)23288582,2025,12,8,13,36,臺中市,霧峰區,0,1,0,7,2,6,40,13,9,1,5,4,6,6,4,4,10,5,5,1,17,3,10,3,1,A41,1,1,1,1,2,7,,51,51,1,6,4,120.663711,24.079384,2
3427,66000,387130000C,(04)23274275,(04)23288582,2025,12,8,13,39,臺中市,南屯區,0,0,0,7,,,50,,,,,,,,,,,,,,,,,,,B03,,,1,,2,,,8,8,1,13,4,120.623497,24.149515,3
3428,66000,387130000C,(04)23274275,(04)23288582,2025,12,8,13,42,臺中市,后里區,0,1,0,7,2,6,50,4,1,1,5,4,6,6,4,4,5,5,5,1,15,2,7,1,1,C03,7,9,1,10,2,11,,15,15,1,12,4,120.712576,24.306706,2
3429,66000,387130000C,(04)23274275,(04)23288582,2025,12,8,13,45,臺中市,大雅區,0,0,0,7,,,30,,,,,,,,,,,,,,,,,,,C03,,,1,,1,,,15,15,1,13,4,120.643835,24.21517,3
3430,66000,387130000C,(04)23274275,(04)23288582,2025,12,8,13,45,臺中市,西屯區,0,0,0,7,,,40,,,,,,,,,,,,,,,,,,,B03,,,1,,1,,,7,7,1,13,4,120.640968,24.166817,3
3431,66000,387130000C,(04)23274275,(04)23288582,2025,12,8,13,47,臺中市,潭子區,0,0,0,7,,,30,,,,,,,,,,,,,,,,,,,B03,,,1,,2,,,59,59,1,13,4,120.707599,24.199013,3
3432,66000,387130000C,(04)23274275,(04)23288582,2025,12,8,13,48,臺中市,西屯區,0,0,0,7,,,60,,,,,,,,,,,,,,,,,,,B03,,,1,,1,,,59,59,1,12,4,120.648828,24.163413,3
3433,66000,387130000C,(04)23274275,(04)23288582,2025,12,8,13,50,臺中市,清水區,0,0,0,7,,,40,,,,,,,,,,,,,,,,,,,C03,,,1,,2,,,8,8,1,12,4,120.573459,24.274897,3
3434,66000,387130000C,(04)23274275,(04)23288582,2025,12,8,13,55,臺中市,太平區,0,1,0,7,2,6,30,4,1,1,5,4,6,6,4,4,10,5,5,2,15,3,10,3,1,B03,7,9,1,8,2,1,,12,12,1,12,4,120.723712,24.129902,2
3435,66000,387130000C,(04)23274275,(04)23288582,2025,12,8,13,57,臺中市,西區,0,2,0,6,3,6,50,4,2,1,5,4,6,6,1,1,1,4,4,2,16,3,10,3,1,B03,7,5,1,8,2,2,,11,11,1,6,4,120.660135,24.140042,2
3436,66000,387130000C,(04)23274275,(04)23288582,2025,12,8,13,59,臺中市,西區,0,1,0,7,2,6,50,4,1,1,5,4,6,6,1,1,10,5,5,2,16,3,10,5,4,B03,7,5,1,8,2,2,,20,20,1,13,4,120.657238,24.152352,2
3437,66000,387130000C,(04)23274275,(04)23288582,2025,12,8,14,0,臺中市,豐原區,0,0,0,7,,,50,,,,,,,,,,,,,,14,,,,,B03,,,1,,11,,,49,49,1,12,4,120.719005,24.237886,3
3438,66000,387130000C,(04)23274275,(04)23288582,2025,12,8,14,2,臺中市,北區,0,1,0,7,2,6,50,4,9,1,5,4,6,6,4,4,10,4,5,2,17,3,10,5,4,C03,7,9,1,10,2,12,,8,8,1,13,4,120.695466,24.155118,2
3439,66000,387130000C,(04)23274275,(04)23288582,2025,12,8,14,4,臺中市,西屯區,0,0,0,7,,,30,,,,,,,,,,,,,,15,,,,,C03,,,1,,2,,,12,12,1,12,4,120.644245,24.180159,3
3440,66000,387130000C,(04)23274275,(04)23288582,2025,12,8,14,4,臺中市,太平區,0,0,0,6,,,30,,,,,,,,,,,,,,17,,,,,A12,,,1,,2,,,8,8,1,12,4,120.710301,24.120362,3
3441,66000,387130000C,(04)23274275,(04)23288582,2025,12,8,14,8,臺中市,北屯區,0,2,0,7,2,6,50,4,1,1,5,4,6,6,2,1,10,5,5,2,16,2,9,1,1,C03,7,6,1,9,2,14,,48,48,1,12,4,120.679889,24.173984,2
3442,66000,387130000C,(04)23274275,(04)23288582,2025,12,8,14,8,臺中市,霧峰區,0,2,0,7,2,6,50,4,1,1,5,4,6,6,1,1,10,5,5,2,15,2,9,2,1,C03,7,9,1,10,2,11,,21,21,1,6,4,120.694885,24.065949,2
3443,66000,387130000C,(04)23274275,(04)23288582,2025,12,8,14,8,臺中市,沙鹿區,0,0,0,7,,,60,,,,,,,,,,,,,,13,,,,,B03,,,1,,1,,,7,7,1,12,4,120.590311,24.250114,3
3444,66000,387130000C,(04)23274275,(04)23288582,2025,12,8,14,10,臺中市,烏日區,0,0,0,7,2,6,50,4,4,1,5,4,6,6,1,1,5,4,5,2,13,3,10,3,1,B03,7,9,1,8,1,5,,7,7,1,6,4,120.607517,24.111886,3
3445,66000,387130000C,(04)23274275,(04)23288582,2025,12,8,14,11,臺中市,大里區,0,0,0,7,,,50,,,,,,,,,,,,,,,,,,,C03,,,1,,2,,,51,51,1,6,4,120.697913,24.098485,3
3446,66000,387130000C,(04)23274275,(04)23288582,2025,12,8,14,12,臺中市,神岡區,0,1,0,7,3,6,50,13,9,1,5,4,6,6,4,4,10,5,5,1,11,3,10,3,1,A12,7,9,1,6,2,16,,68,68,1,13,4,120.6767,24.235277,2
3447,66000,387130000C,(04)23274275,(04)23288582,2025,12,8,14,14,臺中市,西屯區,0,1,0,7,2,6,50,3,1,1,5,4,6,6,4,4,10,5,5,2,18,2,9,1,4,C03,7,6,1,10,2,14,,84,84,1,13,4,120.662099,24.172824,2
3448,66000,387130000C,(04)23274275,(04)23288582,2025,12,8,14,15,臺中市,豐原區,0,0,0,7,2,6,50,3,1,1,5,4,6,6,2,1,5,5,4,2,15,3,10,3,1,B03,7,6,1,8,2,8,,11,11,1,12,4,120.715123,24.249146,3
3449,66000,387130000C,(04)23274275,(04)23288582,2025,12,8,14,16,臺中市,北屯區,0,1,0,7,3,6,50,13,7,1,5,4,6,6,4,4,9,4,5,2,18,2,8,1,1,F03,7,9,7,21,1,12,,59,59,1,12,4,120.691826,24.165084,2
3450,66000,387130000C,(04)23274275,(04)23288582,2025,12,8,14,23,臺中市,東區,0,0,0,7,,,50,,,,,,,,,,,,,,,,,,,C03,,,1,,1,,,7,7,1,12,4,120.687782,24.13636,3
3451,66000,387130000C,(04)23274275,(04)23288582,2025,12,8,14,32,臺中市,西區,0,1,0,7,2,6,50,4,1,1,5,4,6,6,1,1,10,5,5,2,17,3,10,3,1,B03,7,5,1,8,2,6,,20,20,1,12,4,120.652997,24.146726,2
3452,66000,387130000C,(04)23274275,(04)23288582,2025,12,8,14,38,臺中市,清水區,0,0,0,7,2,6,70,13,8,1,5,4,6,6,4,4,8,3,4,1,24,,,,,A22,,,1,,9,,,68,68,1,12,4,120.549791,24.285255,3
3453,66000,387130000C,(04)23274275,(04)23288582,2025,12,8,14,41,臺中市,神岡區,0,0,0,7,,,40,,,,,,,,,,,,,,14,,,,,B12,,,1,,2,,,49,49,1,12,4,120.656815,24.263351,3
3454,66000,387130000C,(04)23274275,(04)23288582,2025,12,8,14,45,臺中市,北屯區,0,0,0,7,,,50,,,,,,,,,,,,,,12,,,,,B03,,,1,,9,,,85,85,1,13,4,120.753936,24.199403,3
3455,66000,387130000C,(04)23274275,(04)23288582,2025,12,8,14,45,臺中市,梧棲區,0,1,0,7,3,6,50,3,1,1,5,4,6,6,4,4,10,5,5,2,16,3,10,3,1,B03,7,6,1,8,2,1,,14,14,1,6,4,120.532002,24.254278,2
3456,66000,387130000C,(04)23274275,(04)23288582,2025,12,8,14,46,臺中市,北屯區,0,0,0,7,,,50,,,,,,,,,,,,,,12,,,,,B03,,,1,,1,,,8,8,1,6,4,120.6806,24.172992,3
3457,66000,387130000C,(04)23274275,(04)23288582,2025,12,8,14,49,臺中市,西區,0,0,0,7,,,,,,,,,,,,,,,,,,,,,,,,,,,,,,119,119,1,,,120.675314,24.136378,3
3458,66000,387130000C,(04)23274275,(04)23288582,2025,12,8,14,51,臺中市,豐原區,0,0,0,7,,,30,,,,,,,,,,,,,,13,,,,,C03,,,1,,2,,,7,7,1,12,4,120.731593,24.271337,3
3459,66000,387130000C,(04)23274275,(04)23288582,2025,12,8,14,55,臺中市,大里區,0,0,0,7,,,50,,,,,,,,,,,,,,17,,,,,C03,,,1,,1,,,84,84,1,6,4,120.678893,24.111993,3
3460,66000,387130000C,(04)23274275,(04)23288582,2025,12,8,14,58,臺中市,南屯區,0,0,0,7,,,60,,,,,,,,,,,,,,13,,,,,B03,,,1,,1,,,84,84,1,12,4,120.598422,24.155204,3
3461,66000,387130000C,(04)23274275,(04)23288582,2025,12,8,15,3,臺中市,西區,0,0,0,7,,,50,,,,,,,,,,,,,,13,,,,,B03,,,1,,1,,,7,7,1,12,4,120.675139,24.133782,3
3462,66000,387130000C,(04)23274275,(04)23288582,2025,12,8,15,5,臺中市,太平區,0,2,0,7,3,6,50,3,19,1,5,4,6,6,4,4,10,5,5,2,3,2,8,1,1,C03,7,9,1,10,2,11,,10,10,1,6,4,120.732088,24.140941,2
3463,66000,387130000C,(04)23274275,(04)23288582,2025,12,8,15,5,臺中市,沙鹿區,0,1,0,7,3,6,50,4,1,1,5,4,6,6,4,4,5,4,5,2,17,2,9,2,1,C03,7,6,1,10,2,12,,14,14,1,12,4,120.563944,24.241908,2
3464,66000,387130000C,(04)23274275,(04)23288582,2025,12,8,15,7,臺中市,北屯區,0,0,0,7,,,50,,,,,,,,,,,,,,13,,,,,C04,,,1,11,2,,,7,7,1,6,4,120.693399,24.167284,4
3465,66000,387130000C,(04)23274275,(04)23288582,2025,12,8,15,8,臺中市,烏日區,0,1,0,7,2,6,50,3,2,1,5,4,6,6,4,4,5,5,4,2,12,2,9,5,4,C03,7,6,1,10,2,13,,48,48,1,13,4,120.617334,24.106206,2
3466,66000,387130000C,(04)23274275,(04)23288582,2025,12,8,15,9,臺中市,大甲區,0,0,0,7,,,60,,,,,,,,,,,,,,,,,,,B03,,,1,,1,,,49,49,1,6,4,120.618349,24.338822,3
3467,66000,387130000C,(04)23274275,(04)23288582,2025,12,8,15,10,臺中市,北屯區,0,1,0,7,3,6,50,13,9,1,5,4,6,6,4,4,5,4,5,2,17,2,3,2,1,C03,7,11,1,10,2,12,,34,34,1,6,4,120.718993,24.175228,2
3468,66000,387130000C,(04)23274275,(04)23288582,2025,12,8,15,15,臺中市,大甲區,0,0,0,7,,,40,,,,,,,,,,,,,,12,,,,,C03,,,1,,1,,,7,7,1,13,4,120.626272,24.358125,3
3469,66000,387130000C,(04)23274275,(04)23288582,2025,12,8,15,17,臺中市,北區,0,0,0,7,,,50,,,,,,,,,,,,,,13,,,,,B01,,,1,,1,,,40,40,1,13,4,120.679814,24.152183,3
3470,66000,387130000C,(04)23274275,(04)23288582,2025,12,8,15,25,臺中市,潭子區,0,0,0,7,,,40,,,,,,,,,,,,,,,,,,,B03,,,1,,2,,,49,49,1,13,4,120.707059,24.212769,3