序號,縣市別代碼,機關代碼,市話,傳真,年,月,日,時,分,縣市,區,死亡數量,受傷數量,2-30,天候,道路照明設備,道路類別,道路速限,道路型態,事故位置,路面鋪裝,路面狀態,路面缺陷,障礙物,視距,號誌種類,號誌動作,分向設施,快車道或一般車道間,快慢車道間,路面邊線,事故類型及型態,受傷程度,主要傷處,保護裝備,行動電話或功能裝置,當事者區分(類別),車輛用途,當事者行動狀態,駕照狀態,駕照種類,飲酒情形,車輛撞擊部位最初,車輛撞擊部位其他,肇事因素個別,肇事因素主要,肇事逃逸,職業,共享經濟或外送平台,GPS座標X,GPS座標Y,事故類別
3471,66000,387130000C,(04)23274275,(04)23288582,2025,12,8,15,30,臺中市,西屯區,0,1,0,7,2,6,50,4,1,1,5,4,6,6,1,1,5,4,5,2,18,2,9,1,1,C03,7,9,1,10,2,16,,6,6,1,12,4,120.620184,24.187146,2
3472,66000,387130000C,(04)23274275,(04)23288582,2025,12,8,15,32,臺中市,霧峰區,0,2,0,7,2,6,50,3,2,1,5,4,6,6,2,1,5,4,4,1,12,2,9,2,1,C03,7,9,1,10,2,12,,7,7,1,13,4,120.697722,24.056946,2
3473,66000,387130000C,(04)23274275,(04)23288582,2025,12,8,15,35,臺中市,北區,0,2,0,7,3,6,50,4,1,1,5,4,6,6,1,1,5,5,4,2,17,2,9,1,1,C03,7,1,1,10,2,14,,51,51,1,12,4,120.674401,24.17154,2
3474,66000,387130000C,(04)23274275,(04)23288582,2025,12,8,15,37,臺中市,大雅區,0,1,0,7,3,6,50,13,9,1,5,4,6,6,4,4,5,2,5,1,30,2,9,1,1,C03,7,9,1,10,2,11,,84,84,1,12,4,120.65291,24.228522,2
3475,66000,387130000C,(04)23274275,(04)23288582,2025,12,8,15,37,臺中市,豐原區,0,0,0,7,,,50,,,,,,,,,,,,,,15,,,,,C03,,,1,,2,,,21,21,1,12,4,120.719402,24.239199,3
3476,66000,387130000C,(04)23274275,(04)23288582,2025,12,8,15,40,臺中市,沙鹿區,0,0,0,7,,,60,,,,,,,,,,,,,,17,,,,,B03,,,1,,2,,,40,40,1,12,4,120.580632,24.215911,3
3477,66000,387130000C,(04)23274275,(04)23288582,2025,12,8,15,48,臺中市,北屯區,0,0,0,7,,,50,,,,,,,,,,,,,,13,,,,,B03,,,5,,2,,,84,84,1,12,4,120.673114,24.190429,3
3478,66000,387130000C,(04)23274275,(04)23288582,2025,12,8,15,55,臺中市,大雅區,0,1,0,7,1,6,30,4,9,1,5,4,6,6,1,1,1,5,5,1,17,3,10,3,1,B03,7,11,1,8,2,1,,45,45,1,13,4,120.651279,24.209744,2
3479,66000,387130000C,(04)23274275,(04)23288582,2025,12,8,15,55,臺中市,西區,0,1,0,7,3,6,50,4,1,1,5,4,6,6,1,1,10,5,5,2,16,3,10,3,1,B12,7,6,1,8,2,6,,11,11,1,6,4,120.66014,24.15088,2
3480,66000,387130000C,(04)23274275,(04)23288582,2025,12,8,15,56,臺中市,大里區,0,2,0,7,2,6,50,4,1,1,5,4,6,6,4,4,10,5,5,2,17,2,9,1,1,C03,7,6,1,10,2,12,,20,20,1,13,4,120.711824,24.085893,2
3481,66000,387130000C,(04)23274275,(04)23288582,2025,12,8,15,57,臺中市,南屯區,0,0,0,7,,,50,,,,,,,,,,,,,,15,,,,,C03,,,1,,2,,,12,12,1,12,4,120.626586,24.139634,4
3482,66000,387130000C,(04)23274275,(04)23288582,2025,12,8,15,57,臺中市,南屯區,0,1,0,7,3,6,50,13,8,1,5,4,6,6,4,4,9,5,4,2,17,3,10,2,1,C03,7,5,1,10,2,12,,84,84,1,12,4,120.642495,24.137173,2
3483,66000,387130000C,(04)23274275,(04)23288582,2025,12,8,15,58,臺中市,東區,0,0,0,7,,,50,,,,,,,,,,,,,,13,,,,,B03,,,1,,1,,,7,7,1,6,4,120.683202,24.134139,3
3484,66000,387130000C,(04)23274275,(04)23288582,2025,12,8,15,58,臺中市,大肚區,0,0,0,7,,,30,,,,,,,,,,,,,,,,,,,B11,,,1,,9,,,93,93,1,6,4,120.567117,24.125861,3
3485,66000,387130000C,(04)23274275,(04)23288582,2025,12,8,15,58,臺中市,沙鹿區,0,2,0,7,2,6,50,13,9,1,5,4,6,6,1,1,3,4,5,2,17,2,9,1,1,C03,7,9,1,10,2,14,,7,7,1,13,4,120.571229,24.215954,2
3486,66000,387130000C,(04)23274275,(04)23288582,2025,12,8,15,59,臺中市,南區,0,1,0,7,3,6,50,13,9,1,5,4,5,6,4,4,9,5,5,2,13,2,8,2,1,C03,7,9,1,10,2,11,,7,7,1,13,4,120.671321,24.130502,2
3487,66000,387130000C,(04)23274275,(04)23288582,2025,12,8,16,0,臺中市,東區,0,2,0,7,1,6,50,4,1,1,5,4,6,6,1,1,10,5,5,2,17,2,9,5,4,C03,7,6,1,10,2,14,,84,84,1,12,4,120.688077,24.133652,2
3488,66000,387130000C,(04)23274275,(04)23288582,2025,12,8,16,2,臺中市,大雅區,0,2,0,7,3,6,50,3,2,1,5,4,6,6,4,4,5,2,5,1,17,2,9,1,1,C03,7,9,1,10,2,14,,84,84,1,12,4,120.649138,24.224969,2
3489,66000,387130000C,(04)23274275,(04)23288582,2025,12,8,16,2,臺中市,西屯區,0,1,0,7,2,6,50,13,9,1,5,4,6,6,4,4,10,4,5,2,16,2,8,1,1,C03,7,6,1,10,2,11,,48,48,1,12,4,120.60786,24.193338,2
3490,66000,387130000C,(04)23274275,(04)23288582,2025,12,8,16,3,臺中市,大雅區,0,0,0,7,,,60,,,,,,,,,,,,,,,,,,,A41,,,1,,1,,,8,8,1,13,4,120.650856,24.21001,3
3491,66000,387130000C,(04)23274275,(04)23288582,2025,12,8,16,3,臺中市,北屯區,0,2,0,7,2,6,50,5,2,1,5,4,6,6,1,1,4,1,5,2,12,2,9,1,1,C03,7,9,1,10,2,12,,84,84,1,12,4,120.70968,24.171443,2
3492,66000,387130000C,(04)23274275,(04)23288582,2025,12,8,16,10,臺中市,北屯區,0,2,0,7,2,6,50,13,9,1,5,4,6,6,4,4,3,4,5,2,17,2,9,1,1,C03,7,9,1,10,2,11,,84,84,1,12,4,120.739342,24.177624,2
3493,66000,387130000C,(04)23274275,(04)23288582,2025,12,8,16,10,臺中市,北屯區,0,3,0,7,2,6,50,13,9,1,5,4,6,6,4,4,3,4,5,2,17,3,10,3,1,B12,7,9,1,8,2,1,,83,83,1,12,4,120.739253,24.177687,2
3494,66000,387130000C,(04)23274275,(04)23288582,2025,12,8,16,10,臺中市,太平區,0,0,0,7,,,30,,,,,,,,,,,,,,17,,,,,A12,,,1,,2,,,84,84,1,12,4,120.725301,24.134232,3
3495,66000,387130000C,(04)23274275,(04)23288582,2025,12,8,16,12,臺中市,南屯區,0,0,0,7,,,50,,,,,,,,,,,,,,,,,,,C03,,,1,,1,,,84,84,1,13,4,120.634786,24.153939,3
3496,66000,387130000C,(04)23274275,(04)23288582,2025,12,8,16,13,臺中市,北區,0,1,0,7,2,6,50,5,1,1,5,4,6,6,2,1,10,5,5,2,16,3,10,3,1,B03,7,5,1,8,2,2,,47,47,1,12,4,120.677215,24.152841,2
3497,66000,387130000C,(04)23274275,(04)23288582,2025,12,8,16,13,臺中市,南屯區,0,1,0,7,3,6,50,13,9,1,5,4,6,6,1,1,5,4,5,2,24,2,9,1,1,C03,7,9,1,10,2,12,,59,59,1,12,4,120.636426,24.146711,2
3498,66000,387130000C,(04)23274275,(04)23288582,2025,12,8,16,13,臺中市,豐原區,0,1,0,7,2,6,60,4,1,1,5,4,6,6,2,1,1,4,4,1,16,3,10,3,1,B03,7,5,1,8,2,2,,26,26,1,12,4,120.720303,24.236499,2
3499,66000,387130000C,(04)23274275,(04)23288582,2025,12,8,16,16,臺中市,北區,0,2,0,7,2,6,30,4,1,1,5,4,6,6,4,4,10,5,5,2,15,2,9,1,1,C03,7,9,1,10,2,12,,20,20,1,12,4,120.683601,24.146762,2
3500,66000,387130000C,(04)23274275,(04)23288582,2025,12,8,16,20,臺中市,外埔區,0,1,0,7,2,6,30,3,2,1,5,4,6,6,4,4,5,4,4,1,17,3,10,3,1,B03,7,6,1,8,2,1,,39,39,1,12,4,120.661779,24.323617,2
3501,66000,387130000C,(04)23274275,(04)23288582,2025,12,8,16,21,臺中市,西屯區,0,1,0,7,2,6,50,4,1,1,5,4,6,6,4,4,5,5,5,2,13,3,10,5,4,C03,7,9,1,10,2,11,,7,7,1,13,4,120.645102,24.172924,2
3502,66000,387130000C,(04)23274275,(04)23288582,2025,12,8,16,22,臺中市,潭子區,0,0,0,7,,,50,,,,,,,,,,,,,,,,,,,B03,,,1,,2,,,56,56,1,13,4,120.722595,24.192665,3
3503,66000,387130000C,(04)23274275,(04)23288582,2025,12,8,16,28,臺中市,大里區,0,1,0,7,2,6,50,13,9,1,5,4,6,6,4,4,1,4,5,1,17,2,9,1,1,C03,7,9,1,10,2,11,,7,7,1,12,4,120.680893,24.106073,2
3504,66000,387130000C,(04)23274275,(04)23288582,2025,12,8,16,33,臺中市,南屯區,0,0,0,7,,,50,,,,,,,,,,,,,,14,,,,,B03,,,1,,1,,,49,49,1,12,4,120.633475,24.153562,4
3505,66000,387130000C,(04)23274275,(04)23288582,2025,12,8,16,35,臺中市,大肚區,0,1,0,7,2,6,30,4,1,1,5,4,6,6,1,1,10,5,5,2,15,3,10,1,1,C03,7,9,3,19,2,11,,25,25,1,6,4,120.530972,24.169894,2
3506,66000,387130000C,(04)23274275,(04)23288582,2025,12,8,16,38,臺中市,太平區,0,1,0,7,3,6,30,13,9,1,5,4,6,6,4,4,10,5,5,2,14,3,10,3,1,B03,7,2,1,8,2,3,,49,49,1,6,4,120.734253,24.147058,2
3507,66000,387130000C,(04)23274275,(04)23288582,2025,12,8,16,41,臺中市,西屯區,0,0,0,7,,,40,,,,,,,,,,,,,,12,,,,,B03,,,1,,1,,,7,7,1,12,4,120.651299,24.170466,3
3508,66000,387130000C,(04)23274275,(04)23288582,2025,12,8,16,42,臺中市,大雅區,0,1,0,7,3,6,30,3,2,1,5,4,6,6,4,4,10,5,5,1,17,3,10,3,1,B13,7,6,1,8,2,8,,48,48,1,12,4,120.636806,24.208362,2
3509,66000,387130000C,(04)23274275,(04)23288582,2025,12,8,16,45,臺中市,西區,0,1,0,7,2,6,50,13,9,1,5,4,6,6,4,4,5,4,5,2,17,3,10,5,4,B03,7,1,1,8,2,4,,51,51,1,13,4,120.662021,24.149868,2
3510,66000,387130000C,(04)23274275,(04)23288582,2025,12,8,16,45,臺中市,西屯區,0,0,0,7,,3,80,,,,,,,,,,,,,,13,,,,,B03,,,1,,1,,,7,7,1,12,4,120.654885,24.199425,3
3511,66000,387130000C,(04)23274275,(04)23288582,2025,12,8,16,48,臺中市,北區,0,2,0,7,2,6,50,4,1,1,5,4,6,6,2,1,5,4,4,2,13,3,10,3,1,B03,7,9,3,19,2,1,6,7,7,1,12,4,120.703824,24.159545,2
3512,66000,387130000C,(04)23274275,(04)23288582,2025,12,8,16,48,臺中市,北屯區,0,0,0,7,,,50,,,,,,,,,,,,,,13,,,,,B02,,,1,8,1,,,84,84,1,6,4,120.676131,24.195247,3
3513,66000,387130000C,(04)23274275,(04)23288582,2025,12,8,16,49,臺中市,西區,0,2,0,7,2,6,50,4,1,1,5,4,6,6,4,4,10,5,5,2,15,2,7,2,1,C03,7,9,1,10,2,11,,13,13,1,13,4,120.672873,24.15162,2
3514,66000,387130000C,(04)23274275,(04)23288582,2025,12,8,16,50,臺中市,北屯區,0,0,0,7,,,50,,,,,,,,,,,,,,,,,,,B03,,,1,,1,,,47,47,1,12,4,120.72147,24.162428,3
3515,66000,387130000C,(04)23274275,(04)23288582,2025,12,8,16,55,臺中市,南屯區,0,1,0,7,3,6,50,4,1,1,5,4,6,6,1,1,10,5,5,2,16,3,10,3,1,B03,7,5,1,8,2,5,,47,47,1,12,4,120.647863,24.150919,2
3516,66000,387130000C,(04)23274275,(04)23288582,2025,12,8,16,55,臺中市,梧棲區,0,0,0,7,,,30,,,,,,,,,,,,,,17,,,,,B02,,,1,,1,,,50,50,1,6,4,120.551234,24.245192,3
3517,66000,387130000C,(04)23274275,(04)23288582,2025,12,8,16,56,臺中市,大安區,0,1,0,7,1,6,50,13,14,1,5,4,6,6,4,4,4,5,4,1,17,2,9,4,1,F01,7,9,7,21,2,12,,8,8,1,3,4,120.602438,24.366506,2
3518,66000,387130000C,(04)23274275,(04)23288582,2025,12,8,16,57,臺中市,南屯區,0,0,0,7,,,50,,,,,,,,,,,,,,13,,,,,B01,,,1,,1,,,84,84,1,13,4,120.615277,24.147088,3
3519,66000,387130000C,(04)23274275,(04)23288582,2025,12,8,16,57,臺中市,霧峰區,0,0,0,7,,,50,,,,,,,,,,,,,,,,,,,B03,,,1,,2,,,56,56,1,13,4,120.701919,24.069111,3
3520,66000,387130000C,(04)23274275,(04)23288582,2025,12,8,17,0,臺中市,北屯區,0,0,0,7,,3,80,,,,,,,,,,,,,,13,,,,,B12,,,1,,1,,,7,7,1,6,4,120.701285,24.201544,3
3521,66000,387130000C,(04)23274275,(04)23288582,2025,12,8,17,5,臺中市,大安區,0,2,0,7,2,6,60,13,9,1,5,4,6,6,4,4,1,5,5,1,13,2,1,3,1,B03,7,9,1,7,2,1,,59,59,1,6,4,120.602856,24.391673,2
3522,66000,387130000C,(04)23274275,(04)23288582,2025,12,8,17,6,臺中市,大雅區,0,0,0,7,,,30,,,,,,,,,,,,,,,,,,,C03,,,1,,2,,,7,7,1,12,4,120.655074,24.217464,3
3523,66000,387130000C,(04)23274275,(04)23288582,2025,12,8,17,10,臺中市,北屯區,0,1,0,7,1,6,50,13,9,1,5,4,6,6,4,4,1,4,5,2,17,2,9,1,1,C03,7,9,3,19,2,14,,42,42,1,6,4,120.685699,24.174782,2
3524,66000,387130000C,(04)23274275,(04)23288582,2025,12,8,17,10,臺中市,北屯區,0,0,0,7,,3,80,,,,,,,,,,,,,,13,,,,,B03,,,3,,9,,,7,7,2,6,4,120.66978,24.201054,3
3525,66000,387130000C,(04)23274275,(04)23288582,2025,12,8,17,12,臺中市,大肚區,0,1,0,7,1,6,50,3,1,1,5,4,6,6,1,1,10,5,5,2,17,2,9,1,1,C03,7,9,1,10,2,12,,21,21,1,6,4,120.531355,24.162006,2
3526,66000,387130000C,(04)23274275,(04)23288582,2025,12,8,17,12,臺中市,神岡區,0,2,0,7,1,6,50,13,9,1,5,4,6,6,4,4,9,5,5,1,3,2,9,6,5,H01,8,18,7,21,10,17,,95,95,1,13,5,120.67414,24.261711,2
3527,66000,387130000C,(04)23274275,(04)23288582,2025,12,8,17,13,臺中市,西屯區,0,0,0,7,,,50,,,,,,,,,,,,,,17,,,,,A05,,,1,,1,,,51,51,1,12,4,120.654071,24.170479,3
3528,66000,387130000C,(04)23274275,(04)23288582,2025,12,8,17,13,臺中市,大里區,0,1,0,7,2,6,50,3,1,1,5,4,6,6,4,4,10,5,5,1,16,2,9,1,1,C03,7,9,1,10,2,12,,4,4,1,12,4,120.68021,24.105649,2
3529,66000,387130000C,(04)23274275,(04)23288582,2025,12,8,17,14,臺中市,大雅區,0,0,0,7,,,50,,,,,,,,,,,,,,,,,,,C03,,,1,,1,,,84,84,1,13,4,120.653453,24.225406,3
3530,66000,387130000C,(04)23274275,(04)23288582,2025,12,8,17,16,臺中市,北屯區,0,1,0,7,1,6,50,5,1,1,5,4,6,6,2,1,10,5,5,2,17,3,10,1,1,F01,7,9,7,21,2,11,,21,21,1,12,4,120.730421,24.173807,2
3531,66000,387130000C,(04)23274275,(04)23288582,2025,12,8,17,16,臺中市,烏日區,0,0,0,7,1,6,50,13,9,1,5,4,6,6,1,1,5,4,5,2,12,3,10,3,1,B11,7,14,1,1,1,3,,84,84,1,6,4,120.598259,24.110892,3
3532,66000,387130000C,(04)23274275,(04)23288582,2025,12,8,17,17,臺中市,北區,0,0,0,7,,,30,,,,,,,,,,,,,,,,,,,B03,,,1,,1,,,20,20,1,12,4,120.670589,24.168784,3
3533,66000,387130000C,(04)23274275,(04)23288582,2025,12,8,17,20,臺中市,霧峰區,0,0,0,6,,,30,,,,,,,,,,,,,,17,,,,,B03,,,1,,2,,,84,84,1,13,4,120.714692,24.073247,3
3534,66000,387130000C,(04)23274275,(04)23288582,2025,12,8,17,25,臺中市,大里區,0,0,0,7,,,50,,,,,,,,,,,,,,,,,,,C03,,,5,,1,,,84,84,1,6,4,120.693479,24.090229,3
3535,66000,387130000C,(04)23274275,(04)23288582,2025,12,8,17,25,臺中市,大肚區,0,1,0,7,1,6,30,3,2,1,5,4,6,6,4,4,10,5,5,2,16,3,10,1,1,C03,7,6,1,10,2,16,,14,14,1,6,4,120.546257,24.155034,2
3536,66000,387130000C,(04)23274275,(04)23288582,2025,12,8,17,30,臺中市,大雅區,0,1,0,6,2,6,30,3,1,1,5,4,6,6,4,4,10,5,5,2,20,2,9,1,1,C03,7,9,1,10,2,12,,84,84,1,12,4,120.631511,24.216915,2
3537,66000,387130000C,(04)23274275,(04)23288582,2025,12,8,17,30,臺中市,北屯區,0,0,0,7,,,50,,,,,,,,,,,,,,13,,,,,B03,,,1,,2,,,84,84,1,6,4,120.671342,24.189352,3
3538,66000,387130000C,(04)23274275,(04)23288582,2025,12,8,17,30,臺中市,北屯區,0,1,0,7,3,9,50,3,1,1,5,4,6,6,4,4,10,5,5,2,17,3,10,1,1,C03,7,11,3,19,2,13,,46,46,1,12,4,120.66775,24.174411,2
3539,66000,387130000C,(04)23274275,(04)23288582,2025,12,8,17,33,臺中市,大雅區,0,1,0,7,1,6,50,5,1,1,5,4,6,6,1,1,5,5,5,1,18,2,9,1,1,C03,7,9,1,10,2,12,,84,84,1,13,4,120.667688,24.215906,2
3540,66000,387130000C,(04)23274275,(04)23288582,2025,12,8,17,33,臺中市,南屯區,0,1,0,7,1,6,50,13,9,1,5,4,6,6,4,4,1,4,5,2,17,3,10,2,1,C03,7,5,1,10,2,13,,84,84,1,12,4,120.646135,24.140137,2
3541,66000,387130000C,(04)23274275,(04)23288582,2025,12,8,17,35,臺中市,東區,0,2,0,7,1,6,50,13,9,1,5,4,6,6,4,4,5,5,5,2,13,3,10,2,1,C03,7,11,1,10,2,13,,45,45,1,12,4,120.70212,24.142287,2
3542,66000,387130000C,(04)23274275,(04)23288582,2025,12,8,17,35,臺中市,東勢區,0,1,0,7,1,6,50,13,9,1,5,4,6,6,4,4,5,5,5,1,17,2,9,1,1,C03,7,9,1,10,2,11,,7,7,1,4,4,120.839266,24.206947,2
3543,66000,387130000C,(04)23274275,(04)23288582,2025,12,8,17,36,臺中市,北區,0,1,0,7,1,6,50,4,1,1,5,4,6,6,2,1,10,5,5,2,12,3,10,3,1,B12,7,7,1,8,9,2,,84,84,2,12,4,120.67498,24.149019,2
3544,66000,387130000C,(04)23274275,(04)23288582,2025,12,8,17,39,臺中市,西屯區,0,0,0,7,,,50,,,,,,,,,,,,,,13,,,,,B03,,,1,,1,,,7,7,1,13,4,120.61394,24.183701,3
3545,66000,387130000C,(04)23274275,(04)23288582,2025,12,8,17,40,臺中市,東區,0,0,0,7,,,50,,,,,,,,,,,,,,,,,,,B03,,,1,,1,,,7,7,1,13,4,120.705524,24.129946,3
3546,66000,387130000C,(04)23274275,(04)23288582,2025,12,8,17,41,臺中市,東區,0,0,0,7,,,50,,,,,,,,,,,,,,13,,,,,C03,,,1,,1,,,7,7,1,6,4,120.697296,24.147958,3
3547,66000,387130000C,(04)23274275,(04)23288582,2025,12,8,17,42,臺中市,北區,0,1,0,7,2,6,50,13,7,1,5,4,6,6,1,1,5,5,4,2,13,2,9,1,1,C03,7,9,3,19,2,11,,59,59,1,12,4,120.683611,24.159036,2
3548,66000,387130000C,(04)23274275,(04)23288582,2025,12,8,17,42,臺中市,北屯區,0,1,0,7,1,6,50,13,9,1,5,4,6,6,4,4,1,4,5,2,17,2,9,1,1,C03,7,9,1,10,9,12,,84,84,1,12,4,120.731733,24.174918,2
3549,66000,387130000C,(04)23274275,(04)23288582,2025,12,8,17,44,臺中市,太平區,0,0,0,7,,,,,,,,,,,,,,,,,17,,,,,,,,,,,,,85,85,1,,,120.708344,24.128013,3
3550,66000,387130000C,(04)23274275,(04)23288582,2025,12,8,17,45,臺中市,西屯區,0,2,0,7,2,6,50,3,1,1,5,4,6,6,2,1,1,4,5,2,12,2,9,5,4,C03,7,9,1,10,2,12,,8,8,1,13,4,120.644087,24.190687,2
3551,66000,387130000C,(04)23274275,(04)23288582,2025,12,8,17,47,臺中市,西區,0,0,0,7,,,50,,,,,,,,,,,,,,17,,,,,C03,,,1,,1,,,8,8,1,12,4,120.675576,24.133733,3
3552,66000,387130000C,(04)23274275,(04)23288582,2025,12,8,17,47,臺中市,東區,0,0,0,7,,,50,,,,,,,,,,,,,,,,,,,,,,,,,,,86,86,1,,,120.690679,24.147292,3
3553,66000,387130000C,(04)23274275,(04)23288582,2025,12,8,17,47,臺中市,大里區,0,0,0,7,,,50,,,,,,,,,,,,,,,,,,,C03,,,1,,1,,,7,7,1,13,4,120.71379,24.094923,3
3554,66000,387130000C,(04)23274275,(04)23288582,2025,12,8,17,48,臺中市,東區,0,1,0,7,2,6,50,4,1,1,5,4,6,6,1,1,10,5,5,2,17,3,10,5,4,A04,7,9,1,10,2,5,,87,87,1,12,4,120.697296,24.147958,2
3555,66000,387130000C,(04)23274275,(04)23288582,2025,12,8,17,48,臺中市,南屯區,0,0,0,7,,,50,,,,,,,,,,,,,,13,,,,,B03,,,1,,1,,,7,7,1,12,4,120.637009,24.140928,3
3556,66000,387130000C,(04)23274275,(04)23288582,2025,12,8,17,48,臺中市,后里區,0,1,0,6,1,6,50,13,8,1,5,4,6,6,4,4,3,4,4,1,13,2,9,1,1,C01,7,9,1,9,2,11,12,7,7,1,6,4,120.721936,24.307553,2
3557,66000,387130000C,(04)23274275,(04)23288582,2025,12,8,17,50,臺中市,北屯區,0,2,0,7,3,6,50,13,9,1,5,4,6,6,4,4,9,5,5,2,12,2,9,2,1,C03,7,15,1,10,2,11,,45,45,1,6,4,120.730415,24.158937,2
3558,66000,387130000C,(04)23274275,(04)23288582,2025,12,8,17,50,臺中市,烏日區,0,1,0,7,1,6,60,13,8,1,5,4,6,6,4,4,1,4,4,1,17,2,9,2,1,C03,7,9,1,10,2,11,,58,58,1,6,4,120.598873,24.111364,2
3559,66000,387130000C,(04)23274275,(04)23288582,2025,12,8,17,52,臺中市,西區,0,0,0,7,,,50,,,,,,,,,,,,,,14,,,,,B03,,,1,,1,,,49,49,1,6,4,120.660142,24.140367,3
3560,66000,387130000C,(04)23274275,(04)23288582,2025,12,8,17,53,臺中市,北屯區,0,1,0,6,1,6,50,4,1,1,5,4,6,6,2,1,10,5,5,2,13,2,9,2,1,C03,7,5,1,10,1,12,,7,7,1,5,4,120.685679,24.175769,2
3561,66000,387130000C,(04)23274275,(04)23288582,2025,12,8,17,53,臺中市,大甲區,0,1,0,7,1,6,50,4,1,1,5,4,6,6,1,1,10,5,5,2,11,3,10,5,4,B03,7,6,1,8,2,1,,11,11,1,6,4,120.633312,24.356159,2
3562,66000,387130000C,(04)23274275,(04)23288582,2025,12,8,17,54,臺中市,西屯區,0,1,0,7,1,6,40,13,8,1,5,4,6,6,4,4,1,5,1,2,12,2,9,4,1,C03,7,9,1,10,2,14,,8,8,1,12,4,120.618379,24.181937,2
3563,66000,387130000C,(04)23274275,(04)23288582,2025,12,8,17,55,臺中市,西屯區,0,0,0,7,,,30,,,,,,,,,,,,,,17,,,,,C03,,,1,,1,,,45,45,1,12,4,120.649489,24.174686,3
3564,66000,387130000C,(04)23274275,(04)23288582,2025,12,8,17,55,臺中市,沙鹿區,0,0,0,7,,,50,,,,,,,,,,,,,,14,,,,,B03,,,1,,2,,,49,49,1,6,4,120.56845,24.244317,3
3565,66000,387130000C,(04)23274275,(04)23288582,2025,12,8,17,57,臺中市,西屯區,0,1,0,7,1,6,50,4,1,1,5,4,6,6,1,1,5,5,4,2,13,3,10,3,1,B03,7,9,1,8,2,1,,84,84,1,12,4,120.648294,24.167899,2
3566,66000,387130000C,(04)23274275,(04)23288582,2025,12,8,17,57,臺中市,梧棲區,0,0,0,6,,,50,,,,,,,,,,,,,,14,,,,,B03,,,1,,2,,,49,49,1,12,4,120.529009,24.241909,3
3567,66000,387130000C,(04)23274275,(04)23288582,2025,12,8,17,59,臺中市,西區,0,0,0,7,,,50,,,,,,,,,,,,,,12,,,,,B01,,,1,,2,,,87,87,1,12,4,120.668346,24.129897,3
3568,66000,387130000C,(04)23274275,(04)23288582,2025,12,8,17,59,臺中市,沙鹿區,0,0,0,5,,,40,,,,,,,,,,,,,,12,,,,,B03,,,1,,1,,,20,20,1,13,4,120.586322,24.250119,3
3569,66000,387130000C,(04)23274275,(04)23288582,2025,12,8,18,1,臺中市,西屯區,0,0,0,7,,,50,,,,,,,,,,,,,,16,,,,,B03,,,1,,1,,,40,40,1,13,4,120.647492,24.196491,3
3570,66000,387130000C,(04)23274275,(04)23288582,2025,12,8,18,6,臺中市,西屯區,0,1,0,7,1,6,40,4,1,1,5,4,6,6,1,1,10,5,5,2,13,3,10,3,1,B03,7,8,1,8,2,5,,59,59,1,12,4,120.658022,24.158238,2
3571,66000,387130000C,(04)23274275,(04)23288582,2025,12,8,18,8,臺中市,潭子區,0,1,0,7,1,6,60,4,12,1,5,4,6,6,1,1,1,4,1,1,16,3,10,3,1,B03,7,5,1,8,2,15,,11,11,1,13,4,120.705752,24.218352,2
3572,66000,387130000C,(04)23274275,(04)23288582,2025,12,8,18,9,臺中市,沙鹿區,0,1,0,7,1,6,30,13,9,1,5,4,6,6,4,4,10,5,5,2,17,3,10,2,1,C03,7,6,1,10,2,11,,41,41,1,6,4,120.570693,24.229796,2
3573,66000,387130000C,(04)23274275,(04)23288582,2025,12,8,18,10,臺中市,東區,0,0,0,7,,,50,,,,,,,,,,,,,,13,,,,,C03,,,1,,1,,,7,7,1,6,4,120.695722,24.142778,3
3574,66000,387130000C,(04)23274275,(04)23288582,2025,12,8,18,10,臺中市,沙鹿區,0,0,0,6,,,50,,,,,,,,,,,,,,16,,,,,B03,,,1,,2,,,11,11,1,12,4,120.564972,24.241809,4
3575,66000,387130000C,(04)23274275,(04)23288582,2025,12,8,18,13,臺中市,潭子區,0,1,0,7,1,6,60,13,7,1,5,4,6,6,4,4,1,4,4,1,17,2,7,1,1,C03,7,9,5,19,2,11,,7,7,1,13,4,120.705778,24.218716,2
3576,66000,387130000C,(04)23274275,(04)23288582,2025,12,8,18,13,臺中市,西屯區,0,0,0,7,1,6,50,4,2,1,5,4,6,6,2,1,5,4,5,2,13,,,,,B03,,,5,,1,,,7,7,1,13,4,120.636496,24.170535,3
3577,66000,387130000C,(04)23274275,(04)23288582,2025,12,8,18,14,臺中市,霧峰區,0,2,0,6,1,6,30,13,9,1,5,4,6,6,4,4,10,5,5,1,17,2,9,1,1,C03,7,1,1,10,2,12,,51,51,1,13,4,120.664858,24.079733,2
3578,66000,387130000C,(04)23274275,(04)23288582,2025,12,8,18,14,臺中市,龍井區,0,0,0,6,,,50,,,,,,,,,,,,,,13,,,,,C03,,,1,,2,,,51,51,1,6,4,120.582439,24.178311,3
3579,66000,387130000C,(04)23274275,(04)23288582,2025,12,8,18,15,臺中市,西區,0,0,0,7,,,50,,,,,,,,,,,,,,17,,,,,B03,,,1,,2,,,58,58,1,13,4,120.661157,24.134349,3
3580,66000,387130000C,(04)23274275,(04)23288582,2025,12,8,18,15,臺中市,西屯區,0,0,0,7,,,50,,,,,,,,,,,,,,13,,,,,B03,,,1,,1,,,7,7,1,12,4,120.611716,24.186968,3