序號,縣市別代碼,機關代碼,市話,傳真,年,月,日,時,分,縣市,區,死亡數量,受傷數量,2-30,天候,道路照明設備,道路類別,道路速限,道路型態,事故位置,路面鋪裝,路面狀態,路面缺陷,障礙物,視距,號誌種類,號誌動作,分向設施,快車道或一般車道間,快慢車道間,路面邊線,事故類型及型態,受傷程度,主要傷處,保護裝備,行動電話或功能裝置,當事者區分(類別),車輛用途,當事者行動狀態,駕照狀態,駕照種類,飲酒情形,車輛撞擊部位最初,車輛撞擊部位其他,肇事因素個別,肇事因素主要,肇事逃逸,職業,共享經濟或外送平台,GPS座標X,GPS座標Y,事故類別
3581,66000,387130000C,(04)23274275,(04)23288582,2025,12,8,18,17,臺中市,大雅區,0,1,0,7,3,6,30,3,2,1,5,4,6,6,4,4,10,2,5,1,17,3,10,1,1,C03,7,6,1,10,2,15,,14,14,1,12,4,120.657728,24.209605,2
3582,66000,387130000C,(04)23274275,(04)23288582,2025,12,8,18,18,臺中市,西屯區,0,0,0,7,,,50,,,,,,,,,,,,,,,,,,,C03,,,1,,2,,,7,7,1,12,4,120.663974,24.166313,3
3583,66000,387130000C,(04)23274275,(04)23288582,2025,12,8,18,19,臺中市,北區,0,0,0,7,,,50,,,,,,,,,,,,,,13,,,,,B02,,,1,,2,,,59,59,1,13,4,120.678611,24.159149,3
3584,66000,387130000C,(04)23274275,(04)23288582,2025,12,8,18,20,臺中市,西屯區,0,0,0,7,,,50,,,,,,,,,,,,,,13,,,,,B03,,,1,,1,,,59,59,1,13,4,120.640204,24.168454,3
3585,66000,387130000C,(04)23274275,(04)23288582,2025,12,8,18,20,臺中市,大甲區,0,2,0,7,1,6,50,3,1,1,5,4,6,6,4,4,10,5,5,2,16,2,9,2,1,C03,7,6,1,10,2,12,,14,14,1,6,4,120.634236,24.344569,2
3586,66000,387130000C,(04)23274275,(04)23288582,2025,12,8,18,23,臺中市,北區,0,3,0,7,1,6,40,13,12,1,5,4,6,6,4,4,1,4,4,2,17,3,10,1,1,C03,7,9,1,10,2,11,,7,7,1,12,4,120.686741,24.155288,2
3587,66000,387130000C,(04)23274275,(04)23288582,2025,12,8,18,23,臺中市,東區,0,1,0,7,1,6,50,4,1,1,5,4,6,6,2,1,10,5,5,2,17,2,8,2,1,C03,7,9,1,10,2,11,,85,85,1,13,4,120.694457,24.147985,2
3588,66000,387130000C,(04)23274275,(04)23288582,2025,12,8,18,24,臺中市,西屯區,0,0,0,7,,,40,,,,,,,,,,,,,,14,,,,,B03,,,1,,2,,,49,49,1,12,4,120.649877,24.158001,3
3589,66000,387130000C,(04)23274275,(04)23288582,2025,12,8,18,27,臺中市,潭子區,0,0,0,7,,,30,,,,,,,,,,,,,,,,,,,B03,,,1,,2,,,84,84,1,13,4,120.693479,24.2181,3
3590,66000,387130000C,(04)23274275,(04)23288582,2025,12,8,18,28,臺中市,沙鹿區,0,1,0,7,3,6,40,13,9,1,5,4,6,6,4,4,1,4,4,2,17,3,10,3,1,B03,7,1,1,8,2,8,,51,51,1,12,4,120.570113,24.218975,2
3591,66000,387130000C,(04)23274275,(04)23288582,2025,12,8,18,30,臺中市,大里區,0,1,0,6,1,6,50,4,1,1,5,4,6,6,1,1,10,5,5,2,16,3,10,3,1,B03,7,6,1,8,2,1,,11,11,1,12,4,120.677941,24.115021,2
3592,66000,387130000C,(04)23274275,(04)23288582,2025,12,8,18,30,臺中市,豐原區,0,1,0,7,1,6,50,4,1,1,5,4,6,6,1,1,1,4,4,2,17,3,10,3,1,B12,7,6,5,8,2,2,,23,23,1,6,4,120.729683,24.275735,2
3593,66000,387130000C,(04)23274275,(04)23288582,2025,12,8,18,31,臺中市,北區,0,0,0,7,,,50,,,,,,,,,,,,,,13,,,,,B03,,,1,,1,2,,59,59,1,12,4,120.670477,24.166862,3
3594,66000,387130000C,(04)23274275,(04)23288582,2025,12,8,18,31,臺中市,南屯區,0,0,0,7,,,50,,,,,,,,,,,,,,13,,,,,C03,,,1,,1,,,84,84,1,12,2,120.643879,24.136004,3
3595,66000,387130000C,(04)23274275,(04)23288582,2025,12,8,18,32,臺中市,北屯區,0,1,0,7,1,6,50,13,9,1,5,4,6,6,4,4,5,5,5,2,2,3,10,5,4,B03,7,9,6,20,9,2,,84,84,1,12,4,120.711844,24.181196,2
3596,66000,387130000C,(04)23274275,(04)23288582,2025,12,8,18,35,臺中市,西屯區,0,0,0,7,1,6,50,4,9,1,5,4,6,6,2,1,1,3,5,2,13,,,,,B03,,,1,,1,,,7,7,1,13,4,120.656876,24.192465,3
3597,66000,387130000C,(04)23274275,(04)23288582,2025,12,8,18,35,臺中市,烏日區,0,1,0,7,1,6,50,13,9,1,5,4,6,6,4,4,1,4,5,1,27,2,9,2,1,C03,7,9,1,10,2,11,,58,58,1,6,4,120.620339,24.10945,2
3598,66000,387130000C,(04)23274275,(04)23288582,2025,12,8,18,38,臺中市,南屯區,0,0,0,7,,,50,,,,,,,,,,,,,,13,,,,,C03,,,1,,1,,,59,59,1,12,4,120.609405,24.130872,4
3599,66000,387130000C,(04)23274275,(04)23288582,2025,12,8,18,38,臺中市,清水區,0,1,0,7,1,6,50,4,1,1,5,4,6,6,2,1,1,4,5,2,9,3,10,3,1,B03,7,5,1,8,2,5,2,10,10,1,12,4,120.558424,24.273528,2
3600,66000,387130000C,(04)23274275,(04)23288582,2025,12,8,18,47,臺中市,北屯區,0,1,0,7,1,6,50,13,9,1,5,4,6,6,4,4,4,5,4,2,2,2,8,6,5,H01,8,16,7,21,10,17,,98,98,1,12,5,120.693854,24.178069,2
3601,66000,387130000C,(04)23274275,(04)23288582,2025,12,8,18,47,臺中市,太平區,0,0,0,7,,,50,,,,,,,,,,,,,,13,,,,,C03,,,1,,2,,,7,7,1,12,4,120.733956,24.144161,3
3602,66000,387130000C,(04)23274275,(04)23288582,2025,12,8,18,47,臺中市,太平區,0,0,0,7,,,30,,,,,,,,,,,,,,16,,,,,F03,,,7,,9,,,12,12,1,12,4,120.734403,24.145052,3
3603,66000,387130000C,(04)23274275,(04)23288582,2025,12,8,18,47,臺中市,太平區,0,2,0,6,1,3,80,13,9,1,5,4,6,6,4,4,1,3,5,2,13,2,9,3,1,B03,7,9,1,8,2,1,,84,84,1,12,4,120.707475,24.132098,2
3604,66000,387130000C,(04)23274275,(04)23288582,2025,12,8,18,48,臺中市,南屯區,0,1,0,7,1,6,50,13,9,1,5,4,6,6,4,4,9,4,5,2,12,2,9,1,1,C03,7,9,1,10,2,12,,7,7,1,12,4,120.645608,24.137869,2
3605,66000,387130000C,(04)23274275,(04)23288582,2025,12,8,18,48,臺中市,西屯區,0,1,0,7,1,6,50,13,9,1,5,4,6,6,4,4,5,4,5,2,13,2,9,1,1,C03,7,9,1,10,2,11,,7,7,1,12,4,120.59373,24.178974,2
3606,66000,387130000C,(04)23274275,(04)23288582,2025,12,8,18,48,臺中市,東勢區,0,1,0,7,1,6,50,11,9,1,5,4,6,6,4,4,5,5,5,1,17,2,9,2,1,C03,7,9,1,10,2,11,,7,7,1,12,4,120.835563,24.245351,2
3607,66000,387130000C,(04)23274275,(04)23288582,2025,12,8,19,2,臺中市,大雅區,0,1,0,7,1,6,50,3,9,1,5,4,6,6,1,1,10,4,5,2,17,2,9,1,1,C03,7,6,1,10,2,14,,20,20,1,12,4,120.657888,24.209125,2
3608,66000,387130000C,(04)23274275,(04)23288582,2025,12,8,19,4,臺中市,太平區,0,2,0,7,1,6,50,4,1,1,5,4,6,6,4,4,5,5,5,2,15,2,9,2,1,C03,7,9,1,10,2,12,,15,15,1,12,4,120.71637,24.145415,2
3609,66000,387130000C,(04)23274275,(04)23288582,2025,12,8,19,6,臺中市,大雅區,0,1,0,7,3,6,50,3,2,1,5,4,6,6,1,1,5,2,5,1,17,2,9,1,1,C03,7,9,1,10,2,14,,85,85,1,12,4,120.66707,24.213401,2
3610,66000,387130000C,(04)23274275,(04)23288582,2025,12,8,19,9,臺中市,沙鹿區,0,0,0,7,,,60,,,,,,,,,,,,,,12,,,,,B03,,,1,,1,,,8,8,1,6,4,120.564691,24.23969,3
3611,66000,387130000C,(04)23274275,(04)23288582,2025,12,8,19,12,臺中市,南屯區,0,0,0,7,,,60,,,,,,,,,,,,,,17,,,,,C03,,,1,,1,,,50,50,1,12,4,120.649621,24.151786,4
3612,66000,387130000C,(04)23274275,(04)23288582,2025,12,8,19,14,臺中市,西區,0,1,0,7,1,9,50,13,9,1,5,4,6,6,4,4,9,5,5,2,14,3,10,3,1,B03,7,2,1,8,2,7,,49,49,1,6,4,120.660346,24.153983,2
3613,66000,387130000C,(04)23274275,(04)23288582,2025,12,8,19,14,臺中市,外埔區,0,0,0,7,2,6,30,13,2,1,5,4,6,6,4,4,10,5,5,2,13,3,10,3,1,B03,7,9,1,8,1,1,,7,7,1,12,4,120.679498,24.318632,3
3614,66000,387130000C,(04)23274275,(04)23288582,2025,12,8,19,21,臺中市,太平區,0,0,0,7,,,30,,,,,,,,,,,,,,17,,,,,F01,,,7,,1,,,84,84,1,12,4,120.709554,24.129188,3
3615,66000,387130000C,(04)23274275,(04)23288582,2025,12,8,19,25,臺中市,沙鹿區,0,2,0,6,1,6,30,3,1,1,5,4,1,4,4,4,5,4,4,1,16,2,9,1,1,C03,7,6,1,10,2,11,14,20,20,1,12,4,120.579613,24.220813,2
3616,66000,387130000C,(04)23274275,(04)23288582,2025,12,8,19,28,臺中市,西屯區,0,1,0,7,1,6,40,13,8,1,5,4,6,6,3,1,1,4,1,1,13,3,10,5,4,A11,7,8,1,3,2,1,,7,7,1,13,4,120.625782,24.158535,2
3617,66000,387130000C,(04)23274275,(04)23288582,2025,12,8,19,30,臺中市,豐原區,0,1,0,7,1,6,50,13,7,1,5,4,6,6,2,1,5,4,4,2,17,3,10,3,1,B03,7,6,1,8,2,16,,26,26,1,12,4,120.73005,24.254942,2
3618,66000,387130000C,(04)23274275,(04)23288582,2025,12,8,19,31,臺中市,清水區,0,0,0,7,,,50,,,,,,,,,,,,,,,,,,,B03,,,1,,2,,,50,50,1,12,4,120.57706,24.273354,3
3619,66000,387130000C,(04)23274275,(04)23288582,2025,12,8,19,35,臺中市,北屯區,0,1,0,7,3,6,0,13,21,1,5,4,6,6,4,4,10,5,5,2,18,2,9,4,1,F01,7,9,7,21,8,14,,53,53,1,13,4,120.69823,24.163177,2
3620,66000,387130000C,(04)23274275,(04)23288582,2025,12,8,19,39,臺中市,北屯區,0,0,0,7,,,50,,,,,,,,,,,,,,,,,,,B03,,,1,,2,,,51,51,1,12,4,120.669843,24.177783,4
3621,66000,387130000C,(04)23274275,(04)23288582,2025,12,8,19,40,臺中市,南屯區,0,2,0,7,3,6,50,4,1,1,5,4,6,6,4,4,10,5,5,2,15,2,9,2,1,C03,7,9,1,10,2,12,,15,15,1,12,4,120.639289,24.137719,2
3622,66000,387130000C,(04)23274275,(04)23288582,2025,12,8,19,40,臺中市,北屯區,0,0,0,7,,,50,,,,,,,,,,,,,,14,,,,,B12,,,1,7,1,,,50,50,1,6,4,120.726911,24.173425,3
3623,66000,387130000C,(04)23274275,(04)23288582,2025,12,8,19,40,臺中市,外埔區,0,0,0,6,1,6,50,13,14,1,5,4,6,6,4,4,5,4,4,1,12,,,,,A12,,,1,,2,,,78,78,1,6,4,120.653486,24.33136,3
3624,66000,387130000C,(04)23274275,(04)23288582,2025,12,8,19,49,臺中市,豐原區,0,1,0,7,1,6,50,4,4,1,5,4,6,6,1,1,1,4,5,1,17,2,9,5,4,C03,7,15,1,10,2,12,,84,84,1,12,4,120.720552,24.262269,2
3625,66000,387130000C,(04)23274275,(04)23288582,2025,12,8,19,53,臺中市,西屯區,0,2,0,7,1,6,40,13,9,1,5,4,6,6,4,4,5,4,5,2,12,3,10,3,1,B03,7,1,1,8,2,4,,51,51,1,12,4,120.615167,24.189313,2
3626,66000,387130000C,(04)23274275,(04)23288582,2025,12,8,19,55,臺中市,西屯區,0,0,0,7,1,6,50,4,2,1,5,4,6,6,2,1,5,5,4,2,13,,,,,B03,,,1,,1,,,7,7,1,13,4,120.649447,24.158208,3
3627,66000,387130000C,(04)23274275,(04)23288582,2025,12,8,19,57,臺中市,南區,0,1,0,7,1,6,50,4,1,1,5,4,6,6,1,1,10,5,5,2,18,2,9,5,4,F01,7,9,7,21,2,16,,84,84,1,12,4,120.653289,24.121969,2
3628,66000,387130000C,(04)23274275,(04)23288582,2025,12,8,20,0,臺中市,烏日區,0,1,0,6,1,6,50,13,9,1,5,4,6,6,4,4,9,5,5,1,12,2,9,1,1,C03,7,9,1,10,2,11,,85,85,1,6,4,120.616829,24.105169,2
3629,66000,387130000C,(04)23274275,(04)23288582,2025,12,8,20,8,臺中市,清水區,0,1,0,7,1,6,50,4,1,1,5,4,6,6,1,1,9,4,5,1,15,2,8,1,1,C03,7,9,1,10,2,11,,21,21,1,12,4,120.552096,24.273718,2
3630,66000,387130000C,(04)23274275,(04)23288582,2025,12,8,20,8,臺中市,豐原區,0,0,0,7,,,50,,,,,,,,,,,,,,14,,,,,B03,,,1,,2,,,49,49,1,12,4,120.714426,24.250173,3
3631,66000,387130000C,(04)23274275,(04)23288582,2025,12,8,20,10,臺中市,西屯區,0,1,0,7,1,6,30,3,1,1,5,4,6,6,4,4,10,5,5,2,16,3,10,2,4,C03,7,6,1,10,2,11,12,12,12,1,12,4,120.649695,24.164171,2
3632,66000,387130000C,(04)23274275,(04)23288582,2025,12,8,20,12,臺中市,大里區,0,1,0,7,1,6,50,3,1,1,5,4,6,6,1,1,10,5,5,1,16,3,10,3,1,B03,7,6,1,8,2,1,,14,14,1,12,4,120.674486,24.101485,2
3633,66000,387130000C,(04)23274275,(04)23288582,2025,12,8,20,14,臺中市,北區,0,0,0,7,,,50,,,,,,,,,,,,,,17,,,,,C03,,,1,,1,,,59,59,1,12,4,120.670353,24.162447,3
3634,66000,387130000C,(04)23274275,(04)23288582,2025,12,8,20,14,臺中市,北屯區,0,2,0,7,1,6,50,4,2,1,5,4,6,6,2,1,5,2,5,2,13,2,7,1,1,C03,7,12,1,10,1,11,,7,7,1,6,4,120.71148,24.172314,2
3635,66000,387130000C,(04)23274275,(04)23288582,2025,12,8,20,17,臺中市,北屯區,0,3,0,7,2,6,50,4,2,1,5,4,6,6,1,1,4,5,5,2,11,2,9,1,1,C03,7,6,1,10,2,11,,39,39,1,12,4,120.728589,24.169003,2
3636,66000,387130000C,(04)23274275,(04)23288582,2025,12,8,20,20,臺中市,沙鹿區,0,1,0,7,1,6,50,4,1,1,5,4,6,6,4,4,10,5,5,2,15,2,9,2,1,C03,7,9,1,10,2,11,,12,12,1,6,4,120.564166,24.242783,2
3637,66000,387130000C,(04)23274275,(04)23288582,2025,12,8,20,30,臺中市,龍井區,0,0,0,6,,,40,,,,,,,,,,,,,,12,,,,,B03,,,1,,2,,,8,8,1,6,4,120.585665,24.186498,3
3638,66000,387130000C,(04)23274275,(04)23288582,2025,12,8,20,48,臺中市,梧棲區,0,1,0,7,1,6,50,4,1,1,5,4,6,6,1,1,10,5,5,2,18,2,9,1,1,F03,7,9,7,21,2,12,,58,58,1,12,4,120.542104,24.240722,2
3639,66000,387130000C,(04)23274275,(04)23288582,2025,12,8,20,52,臺中市,潭子區,0,0,0,7,,,50,,,,,,,,,,,,,,,,,,,B03,,,1,,2,,,14,14,1,13,4,120.704376,24.212415,3
3640,66000,387130000C,(04)23274275,(04)23288582,2025,12,8,21,0,臺中市,大雅區,0,0,0,7,,,0,,,,,,,,,,,,,,,,,,,C03,,,1,,2,,,49,49,1,13,4,120.658515,24.230837,3
3641,66000,387130000C,(04)23274275,(04)23288582,2025,12,8,21,7,臺中市,西區,0,1,0,7,1,6,40,4,2,1,5,4,6,6,1,1,9,4,4,2,17,2,9,1,1,C03,7,8,1,10,2,14,,40,40,1,12,4,120.667815,24.140159,2
3642,66000,387130000C,(04)23274275,(04)23288582,2025,12,8,21,17,臺中市,大雅區,0,0,0,7,,,30,,,,,,,,,,,,,,,,,,,C03,,,1,,2,,,12,12,1,12,4,120.654704,24.228806,3
3643,66000,387130000C,(04)23274275,(04)23288582,2025,12,8,21,17,臺中市,北屯區,0,0,0,7,,,50,,,,,,,,,,,,,,16,,,,,C03,,,1,10,2,,,8,8,1,6,4,120.692835,24.168127,4
3644,66000,387130000C,(04)23274275,(04)23288582,2025,12,8,21,19,臺中市,豐原區,0,1,0,7,1,6,50,4,1,1,5,4,6,6,1,1,1,4,5,1,16,3,10,3,1,B03,7,6,5,19,2,5,,25,25,1,12,4,120.728462,24.251276,2
3645,66000,387130000C,(04)23274275,(04)23288582,2025,12,8,21,20,臺中市,北屯區,0,1,0,7,3,6,50,4,1,1,5,4,6,6,4,4,10,5,4,2,16,3,10,3,1,B03,7,6,1,8,2,5,,11,11,1,6,4,120.723534,24.170867,2
3646,66000,387130000C,(04)23274275,(04)23288582,2025,12,8,21,20,臺中市,西屯區,0,0,0,7,,,50,,,,,,,,,,,,,,13,,,,,B03,,,1,,1,,,7,7,1,12,4,120.655601,24.199887,3
3647,66000,387130000C,(04)23274275,(04)23288582,2025,12,8,21,23,臺中市,大雅區,0,2,0,6,1,6,50,13,8,1,5,4,6,6,4,4,5,4,4,1,3,2,9,6,5,H01,8,16,7,21,2,17,,95,95,1,13,5,120.629417,24.207683,2
3648,66000,387130000C,(04)23274275,(04)23288582,2025,12,8,21,24,臺中市,沙鹿區,0,0,0,7,,,40,,,,,,,,,,,,,,13,,,,,C03,,,1,,2,,,7,7,1,5,4,120.578005,24.2242,3
3649,66000,387130000C,(04)23274275,(04)23288582,2025,12,8,21,25,臺中市,東區,0,1,0,7,1,6,50,3,1,1,5,4,6,5,1,1,5,5,5,2,12,3,10,3,1,B03,7,9,1,8,1,5,,84,84,1,13,4,120.70544,24.130178,2
3650,66000,387130000C,(04)23274275,(04)23288582,2025,12,8,21,44,臺中市,潭子區,0,0,0,7,,,60,,,,,,,,,,,,,,,,,,,B03,,,1,,2,,,14,14,1,13,4,120.702365,24.188302,3
3651,66000,387130000C,(04)23274275,(04)23288582,2025,12,8,21,45,臺中市,烏日區,0,1,0,7,1,6,40,4,1,1,5,4,6,6,1,1,1,2,3,1,16,2,9,1,1,C03,7,6,1,10,2,11,14,25,25,1,6,4,120.586697,24.113235,2
3652,66000,387130000C,(04)23274275,(04)23288582,2025,12,8,21,50,臺中市,西屯區,0,1,0,7,1,6,50,4,1,1,5,4,6,6,1,1,1,4,5,1,17,2,9,5,4,C03,7,9,1,10,1,11,,59,59,1,13,4,120.646889,24.155626,2
3653,66000,387130000C,(04)23274275,(04)23288582,2025,12,8,21,59,臺中市,大里區,0,2,0,6,1,6,50,13,9,1,5,4,6,6,4,4,5,4,5,1,17,2,9,1,1,C03,7,8,1,10,2,13,,40,40,1,12,4,120.701546,24.124215,2
3654,66000,387130000C,(04)23274275,(04)23288582,2025,12,8,22,0,臺中市,大里區,0,0,0,7,,,30,,,,,,,,,,,,,,,,,,,B03,,,1,,2,,,84,84,1,12,4,120.683391,24.103822,3
3655,66000,387130000C,(04)23274275,(04)23288582,2025,12,8,22,1,臺中市,北區,0,0,0,7,1,6,50,3,7,1,5,4,6,6,4,4,5,4,4,2,16,3,10,1,1,C03,7,6,1,9,1,14,,14,14,1,12,4,120.672804,24.170081,4
3656,66000,387130000C,(04)23274275,(04)23288582,2025,12,8,22,3,臺中市,南區,0,2,0,7,1,6,50,4,1,1,5,4,6,6,2,1,10,5,5,2,12,2,9,2,1,C03,7,15,1,10,2,12,,84,84,1,5,4,120.662762,24.127047,2
3657,66000,387130000C,(04)23274275,(04)23288582,2025,12,8,22,3,臺中市,北屯區,0,1,0,7,1,6,50,4,1,1,5,4,6,6,3,1,10,5,5,2,15,2,9,1,1,C03,7,9,3,19,2,11,,24,24,1,6,4,120.682688,24.174841,2
3658,66000,387130000C,(04)23274275,(04)23288582,2025,12,8,22,8,臺中市,南屯區,0,0,0,7,,,50,,,,,,,,,,,,,,,,,,,C03,,,1,,2,,,40,40,1,6,4,120.64357,24.145891,3
3659,66000,387130000C,(04)23274275,(04)23288582,2025,12,8,22,28,臺中市,北區,0,2,0,7,2,6,30,13,9,1,5,4,6,6,4,4,10,5,5,2,17,2,9,1,1,C03,7,1,1,10,2,14,,51,51,1,12,4,120.683864,24.151979,2
3660,66000,387130000C,(04)23274275,(04)23288582,2025,12,8,22,34,臺中市,西區,0,2,0,7,1,6,50,4,1,1,5,4,6,6,1,1,10,5,5,2,16,2,9,1,1,C03,7,6,1,10,2,11,,48,48,1,13,2,120.66425,24.146701,2
3661,66000,387130000C,(04)23274275,(04)23288582,2025,12,8,22,35,臺中市,潭子區,0,2,0,6,3,6,60,3,4,1,5,4,6,6,1,1,1,4,4,1,13,2,9,2,1,C03,7,9,1,10,2,11,,84,84,1,13,4,120.707124,24.224066,2
3662,66000,387130000C,(04)23274275,(04)23288582,2025,12,8,22,42,臺中市,南屯區,0,0,0,7,,,50,,,,,,,,,,,,,,17,,,,,C03,,,1,,10,,,77,77,1,12,4,120.637241,24.150287,3
3663,66000,387130000C,(04)23274275,(04)23288582,2025,12,8,23,18,臺中市,潭子區,0,1,0,7,1,6,50,3,2,1,5,4,6,6,4,4,5,5,4,2,16,3,10,3,1,B01,7,11,1,4,2,8,,32,32,1,13,4,120.692147,24.219827,2
3664,66000,387130000C,(04)23274275,(04)23288582,2025,12,8,23,38,臺中市,沙鹿區,0,1,0,7,1,6,50,3,1,1,5,4,6,6,1,1,10,5,5,2,15,2,9,2,1,C03,7,9,1,10,2,12,,21,21,1,6,4,120.581205,24.209725,2
3665,66000,387130000C,(04)23274275,(04)23288582,2025,12,8,23,39,臺中市,大甲區,0,0,0,7,,,50,,,,,,,,,,,,,,,,,,,B01,,,1,,1,,,21,21,1,6,4,120.653891,24.390409,3
3666,66000,387130000C,(04)23274275,(04)23288582,2025,12,8,23,45,臺中市,烏日區,0,1,0,7,1,6,40,13,8,1,5,4,6,6,4,4,1,4,4,1,28,2,9,1,1,C03,7,9,1,10,2,11,14,59,59,1,6,4,120.591281,24.113706,2
3667,66000,387130000C,(04)23274275,(04)23288582,2025,12,9,0,9,臺中市,北屯區,0,0,0,7,,,50,,,,,,,,,,,,,,17,,,,,B03,,,1,,2,,,42,42,1,6,4,120.696013,24.164832,4
3668,66000,387130000C,(04)23274275,(04)23288582,2025,12,9,0,10,臺中市,沙鹿區,0,0,0,7,,,30,,,,,,,,,,,,,,17,,,,,B03,,,1,,2,,,50,50,1,6,4,120.563038,24.24119,3
3669,66000,387130000C,(04)23274275,(04)23288582,2025,12,9,0,23,臺中市,太平區,0,1,0,7,1,6,50,3,1,1,5,4,6,6,2,1,10,5,5,2,18,2,9,1,1,C03,7,6,1,10,2,14,,84,84,1,13,4,120.733331,24.150527,2
3670,66000,387130000C,(04)23274275,(04)23288582,2025,12,9,0,36,臺中市,烏日區,0,1,0,7,1,6,30,4,1,1,5,4,6,6,3,1,10,5,5,1,16,2,9,3,1,B03,7,9,1,8,2,2,6,12,12,1,6,4,120.658181,24.055512,2
3671,66000,387130000C,(04)23274275,(04)23288582,2025,12,9,1,6,臺中市,梧棲區,0,0,0,7,,,50,,,,,,,,,,,,,,14,,,,,B02,,,1,,1,,,49,49,1,12,4,120.532212,24.262671,3
3672,66000,387130000C,(04)23274275,(04)23288582,2025,12,9,2,25,臺中市,西區,0,0,0,6,,,30,,,,,,,,,,,,,,,,,,,B12,,,1,,2,,,8,8,1,13,4,120.661036,24.148301,3
3673,66000,387130000C,(04)23274275,(04)23288582,2025,12,9,2,58,臺中市,西屯區,0,0,0,7,,,50,,,,,,,,,,,,,,13,,,,,B03,,,1,,1,,,59,59,1,12,4,120.619704,24.1874,3
3674,66000,387130000C,(04)23274275,(04)23288582,2025,12,9,3,13,臺中市,北區,0,0,0,7,,,50,,,,,,,,,,,,,,17,,,,,B03,,,1,,1,,,84,84,1,13,4,120.679926,24.149649,3
3675,66000,387130000C,(04)23274275,(04)23288582,2025,12,9,4,7,臺中市,大里區,0,1,0,6,1,6,50,4,1,1,5,4,6,6,1,1,1,4,5,1,15,3,10,3,1,B03,7,9,1,8,2,4,,21,21,1,13,4,120.688768,24.119827,2
3676,66000,387130000C,(04)23274275,(04)23288582,2025,12,9,4,33,臺中市,西區,0,1,0,7,1,6,50,4,1,1,5,4,6,6,1,1,10,5,5,2,23,2,9,5,4,B03,7,9,1,8,2,1,,5,5,1,13,4,120.660951,24.159175,2
3677,66000,387130000C,(04)23274275,(04)23288582,2025,12,9,5,49,臺中市,豐原區,0,1,0,7,1,6,50,4,1,1,5,4,6,6,4,4,5,5,4,2,11,3,10,3,1,B02,7,5,1,4,2,8,,15,15,1,12,4,120.715679,24.249263,2
3678,66000,387130000C,(04)23274275,(04)23288582,2025,12,9,5,55,臺中市,大雅區,0,1,0,7,1,6,60,3,2,1,5,4,6,6,1,1,1,5,5,2,13,2,8,1,1,C03,7,9,5,19,2,11,,7,7,1,12,4,120.647772,24.220429,2
3679,66000,387130000C,(04)23274275,(04)23288582,2025,12,9,6,0,臺中市,外埔區,0,1,0,7,2,6,30,13,9,1,5,4,6,6,4,4,10,5,5,2,18,2,9,1,1,C03,7,9,1,10,2,14,,84,84,1,6,4,120.661696,24.352255,2
3680,66000,387130000C,(04)23274275,(04)23288582,2025,12,9,6,11,臺中市,北區,0,0,0,7,2,6,50,13,9,1,5,4,6,6,4,4,5,5,5,2,17,3,10,3,1,B03,7,1,1,8,2,5,,84,84,1,12,4,120.695125,24.158262,3
3681,66000,387130000C,(04)23274275,(04)23288582,2025,12,9,6,14,臺中市,豐原區,0,1,0,7,1,6,50,4,1,1,5,4,6,6,2,1,1,2,4,1,12,3,10,3,1,B03,7,5,1,8,2,2,,26,26,1,12,4,120.723013,24.264221,2
3682,66000,387130000C,(04)23274275,(04)23288582,2025,12,9,6,19,臺中市,豐原區,0,1,0,7,1,6,50,11,7,1,5,4,6,6,4,4,5,5,4,2,12,3,10,3,1,B03,7,9,1,8,2,2,,85,85,1,12,4,120.696725,24.241371,2
3683,66000,387130000C,(04)23274275,(04)23288582,2025,12,9,6,21,臺中市,潭子區,0,0,0,7,,,50,,,,,,,,,,,,,,,,,,,B02,,,1,,2,,,59,59,1,12,4,120.701176,24.209048,3
3684,66000,387130000C,(04)23274275,(04)23288582,2025,12,9,6,37,臺中市,大里區,0,1,0,7,2,6,50,13,9,1,5,4,6,6,4,4,1,4,5,1,18,2,9,1,1,C03,7,9,1,10,2,12,,84,84,1,13,4,120.693689,24.105518,2
3685,66000,387130000C,(04)23274275,(04)23288582,2025,12,9,6,38,臺中市,西屯區,0,2,0,7,2,6,50,4,1,1,5,4,6,6,2,1,10,5,5,2,16,2,9,5,4,F01,7,6,7,21,2,12,,11,11,1,12,1,120.650925,24.170856,2
3686,66000,387130000C,(04)23274275,(04)23288582,2025,12,9,6,42,臺中市,西區,0,0,0,7,,,50,,,,,,,,,,,,,,,,,,,C03,,,6,,11,,,8,8,2,12,4,120.667118,24.146557,3
3687,66000,387130000C,(04)23274275,(04)23288582,2025,12,9,6,55,臺中市,西屯區,0,1,0,7,2,6,50,3,1,1,5,4,6,6,4,4,10,5,5,2,13,2,8,2,1,C03,7,9,1,10,1,11,,59,59,1,12,4,120.61915,24.179578,2
3688,66000,387130000C,(04)23274275,(04)23288582,2025,12,9,6,58,臺中市,龍井區,0,1,0,7,2,6,50,3,9,1,5,4,6,6,4,4,5,5,5,1,12,2,9,1,1,C03,7,6,1,10,2,12,,14,14,1,12,4,120.525739,24.214359,2
3689,66000,387130000C,(04)23274275,(04)23288582,2025,12,9,7,2,臺中市,大里區,0,0,0,7,,,50,,,,,,,,,,,,,,12,,,,,B03,,,1,,2,,,8,8,1,12,4,120.695773,24.096526,3
3690,66000,387130000C,(04)23274275,(04)23288582,2025,12,9,7,7,臺中市,霧峰區,0,1,0,7,2,6,50,13,9,1,5,4,6,6,4,4,5,5,5,1,3,2,8,6,5,H01,8,16,7,21,10,17,,95,95,1,6,5,120.69705,24.065984,2