序號,縣市別代碼,機關代碼,市話,傳真,年,月,日,時,分,縣市,區,死亡數量,受傷數量,2-30,天候,道路照明設備,道路類別,道路速限,道路型態,事故位置,路面鋪裝,路面狀態,路面缺陷,障礙物,視距,號誌種類,號誌動作,分向設施,快車道或一般車道間,快慢車道間,路面邊線,事故類型及型態,受傷程度,主要傷處,保護裝備,行動電話或功能裝置,當事者區分(類別),車輛用途,當事者行動狀態,駕照狀態,駕照種類,飲酒情形,車輛撞擊部位最初,車輛撞擊部位其他,肇事因素個別,肇事因素主要,肇事逃逸,職業,共享經濟或外送平台,GPS座標X,GPS座標Y,事故類別
3691,66000,387130000C,(04)23274275,(04)23288582,2025,12,9,7,7,臺中市,新社區,0,1,0,7,2,6,50,4,7,1,5,4,6,6,1,1,5,4,4,2,11,3,10,5,4,B03,7,15,1,8,2,8,,21,21,1,13,4,120.810683,24.244019,2
3692,66000,387130000C,(04)23274275,(04)23288582,2025,12,9,7,9,臺中市,北屯區,0,0,0,7,,,50,,,,,,,,,,,,,,16,,,,,B03,,,1,,2,,,11,11,1,12,4,120.727695,24.160782,3
3693,66000,387130000C,(04)23274275,(04)23288582,2025,12,9,7,14,臺中市,梧棲區,0,1,0,7,2,6,60,4,1,1,5,4,6,6,2,1,1,4,5,1,16,3,10,3,1,B03,7,9,1,8,2,5,,21,21,1,12,4,120.534552,24.246468,2
3694,66000,387130000C,(04)23274275,(04)23288582,2025,12,9,7,15,臺中市,大雅區,0,1,0,7,1,6,0,13,9,1,5,4,6,6,4,4,5,5,5,1,17,2,8,1,1,C03,7,1,3,19,2,14,,51,51,1,13,4,120.655934,24.227032,2
3695,66000,387130000C,(04)23274275,(04)23288582,2025,12,9,7,16,臺中市,西屯區,0,2,0,7,2,6,50,13,7,1,5,4,6,6,4,4,1,4,3,2,13,2,8,5,4,C03,7,9,1,10,2,14,12,7,7,1,12,4,120.646492,24.20106,2
3696,66000,387130000C,(04)23274275,(04)23288582,2025,12,9,7,20,臺中市,西屯區,0,1,0,7,2,6,50,13,9,1,5,4,6,6,3,1,1,4,5,2,13,2,9,1,4,C03,7,9,1,10,1,11,,7,7,1,13,4,120.604227,24.185258,2
3697,66000,387130000C,(04)23274275,(04)23288582,2025,12,9,7,20,臺中市,西屯區,0,1,0,7,2,6,50,4,1,1,5,4,6,6,1,1,10,5,5,2,16,3,10,5,4,B03,7,5,1,8,2,2,,11,11,1,12,4,120.619138,24.18472,2
3698,66000,387130000C,(04)23274275,(04)23288582,2025,12,9,7,20,臺中市,大里區,0,0,0,7,,,50,,,,,,,,,,,,,,17,,,,,B12,,,1,,2,,,84,84,1,12,4,120.71244,24.103547,3
3699,66000,387130000C,(04)23274275,(04)23288582,2025,12,9,7,20,臺中市,大里區,0,1,0,7,2,6,50,13,9,1,5,4,6,6,4,4,10,5,5,2,10,3,10,2,1,F01,7,4,7,21,2,11,,1,1,1,3,4,120.703393,24.09504,2
3700,66000,387130000C,(04)23274275,(04)23288582,2025,12,9,7,22,臺中市,烏日區,0,0,0,7,,,50,,,,,,,,,,,,,,13,,,,,B03,,,1,,1,,,59,59,1,13,4,120.648123,24.085967,3
3701,66000,387130000C,(04)23274275,(04)23288582,2025,12,9,7,22,臺中市,清水區,0,2,0,7,2,6,50,13,9,1,5,4,6,6,4,4,8,4,5,2,12,2,9,1,1,C03,7,11,1,10,2,11,,45,45,1,12,4,120.567472,24.278376,2
3702,66000,387130000C,(04)23274275,(04)23288582,2025,12,9,7,22,臺中市,大安區,0,1,0,6,2,6,60,5,1,1,5,4,6,6,1,1,1,4,5,1,16,3,10,3,1,B03,7,6,5,19,2,6,,11,11,1,6,4,120.570799,24.33988,2
3703,66000,387130000C,(04)23274275,(04)23288582,2025,12,9,7,24,臺中市,潭子區,0,0,0,7,,3,80,,,,,,,,,,,,,,,,,,,B03,,,1,,2,,,87,87,1,13,4,120.709739,24.200514,3
3704,66000,387130000C,(04)23274275,(04)23288582,2025,12,9,7,24,臺中市,南區,0,0,0,7,,,50,,,,,,,,,,,,,,,,,,,B03,,,1,,1,,,7,7,1,12,4,120.670161,24.129071,3
3705,66000,387130000C,(04)23274275,(04)23288582,2025,12,9,7,24,臺中市,神岡區,0,0,0,7,,,50,,,,,,,,,,,,,,17,,,,,C03,,,1,,2,,,59,59,1,13,4,120.690381,24.247707,3
3706,66000,387130000C,(04)23274275,(04)23288582,2025,12,9,7,25,臺中市,大肚區,0,0,0,7,,,30,,,,,,,,,,,,,,12,,,,,B03,,,1,,2,,,8,8,1,6,4,120.556988,24.134276,3
3707,66000,387130000C,(04)23274275,(04)23288582,2025,12,9,7,26,臺中市,神岡區,0,0,0,7,,,50,,,,,,,,,,,,,,13,,,,,C01,,,1,,2,,,7,7,1,12,4,120.69556,24.236247,3
3708,66000,387130000C,(04)23274275,(04)23288582,2025,12,9,7,29,臺中市,北屯區,0,2,0,7,2,6,50,4,1,1,5,4,6,6,4,4,4,3,5,2,17,2,9,2,1,C03,7,9,1,10,2,14,,59,59,1,13,4,120.701153,24.185853,2
3709,66000,387130000C,(04)23274275,(04)23288582,2025,12,9,7,30,臺中市,北區,0,2,0,7,2,6,50,4,1,1,5,4,6,6,1,1,5,5,5,2,16,3,10,3,1,B03,7,5,1,8,2,5,,47,47,1,12,4,120.682133,24.154609,2
3710,66000,387130000C,(04)23274275,(04)23288582,2025,12,9,7,35,臺中市,西屯區,0,1,0,7,2,6,50,4,1,1,5,4,6,6,2,1,4,4,4,2,16,3,10,5,4,B03,7,6,1,8,2,1,,11,11,1,13,4,120.637986,24.172707,2
3711,66000,387130000C,(04)23274275,(04)23288582,2025,12,9,7,37,臺中市,北區,0,2,0,7,2,6,50,13,7,1,5,4,6,6,4,4,5,4,4,2,17,3,10,5,1,C03,7,9,1,10,2,11,,7,7,1,13,4,120.673283,24.16745,2
3712,66000,387130000C,(04)23274275,(04)23288582,2025,12,9,7,39,臺中市,西屯區,0,0,0,7,,,60,,,,,,,,,,,,,,13,,,,,B03,,,1,,1,,,7,7,1,13,4,120.627073,24.159661,3
3713,66000,387130000C,(04)23274275,(04)23288582,2025,12,9,7,40,臺中市,南屯區,0,0,0,7,3,6,40,13,8,1,5,4,6,6,4,4,3,4,4,2,12,,,,,B03,,,1,,9,,,8,8,2,12,4,120.626369,24.151847,3
3714,66000,387130000C,(04)23274275,(04)23288582,2025,12,9,7,40,臺中市,西屯區,0,0,0,7,,,40,,,,,,,,,,,,,,13,,,,,C03,,,1,,1,,,59,59,1,12,4,120.646522,24.201094,3
3715,66000,387130000C,(04)23274275,(04)23288582,2025,12,9,7,40,臺中市,西屯區,0,0,0,7,,,40,,,,,,,,,,,,,,,,,,,C03,,,1,,1,,,7,7,1,13,4,120.61031,24.184878,3
3716,66000,387130000C,(04)23274275,(04)23288582,2025,12,9,7,40,臺中市,太平區,0,0,0,7,2,6,50,13,9,1,5,4,6,6,4,4,1,4,5,2,12,3,10,1,1,C03,7,9,1,10,4,14,,84,84,1,12,4,120.712367,24.1437,3
3717,66000,387130000C,(04)23274275,(04)23288582,2025,12,9,7,40,臺中市,沙鹿區,0,0,0,7,,,40,,,,,,,,,,,,,,17,,,,,C02,,,1,,2,,,40,40,1,6,4,120.580689,24.201319,3
3718,66000,387130000C,(04)23274275,(04)23288582,2025,12,9,7,41,臺中市,大雅區,0,0,0,7,,,50,,,,,,,,,,,,,,,,,,,B12,,,1,,1,,,8,8,1,13,4,120.667648,24.215903,3
3719,66000,387130000C,(04)23274275,(04)23288582,2025,12,9,7,42,臺中市,北屯區,0,0,0,7,,,40,,,,,,,,,,,,,,9,,,,,B03,,,1,,1,,,40,40,1,12,4,120.718653,24.182034,3
3720,66000,387130000C,(04)23274275,(04)23288582,2025,12,9,7,42,臺中市,豐原區,0,0,0,7,,,30,,,,,,,,,,,,,,16,,,,,C03,,,3,,2,,,14,14,1,13,4,120.759546,24.276811,3
3721,66000,387130000C,(04)23274275,(04)23288582,2025,12,9,7,45,臺中市,北區,0,1,0,7,2,6,30,3,1,1,5,4,6,6,4,4,10,5,5,2,16,3,10,5,4,C03,7,6,1,10,1,11,,20,20,1,13,4,120.70019,24.153314,2
3722,66000,387130000C,(04)23274275,(04)23288582,2025,12,9,7,45,臺中市,北屯區,0,1,0,7,2,6,50,3,1,1,5,4,6,6,2,1,10,5,5,2,16,3,10,3,1,B03,7,6,1,8,2,1,,23,23,1,12,4,120.693309,24.20087,2
3723,66000,387130000C,(04)23274275,(04)23288582,2025,12,9,7,45,臺中市,豐原區,0,0,0,7,,,50,,,,,,,,,,,,,,17,,,,,C03,,,1,,2,,,84,84,1,12,4,120.723574,24.245312,3
3724,66000,387130000C,(04)23274275,(04)23288582,2025,12,9,7,46,臺中市,北屯區,0,1,0,7,3,6,50,4,2,1,5,4,6,6,1,1,5,5,5,2,13,3,10,1,1,C03,7,9,1,10,1,12,,7,7,1,12,4,120.702361,24.169837,2
3725,66000,387130000C,(04)23274275,(04)23288582,2025,12,9,7,46,臺中市,龍井區,0,0,0,7,,,50,,,,,,,,,,,,,,,,,,,B03,,,1,,2,,,59,59,1,12,4,120.56374,24.20049,3
3726,66000,387130000C,(04)23274275,(04)23288582,2025,12,9,7,48,臺中市,大雅區,0,0,0,7,,,30,,,,,,,,,,,,,,,,,,,C03,,,1,,1,,,14,14,1,13,4,120.665231,24.233422,3
3727,66000,387130000C,(04)23274275,(04)23288582,2025,12,9,7,48,臺中市,北屯區,0,0,0,7,,,50,,,,,,,,,,,,,,13,,,,,B03,,,1,,1,,,82,82,1,6,4,120.717764,24.163213,3
3728,66000,387130000C,(04)23274275,(04)23288582,2025,12,9,7,48,臺中市,西屯區,0,0,0,7,,,50,,,,,,,,,,,,,,13,,,,,B03,,,1,,1,,,59,59,1,12,4,120.655796,24.170972,3
3729,66000,387130000C,(04)23274275,(04)23288582,2025,12,9,7,50,臺中市,潭子區,0,0,0,7,,,60,,,,,,,,,,,,,,,,,,,B03,,,1,,2,,,7,7,1,13,4,120.70519,24.210104,3
3730,66000,387130000C,(04)23274275,(04)23288582,2025,12,9,7,50,臺中市,大里區,0,0,0,7,,,30,,,,,,,,,,,,,,,,,,,F03,,,7,,2,,,7,7,1,4,4,120.699084,24.087927,3
3731,66000,387130000C,(04)23274275,(04)23288582,2025,12,9,7,52,臺中市,南區,0,1,0,7,2,6,50,4,1,1,5,4,6,6,2,1,10,5,5,2,17,3,10,3,1,B03,7,6,5,8,2,16,,11,11,1,12,4,120.653792,24.122332,2
3732,66000,387130000C,(04)23274275,(04)23288582,2025,12,9,7,55,臺中市,東區,0,0,0,7,,,50,,,,,,,,,,,,,,,,,,,C03,,,1,,1,,,84,84,1,6,4,120.688276,24.130929,4
3733,66000,387130000C,(04)23274275,(04)23288582,2025,12,9,7,55,臺中市,南屯區,0,1,0,7,3,6,50,4,1,1,5,4,6,6,2,1,10,5,5,2,16,3,10,3,1,B03,7,5,1,8,1,5,,11,11,1,6,4,120.650026,24.140195,2
3734,66000,387130000C,(04)23274275,(04)23288582,2025,12,9,7,55,臺中市,西屯區,0,0,0,7,,,50,,,,,,,,,,,,,,12,,,,,B03,,,1,,1,,,8,8,1,13,4,120.653683,24.160134,3
3735,66000,387130000C,(04)23274275,(04)23288582,2025,12,9,7,56,臺中市,西屯區,0,2,0,7,2,6,50,3,1,1,5,4,6,6,2,1,4,3,4,2,16,2,9,5,4,C03,7,6,1,10,2,12,,48,48,1,13,4,120.66318,24.176289,2
3736,66000,387130000C,(04)23274275,(04)23288582,2025,12,9,7,57,臺中市,北屯區,0,2,0,7,2,6,40,3,8,1,5,4,6,6,1,1,10,4,4,2,13,2,9,5,4,C03,7,9,1,10,2,11,,7,7,1,12,4,120.683083,24.196879,2
3737,66000,387130000C,(04)23274275,(04)23288582,2025,12,9,7,58,臺中市,大里區,0,1,0,7,2,6,50,4,1,1,5,4,6,6,1,1,10,5,5,2,12,2,9,1,1,C03,7,9,1,10,2,14,,84,84,1,12,4,120.715566,24.09439,2
3738,66000,387130000C,(04)23274275,(04)23288582,2025,12,9,7,58,臺中市,大里區,0,1,0,7,2,6,40,13,8,1,5,4,6,6,4,4,5,5,4,1,13,2,8,2,1,C03,7,9,1,10,2,11,,7,7,1,6,4,120.709251,24.094497,2
3739,66000,387130000C,(04)23274275,(04)23288582,2025,12,9,8,0,臺中市,北屯區,0,1,0,7,2,6,50,13,9,1,5,4,6,6,4,4,5,2,5,2,9,3,10,1,1,C03,7,9,1,10,2,11,,83,83,1,12,4,120.674188,24.180752,2
3740,66000,387130000C,(04)23274275,(04)23288582,2025,12,9,8,2,臺中市,沙鹿區,0,1,0,6,2,6,50,4,1,1,5,4,6,6,4,4,5,5,5,2,18,2,9,1,1,C03,7,9,1,10,2,14,,84,84,1,13,4,120.562707,24.24322,2
3741,66000,387130000C,(04)23274275,(04)23288582,2025,12,9,8,5,臺中市,大雅區,0,0,0,7,,,0,,,,,,,,,,,,,,,,,,,B03,,,1,,1,,,49,49,1,13,4,120.613784,24.234036,3
3742,66000,387130000C,(04)23274275,(04)23288582,2025,12,9,8,6,臺中市,南屯區,0,2,0,7,3,6,50,13,9,1,5,4,6,6,4,4,5,5,5,2,9,2,9,6,5,H01,8,16,7,21,10,17,,95,95,1,12,5,120.651235,24.14963,2
3743,66000,387130000C,(04)23274275,(04)23288582,2025,12,9,8,7,臺中市,大里區,0,1,0,7,2,6,40,13,9,1,5,4,6,6,4,4,1,4,4,1,16,3,10,3,1,B03,7,5,1,8,2,6,,47,47,1,6,4,120.664032,24.087903,2
3744,66000,387130000C,(04)23274275,(04)23288582,2025,12,9,8,10,臺中市,南屯區,0,0,0,7,,,50,,,,,,,,,,,,,,,,,,,A04,,,1,,1,,,8,8,1,13,4,120.626061,24.148516,3
3745,66000,387130000C,(04)23274275,(04)23288582,2025,12,9,8,12,臺中市,外埔區,0,0,0,7,2,6,50,13,8,1,5,4,6,6,4,4,5,5,4,2,17,3,10,3,1,B03,7,2,1,8,2,2,,49,49,1,12,4,120.656917,24.329041,3
3746,66000,387130000C,(04)23274275,(04)23288582,2025,12,9,8,13,臺中市,西屯區,0,1,0,7,2,6,50,13,9,1,5,4,6,6,4,4,9,5,5,2,16,2,8,5,4,F03,7,9,7,21,2,11,,7,7,1,13,4,120.607111,24.15875,2
3747,66000,387130000C,(04)23274275,(04)23288582,2025,12,9,8,14,臺中市,大里區,0,1,0,7,2,6,40,3,2,1,5,4,6,6,4,4,5,5,5,1,13,2,8,1,1,C03,7,9,1,10,2,14,,7,7,1,5,4,120.701695,24.080923,2
3748,66000,387130000C,(04)23274275,(04)23288582,2025,12,9,8,14,臺中市,梧棲區,0,0,0,7,,,50,,,,,,,,,,,,,,13,,,,,B03,,,1,,1,,,7,7,1,6,4,120.528566,24.261782,3
3749,66000,387130000C,(04)23274275,(04)23288582,2025,12,9,8,15,臺中市,大雅區,0,0,0,7,,,0,,,,,,,,,,,,,,,,,,,C03,,,1,,1,,,49,49,1,13,4,120.650325,24.21897,3
3750,66000,387130000C,(04)23274275,(04)23288582,2025,12,9,8,15,臺中市,沙鹿區,0,1,0,7,2,6,50,13,9,1,5,4,6,6,4,4,1,3,5,2,18,2,8,2,1,C03,7,9,1,10,1,14,,59,59,1,12,4,120.569447,24.225326,2
3751,66000,387130000C,(04)23274275,(04)23288582,2025,12,9,8,16,臺中市,龍井區,0,0,0,7,,,30,,,,,,,,,,,,,,16,,,,,C03,,,1,,2,,,14,14,1,6,4,120.588444,24.178224,3
3752,66000,387130000C,(04)23274275,(04)23288582,2025,12,9,8,17,臺中市,西屯區,0,0,0,7,,,50,,,,,,,,,,,,,,,,,,,B03,,,1,,1,,,1,1,1,13,4,120.641672,24.168954,3
3753,66000,387130000C,(04)23274275,(04)23288582,2025,12,9,8,18,臺中市,烏日區,0,1,0,7,2,6,30,11,9,1,5,4,6,6,4,4,10,5,5,2,17,2,8,5,4,C03,7,9,5,19,2,14,,8,8,1,6,4,120.60485,24.114263,2
3754,66000,387130000C,(04)23274275,(04)23288582,2025,12,9,8,20,臺中市,西區,0,2,0,7,2,6,50,4,2,1,5,4,6,6,2,1,1,4,5,2,17,2,9,6,1,F01,7,11,7,21,2,12,,46,46,1,12,4,120.670226,24.146337,2
3755,66000,387130000C,(04)23274275,(04)23288582,2025,12,9,8,20,臺中市,南屯區,0,0,0,7,3,6,50,13,9,1,5,4,6,6,4,4,3,4,5,2,12,,,,,B03,,,1,,1,,,40,40,1,12,4,120.616286,24.146186,3
3756,66000,387130000C,(04)23274275,(04)23288582,2025,12,9,8,21,臺中市,西區,0,0,0,7,,,50,,,,,,,,,,,,,,17,,,,,B03,,,1,,2,,,84,84,1,12,4,120.673857,24.149569,3
3757,66000,387130000C,(04)23274275,(04)23288582,2025,12,9,8,21,臺中市,豐原區,0,0,0,7,2,6,50,13,9,1,5,4,6,6,4,4,1,4,5,1,12,3,10,3,1,B12,7,9,1,8,9,5,,84,84,2,12,4,120.71987,24.243345,3
3758,66000,387130000C,(04)23274275,(04)23288582,2025,12,9,8,23,臺中市,北屯區,0,1,0,7,3,6,50,5,1,1,5,4,6,6,2,1,10,5,5,2,16,3,10,3,1,B03,7,6,1,8,2,8,,11,11,1,12,4,120.691355,24.166944,2
3759,66000,387130000C,(04)23274275,(04)23288582,2025,12,9,8,23,臺中市,梧棲區,0,1,0,7,2,6,40,4,8,1,5,4,6,6,2,1,1,4,3,1,17,2,9,2,1,C03,7,9,1,10,2,16,,7,7,1,12,4,120.538762,24.249199,2
3760,66000,387130000C,(04)23274275,(04)23288582,2025,12,9,8,25,臺中市,烏日區,0,0,0,7,,,50,,,,,,,,,,,,,,13,,,,,B03,,,1,,1,,,59,59,1,13,4,120.605013,24.109026,3
3761,66000,387130000C,(04)23274275,(04)23288582,2025,12,9,8,25,臺中市,清水區,0,2,0,7,2,6,50,3,1,1,5,4,6,6,1,1,8,3,4,2,12,2,7,1,1,C03,7,6,1,10,2,11,,48,48,1,12,4,120.575563,24.268953,2
3762,66000,387130000C,(04)23274275,(04)23288582,2025,12,9,8,26,臺中市,南屯區,0,3,0,7,3,6,50,4,1,1,5,4,6,6,2,1,10,5,5,2,17,2,9,1,1,C03,7,6,5,19,2,14,13,84,84,1,6,4,120.646691,24.146889,2
3763,66000,387130000C,(04)23274275,(04)23288582,2025,12,9,8,30,臺中市,北屯區,0,1,0,7,2,6,50,13,9,1,5,4,6,6,4,4,1,4,5,2,13,2,9,2,1,C03,7,9,1,10,2,11,,7,7,1,12,4,120.723095,24.182681,2
3764,66000,387130000C,(04)23274275,(04)23288582,2025,12,9,8,32,臺中市,沙鹿區,0,0,0,7,,,50,,,,,,,,,,,,,,13,,,,,C03,,,1,,2,,,7,7,1,6,4,120.581048,24.201561,3
3765,66000,387130000C,(04)23274275,(04)23288582,2025,12,9,8,35,臺中市,東區,0,1,0,7,1,6,50,3,1,1,5,4,6,6,4,4,9,4,5,2,12,3,10,3,1,B12,7,9,1,8,2,1,,84,84,1,12,4,120.692398,24.142117,2
3766,66000,387130000C,(04)23274275,(04)23288582,2025,12,9,8,36,臺中市,南屯區,0,1,0,7,2,6,50,4,1,1,5,4,6,6,1,1,9,5,5,2,17,3,10,3,1,B13,7,9,1,8,2,1,,59,59,1,13,4,120.634231,24.144374,2
3767,66000,387130000C,(04)23274275,(04)23288582,2025,12,9,8,36,臺中市,大里區,0,2,0,7,3,6,50,3,2,1,5,4,6,6,3,1,5,4,5,1,16,2,9,5,4,C03,7,9,1,10,2,11,,4,4,1,13,4,120.689472,24.117218,2
3768,66000,387130000C,(04)23274275,(04)23288582,2025,12,9,8,38,臺中市,北屯區,0,1,0,7,2,6,50,4,1,1,5,4,6,6,2,1,10,5,5,2,13,2,8,2,1,C03,7,12,1,10,2,11,,59,59,1,12,4,120.694259,24.16491,2
3769,66000,387130000C,(04)23274275,(04)23288582,2025,12,9,8,39,臺中市,東區,0,1,0,7,2,6,50,4,1,1,5,4,6,6,1,1,10,5,5,2,16,3,10,3,1,B03,7,6,1,8,2,8,,11,11,1,12,4,120.706033,24.141115,2
3770,66000,387130000C,(04)23274275,(04)23288582,2025,12,9,8,41,臺中市,沙鹿區,0,0,0,7,,,50,,,,,,,,,,,,,,,,,,,B03,,,1,,1,,,7,7,1,13,4,120.571644,24.234434,3
3771,66000,387130000C,(04)23274275,(04)23288582,2025,12,9,8,42,臺中市,西區,0,1,0,7,2,6,50,4,1,1,5,4,6,6,1,1,10,5,5,2,17,3,10,3,1,B01,7,11,1,4,2,5,,23,23,1,12,4,120.675936,24.141301,2
3772,66000,387130000C,(04)23274275,(04)23288582,2025,12,9,8,43,臺中市,西區,0,0,0,7,,,50,,,,,,,,,,,,,,,,,,,B03,,,1,,2,,,7,7,1,12,4,120.665757,24.140083,3
3773,66000,387130000C,(04)23274275,(04)23288582,2025,12,9,8,45,臺中市,西屯區,0,0,0,7,,,40,,,,,,,,,,,,,,16,,,,,B03,,,1,,1,,,11,11,1,12,4,120.602843,24.182966,3
3774,66000,387130000C,(04)23274275,(04)23288582,2025,12,9,8,47,臺中市,太平區,0,0,0,7,,,50,,,,,,,,,,,,,,12,,,,,A12,,,1,,2,,,8,8,1,12,4,120.712531,24.145012,3
3775,66000,387130000C,(04)23274275,(04)23288582,2025,12,9,8,48,臺中市,西屯區,0,0,0,7,,3,80,,,,,,,,,,,,,,13,,,,,B12,,,1,,1,,,7,7,1,13,4,120.654269,24.199005,3
3776,66000,387130000C,(04)23274275,(04)23288582,2025,12,9,8,50,臺中市,南屯區,0,0,0,7,,,50,,,,,,,,,,,,,,17,,,,,B03,,,1,,1,,,78,78,1,13,4,120.628402,24.144213,3
3777,66000,387130000C,(04)23274275,(04)23288582,2025,12,9,8,50,臺中市,沙鹿區,0,0,0,7,2,6,40,13,8,1,5,4,6,6,4,4,1,3,5,2,13,,,,,C03,,,1,,1,,,35,35,1,12,4,120.577866,24.223486,3
3778,66000,387130000C,(04)23274275,(04)23288582,2025,12,9,8,52,臺中市,北區,0,0,0,7,3,6,50,13,24,1,5,4,6,6,4,4,5,4,5,2,17,,,,,B03,,,1,,1,,,8,8,1,13,4,120.680345,24.166864,3
3779,66000,387130000C,(04)23274275,(04)23288582,2025,12,9,8,54,臺中市,南屯區,0,0,0,7,,,30,,,,,,,,,,,,,,14,,,,,B01,,,1,,1,,,49,49,1,6,4,120.642564,24.145938,3
3780,66000,387130000C,(04)23274275,(04)23288582,2025,12,9,8,55,臺中市,烏日區,0,0,0,7,,,50,,,,,,,,,,,,,,,,,,,C03,,,1,,1,,,59,59,1,13,4,120.608154,24.106803,3
3781,66000,387130000C,(04)23274275,(04)23288582,2025,12,9,8,56,臺中市,太平區,0,1,0,7,2,6,50,3,1,1,5,4,6,6,4,4,10,5,5,2,16,3,10,3,1,B03,7,6,1,8,2,1,,12,12,1,12,4,120.733294,24.152333,2
3782,66000,387130000C,(04)23274275,(04)23288582,2025,12,9,8,59,臺中市,西屯區,0,1,0,7,2,6,50,4,1,1,5,4,6,6,1,1,10,5,5,2,16,3,10,5,4,B12,7,5,1,6,2,5,,11,11,1,13,4,120.603858,24.186044,2
3783,66000,387130000C,(04)23274275,(04)23288582,2025,12,9,9,0,臺中市,大雅區,0,1,0,7,1,6,40,3,2,1,5,4,6,6,1,1,1,5,4,1,17,2,9,1,1,C03,7,9,1,10,2,12,,7,7,1,13,4,120.641579,24.230022,2
3784,66000,387130000C,(04)23274275,(04)23288582,2025,12,9,9,0,臺中市,北區,0,1,0,7,2,6,30,3,1,1,5,4,1,4,4,4,5,5,5,2,16,2,9,1,1,C03,7,5,1,10,2,14,,14,14,1,12,4,120.684741,24.151518,2
3785,66000,387130000C,(04)23274275,(04)23288582,2025,12,9,9,0,臺中市,南區,0,2,0,7,2,6,50,13,9,1,5,4,6,6,2,1,10,5,5,2,13,2,9,1,1,C03,7,9,1,10,2,11,,7,7,1,12,4,120.651837,24.121717,2
3786,66000,387130000C,(04)23274275,(04)23288582,2025,12,9,9,2,臺中市,中區,0,0,0,7,,,50,,,,,,,,,,,,,,17,,,,,C03,,,1,,2,,,7,7,1,12,4,120.685762,24.141514,3
3787,66000,387130000C,(04)23274275,(04)23288582,2025,12,9,9,2,臺中市,西區,0,0,0,7,,,50,,,,,,,,,,,,,,,,,,,B03,,,3,,2,,,84,84,1,13,4,120.67632,24.134268,3
3788,66000,387130000C,(04)23274275,(04)23288582,2025,12,9,9,3,臺中市,西屯區,0,0,0,7,,,,,,,,,,,,,,,,,17,,,,,,,,,,,,,119,119,1,,,120.636227,24.170249,4
3789,66000,387130000C,(04)23274275,(04)23288582,2025,12,9,9,11,臺中市,大雅區,0,0,0,7,,,30,,,,,,,,,,,,,,,,,,,B12,,,1,,1,,,14,14,1,13,4,120.660639,24.221769,3
3790,66000,387130000C,(04)23274275,(04)23288582,2025,12,9,9,11,臺中市,太平區,0,1,0,7,2,6,50,13,9,1,5,4,6,6,4,4,5,5,5,1,17,3,10,5,4,B12,7,9,1,8,2,5,,58,58,1,6,4,120.753807,24.157636,2
3791,66000,387130000C,(04)23274275,(04)23288582,2025,12,9,9,12,臺中市,東區,0,0,0,7,,,50,,,,,,,,,,,,,,,,,,,B12,,,1,,2,,,7,49,1,12,4,120.700342,24.12715,3
3792,66000,387130000C,(04)23274275,(04)23288582,2025,12,9,9,26,臺中市,北屯區,0,0,0,7,,,50,,,,,,,,,,,,,,12,,,,,C03,,,1,,1,,,40,40,1,13,4,120.671199,24.174197,3
3793,66000,387130000C,(04)23274275,(04)23288582,2025,12,9,9,27,臺中市,霧峰區,0,1,0,7,2,6,50,13,9,1,5,4,6,6,4,4,9,5,5,1,13,3,10,2,1,C03,7,8,1,10,2,13,,40,40,1,6,4,120.715429,24.0728,2
3794,66000,387130000C,(04)23274275,(04)23288582,2025,12,9,9,35,臺中市,大雅區,0,0,0,7,,,60,,,,,,,,,,,,,,,,,,,B12,,,1,,1,,,7,7,1,13,4,120.646806,24.222424,3
3795,66000,387130000C,(04)23274275,(04)23288582,2025,12,9,9,35,臺中市,西屯區,0,2,0,7,2,6,50,4,1,1,5,4,6,6,2,1,1,3,5,2,15,2,9,5,4,B03,7,9,1,8,2,1,,21,21,1,13,4,120.637862,24.16312,2
3796,66000,387130000C,(04)23274275,(04)23288582,2025,12,9,9,36,臺中市,沙鹿區,0,0,0,7,,,50,,,,,,,,,,,,,,17,,,,,B03,,,1,,2,,,8,8,1,6,4,120.568747,24.252965,3
3797,66000,387130000C,(04)23274275,(04)23288582,2025,12,9,9,37,臺中市,烏日區,0,1,0,7,2,6,30,13,9,1,5,3,6,6,4,4,10,5,5,2,18,2,9,5,4,C04,7,9,1,10,2,14,,85,85,1,13,4,120.640654,24.057822,2
3798,66000,387130000C,(04)23274275,(04)23288582,2025,12,9,9,39,臺中市,西屯區,0,0,0,7,,,70,,,,,,,,,,,,,,,,,,,B13,,,1,,1,,,84,84,1,13,4,120.617728,24.182154,3
3799,66000,387130000C,(04)23274275,(04)23288582,2025,12,9,9,42,臺中市,東區,0,0,0,7,,,50,,,,,,,,,,,,,,,,,,,C03,,,1,,2,,,22,22,1,6,4,120.687765,24.138918,4
3800,66000,387130000C,(04)23274275,(04)23288582,2025,12,9,9,45,臺中市,西屯區,0,0,0,7,,,40,,,,,,,,,,,,,,,,,,,B03,,,1,,1,,,76,76,1,13,4,120.640453,24.165782,3
3801,66000,387130000C,(04)23274275,(04)23288582,2025,12,9,9,48,臺中市,西屯區,0,1,0,7,2,6,50,4,7,1,5,4,6,6,1,1,1,4,4,2,17,3,10,5,4,B03,7,5,1,8,2,8,,84,84,1,12,4,120.638992,24.164837,2
3802,66000,387130000C,(04)23274275,(04)23288582,2025,12,9,9,50,臺中市,大雅區,0,0,0,7,,,50,,,,,,,,,,,,,,,,,,,B12,,,1,,2,,,84,84,1,13,4,120.648414,24.22121,3
3803,66000,387130000C,(04)23274275,(04)23288582,2025,12,9,9,50,臺中市,霧峰區,0,1,0,7,2,6,50,4,2,1,5,4,6,6,1,1,5,5,4,1,17,2,9,1,1,C03,7,9,1,10,2,12,,84,84,1,12,4,120.698509,24.063555,2