序號,縣市別代碼,機關代碼,市話,傳真,年,月,日,時,分,縣市,區,死亡數量,受傷數量,2-30,天候,道路照明設備,道路類別,道路速限,道路型態,事故位置,路面鋪裝,路面狀態,路面缺陷,障礙物,視距,號誌種類,號誌動作,分向設施,快車道或一般車道間,快慢車道間,路面邊線,事故類型及型態,受傷程度,主要傷處,保護裝備,行動電話或功能裝置,當事者區分(類別),車輛用途,當事者行動狀態,駕照狀態,駕照種類,飲酒情形,車輛撞擊部位最初,車輛撞擊部位其他,肇事因素個別,肇事因素主要,肇事逃逸,職業,共享經濟或外送平台,GPS座標X,GPS座標Y,事故類別
3804,66000,387130000C,(04)23274275,(04)23288582,2025,12,9,9,52,臺中市,西區,0,2,0,7,2,6,40,4,1,1,5,4,6,6,1,1,10,5,5,2,17,2,9,1,1,C03,7,9,1,10,2,12,,21,21,1,12,4,120.669783,24.147867,2
3805,66000,387130000C,(04)23274275,(04)23288582,2025,12,9,9,52,臺中市,西屯區,0,0,0,7,,,0,,,,,,,,,,,,,,14,,,,,A41,,,1,,1,,,49,49,1,13,4,120.641167,24.158393,3
3806,66000,387130000C,(04)23274275,(04)23288582,2025,12,9,9,52,臺中市,大里區,0,0,0,7,,,30,,,,,,,,,,,,,,,,,,,B12,,,1,,11,,,8,8,1,6,4,120.699511,24.084837,3
3807,66000,387130000C,(04)23274275,(04)23288582,2025,12,9,9,56,臺中市,北屯區,0,1,0,7,2,6,50,13,9,1,5,4,6,6,4,4,4,3,5,2,12,3,10,3,1,B03,7,1,1,8,2,4,8,85,85,1,13,4,120.703762,24.1607,2
3808,66000,387130000C,(04)23274275,(04)23288582,2025,12,9,9,57,臺中市,西屯區,0,0,0,7,,,40,,,,,,,,,,,,,,13,,,,,B03,,,1,,1,,,59,59,1,12,4,120.639651,24.158799,3
3809,66000,387130000C,(04)23274275,(04)23288582,2025,12,9,9,58,臺中市,南屯區,0,0,0,7,,,50,,,,,,,,,,,,,,14,,,,,B03,,,1,,2,,,49,49,1,12,4,120.639095,24.129605,3
3810,66000,387130000C,(04)23274275,(04)23288582,2025,12,9,9,59,臺中市,西屯區,0,0,0,7,,,50,,,,,,,,,,,,,,14,,,,,B03,,,1,,1,,,49,49,1,13,4,120.588534,24.175358,3
3811,66000,387130000C,(04)23274275,(04)23288582,2025,12,9,10,0,臺中市,西區,0,0,0,7,,,50,,,,,,,,,,,,,,,,,,,B03,,,1,,1,,,8,8,1,12,4,120.673636,24.1477,3
3812,66000,387130000C,(04)23274275,(04)23288582,2025,12,9,10,0,臺中市,南區,0,0,0,7,,,50,,,,,,,,,,,,,,13,,,,,B01,,,1,,1,,,7,7,1,12,4,120.682747,24.134736,3
3813,66000,387130000C,(04)23274275,(04)23288582,2025,12,9,10,0,臺中市,東區,0,1,0,7,2,6,50,13,9,1,5,4,6,6,4,4,5,5,5,2,17,2,9,1,1,F03,7,9,7,21,9,12,,84,84,1,12,4,120.709379,24.144976,2
3814,66000,387130000C,(04)23274275,(04)23288582,2025,12,9,10,0,臺中市,南屯區,0,0,0,7,,,,,,,,,,,,,,,,,14,,,,,,,,,,,,,119,119,1,,,120.65001,24.138202,3
3815,66000,387130000C,(04)23274275,(04)23288582,2025,12,9,10,2,臺中市,西區,0,2,0,7,2,6,50,4,1,1,5,4,6,6,4,4,5,5,5,2,15,2,9,2,1,C03,7,9,1,10,2,12,,12,12,1,12,4,120.66368,24.129361,2
3816,66000,387130000C,(04)23274275,(04)23288582,2025,12,9,10,2,臺中市,豐原區,0,2,0,7,2,6,30,11,9,1,5,4,6,6,4,4,10,5,5,2,13,2,8,1,1,C03,7,9,1,10,2,11,,7,7,1,12,4,120.736954,24.268604,2
3817,66000,387130000C,(04)23274275,(04)23288582,2025,12,9,10,4,臺中市,北屯區,0,1,0,7,2,9,50,4,1,1,5,4,6,6,2,1,10,5,5,2,18,2,8,2,1,C03,7,12,1,10,2,16,,59,59,1,12,4,120.704783,24.16949,2
3818,66000,387130000C,(04)23274275,(04)23288582,2025,12,9,10,4,臺中市,豐原區,0,1,0,7,2,6,50,4,1,1,5,4,6,6,4,4,10,5,5,2,15,3,10,5,4,B03,7,9,1,8,2,5,,13,13,1,12,4,120.718799,24.252518,2
3819,66000,387130000C,(04)23274275,(04)23288582,2025,12,9,10,5,臺中市,大雅區,0,0,0,7,,,40,,,,,,,,,,,,,,,,,,,C03,,,1,,1,,,84,84,1,13,4,120.629867,24.209739,3
3820,66000,387130000C,(04)23274275,(04)23288582,2025,12,9,10,7,臺中市,東區,0,0,0,7,,,50,,,,,,,,,,,,,,,,,,,B03,,,1,,2,,,1,1,1,12,4,120.696363,24.140121,3
3821,66000,387130000C,(04)23274275,(04)23288582,2025,12,9,10,7,臺中市,西屯區,0,1,0,7,2,6,50,4,1,1,5,4,6,6,2,1,10,5,5,2,18,2,9,1,1,C03,7,9,1,10,2,14,,84,84,1,13,4,120.645472,24.175895,2
3822,66000,387130000C,(04)23274275,(04)23288582,2025,12,9,10,7,臺中市,沙鹿區,0,1,0,7,2,6,50,3,1,1,5,4,6,6,1,1,3,4,4,2,17,3,10,3,1,B01,7,5,1,8,2,2,,47,47,1,13,4,120.600299,24.25658,2
3823,66000,387130000C,(04)23274275,(04)23288582,2025,12,9,10,10,臺中市,烏日區,0,0,0,7,,,50,,,,,,,,,,,,,,,,,,,B02,,,1,,2,,,39,39,1,13,4,120.619229,24.110533,3
3824,66000,387130000C,(04)23274275,(04)23288582,2025,12,9,10,11,臺中市,東區,0,0,0,7,,,50,,,,,,,,,,,,,,,,,,,B03,,,1,,2,,,49,49,1,12,4,120.711857,24.144477,4
3825,66000,387130000C,(04)23274275,(04)23288582,2025,12,9,10,13,臺中市,豐原區,0,0,0,7,,,50,,,,,,,,,,,,,,12,,,,,B12,,,1,,1,,,14,14,1,13,4,120.725583,24.254693,3
3826,66000,387130000C,(04)23274275,(04)23288582,2025,12,9,10,14,臺中市,西屯區,0,1,0,7,2,6,50,13,9,1,5,4,6,6,1,1,5,2,5,2,16,3,10,5,4,B12,7,7,1,8,2,5,,40,40,1,12,4,120.607958,24.158381,2
3827,66000,387130000C,(04)23274275,(04)23288582,2025,12,9,10,26,臺中市,潭子區,0,2,0,7,3,6,50,3,4,1,5,4,6,6,1,1,5,4,5,1,13,2,8,2,1,C03,7,9,1,10,2,11,,7,7,1,13,4,120.716241,24.198841,2
3828,66000,387130000C,(04)23274275,(04)23288582,2025,12,9,10,26,臺中市,潭子區,0,1,0,7,3,6,50,4,1,1,5,4,6,6,1,1,1,4,4,1,18,2,9,1,2,F03,7,9,7,21,2,14,,84,84,1,13,4,120.705169,24.21557,2
3829,66000,387130000C,(04)23274275,(04)23288582,2025,12,9,10,26,臺中市,大里區,0,1,0,7,1,6,25,8,12,1,5,4,6,6,2,1,1,4,4,1,12,3,10,3,1,B03,7,9,1,8,2,2,,8,8,1,6,4,120.69729,24.111016,2
3830,66000,387130000C,(04)23274275,(04)23288582,2025,12,9,10,27,臺中市,大里區,0,0,0,7,,,50,,,,,,,,,,,,,,13,,,,,B03,,,1,,2,,,7,7,1,6,4,120.681372,24.105038,3
3831,66000,387130000C,(04)23274275,(04)23288582,2025,12,9,10,27,臺中市,大里區,0,1,0,7,3,6,50,4,2,1,5,4,6,6,2,1,5,4,5,1,13,2,9,5,4,C03,7,7,1,10,2,11,,40,40,1,13,4,120.689238,24.119206,2
3832,66000,387130000C,(04)23274275,(04)23288582,2025,12,9,10,28,臺中市,龍井區,0,0,0,7,,,30,,,,,,,,,,,,,,13,,,,,C03,,,1,,2,,,7,7,1,5,4,120.597923,24.189305,3
3833,66000,387130000C,(04)23274275,(04)23288582,2025,12,9,10,29,臺中市,西屯區,0,0,0,7,,,0,,,,,,,,,,,,,,17,,,,,,,,,,,,,118,118,1,,,120.644481,24.15692,4
3834,66000,387130000C,(04)23274275,(04)23288582,2025,12,9,10,30,臺中市,大里區,0,2,0,7,2,6,40,13,8,1,5,4,6,6,4,4,3,4,4,2,12,2,9,1,1,C03,7,9,1,10,2,14,,8,8,1,5,4,120.688983,24.07922,2
3835,66000,387130000C,(04)23274275,(04)23288582,2025,12,9,10,30,臺中市,和平區,0,0,0,7,,,50,,,,,,,,,,,,,,,,,,,B12,,,1,,2,,,7,7,1,6,4,120.989508,24.186826,3
3836,66000,387130000C,(04)23274275,(04)23288582,2025,12,9,10,35,臺中市,西屯區,0,2,0,7,2,6,50,4,1,1,5,4,6,6,2,1,4,4,4,2,16,2,9,5,4,C03,7,6,3,19,2,12,,11,11,1,13,4,120.66314,24.178094,2
3837,66000,387130000C,(04)23274275,(04)23288582,2025,12,9,10,35,臺中市,東勢區,0,2,0,7,3,6,30,3,1,1,5,4,6,6,4,4,10,5,5,2,16,2,9,2,1,C03,7,5,1,10,2,11,,20,20,1,6,4,120.836608,24.250037,2
3838,66000,387130000C,(04)23274275,(04)23288582,2025,12,9,10,40,臺中市,石岡區,0,0,0,7,,,50,,,,,,,,,,,,,,,,,,,B03,,,1,,1,,,7,7,1,12,4,120.764971,24.277566,3
3839,66000,387130000C,(04)23274275,(04)23288582,2025,12,9,10,41,臺中市,南屯區,0,0,0,7,,,50,,,,,,,,,,,,,,,,,,,B03,,,1,,2,,,26,26,1,13,4,120.64655,24.13335,3
3840,66000,387130000C,(04)23274275,(04)23288582,2025,12,9,10,42,臺中市,中區,0,1,0,7,2,6,50,13,7,1,5,4,6,6,4,4,5,5,4,2,17,2,9,2,1,C03,7,8,1,10,2,14,,87,87,1,12,4,120.67897,24.147563,2
3841,66000,387130000C,(04)23274275,(04)23288582,2025,12,9,10,42,臺中市,東區,0,0,0,7,,,30,,,,,,,,,,,,,,,,,,,B03,,,1,,2,,,50,50,1,12,4,120.703341,24.143582,3
3842,66000,387130000C,(04)23274275,(04)23288582,2025,12,9,10,47,臺中市,潭子區,0,0,0,7,,,50,,,,,,,,,,,,,,,,,,,B03,,,1,,2,,,84,84,1,13,4,120.701813,24.194401,3
3843,66000,387130000C,(04)23274275,(04)23288582,2025,12,9,10,53,臺中市,西屯區,0,1,0,7,2,6,50,3,1,1,5,4,6,6,4,4,5,4,4,2,13,2,9,5,4,C03,7,9,1,10,2,11,,7,7,1,13,4,120.644428,24.186499,2
3844,66000,387130000C,(04)23274275,(04)23288582,2025,12,9,10,54,臺中市,西屯區,0,1,0,7,2,6,50,4,1,1,4,4,6,6,4,4,10,5,5,2,16,2,9,1,1,C03,7,6,1,10,2,12,,12,12,1,13,4,120.637566,24.179888,2
3845,66000,387130000C,(04)23274275,(04)23288582,2025,12,9,10,56,臺中市,北屯區,0,2,0,7,2,6,40,13,8,1,5,4,6,6,4,4,10,4,4,2,16,2,9,5,4,C03,7,5,1,10,2,12,,20,20,1,12,4,120.686417,24.188118,2
3846,66000,387130000C,(04)23274275,(04)23288582,2025,12,9,10,57,臺中市,龍井區,0,2,0,7,2,6,50,13,8,1,5,4,6,6,3,1,3,5,4,2,13,2,8,1,1,C03,7,12,1,10,2,13,,56,56,1,12,4,120.547061,24.199886,2
3847,66000,387130000C,(04)23274275,(04)23288582,2025,12,9,10,58,臺中市,西屯區,0,0,0,7,,,50,,,,,,,,,,,,,,13,,,,,B03,,,1,,2,,,84,84,1,12,4,120.605756,24.170379,3
3848,66000,387130000C,(04)23274275,(04)23288582,2025,12,9,11,3,臺中市,太平區,0,1,0,7,2,6,30,13,9,1,5,4,6,6,4,4,10,5,5,2,9,3,10,3,1,B03,7,2,1,8,2,2,,49,49,1,12,4,120.725356,24.15755,2
3849,66000,387130000C,(04)23274275,(04)23288582,2025,12,9,11,10,臺中市,北區,0,0,0,7,,,50,,,,,,,,,,,,,,17,,,,,C03,,,1,,1,,,7,7,1,12,4,120.666417,24.158944,3
3850,66000,387130000C,(04)23274275,(04)23288582,2025,12,9,11,10,臺中市,豐原區,0,1,0,7,2,6,60,4,1,1,5,4,1,6,1,1,10,5,5,2,16,2,9,1,1,C03,7,6,1,10,2,12,,84,84,1,12,4,120.703258,24.251619,2
3851,66000,387130000C,(04)23274275,(04)23288582,2025,12,9,11,15,臺中市,北屯區,0,2,0,7,2,6,50,4,1,1,5,4,6,6,2,1,10,5,5,2,12,2,9,1,1,C03,7,9,1,10,2,12,,7,7,1,12,4,120.688586,24.162955,2
3852,66000,387130000C,(04)23274275,(04)23288582,2025,12,9,11,15,臺中市,豐原區,0,1,0,7,2,6,50,4,1,1,5,4,6,6,2,1,1,2,5,2,12,3,10,3,1,B03,7,1,1,8,2,15,,85,85,1,12,4,120.708854,24.250254,2
3853,66000,387130000C,(04)23274275,(04)23288582,2025,12,9,11,20,臺中市,北區,0,0,0,7,3,6,50,4,1,1,5,4,6,6,1,1,10,5,5,2,17,,,,,B03,,,1,,2,,,22,22,1,13,4,120.679948,24.160366,3
3854,66000,387130000C,(04)23274275,(04)23288582,2025,12,9,11,21,臺中市,太平區,0,0,0,7,2,6,40,,,,,,,,,,,,,,,,,,,B12,,,1,,1,2,,51,51,1,12,4,120.717455,24.152194,3
3855,66000,387130000C,(04)23274275,(04)23288582,2025,12,9,11,24,臺中市,北區,0,2,0,7,2,6,40,4,1,1,5,4,3,6,1,1,5,4,4,2,17,2,9,1,1,C03,7,15,1,10,2,13,,84,84,1,12,4,120.679814,24.152183,2
3856,66000,387130000C,(04)23274275,(04)23288582,2025,12,9,11,25,臺中市,神岡區,0,1,0,7,2,6,50,4,2,1,5,4,6,6,3,1,10,5,5,1,17,2,9,5,4,C03,7,9,1,10,2,11,12,71,71,1,13,4,120.652953,24.280724,2
3857,66000,387130000C,(04)23274275,(04)23288582,2025,12,9,11,27,臺中市,東區,0,1,0,7,1,6,50,4,1,1,5,4,6,6,1,1,9,4,5,2,12,2,9,1,1,C03,7,5,1,10,2,12,14,47,47,1,12,4,120.708245,24.135807,2
3858,66000,387130000C,(04)23274275,(04)23288582,2025,12,9,11,31,臺中市,南區,0,0,0,7,,,50,,,,,,,,,,,,,,,,,,,B03,,,1,,2,,,49,49,1,6,4,120.672475,24.129894,4
3859,66000,387130000C,(04)23274275,(04)23288582,2025,12,9,11,35,臺中市,清水區,0,0,0,7,2,6,30,13,9,1,5,4,6,6,4,4,8,3,5,2,12,,,,,B03,,,1,,2,,,7,7,1,12,4,120.575149,24.29468,3
3860,66000,387130000C,(04)23274275,(04)23288582,2025,12,9,11,36,臺中市,南屯區,0,0,0,7,3,6,50,13,9,1,5,4,6,6,1,1,5,5,5,2,13,,,,,B03,,,1,,1,,,59,59,1,12,4,120.642228,24.14879,3
3861,66000,387130000C,(04)23274275,(04)23288582,2025,12,9,11,39,臺中市,潭子區,0,0,0,7,,,50,,,,,,,,,,,,,,,,,,,C02,,,1,,2,,,14,14,1,6,2,120.709333,24.210595,3
3862,66000,387130000C,(04)23274275,(04)23288582,2025,12,9,11,42,臺中市,烏日區,0,0,0,7,,,30,,,,,,,,,,,,,,15,,,,,B12,,,1,,2,,,15,15,1,13,4,120.651918,24.052713,3
3863,66000,387130000C,(04)23274275,(04)23288582,2025,12,9,11,43,臺中市,南屯區,0,0,0,7,3,6,50,13,9,1,5,4,6,6,4,4,5,5,5,2,12,,,,,C03,,,1,,1,,,59,59,1,12,4,120.641449,24.128094,3
3864,66000,387130000C,(04)23274275,(04)23288582,2025,12,9,11,47,臺中市,霧峰區,0,0,0,7,,,50,,,,,,,,,,,,,,11,,,,,B03,,,1,,2,,,39,39,1,6,4,120.709321,24.079104,3
3865,66000,387130000C,(04)23274275,(04)23288582,2025,12,9,11,48,臺中市,中區,0,1,0,7,2,6,50,4,1,1,5,4,6,6,1,1,10,5,5,2,17,2,9,1,1,C03,7,9,1,10,2,11,,7,7,1,12,4,120.67986,24.137938,2
3866,66000,387130000C,(04)23274275,(04)23288582,2025,12,9,11,52,臺中市,豐原區,0,1,0,7,2,6,50,3,2,1,5,4,6,6,4,4,5,5,5,2,9,3,10,3,1,B03,7,6,1,8,2,4,,10,10,1,12,4,120.719858,24.253464,2
3867,66000,387130000C,(04)23274275,(04)23288582,2025,12,9,11,53,臺中市,北屯區,0,0,0,7,,,50,,,,,,,,,,,,,,13,,,,,C03,,,1,,1,,,7,7,1,6,4,120.685347,24.174132,3
3868,66000,387130000C,(04)23274275,(04)23288582,2025,12,9,11,54,臺中市,大肚區,0,2,0,7,2,6,30,4,1,1,5,4,6,6,4,4,10,5,5,2,15,2,9,1,1,C03,7,9,1,10,2,11,,15,15,1,12,4,120.552698,24.120093,2
3869,66000,387130000C,(04)23274275,(04)23288582,2025,12,9,11,56,臺中市,神岡區,0,0,0,7,,,50,,,,,,,,,,,,,,12,,,,,B03,,,1,,1,,,40,40,1,12,4,120.695419,24.248463,3
3870,66000,387130000C,(04)23274275,(04)23288582,2025,12,9,11,57,臺中市,南屯區,0,0,0,7,,,50,,,,,,,,,,,,,,,,,,,C03,,,1,,1,,,7,7,1,13,4,120.615066,24.14662,3
3871,66000,387130000C,(04)23274275,(04)23288582,2025,12,9,11,58,臺中市,中區,0,1,0,7,2,6,50,13,9,1,5,4,6,6,4,4,5,4,5,2,9,3,10,3,1,A04,7,9,1,2,2,15,,84,84,1,13,4,120.68459,24.13828,2
3872,66000,387130000C,(04)23274275,(04)23288582,2025,12,9,11,58,臺中市,龍井區,0,0,0,7,,,50,,,,,,,,,,,,,,13,,,,,C03,,,1,,1,,,7,7,1,5,4,120.592321,24.181401,3
3873,66000,387130000C,(04)23274275,(04)23288582,2025,12,9,12,1,臺中市,大雅區,0,1,0,7,3,6,30,4,2,1,5,4,6,6,4,4,10,5,5,2,17,3,10,3,1,B03,7,9,1,8,2,1,,15,15,1,12,4,120.653902,24.218091,2
3874,66000,387130000C,(04)23274275,(04)23288582,2025,12,9,12,6,臺中市,西區,0,1,0,7,2,6,50,3,1,1,5,4,6,6,4,4,5,4,5,2,3,3,10,3,1,B02,7,9,1,8,2,1,,10,10,1,12,4,120.661699,24.153989,2
3875,66000,387130000C,(04)23274275,(04)23288582,2025,12,9,12,6,臺中市,西屯區,0,0,0,7,,,50,,,,,,,,,,,,,,13,,,,,B03,,,1,,2,,,7,7,1,13,4,120.654345,24.194323,3
3876,66000,387130000C,(04)23274275,(04)23288582,2025,12,9,12,7,臺中市,西屯區,0,2,0,7,2,6,50,3,1,1,5,4,6,6,4,4,10,5,5,2,16,2,7,5,4,C03,7,9,1,10,2,12,,84,84,1,13,4,120.644925,24.180437,2
3877,66000,387130000C,(04)23274275,(04)23288582,2025,12,9,12,7,臺中市,大肚區,0,0,0,7,,,40,,,,,,,,,,,,,,12,,,,,C03,,,1,,2,,,42,42,1,12,4,120.582478,24.168975,3
3878,66000,387130000C,(04)23274275,(04)23288582,2025,12,9,12,10,臺中市,西區,0,1,0,7,2,6,50,13,9,1,5,4,6,6,4,4,5,4,5,2,17,3,10,3,1,B03,7,5,1,8,2,2,,47,47,1,12,4,120.661726,24.146378,2
3879,66000,387130000C,(04)23274275,(04)23288582,2025,12,9,12,11,臺中市,烏日區,0,2,0,7,2,6,50,13,8,1,5,4,6,6,4,4,1,4,4,1,13,2,9,5,4,C03,7,9,1,10,2,11,,84,84,1,6,4,120.634675,24.106544,2
3880,66000,387130000C,(04)23274275,(04)23288582,2025,12,9,12,12,臺中市,清水區,0,1,0,7,3,3,30,13,17,1,5,4,6,6,4,4,9,4,5,1,13,2,3,3,1,B12,7,9,1,8,2,1,,84,84,1,12,4,120.54707,24.275143,2
3881,66000,387130000C,(04)23274275,(04)23288582,2025,12,9,12,15,臺中市,南屯區,0,0,0,7,,,50,,,,,,,,,,,,,,17,,,,,B03,,,1,,2,,,50,50,1,13,4,120.633221,24.137211,3
3882,66000,387130000C,(04)23274275,(04)23288582,2025,12,9,12,16,臺中市,潭子區,0,0,0,7,,,50,,,,,,,,,,,,,,,,,,,B03,,,1,,2,,,7,7,1,13,4,120.692275,24.220086,3
3883,66000,387130000C,(04)23274275,(04)23288582,2025,12,9,12,17,臺中市,豐原區,0,0,0,7,,,30,,,,,,,,,,,,,,17,,,,,B03,,,1,,1,,,84,84,1,12,4,120.718508,24.251144,3
3884,66000,387130000C,(04)23274275,(04)23288582,2025,12,9,12,19,臺中市,北屯區,0,1,0,7,2,6,50,4,9,1,5,4,6,6,2,1,4,3,5,2,13,2,9,2,1,C03,7,9,3,19,2,11,14,59,59,1,13,4,120.718558,24.170169,2
3885,66000,387130000C,(04)23274275,(04)23288582,2025,12,9,12,20,臺中市,北區,0,2,0,7,2,6,30,4,1,1,5,4,6,6,4,4,10,5,5,2,15,2,9,5,4,C03,7,9,1,10,2,12,,12,12,1,13,4,120.678098,24.170544,2
3886,66000,387130000C,(04)23274275,(04)23288582,2025,12,9,12,20,臺中市,沙鹿區,0,0,0,7,,,40,,,,,,,,,,,,,,13,,,,,C03,,,1,,2,,,7,7,1,12,4,120.566206,24.231137,4
3887,66000,387130000C,(04)23274275,(04)23288582,2025,12,9,12,25,臺中市,清水區,0,1,0,7,2,6,50,4,2,1,5,4,6,6,4,4,8,3,4,2,17,2,9,1,1,C03,7,9,1,10,2,16,,6,6,1,12,4,120.555532,24.266913,2
3888,66000,387130000C,(04)23274275,(04)23288582,2025,12,9,12,28,臺中市,北屯區,0,1,0,7,2,6,50,4,1,1,5,4,6,6,1,1,10,5,5,2,16,2,9,5,4,C03,7,6,1,8,1,11,,20,20,1,12,4,120.686265,24.169384,2
3889,66000,387130000C,(04)23274275,(04)23288582,2025,12,9,12,28,臺中市,霧峰區,0,1,0,7,2,6,50,4,1,1,5,4,6,6,1,1,10,5,5,2,16,3,10,3,1,B12,7,6,1,8,2,6,,11,11,1,12,4,120.698586,24.064506,2
3890,66000,387130000C,(04)23274275,(04)23288582,2025,12,9,12,29,臺中市,西區,0,0,0,7,,,50,,,,,,,,,,,,,,,,,,,B01,,,1,,1,,,50,50,1,12,4,120.663128,24.14306,3
3891,66000,387130000C,(04)23274275,(04)23288582,2025,12,9,12,29,臺中市,北屯區,0,0,0,7,,,50,,,,,,,,,,,,,,17,,,,,C03,,,1,,1,,,51,51,1,12,4,120.731257,24.171182,3
3892,66000,387130000C,(04)23274275,(04)23288582,2025,12,9,12,36,臺中市,神岡區,0,1,0,7,2,6,50,3,2,1,5,4,6,6,2,1,10,5,5,1,17,3,10,5,4,B03,7,1,1,8,2,8,,51,51,1,13,4,120.707755,24.277846,2
3893,66000,387130000C,(04)23274275,(04)23288582,2025,12,9,12,38,臺中市,西區,0,0,0,7,,,50,,,,,,,,,,,,,,,,,,,C03,,,1,,1,,,8,8,1,12,4,120.670483,24.146154,3
3894,66000,387130000C,(04)23274275,(04)23288582,2025,12,9,12,39,臺中市,神岡區,0,1,0,7,1,6,30,11,9,1,5,4,6,6,4,4,10,5,5,1,17,2,9,1,4,C03,7,12,1,10,2,12,,84,84,1,12,4,120.654749,24.280784,2
3895,66000,387130000C,(04)23274275,(04)23288582,2025,12,9,12,41,臺中市,西屯區,0,1,0,7,2,6,50,13,9,1,5,4,6,6,4,4,9,5,5,2,27,2,7,5,4,B03,7,9,1,10,2,5,,59,59,1,13,4,120.612837,24.197826,2
3896,66000,387130000C,(04)23274275,(04)23288582,2025,12,9,12,42,臺中市,南區,0,0,0,7,,,50,,,,,,,,,,,,,,,,,,,,,,,,,,,119,119,1,,,120.660346,24.122638,3
3897,66000,387130000C,(04)23274275,(04)23288582,2025,12,9,12,47,臺中市,西屯區,0,1,0,7,2,6,50,5,1,1,5,4,6,6,1,1,10,5,5,2,16,2,9,5,4,C03,7,1,1,10,2,14,,36,36,1,12,4,120.616491,24.19106,2
3898,66000,387130000C,(04)23274275,(04)23288582,2025,12,9,12,49,臺中市,太平區,0,0,0,7,,,40,,,,,,,,,,,,,,17,,,,,B03,,,3,,10,,,84,84,1,12,4,120.754624,24.121039,3
3899,66000,387130000C,(04)23274275,(04)23288582,2025,12,9,12,50,臺中市,太平區,0,0,0,7,,,50,,,,,,,,,,,,,,,,,,,B02,,,1,,2,,,58,58,1,6,4,120.714355,24.141391,3
3900,66000,387130000C,(04)23274275,(04)23288582,2025,12,9,12,50,臺中市,太平區,0,0,0,7,,,50,,,,,,,,,,,,,,,,,,,B12,,,1,,2,,,68,68,1,6,4,120.71751,24.102687,3
3901,66000,387130000C,(04)23274275,(04)23288582,2025,12,9,12,54,臺中市,南屯區,0,0,0,7,3,6,30,13,9,1,5,4,6,6,4,4,10,5,5,2,17,,,,,B03,,,1,,9,,,51,51,1,12,4,120.612363,24.144652,3
3902,66000,387130000C,(04)23274275,(04)23288582,2025,12,9,12,58,臺中市,大雅區,0,0,0,7,,,30,,,,,,,,,,,,,,,,,,,B03,,,1,,2,,,49,49,1,12,4,120.677638,24.216826,3
3903,66000,387130000C,(04)23274275,(04)23288582,2025,12,9,13,5,臺中市,北屯區,0,2,0,7,2,6,50,13,8,1,5,4,6,6,4,4,5,5,4,2,16,2,8,2,1,C03,7,6,5,10,2,12,,34,34,1,12,4,120.740472,24.179703,2
3904,66000,387130000C,(04)23274275,(04)23288582,2025,12,9,13,6,臺中市,北屯區,0,1,0,7,3,6,50,3,1,1,5,4,6,6,4,4,3,4,5,2,17,2,9,1,1,C03,7,9,1,10,2,12,,58,58,1,12,4,120.700854,24.179033,2
3905,66000,387130000C,(04)23274275,(04)23288582,2025,12,9,13,7,臺中市,北區,0,0,0,7,,,50,,,,,,,,,,,,,,17,,,,,B03,,,1,,2,,,84,84,1,12,4,120.664339,24.161155,3
3906,66000,387130000C,(04)23274275,(04)23288582,2025,12,9,13,10,臺中市,西區,0,0,0,7,,,50,,,,,,,,,,,,,,17,,,,,B01,,,1,,1,,,76,76,1,12,4,120.672629,24.141361,3
3907,66000,387130000C,(04)23274275,(04)23288582,2025,12,9,13,10,臺中市,大里區,0,1,0,7,3,6,50,13,9,1,5,4,6,6,4,4,5,4,5,1,12,2,7,5,4,C03,7,9,1,10,2,11,,8,8,1,13,4,120.690456,24.10787,2
3908,66000,387130000C,(04)23274275,(04)23288582,2025,12,9,13,13,臺中市,梧棲區,0,0,0,7,,,70,,,,,,,,,,,,,,12,,,,,B03,,,1,,2,,,40,40,1,6,4,120.54417,24.247002,3
3909,66000,387130000C,(04)23274275,(04)23288582,2025,12,9,13,13,臺中市,后里區,0,0,0,7,2,6,50,13,2,1,5,4,6,6,1,1,3,2,4,2,13,,,,,B03,,,1,,2,,,59,59,1,6,4,120.725345,24.320789,3
3910,66000,387130000C,(04)23274275,(04)23288582,2025,12,9,13,17,臺中市,大雅區,0,0,0,7,,,60,,,,,,,,,,,,,,,,,,,B03,,,1,,1,,,59,59,1,13,4,120.64884,24.217946,3
3911,66000,387130000C,(04)23274275,(04)23288582,2025,12,9,13,18,臺中市,霧峰區,0,1,0,7,2,6,50,13,9,1,5,4,6,6,4,4,5,5,5,1,16,3,10,3,1,B03,7,6,1,8,2,1,,48,48,1,6,4,120.686244,24.053173,2
3912,66000,387130000C,(04)23274275,(04)23288582,2025,12,9,13,19,臺中市,南屯區,0,0,0,7,,,50,,,,,,,,,,,,,,,,,,,B02,,,1,,2,,,50,50,1,12,4,120.636224,24.153728,3
3913,66000,387130000C,(04)23274275,(04)23288582,2025,12,9,13,25,臺中市,西區,0,1,0,7,3,6,30,3,1,1,5,4,6,6,4,4,10,5,5,2,17,2,9,1,1,C03,7,15,1,10,2,13,,84,84,1,6,4,120.655079,24.149286,2
3914,66000,387130000C,(04)23274275,(04)23288582,2025,12,9,13,34,臺中市,太平區,0,0,0,7,2,6,50,,,,,,,,,,,,,,,,,,,B03,,,1,,2,8,,49,49,1,12,4,120.71156,24.133995,3
3915,66000,387130000C,(04)23274275,(04)23288582,2025,12,9,13,35,臺中市,西屯區,0,1,0,7,2,6,50,3,9,1,5,4,6,6,1,1,5,5,5,2,13,3,10,3,4,B02,7,9,1,8,1,1,,84,84,1,13,4,120.640635,24.176232,2