序號,縣市別代碼,機關代碼,市話,傳真,年,月,日,時,分,縣市,區,死亡數量,受傷數量,2-30,天候,道路照明設備,道路類別,道路速限,道路型態,事故位置,路面鋪裝,路面狀態,路面缺陷,障礙物,視距,號誌種類,號誌動作,分向設施,快車道或一般車道間,快慢車道間,路面邊線,事故類型及型態,受傷程度,主要傷處,保護裝備,行動電話或功能裝置,當事者區分(類別),車輛用途,當事者行動狀態,駕照狀態,駕照種類,飲酒情形,車輛撞擊部位最初,車輛撞擊部位其他,肇事因素個別,肇事因素主要,肇事逃逸,職業,共享經濟或外送平台,GPS座標X,GPS座標Y,事故類別
3916,66000,387130000C,(04)23274275,(04)23288582,2025,12,9,13,39,臺中市,大肚區,0,1,0,7,2,6,30,4,1,1,5,4,6,6,3,1,10,5,5,2,15,3,10,3,1,B03,7,9,3,19,2,8,,24,24,1,6,4,120.545208,24.148959,2
3917,66000,387130000C,(04)23274275,(04)23288582,2025,12,9,13,41,臺中市,梧棲區,0,0,0,7,,,50,,,,,,,,,,,,,,17,,,,,C03,,,1,,1,,,4,4,1,12,4,120.531342,24.2568,3
3918,66000,387130000C,(04)23274275,(04)23288582,2025,12,9,13,43,臺中市,大雅區,0,0,0,7,,,30,,,,,,,,,,,,,,,,,,,A42,,,1,,1,,,84,84,1,12,4,120.66261,24.233789,3
3919,66000,387130000C,(04)23274275,(04)23288582,2025,12,9,13,49,臺中市,北區,0,1,0,7,2,6,50,4,1,1,5,4,6,6,1,1,10,5,5,2,18,2,9,5,4,F03,7,9,7,21,2,12,,84,84,1,13,4,120.684775,24.159375,2
3920,66000,387130000C,(04)23274275,(04)23288582,2025,12,9,13,50,臺中市,豐原區,0,0,0,7,,,50,,,,,,,,,,,,,,13,,,,,B03,,,1,,2,,,84,84,1,12,4,120.722243,24.238433,3
3921,66000,387130000C,(04)23274275,(04)23288582,2025,12,9,13,52,臺中市,西區,0,0,0,7,,,50,,,,,,,,,,,,,,17,,,,,B03,,,1,,1,,,59,59,1,12,4,120.660182,24.153691,3
3922,66000,387130000C,(04)23274275,(04)23288582,2025,12,9,13,52,臺中市,沙鹿區,0,0,0,7,,,60,,,,,,,,,,,,,,13,,,,,B03,,,1,,2,,,59,59,1,12,4,120.581421,24.209662,3
3923,66000,387130000C,(04)23274275,(04)23288582,2025,12,9,13,53,臺中市,潭子區,0,2,0,7,2,6,60,13,8,1,5,4,6,6,4,4,1,4,4,1,12,3,10,3,1,B03,7,7,1,8,2,2,,40,40,1,13,4,120.703,24.199114,2
3924,66000,387130000C,(04)23274275,(04)23288582,2025,12,9,13,55,臺中市,西屯區,0,2,0,7,2,6,50,13,9,1,5,4,6,6,4,4,8,5,5,2,17,2,9,5,4,C03,7,11,1,10,2,11,,45,45,1,13,4,120.661782,24.17054,2
3925,66000,387130000C,(04)23274275,(04)23288582,2025,12,9,13,58,臺中市,神岡區,0,0,0,7,1,6,30,3,1,1,5,4,6,6,4,4,10,5,5,1,16,,,,,B03,,,1,,2,,,14,14,1,12,4,120.681425,24.271178,3
3926,66000,387130000C,(04)23274275,(04)23288582,2025,12,9,14,2,臺中市,西區,0,0,0,7,,,50,,,,,,,,,,,,,,17,,,,,C03,,,1,,11,,,84,84,1,12,4,120.662063,24.154835,3
3927,66000,387130000C,(04)23274275,(04)23288582,2025,12,9,14,12,臺中市,西屯區,0,1,0,7,2,6,40,4,1,1,5,4,6,6,2,1,10,5,5,2,23,2,9,5,4,C03,7,9,1,10,2,11,,7,7,1,13,4,120.649508,24.162692,2
3928,66000,387130000C,(04)23274275,(04)23288582,2025,12,9,14,13,臺中市,西屯區,0,1,0,7,2,6,50,3,1,1,5,4,6,6,4,4,10,5,5,2,16,3,10,3,1,B03,7,5,1,8,2,6,,84,84,1,13,4,120.635402,24.172356,2
3929,66000,387130000C,(04)23274275,(04)23288582,2025,12,9,14,16,臺中市,太平區,0,0,0,7,2,6,50,,,,,,,,,,,,,,,,,,,B03,,,1,,2,1,,7,7,1,12,4,120.724592,24.141898,3
3930,66000,387130000C,(04)23274275,(04)23288582,2025,12,9,14,16,臺中市,沙鹿區,0,0,0,7,,,50,,,,,,,,,,,,,,17,,,,,C03,,,1,,2,,,45,45,1,6,4,120.577916,24.222501,3
3931,66000,387130000C,(04)23274275,(04)23288582,2025,12,9,14,22,臺中市,西屯區,0,1,0,7,2,6,40,4,1,1,5,4,6,6,1,1,10,5,5,2,16,3,10,5,4,B12,7,5,1,8,2,2,,11,11,1,13,4,120.623126,24.175986,2
3932,66000,387130000C,(04)23274275,(04)23288582,2025,12,9,14,25,臺中市,大雅區,0,1,0,7,3,9,50,13,9,1,5,4,6,6,1,1,5,2,5,2,17,2,9,1,1,C03,7,9,1,10,2,14,,84,84,1,12,4,120.662629,24.219913,2
3933,66000,387130000C,(04)23274275,(04)23288582,2025,12,9,14,25,臺中市,西區,0,1,0,7,2,6,50,13,9,1,5,4,6,6,4,4,9,5,5,2,17,2,8,2,1,C03,7,1,1,10,9,11,,51,51,1,12,4,120.668909,24.137542,2
3934,66000,387130000C,(04)23274275,(04)23288582,2025,12,9,14,28,臺中市,龍井區,0,1,0,7,1,6,30,3,1,1,5,4,6,6,4,4,10,5,5,2,16,3,10,3,1,B03,7,6,1,8,2,8,,14,14,1,6,4,120.589081,24.188929,2
3935,66000,387130000C,(04)23274275,(04)23288582,2025,12,9,14,28,臺中市,大安區,0,0,0,7,,,30,,,,,,,,,,,,,,,,,,,B12,,,1,,2,,,49,49,1,6,4,120.594775,24.350531,3
3936,66000,387130000C,(04)23274275,(04)23288582,2025,12,9,14,31,臺中市,西屯區,0,1,0,7,2,6,50,13,9,1,5,4,6,6,1,1,1,4,5,2,13,2,9,5,4,C03,7,9,1,10,2,11,,7,7,1,12,4,120.652418,24.166252,2
3937,66000,387130000C,(04)23274275,(04)23288582,2025,12,9,14,33,臺中市,大肚區,0,0,0,7,,,30,,,,,,,,,,,,,,,,,,,A41,,,1,,2,,,49,49,1,6,4,120.570465,24.128471,3
3938,66000,387130000C,(04)23274275,(04)23288582,2025,12,9,14,43,臺中市,南屯區,0,1,0,7,2,6,50,4,1,1,5,4,6,6,4,4,10,5,5,2,16,3,10,3,1,B03,7,5,1,8,2,8,,84,84,1,13,4,120.613102,24.150598,2
3939,66000,387130000C,(04)23274275,(04)23288582,2025,12,9,14,43,臺中市,北屯區,0,0,0,7,,,50,,,,,,,,,,,,,,13,,,,,B12,,,1,8,2,,,7,7,1,12,4,120.66421,24.183953,3
3940,66000,387130000C,(04)23274275,(04)23288582,2025,12,9,14,44,臺中市,北區,0,1,0,7,2,6,50,4,1,1,5,4,6,6,4,4,10,5,5,2,16,3,10,3,1,B03,7,5,1,8,2,8,,14,14,1,12,4,120.678713,24.158222,2
3941,66000,387130000C,(04)23274275,(04)23288582,2025,12,9,14,45,臺中市,霧峰區,0,1,0,7,2,6,50,13,7,1,5,4,6,6,4,4,5,4,4,1,16,3,10,3,1,B03,7,1,1,8,2,4,,51,51,1,12,4,120.698607,24.065025,2
3942,66000,387130000C,(04)23274275,(04)23288582,2025,12,9,14,46,臺中市,清水區,0,0,0,7,,,50,,,,,,,,,,,,,,,,,,,B03,,,1,,2,,,8,8,1,12,4,120.550241,24.26474,3
3943,66000,387130000C,(04)23274275,(04)23288582,2025,12,9,14,50,臺中市,龍井區,0,0,0,7,,,30,,,,,,,,,,,,,,9,,,,,B03,,,1,,2,,,8,8,1,6,4,120.592642,24.180823,3
3944,66000,387130000C,(04)23274275,(04)23288582,2025,12,9,14,53,臺中市,西屯區,0,1,0,7,2,6,50,4,1,1,5,4,6,6,2,1,10,5,5,2,16,3,10,3,1,B12,7,6,1,5,2,2,,11,11,1,12,4,120.635966,24.164219,2
3945,66000,387130000C,(04)23274275,(04)23288582,2025,12,9,14,53,臺中市,豐原區,0,1,0,7,2,6,50,4,2,1,5,4,6,6,2,1,5,4,4,2,16,3,10,3,1,B03,7,5,1,8,2,2,,11,11,1,12,4,120.715161,24.256285,2
3946,66000,387130000C,(04)23274275,(04)23288582,2025,12,9,14,54,臺中市,北區,0,2,0,7,2,6,50,3,1,1,5,4,6,6,4,4,9,5,5,2,16,2,9,1,1,C03,7,1,1,10,2,14,,51,51,1,13,4,120.686167,24.151985,2
3947,66000,387130000C,(04)23274275,(04)23288582,2025,12,9,14,55,臺中市,中區,0,0,0,7,,,50,,,,,,,,,,,,,,12,,,,,B03,,,1,,1,,,8,8,1,13,4,120.683466,24.141436,3
3948,66000,387130000C,(04)23274275,(04)23288582,2025,12,9,15,0,臺中市,太平區,0,0,0,7,,,30,,,,,,,,,,,,,,,,,,,C03,,,1,,2,,,51,51,1,6,4,120.718125,24.125513,3
3949,66000,387130000C,(04)23274275,(04)23288582,2025,12,9,15,2,臺中市,西區,0,0,0,7,,,50,,,,,,,,,,,,,,13,,,,,B03,,,1,,1,,,84,84,1,12,4,120.658741,24.157514,3
3950,66000,387130000C,(04)23274275,(04)23288582,2025,12,9,15,4,臺中市,南屯區,0,1,0,7,3,6,50,3,8,1,5,4,6,6,4,4,3,4,4,2,16,3,10,3,1,B03,7,5,1,8,2,6,,14,14,1,12,4,120.640761,24.147696,2
3951,66000,387130000C,(04)23274275,(04)23288582,2025,12,9,15,4,臺中市,西屯區,0,2,0,7,2,6,40,4,2,1,5,4,6,6,1,1,10,5,5,2,17,2,9,5,4,C03,7,11,1,10,2,12,,44,44,1,13,4,120.648085,24.169593,2
3952,66000,387130000C,(04)23274275,(04)23288582,2025,12,9,15,5,臺中市,南屯區,0,0,0,7,,,50,,,,,,,,,,,,,,,,,,,B03,,,1,,1,,,40,40,1,12,4,120.622862,24.149766,3
3953,66000,387130000C,(04)23274275,(04)23288582,2025,12,9,15,5,臺中市,北屯區,0,1,0,7,3,6,0,13,21,4,5,4,6,6,4,4,10,5,5,2,8,3,10,2,1,C03,7,9,1,10,9,12,,39,39,1,6,4,120.685519,24.169785,2
3954,66000,387130000C,(04)23274275,(04)23288582,2025,12,9,15,5,臺中市,西屯區,0,1,0,7,2,6,50,4,1,1,5,4,6,6,1,1,3,4,5,2,16,3,10,3,1,B03,7,5,1,8,2,2,,47,47,1,12,4,120.62064,24.184013,2
3955,66000,387130000C,(04)23274275,(04)23288582,2025,12,9,15,9,臺中市,龍井區,0,1,0,7,2,6,50,4,1,1,5,4,6,6,1,1,1,5,1,2,16,2,9,1,1,C03,7,6,1,10,2,11,,23,23,1,6,4,120.520134,24.211893,2
3956,66000,387130000C,(04)23274275,(04)23288582,2025,12,9,15,9,臺中市,梧棲區,0,0,0,7,,,40,,,,,,,,,,,,,,30,,,,,A11,,,1,,2,,,76,76,1,12,4,120.530965,24.25169,3
3957,66000,387130000C,(04)23274275,(04)23288582,2025,12,9,15,10,臺中市,西屯區,0,1,0,7,2,6,50,13,9,1,5,4,6,6,1,1,5,4,5,1,13,3,10,3,1,B03,7,9,1,8,2,1,,84,84,1,12,4,120.635944,24.158222,2
3958,66000,387130000C,(04)23274275,(04)23288582,2025,12,9,15,10,臺中市,大里區,0,0,0,7,,,50,,,,,,,,,,,,,,13,,,,,B03,,,1,,1,,,84,84,1,12,4,120.689368,24.077955,3
3959,66000,387130000C,(04)23274275,(04)23288582,2025,12,9,15,11,臺中市,潭子區,0,0,0,7,,,50,,,,,,,,,,,,,,,,,,,B03,,,1,,1,,,49,49,1,13,4,120.700634,24.214488,3
3960,66000,387130000C,(04)23274275,(04)23288582,2025,12,9,15,11,臺中市,北屯區,0,1,0,7,2,6,50,4,1,1,5,4,6,6,1,1,10,5,5,2,15,3,10,3,1,B03,7,9,1,8,2,1,,21,21,1,6,4,120.670123,24.177891,2
3961,66000,387130000C,(04)23274275,(04)23288582,2025,12,9,15,13,臺中市,西屯區,0,1,0,7,2,6,50,4,1,1,5,4,6,6,1,1,10,5,5,2,13,3,10,5,4,B03,7,5,1,8,2,7,,87,87,1,12,4,120.637727,24.166796,2
3962,66000,387130000C,(04)23274275,(04)23288582,2025,12,9,15,17,臺中市,北區,0,0,0,7,,,50,,,,,,,,,,,,,,,,,,,C03,,,1,,1,,,7,7,1,12,4,120.692,24.15609,3
3963,66000,387130000C,(04)23274275,(04)23288582,2025,12,9,15,21,臺中市,南區,0,0,0,7,,,50,,,,,,,,,,,,,,,,,,,C03,,,1,,2,,,87,87,1,12,4,120.676217,24.132242,3
3964,66000,387130000C,(04)23274275,(04)23288582,2025,12,9,15,23,臺中市,中區,0,1,0,7,1,6,50,13,9,1,5,4,6,6,4,4,5,4,5,2,16,3,10,1,1,C03,7,6,1,10,2,14,,34,34,1,13,4,120.679128,24.142786,2
3965,66000,387130000C,(04)23274275,(04)23288582,2025,12,9,15,24,臺中市,霧峰區,0,0,0,7,,,50,,,,,,,,,,,,,,9,,,,,B03,,,1,,1,,,84,84,1,12,4,120.702586,24.070193,3
3966,66000,387130000C,(04)23274275,(04)23288582,2025,12,9,15,25,臺中市,霧峰區,0,0,0,7,,,30,,,,,,,,,,,,,,,,,,,C03,,,1,,1,,,48,48,1,13,4,120.716014,24.07495,3
3967,66000,387130000C,(04)23274275,(04)23288582,2025,12,9,15,26,臺中市,清水區,0,0,0,7,,,50,,,,,,,,,,,,,,,,,,,B03,,,1,,1,,,51,51,1,12,4,120.565351,24.265127,3
3968,66000,387130000C,(04)23274275,(04)23288582,2025,12,9,15,27,臺中市,西屯區,0,0,0,7,,,50,,,,,,,,,,,,,,13,,,,,B02,,,1,,1,,,59,59,1,12,4,120.654867,24.200829,3
3969,66000,387130000C,(04)23274275,(04)23288582,2025,12,9,15,29,臺中市,潭子區,0,0,0,7,,,50,,,,,,,,,,,,,,,,,,,B03,,,1,,2,,,26,26,1,13,4,120.703304,24.200713,3
3970,66000,387130000C,(04)23274275,(04)23288582,2025,12,9,15,34,臺中市,西屯區,0,0,0,7,,,50,,,,,,,,,,,,,,14,,,,,B03,,,1,,1,,,49,49,1,12,4,120.637289,24.175464,3
3971,66000,387130000C,(04)23274275,(04)23288582,2025,12,9,15,40,臺中市,南區,0,1,0,7,2,9,50,13,9,1,5,4,6,6,4,4,9,5,5,2,17,3,10,2,1,C03,7,1,1,10,2,12,,51,51,1,5,4,120.655459,24.118706,2
3972,66000,387130000C,(04)23274275,(04)23288582,2025,12,9,15,45,臺中市,南屯區,0,1,0,7,3,6,50,3,1,1,5,4,6,6,4,4,10,5,5,2,17,2,9,2,1,C03,7,9,1,10,2,11,,59,59,1,12,4,120.625931,24.112411,2
3973,66000,387130000C,(04)23274275,(04)23288582,2025,12,9,15,47,臺中市,北屯區,0,1,0,7,3,6,50,4,1,1,5,4,6,6,1,1,10,2,4,2,16,2,9,2,1,C03,7,6,1,10,2,13,,48,48,1,6,4,120.690387,24.185464,2
3974,66000,387130000C,(04)23274275,(04)23288582,2025,12,9,15,47,臺中市,太平區,0,0,0,7,,,50,,,,,,,,,,,,,,14,,,,,B03,,,1,,1,,,49,49,1,12,4,120.731009,24.153878,3
3975,66000,387130000C,(04)23274275,(04)23288582,2025,12,9,15,51,臺中市,中區,0,2,0,7,3,6,50,4,1,1,5,4,6,6,4,4,10,5,5,2,12,2,9,2,1,C03,7,15,1,10,2,14,,84,84,1,12,4,120.677962,24.143784,2
3976,66000,387130000C,(04)23274275,(04)23288582,2025,12,9,15,51,臺中市,大里區,0,2,0,7,2,6,50,4,1,1,5,4,6,6,4,4,10,5,5,1,15,2,9,1,1,C03,7,1,1,10,2,11,,12,12,1,12,4,120.684957,24.110353,2
3977,66000,387130000C,(04)23274275,(04)23288582,2025,12,9,15,53,臺中市,北屯區,0,1,0,7,3,6,50,4,1,1,5,4,6,6,1,1,10,5,5,2,18,2,8,6,1,F01,7,9,7,21,2,14,,84,84,1,12,4,120.730904,24.166683,2
3978,66000,387130000C,(04)23274275,(04)23288582,2025,12,9,15,53,臺中市,西屯區,0,0,0,7,,,50,,,,,,,,,,,,,,13,,,,,B03,,,1,,1,,,59,59,1,13,4,120.64955,24.162715,3
3979,66000,387130000C,(04)23274275,(04)23288582,2025,12,9,15,53,臺中市,西屯區,0,0,0,7,,,50,,,,,,,,,,,,,,14,,,,,B03,,,1,,1,,,49,49,1,13,4,120.590375,24.174924,3
3980,66000,387130000C,(04)23274275,(04)23288582,2025,12,9,15,56,臺中市,北屯區,0,0,0,7,,,30,,,,,,,,,,,,,,16,,,,,C03,,,1,,1,,,8,8,1,6,4,120.717032,24.177636,3
3981,66000,387130000C,(04)23274275,(04)23288582,2025,12,9,16,5,臺中市,東勢區,0,3,0,7,3,6,50,13,7,1,5,4,6,6,4,4,9,5,4,2,3,2,9,2,1,C03,7,9,1,10,2,12,,59,59,1,6,4,120.828508,24.259691,2
3982,66000,387130000C,(04)23274275,(04)23288582,2025,12,9,16,6,臺中市,烏日區,0,0,0,7,2,6,60,13,7,1,5,4,6,6,4,4,1,4,1,1,13,3,10,3,1,B03,7,9,1,8,2,1,,7,7,1,6,4,120.648218,24.085554,3
3983,66000,387130000C,(04)23274275,(04)23288582,2025,12,9,16,7,臺中市,西區,0,0,0,7,,,50,,,,,,,,,,,,,,17,,,,,B03,,,1,,9,,,51,51,1,12,4,120.660554,24.154245,3
3984,66000,387130000C,(04)23274275,(04)23288582,2025,12,9,16,7,臺中市,北區,0,0,0,7,,,50,,,,,,,,,,,,,,,,,,,C03,,,1,,2,,,84,84,1,12,4,120.676536,24.147767,4
3985,66000,387130000C,(04)23274275,(04)23288582,2025,12,9,16,13,臺中市,北屯區,0,2,0,7,2,6,50,4,1,1,5,4,6,6,2,1,1,2,5,2,16,2,7,3,1,B03,7,6,1,8,1,5,,11,11,1,12,4,120.692013,24.182689,2
3986,66000,387130000C,(04)23274275,(04)23288582,2025,12,9,16,14,臺中市,中區,0,1,0,7,3,6,50,4,2,1,5,4,6,6,1,1,5,4,5,2,13,2,9,1,1,C03,7,9,1,10,2,11,,7,7,1,6,4,120.680633,24.141262,2
3987,66000,387130000C,(04)23274275,(04)23288582,2025,12,9,16,15,臺中市,沙鹿區,0,0,0,7,,,60,,,,,,,,,,,,,,13,,,,,A04,,,1,,2,,,59,59,1,12,4,120.575952,24.248681,3
3988,66000,387130000C,(04)23274275,(04)23288582,2025,12,9,16,15,臺中市,大甲區,0,0,0,7,,,60,,,,,,,,,,,,,,,,,,,B12,,,1,,1,,,78,78,1,6,4,120.617967,24.351715,4
3989,66000,387130000C,(04)23274275,(04)23288582,2025,12,9,16,16,臺中市,南屯區,0,0,0,7,,,50,,,,,,,,,,,,,,12,,,,,B03,,,1,,1,,,84,84,1,12,4,120.64655,24.13335,3
3990,66000,387130000C,(04)23274275,(04)23288582,2025,12,9,16,17,臺中市,清水區,0,0,0,7,,,40,,,,,,,,,,,,,,,,,,,A12,,,1,,11,,,59,59,1,12,4,120.596196,24.303754,3
3991,66000,387130000C,(04)23274275,(04)23288582,2025,12,9,16,20,臺中市,大雅區,0,1,0,7,1,6,50,3,1,1,5,4,6,6,2,1,10,4,5,1,17,3,10,3,1,B03,7,6,1,8,2,1,,11,11,1,12,4,120.64616,24.220302,2
3992,66000,387130000C,(04)23274275,(04)23288582,2025,12,9,16,22,臺中市,北區,0,1,0,7,2,6,50,13,9,1,5,4,6,6,4,4,10,5,5,2,9,3,10,3,1,A12,7,9,1,3,2,16,,73,73,1,13,4,120.668924,24.167527,2
3993,66000,387130000C,(04)23274275,(04)23288582,2025,12,9,16,24,臺中市,大肚區,0,0,0,6,,,50,,,,,,,,,,,,,,13,,,,,C03,,,1,,2,,,7,7,1,6,4,120.574428,24.170014,3
3994,66000,387130000C,(04)23274275,(04)23288582,2025,12,9,16,26,臺中市,豐原區,0,1,0,7,2,6,50,4,1,1,5,4,6,6,1,1,5,5,5,1,17,2,8,2,1,C04,7,5,1,11,2,11,,7,7,1,12,4,120.720103,24.262174,2
3995,66000,387130000C,(04)23274275,(04)23288582,2025,12,9,16,27,臺中市,清水區,0,0,0,7,,,40,,,,,,,,,,,,,,,,,,,B03,,,1,,2,,,49,49,1,12,4,120.59474,24.304036,3
3996,66000,387130000C,(04)23274275,(04)23288582,2025,12,9,16,32,臺中市,北屯區,0,2,0,7,2,6,50,13,8,1,5,4,6,6,4,4,5,5,4,2,17,2,8,1,1,C03,7,1,1,10,2,11,,51,51,1,6,4,120.661675,24.187851,2
3997,66000,387130000C,(04)23274275,(04)23288582,2025,12,9,16,33,臺中市,潭子區,0,2,0,6,2,6,30,4,1,1,5,4,6,6,4,4,10,5,5,2,15,2,9,2,1,C03,7,9,1,10,2,14,,12,12,1,13,4,120.70356,24.212293,2
3998,66000,387130000C,(04)23274275,(04)23288582,2025,12,9,16,36,臺中市,霧峰區,0,0,0,7,,,50,,,,,,,,,,,,,,,,,,,C03,,,1,,1,,,84,84,1,13,4,120.695179,24.059607,3
3999,66000,387130000C,(04)23274275,(04)23288582,2025,12,9,16,37,臺中市,北屯區,0,3,0,7,3,6,50,4,1,1,5,4,6,6,1,1,10,5,5,2,17,2,9,1,1,C03,7,9,1,10,2,11,,21,21,1,12,4,120.687031,24.18554,2
4000,66000,387130000C,(04)23274275,(04)23288582,2025,12,9,16,37,臺中市,大里區,0,0,0,7,3,6,50,13,14,1,5,4,6,6,4,4,5,4,5,1,12,,,,,B03,,,1,,2,,,59,59,1,12,4,120.689381,24.105967,3
4001,66000,387130000C,(04)23274275,(04)23288582,2025,12,9,16,45,臺中市,中區,0,0,0,7,,,50,,,,,,,,,,,,,,,,,,,B03,,,1,,1,,,87,87,1,12,4,120.677034,24.14379,3
4002,66000,387130000C,(04)23274275,(04)23288582,2025,12,9,16,49,臺中市,大肚區,0,2,0,7,2,6,50,3,2,1,5,4,6,6,3,1,10,5,5,2,16,2,9,1,1,C03,7,5,1,10,2,13,,42,42,1,6,4,120.543815,24.150821,2
4003,66000,387130000C,(04)23274275,(04)23288582,2025,12,9,16,50,臺中市,烏日區,0,1,0,7,2,6,50,5,1,1,5,4,6,6,4,4,1,4,5,1,13,2,9,5,4,C03,7,9,1,10,2,11,,59,59,1,13,4,120.64291,24.10938,2
4004,66000,387130000C,(04)23274275,(04)23288582,2025,12,9,16,51,臺中市,南區,0,1,0,7,3,6,50,4,1,1,5,4,6,6,2,1,10,5,5,2,16,3,10,3,1,B03,7,5,3,19,2,2,,11,11,1,13,4,120.658215,24.117572,2
4005,66000,387130000C,(04)23274275,(04)23288582,2025,12,9,16,59,臺中市,西屯區,0,1,0,7,1,6,50,4,1,1,5,4,6,6,1,1,5,4,5,2,12,2,9,1,1,C03,7,9,1,10,2,14,,8,8,1,12,4,120.603943,24.16022,2
4006,66000,387130000C,(04)23274275,(04)23288582,2025,12,9,16,59,臺中市,西屯區,0,0,0,7,,,40,,,,,,,,,,,,,,13,,,,,B03,,,1,,1,,,7,7,1,12,4,120.63961,24.165564,3
4007,66000,387130000C,(04)23274275,(04)23288582,2025,12,9,17,0,臺中市,北區,0,1,0,7,3,6,50,13,9,1,5,4,6,6,4,4,5,4,5,2,18,2,9,4,1,F01,7,9,7,21,2,16,,84,84,1,12,4,120.673372,24.160007,2
4008,66000,387130000C,(04)23274275,(04)23288582,2025,12,9,17,1,臺中市,后里區,0,1,0,7,2,6,50,13,9,1,5,4,6,6,4,4,1,4,5,2,13,2,9,3,1,B03,7,9,1,8,2,1,,7,7,1,12,4,120.710748,24.319199,2
4009,66000,387130000C,(04)23274275,(04)23288582,2025,12,9,17,4,臺中市,烏日區,0,0,0,7,,,50,,,,,,,,,,,,,,,,,,,B03,,,1,,1,,,49,49,1,13,4,120.598895,24.109949,3
4010,66000,387130000C,(04)23274275,(04)23288582,2025,12,9,17,5,臺中市,大里區,0,0,0,7,,,50,,,,,,,,,,,,,,,,,,,B03,,,1,,2,,,40,40,1,12,4,120.671284,24.101676,3
4011,66000,387130000C,(04)23274275,(04)23288582,2025,12,9,17,5,臺中市,太平區,0,1,0,7,2,6,50,3,1,1,5,4,6,6,1,1,10,5,5,2,17,2,8,5,4,C03,7,6,1,10,2,16,,59,59,1,6,4,120.734247,24.14838,2
4012,66000,387130000C,(04)23274275,(04)23288582,2025,12,9,17,8,臺中市,東區,0,0,0,7,,,50,,,,,,,,,,,,,,30,,,,,C03,,,1,,1,,,84,84,1,13,4,120.700264,24.127956,4
4013,66000,387130000C,(04)23274275,(04)23288582,2025,12,9,17,9,臺中市,潭子區,0,0,0,7,,,40,,,,,,,,,,,,,,,,,,,C03,,,1,,2,,,7,7,1,13,4,120.697941,24.205342,3
4014,66000,387130000C,(04)23274275,(04)23288582,2025,12,9,17,11,臺中市,北屯區,0,1,0,7,3,6,30,4,1,1,5,4,6,6,4,4,10,5,5,2,15,3,10,3,1,B03,7,9,5,19,9,4,,12,12,1,6,4,120.680364,24.179335,2
4015,66000,387130000C,(04)23274275,(04)23288582,2025,12,9,17,13,臺中市,烏日區,0,2,0,7,2,6,40,4,1,1,5,4,6,1,4,4,10,5,5,2,15,2,9,1,1,C03,7,9,1,10,2,11,,12,12,1,6,4,120.649574,24.070202,2
4016,66000,387130000C,(04)23274275,(04)23288582,2025,12,9,17,15,臺中市,大里區,0,0,0,7,,,50,,,,,,,,,,,,,,13,,,,,C03,,,1,,1,,,7,7,1,12,4,120.70364,24.092552,3
4017,66000,387130000C,(04)23274275,(04)23288582,2025,12,9,17,15,臺中市,太平區,0,3,0,7,1,6,30,4,1,1,5,4,6,6,4,4,10,5,5,2,15,2,9,5,4,C03,7,9,1,10,2,11,,12,12,1,6,4,120.724274,24.143688,2
4018,66000,387130000C,(04)23274275,(04)23288582,2025,12,9,17,16,臺中市,潭子區,0,1,0,7,1,6,50,11,9,1,5,4,6,6,4,4,10,5,5,1,20,2,7,2,1,C03,7,9,1,10,2,11,,84,84,1,13,4,120.71201,24.19379,2
4019,66000,387130000C,(04)23274275,(04)23288582,2025,12,9,17,18,臺中市,南屯區,0,0,0,7,,,50,,,,,,,,,,,,,,13,,,,,B03,,,1,,1,,,59,59,1,12,4,120.653519,24.136796,3
4020,66000,387130000C,(04)23274275,(04)23288582,2025,12,9,17,21,臺中市,潭子區,0,1,0,7,1,6,60,4,1,1,5,4,6,6,2,1,1,4,4,1,13,,,,,,,9,,,,,,86,86,2,,,120.709017,24.233196,2
4021,66000,387130000C,(04)23274275,(04)23288582,2025,12,9,17,22,臺中市,西屯區,0,0,0,7,,,50,,,,,,,,,,,,,,12,,,,,B01,,,1,,1,,,47,47,1,13,4,120.643487,24.163738,3
4022,66000,387130000C,(04)23274275,(04)23288582,2025,12,9,17,22,臺中市,西屯區,0,1,0,7,1,6,40,13,8,1,5,4,6,6,4,4,1,4,4,1,17,3,10,5,4,B03,7,2,1,8,2,3,,49,49,1,13,4,120.63611,24.159127,2
4023,66000,387130000C,(04)23274275,(04)23288582,2025,12,9,17,23,臺中市,太平區,0,1,0,7,1,6,50,13,24,1,5,4,6,6,4,4,10,5,5,2,18,2,9,2,1,C03,7,9,1,10,2,16,,84,84,1,12,4,120.717571,24.127494,2
4024,66000,387130000C,(04)23274275,(04)23288582,2025,12,9,17,25,臺中市,北屯區,0,0,0,7,,3,40,,,,,,,,,,,,,,13,,,,,B03,,,1,,1,,,84,84,1,6,4,120.718624,24.160748,3
4025,66000,387130000C,(04)23274275,(04)23288582,2025,12,9,17,26,臺中市,西區,0,1,0,7,1,6,50,4,1,1,5,4,6,6,1,1,10,5,5,2,3,3,10,3,1,B03,7,6,1,6,2,1,,10,10,1,12,4,120.655077,24.14774,2
4026,66000,387130000C,(04)23274275,(04)23288582,2025,12,9,17,27,臺中市,北屯區,0,1,0,7,3,6,50,4,2,1,5,4,6,6,4,4,2,2,5,2,13,3,10,3,1,B03,7,9,1,8,2,5,,7,7,1,6,4,120.658978,24.184615,2
4027,66000,387130000C,(04)23274275,(04)23288582,2025,12,9,17,30,臺中市,大里區,0,0,0,7,3,6,30,13,9,1,5,4,6,6,4,4,10,5,5,1,11,,,,,B03,,,1,,9,,,8,8,1,12,4,120.660863,24.101542,3