序號,縣市別代碼,機關代碼,市話,傳真,年,月,日,時,分,縣市,區,死亡數量,受傷數量,2-30,天候,道路照明設備,道路類別,道路速限,道路型態,事故位置,路面鋪裝,路面狀態,路面缺陷,障礙物,視距,號誌種類,號誌動作,分向設施,快車道或一般車道間,快慢車道間,路面邊線,事故類型及型態,受傷程度,主要傷處,保護裝備,行動電話或功能裝置,當事者區分(類別),車輛用途,當事者行動狀態,駕照狀態,駕照種類,飲酒情形,車輛撞擊部位最初,車輛撞擊部位其他,肇事因素個別,肇事因素主要,肇事逃逸,職業,共享經濟或外送平台,GPS座標X,GPS座標Y,事故類別
4028,66000,387130000C,(04)23274275,(04)23288582,2025,12,9,17,31,臺中市,霧峰區,0,1,0,7,1,6,50,3,1,1,5,4,6,6,4,4,4,5,4,1,16,3,10,2,1,C03,7,6,5,19,2,12,,48,48,1,13,4,120.697594,24.06475,2
4029,66000,387130000C,(04)23274275,(04)23288582,2025,12,9,17,35,臺中市,西區,0,0,0,7,,,,,,,,,,,,,,,,,12,,,,,,,,,,,,,85,85,1,13,,120.682064,24.135937,3
4030,66000,387130000C,(04)23274275,(04)23288582,2025,12,9,17,35,臺中市,南屯區,0,2,0,7,1,6,50,4,1,1,5,4,6,6,1,1,10,5,5,2,17,2,8,2,1,C03,7,9,1,10,1,12,,1,1,1,12,4,120.611003,24.145871,2
4031,66000,387130000C,(04)23274275,(04)23288582,2025,12,9,17,35,臺中市,龍井區,0,0,0,6,,,60,,,,,,,,,,,,,,14,,,,,B12,,,1,,1,,,78,78,1,6,4,120.573422,24.185409,3
4032,66000,387130000C,(04)23274275,(04)23288582,2025,12,9,17,36,臺中市,南區,0,1,0,7,1,6,50,4,2,1,5,4,6,6,1,1,5,5,5,2,13,3,10,3,1,B03,7,9,1,8,2,1,,7,7,1,12,4,120.659523,24.110638,2
4033,66000,387130000C,(04)23274275,(04)23288582,2025,12,9,17,37,臺中市,后里區,0,0,0,7,,,40,,,,,,,,,,,,,,,,,,,C03,,,1,,1,,,7,7,1,13,4,120.726246,24.325328,3
4034,66000,387130000C,(04)23274275,(04)23288582,2025,12,9,17,39,臺中市,北區,0,2,0,7,1,6,50,13,9,1,5,4,6,6,4,4,10,4,5,2,17,2,9,3,1,B03,7,13,1,8,2,15,,76,76,1,13,4,120.678029,24.167335,2
4035,66000,387130000C,(04)23274275,(04)23288582,2025,12,9,17,41,臺中市,北屯區,0,0,0,7,,,50,,,,,,,,,,,,,,30,,,,,B03,,,1,,2,,,84,84,1,12,4,120.671018,24.198988,3
4036,66000,387130000C,(04)23274275,(04)23288582,2025,12,9,17,42,臺中市,神岡區,0,0,0,7,,,50,,,,,,,,,,,,,,13,,,,,B03,,,1,,1,,,7,7,1,12,4,120.684942,24.249659,3
4037,66000,387130000C,(04)23274275,(04)23288582,2025,12,9,17,43,臺中市,北屯區,0,2,0,7,3,6,50,4,1,1,5,4,6,6,1,1,10,5,5,2,17,3,10,3,1,B03,7,5,1,8,2,5,,20,20,1,12,4,120.686424,24.190484,2
4038,66000,387130000C,(04)23274275,(04)23288582,2025,12,9,17,47,臺中市,西區,0,1,0,7,1,6,40,13,8,1,5,4,6,6,4,4,1,4,4,2,13,2,9,1,1,C03,7,9,1,10,1,11,,7,7,1,12,4,120.657183,24.136101,2
4039,66000,387130000C,(04)23274275,(04)23288582,2025,12,9,17,48,臺中市,東區,0,0,0,7,,,50,,,,,,,,,,,,,,,,,,,B03,,,1,,1,,,49,49,1,12,4,120.692549,24.135757,3
4040,66000,387130000C,(04)23274275,(04)23288582,2025,12,9,17,49,臺中市,北區,0,0,0,7,,,50,,,,,,,,,,,,,,13,,,,,C03,,,1,,2,,,7,7,1,13,4,120.673926,24.163044,3
4041,66000,387130000C,(04)23274275,(04)23288582,2025,12,9,17,52,臺中市,烏日區,0,1,0,7,1,6,30,13,9,1,5,4,6,6,4,4,10,5,5,1,13,3,10,5,4,B03,7,9,1,8,2,5,,7,7,1,6,4,120.637511,24.07845,2
4042,66000,387130000C,(04)23274275,(04)23288582,2025,12,9,17,53,臺中市,西屯區,0,0,0,7,,,30,,,,,,,,,,,,,,17,,,,,F01,,,1,,2,,,59,59,1,12,1,120.661072,24.168638,3
4043,66000,387130000C,(04)23274275,(04)23288582,2025,12,9,17,55,臺中市,西屯區,0,0,0,7,,,50,,,,,,,,,,,,,,17,,,,,B03,,,1,,1,,,84,84,1,12,4,120.607485,24.195133,3
4044,66000,387130000C,(04)23274275,(04)23288582,2025,12,9,17,55,臺中市,西屯區,0,1,0,7,1,6,50,3,1,1,5,4,6,6,1,1,8,4,4,1,16,3,10,5,4,C03,7,6,1,10,2,11,,59,59,1,13,4,120.653098,24.156283,2
4045,66000,387130000C,(04)23274275,(04)23288582,2025,12,9,17,56,臺中市,北區,0,0,0,7,,,50,,,,,,,,,,,,,,,,,,,B02,,,1,,2,,,84,84,1,12,4,120.673513,24.166764,4
4046,66000,387130000C,(04)23274275,(04)23288582,2025,12,9,17,56,臺中市,南屯區,0,0,0,7,,,40,,,,,,,,,,,,,,12,,,,,C03,,,1,,2,,,51,51,1,12,4,120.63456,24.156296,3
4047,66000,387130000C,(04)23274275,(04)23288582,2025,12,9,17,56,臺中市,西屯區,0,1,0,7,1,6,50,13,9,1,5,4,6,6,4,4,1,4,5,2,13,2,7,5,4,C03,7,9,1,10,2,11,,7,7,1,13,4,120.633342,24.179694,2
4048,66000,387130000C,(04)23274275,(04)23288582,2025,12,9,17,58,臺中市,北屯區,0,0,0,7,,,50,,,,,,,,,,,,,,17,,,,,C03,,,1,,1,,,84,84,1,6,4,120.687759,24.172484,3
4049,66000,387130000C,(04)23274275,(04)23288582,2025,12,9,17,59,臺中市,太平區,0,0,0,7,,,50,,,,,,,,,,,,,,,,,,,C03,,,5,,2,,,59,59,1,6,4,120.703593,24.112556,3
4050,66000,387130000C,(04)23274275,(04)23288582,2025,12,9,17,59,臺中市,烏日區,0,1,0,7,1,6,50,13,7,1,5,4,6,6,1,1,5,5,4,2,13,3,10,5,4,B03,7,9,1,8,2,1,,59,59,1,13,4,120.618481,24.106521,2
4051,66000,387130000C,(04)23274275,(04)23288582,2025,12,9,18,0,臺中市,西區,0,1,0,7,1,6,50,4,2,1,5,4,6,6,1,1,5,4,5,2,18,2,8,1,1,C03,7,14,1,10,2,14,,84,84,1,6,4,120.649984,24.146536,2
4052,66000,387130000C,(04)23274275,(04)23288582,2025,12,9,18,0,臺中市,南屯區,0,0,0,7,,,50,,,,,,,,,,,,,,13,,,,,C03,,,1,,1,,,7,7,1,13,4,120.617247,24.13943,3
4053,66000,387130000C,(04)23274275,(04)23288582,2025,12,9,18,0,臺中市,南屯區,0,0,0,7,,,50,,,,,,,,,,,,,,16,,,,,B03,,,1,,1,,,84,84,1,12,4,120.646756,24.138804,3
4054,66000,387130000C,(04)23274275,(04)23288582,2025,12,9,18,1,臺中市,清水區,0,0,0,7,,,40,,,,,,,,,,,,,,,,,,,A04,,,1,,2,,,8,8,1,12,4,120.577798,24.300576,3
4055,66000,387130000C,(04)23274275,(04)23288582,2025,12,9,18,1,臺中市,清水區,0,0,0,7,,3,90,,,,,,,,,,,,,,,,,,,B03,,,1,,2,,,40,40,1,12,4,120.546823,24.274464,3
4056,66000,387130000C,(04)23274275,(04)23288582,2025,12,9,18,3,臺中市,西屯區,0,0,0,7,,,30,,,,,,,,,,,,,,17,,,,,B02,,,1,,2,,,59,59,1,12,4,120.590707,24.176298,3
4057,66000,387130000C,(04)23274275,(04)23288582,2025,12,9,18,4,臺中市,南屯區,0,1,0,7,1,6,50,13,9,1,5,4,6,6,4,4,10,5,5,2,14,3,10,3,1,B03,7,2,1,8,1,6,,49,49,1,12,4,120.615646,24.148214,2
4058,66000,387130000C,(04)23274275,(04)23288582,2025,12,9,18,4,臺中市,大里區,0,1,0,7,3,6,50,4,1,1,5,4,6,6,1,1,10,5,5,2,11,2,9,1,1,F03,7,6,7,21,2,13,,26,26,1,13,4,120.699557,24.082427,2
4059,66000,387130000C,(04)23274275,(04)23288582,2025,12,9,18,4,臺中市,太平區,0,1,0,7,1,6,50,5,1,1,5,4,6,6,2,1,10,5,5,2,13,3,10,3,1,B03,7,9,1,8,2,5,,21,21,1,12,4,120.729063,24.113667,2
4060,66000,387130000C,(04)23274275,(04)23288582,2025,12,9,18,5,臺中市,北屯區,0,1,0,6,1,6,50,13,7,1,5,4,6,6,3,1,4,5,4,2,18,2,9,2,1,C03,7,9,1,10,2,14,,84,84,1,6,4,120.675045,24.183001,2
4061,66000,387130000C,(04)23274275,(04)23288582,2025,12,9,18,5,臺中市,北屯區,0,1,0,7,3,6,50,4,1,1,5,4,6,6,4,4,10,5,5,2,13,2,8,1,1,C03,7,9,1,10,2,11,,7,7,1,6,4,120.672078,24.175547,2
4062,66000,387130000C,(04)23274275,(04)23288582,2025,12,9,18,7,臺中市,潭子區,0,0,0,7,,,50,,,,,,,,,,,,,,,,,,,B12,,,1,,2,,,84,84,1,13,4,120.707057,24.207063,3
4063,66000,387130000C,(04)23274275,(04)23288582,2025,12,9,18,8,臺中市,大雅區,0,0,0,7,,,30,,,,,,,,,,,,,,,,,,,B03,,,1,,1,,,84,84,1,13,4,120.650845,24.209392,3
4064,66000,387130000C,(04)23274275,(04)23288582,2025,12,9,18,10,臺中市,南屯區,0,1,0,7,1,6,50,3,2,1,5,4,6,6,4,4,10,4,5,2,17,3,10,3,1,B03,7,9,1,8,2,5,,84,84,1,12,4,120.605938,24.138906,2
4065,66000,387130000C,(04)23274275,(04)23288582,2025,12,9,18,10,臺中市,西屯區,0,0,0,7,,,50,,,,,,,,,,,,,,,,,,,B03,,,1,,2,,,20,20,1,12,4,120.642162,24.159878,3
4066,66000,387130000C,(04)23274275,(04)23288582,2025,12,9,18,10,臺中市,大里區,0,0,0,7,,,30,,,,,,,,,,,,,,,,,,,B03,,,1,,2,,,49,49,1,12,4,120.677424,24.098009,4
4067,66000,387130000C,(04)23274275,(04)23288582,2025,12,9,18,10,臺中市,沙鹿區,0,0,0,7,,,50,,,,,,,,,,,,,,13,,,,,B03,,,1,,1,,,7,7,1,6,4,120.560941,24.206641,3
4068,66000,387130000C,(04)23274275,(04)23288582,2025,12,9,18,13,臺中市,大里區,0,1,0,7,1,6,50,3,1,1,5,4,6,6,4,4,5,4,4,1,17,3,10,2,1,C03,7,11,1,10,2,13,,45,45,1,12,4,120.707254,24.095147,2
4069,66000,387130000C,(04)23274275,(04)23288582,2025,12,9,18,17,臺中市,東區,0,1,0,7,1,6,50,5,1,1,5,4,6,6,2,1,10,5,5,2,18,2,8,2,1,C03,7,9,1,10,2,14,,59,59,1,13,4,120.694463,24.142755,2
4070,66000,387130000C,(04)23274275,(04)23288582,2025,12,9,18,17,臺中市,西屯區,0,0,0,7,,,50,,,,,,,,,,,,,,17,,,,,,,,,,,,,86,86,1,,,120.623,24.183745,3
4071,66000,387130000C,(04)23274275,(04)23288582,2025,12,9,18,20,臺中市,梧棲區,0,0,0,7,,,50,,,,,,,,,,,,,,17,,,,,B03,,,1,,2,,,8,8,1,12,4,120.535328,24.252361,3
4072,66000,387130000C,(04)23274275,(04)23288582,2025,12,9,18,21,臺中市,北區,0,0,0,7,,,40,,,,,,,,,,,,,,,,,,,B03,,,1,,1,,,50,50,1,12,4,120.685849,24.163198,4
4073,66000,387130000C,(04)23274275,(04)23288582,2025,12,9,18,21,臺中市,北區,0,0,0,7,,,50,,,,,,,,,,,,,,17,,,,,C03,,,1,,1,,,84,84,1,13,4,120.66827,24.161119,3
4074,66000,387130000C,(04)23274275,(04)23288582,2025,12,9,18,22,臺中市,北區,0,0,0,7,,,50,,,,,,,,,,,,,,13,,,,,C03,,,1,,1,,,7,7,1,13,4,120.675156,24.16698,3
4075,66000,387130000C,(04)23274275,(04)23288582,2025,12,9,18,24,臺中市,大里區,0,0,0,7,,,50,,,,,,,,,,,,,,,,,,,C03,,,1,,2,,,58,58,1,12,4,120.690796,24.092338,3
4076,66000,387130000C,(04)23274275,(04)23288582,2025,12,9,18,25,臺中市,豐原區,0,1,0,7,1,6,50,4,9,1,5,4,6,6,4,4,5,5,5,1,17,3,10,2,4,C03,7,4,1,10,11,15,,85,85,2,12,2,120.728711,24.244352,2
4077,66000,387130000C,(04)23274275,(04)23288582,2025,12,9,18,29,臺中市,北屯區,0,0,0,7,,,50,,,,,,,,,,,,,,13,,,,,B03,,,1,,1,,,59,59,1,6,4,120.694447,24.165823,3
4078,66000,387130000C,(04)23274275,(04)23288582,2025,12,9,18,33,臺中市,南屯區,0,0,0,7,,,50,,,,,,,,,,,,,,,,,,,B12,,,1,,11,,,84,84,1,12,4,120.645067,24.13947,3
4079,66000,387130000C,(04)23274275,(04)23288582,2025,12,9,18,34,臺中市,南屯區,0,0,0,7,1,6,40,13,8,1,5,4,6,6,4,4,5,5,4,2,12,,,,,B03,,,1,,1,,,8,8,1,12,4,120.633034,24.157892,3
4080,66000,387130000C,(04)23274275,(04)23288582,2025,12,9,18,35,臺中市,西屯區,0,1,0,7,1,6,50,13,9,1,5,4,6,6,4,4,5,5,5,2,13,2,5,5,4,B03,7,1,1,8,2,3,,51,51,1,13,4,120.644205,24.175177,2
4081,66000,387130000C,(04)23274275,(04)23288582,2025,12,9,18,35,臺中市,西屯區,0,0,0,7,,,50,,,,,,,,,,,,,,13,,,,,B03,,,1,,1,,,59,59,1,12,4,120.659155,24.193768,3
4082,66000,387130000C,(04)23274275,(04)23288582,2025,12,9,18,37,臺中市,大里區,0,0,0,7,,,50,,,,,,,,,,,,,,,,,,,C03,,,1,,2,,,84,84,1,13,4,120.697694,24.082543,3
4083,66000,387130000C,(04)23274275,(04)23288582,2025,12,9,18,37,臺中市,龍井區,0,2,0,7,1,6,40,13,9,1,5,4,6,6,4,4,10,5,5,2,11,2,7,1,1,C03,7,9,1,10,2,11,,41,41,1,12,4,120.544532,24.192603,2
4084,66000,387130000C,(04)23274275,(04)23288582,2025,12,9,18,40,臺中市,北屯區,0,0,0,7,,,50,,,,,,,,,,,,,,14,,,,,B03,,,1,,9,,,49,49,2,12,4,120.736665,24.160002,3
4085,66000,387130000C,(04)23274275,(04)23288582,2025,12,9,18,40,臺中市,烏日區,0,0,0,7,1,6,50,4,1,1,5,4,6,6,4,4,10,5,5,2,14,3,10,5,1,C03,7,2,1,10,1,13,,84,84,1,6,4,120.637991,24.111597,3
4086,66000,387130000C,(04)23274275,(04)23288582,2025,12,9,18,43,臺中市,北區,0,2,0,7,1,6,40,5,1,1,5,4,6,6,1,1,5,5,4,2,17,2,9,1,1,C03,7,9,1,10,2,11,,84,84,1,12,4,120.66825,24.170141,2
4087,66000,387130000C,(04)23274275,(04)23288582,2025,12,9,18,43,臺中市,南屯區,0,1,0,7,1,6,50,13,7,1,5,4,6,6,4,4,9,5,4,2,17,2,8,1,1,C03,7,8,1,10,2,14,,40,40,1,12,4,120.64302,24.143521,2
4088,66000,387130000C,(04)23274275,(04)23288582,2025,12,9,18,45,臺中市,大肚區,0,1,0,6,1,6,40,13,8,1,5,4,6,6,1,1,3,5,5,2,18,2,9,1,1,C03,7,9,1,10,2,11,,6,6,1,6,4,120.582561,24.167999,2
4089,66000,387130000C,(04)23274275,(04)23288582,2025,12,9,18,51,臺中市,大里區,0,2,0,6,1,6,0,13,9,1,5,4,6,6,4,4,5,4,5,1,3,2,9,6,5,H01,8,16,7,21,1,17,,95,95,1,12,5,120.683193,24.115193,2
4090,66000,387130000C,(04)23274275,(04)23288582,2025,12,9,18,52,臺中市,北區,0,0,0,7,,,50,,,,,,,,,,,,,,17,,,,,B03,,,6,,9,,,85,85,1,13,4,120.689902,24.155846,4
4091,66000,387130000C,(04)23274275,(04)23288582,2025,12,9,18,55,臺中市,大甲區,0,0,0,7,,,60,,,,,,,,,,,,,,16,,,,,F03,,,1,,1,,,21,21,1,12,4,120.641447,24.36582,3
4092,66000,387130000C,(04)23274275,(04)23288582,2025,12,9,18,57,臺中市,西屯區,0,0,0,7,,,50,,,,,,,,,,,,,,,,,,,C03,,,1,,1,,,8,8,1,12,4,120.656334,24.198795,3
4093,66000,387130000C,(04)23274275,(04)23288582,2025,12,9,19,2,臺中市,南區,0,1,0,7,1,6,30,4,1,1,5,4,6,6,4,4,10,5,5,2,17,3,10,3,1,B03,7,5,1,8,2,4,,14,14,1,13,4,120.671527,24.124469,2
4094,66000,387130000C,(04)23274275,(04)23288582,2025,12,9,19,2,臺中市,梧棲區,0,1,0,7,1,6,70,4,1,1,5,4,6,6,4,4,10,5,5,2,16,3,10,3,1,A41,7,5,1,1,2,16,,14,14,1,12,4,120.535785,24.24834,2
4095,66000,387130000C,(04)23274275,(04)23288582,2025,12,9,19,6,臺中市,南區,0,0,0,7,,,50,,,,,,,,,,,,,,,,,,,B01,,,1,,1,,,84,84,1,12,4,120.656184,24.124273,3
4096,66000,387130000C,(04)23274275,(04)23288582,2025,12,9,19,8,臺中市,南屯區,0,1,0,7,1,6,50,4,1,1,5,4,6,6,2,1,10,5,5,2,13,3,10,1,1,C03,7,9,1,10,2,11,,7,7,1,13,4,120.637279,24.147006,2
4097,66000,387130000C,(04)23274275,(04)23288582,2025,12,9,19,10,臺中市,大雅區,0,1,0,7,1,6,30,4,1,1,5,4,6,6,3,1,10,5,5,2,15,2,9,1,1,C03,7,9,1,10,2,12,,12,12,1,12,4,120.662866,24.221595,2
4098,66000,387130000C,(04)23274275,(04)23288582,2025,12,9,19,10,臺中市,西屯區,0,0,0,7,,,50,,,,,,,,,,,,,,23,,,,,B03,,,1,,2,,,59,59,1,12,4,120.639079,24.158914,3
4099,66000,387130000C,(04)23274275,(04)23288582,2025,12,9,19,13,臺中市,南屯區,0,1,0,7,1,6,50,3,1,1,5,4,6,6,4,4,3,4,4,2,16,3,10,3,1,B03,7,5,1,8,2,2,,14,14,1,12,4,120.63617,24.151314,2
4100,66000,387130000C,(04)23274275,(04)23288582,2025,12,9,19,13,臺中市,西屯區,0,1,0,7,1,6,50,13,9,1,5,4,6,6,4,4,1,4,5,2,18,2,9,5,4,C03,7,2,1,10,2,14,,49,49,1,13,4,120.647361,24.168656,2
4101,66000,387130000C,(04)23274275,(04)23288582,2025,12,9,19,13,臺中市,豐原區,0,0,0,7,,,50,,,,,,,,,,,,,,16,,,,,C03,,,1,,2,,,11,11,1,12,4,120.726863,24.255735,4
4102,66000,387130000C,(04)23274275,(04)23288582,2025,12,9,19,15,臺中市,南區,0,0,0,7,,,50,,,,,,,,,,,,,,13,,,,,C03,,,1,,2,,,7,7,1,5,4,120.658041,24.124918,3
4103,66000,387130000C,(04)23274275,(04)23288582,2025,12,9,19,15,臺中市,東區,0,3,0,7,3,6,50,3,1,1,5,4,6,6,4,4,10,5,5,2,16,2,8,2,1,C03,7,9,1,10,2,11,,84,84,1,13,4,120.701108,24.136361,2
4104,66000,387130000C,(04)23274275,(04)23288582,2025,12,9,19,39,臺中市,太平區,0,0,0,7,,,40,,,,,,,,,,,,,,,,,,,B03,,,1,,1,,,49,49,1,12,4,120.735777,24.133361,3
4105,66000,387130000C,(04)23274275,(04)23288582,2025,12,9,19,40,臺中市,潭子區,0,2,0,7,1,6,60,3,2,1,5,4,6,6,2,1,1,4,4,2,13,2,9,2,1,C03,7,9,1,10,2,11,,59,59,1,13,4,120.705202,24.209492,2
4106,66000,387130000C,(04)23274275,(04)23288582,2025,12,9,19,42,臺中市,南區,0,2,0,7,1,6,50,3,1,1,5,4,6,6,4,4,3,4,4,2,13,2,9,3,1,B03,7,9,3,19,2,1,,55,55,1,13,4,120.66275,24.123157,2
4107,66000,387130000C,(04)23274275,(04)23288582,2025,12,9,19,43,臺中市,西區,0,1,0,7,1,6,50,13,9,1,5,4,6,6,4,4,5,4,5,2,13,3,10,1,1,C03,7,9,1,10,2,11,,59,59,1,13,4,120.673743,24.148966,2
4108,66000,387130000C,(04)23274275,(04)23288582,2025,12,9,19,44,臺中市,南屯區,0,2,0,7,1,6,50,13,9,1,5,4,6,6,4,4,5,4,5,2,13,2,9,1,1,C03,7,9,1,10,2,11,,7,7,1,12,4,120.622888,24.140467,2
4109,66000,387130000C,(04)23274275,(04)23288582,2025,12,9,19,46,臺中市,大甲區,0,2,0,7,1,6,30,4,1,1,5,4,6,6,4,4,10,5,5,2,16,2,9,1,1,C03,7,6,1,10,2,11,,12,12,1,12,2,120.629752,24.34291,2
4110,66000,387130000C,(04)23274275,(04)23288582,2025,12,9,19,50,臺中市,太平區,0,0,0,7,,,,,,,,,,,,,,,,,17,,,,,,,,,,,,,85,85,1,,,120.719032,24.142307,3
4111,66000,387130000C,(04)23274275,(04)23288582,2025,12,9,19,51,臺中市,大里區,0,1,0,7,1,6,40,4,2,1,5,4,6,6,1,1,10,5,5,1,16,2,9,1,1,C03,7,9,1,10,2,11,,84,84,1,12,4,120.688952,24.104644,2
4112,66000,387130000C,(04)23274275,(04)23288582,2025,12,9,20,6,臺中市,大雅區,0,2,0,7,3,6,30,3,2,1,5,4,6,6,4,4,1,5,5,2,13,2,9,2,1,C03,7,5,1,10,2,11,,84,84,1,12,4,120.639266,24.232452,2
4113,66000,387130000C,(04)23274275,(04)23288582,2025,12,9,20,6,臺中市,北屯區,0,0,0,7,,,50,,,,,,,,,,,,,,16,,,,,C03,,,1,,1,,,45,45,1,6,4,120.722374,24.163746,3
4114,66000,387130000C,(04)23274275,(04)23288582,2025,12,9,20,6,臺中市,神岡區,0,1,0,7,1,6,50,3,1,1,5,2,6,6,3,1,10,5,5,2,18,2,9,5,4,F01,7,9,7,21,2,16,,58,58,1,12,4,120.643865,24.253238,2
4115,66000,387130000C,(04)23274275,(04)23288582,2025,12,9,20,8,臺中市,西屯區,0,0,0,7,,,50,,,,,,,,,,,,,,16,,,,,B03,,,1,,1,,,51,51,1,13,4,120.636573,24.175632,3
4116,66000,387130000C,(04)23274275,(04)23288582,2025,12,9,20,13,臺中市,霧峰區,0,1,0,7,1,6,50,13,9,1,5,4,6,6,4,4,5,5,5,1,17,3,10,3,1,B03,7,1,1,8,2,7,,51,51,1,12,4,120.686625,24.05369,2
4117,66000,387130000C,(04)23274275,(04)23288582,2025,12,9,20,19,臺中市,南屯區,0,1,0,7,1,6,50,3,1,1,5,4,6,6,4,4,10,5,5,2,17,3,10,3,1,B03,7,1,1,8,2,4,,51,51,1,13,4,120.60806,24.138306,2
4118,66000,387130000C,(04)23274275,(04)23288582,2025,12,9,20,23,臺中市,東勢區,0,1,0,7,1,6,50,3,1,1,5,4,6,6,4,4,5,4,4,1,17,3,10,5,4,B03,7,11,1,7,2,5,,45,45,1,13,4,120.830839,24.251844,2
4119,66000,387130000C,(04)23274275,(04)23288582,2025,12,9,20,30,臺中市,南屯區,0,0,0,7,,,50,,,,,,,,,,,,,,13,,,,,B03,,,1,,1,,,7,7,1,12,4,120.594082,24.157156,3
4120,66000,387130000C,(04)23274275,(04)23288582,2025,12,9,20,33,臺中市,西屯區,0,3,0,7,3,6,50,4,2,1,5,4,6,6,1,1,5,5,5,2,16,2,8,2,1,C03,7,11,1,10,2,12,,48,48,1,12,4,120.604364,24.173388,2
4121,66000,387130000C,(04)23274275,(04)23288582,2025,12,9,20,35,臺中市,西屯區,0,0,0,6,,,50,,,,,,,,,,,,,,17,,,,,C03,,,1,,1,,,84,84,1,12,4,120.645062,24.178817,3
4122,66000,387130000C,(04)23274275,(04)23288582,2025,12,9,20,36,臺中市,太平區,0,0,0,7,,,50,,,,,,,,,,,,,,17,,,,,B03,,,1,,2,,,84,84,1,12,4,120.724453,24.144606,3
4123,66000,387130000C,(04)23274275,(04)23288582,2025,12,9,20,38,臺中市,西屯區,0,0,0,7,,,50,,,,,,,,,,,,,,17,,,,,C03,,,1,,1,,,40,40,1,13,4,120.610307,24.186977,3
4124,66000,387130000C,(04)23274275,(04)23288582,2025,12,9,20,52,臺中市,南區,0,1,0,7,1,6,30,3,1,1,5,4,6,6,4,4,10,5,5,2,16,2,9,6,1,F01,7,5,7,21,2,14,,14,14,1,4,4,120.668249,24.114806,2
4125,66000,387130000C,(04)23274275,(04)23288582,2025,12,9,20,52,臺中市,東區,0,0,0,7,,,50,,,,,,,,,,,,,,,,,,,B03,,,1,,1,,,85,85,1,13,4,120.698605,24.132983,4
4126,66000,387130000C,(04)23274275,(04)23288582,2025,12,9,20,54,臺中市,大里區,0,1,0,6,1,6,50,5,1,1,5,4,6,6,1,1,10,5,5,2,15,3,10,3,1,B03,7,9,1,8,2,1,,84,84,1,12,4,120.683444,24.100737,2
4127,66000,387130000C,(04)23274275,(04)23288582,2025,12,9,20,57,臺中市,豐原區,0,0,0,7,,,50,,,,,,,,,,,,,,12,,,,,B03,,,1,,2,,,2,2,1,12,4,120.729763,24.255346,3
4128,66000,387130000C,(04)23274275,(04)23288582,2025,12,9,21,5,臺中市,中區,0,0,0,6,,,50,,,,,,,,,,,,,,,,,,,C03,,,1,,2,,,48,48,1,12,4,120.680707,24.14284,3
4129,66000,387130000C,(04)23274275,(04)23288582,2025,12,9,21,7,臺中市,西屯區,0,0,0,7,,,50,,,,,,,,,,,,,,17,,,,,B03,,,1,,1,,,87,87,1,13,4,120.651253,24.198067,3
4130,66000,387130000C,(04)23274275,(04)23288582,2025,12,9,21,7,臺中市,豐原區,0,1,0,7,1,6,50,13,7,1,5,4,6,6,4,4,5,4,4,2,17,3,10,3,1,B03,7,1,1,8,2,8,,51,51,1,12,4,120.719574,24.25363,2
4131,66000,387130000C,(04)23274275,(04)23288582,2025,12,9,21,11,臺中市,南區,0,0,0,7,,,50,,,,,,,,,,,,,,12,,,,,B03,,,1,,1,,,84,84,1,13,4,120.666956,24.117653,3
4132,66000,387130000C,(04)23274275,(04)23288582,2025,12,9,21,14,臺中市,霧峰區,0,0,0,7,,,40,,,,,,,,,,,,,,,,,,,B03,,,1,,2,,,59,59,1,13,4,120.714226,24.077345,3
4133,66000,387130000C,(04)23274275,(04)23288582,2025,12,9,21,19,臺中市,南屯區,0,2,0,7,1,6,50,13,9,1,5,4,6,6,4,4,5,5,5,2,13,2,9,2,1,C03,7,9,5,19,2,11,,7,7,1,12,4,120.6114,24.138475,2
4134,66000,387130000C,(04)23274275,(04)23288582,2025,12,9,21,20,臺中市,北屯區,0,0,0,7,,,50,,,,,,,,,,,,,,17,,,,,A12,,,1,,2,,,51,51,1,6,4,120.680009,24.200821,4
4135,66000,387130000C,(04)23274275,(04)23288582,2025,12,9,21,29,臺中市,西屯區,0,2,0,7,1,6,50,13,7,1,5,4,6,6,4,4,5,4,4,2,16,2,9,5,4,C03,7,6,1,10,2,12,,39,39,1,12,4,120.609826,24.185645,2
4136,66000,387130000C,(04)23274275,(04)23288582,2025,12,9,21,30,臺中市,西區,0,1,0,6,2,6,50,4,1,1,5,4,6,6,1,1,10,5,5,2,17,3,10,1,1,C03,7,9,1,10,2,11,,7,7,1,12,4,120.670716,24.146132,2
4137,66000,387130000C,(04)23274275,(04)23288582,2025,12,9,21,36,臺中市,南屯區,0,1,0,7,1,6,50,13,9,1,5,4,6,6,4,4,5,4,5,2,17,3,10,1,1,C02,7,8,3,19,2,14,,40,40,1,6,4,120.634419,24.146287,2
4138,66000,387130000C,(04)23274275,(04)23288582,2025,12,9,21,41,臺中市,太平區,0,0,0,7,,,50,,,,,,,,,,,,,,,,,,,B03,,,1,,2,,,8,8,1,13,4,120.712602,24.139986,3
4139,66000,387130000C,(04)23274275,(04)23288582,2025,12,9,21,42,臺中市,西屯區,0,0,0,7,,,50,,,,,,,,,,,,,,13,,,,,B03,,,1,,1,,,7,7,1,12,4,120.651816,24.165933,3