序號,縣市別代碼,機關代碼,市話,傳真,年,月,日,時,分,縣市,區,死亡數量,受傷數量,2-30,天候,道路照明設備,道路類別,道路速限,道路型態,事故位置,路面鋪裝,路面狀態,路面缺陷,障礙物,視距,號誌種類,號誌動作,分向設施,快車道或一般車道間,快慢車道間,路面邊線,事故類型及型態,受傷程度,主要傷處,保護裝備,行動電話或功能裝置,當事者區分(類別),車輛用途,當事者行動狀態,駕照狀態,駕照種類,飲酒情形,車輛撞擊部位最初,車輛撞擊部位其他,肇事因素個別,肇事因素主要,肇事逃逸,職業,共享經濟或外送平台,GPS座標X,GPS座標Y,事故類別
4140,66000,387130000C,(04)23274275,(04)23288582,2025,12,9,21,42,臺中市,西屯區,0,0,0,7,,,50,,,,,,,,,,,,,,12,,,,,B03,,,1,,1,,,40,40,1,12,4,120.636235,24.171498,3
4141,66000,387130000C,(04)23274275,(04)23288582,2025,12,9,21,44,臺中市,北屯區,0,2,0,7,1,6,50,4,1,1,5,4,6,6,2,1,10,5,5,2,13,3,10,3,1,B03,7,9,1,8,2,5,,7,7,1,6,4,120.719738,24.163032,2
4142,66000,387130000C,(04)23274275,(04)23288582,2025,12,9,22,0,臺中市,北區,0,1,0,7,1,6,50,4,2,1,5,4,6,6,2,1,10,5,5,2,13,2,9,2,1,C03,7,9,1,10,2,11,,7,7,1,13,4,120.67941,24.167275,2
4143,66000,387130000C,(04)23274275,(04)23288582,2025,12,9,22,2,臺中市,西屯區,0,0,0,7,,,50,,,,,,,,,,,,,,12,,,,,C03,,,1,,1,,,8,8,1,13,4,120.615225,24.182665,4
4144,66000,387130000C,(04)23274275,(04)23288582,2025,12,9,22,2,臺中市,西屯區,0,1,0,7,1,6,50,4,1,1,5,4,6,6,1,1,8,4,5,1,9,3,10,5,4,B03,7,9,1,8,2,2,,59,59,1,13,4,120.632485,24.182843,2
4145,66000,387130000C,(04)23274275,(04)23288582,2025,12,9,22,14,臺中市,南屯區,0,0,0,7,,,50,,,,,,,,,,,,,,13,,,,,B03,,,1,,2,,,8,8,1,12,4,120.652256,24.152489,3
4146,66000,387130000C,(04)23274275,(04)23288582,2025,12,9,22,15,臺中市,龍井區,0,0,0,7,,,30,,,,,,,,,,,,,,17,,,,,C03,,,1,,9,,,86,86,1,6,4,120.591681,24.180987,3
4147,66000,387130000C,(04)23274275,(04)23288582,2025,12,9,22,20,臺中市,大里區,0,1,0,7,1,6,50,4,1,1,5,4,6,6,1,1,10,5,5,1,16,3,10,3,1,B03,7,6,1,8,2,1,,11,11,1,12,4,120.68189,24.102599,2
4148,66000,387130000C,(04)23274275,(04)23288582,2025,12,9,22,21,臺中市,北屯區,0,0,0,7,,,50,,,,,,,,,,,,,,17,,,,,C03,,,1,,2,,,84,84,1,5,4,120.698397,24.172228,3
4149,66000,387130000C,(04)23274275,(04)23288582,2025,12,9,22,22,臺中市,豐原區,0,1,0,7,1,6,30,11,9,1,5,4,6,6,4,4,10,5,5,1,18,2,9,1,1,C03,7,9,3,19,8,11,,53,53,1,12,4,120.720835,24.232544,2
4150,66000,387130000C,(04)23274275,(04)23288582,2025,12,9,22,28,臺中市,北屯區,0,0,0,7,,,40,,,,,,,,,,,,,,,,,,,,,,,,,,,86,86,1,,,120.722644,24.179626,3
4151,66000,387130000C,(04)23274275,(04)23288582,2025,12,9,22,32,臺中市,東區,0,0,0,7,,,50,,,,,,,,,,,,,,,,,,,C03,,,1,,1,,,84,84,1,12,4,120.706313,24.129657,3
4152,66000,387130000C,(04)23274275,(04)23288582,2025,12,9,22,45,臺中市,北屯區,0,0,0,7,,,50,,,,,,,,,,,,,,17,,,,,C03,,,1,,9,,,87,87,1,6,4,120.71547,24.179186,3
4153,66000,387130000C,(04)23274275,(04)23288582,2025,12,9,22,47,臺中市,霧峰區,0,1,0,7,3,6,50,5,1,1,5,4,6,6,1,1,10,5,5,2,16,2,9,1,1,C03,7,9,1,10,2,12,,84,84,1,13,4,120.715662,24.070214,2
4154,66000,387130000C,(04)23274275,(04)23288582,2025,12,9,23,34,臺中市,中區,0,1,0,6,2,6,50,4,1,1,5,4,6,6,1,1,10,5,5,2,17,2,9,1,1,C03,7,9,1,10,2,11,,7,7,1,12,4,120.679287,24.141174,2
4155,66000,387130000C,(04)23274275,(04)23288582,2025,12,9,23,45,臺中市,北區,0,1,0,7,1,6,50,13,9,1,5,4,6,6,4,4,4,4,5,2,18,2,9,1,1,C03,7,9,1,10,2,12,,84,84,1,13,4,120.678622,24.166936,2
4156,66000,387130000C,(04)23274275,(04)23288582,2025,12,9,23,55,臺中市,太平區,0,1,0,7,1,6,30,4,1,1,5,4,6,6,4,4,10,5,5,2,15,2,9,1,1,C03,7,9,1,10,2,11,,12,12,1,12,4,120.725062,24.137681,2
4157,66000,387130000C,(04)23274275,(04)23288582,2025,12,10,0,10,臺中市,東區,0,1,0,7,1,6,50,4,1,1,5,4,6,6,1,1,10,5,5,2,18,2,9,5,4,C03,7,9,3,19,2,15,,84,84,1,12,4,120.691306,24.138794,2
4158,66000,387130000C,(04)23274275,(04)23288582,2025,12,10,0,45,臺中市,西屯區,0,0,0,7,1,6,50,13,9,1,5,4,6,6,4,4,5,4,5,2,14,,,,,B02,,,1,,2,,,49,49,1,13,4,120.645259,24.177685,3
4159,66000,387130000C,(04)23274275,(04)23288582,2025,12,10,0,51,臺中市,西區,0,0,0,7,,,50,,,,,,,,,,,,,,13,,,,,B01,,,1,,2,,,59,59,1,12,4,120.663808,24.140049,3
4160,66000,387130000C,(04)23274275,(04)23288582,2025,12,10,1,22,臺中市,大里區,0,1,0,6,1,6,40,13,8,1,5,4,6,6,4,4,10,4,4,2,17,2,9,1,1,C03,7,9,1,10,2,11,,84,84,1,13,4,120.69787,24.098536,2
4161,66000,387130000C,(04)23274275,(04)23288582,2025,12,10,1,34,臺中市,烏日區,0,1,0,7,1,6,60,13,9,1,5,4,6,6,4,4,1,2,5,1,12,3,10,1,1,C03,7,9,1,10,2,11,,59,59,1,6,4,120.618574,24.105983,2
4162,66000,387130000C,(04)23274275,(04)23288582,2025,12,10,3,41,臺中市,北屯區,0,1,0,7,1,6,50,13,9,1,5,4,6,6,4,4,1,4,5,2,18,2,9,1,1,C03,7,9,1,10,2,14,,84,84,1,12,4,120.681977,24.172647,2
4163,66000,387130000C,(04)23274275,(04)23288582,2025,12,10,5,20,臺中市,西屯區,0,0,0,7,,,60,,,,,,,,,,,,,,13,,,,,B03,,,1,,1,,,40,40,1,12,4,120.653592,24.160485,3
4164,66000,387130000C,(04)23274275,(04)23288582,2025,12,10,5,25,臺中市,龍井區,0,0,0,7,,,50,,,,,,,,,,,,,,,,,,,B03,,,1,,2,,,59,59,1,12,4,120.544678,24.217717,3
4165,66000,387130000C,(04)23274275,(04)23288582,2025,12,10,5,57,臺中市,大安區,0,0,0,7,,,50,,,,,,,,,,,,,,,,,,,B12,,,1,,1,,,24,24,1,6,4,120.586722,24.371281,3
4166,66000,387130000C,(04)23274275,(04)23288582,2025,12,10,6,0,臺中市,南區,0,1,0,7,1,6,50,4,1,1,5,4,6,6,1,1,10,5,5,2,12,2,9,2,1,C03,7,9,1,10,2,12,,39,39,1,12,4,120.684242,24.123705,2
4167,66000,387130000C,(04)23274275,(04)23288582,2025,12,10,6,8,臺中市,南屯區,0,1,0,7,1,6,50,13,9,1,5,4,6,6,4,4,5,4,5,2,12,3,10,3,1,B03,7,1,1,8,2,8,,51,51,1,12,4,120.639282,24.147059,2
4168,66000,387130000C,(04)23274275,(04)23288582,2025,12,10,6,9,臺中市,大里區,0,0,0,7,,,50,,,,,,,,,,,,,,14,,,,,B12,,,1,,2,,,84,84,1,6,4,120.691862,24.101233,3
4169,66000,387130000C,(04)23274275,(04)23288582,2025,12,10,6,21,臺中市,北區,0,0,0,7,,,50,,,,,,,,,,,,,,17,,,,,B03,,,1,,1,,,45,45,1,12,4,120.687396,24.151871,3
4170,66000,387130000C,(04)23274275,(04)23288582,2025,12,10,6,23,臺中市,北屯區,0,1,0,7,3,6,50,4,1,1,5,4,6,6,2,1,10,5,5,2,18,2,9,2,1,C03,7,15,1,9,3,14,,21,21,1,6,4,120.733793,24.159915,2
4171,66000,387130000C,(04)23274275,(04)23288582,2025,12,10,6,29,臺中市,大雅區,0,1,0,6,3,6,50,3,2,1,5,4,6,6,4,4,5,2,5,1,17,2,9,4,1,F01,7,6,7,21,2,15,,84,84,1,12,4,120.620599,24.236266,2
4172,66000,387130000C,(04)23274275,(04)23288582,2025,12,10,6,38,臺中市,東勢區,0,2,0,7,2,6,40,3,2,1,5,4,6,6,3,1,1,4,4,1,17,2,9,5,4,C03,7,21,1,10,3,11,,85,85,1,13,4,120.839007,24.212486,2
4173,66000,387130000C,(04)23274275,(04)23288582,2025,12,10,6,48,臺中市,豐原區,0,1,0,7,2,6,50,13,9,1,5,4,6,6,4,4,1,4,5,1,12,,,,,,,21,,,,,,86,86,2,,,120.703115,24.247218,2
4174,66000,387130000C,(04)23274275,(04)23288582,2025,12,10,6,51,臺中市,西屯區,0,1,0,7,2,6,50,4,1,1,5,4,6,6,4,4,10,5,5,2,16,3,10,3,1,B03,7,6,1,8,2,8,,48,48,1,12,4,120.641346,24.170971,2
4175,66000,387130000C,(04)23274275,(04)23288582,2025,12,10,6,52,臺中市,北屯區,0,0,0,7,,3,80,,,,,,,,,,,,,,,,,,,B03,,,1,,1,,,85,85,1,6,4,120.722374,24.187546,3
4176,66000,387130000C,(04)23274275,(04)23288582,2025,12,10,6,53,臺中市,南屯區,0,2,0,7,2,6,50,13,9,1,5,4,6,6,4,4,5,2,5,2,17,3,10,3,1,B03,7,1,1,8,2,8,,51,51,1,6,4,120.61162,24.149086,2
4177,66000,387130000C,(04)23274275,(04)23288582,2025,12,10,7,0,臺中市,豐原區,0,1,0,7,2,6,50,13,12,1,5,4,6,6,4,4,1,4,4,1,12,3,10,5,4,B03,7,5,1,8,2,2,,47,47,1,13,4,120.748817,24.267271,2
4178,66000,387130000C,(04)23274275,(04)23288582,2025,12,10,7,3,臺中市,北區,0,1,0,7,2,6,50,4,2,1,5,4,6,6,1,1,1,2,5,2,13,2,8,1,1,C03,7,9,1,10,2,14,,7,7,1,12,4,120.671286,24.173689,2
4179,66000,387130000C,(04)23274275,(04)23288582,2025,12,10,7,4,臺中市,東勢區,0,0,0,7,,,60,,,,,,,,,,,,,,13,,,,,B03,,,1,,2,,,84,84,1,13,4,120.812887,24.305127,3
4180,66000,387130000C,(04)23274275,(04)23288582,2025,12,10,7,5,臺中市,霧峰區,0,0,0,7,,,40,,,,,,,,,,,,,,16,,,,,B03,,,1,,2,,,14,14,1,12,4,120.697426,24.061488,3
4181,66000,387130000C,(04)23274275,(04)23288582,2025,12,10,7,7,臺中市,潭子區,0,0,0,7,,,60,,,,,,,,,,,,,,,,,,,B03,,,1,,2,,,84,84,1,13,4,120.703311,24.199232,3
4182,66000,387130000C,(04)23274275,(04)23288582,2025,12,10,7,9,臺中市,北屯區,0,0,0,7,,,50,,,,,,,,,,,,,,12,,,,,B03,,,1,,2,,,8,8,1,13,4,120.683506,24.174055,3
4183,66000,387130000C,(04)23274275,(04)23288582,2025,12,10,7,11,臺中市,西區,0,1,0,7,2,6,50,5,2,1,5,4,6,6,2,1,10,4,5,1,16,2,9,2,1,C03,7,6,1,10,2,14,,48,48,1,13,4,120.672019,24.131402,2
4184,66000,387130000C,(04)23274275,(04)23288582,2025,12,10,7,16,臺中市,大里區,0,0,0,7,,,40,,,,,,,,,,,,,,12,,,,,B03,,,1,,2,,,84,84,1,13,4,120.676555,24.107398,3
4185,66000,387130000C,(04)23274275,(04)23288582,2025,12,10,7,16,臺中市,沙鹿區,0,1,0,7,2,6,50,4,1,1,5,4,6,6,3,1,10,5,5,2,17,2,9,2,1,C03,7,5,1,10,2,12,,84,84,1,6,4,120.573651,24.229121,2
4186,66000,387130000C,(04)23274275,(04)23288582,2025,12,10,7,16,臺中市,清水區,0,0,0,7,,,70,,,,,,,,,,,,,,,,,,,B03,,,1,,2,,,40,40,1,12,4,120.58245,24.282714,3
4187,66000,387130000C,(04)23274275,(04)23288582,2025,12,10,7,20,臺中市,烏日區,0,2,0,7,2,6,40,3,1,1,5,4,6,6,4,4,1,5,1,1,17,2,9,5,4,C03,7,5,3,19,2,14,,12,12,1,13,4,120.633491,24.094766,2
4188,66000,387130000C,(04)23274275,(04)23288582,2025,12,10,7,23,臺中市,大里區,0,0,0,7,,,30,,,,,,,,,,,,,,13,,,,,C03,,,1,,2,,,7,7,1,6,4,120.675673,24.09793,3
4189,66000,387130000C,(04)23274275,(04)23288582,2025,12,10,7,25,臺中市,霧峰區,0,1,0,7,2,6,50,13,9,1,5,4,6,6,4,4,5,5,5,1,18,2,9,2,1,C03,7,9,1,10,2,14,,84,84,1,6,4,120.710255,24.040638,2
4190,66000,387130000C,(04)23274275,(04)23288582,2025,12,10,7,26,臺中市,豐原區,0,1,0,7,2,6,60,13,9,1,5,4,6,6,4,4,1,5,5,2,17,3,10,5,4,B03,7,8,1,8,2,16,,40,40,1,12,4,120.726734,24.238673,2
4191,66000,387130000C,(04)23274275,(04)23288582,2025,12,10,7,28,臺中市,北屯區,0,0,0,7,,,50,,,,,,,,,,,,,,13,,,,,B03,,,1,,1,,,7,7,1,12,4,120.699037,24.160651,3
4192,66000,387130000C,(04)23274275,(04)23288582,2025,12,10,7,29,臺中市,大雅區,0,2,0,7,3,6,30,3,2,1,5,4,6,6,4,4,10,5,5,2,17,3,10,1,1,C03,7,11,1,10,2,14,,46,46,1,12,4,120.659797,24.207608,2
4193,66000,387130000C,(04)23274275,(04)23288582,2025,12,10,7,30,臺中市,西區,0,0,0,7,,,,,,,,,,,,,,,,,17,,,,,,,,,,,,,119,119,1,,,120.66113,24.156476,3
4194,66000,387130000C,(04)23274275,(04)23288582,2025,12,10,7,30,臺中市,西屯區,0,1,0,7,2,6,50,3,2,1,5,4,6,6,2,1,5,5,4,2,13,2,8,5,4,C03,7,9,3,19,1,11,,59,59,1,13,4,120.647105,24.191682,2
4195,66000,387130000C,(04)23274275,(04)23288582,2025,12,10,7,32,臺中市,北區,0,1,0,7,2,6,50,3,2,1,5,4,6,6,4,4,1,4,5,2,13,2,7,1,1,C03,7,9,1,10,1,11,,7,7,1,12,4,120.691314,24.158708,2
4196,66000,387130000C,(04)23274275,(04)23288582,2025,12,10,7,34,臺中市,潭子區,0,0,0,7,,,30,,,,,,,,,,,,,,10,,,,,C03,,,1,,1,,,83,83,1,13,4,120.681224,24.203366,3
4197,66000,387130000C,(04)23274275,(04)23288582,2025,12,10,7,34,臺中市,大里區,0,2,0,7,3,6,60,3,2,1,5,4,6,6,1,1,3,4,4,1,13,2,9,5,4,C03,7,9,1,10,2,11,,7,7,1,13,4,120.664152,24.107262,2
4198,66000,387130000C,(04)23274275,(04)23288582,2025,12,10,7,35,臺中市,南屯區,0,0,0,7,3,6,40,13,8,1,5,4,6,6,4,4,3,4,4,2,13,,,,,C03,,,1,,1,,,7,7,1,12,4,120.624782,24.145346,3
4199,66000,387130000C,(04)23274275,(04)23288582,2025,12,10,7,37,臺中市,太平區,0,0,0,7,,,50,,,,,,,,,,,,,,16,,,,,A04,,,1,,2,,,84,84,1,12,4,120.706675,24.159352,3
4200,66000,387130000C,(04)23274275,(04)23288582,2025,12,10,7,37,臺中市,龍井區,0,1,0,7,2,6,30,4,1,1,5,4,6,6,4,4,10,5,5,2,16,2,8,2,1,C03,7,6,1,10,2,11,,13,13,1,6,4,120.532128,24.177419,2
4201,66000,387130000C,(04)23274275,(04)23288582,2025,12,10,7,39,臺中市,潭子區,0,2,0,7,3,6,50,13,9,1,5,4,6,6,4,4,4,5,5,1,17,2,9,2,1,F03,7,6,7,21,2,12,14,20,20,1,13,4,120.673761,24.206229,2
4202,66000,387130000C,(04)23274275,(04)23288582,2025,12,10,7,39,臺中市,西屯區,0,1,0,7,3,6,50,3,1,1,5,4,6,6,4,4,5,5,5,2,3,3,10,5,4,C03,7,9,1,10,2,14,,10,10,1,12,4,120.644524,24.173993,2
4203,66000,387130000C,(04)23274275,(04)23288582,2025,12,10,7,40,臺中市,潭子區,0,2,0,7,2,6,50,13,9,1,5,4,6,6,4,4,4,5,5,1,13,2,9,1,1,C03,7,9,1,10,2,11,,7,7,1,13,4,120.673702,24.206222,2
4204,66000,387130000C,(04)23274275,(04)23288582,2025,12,10,7,40,臺中市,太平區,0,1,0,7,3,6,50,4,9,1,5,4,6,6,4,4,10,5,5,2,16,3,10,2,1,C03,7,6,1,10,2,12,,14,14,1,12,4,120.704329,24.155024,2
4205,66000,387130000C,(04)23274275,(04)23288582,2025,12,10,7,41,臺中市,大里區,0,2,0,7,2,6,50,13,12,1,5,4,6,6,4,4,5,4,4,1,13,2,9,1,1,C03,7,9,1,10,2,12,,7,7,1,6,4,120.666205,24.096731,2
4206,66000,387130000C,(04)23274275,(04)23288582,2025,12,10,7,44,臺中市,北區,0,1,0,7,2,6,50,3,1,1,5,4,6,6,1,1,5,5,5,2,17,2,9,5,1,C03,7,6,1,10,2,11,,11,11,1,13,4,120.673651,24.159219,2
4207,66000,387130000C,(04)23274275,(04)23288582,2025,12,10,7,44,臺中市,太平區,0,0,0,7,,3,80,,,,,,,,,,,,,,13,,,,,B03,,,1,,1,,,84,84,1,12,4,120.714097,24.14843,3
4208,66000,387130000C,(04)23274275,(04)23288582,2025,12,10,7,45,臺中市,潭子區,0,1,0,7,3,6,50,3,1,1,5,4,6,6,1,1,5,5,5,2,9,3,10,3,1,B03,7,9,1,8,2,5,,84,84,1,13,4,120.714485,24.204985,2
4209,66000,387130000C,(04)23274275,(04)23288582,2025,12,10,7,45,臺中市,大里區,0,0,0,7,,,50,,,,,,,,,,,,,,,,,,,C03,,,1,,2,,,7,7,1,12,4,120.690456,24.092387,3
4210,66000,387130000C,(04)23274275,(04)23288582,2025,12,10,7,47,臺中市,潭子區,0,1,0,7,2,6,50,13,12,1,5,4,6,6,2,1,1,4,4,2,12,3,10,1,1,C03,7,8,1,10,2,13,,40,40,1,13,4,120.702967,24.200857,2
4211,66000,387130000C,(04)23274275,(04)23288582,2025,12,10,7,48,臺中市,南屯區,0,2,0,7,3,6,50,3,1,1,5,4,6,6,4,4,10,5,5,2,16,2,9,1,1,C03,7,6,1,10,2,14,,12,12,1,6,4,120.636914,24.136201,2
4212,66000,387130000C,(04)23274275,(04)23288582,2025,12,10,7,48,臺中市,南屯區,0,0,0,7,,,60,,,,,,,,,,,,,,13,,,,,B03,,,1,,1,,,59,59,1,6,4,120.623199,24.144784,3
4213,66000,387130000C,(04)23274275,(04)23288582,2025,12,10,7,49,臺中市,沙鹿區,0,1,0,7,3,6,50,3,1,1,5,4,6,6,4,4,1,5,5,2,17,3,10,3,1,B03,7,5,1,8,2,7,,20,20,1,12,4,120.568714,24.22265,2
4214,66000,387130000C,(04)23274275,(04)23288582,2025,12,10,7,50,臺中市,西區,0,4,0,7,2,6,50,4,1,1,5,4,6,6,1,1,10,5,5,2,17,2,9,2,1,C03,7,9,1,10,2,11,,85,85,1,12,4,120.666736,24.141067,2
4215,66000,387130000C,(04)23274275,(04)23288582,2025,12,10,7,50,臺中市,東區,0,1,0,7,3,6,50,4,9,1,5,4,6,6,1,1,5,5,5,2,16,3,10,5,4,B03,7,5,1,8,2,2,,20,20,1,6,4,120.702423,24.140294,2
4216,66000,387130000C,(04)23274275,(04)23288582,2025,12,10,7,53,臺中市,東區,0,2,0,7,2,6,50,13,7,1,5,4,6,6,4,4,1,4,4,2,13,2,9,1,1,C03,7,9,1,10,2,11,,7,7,1,12,4,120.694449,24.14635,2
4217,66000,387130000C,(04)23274275,(04)23288582,2025,12,10,7,53,臺中市,西屯區,0,0,0,7,,,50,,,,,,,,,,,,,,12,,,,,B12,,,1,,11,,,40,40,1,13,4,120.604544,24.183247,3
4218,66000,387130000C,(04)23274275,(04)23288582,2025,12,10,7,53,臺中市,神岡區,0,0,0,7,,,50,,,,,,,,,,,,,,2,,,,,C01,,,1,,2,,,7,7,1,13,4,120.696388,24.233622,3
4219,66000,387130000C,(04)23274275,(04)23288582,2025,12,10,7,54,臺中市,清水區,0,1,0,7,3,6,50,3,2,1,5,4,6,6,4,4,5,5,5,1,13,3,10,2,1,C03,7,15,1,10,2,11,,58,58,1,12,4,120.578317,24.267257,2
4220,66000,387130000C,(04)23274275,(04)23288582,2025,12,10,7,54,臺中市,豐原區,0,1,0,7,2,6,50,4,7,1,5,4,6,6,2,1,5,5,4,2,13,3,10,3,1,B03,7,9,1,8,4,1,,7,7,1,12,4,120.714119,24.251,2
4221,66000,387130000C,(04)23274275,(04)23288582,2025,12,10,7,55,臺中市,潭子區,0,1,0,7,2,6,50,13,7,1,5,4,6,6,4,4,1,4,4,2,13,3,10,1,1,C03,7,9,1,10,2,11,,7,7,1,13,4,120.69945,24.201463,2
4222,66000,387130000C,(04)23274275,(04)23288582,2025,12,10,7,55,臺中市,大甲區,0,0,0,7,,,50,,,,,,,,,,,,,,12,,,,,C03,,,1,,2,,,8,8,1,6,4,120.65456,24.391864,3
4223,66000,387130000C,(04)23274275,(04)23288582,2025,12,10,7,56,臺中市,西屯區,0,0,0,7,,,50,,,,,,,,,,,,,,13,,,,,C03,,,1,,1,,,7,7,1,12,4,120.645247,24.185058,3
4224,66000,387130000C,(04)23274275,(04)23288582,2025,12,10,7,57,臺中市,太平區,0,2,0,7,2,6,50,3,9,1,5,4,6,6,4,4,10,5,5,2,15,2,9,2,1,F03,7,9,7,21,2,11,,15,15,1,12,4,120.70213,24.111011,2
4225,66000,387130000C,(04)23274275,(04)23288582,2025,12,10,7,58,臺中市,東區,0,2,0,7,2,6,50,3,1,1,5,4,6,6,4,4,10,5,5,2,17,2,9,1,1,C03,7,6,1,10,2,14,,14,14,1,12,4,120.705508,24.13228,2
4226,66000,387130000C,(04)23274275,(04)23288582,2025,12,10,8,0,臺中市,南屯區,0,1,0,7,2,6,50,4,1,1,5,4,6,6,4,4,9,5,5,2,17,2,9,2,1,C03,7,9,1,10,2,16,,6,6,1,13,4,120.649888,24.137289,2
4227,66000,387130000C,(04)23274275,(04)23288582,2025,12,10,8,1,臺中市,沙鹿區,0,2,0,7,2,6,40,13,11,1,5,4,6,6,4,4,10,5,5,1,13,3,10,1,1,C03,7,9,1,10,2,12,13,8,8,1,6,4,120.55988,24.241505,2
4228,66000,387130000C,(04)23274275,(04)23288582,2025,12,10,8,2,臺中市,西區,0,0,0,7,,,50,,,,,,,,,,,,,,,,,,,C03,,,1,,2,,,11,84,1,12,4,120.657224,24.136578,3
4229,66000,387130000C,(04)23274275,(04)23288582,2025,12,10,8,5,臺中市,南屯區,0,0,0,7,3,6,50,13,9,1,5,4,6,6,1,1,3,4,5,2,13,,,,,B03,,,1,,1,,,84,84,1,12,4,120.626087,24.145931,3
4230,66000,387130000C,(04)23274275,(04)23288582,2025,12,10,8,5,臺中市,北屯區,0,1,0,7,2,6,50,13,9,1,5,4,6,6,4,4,5,5,5,2,13,2,9,1,1,C03,7,9,1,10,2,11,,7,7,1,12,4,120.699912,24.167482,2
4231,66000,387130000C,(04)23274275,(04)23288582,2025,12,10,8,7,臺中市,西屯區,0,0,0,7,,,50,,,,,,,,,,,,,,13,,,,,B03,,,1,,2,,,7,7,1,12,4,120.627036,24.172331,3
4232,66000,387130000C,(04)23274275,(04)23288582,2025,12,10,8,7,臺中市,大肚區,0,1,0,7,2,6,50,13,8,1,5,4,6,6,1,1,1,4,4,1,17,3,10,3,1,B03,7,7,1,8,2,16,,40,40,1,6,4,120.561269,24.125193,2
4233,66000,387130000C,(04)23274275,(04)23288582,2025,12,10,8,8,臺中市,東區,0,0,0,7,,,30,,,,,,,,,,,,,,,,,,,B03,,,1,,2,,,13,13,1,12,4,120.697155,24.139604,3
4234,66000,387130000C,(04)23274275,(04)23288582,2025,12,10,8,8,臺中市,東區,0,0,0,7,,,50,,,,,,,,,,,,,,,,,,,C03,,,1,,1,,,84,84,1,6,4,120.705579,24.13036,3
4235,66000,387130000C,(04)23274275,(04)23288582,2025,12,10,8,8,臺中市,大里區,0,0,0,7,,,50,,,,,,,,,,,,,,13,,,,,C03,,,1,,2,,,7,7,1,6,4,120.701548,24.110904,3
4236,66000,387130000C,(04)23274275,(04)23288582,2025,12,10,8,8,臺中市,大里區,0,1,0,7,3,6,60,13,9,1,5,4,6,6,1,1,5,4,4,1,13,2,9,5,4,C03,7,9,1,9,2,11,,7,7,1,13,4,120.666339,24.10596,2
4237,66000,387130000C,(04)23274275,(04)23288582,2025,12,10,8,9,臺中市,清水區,0,1,0,6,3,6,50,4,1,1,5,4,6,6,1,1,1,4,4,2,17,3,10,2,1,C03,7,15,1,10,2,11,,21,21,1,12,4,120.57775,24.276695,2
4238,66000,387130000C,(04)23274275,(04)23288582,2025,12,10,8,16,臺中市,西區,0,1,0,7,2,6,50,13,9,1,5,4,6,6,4,4,5,5,5,1,17,3,10,3,1,B03,7,1,1,8,2,8,,51,51,1,13,4,120.659887,24.160888,2
4239,66000,387130000C,(04)23274275,(04)23288582,2025,12,10,8,20,臺中市,神岡區,0,2,0,7,2,6,50,4,2,1,5,4,6,6,2,1,9,4,4,2,12,2,9,5,4,C03,7,9,1,10,2,11,,42,42,1,12,4,120.698622,24.235475,2
4240,66000,387130000C,(04)23274275,(04)23288582,2025,12,10,8,21,臺中市,北屯區,0,1,0,7,2,6,50,4,1,1,5,4,6,6,2,1,10,5,5,2,17,3,10,3,1,B03,7,1,1,8,2,2,,51,51,1,13,4,120.68665,24.205331,2
4241,66000,387130000C,(04)23274275,(04)23288582,2025,12,10,8,25,臺中市,南屯區,0,2,0,7,2,6,50,13,9,1,5,4,6,6,4,4,5,4,4,2,17,2,9,2,1,C03,7,9,1,10,2,11,,7,7,1,12,4,120.628928,24.145016,2
4242,66000,387130000C,(04)23274275,(04)23288582,2025,12,10,8,25,臺中市,豐原區,0,0,0,7,,,50,,,,,,,,,,,,,,16,,,,,C03,,,1,,2,,,65,65,1,12,4,120.703812,24.238454,3
4243,66000,387130000C,(04)23274275,(04)23288582,2025,12,10,8,26,臺中市,豐原區,0,0,0,7,,,50,,,,,,,,,,,,,,13,,,,,B03,,,1,,2,,,7,7,1,12,4,120.725771,24.241667,3
4244,66000,387130000C,(04)23274275,(04)23288582,2025,12,10,8,27,臺中市,西區,0,2,0,7,2,6,50,4,1,1,5,4,6,6,2,1,1,4,4,2,13,2,9,2,1,C03,7,9,1,10,2,11,,84,84,1,12,4,120.673585,24.14781,2
4245,66000,387130000C,(04)23274275,(04)23288582,2025,12,10,8,27,臺中市,南屯區,0,0,0,7,,,50,,,,,,,,,,,,,,,,,,,B03,,,1,,1,,,8,8,1,13,4,120.640335,24.140912,3
4246,66000,387130000C,(04)23274275,(04)23288582,2025,12,10,8,29,臺中市,南屯區,0,1,0,7,3,6,50,4,1,1,5,4,6,6,1,1,10,5,5,2,12,2,9,2,1,C03,7,8,1,10,2,14,,42,42,1,13,4,120.620859,24.139892,2
4247,66000,387130000C,(04)23274275,(04)23288582,2025,12,10,8,33,臺中市,南屯區,0,2,0,7,3,6,50,13,9,1,5,4,6,6,4,4,5,4,5,2,17,3,10,1,1,C03,7,9,1,10,2,11,,7,7,1,6,4,120.653029,24.138036,2
4248,66000,387130000C,(04)23274275,(04)23288582,2025,12,10,8,35,臺中市,北屯區,0,0,0,7,,,50,,,,,,,,,,,,,,13,,,,,C03,,,1,,2,,,7,7,1,6,4,120.699599,24.1648,3
4249,66000,387130000C,(04)23274275,(04)23288582,2025,12,10,8,38,臺中市,梧棲區,0,1,0,7,2,6,40,5,8,1,5,4,6,6,2,1,1,4,3,1,16,3,10,3,1,B03,7,5,1,8,2,2,,11,11,1,12,4,120.552394,24.244252,2