序號,縣市別代碼,機關代碼,市話,傳真,年,月,日,時,分,縣市,區,死亡數量,受傷數量,2-30,天候,道路照明設備,道路類別,道路速限,道路型態,事故位置,路面鋪裝,路面狀態,路面缺陷,障礙物,視距,號誌種類,號誌動作,分向設施,快車道或一般車道間,快慢車道間,路面邊線,事故類型及型態,受傷程度,主要傷處,保護裝備,行動電話或功能裝置,當事者區分(類別),車輛用途,當事者行動狀態,駕照狀態,駕照種類,飲酒情形,車輛撞擊部位最初,車輛撞擊部位其他,肇事因素個別,肇事因素主要,肇事逃逸,職業,共享經濟或外送平台,GPS座標X,GPS座標Y,事故類別
4250,66000,387130000C,(04)23274275,(04)23288582,2025,12,10,8,39,臺中市,北屯區,0,2,0,7,2,6,30,3,1,1,5,4,6,6,4,4,10,5,5,2,16,2,9,2,1,C03,7,5,1,10,2,14,,14,14,1,13,4,120.699193,24.180824,2
4251,66000,387130000C,(04)23274275,(04)23288582,2025,12,10,8,41,臺中市,太平區,0,0,0,7,,,50,,,,,,,,,,,,,,17,,,,,B12,,,1,,2,,,76,76,1,12,4,120.714552,24.124931,3
4252,66000,387130000C,(04)23274275,(04)23288582,2025,12,10,8,43,臺中市,潭子區,0,1,0,7,3,6,60,13,8,1,5,4,6,6,4,4,1,4,4,1,17,2,9,2,1,C03,7,12,1,10,2,14,,84,84,1,13,4,120.689569,24.223369,2
4253,66000,387130000C,(04)23274275,(04)23288582,2025,12,10,8,43,臺中市,北屯區,0,1,0,7,2,6,50,5,1,1,5,4,6,6,1,1,10,5,5,2,16,3,10,5,4,B03,7,5,1,8,2,15,,20,20,1,12,4,120.697929,24.170456,2
4254,66000,387130000C,(04)23274275,(04)23288582,2025,12,10,8,43,臺中市,西屯區,0,2,0,7,2,6,50,3,19,1,5,4,6,6,1,1,10,5,5,2,3,2,9,1,4,C03,7,9,1,10,2,11,,10,10,1,13,4,120.646724,24.157002,2
4255,66000,387130000C,(04)23274275,(04)23288582,2025,12,10,8,45,臺中市,南屯區,0,0,0,7,,,50,,,,,,,,,,,,,,,,,,,B12,,,1,,1,,,40,40,1,12,4,120.637552,24.147255,3
4256,66000,387130000C,(04)23274275,(04)23288582,2025,12,10,8,45,臺中市,太平區,0,1,0,7,3,6,30,3,2,1,5,4,6,6,4,4,10,5,5,2,11,3,10,3,1,B03,7,9,1,8,2,8,,41,41,1,12,4,120.703712,24.146775,2
4257,66000,387130000C,(04)23274275,(04)23288582,2025,12,10,8,46,臺中市,大雅區,0,1,0,7,1,6,70,4,1,1,5,4,6,6,1,1,10,5,5,2,16,3,10,3,1,B03,7,6,1,8,2,2,6,11,11,1,12,4,120.644241,24.227194,2
4258,66000,387130000C,(04)23274275,(04)23288582,2025,12,10,8,48,臺中市,龍井區,0,2,0,7,2,6,30,3,1,1,5,4,6,6,4,4,10,5,5,2,16,2,9,2,1,C03,7,6,1,10,2,11,,48,48,1,12,4,120.589064,24.180689,2
4259,66000,387130000C,(04)23274275,(04)23288582,2025,12,10,8,50,臺中市,北屯區,0,1,0,7,2,6,50,13,9,1,5,4,6,6,4,4,9,4,5,2,27,2,8,1,1,C03,7,9,1,10,1,12,,84,84,1,12,4,120.700756,24.178427,2
4260,66000,387130000C,(04)23274275,(04)23288582,2025,12,10,8,56,臺中市,北屯區,0,1,0,7,2,6,50,4,1,1,5,4,6,6,2,1,1,2,5,2,16,3,10,3,1,B03,7,7,1,8,2,5,,84,84,1,12,4,120.686482,24.196581,2
4261,66000,387130000C,(04)23274275,(04)23288582,2025,12,10,8,57,臺中市,北屯區,0,1,0,7,2,6,50,3,1,1,5,4,6,6,2,1,10,5,5,2,13,2,9,1,1,C03,7,9,1,10,1,11,,7,7,1,13,4,120.698689,24.170228,2
4262,66000,387130000C,(04)23274275,(04)23288582,2025,12,10,8,57,臺中市,龍井區,0,2,0,7,2,6,30,4,1,1,5,4,6,6,4,4,10,5,5,2,15,2,9,2,1,C03,7,9,1,10,2,11,,12,12,1,10,4,120.57632,24.175497,2
4263,66000,387130000C,(04)23274275,(04)23288582,2025,12,10,8,58,臺中市,大甲區,0,1,0,7,2,6,50,3,7,1,5,4,6,6,4,4,5,5,4,1,18,2,9,2,1,C03,7,9,1,10,2,14,,59,59,1,6,4,120.629251,24.344349,2
4264,66000,387130000C,(04)23274275,(04)23288582,2025,12,10,9,1,臺中市,豐原區,0,1,0,7,2,6,50,3,1,1,5,4,6,6,4,4,5,5,4,2,12,3,10,5,4,B12,7,11,1,8,2,4,,45,45,1,13,4,120.733187,24.255503,2
4265,66000,387130000C,(04)23274275,(04)23288582,2025,12,10,9,3,臺中市,北屯區,0,0,0,7,,,50,,,,,,,,,,,,,,18,,,,,C03,,,1,,2,,,85,85,1,12,4,120.690295,24.171827,3
4266,66000,387130000C,(04)23274275,(04)23288582,2025,12,10,9,3,臺中市,北屯區,0,1,0,7,2,6,40,13,8,1,5,4,6,6,4,4,10,5,5,2,14,2,9,5,4,B03,7,2,1,8,2,8,,49,49,1,12,4,120.715533,24.163955,2
4267,66000,387130000C,(04)23274275,(04)23288582,2025,12,10,9,6,臺中市,東區,0,1,0,7,3,6,50,13,9,1,5,4,6,6,4,4,5,5,5,2,13,2,9,2,1,C03,7,9,1,10,2,11,,7,7,1,6,4,120.702056,24.127419,2
4268,66000,387130000C,(04)23274275,(04)23288582,2025,12,10,9,10,臺中市,北區,0,0,0,7,,,50,,,,,,,,,,,,,,17,,,,,B03,,,1,,2,,,8,8,1,13,4,120.66526,24.163277,3
4269,66000,387130000C,(04)23274275,(04)23288582,2025,12,10,9,10,臺中市,南區,0,2,0,7,2,6,30,3,1,1,5,4,6,6,4,4,10,5,5,2,16,2,9,1,1,C03,7,5,1,10,2,14,,14,14,1,12,4,120.68253,24.131332,2
4270,66000,387130000C,(04)23274275,(04)23288582,2025,12,10,9,10,臺中市,南屯區,0,1,0,7,3,6,50,13,9,1,5,4,6,6,4,4,3,4,5,2,18,2,9,1,1,C03,7,9,1,10,2,14,,59,59,1,12,4,120.651856,24.139904,2
4271,66000,387130000C,(04)23274275,(04)23288582,2025,12,10,9,12,臺中市,北區,0,1,0,7,2,6,50,13,9,1,5,4,6,6,4,4,1,4,5,2,17,3,10,3,1,B03,7,10,1,8,2,6,,42,42,1,13,4,120.684956,24.16783,2
4272,66000,387130000C,(04)23274275,(04)23288582,2025,12,10,9,15,臺中市,北區,0,1,0,7,2,6,50,4,1,1,5,4,6,6,1,1,5,4,5,2,17,2,9,1,1,C03,7,6,1,10,2,12,,84,84,1,12,4,120.670384,24.159047,2
4273,66000,387130000C,(04)23274275,(04)23288582,2025,12,10,9,20,臺中市,大肚區,0,0,0,7,,,50,,,,,,,,,,,,,,30,,,,,B03,,,1,,2,,,50,50,1,12,4,120.574646,24.170875,3
4274,66000,387130000C,(04)23274275,(04)23288582,2025,12,10,9,21,臺中市,大里區,0,0,0,7,,,50,,,,,,,,,,,,,,13,,,,,B03,,,1,,2,,,7,7,1,13,4,120.679907,24.095733,3
4275,66000,387130000C,(04)23274275,(04)23288582,2025,12,10,9,23,臺中市,西區,0,0,0,7,,,50,,,,,,,,,,,,,,17,,,,,B03,,,1,,1,,,49,49,1,12,4,120.669889,24.146465,3
4276,66000,387130000C,(04)23274275,(04)23288582,2025,12,10,9,25,臺中市,北屯區,0,0,0,7,,,50,,,,,,,,,,,,,,13,,,,,B03,,,1,,1,,,84,84,1,13,4,120.72807,24.179622,3
4277,66000,387130000C,(04)23274275,(04)23288582,2025,12,10,9,25,臺中市,西屯區,0,0,0,7,,,40,,,,,,,,,,,,,,,,,,,C03,,,1,,2,,,7,7,1,13,4,120.668813,24.177709,3
4278,66000,387130000C,(04)23274275,(04)23288582,2025,12,10,9,28,臺中市,沙鹿區,0,0,0,7,,,50,,,,,,,,,,,,,,14,,,,,B03,,,1,,1,,,49,49,1,6,4,120.564695,24.241194,3
4279,66000,387130000C,(04)23274275,(04)23288582,2025,12,10,9,29,臺中市,豐原區,0,0,0,7,2,6,50,4,9,1,5,4,6,6,2,1,5,4,5,2,13,3,10,3,1,B12,7,12,1,7,2,1,,7,7,1,12,4,120.715565,24.251439,3
4280,66000,387130000C,(04)23274275,(04)23288582,2025,12,10,9,33,臺中市,神岡區,0,0,0,7,,,50,,,,,,,,,,,,,,17,,,,,B03,,,1,,1,,,39,39,1,13,4,120.665729,24.274482,3
4281,66000,387130000C,(04)23274275,(04)23288582,2025,12,10,9,36,臺中市,大雅區,0,0,0,7,,,60,,,,,,,,,,,,,,,,,,,B03,,,1,,1,,,7,7,1,12,4,120.648318,24.21894,3
4282,66000,387130000C,(04)23274275,(04)23288582,2025,12,10,9,38,臺中市,西屯區,0,1,0,7,2,6,60,13,7,1,5,4,6,6,1,1,1,4,3,2,13,3,10,3,1,B03,7,9,1,8,2,1,,59,59,1,12,4,120.652876,24.160938,2
4283,66000,387130000C,(04)23274275,(04)23288582,2025,12,10,9,40,臺中市,南屯區,0,0,0,7,3,6,60,13,9,1,5,4,6,6,1,1,1,2,1,2,12,,,,,B03,,,1,,1,,,8,8,1,12,4,120.623241,24.137107,3
4284,66000,387130000C,(04)23274275,(04)23288582,2025,12,10,9,41,臺中市,南屯區,0,0,0,7,3,6,50,13,9,1,5,4,6,6,4,4,3,4,5,2,17,,,,,B03,,,1,,2,,,84,84,1,12,4,120.612961,24.153902,3
4285,66000,387130000C,(04)23274275,(04)23288582,2025,12,10,9,42,臺中市,大雅區,0,1,0,7,1,6,30,4,2,1,5,4,6,6,1,1,10,5,5,2,13,3,10,3,1,B03,7,9,1,8,2,2,,7,7,1,12,4,120.653384,24.217592,2
4286,66000,387130000C,(04)23274275,(04)23288582,2025,12,10,9,42,臺中市,北屯區,0,1,0,7,2,6,50,11,9,1,5,4,6,6,4,4,1,4,5,2,18,2,9,1,1,F01,7,9,7,21,1,11,,84,84,1,13,4,120.792949,24.205242,2
4287,66000,387130000C,(04)23274275,(04)23288582,2025,12,10,9,43,臺中市,大安區,0,0,0,7,,,50,,,,,,,,,,,,,,12,,,,,B03,,,1,,2,,,50,50,1,6,4,120.586744,24.345806,3
4288,66000,387130000C,(04)23274275,(04)23288582,2025,12,10,9,45,臺中市,烏日區,0,1,0,7,2,6,70,3,1,1,5,4,6,6,2,1,1,4,4,1,16,3,10,3,1,B03,7,5,1,8,9,6,,11,11,2,6,4,120.608787,24.107842,2
4289,66000,387130000C,(04)23274275,(04)23288582,2025,12,10,9,48,臺中市,清水區,0,1,0,7,3,6,50,4,1,1,5,4,6,6,2,1,1,4,4,2,16,3,10,3,1,B03,7,5,1,8,2,2,,11,11,1,12,4,120.574771,24.267626,2
4290,66000,387130000C,(04)23274275,(04)23288582,2025,12,10,9,50,臺中市,西屯區,0,0,0,7,,,30,,,,,,,,,,,,,,14,,,,,B12,,,1,,1,,,49,49,1,13,4,120.667661,24.175858,3
4291,66000,387130000C,(04)23274275,(04)23288582,2025,12,10,9,54,臺中市,神岡區,0,1,0,7,2,6,50,3,2,1,5,4,6,6,1,1,9,4,4,2,12,3,10,5,4,B12,7,9,1,8,2,1,,7,7,1,12,4,120.695648,24.236063,2
4292,66000,387130000C,(04)23274275,(04)23288582,2025,12,10,9,56,臺中市,西屯區,0,1,0,7,3,6,50,4,1,1,5,4,6,6,1,1,5,4,5,2,16,3,10,3,4,B03,7,6,1,8,2,5,,11,11,1,12,4,120.616931,24.18854,2
4293,66000,387130000C,(04)23274275,(04)23288582,2025,12,10,10,4,臺中市,大雅區,0,1,0,7,3,6,50,4,2,1,5,4,6,6,1,1,5,2,5,1,17,2,9,1,1,C03,7,9,1,10,2,14,,84,84,1,12,4,120.646284,24.222645,2
4294,66000,387130000C,(04)23274275,(04)23288582,2025,12,10,10,4,臺中市,北屯區,0,1,0,7,2,6,50,13,9,1,5,4,6,6,2,1,1,4,5,2,13,2,8,2,1,C03,7,9,1,10,2,11,,7,7,1,12,4,120.700297,24.164818,2
4295,66000,387130000C,(04)23274275,(04)23288582,2025,12,10,10,8,臺中市,豐原區,0,1,0,7,2,6,40,3,1,1,5,4,6,6,4,4,5,5,4,2,17,2,8,5,4,C03,7,11,1,10,2,15,,45,45,1,13,4,120.719347,24.251548,2
4296,66000,387130000C,(04)23274275,(04)23288582,2025,12,10,10,10,臺中市,潭子區,0,2,0,7,3,6,50,3,1,1,5,4,6,6,4,4,5,4,4,2,17,2,8,2,1,C03,7,9,1,10,2,12,,7,7,1,13,4,120.706892,24.207725,2
4297,66000,387130000C,(04)23274275,(04)23288582,2025,12,10,10,14,臺中市,西屯區,0,2,0,7,2,6,40,13,8,1,5,4,6,6,4,4,1,5,1,2,13,2,9,1,4,C03,7,9,3,19,2,11,,7,7,1,13,4,120.59647,24.18186,2
4298,66000,387130000C,(04)23274275,(04)23288582,2025,12,10,10,15,臺中市,中區,0,1,0,7,2,6,50,4,1,1,5,4,6,6,1,1,10,5,5,2,17,3,10,3,1,B03,7,6,1,8,2,1,,11,11,1,12,4,120.682173,24.140115,2
4299,66000,387130000C,(04)23274275,(04)23288582,2025,12,10,10,18,臺中市,太平區,0,1,0,7,1,6,50,13,9,1,5,4,6,6,4,4,5,4,5,1,13,2,9,2,1,C03,7,9,1,10,2,11,,7,7,1,12,4,120.711034,24.151477,2
4300,66000,387130000C,(04)23274275,(04)23288582,2025,12,10,10,22,臺中市,中區,0,0,0,7,,,50,,,,,,,,,,,,,,17,,,,,B03,,,1,,2,,,8,8,1,13,4,120.682517,24.140712,3
4301,66000,387130000C,(04)23274275,(04)23288582,2025,12,10,10,23,臺中市,南屯區,0,0,0,7,,,50,,,,,,,,,,,,,,14,,,,,B12,,,1,,1,,,7,7,1,6,4,120.623675,24.149307,3
4302,66000,387130000C,(04)23274275,(04)23288582,2025,12,10,10,23,臺中市,北屯區,0,2,0,7,2,6,50,3,1,1,5,4,6,6,4,4,1,4,5,2,13,2,9,1,1,C03,7,9,1,10,9,11,,7,7,1,13,4,120.699196,24.182794,2
4303,66000,387130000C,(04)23274275,(04)23288582,2025,12,10,10,25,臺中市,西屯區,0,2,0,7,2,6,50,13,9,1,5,4,6,6,4,4,1,4,5,2,13,2,9,1,1,C03,7,9,1,10,2,11,,84,84,1,12,4,120.656578,24.169735,2
4304,66000,387130000C,(04)23274275,(04)23288582,2025,12,10,10,27,臺中市,西屯區,0,1,0,7,2,6,50,13,9,1,5,4,6,6,4,4,5,5,5,2,12,3,10,5,4,B03,7,9,1,7,2,5,,7,7,1,13,4,120.638243,24.180996,2
4305,66000,387130000C,(04)23274275,(04)23288582,2025,12,10,10,28,臺中市,西屯區,0,0,0,7,,,50,,,,,,,,,,,,,,14,,,,,B03,,,1,,2,,,49,49,1,12,4,120.626407,24.185263,3
4306,66000,387130000C,(04)23274275,(04)23288582,2025,12,10,10,34,臺中市,南屯區,0,0,0,7,,,50,,,,,,,,,,,,,,,,,,,B03,,,1,,3,,,14,14,1,13,4,120.638122,24.141452,3
4307,66000,387130000C,(04)23274275,(04)23288582,2025,12,10,10,35,臺中市,北區,0,2,0,7,2,6,50,13,12,1,5,4,6,6,4,4,3,4,5,2,17,2,9,5,1,C03,7,9,1,10,2,11,,7,7,1,13,4,120.686836,24.155639,2
4308,66000,387130000C,(04)23274275,(04)23288582,2025,12,10,10,36,臺中市,西屯區,0,1,0,7,2,6,50,4,2,1,5,4,6,6,1,1,5,4,5,2,13,2,3,3,1,B12,7,9,1,8,2,1,,7,7,1,12,4,120.613774,24.175347,2
4309,66000,387130000C,(04)23274275,(04)23288582,2025,12,10,10,39,臺中市,豐原區,0,1,0,7,2,6,50,13,9,1,5,4,6,6,4,4,9,5,5,1,14,3,10,5,4,B03,7,2,1,8,2,3,,49,49,1,12,4,120.72387,24.260014,2
4310,66000,387130000C,(04)23274275,(04)23288582,2025,12,10,10,40,臺中市,西屯區,0,0,0,7,,,0,,,,,,,,,,,,,,17,,,,,C03,,,1,,1,,,39,39,1,13,4,120.596726,24.181789,4
4311,66000,387130000C,(04)23274275,(04)23288582,2025,12,10,10,47,臺中市,大里區,0,1,0,7,3,6,50,3,2,1,5,4,6,6,4,4,3,4,5,1,18,2,9,1,4,C03,7,9,1,10,2,12,,84,84,1,13,4,120.701234,24.122824,2
4312,66000,387130000C,(04)23274275,(04)23288582,2025,12,10,10,48,臺中市,北屯區,0,1,0,7,2,6,50,4,1,1,5,4,6,6,1,1,4,3,4,2,16,3,10,3,1,B12,7,5,1,8,2,5,,11,11,1,13,4,120.723448,24.172343,2
4313,66000,387130000C,(04)23274275,(04)23288582,2025,12,10,10,49,臺中市,烏日區,0,2,0,7,2,6,50,4,1,1,5,4,6,6,1,1,10,5,5,2,15,2,9,5,4,C03,7,9,3,19,2,14,,21,21,1,13,4,120.634698,24.108032,2
4314,66000,387130000C,(04)23274275,(04)23288582,2025,12,10,10,51,臺中市,西區,0,1,0,7,2,6,50,4,1,1,5,4,6,6,2,1,5,4,5,2,17,3,10,3,1,B03,7,6,1,8,2,2,,11,11,1,12,4,120.652997,24.146726,2
4315,66000,387130000C,(04)23274275,(04)23288582,2025,12,10,10,52,臺中市,西屯區,0,0,0,7,,,60,,,,,,,,,,,,,,13,,,,,B03,,,1,,2,,,59,59,1,12,4,120.649933,24.162627,3
4316,66000,387130000C,(04)23274275,(04)23288582,2025,12,10,10,56,臺中市,南屯區,0,0,0,7,,3,80,,,,,,,,,,,,,,17,,,,,A12,,,1,,2,,,90,90,1,6,4,120.620275,24.130935,3
4317,66000,387130000C,(04)23274275,(04)23288582,2025,12,10,10,56,臺中市,南屯區,0,1,0,7,3,6,50,3,1,1,5,4,6,6,4,4,1,4,5,2,30,2,9,2,1,C03,7,6,1,10,2,11,,59,59,1,13,4,120.646765,24.138947,2
4318,66000,387130000C,(04)23274275,(04)23288582,2025,12,10,11,0,臺中市,太平區,0,1,0,7,2,6,30,3,1,1,5,4,6,6,4,4,10,5,5,2,16,3,10,3,1,B12,7,5,1,8,2,8,,14,14,1,12,4,120.716387,24.121063,2
4319,66000,387130000C,(04)23274275,(04)23288582,2025,12,10,11,3,臺中市,西屯區,0,0,0,7,,,50,,,,,,,,,,,,,,12,,,,,C03,,,1,,1,,,7,7,1,13,4,120.621078,24.172845,3
4320,66000,387130000C,(04)23274275,(04)23288582,2025,12,10,11,6,臺中市,北屯區,0,0,0,7,,,,,,,,,,,,,,,,,9,,,,,B03,,,,,,,,85,85,1,,,120.712705,24.169062,3
4321,66000,387130000C,(04)23274275,(04)23288582,2025,12,10,11,6,臺中市,北屯區,0,0,0,7,,,50,,,,,,,,,,,,,,9,,,,,C03,,,1,10,9,,,8,8,2,12,4,120.683474,24.200413,3
4322,66000,387130000C,(04)23274275,(04)23288582,2025,12,10,11,9,臺中市,西區,0,2,0,7,2,6,50,4,1,1,5,4,6,6,4,4,10,5,5,2,17,2,9,6,1,F01,7,6,7,21,2,14,,48,48,1,12,1,120.660166,24.148442,2
4323,66000,387130000C,(04)23274275,(04)23288582,2025,12,10,11,10,臺中市,太平區,0,1,0,7,2,6,50,13,9,1,5,4,6,6,4,4,9,5,5,2,17,3,10,5,4,B03,7,6,1,8,2,5,,20,20,1,6,4,120.725251,24.108942,2
4324,66000,387130000C,(04)23274275,(04)23288582,2025,12,10,11,10,臺中市,大甲區,0,1,0,7,3,6,30,13,9,1,5,4,6,6,4,4,10,5,5,2,18,2,9,5,4,C03,7,9,1,10,2,15,,84,84,1,12,4,120.616594,24.34632,2
4325,66000,387130000C,(04)23274275,(04)23288582,2025,12,10,11,15,臺中市,潭子區,0,0,0,7,,,50,,,,,,,,,,,,,,,,,,,B12,,,1,,2,,,84,84,1,13,4,120.692279,24.220111,3
4326,66000,387130000C,(04)23274275,(04)23288582,2025,12,10,11,16,臺中市,大甲區,0,0,0,7,,,50,,,,,,,,,,,,,,23,,,,,B03,,,1,,1,,,59,59,1,6,4,120.617366,24.343734,3
4327,66000,387130000C,(04)23274275,(04)23288582,2025,12,10,11,16,臺中市,豐原區,0,2,0,7,2,6,50,4,9,1,5,4,6,6,2,1,5,5,5,2,12,2,9,1,1,C03,7,6,1,10,2,14,,85,85,1,12,4,120.719331,24.247946,2
4328,66000,387130000C,(04)23274275,(04)23288582,2025,12,10,11,18,臺中市,南區,0,0,0,7,,,50,,,,,,,,,,,,,,,,,,,B03,,,1,,1,,,7,7,1,12,4,120.669848,24.114614,3
4329,66000,387130000C,(04)23274275,(04)23288582,2025,12,10,11,19,臺中市,南區,0,0,0,7,,,50,,,,,,,,,,,,,,,,,,,B11,,,1,,2,,,8,8,1,6,4,120.665874,24.116858,3
4330,66000,387130000C,(04)23274275,(04)23288582,2025,12,10,11,19,臺中市,西屯區,0,2,0,7,2,6,50,3,1,1,5,4,6,6,4,4,10,5,5,2,17,2,9,5,4,C03,7,8,1,10,2,13,,40,40,1,13,4,120.619341,24.187456,2
4331,66000,387130000C,(04)23274275,(04)23288582,2025,12,10,11,25,臺中市,潭子區,0,1,0,7,3,6,30,3,1,1,5,4,6,6,1,1,10,5,5,2,17,3,10,3,1,B03,7,9,5,19,2,1,,84,84,1,13,4,120.692358,24.220265,2
4332,66000,387130000C,(04)23274275,(04)23288582,2025,12,10,11,25,臺中市,北屯區,0,1,0,7,2,6,50,13,9,1,5,4,6,6,4,4,5,5,5,2,18,2,9,2,1,C03,7,9,1,10,2,16,,82,82,1,12,4,120.70512,24.190239,2
4333,66000,387130000C,(04)23274275,(04)23288582,2025,12,10,11,29,臺中市,南屯區,0,0,0,7,,,50,,,,,,,,,,,,,,,,,,,B01,,,1,,2,,,40,40,1,13,4,120.651349,24.150782,3
4334,66000,387130000C,(04)23274275,(04)23288582,2025,12,10,11,30,臺中市,神岡區,0,0,0,7,,,50,,,,,,,,,,,,,,17,,,,,B12,,,1,,2,,,8,8,1,13,4,120.687295,24.240961,3
4335,66000,387130000C,(04)23274275,(04)23288582,2025,12,10,11,31,臺中市,大里區,0,0,0,7,,,60,,,,,,,,,,,,,,13,,,,,C03,,,1,,2,,,7,7,1,12,4,120.696377,24.087195,3
4336,66000,387130000C,(04)23274275,(04)23288582,2025,12,10,11,40,臺中市,潭子區,0,0,0,7,,,40,,,,,,,,,,,,,,13,,,,,C03,,,1,,1,,,7,7,1,13,4,120.689527,24.220751,3
4337,66000,387130000C,(04)23274275,(04)23288582,2025,12,10,11,43,臺中市,大里區,0,1,0,7,2,6,30,4,1,1,5,4,6,6,4,4,5,5,5,2,16,2,9,1,1,C03,7,6,1,10,2,12,14,20,20,1,13,4,120.683944,24.116168,2
4338,66000,387130000C,(04)23274275,(04)23288582,2025,12,10,11,48,臺中市,北屯區,0,0,0,7,,,40,,,,,,,,,,,,,,13,,,,,C03,,,1,,1,,,84,84,1,13,4,120.690379,24.196169,3
4339,66000,387130000C,(04)23274275,(04)23288582,2025,12,10,11,49,臺中市,西屯區,0,1,0,7,2,6,50,13,9,1,5,4,6,6,1,1,1,4,5,2,12,3,10,5,4,B03,7,9,1,8,2,2,,8,8,1,12,4,120.645503,24.170235,2
4340,66000,387130000C,(04)23274275,(04)23288582,2025,12,10,11,53,臺中市,神岡區,0,0,0,7,,,30,,,,,,,,,,,,,,24,,,,,B12,,,1,,1,,,8,8,1,12,4,120.655363,24.271911,3
4341,66000,387130000C,(04)23274275,(04)23288582,2025,12,10,12,1,臺中市,北屯區,0,1,0,7,2,6,50,13,9,1,5,4,6,6,4,4,1,4,5,2,2,3,10,3,1,B02,7,9,1,8,2,5,,84,84,1,12,4,120.698628,24.175155,2
4342,66000,387130000C,(04)23274275,(04)23288582,2025,12,10,12,2,臺中市,太平區,0,1,0,7,3,6,50,4,1,1,5,4,6,6,4,4,10,5,5,2,16,3,10,1,1,C03,7,6,1,10,2,11,,13,13,1,12,4,120.716832,24.120555,2
4343,66000,387130000C,(04)23274275,(04)23288582,2025,12,10,12,3,臺中市,沙鹿區,0,0,0,7,,,50,,,,,,,,,,,,,,,,,,,C03,,,1,,2,,,7,7,1,12,4,120.573346,24.229471,3
4344,66000,387130000C,(04)23274275,(04)23288582,2025,12,10,12,4,臺中市,西屯區,0,0,0,7,,,50,,,,,,,,,,,,,,17,,,,,C03,,,1,,1,,,34,34,1,13,4,120.645103,24.175654,4
4345,66000,387130000C,(04)23274275,(04)23288582,2025,12,10,12,5,臺中市,南屯區,0,0,0,7,3,6,50,13,7,1,5,4,6,6,3,1,5,5,4,2,13,,,,,C03,,,1,,1,,,7,7,1,12,4,120.612712,24.138941,3
4346,66000,387130000C,(04)23274275,(04)23288582,2025,12,10,12,6,臺中市,中區,0,0,0,7,,,50,,,,,,,,,,,,,,17,,,,,C03,,,1,,2,,,84,84,1,13,4,120.677364,24.143966,4
4347,66000,387130000C,(04)23274275,(04)23288582,2025,12,10,12,6,臺中市,后里區,0,1,0,7,2,6,40,4,9,1,5,4,6,6,1,1,5,4,5,1,17,2,9,1,1,C03,7,9,1,10,2,11,14,21,21,1,6,4,120.741304,24.32963,2
4348,66000,387130000C,(04)23274275,(04)23288582,2025,12,10,12,7,臺中市,西區,0,0,0,7,,,50,,,,,,,,,,,,,,,,,,,B03,,,1,,2,,,34,34,1,12,4,120.673642,24.147562,3
4349,66000,387130000C,(04)23274275,(04)23288582,2025,12,10,12,11,臺中市,西屯區,0,1,0,6,2,6,50,4,1,1,5,4,6,6,1,1,10,5,5,2,16,3,10,5,4,C03,7,6,1,10,2,12,,11,11,1,13,4,120.648804,24.17496,2
4350,66000,387130000C,(04)23274275,(04)23288582,2025,12,10,12,13,臺中市,霧峰區,0,0,0,7,,,50,,,,,,,,,,,,,,,,,,,B03,,,1,,1,,,49,49,2,12,4,120.696437,24.059271,3
4351,66000,387130000C,(04)23274275,(04)23288582,2025,12,10,12,13,臺中市,大里區,0,1,0,7,2,6,50,4,1,1,5,4,6,6,1,1,10,5,5,2,16,3,10,2,1,F03,7,6,7,21,2,12,,11,11,1,6,4,120.698187,24.080466,2
4352,66000,387130000C,(04)23274275,(04)23288582,2025,12,10,12,14,臺中市,梧棲區,0,0,0,7,,,50,,,,,,,,,,,,,,14,,,,,B12,,,1,,1,,,49,49,1,6,4,120.538454,24.248911,3
4353,66000,387130000C,(04)23274275,(04)23288582,2025,12,10,12,22,臺中市,南區,0,0,0,7,,,50,,,,,,,,,,,,,,13,,,,,B03,,,5,,9,,,84,84,1,12,4,120.653779,24.118711,3
4354,66000,387130000C,(04)23274275,(04)23288582,2025,12,10,12,22,臺中市,豐原區,0,0,0,7,,,50,,,,,,,,,,,,,,13,,,,,B03,,,1,,2,,,7,7,1,13,4,120.727957,24.244792,3
4355,66000,387130000C,(04)23274275,(04)23288582,2025,12,10,12,25,臺中市,中區,0,0,0,7,,,50,,,,,,,,,,,,,,17,,,,,C03,,,1,,9,,,84,84,1,12,4,120.680478,24.138462,3
4356,66000,387130000C,(04)23274275,(04)23288582,2025,12,10,12,27,臺中市,大里區,0,1,0,7,3,6,40,4,1,1,5,4,6,6,1,1,10,5,5,2,13,2,8,1,1,C03,7,9,1,10,2,11,,7,7,1,12,4,120.688972,24.078293,2
4357,66000,387130000C,(04)23274275,(04)23288582,2025,12,10,12,30,臺中市,潭子區,0,0,0,7,,,50,,,,,,,,,,,,,,,,,,,B03,,,1,,2,,,54,54,1,13,4,120.678198,24.215267,3
4358,66000,387130000C,(04)23274275,(04)23288582,2025,12,10,12,34,臺中市,中區,0,1,0,7,3,6,50,4,1,1,5,4,6,6,4,4,10,5,5,2,17,3,10,3,1,B03,7,2,1,8,2,3,,49,49,1,12,4,120.674652,24.143245,2
4359,66000,387130000C,(04)23274275,(04)23288582,2025,12,10,12,35,臺中市,北區,0,1,0,7,2,6,50,4,1,1,5,4,6,6,1,1,10,5,5,2,13,2,9,1,1,C03,7,5,1,10,2,12,,7,7,1,13,4,120.684974,24.165325,2
4360,66000,387130000C,(04)23274275,(04)23288582,2025,12,10,12,46,臺中市,南區,0,0,0,7,,,50,,,,,,,,,,,,,,,,,,,B03,,,1,,2,,,84,84,1,6,4,120.653524,24.11881,3