序號,縣市別代碼,機關代碼,市話,傳真,年,月,日,時,分,縣市,區,死亡數量,受傷數量,2-30,天候,道路照明設備,道路類別,道路速限,道路型態,事故位置,路面鋪裝,路面狀態,路面缺陷,障礙物,視距,號誌種類,號誌動作,分向設施,快車道或一般車道間,快慢車道間,路面邊線,事故類型及型態,受傷程度,主要傷處,保護裝備,行動電話或功能裝置,當事者區分(類別),車輛用途,當事者行動狀態,駕照狀態,駕照種類,飲酒情形,車輛撞擊部位最初,車輛撞擊部位其他,肇事因素個別,肇事因素主要,肇事逃逸,職業,共享經濟或外送平台,GPS座標X,GPS座標Y,事故類別
4361,66000,387130000C,(04)23274275,(04)23288582,2025,12,10,12,48,臺中市,北屯區,0,0,0,7,,,50,,,,,,,,,,,,,,16,,,,,B12,,,1,,1,,,7,7,1,13,4,120.694688,24.17019,3
4362,66000,387130000C,(04)23274275,(04)23288582,2025,12,10,12,50,臺中市,大雅區,0,1,0,6,3,6,70,3,2,1,5,4,6,6,1,1,5,2,5,1,17,2,9,1,1,C03,7,9,1,10,2,12,,55,55,1,12,4,120.642918,24.228457,2
4363,66000,387130000C,(04)23274275,(04)23288582,2025,12,10,12,50,臺中市,南區,0,0,0,7,,,0,,,,,,,,,,,,,,17,,,,,C03,,,1,,1,,,84,84,1,12,4,120.668518,24.128606,3
4364,66000,387130000C,(04)23274275,(04)23288582,2025,12,10,12,51,臺中市,北屯區,0,1,0,7,2,6,50,13,7,1,5,4,6,6,4,4,10,5,5,2,17,3,10,5,4,B11,7,14,1,8,2,4,,76,76,1,12,4,120.723495,24.174265,2
4365,66000,387130000C,(04)23274275,(04)23288582,2025,12,10,12,53,臺中市,南區,0,0,0,7,,,50,,,,,,,,,,,,,,,,,,,B01,,,1,,1,,,45,45,1,12,4,120.668731,24.122299,3
4366,66000,387130000C,(04)23274275,(04)23288582,2025,12,10,12,53,臺中市,北屯區,0,2,0,7,2,6,50,13,7,1,5,4,6,6,4,4,5,5,4,2,12,2,8,2,1,C03,7,6,1,10,2,13,,34,34,1,12,4,120.688663,24.181532,2
4367,66000,387130000C,(04)23274275,(04)23288582,2025,12,10,12,57,臺中市,西區,0,0,0,7,,,50,,,,,,,,,,,,,,,,,,,B03,,,1,,2,,,49,49,1,13,4,120.655816,24.136458,3
4368,66000,387130000C,(04)23274275,(04)23288582,2025,12,10,13,0,臺中市,霧峰區,0,0,0,7,,,50,,,,,,,,,,,,,,17,,,,,B12,,,1,8,2,,,84,84,1,13,4,120.696951,24.055632,3
4369,66000,387130000C,(04)23274275,(04)23288582,2025,12,10,13,1,臺中市,龍井區,0,0,0,7,,,30,,,,,,,,,,,,,,17,,,,,C03,,,1,,1,,,51,51,1,6,4,120.591361,24.182702,3
4370,66000,387130000C,(04)23274275,(04)23288582,2025,12,10,13,3,臺中市,北屯區,0,0,0,7,,,50,,,,,,,,,,,,,,13,,,,,C03,,,1,,1,,,59,59,1,13,4,120.729251,24.17822,3
4371,66000,387130000C,(04)23274275,(04)23288582,2025,12,10,13,3,臺中市,大里區,0,1,0,7,3,6,60,13,9,1,5,4,6,6,4,4,3,4,4,1,16,3,10,5,4,B03,7,1,1,8,2,8,,51,51,1,13,4,120.680316,24.104691,2
4372,66000,387130000C,(04)23274275,(04)23288582,2025,12,10,13,5,臺中市,西屯區,0,0,0,7,,,30,,,,,,,,,,,,,,17,,,,,B03,,,1,,1,,,49,49,1,12,4,120.632016,24.164886,3
4373,66000,387130000C,(04)23274275,(04)23288582,2025,12,10,13,10,臺中市,大雅區,0,1,0,7,2,6,50,3,2,1,5,4,6,6,3,1,5,4,5,1,17,3,10,3,1,B03,7,1,1,8,2,5,,51,51,1,12,4,120.651367,24.228432,2
4374,66000,387130000C,(04)23274275,(04)23288582,2025,12,10,13,17,臺中市,南區,0,0,0,7,,,50,,,,,,,,,,,,,,,,,,,C04,,,1,,1,,,8,8,1,12,4,120.653922,24.120392,4
4375,66000,387130000C,(04)23274275,(04)23288582,2025,12,10,13,17,臺中市,大里區,0,0,0,7,,,30,,,,,,,,,,,,,,14,,,,,B03,,,1,,1,,,49,49,2,12,4,120.689654,24.103646,3
4376,66000,387130000C,(04)23274275,(04)23288582,2025,12,10,13,24,臺中市,北區,0,0,0,7,,,50,,,,,,,,,,,,,,17,,,,,B03,,,1,,1,,,84,84,1,12,4,120.685148,24.16162,3
4377,66000,387130000C,(04)23274275,(04)23288582,2025,12,10,13,25,臺中市,北屯區,0,0,0,7,,,50,,,,,,,,,,,,,,12,,,,,B03,,,1,,1,,,84,84,1,6,4,120.701831,24.182039,3
4378,66000,387130000C,(04)23274275,(04)23288582,2025,12,10,13,25,臺中市,沙鹿區,0,1,0,7,2,6,50,13,9,1,5,4,6,6,4,4,5,5,5,1,13,3,10,3,1,B03,7,9,1,8,2,5,,7,7,1,6,4,120.570445,24.230109,2
4379,66000,387130000C,(04)23274275,(04)23288582,2025,12,10,13,27,臺中市,潭子區,0,2,0,7,2,6,50,5,1,1,5,4,6,6,2,1,5,5,5,1,15,2,9,2,1,C03,7,9,1,10,2,11,,21,21,1,13,4,120.709692,24.215119,2
4380,66000,387130000C,(04)23274275,(04)23288582,2025,12,10,13,27,臺中市,后里區,0,0,0,7,,,30,,,,,,,,,,,,,,17,,,,,C03,,,1,,1,,,87,87,1,6,4,120.724642,24.309256,3
4381,66000,387130000C,(04)23274275,(04)23288582,2025,12,10,13,30,臺中市,新社區,0,0,0,7,,,30,,,,,,,,,,,,,,,,,,,B03,,,1,,1,,,8,8,1,13,4,120.8455,24.149114,3
4382,66000,387130000C,(04)23274275,(04)23288582,2025,12,10,13,37,臺中市,大雅區,0,1,0,7,3,6,30,3,2,1,5,4,6,6,4,4,10,5,5,2,21,2,1,5,4,B03,7,5,1,8,2,1,,59,59,1,12,4,120.65166,24.21615,2
4383,66000,387130000C,(04)23274275,(04)23288582,2025,12,10,13,40,臺中市,烏日區,0,1,0,7,2,6,50,3,1,1,5,4,6,6,4,4,5,5,4,2,13,2,8,1,1,C03,7,9,1,10,2,11,,7,7,1,6,4,120.63402,24.106961,2
4384,66000,387130000C,(04)23274275,(04)23288582,2025,12,10,13,44,臺中市,東區,0,1,0,7,3,6,50,4,9,1,5,4,6,6,2,1,5,5,5,2,16,2,9,5,4,C03,7,6,1,10,2,14,,48,48,1,6,4,120.689186,24.142917,2
4385,66000,387130000C,(04)23274275,(04)23288582,2025,12,10,13,48,臺中市,大里區,0,0,0,7,,,30,,,,,,,,,,,,,,12,,,,,C03,,,1,,2,,,8,8,1,6,2,120.689241,24.113285,4
4386,66000,387130000C,(04)23274275,(04)23288582,2025,12,10,13,50,臺中市,西屯區,0,0,0,7,,,40,,,,,,,,,,,,,,13,,,,,C03,,,1,,1,,,59,59,1,12,4,120.641721,24.167416,3
4387,66000,387130000C,(04)23274275,(04)23288582,2025,12,10,13,55,臺中市,大安區,0,1,0,7,3,6,50,3,1,1,5,4,6,6,4,4,10,5,5,2,17,3,10,5,4,C03,7,4,1,10,2,15,,84,84,1,6,4,120.584239,24.350973,2
4388,66000,387130000C,(04)23274275,(04)23288582,2025,12,10,13,57,臺中市,北區,0,1,0,7,2,6,50,3,1,1,5,4,6,6,4,4,5,4,5,2,17,2,9,5,1,C03,7,9,1,10,2,11,,7,7,1,13,4,120.667063,24.159211,2
4389,66000,387130000C,(04)23274275,(04)23288582,2025,12,10,13,58,臺中市,南區,0,0,0,7,,,50,,,,,,,,,,,,,,17,,,,,C03,,,6,,9,,,1,1,1,12,5,120.679161,24.119167,3
4390,66000,387130000C,(04)23274275,(04)23288582,2025,12,10,14,0,臺中市,大雅區,0,0,0,7,,,70,,,,,,,,,,,,,,,,,,,B01,,,1,,1,,,8,8,1,13,4,120.631168,24.239777,4
4391,66000,387130000C,(04)23274275,(04)23288582,2025,12,10,14,7,臺中市,北屯區,0,1,0,7,2,6,50,5,1,1,5,4,6,6,2,1,4,3,4,2,16,3,10,3,1,B03,7,6,1,8,2,1,8,11,11,1,13,4,120.676711,24.176952,2
4392,66000,387130000C,(04)23274275,(04)23288582,2025,12,10,14,10,臺中市,和平區,0,1,0,7,3,6,50,11,9,1,5,4,6,6,4,4,5,5,5,2,18,2,9,1,1,C03,7,9,1,10,2,14,,59,59,1,12,4,120.926091,24.181751,2
4393,66000,387130000C,(04)23274275,(04)23288582,2025,12,10,14,11,臺中市,大肚區,0,0,0,7,,,30,,,,,,,,,,,,,,,,,,,C03,,,1,,1,,,59,59,1,6,4,120.572511,24.113868,3
4394,66000,387130000C,(04)23274275,(04)23288582,2025,12,10,14,12,臺中市,南屯區,0,1,0,6,3,6,50,3,1,1,5,4,6,6,2,1,10,5,5,2,17,3,10,3,1,B03,7,11,1,8,2,5,,45,45,1,6,4,120.623933,24.152278,2
4395,66000,387130000C,(04)23274275,(04)23288582,2025,12,10,14,13,臺中市,石岡區,0,0,0,7,,,70,,,,,,,,,,,,,,13,,,,,B03,,,1,,1,,,7,7,1,6,4,120.815527,24.260889,3
4396,66000,387130000C,(04)23274275,(04)23288582,2025,12,10,14,14,臺中市,北屯區,0,2,0,7,2,6,50,4,1,1,5,4,6,6,1,1,10,5,5,2,16,2,9,2,1,C01,7,6,1,9,2,11,,11,11,1,6,4,120.674648,24.20291,2
4397,66000,387130000C,(04)23274275,(04)23288582,2025,12,10,14,14,臺中市,太平區,0,2,0,7,1,6,50,3,1,1,5,4,6,6,4,4,10,5,5,2,16,2,9,5,1,F06,7,1,7,21,2,14,,51,51,1,12,4,120.733512,24.154592,2
4398,66000,387130000C,(04)23274275,(04)23288582,2025,12,10,14,16,臺中市,西屯區,0,2,0,7,2,6,50,5,1,1,5,4,6,6,2,1,10,5,5,2,12,2,9,1,1,C03,7,5,1,10,2,12,,84,84,1,12,4,120.624078,24.19423,2
4399,66000,387130000C,(04)23274275,(04)23288582,2025,12,10,14,24,臺中市,太平區,0,0,0,7,,,50,,,,,,,,,,,,,,,,,,,C03,,,1,,1,,,46,46,1,6,4,120.70361,24.14823,3
4400,66000,387130000C,(04)23274275,(04)23288582,2025,12,10,14,30,臺中市,梧棲區,0,0,0,7,,,60,,,,,,,,,,,,,,13,,,,,B11,,,1,,1,,,59,59,1,12,4,120.534813,24.246144,3
4401,66000,387130000C,(04)23274275,(04)23288582,2025,12,10,14,35,臺中市,北區,0,0,0,7,,,50,,,,,,,,,,,,,,,,,,,B11,,,1,,2,,,49,49,1,13,4,120.675179,24.173178,3
4402,66000,387130000C,(04)23274275,(04)23288582,2025,12,10,14,37,臺中市,太平區,0,1,0,7,3,6,40,11,9,1,5,4,6,6,4,4,5,5,5,1,18,2,9,1,1,C03,7,5,1,10,2,14,,58,58,1,12,4,120.774794,24.105289,2
4403,66000,387130000C,(04)23274275,(04)23288582,2025,12,10,14,38,臺中市,西屯區,0,1,0,7,2,6,50,4,1,1,5,4,6,6,1,1,10,5,5,2,17,3,10,3,4,B03,7,6,1,10,2,5,,11,11,1,13,4,120.648234,24.167782,2
4404,66000,387130000C,(04)23274275,(04)23288582,2025,12,10,14,42,臺中市,龍井區,0,0,0,7,,,30,,,,,,,,,,,,,,14,,,,,B12,,,1,,2,,,49,49,1,6,4,120.57828,24.1821,3
4405,66000,387130000C,(04)23274275,(04)23288582,2025,12,10,14,44,臺中市,豐原區,0,2,0,7,2,6,50,3,1,1,5,4,6,6,1,1,5,5,5,2,17,2,7,5,4,C03,7,1,1,10,2,11,,51,51,1,12,4,120.715029,24.249187,2
4406,66000,387130000C,(04)23274275,(04)23288582,2025,12,10,14,46,臺中市,西屯區,0,3,0,7,2,6,40,13,8,1,5,4,6,6,4,4,3,5,3,2,13,2,9,5,4,C03,7,9,1,10,2,11,,7,7,1,13,4,120.60612,24.183788,2
4407,66000,387130000C,(04)23274275,(04)23288582,2025,12,10,14,48,臺中市,西屯區,0,0,0,7,,,50,,,,,,,,,,,,,,16,,,,,C03,,,1,,1,,,11,11,1,5,4,120.648819,24.168748,3
4408,66000,387130000C,(04)23274275,(04)23288582,2025,12,10,14,49,臺中市,豐原區,0,1,0,7,2,6,50,5,1,1,5,4,6,6,1,1,10,5,5,2,16,3,10,5,4,B03,7,5,1,8,2,5,,11,11,1,9,4,120.720416,24.240597,2
4409,66000,387130000C,(04)23274275,(04)23288582,2025,12,10,14,52,臺中市,北區,0,0,0,7,,,50,,,,,,,,,,,,,,,,,,,C03,,,1,,2,,,7,7,1,12,4,120.674574,24.163542,4
4410,66000,387130000C,(04)23274275,(04)23288582,2025,12,10,14,54,臺中市,北區,0,1,0,7,2,6,50,4,1,1,5,4,6,6,2,1,1,4,4,2,16,3,10,3,1,B12,7,6,1,8,2,2,,11,11,1,13,4,120.675441,24.160436,2
4411,66000,387130000C,(04)23274275,(04)23288582,2025,12,10,14,54,臺中市,后里區,0,0,0,7,,,50,,,,,,,,,,,,,,17,,,,,C03,,,1,,2,,,84,84,1,6,4,120.7193,24.309421,3
4412,66000,387130000C,(04)23274275,(04)23288582,2025,12,10,14,59,臺中市,北區,0,0,0,7,,,50,,,,,,,,,,,,,,,,,,,B03,,,1,,11,,,87,87,1,13,4,120.679386,24.152368,3
4413,66000,387130000C,(04)23274275,(04)23288582,2025,12,10,15,11,臺中市,龍井區,0,0,0,7,,,60,,,,,,,,,,,,,,,,,,,B03,,,1,,2,,,7,7,1,6,4,120.536096,24.194402,3
4414,66000,387130000C,(04)23274275,(04)23288582,2025,12,10,15,22,臺中市,西區,0,0,0,7,,,50,,,,,,,,,,,,,,17,,,,,B13,,,1,,9,,,84,84,2,13,4,120.662547,24.156305,3
4415,66000,387130000C,(04)23274275,(04)23288582,2025,12,10,15,22,臺中市,霧峰區,0,0,0,7,,,50,,,,,,,,,,,,,,13,,,,,C03,,,1,,1,,,7,7,1,12,4,120.690695,24.066004,3
4416,66000,387130000C,(04)23274275,(04)23288582,2025,12,10,15,23,臺中市,沙鹿區,0,0,0,7,,,60,,,,,,,,,,,,,,13,,,,,B03,,,1,,2,,,59,59,1,6,4,120.568418,24.237921,3
4417,66000,387130000C,(04)23274275,(04)23288582,2025,12,10,15,26,臺中市,和平區,0,0,0,7,,,50,,,,,,,,,,,,,,14,,,,,B03,,,1,,2,,,49,49,1,12,4,120.88358,24.174388,3
4418,66000,387130000C,(04)23274275,(04)23288582,2025,12,10,15,27,臺中市,北屯區,0,1,0,7,2,6,50,4,1,1,5,4,6,6,1,1,10,5,5,2,17,2,9,1,1,C03,7,6,1,10,2,13,,25,25,1,5,4,120.70393,24.1823,2
4419,66000,387130000C,(04)23274275,(04)23288582,2025,12,10,15,35,臺中市,龍井區,0,0,0,7,,,40,,,,,,,,,,,,,,,,,,,B12,,,1,,1,,,49,49,1,6,4,120.563943,24.195196,3
4420,66000,387130000C,(04)23274275,(04)23288582,2025,12,10,15,36,臺中市,大雅區,0,0,0,7,,,30,,,,,,,,,,,,,,,,,,,B12,,,1,,1,,,41,41,1,12,4,120.659421,24.208882,3
4421,66000,387130000C,(04)23274275,(04)23288582,2025,12,10,15,40,臺中市,南屯區,0,0,0,7,,,50,,,,,,,,,,,,,,,,,,,C03,,,1,,9,,,87,87,1,12,4,120.615253,24.148051,3
4422,66000,387130000C,(04)23274275,(04)23288582,2025,12,10,15,40,臺中市,新社區,0,2,0,7,3,6,50,13,7,1,5,4,6,6,4,4,5,5,4,2,17,2,9,2,1,C03,7,1,1,8,2,14,,51,51,1,6,4,120.80741,24.239503,2
4423,66000,387130000C,(04)23274275,(04)23288582,2025,12,10,15,41,臺中市,太平區,0,2,0,7,2,6,50,13,9,1,5,4,6,6,4,4,5,4,5,1,17,3,10,2,1,C03,7,7,1,10,2,13,,40,40,1,12,4,120.717717,24.12868,2
4424,66000,387130000C,(04)23274275,(04)23288582,2025,12,10,15,43,臺中市,北屯區,0,1,0,7,3,6,30,3,1,1,5,4,6,6,4,4,10,5,5,2,16,3,10,3,1,B03,7,6,1,8,1,8,,12,12,1,5,4,120.68295,24.194405,2
4425,66000,387130000C,(04)23274275,(04)23288582,2025,12,10,15,44,臺中市,北區,0,1,0,7,2,6,50,4,1,1,5,4,6,6,1,1,10,5,5,2,16,2,9,1,1,C03,7,4,1,10,2,12,,1,1,1,12,4,120.680846,24.149134,2
4426,66000,387130000C,(04)23274275,(04)23288582,2025,12,10,15,50,臺中市,北屯區,0,0,0,7,,,50,,,,,,,,,,,,,,17,,,,,B12,,,1,,1,,,84,84,1,6,4,120.681685,24.17266,3
4427,66000,387130000C,(04)23274275,(04)23288582,2025,12,10,15,54,臺中市,北區,0,0,0,7,,,,,,,,,,,,,,,,,17,,,,,,,,,,,,,119,119,1,,,120.679928,24.162532,3
4428,66000,387130000C,(04)23274275,(04)23288582,2025,12,10,15,57,臺中市,東區,0,0,0,7,,,50,,,,,,,,,,,,,,,,,,,B02,,,3,,9,,,84,84,1,12,4,120.686763,24.130073,3
4429,66000,387130000C,(04)23274275,(04)23288582,2025,12,10,15,59,臺中市,后里區,0,1,0,7,2,6,50,4,9,1,5,4,6,6,1,1,5,4,4,1,13,3,10,3,1,B03,7,9,1,8,2,1,,84,84,1,6,4,120.7057,24.295576,2
4430,66000,387130000C,(04)23274275,(04)23288582,2025,12,10,16,8,臺中市,南屯區,0,0,0,7,,,50,,,,,,,,,,,,,,13,,,,,B12,,,1,,2,,,56,56,1,13,4,120.636858,24.136646,3
4431,66000,387130000C,(04)23274275,(04)23288582,2025,12,10,16,13,臺中市,北屯區,0,0,0,7,,,50,,,,,,,,,,,,,,13,,,,,B03,,,1,,1,,,7,7,1,6,4,120.70799,24.186768,3
4432,66000,387130000C,(04)23274275,(04)23288582,2025,12,10,16,15,臺中市,中區,0,1,0,7,3,6,50,4,1,1,5,4,6,6,1,1,10,5,5,2,17,2,8,2,1,C03,7,15,1,10,2,12,,85,85,1,12,4,120.678766,24.141618,2
4433,66000,387130000C,(04)23274275,(04)23288582,2025,12,10,16,16,臺中市,南屯區,0,0,0,7,,,50,,,,,,,,,,,,,,16,,,,,C03,,,1,,1,,,14,14,1,13,4,120.610213,24.138469,3
4434,66000,387130000C,(04)23274275,(04)23288582,2025,12,10,16,16,臺中市,霧峰區,0,1,0,7,2,6,50,13,9,1,5,4,6,6,4,4,4,5,5,2,17,2,9,2,1,C03,7,9,1,10,2,11,,7,7,1,6,4,120.688593,24.043724,2
4435,66000,387130000C,(04)23274275,(04)23288582,2025,12,10,16,20,臺中市,北屯區,0,1,0,7,2,6,50,4,19,1,5,4,6,6,2,1,10,5,5,2,3,3,10,3,1,B03,7,6,1,7,2,1,,10,10,1,6,4,120.696754,24.176059,2
4436,66000,387130000C,(04)23274275,(04)23288582,2025,12,10,16,20,臺中市,西屯區,0,0,0,7,,,30,,,,,,,,,,,,,,14,,,,,B03,,,1,,9,,,49,49,2,12,4,120.605997,24.186649,3
4437,66000,387130000C,(04)23274275,(04)23288582,2025,12,10,16,21,臺中市,大里區,0,0,0,7,,3,50,,,,,,,,,,,,,,,,,,,B12,,,1,,1,,,7,7,1,12,4,120.690704,24.098029,3
4438,66000,387130000C,(04)23274275,(04)23288582,2025,12,10,16,22,臺中市,沙鹿區,0,1,0,7,2,6,50,13,9,1,5,4,6,6,4,4,5,5,4,2,17,3,10,3,1,B03,7,11,1,8,1,2,,45,45,1,5,4,120.579832,24.22412,2
4439,66000,387130000C,(04)23274275,(04)23288582,2025,12,10,16,23,臺中市,大甲區,0,2,0,7,2,6,60,4,1,1,5,4,6,6,1,1,1,4,5,1,18,2,9,2,1,C03,7,9,1,10,2,14,,82,82,1,5,4,120.626041,24.427759,2
4440,66000,387130000C,(04)23274275,(04)23288582,2025,12,10,16,25,臺中市,東區,0,1,0,7,3,6,50,3,1,1,5,4,6,6,1,1,10,5,5,2,16,3,10,3,1,B03,7,5,1,8,2,5,,47,47,1,13,4,120.689966,24.137833,2
4441,66000,387130000C,(04)23274275,(04)23288582,2025,12,10,16,25,臺中市,大里區,0,0,0,7,,,30,,,,,,,,,,,,,,17,,,,,B03,,,1,,1,,,8,8,1,12,4,120.68048,24.103545,3
4442,66000,387130000C,(04)23274275,(04)23288582,2025,12,10,16,31,臺中市,潭子區,0,1,0,7,3,6,50,3,2,1,5,4,6,6,4,4,3,4,4,1,17,3,10,3,1,B03,7,5,1,8,2,2,,20,20,1,12,4,120.688818,24.219736,2
4443,66000,387130000C,(04)23274275,(04)23288582,2025,12,10,16,31,臺中市,烏日區,0,0,0,7,,,30,,,,,,,,,,,,,,,,,,,C03,,,1,,1,,,51,51,1,6,4,120.62499,24.102863,3
4444,66000,387130000C,(04)23274275,(04)23288582,2025,12,10,16,35,臺中市,東勢區,0,0,0,7,,,50,,,,,,,,,,,,,,,,,,,B12,,,1,,1,,,50,50,1,13,4,120.829921,24.251446,3
4445,66000,387130000C,(04)23274275,(04)23288582,2025,12,10,16,38,臺中市,北屯區,0,1,0,7,3,6,50,4,1,1,5,4,6,6,2,1,10,5,5,2,13,3,10,2,1,C03,7,6,1,10,1,11,,7,7,1,6,4,120.696754,24.176059,2
4446,66000,387130000C,(04)23274275,(04)23288582,2025,12,10,16,38,臺中市,霧峰區,0,2,0,7,2,6,50,5,1,1,5,4,6,6,1,1,10,5,5,2,16,2,9,5,4,C03,7,9,1,10,2,11,,1,1,1,12,4,120.699185,24.068799,2
4447,66000,387130000C,(04)23274275,(04)23288582,2025,12,10,16,40,臺中市,北屯區,0,1,0,7,3,6,50,13,7,1,5,4,6,6,4,4,5,5,4,2,13,2,9,4,1,F01,7,9,7,21,1,11,,7,7,1,3,4,120.696606,24.175885,2
4448,66000,387130000C,(04)23274275,(04)23288582,2025,12,10,16,40,臺中市,清水區,0,0,0,7,,,50,,,,,,,,,,,,,,14,,,,,B03,,,1,,2,,,49,49,1,13,4,120.541055,24.265735,3
4449,66000,387130000C,(04)23274275,(04)23288582,2025,12,10,16,41,臺中市,南屯區,0,1,0,7,3,6,50,3,1,1,5,4,6,6,4,4,10,5,5,2,13,2,9,2,1,C02,7,9,1,9,2,11,,7,7,1,12,4,120.647028,24.134668,2
4450,66000,387130000C,(04)23274275,(04)23288582,2025,12,10,16,42,臺中市,西屯區,0,1,0,7,2,6,50,3,1,1,5,4,6,6,1,1,5,4,5,2,17,3,10,1,1,C03,7,7,1,10,1,12,,40,40,1,12,4,120.650691,24.175853,2
4451,66000,387130000C,(04)23274275,(04)23288582,2025,12,10,16,54,臺中市,潭子區,0,0,0,7,,,30,,,,,,,,,,,,,,,,,,,B02,,,1,,2,,,59,59,1,12,4,120.70956,24.226403,3
4452,66000,387130000C,(04)23274275,(04)23288582,2025,12,10,16,59,臺中市,梧棲區,0,0,0,7,,,60,,,,,,,,,,,,,,16,,,,,A11,,,1,,1,,,14,14,1,12,4,120.522902,24.223367,3
4453,66000,387130000C,(04)23274275,(04)23288582,2025,12,10,17,0,臺中市,大雅區,0,1,0,7,3,6,40,4,1,1,5,4,6,6,1,1,10,5,5,2,11,3,10,5,4,F01,7,6,7,21,2,12,,11,11,1,12,4,120.649959,24.216335,2
4454,66000,387130000C,(04)23274275,(04)23288582,2025,12,10,17,0,臺中市,南屯區,0,1,0,7,2,6,50,3,1,1,5,4,6,6,4,4,10,5,5,2,17,3,10,3,1,B03,7,6,1,8,2,6,,14,14,1,12,4,120.635557,24.132553,2
4455,66000,387130000C,(04)23274275,(04)23288582,2025,12,10,17,0,臺中市,北屯區,0,0,0,7,,,50,,,,,,,,,,,,,,13,,,,,C03,,,1,,2,,,84,84,1,6,4,120.696959,24.176029,3
4456,66000,387130000C,(04)23274275,(04)23288582,2025,12,10,17,0,臺中市,豐原區,0,0,0,7,,,50,,,,,,,,,,,,,,18,,,,,B12,,,1,,1,,,84,84,1,6,4,120.728814,24.22265,3
4457,66000,387130000C,(04)23274275,(04)23288582,2025,12,10,17,1,臺中市,大雅區,0,2,0,7,3,6,50,4,1,1,5,4,6,6,4,4,4,3,5,2,17,2,8,5,4,C04,7,5,1,11,2,14,,12,12,1,13,4,120.648431,24.223373,2
4458,66000,387130000C,(04)23274275,(04)23288582,2025,12,10,17,1,臺中市,北屯區,0,0,0,7,,,40,,,,,,,,,,,,,,,,,,,B03,,,1,,2,,,58,58,1,6,4,120.661893,24.189672,3
4459,66000,387130000C,(04)23274275,(04)23288582,2025,12,10,17,1,臺中市,豐原區,0,1,0,7,1,6,50,4,1,1,5,4,6,6,4,4,5,4,4,2,15,2,8,1,1,C03,7,9,3,19,2,11,,12,12,1,12,4,120.732453,24.251528,2
4460,66000,387130000C,(04)23274275,(04)23288582,2025,12,10,17,2,臺中市,南屯區,0,0,0,7,,,40,,,,,,,,,,,,,,17,,,,,,,,,,,,,119,119,1,,,120.594713,24.150661,3
4461,66000,387130000C,(04)23274275,(04)23288582,2025,12,10,17,3,臺中市,西屯區,0,0,0,7,,,50,,,,,,,,,,,,,,12,,,,,C03,,,1,,1,,,8,8,1,13,4,120.613323,24.171757,3
4462,66000,387130000C,(04)23274275,(04)23288582,2025,12,10,17,7,臺中市,南區,0,0,0,7,,,50,,,,,,,,,,,,,,13,,,,,C03,,,1,,1,,,7,7,1,12,4,120.661948,24.130346,3
4463,66000,387130000C,(04)23274275,(04)23288582,2025,12,10,17,8,臺中市,潭子區,0,2,0,6,3,6,30,5,1,1,5,4,6,6,1,1,10,5,5,2,17,2,9,2,1,C03,7,5,1,10,2,11,12,22,22,1,13,4,120.690625,24.211988,2
4464,66000,387130000C,(04)23274275,(04)23288582,2025,12,10,17,8,臺中市,大里區,0,0,0,7,,,50,,,,,,,,,,,,,,17,,,,,B12,,,1,,2,,,11,11,1,6,4,120.696784,24.085498,3
4465,66000,387130000C,(04)23274275,(04)23288582,2025,12,10,17,8,臺中市,大里區,0,1,0,7,2,6,50,3,1,1,5,4,6,6,4,4,10,5,5,2,15,2,8,1,1,F03,7,1,7,21,2,11,,51,51,1,6,4,120.716803,24.09535,2
4466,66000,387130000C,(04)23274275,(04)23288582,2025,12,10,17,9,臺中市,沙鹿區,0,1,0,7,2,6,0,13,21,1,5,4,6,6,4,4,10,5,5,2,17,2,8,6,1,F01,7,9,7,21,2,11,,39,39,1,6,4,120.55858,24.235463,2
4467,66000,387130000C,(04)23274275,(04)23288582,2025,12,10,17,10,臺中市,霧峰區,0,0,0,7,,,40,,,,,,,,,,,,,,13,,,,,C03,,,1,,2,,,84,84,1,12,4,120.662459,24.068635,3
4468,66000,387130000C,(04)23274275,(04)23288582,2025,12,10,17,11,臺中市,大甲區,0,2,0,7,1,6,50,4,1,1,5,4,6,6,1,1,10,5,5,2,15,2,9,5,4,C03,7,9,1,10,2,14,,21,21,1,6,4,120.623798,24.342707,2
4469,66000,387130000C,(04)23274275,(04)23288582,2025,12,10,17,12,臺中市,北屯區,0,0,0,7,,,50,,,,,,,,,,,,,,17,,,,,B03,,,1,,1,,,58,58,1,6,4,120.737164,24.159442,3
4470,66000,387130000C,(04)23274275,(04)23288582,2025,12,10,17,13,臺中市,霧峰區,0,1,0,7,2,6,40,13,8,1,5,4,6,6,4,4,10,4,4,1,16,3,10,5,4,B02,7,5,1,2,2,6,,84,84,1,12,4,120.662787,24.057646,2
4471,66000,387130000C,(04)23274275,(04)23288582,2025,12,10,17,13,臺中市,豐原區,0,2,0,7,1,6,50,3,2,1,5,4,6,6,1,1,5,5,4,1,13,2,5,5,4,C03,7,5,1,10,2,13,,47,47,1,12,4,120.704086,24.231668,2
4472,66000,387130000C,(04)23274275,(04)23288582,2025,12,10,17,19,臺中市,中區,0,1,0,7,1,6,50,4,1,1,5,4,6,6,1,1,10,5,5,2,13,3,10,1,1,C03,7,9,1,10,2,11,,7,7,1,13,4,120.679142,24.145538,2