序號,縣市別代碼,機關代碼,市話,傳真,年,月,日,時,分,縣市,區,死亡數量,受傷數量,2-30,天候,道路照明設備,道路類別,道路速限,道路型態,事故位置,路面鋪裝,路面狀態,路面缺陷,障礙物,視距,號誌種類,號誌動作,分向設施,快車道或一般車道間,快慢車道間,路面邊線,事故類型及型態,受傷程度,主要傷處,保護裝備,行動電話或功能裝置,當事者區分(類別),車輛用途,當事者行動狀態,駕照狀態,駕照種類,飲酒情形,車輛撞擊部位最初,車輛撞擊部位其他,肇事因素個別,肇事因素主要,肇事逃逸,職業,共享經濟或外送平台,GPS座標X,GPS座標Y,事故類別
4473,66000,387130000C,(04)23274275,(04)23288582,2025,12,10,17,20,臺中市,北屯區,0,0,0,7,,,50,,,,,,,,,,,,,,13,,,,,C03,,,1,,1,,,7,7,1,6,4,120.664555,24.185199,3
4474,66000,387130000C,(04)23274275,(04)23288582,2025,12,10,17,21,臺中市,大雅區,0,1,0,7,1,6,60,13,9,1,5,4,6,6,4,4,1,4,5,1,18,2,9,1,1,C04,7,5,1,8,2,12,,84,84,1,12,4,120.64696,24.221634,2
4475,66000,387130000C,(04)23274275,(04)23288582,2025,12,10,17,21,臺中市,西區,0,0,0,7,,,50,,,,,,,,,,,,,,12,,,,,B03,,,1,,1,,,84,84,1,13,4,120.661694,24.136559,3
4476,66000,387130000C,(04)23274275,(04)23288582,2025,12,10,17,22,臺中市,西區,0,0,0,7,,,50,,,,,,,,,,,,,,16,,,,,B03,,,1,,2,,,11,11,1,13,4,120.655075,24.152362,3
4477,66000,387130000C,(04)23274275,(04)23288582,2025,12,10,17,23,臺中市,霧峰區,0,1,0,7,1,6,50,13,7,1,5,4,6,6,4,4,5,5,4,2,3,2,9,6,5,H01,8,16,7,21,10,17,,95,95,1,12,5,120.697147,24.064319,2
4478,66000,387130000C,(04)23274275,(04)23288582,2025,12,10,17,23,臺中市,霧峰區,0,1,0,7,2,6,50,4,2,1,5,4,6,6,1,1,4,5,5,1,17,3,10,1,1,C03,7,9,1,10,2,14,,84,84,1,6,4,120.667644,24.03631,2
4479,66000,387130000C,(04)23274275,(04)23288582,2025,12,10,17,24,臺中市,潭子區,0,1,0,6,3,6,50,4,1,1,5,4,6,6,1,1,5,4,5,1,17,3,10,3,1,B03,7,6,1,8,2,8,,11,11,1,13,4,120.723128,24.214906,2
4480,66000,387130000C,(04)23274275,(04)23288582,2025,12,10,17,25,臺中市,北區,0,2,0,7,3,6,50,4,2,1,5,4,6,6,1,1,5,4,5,2,16,2,9,5,4,F01,7,6,7,21,2,14,,48,48,1,13,4,120.670681,24.164516,2
4481,66000,387130000C,(04)23274275,(04)23288582,2025,12,10,17,27,臺中市,西屯區,0,2,0,7,1,6,50,3,1,1,5,4,6,6,2,1,10,5,5,2,16,2,7,2,4,C03,7,9,1,10,2,11,,4,4,1,13,4,120.619207,24.181438,2
4482,66000,387130000C,(04)23274275,(04)23288582,2025,12,10,17,28,臺中市,神岡區,0,1,0,7,1,6,50,4,1,1,5,4,6,6,1,1,5,4,4,2,17,3,10,5,4,B03,7,5,1,8,2,16,,47,47,1,12,4,120.636372,24.289461,2
4483,66000,387130000C,(04)23274275,(04)23288582,2025,12,10,17,29,臺中市,西屯區,0,0,0,6,,,40,,,,,,,,,,,,,,,,,,,B03,,,1,,1,,,59,59,1,13,4,120.655952,24.159325,3
4484,66000,387130000C,(04)23274275,(04)23288582,2025,12,10,17,30,臺中市,沙鹿區,0,0,0,7,,,70,,,,,,,,,,,,,,13,,,,,B03,,,1,,2,,,84,84,1,6,4,120.585228,24.25065,3
4485,66000,387130000C,(04)23274275,(04)23288582,2025,12,10,17,30,臺中市,沙鹿區,0,0,0,7,,,60,,,,,,,,,,,,,,13,,,,,B03,,,1,,1,,,7,7,1,12,4,120.559029,24.241499,3
4486,66000,387130000C,(04)23274275,(04)23288582,2025,12,10,17,30,臺中市,豐原區,0,0,0,7,,,50,,,,,,,,,,,,,,17,,,,,B03,,,1,,1,,,59,59,1,12,4,120.699037,24.246583,4
4487,66000,387130000C,(04)23274275,(04)23288582,2025,12,10,17,35,臺中市,豐原區,0,1,0,7,1,6,50,4,1,1,5,4,6,6,1,1,1,4,4,1,18,2,9,1,1,C03,7,9,1,10,2,11,,84,84,1,6,4,120.704849,24.255109,2
4488,66000,387130000C,(04)23274275,(04)23288582,2025,12,10,17,36,臺中市,西區,0,0,0,7,,,50,,,,,,,,,,,,,,13,,,,,C03,,,1,,1,,,7,7,1,12,4,120.669709,24.146674,3
4489,66000,387130000C,(04)23274275,(04)23288582,2025,12,10,17,36,臺中市,豐原區,0,2,0,7,1,6,50,13,9,1,5,4,6,6,4,4,5,4,4,2,17,2,8,1,1,C03,7,6,3,19,2,11,,84,84,1,12,4,120.725785,24.241701,2
4490,66000,387130000C,(04)23274275,(04)23288582,2025,12,10,17,37,臺中市,西區,0,1,0,7,1,6,50,4,1,1,4,4,6,6,1,1,10,5,5,2,16,3,10,3,1,B03,7,6,1,8,2,2,,11,11,1,6,4,120.66635,24.133595,2
4491,66000,387130000C,(04)23274275,(04)23288582,2025,12,10,17,38,臺中市,西區,0,0,0,7,,,50,,,,,,,,,,,,,,12,,,,,B03,,,1,,1,,,40,40,1,13,4,120.657203,24.138847,3
4492,66000,387130000C,(04)23274275,(04)23288582,2025,12,10,17,40,臺中市,南屯區,0,0,0,7,,,40,,,,,,,,,,,,,,12,,,,,B03,,,1,,9,,,1,1,1,13,4,120.623399,24.135649,3
4493,66000,387130000C,(04)23274275,(04)23288582,2025,12,10,17,40,臺中市,沙鹿區,0,0,0,7,,,70,,,,,,,,,,,,,,13,,,,,B03,,,1,,1,,,7,7,1,6,4,120.563795,24.239502,3
4494,66000,387130000C,(04)23274275,(04)23288582,2025,12,10,17,41,臺中市,東區,0,1,0,7,1,6,50,13,9,1,5,4,6,6,4,4,5,4,5,2,13,2,9,2,1,C03,7,9,1,10,2,11,,7,7,1,13,4,120.687852,24.14302,2
4495,66000,387130000C,(04)23274275,(04)23288582,2025,12,10,17,42,臺中市,北屯區,0,0,0,7,,,50,,,,,,,,,,,,,,12,,,,,B03,,,1,,2,,,39,39,1,6,4,120.685025,24.193468,3
4496,66000,387130000C,(04)23274275,(04)23288582,2025,12,10,17,43,臺中市,北屯區,0,2,0,7,1,6,50,4,1,1,5,4,6,6,2,1,10,5,5,2,16,2,8,6,1,F01,7,6,7,21,1,14,,48,48,1,12,1,120.703683,24.174669,2
4497,66000,387130000C,(04)23274275,(04)23288582,2025,12,10,17,44,臺中市,北區,0,1,0,7,1,6,50,4,1,1,5,4,6,6,1,1,10,5,5,2,15,3,10,3,1,B03,7,9,1,8,2,2,,21,21,1,12,4,120.691062,24.158707,2
4498,66000,387130000C,(04)23274275,(04)23288582,2025,12,10,17,45,臺中市,北屯區,0,2,0,7,1,6,50,13,9,1,5,4,6,6,1,1,5,4,5,2,12,2,9,1,1,C03,7,8,1,10,2,14,,40,40,1,12,4,120.682239,24.188266,2
4499,66000,387130000C,(04)23274275,(04)23288582,2025,12,10,17,47,臺中市,沙鹿區,0,0,0,7,,,50,,,,,,,,,,,,,,,,,,,B03,,,1,,2,,,50,50,1,6,4,120.562309,24.242556,3
4500,66000,387130000C,(04)23274275,(04)23288582,2025,12,10,17,48,臺中市,北區,0,1,0,7,1,6,30,11,9,1,5,4,6,6,4,4,10,5,5,2,17,3,10,3,1,B03,7,9,1,8,2,16,,84,84,1,13,4,120.70338,24.157989,2
4501,66000,387130000C,(04)23274275,(04)23288582,2025,12,10,17,48,臺中市,霧峰區,0,0,0,7,,,50,,,,,,,,,,,,,,,,,,,B03,,,1,,2,,,7,7,1,5,4,120.649559,24.08644,3
4502,66000,387130000C,(04)23274275,(04)23288582,2025,12,10,17,48,臺中市,烏日區,0,2,0,7,1,6,30,13,24,1,5,4,6,6,4,4,10,5,5,2,17,2,9,5,4,C03,7,9,1,10,2,11,,84,84,1,8,4,120.625472,24.10982,2
4503,66000,387130000C,(04)23274275,(04)23288582,2025,12,10,17,49,臺中市,南區,0,0,0,7,,,50,,,,,,,,,,,,,,,,,,,B03,,,1,,2,,,84,84,1,12,4,120.672862,24.131007,3
4504,66000,387130000C,(04)23274275,(04)23288582,2025,12,10,17,49,臺中市,北屯區,0,3,0,6,1,6,50,4,1,1,5,4,6,6,1,1,10,5,5,2,12,2,8,2,1,C03,7,7,1,10,2,12,,26,26,1,6,4,120.670074,24.177917,2
4505,66000,387130000C,(04)23274275,(04)23288582,2025,12,10,17,49,臺中市,西屯區,0,0,0,7,,,50,,,,,,,,,,,,,,13,,,,,B03,,,1,,1,,,59,59,1,5,4,120.646967,24.165966,3
4506,66000,387130000C,(04)23274275,(04)23288582,2025,12,10,17,50,臺中市,神岡區,0,1,0,7,1,6,30,3,1,1,5,4,6,6,4,4,10,5,5,2,17,3,10,5,4,B03,7,5,1,8,2,5,,59,59,1,12,4,120.68167,24.242364,2
4507,66000,387130000C,(04)23274275,(04)23288582,2025,12,10,17,52,臺中市,烏日區,0,0,0,7,,3,80,,,,,,,,,,,,,,13,,,,,B03,,,1,,1,,,7,7,1,13,4,120.616521,24.107356,3
4508,66000,387130000C,(04)23274275,(04)23288582,2025,12,10,17,54,臺中市,北區,0,0,0,7,,,50,,,,,,,,,,,,,,17,,,,,B03,,,1,,9,,,58,58,2,13,4,120.688573,24.153737,3
4509,66000,387130000C,(04)23274275,(04)23288582,2025,12,10,17,55,臺中市,龍井區,0,1,0,7,1,6,60,4,1,1,5,4,6,6,1,1,10,5,5,2,17,2,9,2,1,C03,7,9,1,10,2,11,,21,21,1,6,4,120.532963,24.194186,2
4510,66000,387130000C,(04)23274275,(04)23288582,2025,12,10,17,56,臺中市,北區,0,0,0,7,1,6,50,3,2,1,5,4,6,6,4,4,10,5,5,2,17,,,,,C03,,,1,,1,,,84,84,1,13,4,120.689557,24.160723,3
4511,66000,387130000C,(04)23274275,(04)23288582,2025,12,10,17,58,臺中市,龍井區,0,2,0,6,1,6,50,4,1,1,5,4,6,6,2,1,10,5,5,2,16,3,10,3,1,B03,7,5,1,8,2,5,,8,8,1,6,4,120.592862,24.182846,2
4512,66000,387130000C,(04)23274275,(04)23288582,2025,12,10,18,0,臺中市,北屯區,0,0,0,7,,,50,,,,,,,,,,,,,,14,,,,,B03,,,1,,1,,,49,49,1,6,4,120.688488,24.18184,3
4513,66000,387130000C,(04)23274275,(04)23288582,2025,12,10,18,0,臺中市,西屯區,0,1,0,7,1,6,50,4,1,1,5,4,6,6,2,1,10,5,5,2,16,3,10,3,1,B03,7,6,1,8,2,1,,48,48,1,12,4,120.608706,24.169688,2
4514,66000,387130000C,(04)23274275,(04)23288582,2025,12,10,18,2,臺中市,北區,0,0,0,7,,,50,,,,,,,,,,,,,,,,,,,B03,,,1,,2,,,42,42,1,13,4,120.67052,24.158454,3
4515,66000,387130000C,(04)23274275,(04)23288582,2025,12,10,18,4,臺中市,南屯區,0,0,0,7,,,50,,,,,,,,,,,,,,,,,,,B03,,,1,,2,,,59,59,1,12,4,120.639006,24.14175,3
4516,66000,387130000C,(04)23274275,(04)23288582,2025,12,10,18,4,臺中市,北屯區,0,1,0,7,1,6,50,13,9,1,5,4,6,6,4,4,1,4,5,2,24,2,9,1,1,C03,7,9,1,10,2,11,,58,58,1,6,4,120.727662,24.161684,2
4517,66000,387130000C,(04)23274275,(04)23288582,2025,12,10,18,4,臺中市,大甲區,0,1,0,7,1,6,50,3,1,1,5,4,6,6,4,4,4,5,4,1,16,3,10,2,1,C03,7,6,1,10,2,12,,14,14,1,6,4,120.616043,24.349976,2
4518,66000,387130000C,(04)23274275,(04)23288582,2025,12,10,18,5,臺中市,西屯區,0,1,0,7,1,6,50,4,2,1,5,4,6,6,1,1,5,4,5,2,18,2,9,1,1,C03,7,9,1,10,1,16,,6,6,1,12,4,120.624893,24.179818,2
4519,66000,387130000C,(04)23274275,(04)23288582,2025,12,10,18,6,臺中市,大雅區,0,2,0,7,3,6,50,4,1,1,5,4,6,6,1,1,10,5,5,2,11,2,9,2,1,C03,7,6,1,10,2,11,,11,11,1,12,4,120.649982,24.221573,2
4520,66000,387130000C,(04)23274275,(04)23288582,2025,12,10,18,7,臺中市,西屯區,0,0,0,7,,,50,,,,,,,,,,,,,,12,,,,,B03,,,1,,1,,,40,40,1,13,4,120.629094,24.205707,3
4521,66000,387130000C,(04)23274275,(04)23288582,2025,12,10,18,7,臺中市,霧峰區,0,1,0,7,1,6,30,3,1,1,5,4,6,6,1,1,10,5,5,1,17,2,8,2,1,C03,7,9,1,10,2,12,,84,84,1,12,4,120.691062,24.070456,2
4522,66000,387130000C,(04)23274275,(04)23288582,2025,12,10,18,9,臺中市,南屯區,0,1,0,7,1,6,50,4,1,1,5,4,6,6,2,1,10,5,5,2,13,2,8,2,1,C03,7,9,1,10,2,11,,84,84,1,13,4,120.637279,24.147006,2
4523,66000,387130000C,(04)23274275,(04)23288582,2025,12,10,18,10,臺中市,西區,0,0,0,7,,,50,,,,,,,,,,,,,,,,,,,B03,,,1,8,1,,,84,84,1,13,4,120.66721,24.149469,3
4524,66000,387130000C,(04)23274275,(04)23288582,2025,12,10,18,12,臺中市,西屯區,0,1,0,7,1,6,40,13,9,1,5,4,6,6,4,4,1,5,5,2,18,2,9,2,4,C03,7,9,1,10,2,14,,84,84,1,13,4,120.612743,24.184385,2
4525,66000,387130000C,(04)23274275,(04)23288582,2025,12,10,18,12,臺中市,太平區,0,0,0,7,,,50,,,,,,,,,,,,,,17,,,,,B03,,,1,,2,,,40,40,1,12,4,120.715771,24.133342,3
4526,66000,387130000C,(04)23274275,(04)23288582,2025,12,10,18,14,臺中市,西屯區,0,0,0,6,,,30,,,,,,,,,,,,,,,,,,,B01,,,1,,1,,,14,14,1,13,4,120.622015,24.183923,4
4527,66000,387130000C,(04)23274275,(04)23288582,2025,12,10,18,15,臺中市,南區,0,1,0,7,1,6,50,4,1,1,5,4,6,6,4,4,10,5,5,2,13,3,10,2,1,C03,7,9,1,10,2,11,,7,7,1,12,4,120.662069,24.1293,2
4528,66000,387130000C,(04)23274275,(04)23288582,2025,12,10,18,16,臺中市,北區,0,0,0,7,,,50,,,,,,,,,,,,,,,,,,,B12,,,1,,2,,,7,7,1,12,4,120.700792,24.155344,3
4529,66000,387130000C,(04)23274275,(04)23288582,2025,12,10,18,17,臺中市,西屯區,0,3,0,7,1,6,30,3,1,1,5,4,6,6,4,4,10,5,5,2,14,3,10,3,1,B03,7,2,1,8,1,3,,49,49,1,12,4,120.610256,24.187656,2
4530,66000,387130000C,(04)23274275,(04)23288582,2025,12,10,18,18,臺中市,沙鹿區,0,0,0,7,,,40,,,,,,,,,,,,,,17,,,,,B03,,,1,,2,,,50,50,1,12,4,120.570001,24.219266,3
4531,66000,387130000C,(04)23274275,(04)23288582,2025,12,10,18,19,臺中市,豐原區,0,0,0,7,,,40,,,,,,,,,,,,,,17,,,,,C03,,,1,,1,,,85,85,1,12,4,120.734292,24.263035,4
4532,66000,387130000C,(04)23274275,(04)23288582,2025,12,10,18,20,臺中市,大雅區,0,0,0,7,,,50,,,,,,,,,,,,,,,,,,,C03,,,1,,1,,,40,40,1,13,4,120.615661,24.219908,3
4533,66000,387130000C,(04)23274275,(04)23288582,2025,12,10,18,20,臺中市,大雅區,0,1,0,7,1,6,30,4,1,1,5,4,6,6,4,4,10,5,5,1,17,3,10,5,4,B03,7,9,1,8,2,1,,15,15,1,13,4,120.66292,24.226317,2
4534,66000,387130000C,(04)23274275,(04)23288582,2025,12,10,18,21,臺中市,豐原區,0,0,0,7,,,50,,,,,,,,,,,,,,17,,,,,B03,,,1,,2,,,84,84,1,12,4,120.704849,24.255109,3
4535,66000,387130000C,(04)23274275,(04)23288582,2025,12,10,18,22,臺中市,南屯區,0,0,0,7,,,40,,,,,,,,,,,,,,12,,,,,B03,,,1,,1,,,40,40,1,13,4,120.639436,24.148565,3
4536,66000,387130000C,(04)23274275,(04)23288582,2025,12,10,18,22,臺中市,龍井區,0,1,0,7,1,6,50,4,1,1,5,4,6,6,4,4,10,5,5,2,29,2,9,2,1,F01,7,9,7,21,2,11,,87,87,1,6,4,120.55004,24.196345,2
4537,66000,387130000C,(04)23274275,(04)23288582,2025,12,10,18,23,臺中市,北屯區,0,1,0,7,1,6,50,13,9,1,5,4,6,6,4,4,5,5,5,2,17,3,10,4,1,B03,7,13,1,8,2,4,,76,76,1,6,4,120.71064,24.181886,2
4538,66000,387130000C,(04)23274275,(04)23288582,2025,12,10,18,24,臺中市,西屯區,0,1,0,7,1,6,50,13,9,1,5,4,6,6,4,4,5,5,5,2,13,2,8,1,1,C03,7,9,1,10,2,11,,7,7,1,12,4,120.639088,24.182546,2
4539,66000,387130000C,(04)23274275,(04)23288582,2025,12,10,18,25,臺中市,西屯區,0,0,0,7,,,50,,,,,,,,,,,,,,13,,,,,B03,,,1,,1,,,7,7,1,12,4,120.634961,24.176532,3
4540,66000,387130000C,(04)23274275,(04)23288582,2025,12,10,18,27,臺中市,西區,0,0,0,7,,,50,,,,,,,,,,,,,,12,,,,,B03,,,1,,1,,,8,8,1,12,4,120.675855,24.133176,3
4541,66000,387130000C,(04)23274275,(04)23288582,2025,12,10,18,29,臺中市,潭子區,0,1,0,7,1,6,50,3,2,1,5,4,6,6,4,4,1,4,4,2,16,3,10,2,1,C03,7,5,1,10,2,12,,47,47,1,13,4,120.70939,24.200816,2
4542,66000,387130000C,(04)23274275,(04)23288582,2025,12,10,18,30,臺中市,西屯區,0,0,0,7,,,50,,,,,,,,,,,,,,14,,,,,C03,,,1,,2,,,49,49,1,13,4,120.622074,24.184088,3
4543,66000,387130000C,(04)23274275,(04)23288582,2025,12,10,18,30,臺中市,太平區,0,0,0,7,,,30,,,,,,,,,,,,,,,,,,,C03,,,1,,2,,,41,41,1,4,4,120.71202,24.112068,3
4544,66000,387130000C,(04)23274275,(04)23288582,2025,12,10,18,31,臺中市,南屯區,0,2,0,7,1,6,50,13,8,1,5,4,6,6,4,4,9,5,4,2,16,2,8,1,1,C03,7,6,1,10,2,11,,85,85,1,13,4,120.635552,24.15036,2
4545,66000,387130000C,(04)23274275,(04)23288582,2025,12,10,18,31,臺中市,梧棲區,0,1,0,7,1,6,50,4,2,1,5,4,6,6,1,1,1,4,1,1,16,2,9,1,1,C03,7,9,1,10,2,14,,21,21,1,6,4,120.550986,24.253195,2
4546,66000,387130000C,(04)23274275,(04)23288582,2025,12,10,18,34,臺中市,沙鹿區,0,1,0,7,1,6,50,4,1,1,5,4,6,6,2,1,1,4,2,1,16,2,9,2,1,C03,7,5,1,10,2,11,,22,22,1,6,4,120.560663,24.241316,2
4547,66000,387130000C,(04)23274275,(04)23288582,2025,12,10,18,37,臺中市,大里區,0,1,0,7,1,6,50,4,2,1,5,4,6,6,1,1,10,5,5,2,16,3,10,3,1,B03,7,1,1,8,2,6,,51,51,1,12,4,120.686481,24.095434,2
4548,66000,387130000C,(04)23274275,(04)23288582,2025,12,10,18,38,臺中市,西屯區,0,1,0,7,1,6,50,5,1,1,5,4,6,6,2,1,10,5,5,2,18,2,9,2,4,C03,7,7,1,10,2,12,,84,84,1,13,4,120.64872,24.174677,2
4549,66000,387130000C,(04)23274275,(04)23288582,2025,12,10,18,39,臺中市,西屯區,0,0,0,7,,3,80,,,,,,,,,,,,,,13,,,,,B03,,,1,,1,,,59,59,1,12,4,120.639526,24.19009,3
4550,66000,387130000C,(04)23274275,(04)23288582,2025,12,10,18,40,臺中市,北屯區,1,1,0,7,1,6,50,4,1,1,5,4,6,6,2,1,10,5,5,2,15,3,10,3,1,B03,7,9,1,8,2,8,8,21,21,1,6,4,120.687013,24.185448,1
4551,66000,387130000C,(04)23274275,(04)23288582,2025,12,10,18,40,臺中市,豐原區,0,0,0,7,,,50,,,,,,,,,,,,,,17,,,,,B03,,,1,,1,,,7,7,1,6,4,120.716918,24.241125,3
4552,66000,387130000C,(04)23274275,(04)23288582,2025,12,10,18,41,臺中市,西屯區,0,1,0,6,1,6,50,13,9,1,5,4,6,6,4,4,10,5,5,2,12,3,10,3,1,B03,7,7,1,8,2,2,,40,40,1,13,4,120.650879,24.166186,2
4553,66000,387130000C,(04)23274275,(04)23288582,2025,12,10,18,41,臺中市,太平區,0,1,0,7,1,6,30,3,1,1,5,4,6,3,4,4,10,5,5,2,16,3,10,3,1,B03,7,6,1,8,2,8,,14,14,1,12,4,120.723434,24.126212,2
4554,66000,387130000C,(04)23274275,(04)23288582,2025,12,10,18,42,臺中市,西屯區,0,1,0,7,1,6,50,18,9,1,5,4,6,6,4,4,9,4,5,2,16,3,10,3,1,B03,7,6,1,8,2,2,,84,84,1,12,4,120.654457,24.156133,2
4555,66000,387130000C,(04)23274275,(04)23288582,2025,12,10,18,45,臺中市,梧棲區,0,0,0,7,,,50,,,,,,,,,,,,,,13,,,,,B03,,,1,,1,,,7,7,1,13,4,120.539506,24.25227,3
4556,66000,387130000C,(04)23274275,(04)23288582,2025,12,10,18,48,臺中市,大里區,0,0,0,7,,,50,,,,,,,,,,,,,,,,,,,C03,,,1,,2,,,49,49,1,12,4,120.707503,24.109292,3
4557,66000,387130000C,(04)23274275,(04)23288582,2025,12,10,18,48,臺中市,沙鹿區,0,0,0,7,,,0,,,,,,,,,,,,,,14,,,,,B03,,,1,,2,,,49,49,1,12,4,120.564236,24.204097,3
4558,66000,387130000C,(04)23274275,(04)23288582,2025,12,10,18,51,臺中市,北屯區,0,0,0,7,,,50,,,,,,,,,,,,,,13,,,,,B03,,,1,,1,,,58,58,1,6,4,120.720744,24.17415,3
4559,66000,387130000C,(04)23274275,(04)23288582,2025,12,10,18,55,臺中市,烏日區,0,0,0,7,,,60,,,,,,,,,,,,,,13,,,,,B03,,,1,,1,,,84,84,1,6,4,120.614719,24.102825,3
4560,66000,387130000C,(04)23274275,(04)23288582,2025,12,10,18,58,臺中市,東區,0,2,0,7,1,6,50,5,1,1,5,4,6,6,1,1,10,5,5,2,16,3,10,5,4,B03,7,5,1,8,2,5,,11,11,1,12,4,120.693185,24.133267,2
4561,66000,387130000C,(04)23274275,(04)23288582,2025,12,10,18,58,臺中市,大里區,0,1,0,7,1,6,50,4,1,1,5,4,6,6,2,1,5,5,4,1,16,3,10,3,1,B12,7,6,1,8,2,8,,11,11,1,12,4,120.689914,24.110057,2
4562,66000,387130000C,(04)23274275,(04)23288582,2025,12,10,18,59,臺中市,太平區,0,0,0,7,,3,80,,,,,,,,,,,,,,,,,,,B03,,,1,,1,,,84,84,1,13,4,120.710706,24.134392,3
4563,66000,387130000C,(04)23274275,(04)23288582,2025,12,10,19,0,臺中市,北屯區,0,1,0,6,1,6,50,13,9,1,5,4,6,6,4,4,1,4,5,2,13,2,9,2,1,C03,7,9,1,10,1,11,,7,7,1,5,4,120.701032,24.179284,2
4564,66000,387130000C,(04)23274275,(04)23288582,2025,12,10,19,1,臺中市,中區,0,2,0,7,1,6,50,4,1,1,5,4,6,6,4,4,10,5,5,2,15,3,10,3,1,B12,7,9,3,19,2,8,,6,6,1,13,4,120.682104,24.142203,2
4565,66000,387130000C,(04)23274275,(04)23288582,2025,12,10,19,14,臺中市,南區,0,2,0,7,1,6,50,4,1,1,5,4,6,6,1,1,10,5,5,2,17,2,9,2,1,C03,7,15,1,10,2,12,,42,42,1,13,4,120.68187,24.133985,2
4566,66000,387130000C,(04)23274275,(04)23288582,2025,12,10,19,20,臺中市,西屯區,0,0,0,7,,,50,,,,,,,,,,,,,,14,,,,,A42,,,1,,1,,,49,49,1,13,4,120.6437,24.195431,3
4567,66000,387130000C,(04)23274275,(04)23288582,2025,12,10,19,26,臺中市,南屯區,0,1,0,7,1,6,50,13,9,1,5,4,6,6,4,4,1,4,5,2,17,2,9,1,1,C03,7,8,1,10,2,11,,8,8,1,12,4,120.625769,24.148732,2
4568,66000,387130000C,(04)23274275,(04)23288582,2025,12,10,19,27,臺中市,西屯區,0,2,0,7,1,6,30,5,1,1,5,4,6,6,1,1,10,5,5,2,17,2,9,2,4,C03,7,6,1,10,1,11,,59,59,1,13,4,120.663503,24.176292,2
4569,66000,387130000C,(04)23274275,(04)23288582,2025,12,10,19,29,臺中市,西屯區,0,1,0,6,1,6,50,13,9,1,5,4,6,6,4,4,10,4,5,2,17,2,8,1,1,C03,7,9,1,10,2,11,,7,7,1,13,4,120.661686,24.171572,2
4570,66000,387130000C,(04)23274275,(04)23288582,2025,12,10,19,38,臺中市,烏日區,0,0,0,7,,,50,,,,,,,,,,,,,,,,,,,B03,,,1,,1,,,7,7,1,12,4,120.633902,24.108036,3
4571,66000,387130000C,(04)23274275,(04)23288582,2025,12,10,19,40,臺中市,豐原區,0,0,0,7,,,30,,,,,,,,,,,,,,14,,,,,B03,,,1,,2,,,49,49,1,12,4,120.748439,24.263369,3
4572,66000,387130000C,(04)23274275,(04)23288582,2025,12,10,19,41,臺中市,大里區,0,2,0,7,1,6,50,11,9,1,5,4,6,6,4,4,5,5,5,2,13,2,9,2,1,C03,7,9,1,10,2,11,,7,7,1,12,4,120.691163,24.121497,2
4573,66000,387130000C,(04)23274275,(04)23288582,2025,12,10,19,48,臺中市,大里區,0,1,0,7,1,6,50,3,9,1,5,4,6,6,4,4,1,4,5,1,12,2,8,1,1,C03,7,9,1,10,2,11,,58,58,1,12,4,120.686416,24.095758,2
4574,66000,387130000C,(04)23274275,(04)23288582,2025,12,10,19,57,臺中市,西屯區,0,0,0,7,,,40,,,,,,,,,,,,,,12,,,,,C03,,,1,,1,,,59,59,1,12,4,120.652157,24.161434,3
4575,66000,387130000C,(04)23274275,(04)23288582,2025,12,10,20,2,臺中市,清水區,0,0,0,7,,,40,,,,,,,,,,,,,,14,,,,,B02,,,1,,2,,,49,49,1,13,4,120.540201,24.288902,3
4576,66000,387130000C,(04)23274275,(04)23288582,2025,12,10,20,4,臺中市,大雅區,0,0,0,7,,,60,,,,,,,,,,,,,,,,,,,B03,,,1,,2,,,8,8,1,12,4,120.650882,24.209965,3
4577,66000,387130000C,(04)23274275,(04)23288582,2025,12,10,20,7,臺中市,南區,0,0,0,7,,,50,,,,,,,,,,,,,,13,,,,,B03,,,1,,2,,,7,7,1,6,4,120.660448,24.132699,3
4578,66000,387130000C,(04)23274275,(04)23288582,2025,12,10,20,11,臺中市,大里區,0,0,0,7,,,50,,,,,,,,,,,,,,,,,,,C02,,,1,,2,,,7,7,1,12,4,120.682226,24.11502,3
4579,66000,387130000C,(04)23274275,(04)23288582,2025,12,10,20,13,臺中市,南屯區,0,0,0,7,,,50,,,,,,,,,,,,,,,,,,,B03,,,1,,1,,,84,84,1,12,4,120.60173,24.139313,3
4580,66000,387130000C,(04)23274275,(04)23288582,2025,12,10,20,15,臺中市,北區,0,1,0,7,3,9,50,18,24,1,5,4,6,6,4,4,3,4,4,2,17,2,7,5,4,C03,7,9,1,10,2,11,,7,7,1,13,4,120.678129,24.151355,2
4581,66000,387130000C,(04)23274275,(04)23288582,2025,12,10,20,15,臺中市,西屯區,0,2,0,7,1,6,50,3,1,1,5,4,6,6,4,4,5,4,5,2,17,3,10,1,1,C03,7,1,1,10,2,15,,51,51,1,12,4,120.619267,24.187683,2
4582,66000,387130000C,(04)23274275,(04)23288582,2025,12,10,20,20,臺中市,北屯區,0,1,0,7,3,6,50,4,2,1,5,4,6,6,4,4,5,5,4,2,16,2,9,2,1,C03,7,6,1,10,1,13,,39,39,1,6,4,120.69319,24.164343,2
4583,66000,387130000C,(04)23274275,(04)23288582,2025,12,10,20,20,臺中市,西屯區,0,0,0,7,,,30,,,,,,,,,,,,,,14,,,,,B03,,,1,,2,,,49,49,1,13,4,120.589279,24.177451,3