序號,縣市別代碼,機關代碼,市話,傳真,年,月,日,時,分,縣市,區,死亡數量,受傷數量,2-30,天候,道路照明設備,道路類別,道路速限,道路型態,事故位置,路面鋪裝,路面狀態,路面缺陷,障礙物,視距,號誌種類,號誌動作,分向設施,快車道或一般車道間,快慢車道間,路面邊線,事故類型及型態,受傷程度,主要傷處,保護裝備,行動電話或功能裝置,當事者區分(類別),車輛用途,當事者行動狀態,駕照狀態,駕照種類,飲酒情形,車輛撞擊部位最初,車輛撞擊部位其他,肇事因素個別,肇事因素主要,肇事逃逸,職業,共享經濟或外送平台,GPS座標X,GPS座標Y,事故類別
4584,66000,387130000C,(04)23274275,(04)23288582,2025,12,10,20,21,臺中市,大里區,0,1,0,7,1,6,50,3,2,1,5,4,6,6,1,1,5,5,5,1,17,2,9,1,1,C03,7,5,1,10,2,11,,84,84,1,12,4,120.672538,24.104806,2
4585,66000,387130000C,(04)23274275,(04)23288582,2025,12,10,20,22,臺中市,南屯區,0,1,0,7,1,6,50,4,1,1,5,4,6,6,1,1,10,5,5,2,16,3,10,3,1,B03,7,9,1,8,2,1,,21,21,1,13,4,120.649917,24.136693,2
4586,66000,387130000C,(04)23274275,(04)23288582,2025,12,10,20,24,臺中市,北區,0,3,0,7,3,6,50,4,2,1,5,4,6,6,1,1,5,4,5,2,17,2,8,5,4,C03,7,1,1,10,2,14,,51,51,1,13,4,120.673735,24.164806,2
4587,66000,387130000C,(04)23274275,(04)23288582,2025,12,10,20,25,臺中市,大里區,0,0,0,7,,,50,,,,,,,,,,,,,,17,,,,,B03,,,1,,1,,,7,7,1,6,4,120.671804,24.102138,3
4588,66000,387130000C,(04)23274275,(04)23288582,2025,12,10,20,26,臺中市,中區,0,0,0,7,,,50,,,,,,,,,,,,,,12,,,,,B01,,,1,,1,,,7,7,1,13,4,120.684248,24.137251,3
4589,66000,387130000C,(04)23274275,(04)23288582,2025,12,10,20,26,臺中市,東區,0,1,0,7,3,6,50,13,7,1,5,4,6,6,1,1,9,5,4,2,17,2,9,2,1,C03,7,4,3,19,2,14,,52,52,1,13,4,120.706843,24.148843,2
4590,66000,387130000C,(04)23274275,(04)23288582,2025,12,10,20,28,臺中市,大里區,0,1,0,7,1,6,50,4,1,1,5,4,6,6,1,1,5,5,5,2,16,3,10,1,1,C03,7,6,1,10,2,12,,48,48,1,6,2,120.693704,24.108917,2
4591,66000,387130000C,(04)23274275,(04)23288582,2025,12,10,20,36,臺中市,西屯區,0,1,0,7,1,6,50,3,1,1,5,4,6,6,4,4,10,5,5,2,13,3,10,2,4,C03,7,9,1,10,2,11,,7,7,1,13,4,120.636965,24.184626,2
4592,66000,387130000C,(04)23274275,(04)23288582,2025,12,10,20,40,臺中市,大雅區,0,0,0,7,,,40,,,,,,,,,,,,,,,,,,,B03,,,1,,1,,,49,49,1,13,4,120.661067,24.219203,3
4593,66000,387130000C,(04)23274275,(04)23288582,2025,12,10,20,43,臺中市,烏日區,0,0,0,7,,,50,,,,,,,,,,,,,,,,,,,B02,,,1,,2,,,49,49,1,13,4,120.58996,24.110859,3
4594,66000,387130000C,(04)23274275,(04)23288582,2025,12,10,20,51,臺中市,北屯區,0,0,0,7,,,60,,,,,,,,,,,,,,,,,,,B03,,,1,,1,,,58,58,1,6,4,120.719536,24.163115,3
4595,66000,387130000C,(04)23274275,(04)23288582,2025,12,10,20,58,臺中市,北屯區,0,0,0,7,2,6,40,13,8,1,5,4,6,6,4,4,9,4,4,2,14,,,,,B12,,,1,8,9,,,49,49,2,12,4,120.679181,24.178929,3
4596,66000,387130000C,(04)23274275,(04)23288582,2025,12,10,20,59,臺中市,烏日區,0,0,0,7,,,50,,,,,,,,,,,,,,13,,,,,B03,,,1,,2,,,84,84,1,6,4,120.650258,24.106926,3
4597,66000,387130000C,(04)23274275,(04)23288582,2025,12,10,21,0,臺中市,北屯區,0,0,0,7,,,50,,,,,,,,,,,,,,13,,,,,C03,,,1,,1,,,7,7,1,6,4,120.727472,24.160835,4
4598,66000,387130000C,(04)23274275,(04)23288582,2025,12,10,21,1,臺中市,太平區,0,0,0,7,,,50,,,,,,,,,,,,,,,,,,,B03,,,5,,2,,,7,7,1,13,4,120.732874,24.150534,3
4599,66000,387130000C,(04)23274275,(04)23288582,2025,12,10,21,2,臺中市,沙鹿區,0,1,0,7,2,6,30,3,1,1,5,4,6,6,4,4,10,5,5,2,17,3,10,1,1,C03,7,5,1,10,2,14,11,7,7,1,6,4,120.557301,24.23252,2
4600,66000,387130000C,(04)23274275,(04)23288582,2025,12,10,21,5,臺中市,南屯區,0,0,0,7,,,50,,,,,,,,,,,,,,12,,,,,A04,,,1,,9,,,40,40,2,12,4,120.646471,24.138218,3
4601,66000,387130000C,(04)23274275,(04)23288582,2025,12,10,21,6,臺中市,北屯區,0,1,0,6,1,6,50,3,1,1,5,4,6,6,4,4,5,5,5,2,16,3,10,3,1,B03,7,6,1,8,2,4,,48,48,1,6,4,120.691583,24.16981,2
4602,66000,387130000C,(04)23274275,(04)23288582,2025,12,10,21,7,臺中市,北區,0,2,0,7,1,6,50,4,1,1,5,4,6,6,2,1,10,5,5,2,13,3,10,3,1,B01,7,9,1,4,2,8,,59,59,1,12,4,120.690207,24.156245,2
4603,66000,387130000C,(04)23274275,(04)23288582,2025,12,10,21,9,臺中市,北區,0,2,0,7,1,6,50,4,9,1,5,4,6,6,1,1,1,4,5,2,13,2,9,1,1,C03,7,9,1,10,2,14,11,58,58,1,13,4,120.667767,24.162751,2
4604,66000,387130000C,(04)23274275,(04)23288582,2025,12,10,21,13,臺中市,大里區,0,1,0,7,1,6,50,4,19,1,5,4,6,6,1,1,10,5,5,2,3,3,10,3,1,B03,7,6,1,9,2,1,,10,10,1,12,4,120.674865,24.105744,2
4605,66000,387130000C,(04)23274275,(04)23288582,2025,12,10,21,25,臺中市,潭子區,0,0,0,6,,,0,,,,,,,,,,,,,,,,,,,B12,,,1,,9,,,50,50,1,13,4,120.703064,24.216093,3
4606,66000,387130000C,(04)23274275,(04)23288582,2025,12,10,21,25,臺中市,西區,0,0,0,7,,,50,,,,,,,,,,,,,,,,,,,B03,,,1,8,1,,,49,49,1,13,4,120.65508,24.148279,3
4607,66000,387130000C,(04)23274275,(04)23288582,2025,12,10,21,29,臺中市,北區,0,0,0,7,3,9,50,18,24,1,5,4,6,6,4,4,3,5,4,2,13,,,,,B01,,,1,,2,,,7,7,1,13,4,120.67507,24.162088,3
4608,66000,387130000C,(04)23274275,(04)23288582,2025,12,10,21,30,臺中市,西屯區,0,0,0,7,,,30,,,,,,,,,,,,,,3,,,,,B01,,,1,,2,,,10,10,1,12,4,120.663565,24.176287,4
4609,66000,387130000C,(04)23274275,(04)23288582,2025,12,10,21,31,臺中市,北屯區,0,2,0,7,3,6,50,4,1,1,5,4,6,6,1,1,10,5,5,2,16,2,9,2,1,C03,7,6,1,10,2,11,,11,11,1,6,4,120.659684,24.192971,2
4610,66000,387130000C,(04)23274275,(04)23288582,2025,12,10,21,34,臺中市,北屯區,0,0,0,7,,,60,,,,,,,,,,,,,,13,,,,,C03,,,1,,1,,,7,7,1,6,4,120.705646,24.164669,3
4611,66000,387130000C,(04)23274275,(04)23288582,2025,12,10,21,36,臺中市,東區,0,0,0,7,,,50,,,,,,,,,,,,,,16,,,,,B03,,,1,,1,,,11,11,1,13,4,120.708995,24.135399,3
4612,66000,387130000C,(04)23274275,(04)23288582,2025,12,10,21,38,臺中市,西屯區,0,1,0,7,1,6,50,13,9,1,5,4,6,6,4,4,5,5,5,2,18,2,7,1,1,C03,7,9,1,10,2,14,,59,59,1,12,4,120.642352,24.1791,2
4613,66000,387130000C,(04)23274275,(04)23288582,2025,12,10,21,39,臺中市,太平區,0,0,0,7,1,6,50,4,1,1,5,4,6,6,2,1,10,5,5,2,16,,,,,B03,,,1,,2,,,11,11,1,12,4,120.724548,24.149632,3
4614,66000,387130000C,(04)23274275,(04)23288582,2025,12,10,21,42,臺中市,北區,0,1,0,7,3,6,50,3,2,1,5,4,6,6,1,1,3,2,5,2,16,3,10,5,4,B01,7,5,1,4,2,2,,11,11,1,13,4,120.680301,24.152378,2
4615,66000,387130000C,(04)23274275,(04)23288582,2025,12,10,21,44,臺中市,豐原區,0,0,0,7,,,50,,,,,,,,,,,,,,12,,,,,B03,,,1,,2,,,40,40,1,12,4,120.733391,24.25945,3
4616,66000,387130000C,(04)23274275,(04)23288582,2025,12,10,21,46,臺中市,西屯區,0,1,0,7,1,6,50,4,1,1,5,4,6,6,1,1,10,5,5,2,16,3,10,5,4,B03,7,5,1,8,2,2,,11,11,1,13,4,120.647964,24.169778,2
4617,66000,387130000C,(04)23274275,(04)23288582,2025,12,10,21,50,臺中市,西屯區,0,0,0,7,,,50,,,,,,,,,,,,,,13,,,,,B12,,,1,,1,,,78,78,1,12,4,120.660364,24.172027,3
4618,66000,387130000C,(04)23274275,(04)23288582,2025,12,10,21,54,臺中市,北區,0,2,0,7,1,6,50,3,2,1,5,4,6,6,2,1,5,4,5,2,13,2,9,1,1,C03,7,9,1,10,2,11,,7,7,1,12,4,120.681477,24.155818,2
4619,66000,387130000C,(04)23274275,(04)23288582,2025,12,10,21,54,臺中市,北屯區,0,0,0,7,,,50,,,,,,,,,,,,,,16,,,,,B12,,,1,8,2,,,8,8,1,6,4,120.719908,24.174948,3
4620,66000,387130000C,(04)23274275,(04)23288582,2025,12,10,21,57,臺中市,東區,0,0,0,7,,,50,,,,,,,,,,,,,,,,,,,B02,,,1,,1,,,49,49,1,12,4,120.711099,24.14558,3
4621,66000,387130000C,(04)23274275,(04)23288582,2025,12,10,22,10,臺中市,中區,0,2,0,7,1,6,50,4,1,1,5,4,6,6,1,1,10,5,5,2,17,2,9,2,1,C03,7,11,1,10,2,12,,45,45,1,12,4,120.677592,24.144083,2
4622,66000,387130000C,(04)23274275,(04)23288582,2025,12,10,22,13,臺中市,北區,0,0,0,7,,,30,,,,,,,,,,,,,,9,,,,,C03,,,7,,10,,,87,87,1,13,4,120.681126,24.150445,3
4623,66000,387130000C,(04)23274275,(04)23288582,2025,12,10,22,17,臺中市,南屯區,0,1,0,7,1,6,50,4,1,1,5,4,6,6,2,1,5,4,4,2,16,3,10,3,1,B03,7,6,1,8,2,6,,11,11,1,12,4,120.638225,24.135406,2
4624,66000,387130000C,(04)23274275,(04)23288582,2025,12,10,22,24,臺中市,大里區,0,0,0,7,,,50,,,,,,,,,,,,,,12,,,,,B03,,,1,,1,,,8,8,1,12,4,120.692547,24.102836,3
4625,66000,387130000C,(04)23274275,(04)23288582,2025,12,10,22,30,臺中市,沙鹿區,0,0,0,7,,,50,,,,,,,,,,,,,,,,,,,C03,,,1,,1,,,7,7,1,6,4,120.579705,24.216727,3
4626,66000,387130000C,(04)23274275,(04)23288582,2025,12,10,22,40,臺中市,北屯區,0,0,0,7,,,50,,,,,,,,,,,,,,13,,,,,B03,,,1,,2,,,7,7,1,6,4,120.661734,24.19139,3
4627,66000,387130000C,(04)23274275,(04)23288582,2025,12,10,22,49,臺中市,西屯區,0,1,0,7,1,6,50,4,1,1,5,4,6,6,2,1,10,5,5,2,17,3,10,5,4,B03,7,5,1,8,2,5,,87,87,1,12,4,120.6529,24.160494,2
4628,66000,387130000C,(04)23274275,(04)23288582,2025,12,10,22,59,臺中市,北屯區,0,2,0,7,1,6,50,4,1,1,5,4,6,6,1,1,10,5,5,2,15,2,9,1,1,C03,7,9,1,10,2,11,,21,21,1,12,4,120.680421,24.169739,2
4629,66000,387130000C,(04)23274275,(04)23288582,2025,12,10,23,0,臺中市,太平區,0,1,0,7,1,6,40,13,9,1,5,4,6,6,4,4,9,5,5,1,18,2,7,1,1,C03,7,9,3,19,2,12,,84,84,1,12,4,120.72933,24.124318,2
4630,66000,387130000C,(04)23274275,(04)23288582,2025,12,10,23,35,臺中市,北區,0,2,0,7,3,6,50,4,1,1,5,4,6,6,2,1,10,5,5,2,17,2,7,5,4,C03,7,9,1,10,2,12,,21,21,1,13,4,120.692035,24.160334,2
4631,66000,387130000C,(04)23274275,(04)23288582,2025,12,10,23,41,臺中市,神岡區,0,1,0,7,1,6,50,4,1,1,5,4,6,6,1,1,5,4,4,2,3,3,10,5,4,B03,7,9,1,8,2,8,,10,10,1,12,4,120.680872,24.24767,2
4632,66000,387130000C,(04)23274275,(04)23288582,2025,12,11,0,24,臺中市,西屯區,0,2,0,7,1,6,30,3,1,1,5,4,6,6,4,4,10,5,5,2,16,2,9,5,4,C03,7,6,1,10,2,12,,12,12,1,12,4,120.644245,24.175174,2
4633,66000,387130000C,(04)23274275,(04)23288582,2025,12,11,2,29,臺中市,霧峰區,0,1,0,7,3,6,50,13,9,1,5,4,6,6,4,4,9,5,5,1,16,2,9,1,1,C03,7,9,3,19,8,11,,84,84,1,13,4,120.740348,24.064059,2
4634,66000,387130000C,(04)23274275,(04)23288582,2025,12,11,2,31,臺中市,大肚區,0,1,0,7,1,6,50,11,7,1,5,4,6,6,4,4,4,5,5,2,18,2,9,1,1,C03,7,9,1,10,2,14,,59,59,1,6,4,120.570529,24.160103,2
4635,66000,387130000C,(04)23274275,(04)23288582,2025,12,11,3,12,臺中市,北屯區,0,1,0,7,1,6,50,13,9,1,5,4,6,6,2,1,3,4,5,2,17,2,9,1,1,C03,7,9,1,10,2,11,,59,59,1,12,4,120.730209,24.17742,2
4636,66000,387130000C,(04)23274275,(04)23288582,2025,12,11,3,19,臺中市,大雅區,0,0,0,7,,,,,,,,,,,,,,,,,,,,,,,,,,,,,,119,119,1,,,120.652457,24.216501,3
4637,66000,387130000C,(04)23274275,(04)23288582,2025,12,11,3,47,臺中市,北區,0,0,0,7,,,50,,,,,,,,,,,,,,13,,,,,C03,,,3,,2,,,84,84,1,13,4,120.671548,24.164797,3
4638,66000,387130000C,(04)23274275,(04)23288582,2025,12,11,3,47,臺中市,東區,0,1,0,7,1,6,50,4,1,1,5,4,6,6,2,1,5,5,5,2,12,3,10,2,1,C03,7,9,1,10,2,15,,68,68,1,13,4,120.696201,24.14275,2
4639,66000,387130000C,(04)23274275,(04)23288582,2025,12,11,5,30,臺中市,清水區,0,0,0,7,,,50,,,,,,,,,,,,,,,,,,,B12,,,1,,1,,,84,84,1,12,4,120.539972,24.288552,3
4640,66000,387130000C,(04)23274275,(04)23288582,2025,12,11,6,29,臺中市,北屯區,0,1,0,7,3,6,50,3,1,1,5,4,6,6,1,1,10,5,5,2,12,2,9,1,1,C03,7,8,1,10,2,13,,84,84,1,12,4,120.723078,24.162237,2
4641,66000,387130000C,(04)23274275,(04)23288582,2025,12,11,6,45,臺中市,太平區,0,0,0,7,,,50,,,,,,,,,,,,,,13,,,,,C03,,,1,,1,,,7,7,1,13,4,120.719722,24.149926,3
4642,66000,387130000C,(04)23274275,(04)23288582,2025,12,11,6,47,臺中市,沙鹿區,0,1,0,7,2,6,50,13,8,1,5,4,6,6,4,4,1,4,4,1,17,2,8,1,1,C03,7,9,1,10,2,11,,59,59,1,12,4,120.607432,24.246707,2
4643,66000,387130000C,(04)23274275,(04)23288582,2025,12,11,6,50,臺中市,大雅區,0,0,0,7,,,50,,,,,,,,,,,,,,,,,,,C03,,,1,,1,,,20,20,1,12,4,120.644647,24.229168,3
4644,66000,387130000C,(04)23274275,(04)23288582,2025,12,11,6,55,臺中市,北屯區,0,0,0,7,,,50,,,,,,,,,,,,,,17,,,,,A11,,,1,,2,,,51,51,1,12,4,120.73871,24.161067,3
4645,66000,387130000C,(04)23274275,(04)23288582,2025,12,11,7,0,臺中市,西屯區,0,0,0,7,,,50,,,,,,,,,,,,,,13,,,,,B03,,,1,,1,,,8,8,1,13,4,120.612102,24.186968,3
4646,66000,387130000C,(04)23274275,(04)23288582,2025,12,11,7,3,臺中市,后里區,0,2,0,7,3,6,60,3,7,1,5,4,6,6,1,1,1,4,4,1,13,3,10,3,1,B03,7,9,1,8,2,8,,7,7,1,6,4,120.72357,24.287262,2
4647,66000,387130000C,(04)23274275,(04)23288582,2025,12,11,7,10,臺中市,東區,0,2,0,7,2,6,50,4,1,1,5,4,6,6,1,1,10,5,5,2,12,2,9,2,1,C03,7,9,1,10,2,14,,7,7,1,6,4,120.701504,24.125372,2
4648,66000,387130000C,(04)23274275,(04)23288582,2025,12,11,7,11,臺中市,南屯區,0,0,0,7,,,50,,,,,,,,,,,,,,13,,,,,F02,,,7,,1,,,50,50,1,12,4,120.622696,24.145026,3
4649,66000,387130000C,(04)23274275,(04)23288582,2025,12,11,7,11,臺中市,西屯區,0,0,0,7,,,70,,,,,,,,,,,,,,12,,,,,B03,,,1,,1,,,20,20,1,12,4,120.614123,24.183851,3
4650,66000,387130000C,(04)23274275,(04)23288582,2025,12,11,7,11,臺中市,烏日區,0,2,0,7,2,6,50,13,9,1,5,4,6,6,4,4,5,4,5,1,3,2,9,6,5,H01,8,16,7,21,10,17,,95,95,1,6,5,120.64388,24.084102,2
4651,66000,387130000C,(04)23274275,(04)23288582,2025,12,11,7,12,臺中市,梧棲區,0,1,0,7,2,6,60,3,1,1,5,4,6,6,4,4,5,4,5,2,16,3,10,3,1,A41,7,5,1,1,2,5,,47,47,1,12,4,120.540181,24.259698,2
4652,66000,387130000C,(04)23274275,(04)23288582,2025,12,11,7,13,臺中市,西屯區,0,0,0,7,,,30,,,,,,,,,,,,,,13,,,,,B03,,,1,,1,,,7,7,1,12,4,120.641688,24.192571,3
4653,66000,387130000C,(04)23274275,(04)23288582,2025,12,11,7,14,臺中市,北屯區,0,1,0,7,2,6,50,4,1,1,5,4,6,6,1,1,5,5,5,2,13,3,10,3,1,B03,7,6,1,8,2,8,,84,84,1,12,4,120.722612,24.179916,2
4654,66000,387130000C,(04)23274275,(04)23288582,2025,12,11,7,15,臺中市,烏日區,0,0,0,7,,,50,,,,,,,,,,,,,,13,,,,,B03,,,1,,1,,,7,7,1,6,4,120.631206,24.104986,3
4655,66000,387130000C,(04)23274275,(04)23288582,2025,12,11,7,15,臺中市,清水區,0,1,0,7,3,6,30,3,2,1,5,4,6,6,4,4,10,5,5,2,17,3,10,3,1,B03,7,6,1,8,2,4,,83,83,1,12,4,120.544817,24.272767,2
4656,66000,387130000C,(04)23274275,(04)23288582,2025,12,11,7,17,臺中市,梧棲區,0,0,0,7,,,50,,,,,,,,,,,,,,14,,,,,B03,,,1,,2,,,49,49,1,12,4,120.54631,24.244572,3
4657,66000,387130000C,(04)23274275,(04)23288582,2025,12,11,7,17,臺中市,神岡區,0,2,0,7,1,6,40,4,1,1,5,4,6,6,4,4,10,5,5,2,17,2,9,2,1,C03,7,9,1,10,2,11,,7,7,1,6,4,120.647142,24.251848,2
4658,66000,387130000C,(04)23274275,(04)23288582,2025,12,11,7,18,臺中市,東區,0,0,0,7,,,50,,,,,,,,,,,,,,17,,,,,B03,,,1,,1,,,85,85,1,12,4,120.710978,24.1427,4
4659,66000,387130000C,(04)23274275,(04)23288582,2025,12,11,7,18,臺中市,西屯區,0,1,0,7,2,6,30,3,1,1,5,4,6,6,4,4,10,5,5,2,16,2,9,1,1,C03,7,6,1,10,2,11,,14,14,1,12,4,120.617639,24.185847,2
4660,66000,387130000C,(04)23274275,(04)23288582,2025,12,11,7,19,臺中市,東區,0,1,0,7,3,6,50,4,9,1,5,4,6,6,2,1,5,5,5,2,16,3,10,5,4,B12,7,6,1,8,2,6,,11,11,1,6,4,120.704766,24.130619,2
4661,66000,387130000C,(04)23274275,(04)23288582,2025,12,11,7,19,臺中市,大肚區,0,0,0,7,,,50,,,,,,,,,,,,,,16,,,,,B03,,,1,,2,,,48,48,1,6,4,120.562966,24.124131,3
4662,66000,387130000C,(04)23274275,(04)23288582,2025,12,11,7,19,臺中市,沙鹿區,0,2,0,7,2,6,40,13,9,1,5,4,6,6,4,4,3,4,4,2,17,2,9,1,1,C03,7,9,1,10,2,11,,7,7,1,13,4,120.562914,24.239945,2
4663,66000,387130000C,(04)23274275,(04)23288582,2025,12,11,7,20,臺中市,大里區,0,0,0,7,,3,80,,,,,,,,,,,,,,13,,,,,B03,,,1,,2,,,7,7,1,6,4,120.689335,24.096004,3
4664,66000,387130000C,(04)23274275,(04)23288582,2025,12,11,7,21,臺中市,潭子區,0,1,0,7,2,6,50,3,2,1,5,4,6,6,2,1,5,5,4,2,13,2,7,1,1,C03,7,6,1,10,2,11,,7,7,1,13,4,120.702456,24.196951,2
4665,66000,387130000C,(04)23274275,(04)23288582,2025,12,11,7,21,臺中市,龍井區,0,0,0,7,,,50,,,,,,,,,,,,,,17,,,,,B03,,,1,,2,,,8,8,1,6,4,120.575909,24.183255,3
4666,66000,387130000C,(04)23274275,(04)23288582,2025,12,11,7,22,臺中市,霧峰區,0,0,0,7,,,50,,,,,,,,,,,,,,17,,,,,C03,,,1,10,2,,,84,84,1,13,4,120.693672,24.048358,3
4667,66000,387130000C,(04)23274275,(04)23288582,2025,12,11,7,22,臺中市,豐原區,0,1,0,7,2,6,50,11,14,1,5,4,6,6,4,4,5,4,5,1,18,2,9,5,4,C03,7,9,1,10,2,15,,84,84,1,13,4,120.710052,24.270841,2
4668,66000,387130000C,(04)23274275,(04)23288582,2025,12,11,7,23,臺中市,西屯區,0,0,0,7,,,30,,,,,,,,,,,,,,16,,,,,B03,,,1,,2,,,14,14,1,12,4,120.616409,24.180327,3
4669,66000,387130000C,(04)23274275,(04)23288582,2025,12,11,7,24,臺中市,大里區,0,0,0,7,,,50,,,,,,,,,,,,,,17,,,,,B03,,,1,,2,,,7,7,1,12,4,120.693813,24.10025,3
4670,66000,387130000C,(04)23274275,(04)23288582,2025,12,11,7,26,臺中市,大里區,0,3,0,7,1,6,50,4,1,1,5,4,6,6,1,1,5,5,4,1,15,2,9,1,1,C03,7,9,1,10,2,11,14,21,21,1,6,4,120.687093,24.120909,2
4671,66000,387130000C,(04)23274275,(04)23288582,2025,12,11,7,30,臺中市,西屯區,0,0,0,7,,,50,,,,,,,,,,,,,,30,,,,,B12,,,1,,2,,,59,59,1,13,4,120.623678,24.197018,3
4672,66000,387130000C,(04)23274275,(04)23288582,2025,12,11,7,30,臺中市,豐原區,0,0,0,7,,,50,,,,,,,,,,,,,,16,,,,,B03,,,1,,2,,,11,11,1,12,4,120.722513,24.277336,3
4673,66000,387130000C,(04)23274275,(04)23288582,2025,12,11,7,31,臺中市,南區,0,0,0,7,,,50,,,,,,,,,,,,,,,,,,,B03,,,1,,1,,,39,39,2,12,4,120.679286,24.123374,3
4674,66000,387130000C,(04)23274275,(04)23288582,2025,12,11,7,33,臺中市,西區,0,1,0,7,1,6,50,3,1,1,5,4,6,6,4,4,10,5,5,1,17,3,10,5,4,B03,7,5,1,8,2,8,,13,13,1,12,4,120.660083,24.156304,2
4675,66000,387130000C,(04)23274275,(04)23288582,2025,12,11,7,33,臺中市,北屯區,0,0,0,7,,,50,,,,,,,,,,,,,,16,,,,,B01,,,1,,2,,,51,51,1,6,4,120.685812,24.185661,3
4676,66000,387130000C,(04)23274275,(04)23288582,2025,12,11,7,33,臺中市,大里區,0,1,0,7,2,6,50,4,1,1,5,4,6,6,1,1,10,5,5,2,17,3,10,3,1,B03,7,6,1,8,2,1,,11,11,1,12,4,120.685851,24.115309,2
4677,66000,387130000C,(04)23274275,(04)23288582,2025,12,11,7,33,臺中市,大肚區,0,2,0,7,2,6,50,13,9,1,5,4,6,6,4,4,5,4,5,2,7,2,9,6,5,H01,8,16,7,21,10,17,,95,95,1,12,5,120.544886,24.152573,2
4678,66000,387130000C,(04)23274275,(04)23288582,2025,12,11,7,33,臺中市,大肚區,0,0,0,7,,,40,,,,,,,,,,,,,,12,,,,,B03,,,1,,2,,,20,20,1,6,4,120.58294,24.172745,3
4679,66000,387130000C,(04)23274275,(04)23288582,2025,12,11,7,34,臺中市,西屯區,0,0,0,7,,,30,,,,,,,,,,,,,,16,,,,,B03,,,1,,2,,,51,51,1,12,4,120.590551,24.176345,3
4680,66000,387130000C,(04)23274275,(04)23288582,2025,12,11,7,36,臺中市,西屯區,0,0,0,7,,,0,,,,,,,,,,,,,,14,,,,,B12,,,1,,1,,,59,59,1,12,4,120.643299,24.199845,3
4681,66000,387130000C,(04)23274275,(04)23288582,2025,12,11,7,37,臺中市,西區,0,0,0,7,,,50,,,,,,,,,,,,,,13,,,,,C03,,,1,,1,,,7,7,1,13,4,120.680838,24.136809,3
4682,66000,387130000C,(04)23274275,(04)23288582,2025,12,11,7,37,臺中市,北區,0,1,0,7,2,6,50,4,1,1,5,4,6,6,1,1,10,5,5,2,17,3,10,5,4,B03,7,5,1,8,2,2,,11,11,1,12,4,120.677376,24.153925,2
4683,66000,387130000C,(04)23274275,(04)23288582,2025,12,11,7,37,臺中市,大肚區,0,1,0,7,2,6,50,5,1,1,5,4,6,6,1,1,10,5,5,2,16,2,9,1,1,C03,7,11,1,10,2,12,,45,45,1,12,4,120.543682,24.159439,2
4684,66000,387130000C,(04)23274275,(04)23288582,2025,12,11,7,37,臺中市,沙鹿區,0,2,0,7,3,6,50,13,9,1,5,4,6,6,4,4,1,4,4,2,13,2,9,1,4,C03,7,9,5,10,6,11,,7,7,1,12,4,120.570644,24.214808,2
4685,66000,387130000C,(04)23274275,(04)23288582,2025,12,11,7,38,臺中市,北屯區,0,1,0,7,2,6,50,3,1,1,5,4,6,6,1,1,10,5,5,2,13,2,9,5,4,C03,7,9,1,10,2,13,,7,7,1,12,4,120.778243,24.198924,2
4686,66000,387130000C,(04)23274275,(04)23288582,2025,12,11,7,38,臺中市,梧棲區,0,3,0,7,2,6,50,4,1,1,5,4,6,6,4,4,10,5,5,2,15,2,9,2,1,C03,7,9,3,19,2,12,,15,15,1,12,4,120.527047,24.226654,2
4687,66000,387130000C,(04)23274275,(04)23288582,2025,12,11,7,38,臺中市,豐原區,0,0,0,7,,,50,,,,,,,,,,,,,,17,,,,,C03,,,1,,2,,,7,7,1,6,4,120.704849,24.255109,3
4688,66000,387130000C,(04)23274275,(04)23288582,2025,12,11,7,39,臺中市,沙鹿區,0,0,0,7,,,60,,,,,,,,,,,,,,2,,,,,B03,,,1,,2,,,39,39,1,6,4,120.569563,24.237414,3
4689,66000,387130000C,(04)23274275,(04)23288582,2025,12,11,7,40,臺中市,北屯區,0,1,0,7,2,6,50,4,1,1,5,4,6,6,4,4,10,5,5,2,15,2,9,1,1,C03,7,9,1,9,2,12,,15,15,1,6,4,120.725482,24.166079,2
4690,66000,387130000C,(04)23274275,(04)23288582,2025,12,11,7,41,臺中市,霧峰區,0,0,0,7,,,30,,,,,,,,,,,,,,16,,,,,F03,,,1,,1,,,11,11,1,6,4,120.675129,24.032803,3
4691,66000,387130000C,(04)23274275,(04)23288582,2025,12,11,7,41,臺中市,烏日區,0,2,0,7,2,6,50,4,2,1,5,4,6,6,4,4,5,4,5,1,16,2,9,2,1,C03,7,9,1,10,2,11,,4,4,1,6,4,120.642827,24.062824,2
4692,66000,387130000C,(04)23274275,(04)23288582,2025,12,11,7,41,臺中市,東勢區,0,0,0,7,,,50,,,,,,,,,,,,,,13,,,,,B03,,,1,,1,,,7,7,1,12,4,120.795763,24.286358,3
4693,66000,387130000C,(04)23274275,(04)23288582,2025,12,11,7,43,臺中市,北屯區,0,0,0,7,,,50,,,,,,,,,,,,,,13,,,,,B03,,,1,,2,,,7,7,1,6,4,120.685274,24.168048,3
4694,66000,387130000C,(04)23274275,(04)23288582,2025,12,11,7,43,臺中市,西屯區,0,1,0,7,2,6,40,4,1,1,5,4,6,6,1,1,10,5,5,2,30,2,9,2,1,C03,7,9,1,10,2,16,,59,59,1,12,4,120.643643,24.165818,2
4695,66000,387130000C,(04)23274275,(04)23288582,2025,12,11,7,43,臺中市,太平區,0,1,0,7,2,6,50,3,4,1,5,4,6,6,1,1,10,5,5,2,13,2,7,2,1,C03,7,9,1,10,2,14,,84,84,1,12,4,120.70722,24.129148,2