序號,縣市別代碼,機關代碼,市話,傳真,年,月,日,時,分,縣市,區,死亡數量,受傷數量,2-30,天候,道路照明設備,道路類別,道路速限,道路型態,事故位置,路面鋪裝,路面狀態,路面缺陷,障礙物,視距,號誌種類,號誌動作,分向設施,快車道或一般車道間,快慢車道間,路面邊線,事故類型及型態,受傷程度,主要傷處,保護裝備,行動電話或功能裝置,當事者區分(類別),車輛用途,當事者行動狀態,駕照狀態,駕照種類,飲酒情形,車輛撞擊部位最初,車輛撞擊部位其他,肇事因素個別,肇事因素主要,肇事逃逸,職業,共享經濟或外送平台,GPS座標X,GPS座標Y,事故類別
4696,66000,387130000C,(04)23274275,(04)23288582,2025,12,11,7,43,臺中市,烏日區,0,1,0,7,2,6,30,13,9,1,5,4,6,6,4,4,10,5,5,2,17,3,10,3,1,B12,7,1,1,8,2,16,,51,51,1,6,4,120.640815,24.06749,2
4697,66000,387130000C,(04)23274275,(04)23288582,2025,12,11,7,45,臺中市,大雅區,0,0,0,7,,,50,,,,,,,,,,,,,,,,,,,B03,,,1,,1,,,40,40,1,13,4,120.666802,24.216073,3
4698,66000,387130000C,(04)23274275,(04)23288582,2025,12,11,7,45,臺中市,西屯區,0,1,0,7,2,6,30,13,9,1,5,4,6,6,4,4,10,5,5,2,24,2,9,2,1,C03,7,9,1,10,2,14,,59,59,1,12,4,120.617895,24.193639,2
4699,66000,387130000C,(04)23274275,(04)23288582,2025,12,11,7,46,臺中市,大里區,0,1,0,7,3,6,50,3,1,1,5,4,6,6,3,1,10,5,5,2,16,2,9,1,1,C03,7,6,5,19,2,12,,24,24,1,12,4,120.684249,24.117024,2
4700,66000,387130000C,(04)23274275,(04)23288582,2025,12,11,7,46,臺中市,太平區,0,0,0,7,2,6,30,,,,,,,,,,,,,,,,,,,C03,,,1,,9,13,,84,84,1,12,4,120.735187,24.145811,3
4701,66000,387130000C,(04)23274275,(04)23288582,2025,12,11,7,47,臺中市,北屯區,0,2,0,7,2,6,40,13,8,1,5,4,6,6,4,4,1,4,4,2,17,2,9,2,1,C03,7,9,1,10,2,14,12,85,85,1,6,4,120.686479,24.203067,2
4702,66000,387130000C,(04)23274275,(04)23288582,2025,12,11,7,48,臺中市,沙鹿區,0,1,0,7,2,6,40,13,8,1,5,4,6,6,4,4,3,4,3,2,17,3,10,3,1,A12,7,5,1,7,2,2,,47,47,1,13,4,120.580488,24.201249,2
4703,66000,387130000C,(04)23274275,(04)23288582,2025,12,11,7,50,臺中市,南區,0,0,0,7,,,,,,,,,,,,,,,,,,,,,,,,,,,,,,118,118,1,,,120.680312,24.129086,3
4704,66000,387130000C,(04)23274275,(04)23288582,2025,12,11,7,50,臺中市,霧峰區,0,2,0,7,2,6,30,4,1,1,5,4,6,6,4,4,10,5,5,2,17,2,8,5,4,C03,7,9,3,19,2,12,,84,84,1,13,4,120.685446,24.063042,2
4705,66000,387130000C,(04)23274275,(04)23288582,2025,12,11,7,50,臺中市,龍井區,0,1,0,7,2,6,30,4,1,1,5,4,6,6,4,4,10,5,5,2,16,2,8,2,1,C03,7,5,1,10,2,11,,14,14,1,6,4,120.54669,24.217323,2
4706,66000,387130000C,(04)23274275,(04)23288582,2025,12,11,7,50,臺中市,清水區,0,2,0,7,3,6,30,11,9,1,5,4,6,6,4,4,10,4,5,1,11,2,9,2,1,C03,7,9,3,19,1,11,,87,87,2,12,4,120.580297,24.283949,2
4707,66000,387130000C,(04)23274275,(04)23288582,2025,12,11,7,51,臺中市,大雅區,0,0,0,7,,,50,,,,,,,,,,,,,,12,,,,,B03,,,1,,2,,,8,8,1,13,4,120.648362,24.221344,3
4708,66000,387130000C,(04)23274275,(04)23288582,2025,12,11,7,51,臺中市,西區,0,1,0,7,2,6,50,13,9,1,5,4,6,6,4,4,5,4,5,2,17,2,9,2,1,C03,7,9,1,10,2,11,,7,7,1,12,4,120.673945,24.136928,2
4709,66000,387130000C,(04)23274275,(04)23288582,2025,12,11,7,51,臺中市,西區,0,1,0,7,2,6,50,3,1,1,5,4,6,6,4,4,5,4,5,2,17,3,10,3,1,B03,7,9,1,8,2,8,,84,84,1,12,4,120.667118,24.130937,2
4710,66000,387130000C,(04)23274275,(04)23288582,2025,12,11,7,51,臺中市,南區,0,0,0,7,,,50,,,,,,,,,,,,,,17,,,,,C03,,,3,,1,,,40,40,1,6,4,120.646748,24.112697,3
4711,66000,387130000C,(04)23274275,(04)23288582,2025,12,11,7,52,臺中市,梧棲區,0,0,0,7,,,50,,,,,,,,,,,,,,13,,,,,B03,,,1,,1,,,59,59,1,12,4,120.52947,24.252135,3
4712,66000,387130000C,(04)23274275,(04)23288582,2025,12,11,7,53,臺中市,北區,0,0,0,7,,,50,,,,,,,,,,,,,,13,,,,,B03,,,1,,1,,,59,59,1,13,4,120.670489,24.164904,3
4713,66000,387130000C,(04)23274275,(04)23288582,2025,12,11,7,53,臺中市,北屯區,0,1,0,7,1,6,50,13,9,1,5,4,6,6,4,4,3,4,5,2,18,2,9,1,1,C03,7,9,1,10,2,12,,84,84,1,13,4,120.695653,24.170439,2
4714,66000,387130000C,(04)23274275,(04)23288582,2025,12,11,7,54,臺中市,龍井區,0,1,0,7,2,6,90,13,9,1,5,4,6,6,4,4,1,3,5,1,17,3,10,3,1,A41,7,7,1,1,2,5,,40,40,1,6,4,120.515898,24.202727,2
4715,66000,387130000C,(04)23274275,(04)23288582,2025,12,11,7,54,臺中市,沙鹿區,0,0,0,7,,,40,,,,,,,,,,,,,,,,,,,C03,,,1,,1,,,7,7,1,12,4,120.582073,24.249599,3
4716,66000,387130000C,(04)23274275,(04)23288582,2025,12,11,7,54,臺中市,外埔區,0,2,0,7,3,6,30,3,1,1,5,4,6,6,4,4,10,5,5,1,16,2,9,1,1,C03,7,6,1,10,2,11,,20,20,1,6,4,120.670731,24.337447,2
4717,66000,387130000C,(04)23274275,(04)23288582,2025,12,11,7,55,臺中市,北屯區,0,2,0,7,2,6,30,3,1,1,5,4,6,6,4,4,10,5,5,2,16,2,9,2,1,C03,7,6,1,10,2,13,,39,39,1,12,4,120.738817,24.178497,2
4718,66000,387130000C,(04)23274275,(04)23288582,2025,12,11,7,56,臺中市,北屯區,0,0,0,7,,,50,,,,,,,,,,,,,,13,,,,,C03,,,1,,2,,,84,84,1,13,4,120.675424,24.173721,3
4719,66000,387130000C,(04)23274275,(04)23288582,2025,12,11,7,57,臺中市,豐原區,0,0,0,7,,,50,,,,,,,,,,,,,,17,,,,,B03,,,1,,1,,,85,85,1,6,4,120.721896,24.272175,3
4720,66000,387130000C,(04)23274275,(04)23288582,2025,12,11,7,58,臺中市,西屯區,0,2,0,7,2,6,50,3,1,1,5,4,6,6,4,4,1,4,1,2,16,3,10,3,1,B03,7,5,1,8,2,3,,14,14,1,12,4,120.627349,24.18,2
4721,66000,387130000C,(04)23274275,(04)23288582,2025,12,11,7,59,臺中市,大里區,0,2,0,7,1,6,30,3,1,1,5,4,6,6,4,4,10,5,5,1,16,2,9,1,1,C03,7,9,1,10,2,12,14,84,84,1,6,4,120.666154,24.104763,2
4722,66000,387130000C,(04)23274275,(04)23288582,2025,12,11,8,0,臺中市,北屯區,0,1,0,7,2,6,50,4,1,1,5,4,6,6,2,1,1,3,5,2,16,3,10,3,1,B03,7,6,3,19,1,6,,11,11,1,13,4,120.720723,24.172618,2
4723,66000,387130000C,(04)23274275,(04)23288582,2025,12,11,8,0,臺中市,沙鹿區,0,1,0,7,2,6,50,13,9,1,5,4,6,6,4,4,10,5,5,2,17,3,10,3,1,B12,7,1,1,8,2,1,8,51,51,1,6,4,120.569653,24.239604,2
4724,66000,387130000C,(04)23274275,(04)23288582,2025,12,11,8,2,臺中市,潭子區,0,1,0,7,2,6,60,3,2,1,5,4,6,6,2,1,1,4,4,1,13,2,8,1,1,C03,7,9,1,10,2,11,,7,7,1,13,4,120.704498,24.204526,2
4725,66000,387130000C,(04)23274275,(04)23288582,2025,12,11,8,2,臺中市,沙鹿區,0,1,0,7,2,6,50,3,1,1,5,4,6,6,1,1,3,4,4,2,17,2,9,3,1,B03,7,9,1,8,2,1,,7,7,1,13,4,120.566561,24.203834,2
4726,66000,387130000C,(04)23274275,(04)23288582,2025,12,11,8,3,臺中市,北屯區,0,0,0,7,,,50,,,,,,,,,,,,,,17,,,,,B03,,,1,,2,,,12,12,1,6,4,120.725303,24.180803,3
4727,66000,387130000C,(04)23274275,(04)23288582,2025,12,11,8,4,臺中市,北區,0,2,0,7,2,6,50,4,9,1,5,4,6,6,4,4,1,2,5,2,17,2,9,1,1,C03,7,6,1,10,2,14,,48,48,1,12,4,120.695335,24.155669,2
4728,66000,387130000C,(04)23274275,(04)23288582,2025,12,11,8,5,臺中市,西屯區,0,0,0,7,,,50,,,,,,,,,,,,,,16,,,,,B03,,,1,,1,,,51,51,1,12,4,120.648086,24.170176,3
4729,66000,387130000C,(04)23274275,(04)23288582,2025,12,11,8,5,臺中市,大里區,0,1,0,7,2,6,50,13,9,1,5,4,6,6,4,4,5,5,5,1,17,2,9,1,1,C03,7,9,1,10,2,12,,84,84,1,12,4,120.701501,24.110871,2
4730,66000,387130000C,(04)23274275,(04)23288582,2025,12,11,8,8,臺中市,南屯區,0,2,0,7,3,6,50,5,2,1,5,4,6,6,2,1,5,5,4,2,13,2,8,2,1,C02,7,9,1,9,2,11,,7,7,1,6,4,120.65477,24.135252,2
4731,66000,387130000C,(04)23274275,(04)23288582,2025,12,11,8,8,臺中市,大里區,0,0,0,7,,,50,,,,,,,,,,,,,,11,,,,,B03,,,1,,2,,,8,8,1,6,4,120.703365,24.104619,3
4732,66000,387130000C,(04)23274275,(04)23288582,2025,12,11,8,9,臺中市,南區,0,0,0,7,,,50,,,,,,,,,,,,,,,,,,,B03,,,1,,2,,,50,50,1,6,4,120.662614,24.125311,3
4733,66000,387130000C,(04)23274275,(04)23288582,2025,12,11,8,9,臺中市,南屯區,0,1,0,7,3,6,50,13,9,1,5,4,6,6,4,4,3,4,5,2,12,3,10,3,1,B03,7,7,1,8,2,2,,40,40,1,12,4,120.616286,24.146186,2
4734,66000,387130000C,(04)23274275,(04)23288582,2025,12,11,8,9,臺中市,大里區,0,0,0,7,,,50,,,,,,,,,,,,,,17,,,,,C03,,,1,,2,,,7,7,1,12,4,120.669788,24.103542,3
4735,66000,387130000C,(04)23274275,(04)23288582,2025,12,11,8,10,臺中市,霧峰區,0,1,0,7,2,6,50,4,1,1,5,4,5,5,4,4,10,5,5,2,3,3,10,2,1,C03,7,9,2,19,2,12,,10,10,1,6,4,120.698842,24.066141,2
4736,66000,387130000C,(04)23274275,(04)23288582,2025,12,11,8,13,臺中市,潭子區,0,0,0,7,,,50,,,,,,,,,,,,,,16,,,,,B03,,,1,,2,,,87,87,1,12,4,120.69763,24.216612,3
4737,66000,387130000C,(04)23274275,(04)23288582,2025,12,11,8,13,臺中市,北屯區,0,1,0,7,2,6,40,3,1,1,5,4,6,6,1,1,10,5,5,2,17,3,10,2,1,C03,7,7,1,10,2,16,,40,40,1,12,4,120.72194,24.185903,2
4738,66000,387130000C,(04)23274275,(04)23288582,2025,12,11,8,15,臺中市,北區,0,1,0,7,2,6,50,3,2,1,5,4,6,6,4,4,5,5,5,2,17,3,10,5,1,C03,7,9,1,10,2,11,,4,4,1,13,4,120.687288,24.146198,2
4739,66000,387130000C,(04)23274275,(04)23288582,2025,12,11,8,18,臺中市,北屯區,0,0,0,7,,,50,,,,,,,,,,,,,,13,,,,,B03,,,1,,1,,,7,7,1,6,4,120.705978,24.16948,3
4740,66000,387130000C,(04)23274275,(04)23288582,2025,12,11,8,20,臺中市,北屯區,0,0,0,7,,,50,,,,,,,,,,,,,,23,,,,,B12,,,1,,2,,,59,59,1,6,4,120.671263,24.19306,3
4741,66000,387130000C,(04)23274275,(04)23288582,2025,12,11,8,20,臺中市,龍井區,0,2,0,7,2,6,30,3,1,1,5,4,6,6,4,4,10,5,5,2,16,2,9,1,1,C03,7,6,1,10,2,14,,14,14,1,6,4,120.578023,24.180503,2
4742,66000,387130000C,(04)23274275,(04)23288582,2025,12,11,8,21,臺中市,北區,0,0,0,7,,,50,,,,,,,,,,,,,,17,,,,,B03,,,1,,2,,,84,84,1,12,4,120.680371,24.160473,3
4743,66000,387130000C,(04)23274275,(04)23288582,2025,12,11,8,21,臺中市,大里區,0,1,0,7,2,6,40,4,1,1,5,4,6,6,1,1,5,5,5,1,16,2,9,1,1,C03,7,9,1,10,2,14,11,84,84,1,6,4,120.671795,24.10801,2
4744,66000,387130000C,(04)23274275,(04)23288582,2025,12,11,8,24,臺中市,太平區,0,1,0,7,2,6,50,4,19,1,5,4,6,6,1,1,10,5,5,2,3,3,10,3,1,B03,7,5,1,8,2,5,,10,10,1,13,4,120.720297,24.15791,2
4745,66000,387130000C,(04)23274275,(04)23288582,2025,12,11,8,25,臺中市,西屯區,0,1,0,7,2,6,0,13,24,2,5,4,6,6,4,4,1,4,5,2,11,3,10,4,1,F01,7,9,7,21,2,15,,8,8,1,12,1,120.64659,24.155847,2
4746,66000,387130000C,(04)23274275,(04)23288582,2025,12,11,8,26,臺中市,西屯區,0,0,0,7,,,50,,,,,,,,,,,,,,13,,,,,C03,,,1,,1,,,59,59,1,13,4,120.623772,24.178702,3
4747,66000,387130000C,(04)23274275,(04)23288582,2025,12,11,8,28,臺中市,龍井區,0,1,0,7,2,6,60,3,1,1,5,4,6,6,2,1,10,5,5,2,12,3,10,3,1,B03,7,7,1,8,2,5,,20,20,1,6,4,120.579293,24.192887,2
4748,66000,387130000C,(04)23274275,(04)23288582,2025,12,11,8,28,臺中市,大甲區,0,1,0,7,2,6,50,3,2,1,5,4,6,6,3,1,10,5,5,2,16,2,7,2,1,C03,7,6,1,10,2,12,,12,12,1,6,4,120.626025,24.3558,2
4749,66000,387130000C,(04)23274275,(04)23288582,2025,12,11,8,29,臺中市,豐原區,0,2,0,7,2,9,40,13,9,1,5,4,6,3,4,4,1,4,5,1,12,2,8,5,4,C03,7,1,1,10,2,14,,51,51,1,13,4,120.725325,24.245466,2
4750,66000,387130000C,(04)23274275,(04)23288582,2025,12,11,8,30,臺中市,北區,0,0,0,7,,,0,,,,,,,,,,,,,,17,,,,,C03,,,1,,9,,,50,50,1,13,4,120.68942,24.152594,3
4751,66000,387130000C,(04)23274275,(04)23288582,2025,12,11,8,30,臺中市,大里區,0,0,0,7,,,50,,,,,,,,,,,,,,17,,,,,C03,,,1,,2,,,8,8,1,12,4,120.677546,24.093954,3
4752,66000,387130000C,(04)23274275,(04)23288582,2025,12,11,8,30,臺中市,梧棲區,0,1,0,7,2,6,50,5,1,1,5,4,6,6,3,1,5,5,5,1,16,2,9,2,1,C03,7,6,1,11,2,12,,11,11,1,12,4,120.534328,24.26138,2
4753,66000,387130000C,(04)23274275,(04)23288582,2025,12,11,8,39,臺中市,豐原區,0,0,0,7,,,50,,,,,,,,,,,,,,13,,,,,C03,,,1,,2,,,7,7,1,12,4,120.720798,24.267229,3
4754,66000,387130000C,(04)23274275,(04)23288582,2025,12,11,8,40,臺中市,中區,0,0,0,7,,,50,,,,,,,,,,,,,,,,,,,B03,,,1,,1,,,84,84,1,12,4,120.680016,24.139702,3
4755,66000,387130000C,(04)23274275,(04)23288582,2025,12,11,8,40,臺中市,沙鹿區,0,0,0,7,,,70,,,,,,,,,,,,,,,,,,,B03,,,1,,1,,,82,82,1,12,4,120.580517,24.201034,3
4756,66000,387130000C,(04)23274275,(04)23288582,2025,12,11,8,43,臺中市,沙鹿區,0,1,0,7,2,6,50,13,7,1,5,4,6,6,4,4,5,5,4,2,17,2,8,1,1,C03,7,9,1,10,2,11,,7,7,1,6,4,120.565748,24.207509,2
4757,66000,387130000C,(04)23274275,(04)23288582,2025,12,11,8,44,臺中市,龍井區,0,1,0,7,2,6,30,13,9,1,5,4,6,6,4,4,10,5,5,1,11,3,10,3,1,B03,7,9,1,8,2,4,,85,85,1,6,4,120.535054,24.194687,2
4758,66000,387130000C,(04)23274275,(04)23288582,2025,12,11,8,45,臺中市,太平區,0,0,0,7,,,50,,,,,,,,,,,,,,16,,,,,B12,,,1,,1,,,51,51,1,12,4,120.711449,24.123097,3
4759,66000,387130000C,(04)23274275,(04)23288582,2025,12,11,8,48,臺中市,北屯區,0,0,0,7,,,50,,,,,,,,,,,,,,14,,,,,B12,,,1,,2,,,49,49,1,6,4,120.724852,24.180323,3
4760,66000,387130000C,(04)23274275,(04)23288582,2025,12,11,8,49,臺中市,西屯區,0,0,0,7,,,40,,,,,,,,,,,,,,13,,,,,C03,,,1,,1,,,7,7,1,12,4,120.621429,24.17988,3
4761,66000,387130000C,(04)23274275,(04)23288582,2025,12,11,8,50,臺中市,南屯區,0,0,0,7,3,6,50,13,9,1,5,4,6,6,4,4,3,4,5,2,30,,,,,B12,,,1,,2,,,77,77,1,12,4,120.644648,24.140347,3
4762,66000,387130000C,(04)23274275,(04)23288582,2025,12,11,8,50,臺中市,梧棲區,0,0,0,7,,,50,,,,,,,,,,,,,,17,,,,,F01,,,7,,2,,,59,59,1,12,4,120.531381,24.260879,3
4763,66000,387130000C,(04)23274275,(04)23288582,2025,12,11,8,51,臺中市,北區,0,1,0,7,2,6,50,4,4,1,5,4,6,6,1,1,1,4,5,2,17,3,10,3,1,B03,7,15,1,8,2,1,,59,59,1,13,4,120.683438,24.153692,2
4764,66000,387130000C,(04)23274275,(04)23288582,2025,12,11,8,53,臺中市,南區,0,1,0,7,2,6,50,4,1,1,5,4,6,6,2,1,10,5,5,2,17,2,9,1,1,C03,7,6,1,10,2,13,,11,11,1,12,4,120.657777,24.117843,2
4765,66000,387130000C,(04)23274275,(04)23288582,2025,12,11,8,57,臺中市,中區,0,0,0,7,,,50,,,,,,,,,,,,,,14,,,,,A04,,,1,,1,,,49,49,1,13,4,120.685523,24.141826,3
4766,66000,387130000C,(04)23274275,(04)23288582,2025,12,11,8,58,臺中市,烏日區,0,0,0,7,,,30,,,,,,,,,,,,,,22,,,,,B12,,,1,,2,,,84,84,1,6,4,120.624575,24.104957,3
4767,66000,387130000C,(04)23274275,(04)23288582,2025,12,11,8,59,臺中市,北區,0,0,0,7,,,40,,,,,,,,,,,,,,16,,,,,C03,,,1,,1,,,48,48,1,12,4,120.680621,24.149172,3
4768,66000,387130000C,(04)23274275,(04)23288582,2025,12,11,9,0,臺中市,南屯區,0,0,0,7,,,50,,,,,,,,,,,,,,17,,,,,B03,,,1,,2,,,7,7,1,12,4,120.623822,24.152355,3
4769,66000,387130000C,(04)23274275,(04)23288582,2025,12,11,9,2,臺中市,南區,0,0,0,7,,,50,,,,,,,,,,,,,,,,,,,B03,,,1,,2,,,7,7,1,12,4,120.668311,24.118662,3
4770,66000,387130000C,(04)23274275,(04)23288582,2025,12,11,9,2,臺中市,烏日區,0,1,0,7,2,6,50,13,8,1,5,4,6,6,4,4,5,5,4,1,17,3,10,3,1,B12,7,13,1,10,2,7,,84,84,1,6,4,120.658469,24.095927,2
4771,66000,387130000C,(04)23274275,(04)23288582,2025,12,11,9,4,臺中市,西屯區,0,2,0,7,2,6,50,4,1,1,5,4,6,6,2,1,10,5,5,2,11,2,9,1,1,C03,7,6,1,8,2,11,,11,11,1,12,4,120.660102,24.164309,2
4772,66000,387130000C,(04)23274275,(04)23288582,2025,12,11,9,5,臺中市,大里區,0,1,0,7,2,6,50,13,9,1,5,4,6,6,4,4,1,4,5,1,12,2,9,1,1,C03,7,8,1,10,2,14,,40,40,1,13,4,120.683556,24.097688,2
4773,66000,387130000C,(04)23274275,(04)23288582,2025,12,11,9,6,臺中市,西屯區,0,1,0,7,2,6,50,13,9,1,5,4,6,6,4,4,5,4,5,2,17,3,10,3,1,B03,7,6,1,8,2,7,,20,20,1,12,4,120.642653,24.197833,2
4774,66000,387130000C,(04)23274275,(04)23288582,2025,12,11,9,14,臺中市,大甲區,0,0,0,7,,,50,,,,,,,,,,,,,,,,,,,B03,,,1,,2,,,59,59,1,6,4,120.619225,24.340156,3
4775,66000,387130000C,(04)23274275,(04)23288582,2025,12,11,9,15,臺中市,北區,0,2,0,7,2,6,50,4,1,1,5,4,6,6,1,1,3,4,5,2,17,2,9,5,1,C03,7,9,1,10,2,11,,7,7,1,13,4,120.685456,24.163099,2
4776,66000,387130000C,(04)23274275,(04)23288582,2025,12,11,9,15,臺中市,北屯區,0,0,0,7,,,50,,,,,,,,,,,,,,17,,,,,A11,,,1,,2,,,84,84,1,6,4,120.681229,24.176025,3
4777,66000,387130000C,(04)23274275,(04)23288582,2025,12,11,9,16,臺中市,霧峰區,0,2,0,7,3,6,40,11,19,1,5,4,6,6,4,4,10,5,5,1,3,2,9,1,1,C03,7,9,1,10,2,11,,10,10,1,5,4,120.694909,24.059713,2
4778,66000,387130000C,(04)23274275,(04)23288582,2025,12,11,9,17,臺中市,北屯區,0,1,0,7,2,6,50,4,1,1,5,4,6,6,2,1,10,5,5,2,15,3,10,2,1,C03,7,9,1,10,2,11,,21,21,1,6,4,120.697681,24.170564,2
4779,66000,387130000C,(04)23274275,(04)23288582,2025,12,11,9,19,臺中市,西屯區,0,0,0,7,,,50,,,,,,,,,,,,,,13,,,,,B03,,,1,,1,,,7,7,1,12,4,120.638708,24.169633,3
4780,66000,387130000C,(04)23274275,(04)23288582,2025,12,11,9,20,臺中市,大雅區,0,0,0,7,,,30,,,,,,,,,,,,,,,,,,,B03,,,,,1,,,82,82,1,13,4,120.635226,24.204886,3
4781,66000,387130000C,(04)23274275,(04)23288582,2025,12,11,9,24,臺中市,東勢區,0,0,0,7,,,40,,,,,,,,,,,,,,,,,,,B03,,,5,,2,,,41,41,1,12,4,120.818969,24.271889,3
4782,66000,387130000C,(04)23274275,(04)23288582,2025,12,11,9,26,臺中市,中區,0,2,0,7,2,6,50,3,1,1,5,4,6,6,4,4,5,4,5,2,17,2,9,2,1,C03,7,6,1,10,2,14,,14,14,1,12,4,120.681726,24.136331,2
4783,66000,387130000C,(04)23274275,(04)23288582,2025,12,11,9,28,臺中市,北屯區,0,0,0,7,,,50,,,,,,,,,,,,,,17,,,,,A11,,,1,,9,,,8,8,1,6,4,120.679181,24.178929,4
4784,66000,387130000C,(04)23274275,(04)23288582,2025,12,11,9,30,臺中市,烏日區,0,0,0,7,,,40,,,,,,,,,,,,,,13,,,,,C03,,,1,,1,,,7,7,1,6,4,120.584316,24.111465,4
4785,66000,387130000C,(04)23274275,(04)23288582,2025,12,11,9,30,臺中市,豐原區,0,0,0,7,,,50,,,,,,,,,,,,,,17,,,,,B03,,,1,,2,,,21,21,1,6,4,120.736478,24.272656,3
4786,66000,387130000C,(04)23274275,(04)23288582,2025,12,11,9,31,臺中市,北區,0,1,0,7,2,6,50,13,9,1,5,4,6,6,4,4,3,4,5,2,17,2,9,5,4,C03,7,15,1,10,2,14,,84,84,1,12,4,120.678703,24.163007,2
4787,66000,387130000C,(04)23274275,(04)23288582,2025,12,11,9,31,臺中市,東區,0,1,0,7,2,6,50,3,1,1,5,4,6,6,4,4,10,5,5,2,16,3,10,3,1,B03,7,5,1,8,2,5,,47,47,1,6,4,120.696692,24.140968,2
4788,66000,387130000C,(04)23274275,(04)23288582,2025,12,11,9,31,臺中市,清水區,0,1,0,7,3,6,30,3,1,1,5,4,6,6,4,4,10,5,5,2,17,2,9,2,1,C03,7,6,1,10,2,14,,14,14,1,12,4,120.573027,24.309181,2
4789,66000,387130000C,(04)23274275,(04)23288582,2025,12,11,9,39,臺中市,北屯區,0,0,0,7,,,30,,,,,,,,,,,,,,30,,,,,B03,,,1,,1,,,87,87,1,13,4,120.681246,24.189739,3
4790,66000,387130000C,(04)23274275,(04)23288582,2025,12,11,9,40,臺中市,南屯區,0,1,0,7,3,6,50,13,9,1,5,4,6,6,4,4,3,4,5,2,13,3,10,3,1,B03,7,9,1,8,1,5,,7,7,1,12,4,120.623532,24.145055,2
4791,66000,387130000C,(04)23274275,(04)23288582,2025,12,11,9,41,臺中市,豐原區,0,0,0,7,,,60,,,,,,,,,,,,,,20,,,,,B03,,,1,,2,,,8,8,1,13,4,120.733768,24.263774,3
4792,66000,387130000C,(04)23274275,(04)23288582,2025,12,11,9,43,臺中市,石岡區,0,0,0,7,,,50,,,,,,,,,,,,,,,,,,,A41,,,1,,2,,,84,84,1,12,4,120.773562,24.270712,3
4793,66000,387130000C,(04)23274275,(04)23288582,2025,12,11,9,45,臺中市,南屯區,0,0,0,7,,,50,,,,,,,,,,,,,,,,,,,C03,,,1,,1,,,59,59,1,13,4,120.65083,24.155274,3
4794,66000,387130000C,(04)23274275,(04)23288582,2025,12,11,9,50,臺中市,大里區,0,1,0,7,2,6,30,13,9,1,5,4,6,6,4,4,5,5,5,2,17,3,10,1,1,C03,7,9,1,10,2,16,,87,87,1,6,4,120.668688,24.106111,2
4795,66000,387130000C,(04)23274275,(04)23288582,2025,12,11,9,51,臺中市,南屯區,0,0,0,7,,,40,,,,,,,,,,,,,,14,,,,,B12,,,1,,2,,,49,49,1,6,4,120.648154,24.153561,3
4796,66000,387130000C,(04)23274275,(04)23288582,2025,12,11,9,53,臺中市,西區,0,1,0,7,2,6,50,3,1,1,5,4,6,6,1,1,10,5,5,2,17,2,9,2,1,C03,7,9,1,10,2,11,,84,84,1,12,4,120.678319,24.13926,2
4797,66000,387130000C,(04)23274275,(04)23288582,2025,12,11,9,57,臺中市,潭子區,0,0,0,7,,,50,,,,,,,,,,,,,,17,,,,,B03,,,1,,2,,,50,50,1,13,4,120.711143,24.206857,3
4798,66000,387130000C,(04)23274275,(04)23288582,2025,12,11,10,8,臺中市,西屯區,0,1,0,7,2,6,40,13,8,1,5,4,6,3,4,4,1,4,1,2,12,2,9,1,1,C03,7,9,1,10,2,14,,84,84,1,12,4,120.654429,24.159716,2
4799,66000,387130000C,(04)23274275,(04)23288582,2025,12,11,10,9,臺中市,西區,0,1,0,7,1,6,50,5,1,1,5,4,6,6,1,1,10,5,5,1,17,2,9,5,4,C03,7,9,1,10,2,14,,84,84,1,12,4,120.670478,24.150598,2
4800,66000,387130000C,(04)23274275,(04)23288582,2025,12,11,10,10,臺中市,后里區,0,0,0,7,,,60,,,,,,,,,,,,,,13,,,,,B03,,,1,,2,,,84,84,1,6,4,120.722901,24.287146,3
4801,66000,387130000C,(04)23274275,(04)23288582,2025,12,11,10,11,臺中市,沙鹿區,0,0,0,7,,,40,,,,,,,,,,,,,,,,,,,C03,,,1,,1,,,59,59,1,13,4,120.57292,24.231375,3
4802,66000,387130000C,(04)23274275,(04)23288582,2025,12,11,10,12,臺中市,東區,0,0,0,7,,,50,,,,,,,,,,,,,,16,,,,,B12,,,1,,2,,,11,11,1,6,4,120.702455,24.131452,3
4803,66000,387130000C,(04)23274275,(04)23288582,2025,12,11,10,14,臺中市,北區,0,0,0,7,,,30,,,,,,,,,,,,,,14,,,,,G03,,,1,,1,,,49,49,1,13,4,120.701655,24.15908,3
4804,66000,387130000C,(04)23274275,(04)23288582,2025,12,11,10,14,臺中市,西屯區,0,2,0,7,2,6,50,4,1,1,5,4,6,6,2,1,10,5,5,2,16,2,9,1,1,C03,7,5,1,10,2,12,,11,11,1,13,4,120.655813,24.165511,2
4805,66000,387130000C,(04)23274275,(04)23288582,2025,12,11,10,15,臺中市,南屯區,0,0,0,7,,,,,,,,,,,,,,,,,17,,,,,,,,,,,,,85,85,1,,,120.611773,24.14835,3
4806,66000,387130000C,(04)23274275,(04)23288582,2025,12,11,10,15,臺中市,北屯區,0,1,0,7,2,6,50,13,20,1,5,4,6,6,4,4,5,5,5,2,3,2,9,6,5,H01,8,16,7,21,10,17,,95,95,1,12,5,120.719479,24.176777,2