序號,縣市別代碼,機關代碼,市話,傳真,年,月,日,時,分,縣市,區,死亡數量,受傷數量,2-30,天候,道路照明設備,道路類別,道路速限,道路型態,事故位置,路面鋪裝,路面狀態,路面缺陷,障礙物,視距,號誌種類,號誌動作,分向設施,快車道或一般車道間,快慢車道間,路面邊線,事故類型及型態,受傷程度,主要傷處,保護裝備,行動電話或功能裝置,當事者區分(類別),車輛用途,當事者行動狀態,駕照狀態,駕照種類,飲酒情形,車輛撞擊部位最初,車輛撞擊部位其他,肇事因素個別,肇事因素主要,肇事逃逸,職業,共享經濟或外送平台,GPS座標X,GPS座標Y,事故類別
4807,66000,387130000C,(04)23274275,(04)23288582,2025,12,11,10,16,臺中市,大里區,0,1,0,7,2,6,50,3,1,1,5,4,6,6,4,4,5,5,5,1,12,3,10,3,1,B03,7,7,1,8,2,2,,40,40,1,6,4,120.680223,24.109485,2
4808,66000,387130000C,(04)23274275,(04)23288582,2025,12,11,10,17,臺中市,中區,0,0,0,7,,,50,,,,,,,,,,,,,,13,,,,,C03,,,1,,1,,,59,59,1,12,4,120.67756,24.144098,3
4809,66000,387130000C,(04)23274275,(04)23288582,2025,12,11,10,17,臺中市,中區,0,0,0,7,,,50,,,,,,,,,,,,,,17,,,,,C03,,,1,,2,,,40,40,1,13,4,120.678319,24.13926,3
4810,66000,387130000C,(04)23274275,(04)23288582,2025,12,11,10,18,臺中市,北屯區,0,1,0,7,2,6,50,4,1,1,5,4,6,6,2,1,3,3,5,2,16,3,10,2,1,C03,7,6,1,10,2,12,,36,36,1,13,4,120.669806,24.176584,2
4811,66000,387130000C,(04)23274275,(04)23288582,2025,12,11,10,20,臺中市,外埔區,0,1,0,7,2,6,50,3,8,1,5,4,6,6,4,4,3,4,4,2,13,2,9,3,1,B03,7,5,1,8,2,1,,7,7,1,6,4,120.641855,24.338202,2
4812,66000,387130000C,(04)23274275,(04)23288582,2025,12,11,10,23,臺中市,南屯區,0,1,0,7,3,6,30,13,9,1,5,4,6,6,4,4,10,5,5,2,17,2,9,1,1,C03,7,5,1,10,2,14,,20,20,1,12,4,120.620972,24.144885,2
4813,66000,387130000C,(04)23274275,(04)23288582,2025,12,11,10,25,臺中市,豐原區,0,1,0,7,1,6,50,4,1,1,5,4,6,6,1,1,10,5,5,2,16,3,10,5,4,B03,7,6,1,8,2,1,,11,11,1,12,4,120.71563,24.251408,2
4814,66000,387130000C,(04)23274275,(04)23288582,2025,12,11,10,28,臺中市,霧峰區,0,0,0,7,,,50,,,,,,,,,,,,,,17,,,,,B12,,,1,10,10,,,84,84,1,13,4,120.698954,24.061871,3
4815,66000,387130000C,(04)23274275,(04)23288582,2025,12,11,10,36,臺中市,南屯區,0,0,0,7,,,50,,,,,,,,,,,,,,17,,,,,B03,,,1,,1,,,20,20,1,6,4,120.628425,24.145602,3
4816,66000,387130000C,(04)23274275,(04)23288582,2025,12,11,10,40,臺中市,豐原區,0,0,0,7,,,30,,,,,,,,,,,,,,17,,,,,B03,,,1,,1,,,8,8,2,12,4,120.715876,24.244087,3
4817,66000,387130000C,(04)23274275,(04)23288582,2025,12,11,10,45,臺中市,南區,0,0,0,7,,,50,,,,,,,,,,,,,,13,,,,,B03,,,1,,1,,,7,7,1,12,4,120.670505,24.118407,3
4818,66000,387130000C,(04)23274275,(04)23288582,2025,12,11,10,45,臺中市,西屯區,0,0,0,7,,,50,,,,,,,,,,,,,,17,,,,,B03,,,1,,2,,,50,50,1,12,4,120.623149,24.183012,3
4819,66000,387130000C,(04)23274275,(04)23288582,2025,12,11,10,45,臺中市,烏日區,0,1,0,7,2,6,40,4,1,1,5,4,6,6,1,1,5,4,4,2,16,3,10,3,1,B03,7,5,1,8,2,5,,11,11,1,6,4,120.607526,24.111926,2
4820,66000,387130000C,(04)23274275,(04)23288582,2025,12,11,10,50,臺中市,東區,0,1,0,7,2,6,50,3,1,1,5,4,6,6,4,4,10,5,5,2,17,2,8,1,1,C03,7,6,1,10,2,12,,14,14,1,12,4,120.698183,24.128011,2
4821,66000,387130000C,(04)23274275,(04)23288582,2025,12,11,10,50,臺中市,豐原區,0,1,0,7,1,6,50,3,1,1,5,4,6,6,1,1,1,4,4,2,17,3,10,3,1,B03,7,11,1,8,2,15,,32,32,1,6,4,120.724062,24.260506,2
4822,66000,387130000C,(04)23274275,(04)23288582,2025,12,11,10,52,臺中市,西區,0,0,0,7,,,50,,,,,,,,,,,,,,17,,,,,C03,,,1,,1,,,36,36,1,12,4,120.675473,24.141775,3
4823,66000,387130000C,(04)23274275,(04)23288582,2025,12,11,10,52,臺中市,大甲區,0,0,0,7,,,50,,,,,,,,,,,,,,,,,,,B03,,,1,,1,,,7,7,1,6,4,120.631827,24.355689,3
4824,66000,387130000C,(04)23274275,(04)23288582,2025,12,11,10,53,臺中市,大雅區,0,1,0,7,2,6,50,4,1,1,5,4,6,6,2,1,5,5,5,1,9,3,10,3,1,B03,7,6,1,8,2,1,,10,10,1,13,4,120.645453,24.22198,2
4825,66000,387130000C,(04)23274275,(04)23288582,2025,12,11,10,57,臺中市,太平區,0,1,0,7,2,6,50,13,9,1,5,4,6,6,4,4,5,4,5,2,14,3,10,3,1,B12,7,2,1,6,2,6,,49,49,1,13,4,120.723655,24.105408,2
4826,66000,387130000C,(04)23274275,(04)23288582,2025,12,11,10,58,臺中市,豐原區,0,1,0,7,2,6,50,13,14,1,5,4,6,6,4,4,1,5,5,1,12,3,10,5,4,B12,7,9,1,8,2,15,,8,8,1,13,4,120.729658,24.255622,2
4827,66000,387130000C,(04)23274275,(04)23288582,2025,12,11,11,0,臺中市,東區,0,2,0,7,2,6,50,5,1,1,5,4,6,6,1,1,10,5,5,2,17,2,2,3,1,B03,7,11,1,8,2,8,,45,45,1,12,4,120.694735,24.140494,2
4828,66000,387130000C,(04)23274275,(04)23288582,2025,12,11,11,0,臺中市,烏日區,0,1,0,7,2,6,50,13,9,1,5,4,6,6,4,4,5,5,5,1,17,3,10,3,1,B03,7,11,1,8,2,7,,39,39,1,6,4,120.625926,24.111681,2
4829,66000,387130000C,(04)23274275,(04)23288582,2025,12,11,11,8,臺中市,南區,0,0,0,7,,,50,,,,,,,,,,,,,,30,,,,,C03,,,1,,9,,,87,87,1,6,4,120.666519,24.115183,3
4830,66000,387130000C,(04)23274275,(04)23288582,2025,12,11,11,8,臺中市,北屯區,0,1,0,7,3,6,50,13,9,1,5,4,6,6,4,4,1,4,5,2,30,2,9,1,1,C03,7,9,1,10,2,14,,82,82,1,6,4,120.69538,24.183079,2
4831,66000,387130000C,(04)23274275,(04)23288582,2025,12,11,11,8,臺中市,西屯區,0,0,0,7,,,50,,,,,,,,,,,,,,14,,,,,B03,,,1,,2,,,49,49,1,12,4,120.619584,24.184324,3
4832,66000,387130000C,(04)23274275,(04)23288582,2025,12,11,11,8,臺中市,大里區,0,1,0,7,2,6,50,13,9,1,5,4,6,6,4,4,5,4,5,1,17,2,9,1,1,C02,7,14,1,9,2,14,,84,84,1,12,4,120.688186,24.101531,2
4833,66000,387130000C,(04)23274275,(04)23288582,2025,12,11,11,11,臺中市,南屯區,0,0,0,7,,,50,,,,,,,,,,,,,,12,,,,,B03,,,1,,1,,,40,40,1,12,4,120.624157,24.152514,4
4834,66000,387130000C,(04)23274275,(04)23288582,2025,12,11,11,12,臺中市,大里區,0,0,0,7,,,30,,,,,,,,,,,,,,14,,,,,B03,,,1,,9,,,49,49,2,6,4,120.694496,24.078342,3
4835,66000,387130000C,(04)23274275,(04)23288582,2025,12,11,11,14,臺中市,潭子區,0,1,0,7,3,6,50,3,2,1,5,4,6,6,4,4,5,4,4,2,17,2,9,1,1,C03,7,15,1,10,2,12,,84,84,1,12,4,120.70651,24.204904,2
4836,66000,387130000C,(04)23274275,(04)23288582,2025,12,11,11,15,臺中市,北屯區,0,1,0,7,2,6,50,13,9,1,5,4,6,6,4,4,1,4,5,2,14,3,10,3,1,B03,7,2,1,8,1,7,,49,49,1,6,4,120.692264,24.171233,2
4837,66000,387130000C,(04)23274275,(04)23288582,2025,12,11,11,20,臺中市,中區,0,0,0,7,,,50,,,,,,,,,,,,,,,,,,,B03,,,1,,1,,,84,84,1,12,4,120.676023,24.145494,3
4838,66000,387130000C,(04)23274275,(04)23288582,2025,12,11,11,20,臺中市,西屯區,0,0,0,7,,3,80,,,,,,,,,,,,,,13,,,,,A41,,,1,,1,,,7,7,1,12,4,120.626127,24.158061,3
4839,66000,387130000C,(04)23274275,(04)23288582,2025,12,11,11,26,臺中市,大雅區,0,2,0,7,3,6,30,4,1,1,5,4,6,6,4,4,10,5,5,2,15,2,9,5,4,C03,7,9,1,10,2,11,,15,15,1,12,4,120.662606,24.226279,2
4840,66000,387130000C,(04)23274275,(04)23288582,2025,12,11,11,31,臺中市,大肚區,0,0,0,7,,,70,,,,,,,,,,,,,,,,,,,B03,,,1,,2,,,8,8,1,6,4,120.549344,24.140451,3
4841,66000,387130000C,(04)23274275,(04)23288582,2025,12,11,11,31,臺中市,沙鹿區,0,2,0,7,3,6,50,13,9,1,5,4,6,6,4,4,5,5,5,1,17,2,8,2,1,C03,7,11,1,8,2,14,,45,45,1,12,4,120.57425,24.227632,2
4842,66000,387130000C,(04)23274275,(04)23288582,2025,12,11,11,38,臺中市,西屯區,0,1,0,7,2,6,70,4,1,1,5,4,6,6,1,1,1,4,1,2,15,3,10,3,1,E01,7,9,1,8,2,1,,21,21,1,12,4,120.624598,24.178587,2
4843,66000,387130000C,(04)23274275,(04)23288582,2025,12,11,11,38,臺中市,豐原區,0,1,0,7,2,6,30,4,1,1,5,4,6,6,4,4,10,5,5,2,15,2,4,1,1,C03,7,9,1,10,2,11,,12,12,1,12,4,120.714931,24.27168,2
4844,66000,387130000C,(04)23274275,(04)23288582,2025,12,11,11,45,臺中市,太平區,0,2,0,7,2,6,50,4,1,1,5,4,6,6,4,4,10,5,5,2,16,2,9,1,1,C03,7,9,1,10,2,12,14,7,7,1,12,4,120.719192,24.103009,2
4845,66000,387130000C,(04)23274275,(04)23288582,2025,12,11,11,46,臺中市,南屯區,0,0,0,7,3,6,50,13,9,1,5,4,6,6,4,4,5,4,5,2,13,,,,,B03,,,1,,1,,,7,7,1,12,4,120.599935,24.139303,3
4846,66000,387130000C,(04)23274275,(04)23288582,2025,12,11,11,47,臺中市,南屯區,0,0,0,7,,,50,,,,,,,,,,,,,,,,,,,B03,,,1,,2,,,59,59,1,13,4,120.650895,24.15702,3
4847,66000,387130000C,(04)23274275,(04)23288582,2025,12,11,11,49,臺中市,南屯區,0,1,0,7,3,6,50,4,2,1,5,4,6,6,2,1,1,2,5,2,13,2,9,1,1,C03,7,9,1,10,2,11,,26,26,1,6,4,120.622623,24.145107,2
4848,66000,387130000C,(04)23274275,(04)23288582,2025,12,11,11,53,臺中市,沙鹿區,0,1,0,7,2,6,30,13,9,1,5,4,6,6,4,4,10,5,5,2,17,2,9,1,1,C03,7,1,1,10,2,14,,84,84,1,13,4,120.568544,24.228839,2
4849,66000,387130000C,(04)23274275,(04)23288582,2025,12,11,11,54,臺中市,太平區,0,0,0,7,,,50,,,,,,,,,,,,,,17,,,,,B02,,,1,,2,,,50,50,1,12,4,120.734069,24.143984,3
4850,66000,387130000C,(04)23274275,(04)23288582,2025,12,11,11,54,臺中市,后里區,0,0,0,7,,,50,,,,,,,,,,,,,,17,,,,,A12,,,1,,2,,,59,59,1,6,4,120.698543,24.287266,3
4851,66000,387130000C,(04)23274275,(04)23288582,2025,12,11,11,55,臺中市,北屯區,0,0,0,7,,,30,,,,,,,,,,,,,,16,,,,,B03,,,1,,2,,,14,14,1,13,4,120.669994,24.184285,3
4852,66000,387130000C,(04)23274275,(04)23288582,2025,12,11,11,55,臺中市,霧峰區,0,1,0,7,3,6,25,12,7,1,5,4,6,6,4,4,5,5,4,1,18,2,9,1,1,C03,7,9,1,10,2,12,,84,84,1,5,4,120.715854,24.07221,2
4853,66000,387130000C,(04)23274275,(04)23288582,2025,12,11,11,57,臺中市,沙鹿區,0,1,0,7,2,6,50,13,19,1,5,4,6,6,4,4,5,5,5,2,3,3,10,6,1,F02,7,9,7,21,2,16,,20,20,1,12,4,120.561633,24.235901,2
4854,66000,387130000C,(04)23274275,(04)23288582,2025,12,11,11,58,臺中市,南屯區,0,1,0,7,2,6,50,13,8,1,5,4,6,6,4,4,1,4,4,2,17,3,10,3,1,B03,7,15,1,8,2,4,,76,76,1,12,4,120.638201,24.14772,2
4855,66000,387130000C,(04)23274275,(04)23288582,2025,12,11,11,59,臺中市,太平區,0,0,0,7,,,50,,,,,,,,,,,,,,14,,,,,B12,,,1,,1,,,49,49,1,13,4,120.714299,24.145834,3
4856,66000,387130000C,(04)23274275,(04)23288582,2025,12,11,12,1,臺中市,龍井區,0,2,0,7,2,6,50,4,1,1,5,4,6,6,4,4,10,5,5,2,15,2,9,2,1,C03,7,9,1,10,2,11,,15,15,1,6,4,120.545765,24.196884,2
4857,66000,387130000C,(04)23274275,(04)23288582,2025,12,11,12,2,臺中市,西屯區,0,1,0,7,2,6,50,4,1,1,5,4,6,6,1,1,10,5,5,2,17,2,9,5,4,C03,7,11,1,10,2,16,,45,45,1,12,4,120.608315,24.187146,2
4858,66000,387130000C,(04)23274275,(04)23288582,2025,12,11,12,3,臺中市,潭子區,0,1,0,7,2,6,50,13,9,1,5,4,6,6,4,4,10,4,5,2,12,3,10,3,1,B03,7,7,1,8,2,5,,40,40,1,13,4,120.702252,24.200994,2
4859,66000,387130000C,(04)23274275,(04)23288582,2025,12,11,12,6,臺中市,太平區,0,1,0,7,2,6,50,13,24,1,5,4,6,6,4,4,10,5,5,2,16,3,10,3,1,B03,7,1,1,8,2,5,,51,51,1,12,4,120.705664,24.160401,2
4860,66000,387130000C,(04)23274275,(04)23288582,2025,12,11,12,7,臺中市,南屯區,0,0,0,7,,,50,,,,,,,,,,,,,,13,,,,,B11,,,1,,1,,,7,7,1,6,4,120.646912,24.132024,3
4861,66000,387130000C,(04)23274275,(04)23288582,2025,12,11,12,8,臺中市,豐原區,0,1,0,7,3,6,50,4,5,1,5,4,6,6,1,1,5,5,5,1,13,2,7,1,1,C03,7,9,1,10,2,11,,7,7,1,12,4,120.721418,24.249012,2
4862,66000,387130000C,(04)23274275,(04)23288582,2025,12,11,12,9,臺中市,西屯區,0,0,0,7,,,50,,,,,,,,,,,,,,14,,,,,B03,,,1,,1,,,59,59,1,12,4,120.641788,24.157217,3
4863,66000,387130000C,(04)23274275,(04)23288582,2025,12,11,12,11,臺中市,太平區,0,0,0,7,,,50,,,,,,,,,,,,,,17,,,,,A12,,,1,,2,,,50,50,1,12,4,120.706819,24.118018,3
4864,66000,387130000C,(04)23274275,(04)23288582,2025,12,11,12,18,臺中市,東區,0,1,0,7,2,6,50,3,1,1,5,4,6,6,4,4,10,5,5,2,17,3,10,1,1,C03,7,9,1,10,2,14,,84,84,1,12,4,120.692283,24.147223,2
4865,66000,387130000C,(04)23274275,(04)23288582,2025,12,11,12,20,臺中市,西區,0,1,0,7,2,6,50,3,2,1,5,4,6,6,4,4,5,5,5,1,13,2,9,2,1,C03,7,9,1,10,2,11,,7,7,1,13,4,120.662312,24.15836,2
4866,66000,387130000C,(04)23274275,(04)23288582,2025,12,11,12,20,臺中市,大里區,0,2,0,7,2,6,50,13,9,1,5,4,6,6,4,4,10,5,5,2,16,2,9,1,1,C03,7,6,2,19,2,14,,84,84,1,12,4,120.679926,24.085027,2
4867,66000,387130000C,(04)23274275,(04)23288582,2025,12,11,12,21,臺中市,北屯區,0,1,0,7,2,6,50,4,1,1,5,4,6,6,2,1,10,5,5,2,16,2,6,3,1,B03,7,6,1,8,2,4,,84,84,1,12,4,120.664633,24.18267,2
4868,66000,387130000C,(04)23274275,(04)23288582,2025,12,11,12,36,臺中市,西屯區,0,0,0,7,,,50,,,,,,,,,,,,,,14,,,,,B12,,,1,,1,,,59,59,1,13,4,120.624797,24.179459,3
4869,66000,387130000C,(04)23274275,(04)23288582,2025,12,11,12,39,臺中市,龍井區,0,2,0,7,2,6,30,13,9,1,5,4,6,6,4,4,10,5,5,2,10,2,9,2,1,C03,7,9,1,10,2,14,,41,41,1,6,4,120.555416,24.20241,2
4870,66000,387130000C,(04)23274275,(04)23288582,2025,12,11,12,40,臺中市,西區,0,1,0,7,2,6,50,13,9,1,5,4,6,6,4,4,1,4,5,2,17,2,9,2,1,C03,7,9,1,10,2,11,,7,7,1,12,4,120.657217,24.147118,2
4871,66000,387130000C,(04)23274275,(04)23288582,2025,12,11,12,40,臺中市,南區,0,1,0,7,2,6,50,4,1,1,5,4,6,6,2,1,10,5,5,2,13,3,10,1,1,C03,7,9,1,10,2,11,,7,7,1,12,4,120.678016,24.129469,2
4872,66000,387130000C,(04)23274275,(04)23288582,2025,12,11,12,45,臺中市,大里區,0,0,0,7,,,50,,,,,,,,,,,,,,17,,,,,B03,,,1,,2,,,11,11,1,6,4,120.667059,24.096685,3
4873,66000,387130000C,(04)23274275,(04)23288582,2025,12,11,12,46,臺中市,北區,0,0,0,7,,,50,,,,,,,,,,,,,,13,,,,,B03,,,1,,1,,,84,84,1,12,4,120.670967,24.162681,3
4874,66000,387130000C,(04)23274275,(04)23288582,2025,12,11,12,48,臺中市,南區,0,1,0,7,2,6,40,13,8,1,5,4,6,6,4,4,5,5,4,2,13,2,9,1,1,C03,7,9,1,10,2,11,12,82,82,1,5,4,120.673393,24.123906,2
4875,66000,387130000C,(04)23274275,(04)23288582,2025,12,11,12,51,臺中市,沙鹿區,0,2,0,7,3,6,40,4,1,1,5,4,6,6,2,1,10,5,5,2,17,3,10,4,1,F01,7,9,7,21,2,16,,85,85,1,13,4,120.574062,24.229745,2
4876,66000,387130000C,(04)23274275,(04)23288582,2025,12,11,12,52,臺中市,南區,0,0,0,7,,,50,,,,,,,,,,,,,,17,,,,,C03,,,1,,2,,,7,7,1,6,4,120.679224,24.126376,3
4877,66000,387130000C,(04)23274275,(04)23288582,2025,12,11,12,55,臺中市,南屯區,0,2,0,7,2,6,50,11,9,1,5,4,6,6,4,4,9,5,5,2,17,2,8,2,1,C03,7,11,1,10,2,13,,32,32,1,13,4,120.653069,24.154679,2
4878,66000,387130000C,(04)23274275,(04)23288582,2025,12,11,13,0,臺中市,西屯區,0,0,0,7,,,50,,,,,,,,,,,,,,17,,,,,B03,,,1,,2,,,59,59,1,12,4,120.664153,24.176237,3
4879,66000,387130000C,(04)23274275,(04)23288582,2025,12,11,13,4,臺中市,北屯區,0,0,0,7,,,50,,,,,,,,,,,,,,2,,,,,B11,,,1,,4,,,8,8,1,13,4,120.694742,24.184314,3
4880,66000,387130000C,(04)23274275,(04)23288582,2025,12,11,13,7,臺中市,大里區,0,1,0,7,2,6,50,4,9,1,5,4,6,6,3,1,10,5,5,2,17,3,10,5,4,B03,7,6,1,8,2,1,,84,84,1,13,4,120.729508,24.092609,2
4881,66000,387130000C,(04)23274275,(04)23288582,2025,12,11,13,8,臺中市,梧棲區,0,2,0,7,3,6,30,13,9,1,5,4,6,6,4,4,10,5,5,2,11,3,10,3,1,B03,7,9,1,8,2,8,,8,8,1,6,4,120.532619,24.243541,2
4882,66000,387130000C,(04)23274275,(04)23288582,2025,12,11,13,12,臺中市,霧峰區,0,2,0,7,2,6,25,4,1,1,5,4,6,6,4,4,10,5,5,2,15,2,9,2,1,C03,7,1,1,10,2,11,,51,51,1,6,4,120.690055,24.066008,2
4883,66000,387130000C,(04)23274275,(04)23288582,2025,12,11,13,13,臺中市,中區,0,0,0,7,,,50,,,,,,,,,,,,,,,,,,,B03,,,1,8,2,,,84,84,1,13,4,120.680765,24.138415,3
4884,66000,387130000C,(04)23274275,(04)23288582,2025,12,11,13,13,臺中市,西屯區,0,0,0,7,,,40,,,,,,,,,,,,,,13,,,,,C03,,,1,,1,,,7,7,1,12,4,120.602633,24.182917,3
4885,66000,387130000C,(04)23274275,(04)23288582,2025,12,11,13,15,臺中市,太平區,0,2,0,7,2,6,50,4,1,1,5,4,6,6,1,1,10,5,5,2,16,2,9,2,1,C03,7,9,3,19,2,12,,21,21,1,13,4,120.7175,24.123587,2
4886,66000,387130000C,(04)23274275,(04)23288582,2025,12,11,13,15,臺中市,清水區,0,0,0,7,,,50,,,,,,,,,,,,,,17,,,,,B03,,,1,,1,,,7,7,1,12,4,120.556773,24.266315,3
4887,66000,387130000C,(04)23274275,(04)23288582,2025,12,11,13,17,臺中市,大里區,0,0,0,7,,,30,,,,,,,,,,,,,,17,,,,,B12,,,1,,2,,,49,49,1,6,4,120.694961,24.122195,3
4888,66000,387130000C,(04)23274275,(04)23288582,2025,12,11,13,18,臺中市,西屯區,0,1,0,7,2,6,50,4,1,1,5,4,6,6,2,1,10,5,5,2,12,3,10,1,1,C03,7,6,1,10,2,14,,84,84,1,12,4,120.65681,24.184602,2
4889,66000,387130000C,(04)23274275,(04)23288582,2025,12,11,13,20,臺中市,南屯區,0,0,0,7,,,50,,,,,,,,,,,,,,,,,,,B02,,,1,,2,,,50,50,1,13,4,120.651395,24.151545,3
4890,66000,387130000C,(04)23274275,(04)23288582,2025,12,11,13,20,臺中市,豐原區,0,0,0,7,,,50,,,,,,,,,,,,,,13,,,,,B03,,,1,,2,,,7,7,1,12,4,120.733623,24.255427,3
4891,66000,387130000C,(04)23274275,(04)23288582,2025,12,11,13,21,臺中市,豐原區,0,1,0,7,2,6,50,3,1,1,5,4,6,6,4,4,5,5,4,2,18,2,8,5,4,B03,7,9,1,10,2,16,,6,6,1,13,4,120.725204,24.246985,2
4892,66000,387130000C,(04)23274275,(04)23288582,2025,12,11,13,25,臺中市,大里區,0,0,0,7,,,50,,,,,,,,,,,,,,,,,,,B12,,,1,,1,,,49,49,1,12,4,120.706292,24.08825,4
4893,66000,387130000C,(04)23274275,(04)23288582,2025,12,11,13,25,臺中市,豐原區,0,0,0,7,,,50,,,,,,,,,,,,,,17,,,,,C03,,,1,,2,,,7,7,1,6,4,120.720837,24.250632,3
4894,66000,387130000C,(04)23274275,(04)23288582,2025,12,11,13,28,臺中市,大雅區,0,2,0,7,3,6,40,4,2,1,5,4,6,6,1,1,10,5,5,2,13,2,9,1,1,C03,7,9,1,10,2,12,,84,84,1,12,4,120.657993,24.220459,2
4895,66000,387130000C,(04)23274275,(04)23288582,2025,12,11,13,28,臺中市,太平區,0,0,0,7,2,6,50,,,,,,,,,,,,,,16,,,,,B12,,,1,,1,5,,12,12,1,12,4,120.715465,24.112153,3
4896,66000,387130000C,(04)23274275,(04)23288582,2025,12,11,13,29,臺中市,大里區,0,2,0,7,1,6,30,4,1,1,5,4,6,6,1,1,10,5,5,2,16,2,9,1,1,C03,7,6,1,10,2,11,,11,11,1,5,4,120.69825,24.080513,2
4897,66000,387130000C,(04)23274275,(04)23288582,2025,12,11,13,30,臺中市,大里區,0,1,0,7,2,6,40,4,1,1,5,4,6,6,1,1,1,2,1,1,16,2,9,1,1,C03,7,5,3,19,2,11,,47,47,1,13,4,120.688148,24.0945,2
4898,66000,387130000C,(04)23274275,(04)23288582,2025,12,11,13,32,臺中市,西屯區,0,0,0,7,,,40,,,,,,,,,,,,,,17,,,,,B12,,,1,,1,,,50,50,1,12,4,120.629149,24.205715,3
4899,66000,387130000C,(04)23274275,(04)23288582,2025,12,11,13,41,臺中市,北屯區,0,0,0,7,,,50,,,,,,,,,,,,,,14,,,,,B03,,,1,,2,,,49,49,1,6,4,120.682318,24.192125,3
4900,66000,387130000C,(04)23274275,(04)23288582,2025,12,11,13,41,臺中市,龍井區,0,1,0,7,2,6,30,3,1,1,5,4,6,6,4,4,10,5,5,2,16,3,10,3,1,B03,7,5,1,8,2,8,,14,14,1,6,4,120.579985,24.183809,2
4901,66000,387130000C,(04)23274275,(04)23288582,2025,12,11,13,42,臺中市,龍井區,0,0,0,7,,,50,,,,,,,,,,,,,,,,,,,A12,,,1,,1,,,12,12,1,6,4,120.513403,24.218957,3
4902,66000,387130000C,(04)23274275,(04)23288582,2025,12,11,13,43,臺中市,南區,0,0,0,7,,,50,,,,,,,,,,,,,,13,,,,,B02,,,1,,1,,,7,7,1,12,4,120.670681,24.119158,3
4903,66000,387130000C,(04)23274275,(04)23288582,2025,12,11,13,45,臺中市,南區,0,0,0,7,,,50,,,,,,,,,,,,,,,,,,,B12,,,1,,2,,,75,75,1,12,4,120.65085,24.119754,3
4904,66000,387130000C,(04)23274275,(04)23288582,2025,12,11,13,50,臺中市,北屯區,0,0,0,7,,,50,,,,,,,,,,,,,,13,,,,,B03,,,1,,2,,,7,7,1,6,4,120.661189,24.191054,3
4905,66000,387130000C,(04)23274275,(04)23288582,2025,12,11,13,50,臺中市,清水區,0,1,0,1,2,6,30,3,2,1,5,4,6,6,4,4,10,5,5,2,18,2,8,1,1,C03,7,14,1,10,7,14,,53,53,1,13,4,120.564183,24.299661,2
4906,66000,387130000C,(04)23274275,(04)23288582,2025,12,11,13,51,臺中市,北屯區,0,0,0,7,,,50,,,,,,,,,,,,,,,,,,,B03,,,1,,11,,,1,1,2,6,4,120.681547,24.192691,3
4907,66000,387130000C,(04)23274275,(04)23288582,2025,12,11,13,55,臺中市,大里區,0,0,0,7,,,50,,,,,,,,,,,,,,17,,,,,B03,,,1,,2,,,84,84,1,6,4,120.712608,24.085712,3
4908,66000,387130000C,(04)23274275,(04)23288582,2025,12,11,13,56,臺中市,龍井區,0,1,0,7,2,6,40,3,2,1,5,4,6,6,4,4,1,4,1,1,16,3,10,3,1,B03,7,5,1,8,2,5,,8,8,1,6,4,120.587848,24.184658,2
4909,66000,387130000C,(04)23274275,(04)23288582,2025,12,11,14,2,臺中市,西屯區,0,1,0,7,2,6,50,5,1,1,5,4,6,6,1,1,10,5,5,2,16,3,10,5,1,B03,7,6,1,8,2,8,,11,11,1,12,4,120.643643,24.165818,2
4910,66000,387130000C,(04)23274275,(04)23288582,2025,12,11,14,3,臺中市,北屯區,0,0,0,7,,,50,,,,,,,,,,,,,,,,,,,B03,,,1,,2,,,21,21,1,13,4,120.722503,24.175016,3
4911,66000,387130000C,(04)23274275,(04)23288582,2025,12,11,14,10,臺中市,北屯區,0,0,0,7,,,50,,,,,,,,,,,,,,13,,,,,B03,,,1,,1,,,61,61,1,13,4,120.693528,24.183119,3
4912,66000,387130000C,(04)23274275,(04)23288582,2025,12,11,14,15,臺中市,清水區,0,0,0,7,,,50,,,,,,,,,,,,,,17,,,,,B12,,,1,,2,,,49,49,1,12,4,120.539897,24.267901,3
4913,66000,387130000C,(04)23274275,(04)23288582,2025,12,11,14,22,臺中市,潭子區,0,2,0,7,3,6,50,3,2,1,5,4,6,6,4,4,5,4,4,2,17,2,9,1,1,C03,7,11,1,10,2,12,,32,32,1,12,4,120.708168,24.231084,2
4914,66000,387130000C,(04)23274275,(04)23288582,2025,12,11,14,25,臺中市,大里區,0,0,0,7,,,50,,,,,,,,,,,,,,17,,,,,A41,,,1,1,2,,,84,84,1,13,4,120.708667,24.094751,3
4915,66000,387130000C,(04)23274275,(04)23288582,2025,12,11,14,26,臺中市,梧棲區,0,1,0,7,2,6,50,4,1,1,5,4,6,6,1,1,5,5,5,1,15,2,9,2,1,C03,7,9,1,10,2,11,,21,21,1,12,4,120.539626,24.225896,2
4916,66000,387130000C,(04)23274275,(04)23288582,2025,12,11,14,31,臺中市,西屯區,0,1,0,7,2,6,50,3,1,1,5,4,6,6,4,4,10,5,5,2,16,3,10,3,1,B03,7,6,1,8,2,2,,39,39,1,12,4,120.621446,24.174308,2
4917,66000,387130000C,(04)23274275,(04)23288582,2025,12,11,14,32,臺中市,北區,0,0,0,7,,,50,,,,,,,,,,,,,,,,,,,B03,,,1,,1,,,7,7,1,12,4,120.669798,24.173454,3