序號,縣市別代碼,機關代碼,市話,傳真,年,月,日,時,分,縣市,區,死亡數量,受傷數量,2-30,天候,道路照明設備,道路類別,道路速限,道路型態,事故位置,路面鋪裝,路面狀態,路面缺陷,障礙物,視距,號誌種類,號誌動作,分向設施,快車道或一般車道間,快慢車道間,路面邊線,事故類型及型態,受傷程度,主要傷處,保護裝備,行動電話或功能裝置,當事者區分(類別),車輛用途,當事者行動狀態,駕照狀態,駕照種類,飲酒情形,車輛撞擊部位最初,車輛撞擊部位其他,肇事因素個別,肇事因素主要,肇事逃逸,職業,共享經濟或外送平台,GPS座標X,GPS座標Y,事故類別
4918,66000,387130000C,(04)23274275,(04)23288582,2025,12,11,14,35,臺中市,大安區,0,0,0,7,,,30,,,,,,,,,,,,,,,,,,,B03,,,1,,2,,,14,14,1,6,4,120.584637,24.340102,3
4919,66000,387130000C,(04)23274275,(04)23288582,2025,12,11,14,36,臺中市,北屯區,0,0,0,7,,,50,,,,,,,,,,,,,,13,,,,,B03,,,1,,1,,,7,7,1,13,4,120.685498,24.172177,3
4920,66000,387130000C,(04)23274275,(04)23288582,2025,12,11,14,37,臺中市,豐原區,0,0,0,7,,,50,,,,,,,,,,,,,,17,,,,,B03,,,1,,2,,,40,40,1,12,4,120.722184,24.276506,3
4921,66000,387130000C,(04)23274275,(04)23288582,2025,12,11,14,40,臺中市,東區,0,1,0,7,2,6,50,4,1,1,5,4,6,6,2,1,10,5,5,2,12,3,10,3,1,B03,7,9,1,8,2,5,,8,8,1,6,4,120.710304,24.149437,2
4922,66000,387130000C,(04)23274275,(04)23288582,2025,12,11,14,41,臺中市,大里區,0,1,0,7,1,6,50,3,1,1,5,4,6,6,4,4,5,4,4,1,16,3,10,3,1,B03,7,11,1,8,2,5,,45,45,1,6,4,120.685479,24.100512,2
4923,66000,387130000C,(04)23274275,(04)23288582,2025,12,11,14,45,臺中市,北區,0,2,0,7,3,6,50,4,2,1,5,4,6,6,1,1,5,4,5,2,16,2,9,5,4,C03,7,6,1,10,2,14,,11,11,1,13,4,120.674616,24.162533,2
4924,66000,387130000C,(04)23274275,(04)23288582,2025,12,11,14,50,臺中市,西屯區,0,1,0,7,2,6,30,4,1,1,5,4,6,6,1,1,10,5,5,2,16,3,10,3,1,B03,7,6,1,8,2,8,,48,48,1,12,4,120.643003,24.176992,2
4925,66000,387130000C,(04)23274275,(04)23288582,2025,12,11,14,53,臺中市,霧峰區,0,0,0,7,,,50,,,,,,,,,,,,,,,,,,,B11,,,6,,11,,,51,51,1,6,4,120.696549,24.065348,4
4926,66000,387130000C,(04)23274275,(04)23288582,2025,12,11,14,58,臺中市,北屯區,0,0,0,7,,,50,,,,,,,,,,,,,,,,,,,B12,,,1,,2,,,84,84,1,13,4,120.703841,24.159788,3
4927,66000,387130000C,(04)23274275,(04)23288582,2025,12,11,14,59,臺中市,南屯區,0,1,0,7,2,6,50,4,2,1,5,4,6,6,1,1,10,5,5,2,17,2,9,2,1,C03,7,9,1,10,2,11,,59,59,1,12,4,120.647196,24.140128,2
4928,66000,387130000C,(04)23274275,(04)23288582,2025,12,11,15,0,臺中市,西屯區,0,1,0,7,2,6,0,13,7,1,5,4,6,6,4,4,5,4,4,2,12,2,9,1,1,C03,7,1,1,10,2,14,,51,51,1,12,4,120.649731,24.172602,2
4929,66000,387130000C,(04)23274275,(04)23288582,2025,12,11,15,1,臺中市,梧棲區,0,0,0,7,,,50,,,,,,,,,,,,,,16,,,,,B03,,,1,,1,,,12,12,1,6,4,120.536818,24.252357,3
4930,66000,387130000C,(04)23274275,(04)23288582,2025,12,11,15,3,臺中市,西區,0,1,0,7,1,6,50,4,2,1,5,4,6,6,4,4,5,4,4,2,17,3,10,1,1,C03,7,11,1,10,2,13,,45,45,1,13,2,120.661663,24.143965,2
4931,66000,387130000C,(04)23274275,(04)23288582,2025,12,11,15,3,臺中市,大里區,0,0,0,7,,,60,,,,,,,,,,,,,,17,,,,,A12,,,1,,2,,,75,75,1,12,4,120.681796,24.089022,3
4932,66000,387130000C,(04)23274275,(04)23288582,2025,12,11,15,5,臺中市,北屯區,0,0,0,7,,,50,,,,,,,,,,,,,,16,,,,,B03,,,1,,2,,,12,12,1,6,4,120.68204,24.176299,3
4933,66000,387130000C,(04)23274275,(04)23288582,2025,12,11,15,5,臺中市,霧峰區,0,0,0,7,,,40,,,,,,,,,,,,,,30,,,,,A12,,,1,,2,,,75,75,1,12,4,120.681804,24.055929,3
4934,66000,387130000C,(04)23274275,(04)23288582,2025,12,11,15,10,臺中市,西區,0,1,0,7,3,6,50,13,9,1,5,4,6,6,4,4,5,4,5,2,13,2,9,2,1,C03,7,9,1,10,2,11,,7,7,1,12,4,120.659312,24.15088,2
4935,66000,387130000C,(04)23274275,(04)23288582,2025,12,11,15,11,臺中市,西區,0,1,0,7,2,6,50,3,1,1,5,4,6,6,4,4,5,4,5,2,16,3,10,3,1,B03,7,5,1,8,2,5,,14,14,1,12,4,120.675971,24.13388,2
4936,66000,387130000C,(04)23274275,(04)23288582,2025,12,11,15,13,臺中市,大甲區,0,1,0,7,2,6,50,13,9,1,5,4,6,6,4,4,9,5,5,1,16,2,9,2,1,C03,7,1,3,19,2,11,,51,51,1,7,4,120.641093,24.388298,2
4937,66000,387130000C,(04)23274275,(04)23288582,2025,12,11,15,15,臺中市,西屯區,0,2,0,7,2,6,50,4,2,1,5,4,6,6,2,1,10,5,5,2,16,2,7,1,1,C03,7,11,1,10,2,11,12,45,45,1,12,4,120.645525,24.172563,2
4938,66000,387130000C,(04)23274275,(04)23288582,2025,12,11,15,16,臺中市,東區,0,1,0,7,2,6,50,4,1,1,5,4,6,6,1,1,9,4,4,2,17,2,9,2,1,C03,7,9,1,10,2,11,,85,85,1,12,4,120.700282,24.132595,2
4939,66000,387130000C,(04)23274275,(04)23288582,2025,12,11,15,16,臺中市,南屯區,0,0,0,7,,,50,,,,,,,,,,,,,,14,,,,,A12,,,1,,2,,,49,49,1,13,4,120.648941,24.123962,3
4940,66000,387130000C,(04)23274275,(04)23288582,2025,12,11,15,24,臺中市,太平區,0,2,0,7,2,6,50,4,1,1,5,4,6,6,1,1,10,5,5,2,16,2,9,2,1,C03,7,6,1,10,2,11,,11,11,1,12,4,120.713723,24.125123,2
4941,66000,387130000C,(04)23274275,(04)23288582,2025,12,11,15,25,臺中市,太平區,0,0,0,7,,,50,,,,,,,,,,,,,,14,,,,,B12,,,1,,1,,,49,49,1,13,4,120.713247,24.130301,3
4942,66000,387130000C,(04)23274275,(04)23288582,2025,12,11,15,27,臺中市,中區,0,1,0,7,2,6,50,4,1,1,5,4,6,6,1,1,10,5,5,2,30,2,8,1,1,C03,7,9,1,10,2,11,,85,85,1,13,4,120.680609,24.141468,2
4943,66000,387130000C,(04)23274275,(04)23288582,2025,12,11,15,27,臺中市,龍井區,0,1,0,7,2,6,60,4,1,1,5,4,6,6,1,1,10,5,5,2,17,2,9,2,1,C03,7,9,3,19,2,11,,4,4,1,6,4,120.506,24.209974,2
4944,66000,387130000C,(04)23274275,(04)23288582,2025,12,11,15,29,臺中市,北屯區,0,0,0,7,,,60,,,,,,,,,,,,,,12,,,,,B01,,,1,,1,,,40,40,1,6,4,120.715546,24.163929,3
4945,66000,387130000C,(04)23274275,(04)23288582,2025,12,11,15,36,臺中市,大里區,0,1,0,7,2,6,0,13,9,1,5,4,6,6,4,4,10,5,5,1,16,3,10,4,3,G03,7,1,1,7,2,17,,51,51,1,6,4,120.66361,24.095721,2
4946,66000,387130000C,(04)23274275,(04)23288582,2025,12,11,15,40,臺中市,大雅區,0,2,0,7,3,6,0,13,9,1,5,4,6,6,4,4,10,5,5,1,9,3,10,5,4,A12,7,2,1,7,2,3,,49,49,1,13,4,120.627558,24.207848,2
4947,66000,387130000C,(04)23274275,(04)23288582,2025,12,11,15,45,臺中市,梧棲區,0,0,0,7,,,50,,,,,,,,,,,,,,14,,,,,B03,,,1,,9,,,49,49,1,6,4,120.534181,24.252492,3
4948,66000,387130000C,(04)23274275,(04)23288582,2025,12,11,15,50,臺中市,西屯區,0,2,0,7,2,6,40,4,1,1,5,4,6,6,2,1,10,5,5,2,13,2,8,2,1,C03,7,9,1,10,2,12,,7,7,1,12,4,120.602955,24.182652,2
4949,66000,387130000C,(04)23274275,(04)23288582,2025,12,11,15,50,臺中市,沙鹿區,0,1,0,7,2,6,50,3,1,1,5,4,6,6,2,1,10,5,5,2,16,3,10,3,1,B03,7,9,1,8,2,8,,21,21,1,6,4,120.566613,24.243607,2
4950,66000,387130000C,(04)23274275,(04)23288582,2025,12,11,15,51,臺中市,沙鹿區,0,0,0,7,,,50,,,,,,,,,,,,,,,,,,,B03,,,1,,2,,,8,8,1,13,4,120.556422,24.227723,3
4951,66000,387130000C,(04)23274275,(04)23288582,2025,12,11,15,56,臺中市,清水區,0,0,0,7,,,50,,,,,,,,,,,,,,,,,,,B03,,,1,,2,,,40,40,1,12,4,120.573467,24.264025,3
4952,66000,387130000C,(04)23274275,(04)23288582,2025,12,11,15,59,臺中市,南屯區,0,1,0,7,3,6,50,3,2,1,5,4,6,6,4,4,1,4,5,2,16,3,10,3,1,B03,7,5,1,8,2,6,,47,47,1,12,4,120.646209,24.12808,2
4953,66000,387130000C,(04)23274275,(04)23288582,2025,12,11,15,59,臺中市,太平區,0,0,0,7,,3,80,,,,,,,,,,,,,,13,,,,,B03,,,1,,2,,,59,59,1,12,4,120.717506,24.158381,3
4954,66000,387130000C,(04)23274275,(04)23288582,2025,12,11,16,0,臺中市,西區,0,0,0,7,,,50,,,,,,,,,,,,,,17,,,,,B03,,,1,,2,,,51,51,1,13,4,120.660865,24.159159,3
4955,66000,387130000C,(04)23274275,(04)23288582,2025,12,11,16,5,臺中市,梧棲區,0,0,0,7,,,40,,,,,,,,,,,,,,13,,,,,B03,,,1,,1,,,50,50,1,6,4,120.537651,24.250117,3
4956,66000,387130000C,(04)23274275,(04)23288582,2025,12,11,16,8,臺中市,大肚區,0,0,0,7,,,50,,,,,,,,,,,,,,,,,,,A41,,,1,,3,,,40,40,1,6,4,120.549654,24.13992,3
4957,66000,387130000C,(04)23274275,(04)23288582,2025,12,11,16,10,臺中市,西屯區,0,0,0,7,,,50,,,,,,,,,,,,,,13,,,,,C03,,,1,,9,,,7,7,1,12,4,120.61246,24.186594,3
4958,66000,387130000C,(04)23274275,(04)23288582,2025,12,11,16,10,臺中市,大里區,0,1,0,7,2,6,50,5,2,1,5,4,6,6,4,4,4,4,5,1,17,3,10,1,1,C03,7,6,1,10,2,14,,14,14,1,6,4,120.703135,24.108402,2
4959,66000,387130000C,(04)23274275,(04)23288582,2025,12,11,16,11,臺中市,北屯區,0,1,0,7,3,6,50,4,1,1,5,4,6,6,2,1,10,5,5,2,12,3,10,2,1,C03,7,9,1,10,2,14,,26,26,1,6,4,120.685158,24.172016,2
4960,66000,387130000C,(04)23274275,(04)23288582,2025,12,11,16,12,臺中市,太平區,0,0,0,7,,,50,,,,,,,,,,,,,,13,,,,,C03,,,2,,2,,,7,7,1,13,4,120.7283,24.141337,3
4961,66000,387130000C,(04)23274275,(04)23288582,2025,12,11,16,13,臺中市,太平區,0,0,0,7,2,6,50,,,,,,,,,,,,,,,,,,,C03,,,1,,2,11,,14,14,1,12,4,120.726882,24.149989,3
4962,66000,387130000C,(04)23274275,(04)23288582,2025,12,11,16,18,臺中市,北屯區,0,0,0,7,,3,80,,,,,,,,,,,,,,12,,,,,B03,,,1,,1,,,87,87,1,6,4,120.720771,24.172133,3
4963,66000,387130000C,(04)23274275,(04)23288582,2025,12,11,16,19,臺中市,后里區,0,0,0,7,,,60,,,,,,,,,,,,,,16,,,,,C03,,,1,,2,,,48,48,1,12,4,120.72347,24.291199,3
4964,66000,387130000C,(04)23274275,(04)23288582,2025,12,11,16,20,臺中市,北區,0,0,0,7,,,50,,,,,,,,,,,,,,17,,,,,C03,,,1,,1,,,84,84,1,13,4,120.675092,24.149463,3
4965,66000,387130000C,(04)23274275,(04)23288582,2025,12,11,16,20,臺中市,南屯區,0,0,0,7,,,30,,,,,,,,,,,,,,,,,,,B12,,,1,,2,,,49,49,1,13,4,120.625314,24.146181,3
4966,66000,387130000C,(04)23274275,(04)23288582,2025,12,11,16,20,臺中市,烏日區,0,0,0,7,,,30,,,,,,,,,,,,,,11,,,,,B12,,,1,,2,,,8,8,1,6,4,120.653665,24.061704,3
4967,66000,387130000C,(04)23274275,(04)23288582,2025,12,11,16,28,臺中市,潭子區,0,0,0,7,,,50,,,,,,,,,,,,,,,,,,,C03,,,1,,2,,,8,8,1,13,4,120.704741,24.200904,3
4968,66000,387130000C,(04)23274275,(04)23288582,2025,12,11,16,28,臺中市,北屯區,0,0,0,7,,,50,,,,,,,,,,,,,,,,,,,B03,,,1,,1,,,84,84,1,13,4,120.718653,24.182034,3
4969,66000,387130000C,(04)23274275,(04)23288582,2025,12,11,16,33,臺中市,西屯區,0,1,0,7,2,6,50,13,9,1,5,4,6,6,4,4,5,4,5,2,12,2,9,1,1,C03,7,9,3,19,2,14,,84,84,1,12,4,120.662327,24.165157,2
4970,66000,387130000C,(04)23274275,(04)23288582,2025,12,11,16,33,臺中市,霧峰區,0,1,0,7,2,6,50,3,2,1,5,4,6,6,1,1,10,5,5,2,16,3,10,3,1,B03,7,5,1,8,2,5,,47,47,1,12,4,120.697673,24.057271,2
4971,66000,387130000C,(04)23274275,(04)23288582,2025,12,11,16,35,臺中市,龍井區,0,2,0,7,2,6,40,4,9,1,5,4,6,6,2,1,5,5,5,2,13,2,9,2,1,C03,7,9,1,10,2,11,,7,7,1,6,4,120.585877,24.186637,2
4972,66000,387130000C,(04)23274275,(04)23288582,2025,12,11,16,37,臺中市,西屯區,0,1,0,7,2,6,50,13,8,1,5,4,6,6,4,4,1,4,4,2,30,,,,,,,,,,,,,119,119,1,,,120.644965,24.162133,2
4973,66000,387130000C,(04)23274275,(04)23288582,2025,12,11,16,40,臺中市,大雅區,0,1,0,7,3,6,30,13,9,1,5,4,1,3,4,4,10,5,5,1,29,2,9,1,1,C03,7,9,1,10,2,11,,85,85,1,12,4,120.659633,24.217243,2
4974,66000,387130000C,(04)23274275,(04)23288582,2025,12,11,16,40,臺中市,太平區,0,2,0,7,2,6,30,4,1,1,5,4,6,6,4,4,10,5,5,2,16,2,9,2,1,C03,7,9,1,10,2,12,,84,84,1,12,4,120.71938,24.125867,2
4975,66000,387130000C,(04)23274275,(04)23288582,2025,12,11,16,42,臺中市,大肚區,0,1,0,7,2,6,50,13,9,1,5,4,6,6,4,4,5,5,5,1,14,3,10,3,1,B03,7,2,3,19,1,3,,49,49,1,6,4,120.581125,24.173949,2
4976,66000,387130000C,(04)23274275,(04)23288582,2025,12,11,16,44,臺中市,東區,0,2,0,7,2,6,40,13,8,1,5,4,6,6,4,4,9,5,4,2,13,2,8,2,1,C03,7,9,1,10,2,11,,59,59,1,13,4,120.703069,24.138919,2
4977,66000,387130000C,(04)23274275,(04)23288582,2025,12,11,16,46,臺中市,沙鹿區,0,0,0,7,,,40,,,,,,,,,,,,,,,,,,,B03,,,1,,2,,,82,82,1,6,4,120.580283,24.221787,3
4978,66000,387130000C,(04)23274275,(04)23288582,2025,12,11,16,48,臺中市,神岡區,0,0,0,7,,,50,,,,,,,,,,,,,,15,,,,,B03,,,1,,2,,,25,25,1,12,4,120.696086,24.248383,3
4979,66000,387130000C,(04)23274275,(04)23288582,2025,12,11,16,50,臺中市,烏日區,0,1,0,7,2,6,50,3,2,1,5,4,6,6,2,1,1,4,5,1,13,3,10,3,1,B01,7,9,1,4,2,1,,7,7,1,6,4,120.601481,24.105968,2
4980,66000,387130000C,(04)23274275,(04)23288582,2025,12,11,16,55,臺中市,西區,0,0,0,7,,,50,,,,,,,,,,,,,,17,,,,,C03,,,1,,1,,,51,51,1,12,4,120.659397,24.150867,3
4981,66000,387130000C,(04)23274275,(04)23288582,2025,12,11,16,55,臺中市,西屯區,0,0,0,7,,,40,,,,,,,,,,,,,,17,,,,,C03,,,1,,9,,,59,59,1,5,4,120.6439,24.155004,3
4982,66000,387130000C,(04)23274275,(04)23288582,2025,12,11,16,59,臺中市,北區,0,0,0,7,,,50,,,,,,,,,,,,,,,,,,,B03,,,1,,1,,,84,84,1,13,4,120.678687,24.159177,3
4983,66000,387130000C,(04)23274275,(04)23288582,2025,12,11,17,2,臺中市,北屯區,0,0,0,7,,,50,,,,,,,,,,,,,,11,,,,,B03,,,1,,2,,,84,84,1,6,4,120.69873,24.179104,3
4984,66000,387130000C,(04)23274275,(04)23288582,2025,12,11,17,3,臺中市,神岡區,0,0,0,7,,,30,,,,,,,,,,,,,,17,,,,,B03,,,1,,2,,,15,15,1,13,4,120.695026,24.271596,3
4985,66000,387130000C,(04)23274275,(04)23288582,2025,12,11,17,5,臺中市,大里區,0,0,0,7,,,50,,,,,,,,,,,,,,,,,,,B03,,,1,,2,,,7,7,1,6,4,120.699126,24.08967,3
4986,66000,387130000C,(04)23274275,(04)23288582,2025,12,11,17,6,臺中市,潭子區,0,0,0,6,,,40,,,,,,,,,,,,,,,,,,,B03,,,1,,2,,,49,49,1,13,4,120.704391,24.227391,3
4987,66000,387130000C,(04)23274275,(04)23288582,2025,12,11,17,7,臺中市,清水區,0,0,0,7,,,30,,,,,,,,,,,,,,,,,,,A31,,,1,,2,,,49,49,1,12,4,120.563991,24.265561,3
4988,66000,387130000C,(04)23274275,(04)23288582,2025,12,11,17,9,臺中市,太平區,0,1,0,7,2,6,50,4,2,1,5,4,6,6,3,1,5,5,4,2,17,3,10,3,1,B03,7,1,1,8,2,8,,51,51,1,12,4,120.723055,24.142364,2
4989,66000,387130000C,(04)23274275,(04)23288582,2025,12,11,17,13,臺中市,北屯區,0,1,0,6,3,6,50,4,1,1,5,4,6,6,2,1,10,5,5,2,16,3,10,2,1,C03,7,5,1,10,1,14,,20,20,1,6,4,120.671677,24.193117,2
4990,66000,387130000C,(04)23274275,(04)23288582,2025,12,11,17,15,臺中市,西屯區,0,0,0,7,,,50,,,,,,,,,,,,,,12,,,,,B03,,,1,,1,,,40,40,1,12,4,120.635835,24.181455,3
4991,66000,387130000C,(04)23274275,(04)23288582,2025,12,11,17,15,臺中市,龍井區,0,0,0,7,,,40,,,,,,,,,,,,,,,,,,,B03,,,1,,2,,,50,50,1,6,4,120.551674,24.213627,3
4992,66000,387130000C,(04)23274275,(04)23288582,2025,12,11,17,17,臺中市,北區,0,0,0,7,,,40,,,,,,,,,,,,,,,,,,,B03,,,1,,1,,,49,49,1,12,4,120.676517,24.150808,4
4993,66000,387130000C,(04)23274275,(04)23288582,2025,12,11,17,17,臺中市,烏日區,0,0,0,7,2,6,50,4,1,1,5,4,6,6,1,1,5,5,5,2,13,3,10,1,1,C03,7,9,1,9,1,11,,7,7,1,6,4,120.627467,24.101901,3
4994,66000,387130000C,(04)23274275,(04)23288582,2025,12,11,17,19,臺中市,東勢區,0,1,0,7,1,6,50,13,9,1,5,4,6,6,4,4,8,5,5,1,12,3,10,3,1,B03,7,1,1,8,2,4,,51,51,1,12,4,120.827125,24.261232,2
4995,66000,387130000C,(04)23274275,(04)23288582,2025,12,11,17,20,臺中市,龍井區,0,1,0,7,2,6,50,13,7,1,5,4,6,6,1,1,1,5,4,2,13,3,10,2,1,C03,7,9,1,10,2,11,,59,59,1,6,4,120.546126,24.192815,2
4996,66000,387130000C,(04)23274275,(04)23288582,2025,12,11,17,20,臺中市,龍井區,0,1,0,7,2,6,50,13,9,1,5,4,6,6,4,4,4,5,5,1,13,2,9,2,1,C03,7,9,1,10,2,11,,7,7,1,6,4,120.526577,24.217243,2
4997,66000,387130000C,(04)23274275,(04)23288582,2025,12,11,17,21,臺中市,東勢區,0,0,0,7,,,40,,,,,,,,,,,,,,,,,,,B03,,,1,,1,,,51,51,1,12,4,120.829236,24.249398,3
4998,66000,387130000C,(04)23274275,(04)23288582,2025,12,11,17,22,臺中市,西區,0,0,0,7,,,50,,,,,,,,,,,,,,,,,,,C03,,,1,,2,,,43,43,1,6,4,120.657221,24.152351,3
4999,66000,387130000C,(04)23274275,(04)23288582,2025,12,11,17,22,臺中市,西屯區,0,0,0,7,,,30,,,,,,,,,,,,,,16,,,,,B03,,,1,,2,,,48,48,1,12,4,120.64982,24.1829,3
5000,66000,387130000C,(04)23274275,(04)23288582,2025,12,11,17,25,臺中市,石岡區,0,1,0,7,1,6,70,13,9,1,5,4,6,6,4,4,8,4,5,2,13,2,9,1,1,C03,7,9,1,10,2,11,,7,7,1,12,4,120.816933,24.260118,2
5001,66000,387130000C,(04)23274275,(04)23288582,2025,12,11,17,28,臺中市,烏日區,0,1,0,7,1,6,50,4,1,1,5,4,6,6,1,1,10,5,5,2,12,2,9,2,1,C03,7,15,1,10,2,13,,48,48,1,6,4,120.644159,24.087899,2
5002,66000,387130000C,(04)23274275,(04)23288582,2025,12,11,17,30,臺中市,大肚區,1,0,0,7,1,6,50,11,9,1,5,4,6,6,4,4,4,5,4,1,18,1,9,1,1,C03,7,9,1,10,2,12,,6,6,1,6,4,120.55454,24.150372,1
5003,66000,387130000C,(04)23274275,(04)23288582,2025,12,11,17,33,臺中市,北屯區,0,0,0,7,,3,40,,,,,,,,,,,,,,13,,,,,B03,,,1,,1,,,59,59,1,6,4,120.721686,24.183564,3
5004,66000,387130000C,(04)23274275,(04)23288582,2025,12,11,17,33,臺中市,北屯區,0,0,0,7,,,50,,,,,,,,,,,,,,,,,,,C03,,,1,,1,,,84,84,1,12,4,120.71921,24.175822,3
5005,66000,387130000C,(04)23274275,(04)23288582,2025,12,11,17,34,臺中市,北區,0,1,0,7,1,6,50,13,9,1,5,4,6,6,4,4,1,4,5,1,17,2,9,5,4,C03,7,15,1,8,2,14,,84,84,1,13,4,120.679584,24.163356,2
5006,66000,387130000C,(04)23274275,(04)23288582,2025,12,11,17,35,臺中市,南屯區,0,0,0,7,,,50,,,,,,,,,,,,,,,,,,,C03,,,1,,1,,,49,49,1,12,4,120.638724,24.145843,3
5007,66000,387130000C,(04)23274275,(04)23288582,2025,12,11,17,36,臺中市,南屯區,0,0,0,7,,,30,,,,,,,,,,,,,,14,,,,,B03,,,1,,1,,,49,49,1,13,4,120.615945,24.15642,3
5008,66000,387130000C,(04)23274275,(04)23288582,2025,12,11,17,37,臺中市,梧棲區,0,1,0,7,1,6,70,13,12,1,5,4,6,6,4,4,1,4,4,1,24,2,9,1,1,C03,7,9,1,10,2,11,,59,59,1,6,4,120.556536,24.252914,2
5009,66000,387130000C,(04)23274275,(04)23288582,2025,12,11,17,38,臺中市,南區,0,0,0,7,,,50,,,,,,,,,,,,,,,,,,,C03,,,1,,2,,,7,7,1,12,4,120.675083,24.132057,3
5010,66000,387130000C,(04)23274275,(04)23288582,2025,12,11,17,40,臺中市,大雅區,0,0,0,7,,,60,,,,,,,,,,,,,,,,,,,B03,,,1,,2,,,84,84,1,13,4,120.648023,24.220126,3
5011,66000,387130000C,(04)23274275,(04)23288582,2025,12,11,17,43,臺中市,南區,0,0,0,7,,,50,,,,,,,,,,,,,,12,,,,,C03,,,1,,1,,,84,84,1,6,4,120.664328,24.125304,3
5012,66000,387130000C,(04)23274275,(04)23288582,2025,12,11,17,44,臺中市,南屯區,0,2,0,7,1,6,40,13,8,1,5,4,6,6,4,4,1,5,1,2,17,2,9,1,1,C03,7,1,1,10,2,14,,51,51,1,12,4,120.609221,24.151055,2
5013,66000,387130000C,(04)23274275,(04)23288582,2025,12,11,17,44,臺中市,北屯區,0,1,0,7,1,6,50,4,9,1,5,4,6,6,2,1,9,4,5,2,13,3,10,3,1,B03,7,9,1,8,1,1,,7,7,1,6,4,120.668618,24.19276,2
5014,66000,387130000C,(04)23274275,(04)23288582,2025,12,11,17,44,臺中市,西屯區,0,1,0,7,1,6,50,3,9,1,5,4,6,6,1,1,5,2,4,2,16,2,7,5,4,C03,7,5,1,10,2,13,,11,11,1,13,4,120.610123,24.170596,2
5015,66000,387130000C,(04)23274275,(04)23288582,2025,12,11,17,45,臺中市,南區,0,2,0,7,1,6,50,13,9,1,5,4,6,6,4,4,1,4,5,2,13,2,9,1,1,C03,7,9,1,10,1,11,,7,7,1,12,4,120.649873,24.121433,2
5016,66000,387130000C,(04)23274275,(04)23288582,2025,12,11,17,49,臺中市,大里區,0,1,0,7,1,6,50,13,8,1,5,4,6,6,4,4,9,5,4,1,12,3,10,3,1,B03,7,7,1,8,2,5,,65,65,1,12,4,120.678423,24.10932,2
5017,66000,387130000C,(04)23274275,(04)23288582,2025,12,11,17,50,臺中市,大雅區,0,1,0,7,1,6,30,13,9,1,5,4,6,6,4,4,10,5,5,1,27,2,3,3,1,B03,7,9,1,8,2,5,,84,84,1,12,4,120.664881,24.228428,2
5018,66000,387130000C,(04)23274275,(04)23288582,2025,12,11,17,50,臺中市,西區,0,2,0,7,1,6,50,4,1,1,5,4,6,6,1,1,5,5,5,2,16,2,9,2,1,C03,7,6,1,10,2,14,,65,65,1,12,2,120.666836,24.14798,2
5019,66000,387130000C,(04)23274275,(04)23288582,2025,12,11,17,50,臺中市,北屯區,0,1,0,6,1,6,50,3,1,1,5,4,6,6,2,1,10,5,5,2,12,3,10,2,1,C03,7,9,5,19,9,12,,21,21,1,6,4,120.733286,24.168905,2
5020,66000,387130000C,(04)23274275,(04)23288582,2025,12,11,17,50,臺中市,北屯區,0,1,0,7,3,6,50,3,1,1,5,4,6,6,1,1,10,5,5,2,18,2,9,2,1,C03,7,9,1,10,2,12,,84,84,1,6,4,120.681111,24.176363,2
5021,66000,387130000C,(04)23274275,(04)23288582,2025,12,11,17,50,臺中市,清水區,0,1,0,7,1,6,50,4,1,1,5,4,6,6,1,1,5,2,5,1,16,3,10,3,1,B12,7,9,1,8,2,1,,21,21,1,6,4,120.560458,24.283915,2
5022,66000,387130000C,(04)23274275,(04)23288582,2025,12,11,17,50,臺中市,新社區,0,1,0,7,1,6,50,13,9,1,5,4,6,6,4,4,5,5,5,1,18,2,8,5,4,C03,7,9,1,10,2,12,,84,84,1,13,4,120.810434,24.22549,2
5023,66000,387130000C,(04)23274275,(04)23288582,2025,12,11,17,51,臺中市,東區,0,0,0,7,,,50,,,,,,,,,,,,,,17,,,,,B03,,,1,,1,,,84,84,1,13,4,120.682537,24.135322,3
5024,66000,387130000C,(04)23274275,(04)23288582,2025,12,11,17,53,臺中市,西區,0,1,0,7,1,6,50,13,9,1,5,4,6,6,1,1,5,5,5,2,13,3,10,5,4,B03,7,5,1,8,1,5,,84,84,1,13,4,120.660188,24.145535,2
5025,66000,387130000C,(04)23274275,(04)23288582,2025,12,11,17,53,臺中市,東區,0,0,0,7,,,50,,,,,,,,,,,,,,17,,,,,B03,,,1,,1,,,8,8,1,12,4,120.705579,24.13036,3
5026,66000,387130000C,(04)23274275,(04)23288582,2025,12,11,17,54,臺中市,南屯區,0,0,0,7,,,50,,,,,,,,,,,,,,13,,,,,C03,,,1,,2,,,7,7,1,13,4,120.628857,24.144896,3
5027,66000,387130000C,(04)23274275,(04)23288582,2025,12,11,17,57,臺中市,南屯區,0,1,0,7,1,6,50,13,9,1,5,4,6,6,4,4,5,4,5,2,17,2,8,1,1,C03,7,9,1,10,2,13,,8,8,1,6,4,120.63688,24.146826,2
5028,66000,387130000C,(04)23274275,(04)23288582,2025,12,11,17,58,臺中市,烏日區,0,1,0,7,1,6,50,13,9,1,5,4,6,6,4,4,5,4,5,1,12,2,9,1,1,C03,7,8,1,10,2,14,,39,39,1,6,4,120.644225,24.085362,2
5029,66000,387130000C,(04)23274275,(04)23288582,2025,12,11,18,0,臺中市,烏日區,0,0,0,7,,,50,,,,,,,,,,,,,,13,,,,,B03,,,5,,1,,,84,84,1,6,4,120.607658,24.112259,3