序號,縣市別代碼,機關代碼,市話,傳真,年,月,日,時,分,縣市,區,死亡數量,受傷數量,2-30,天候,道路照明設備,道路類別,道路速限,道路型態,事故位置,路面鋪裝,路面狀態,路面缺陷,障礙物,視距,號誌種類,號誌動作,分向設施,快車道或一般車道間,快慢車道間,路面邊線,事故類型及型態,受傷程度,主要傷處,保護裝備,行動電話或功能裝置,當事者區分(類別),車輛用途,當事者行動狀態,駕照狀態,駕照種類,飲酒情形,車輛撞擊部位最初,車輛撞擊部位其他,肇事因素個別,肇事因素主要,肇事逃逸,職業,共享經濟或外送平台,GPS座標X,GPS座標Y,事故類別
5030,66000,387130000C,(04)23274275,(04)23288582,2025,12,11,18,0,臺中市,大肚區,0,0,0,7,,,60,,,,,,,,,,,,,,,,,,,B03,,,1,,2,,,8,8,1,6,4,120.545445,24.160581,3
5031,66000,387130000C,(04)23274275,(04)23288582,2025,12,11,18,0,臺中市,梧棲區,0,1,0,7,1,6,50,13,7,1,5,4,6,6,4,4,1,5,4,2,16,3,10,3,1,B03,7,11,1,8,2,7,,39,39,1,6,4,120.541345,24.246379,2
5032,66000,387130000C,(04)23274275,(04)23288582,2025,12,11,18,1,臺中市,東勢區,0,1,0,7,1,6,60,3,1,1,5,4,6,6,1,1,5,5,5,2,12,3,10,5,4,B12,7,5,1,8,2,5,,11,11,1,12,4,120.838253,24.215854,2
5033,66000,387130000C,(04)23274275,(04)23288582,2025,12,11,18,2,臺中市,西區,0,1,0,7,1,6,50,5,1,1,5,4,6,6,1,1,5,4,5,2,13,3,10,3,1,B03,7,9,1,8,2,8,,84,84,1,13,4,120.665653,24.135134,2
5034,66000,387130000C,(04)23274275,(04)23288582,2025,12,11,18,3,臺中市,豐原區,0,0,0,7,,,50,,,,,,,,,,,,,,13,,,,,B03,,,1,,1,,,7,7,1,12,4,120.720227,24.236722,3
5035,66000,387130000C,(04)23274275,(04)23288582,2025,12,11,18,10,臺中市,大雅區,0,0,0,7,,,30,,,,,,,,,,,,,,,,,,,B03,,,1,,1,,,8,8,1,12,4,120.66678,24.23407,3
5036,66000,387130000C,(04)23274275,(04)23288582,2025,12,11,18,10,臺中市,西屯區,0,0,0,7,,,50,,,,,,,,,,,,,,13,,,,,B03,,,1,,2,,,7,7,1,12,4,120.637986,24.172707,3
5037,66000,387130000C,(04)23274275,(04)23288582,2025,12,11,18,11,臺中市,北區,0,1,0,7,1,6,50,13,9,1,5,4,6,6,4,4,1,4,5,2,13,2,9,1,1,C03,7,9,1,10,2,11,,7,7,1,12,4,120.672214,24.170475,2
5038,66000,387130000C,(04)23274275,(04)23288582,2025,12,11,18,11,臺中市,北區,0,0,0,7,,,50,,,,,,,,,,,,,,,,,,,A05,,,1,,11,,,84,84,1,13,4,120.671317,24.173709,3
5039,66000,387130000C,(04)23274275,(04)23288582,2025,12,11,18,12,臺中市,豐原區,0,0,0,7,,,30,,,,,,,,,,,,,,16,,,,,B02,,,1,,2,,,84,84,1,12,4,120.70728,24.239677,3
5040,66000,387130000C,(04)23274275,(04)23288582,2025,12,11,18,13,臺中市,南屯區,0,1,0,7,1,6,50,3,1,1,5,4,6,6,4,4,10,4,4,2,17,3,10,3,1,B03,7,5,1,8,2,5,,14,14,1,12,4,120.625539,24.151849,2
5041,66000,387130000C,(04)23274275,(04)23288582,2025,12,11,18,14,臺中市,西屯區,0,1,0,7,1,6,50,13,8,1,5,4,6,6,4,4,1,4,1,2,13,2,9,1,1,C03,7,9,1,10,2,11,,7,7,1,13,4,120.62657,24.159466,2
5042,66000,387130000C,(04)23274275,(04)23288582,2025,12,11,18,16,臺中市,南區,0,0,0,7,,,50,,,,,,,,,,,,,,,,,,,B03,,,1,,2,,,40,40,1,12,4,120.655949,24.114208,3
5043,66000,387130000C,(04)23274275,(04)23288582,2025,12,11,18,16,臺中市,北屯區,0,1,0,7,1,6,50,13,9,1,5,4,6,6,4,4,1,4,5,2,18,2,9,2,1,C03,7,12,1,10,2,16,,82,82,1,6,4,120.698424,24.174223,2
5044,66000,387130000C,(04)23274275,(04)23288582,2025,12,11,18,16,臺中市,沙鹿區,0,0,0,7,,,50,,,,,,,,,,,,,,16,,,,,C03,,,1,,1,,,14,14,1,6,4,120.576392,24.224823,3
5045,66000,387130000C,(04)23274275,(04)23288582,2025,12,11,18,16,臺中市,沙鹿區,0,1,0,6,1,6,50,4,2,1,5,4,6,6,1,1,3,3,3,1,17,3,10,5,4,B03,7,5,1,8,2,2,,87,87,1,13,4,120.564673,24.239383,2
5046,66000,387130000C,(04)23274275,(04)23288582,2025,12,11,18,20,臺中市,南屯區,0,1,0,7,2,6,50,13,9,1,5,4,6,6,2,1,1,4,5,2,18,2,9,2,1,C03,7,9,1,10,2,12,,59,59,1,13,4,120.654228,24.140147,2
5047,66000,387130000C,(04)23274275,(04)23288582,2025,12,11,18,25,臺中市,北區,0,0,0,7,,,50,,,,,,,,,,,,,,17,,,,,B03,,,1,,1,,,51,51,1,13,4,120.66938,24.162235,3
5048,66000,387130000C,(04)23274275,(04)23288582,2025,12,11,18,27,臺中市,梧棲區,0,0,0,7,,,50,,,,,,,,,,,,,,13,,,,,B03,,,1,,2,,,7,7,1,6,4,120.549141,24.249361,4
5049,66000,387130000C,(04)23274275,(04)23288582,2025,12,11,18,28,臺中市,北屯區,0,0,0,7,,,50,,,,,,,,,,,,,,,,,,,B03,,,1,,1,,,85,85,1,13,4,120.765715,24.198707,3
5050,66000,387130000C,(04)23274275,(04)23288582,2025,12,11,18,28,臺中市,龍井區,0,0,0,7,,,30,,,,,,,,,,,,,,,,,,,A12,,,1,,2,,,76,76,1,6,4,120.542773,24.175487,3
5051,66000,387130000C,(04)23274275,(04)23288582,2025,12,11,18,30,臺中市,南屯區,0,0,0,7,,,50,,,,,,,,,,,,,,,,,,,B03,,,1,,1,,,58,58,1,12,4,120.645049,24.129495,3
5052,66000,387130000C,(04)23274275,(04)23288582,2025,12,11,18,30,臺中市,北屯區,0,0,0,7,,,50,,,,,,,,,,,,,,12,,,,,B03,,,1,,1,,,51,51,1,6,4,120.719898,24.175701,3
5053,66000,387130000C,(04)23274275,(04)23288582,2025,12,11,18,30,臺中市,大甲區,0,0,0,7,,,50,,,,,,,,,,,,,,,,,,,B03,,,1,,1,,,49,49,1,6,4,120.620367,24.348237,4
5054,66000,387130000C,(04)23274275,(04)23288582,2025,12,11,18,33,臺中市,西屯區,0,0,0,7,,,50,,,,,,,,,,,,,,13,,,,,B03,,,1,,1,,,7,7,1,13,4,120.64393,24.171323,4
5055,66000,387130000C,(04)23274275,(04)23288582,2025,12,11,18,34,臺中市,太平區,0,1,0,7,1,6,50,13,9,1,5,4,6,6,4,4,1,4,5,2,17,2,9,2,1,C03,7,9,1,10,2,12,,84,84,1,12,4,120.712807,24.145556,2
5056,66000,387130000C,(04)23274275,(04)23288582,2025,12,11,18,36,臺中市,沙鹿區,0,1,0,7,1,6,60,4,1,1,5,4,6,6,1,1,10,5,5,2,17,3,10,3,1,B02,7,5,1,8,2,5,,47,47,1,6,4,120.563861,24.206344,2
5057,66000,387130000C,(04)23274275,(04)23288582,2025,12,11,18,38,臺中市,東區,0,1,0,7,1,6,50,4,1,1,5,4,6,6,2,1,10,5,5,2,17,2,9,2,1,C03,7,9,1,10,2,11,,7,7,1,6,4,120.70672,24.141238,2
5058,66000,387130000C,(04)23274275,(04)23288582,2025,12,11,18,39,臺中市,東區,0,0,0,7,,,50,,,,,,,,,,,,,,13,,,,,C03,,,1,,9,,,85,85,1,13,4,120.688077,24.133652,3
5059,66000,387130000C,(04)23274275,(04)23288582,2025,12,11,18,40,臺中市,西區,0,0,0,7,,,50,,,,,,,,,,,,,,17,,,,,B03,,,1,,1,,,59,59,1,12,4,120.666114,24.141482,3
5060,66000,387130000C,(04)23274275,(04)23288582,2025,12,11,18,42,臺中市,大里區,0,0,0,7,,,50,,,,,,,,,,,,,,,,,,,B03,,,1,,2,,,84,84,1,12,4,120.674272,24.097407,3
5061,66000,387130000C,(04)23274275,(04)23288582,2025,12,11,18,43,臺中市,北屯區,0,0,0,7,,,50,,,,,,,,,,,,,,13,,,,,B03,,,1,,2,,,58,58,1,6,4,120.68571,24.170784,3
5062,66000,387130000C,(04)23274275,(04)23288582,2025,12,11,18,43,臺中市,太平區,0,1,0,7,1,6,50,3,2,1,5,4,6,6,4,4,5,4,5,1,16,3,10,3,1,B03,7,6,1,8,2,2,,39,39,1,12,4,120.720133,24.133755,2
5063,66000,387130000C,(04)23274275,(04)23288582,2025,12,11,18,44,臺中市,大里區,0,0,0,7,1,6,50,13,9,1,5,4,6,6,4,4,5,5,5,1,12,,,,,C03,,,3,,2,,,8,8,1,6,4,120.686728,24.088138,3
5064,66000,387130000C,(04)23274275,(04)23288582,2025,12,11,18,47,臺中市,大里區,0,2,0,7,1,6,50,5,2,1,5,4,6,6,1,1,1,4,5,1,13,2,7,1,1,C03,7,9,1,10,2,11,,7,7,1,12,4,120.686979,24.095348,2
5065,66000,387130000C,(04)23274275,(04)23288582,2025,12,11,18,47,臺中市,大里區,0,0,0,7,1,6,70,13,9,1,5,4,6,6,4,4,1,4,5,1,12,,,,,B03,,,1,,2,,,40,40,1,13,4,120.670715,24.101156,3
5066,66000,387130000C,(04)23274275,(04)23288582,2025,12,11,18,47,臺中市,沙鹿區,0,0,0,7,,,50,,,,,,,,,,,,,,17,,,,,B03,,,1,,1,,,8,8,1,6,4,120.56916,24.227112,3
5067,66000,387130000C,(04)23274275,(04)23288582,2025,12,11,18,47,臺中市,沙鹿區,0,0,0,6,,,60,,,,,,,,,,,,,,,,,,,C02,,,1,,2,,,59,59,1,13,4,120.580481,24.21611,3
5068,66000,387130000C,(04)23274275,(04)23288582,2025,12,11,18,53,臺中市,梧棲區,0,1,0,7,1,6,30,13,9,1,5,4,6,6,4,4,10,5,5,2,18,2,9,1,1,C03,7,9,1,10,2,11,,59,59,1,6,4,120.534729,24.241565,2
5069,66000,387130000C,(04)23274275,(04)23288582,2025,12,11,19,2,臺中市,大雅區,0,0,0,7,,,50,,,,,,,,,,,,,,,,,,,C03,,,1,,1,,,7,7,1,12,4,120.649697,24.222647,3
5070,66000,387130000C,(04)23274275,(04)23288582,2025,12,11,19,4,臺中市,后里區,0,0,0,7,,,50,,,,,,,,,,,,,,13,,,,,B03,,,1,,2,,,7,7,1,12,4,120.723142,24.289874,3
5071,66000,387130000C,(04)23274275,(04)23288582,2025,12,11,19,6,臺中市,太平區,0,0,0,7,,,50,,,,,,,,,,,,,,,,,,,B03,,,1,,2,,,59,59,1,12,4,120.733526,24.146391,3
5072,66000,387130000C,(04)23274275,(04)23288582,2025,12,11,19,10,臺中市,豐原區,0,2,0,7,1,6,30,3,1,1,5,4,6,6,4,4,5,5,4,1,16,2,8,1,1,C03,7,6,1,10,2,14,12,13,13,1,13,4,120.727224,24.247388,2
5073,66000,387130000C,(04)23274275,(04)23288582,2025,12,11,19,11,臺中市,南屯區,0,0,0,7,,,30,,,,,,,,,,,,,,13,,,,,B03,,,1,,1,,,8,8,1,13,4,120.638372,24.135548,3
5074,66000,387130000C,(04)23274275,(04)23288582,2025,12,11,19,11,臺中市,北屯區,0,0,0,7,,,30,,,,,,,,,,,,,,,,,,,,,,,,,,,86,86,1,,,120.695666,24.200113,3
5075,66000,387130000C,(04)23274275,(04)23288582,2025,12,11,19,13,臺中市,豐原區,0,0,0,7,,,50,,,,,,,,,,,,,,13,,,,,B03,,,1,,2,,,7,7,1,12,4,120.707612,24.250221,3
5076,66000,387130000C,(04)23274275,(04)23288582,2025,12,11,19,14,臺中市,東區,0,0,0,7,,,50,,,,,,,,,,,,,,17,,,,,C03,,,1,,1,,,50,50,2,12,4,120.698255,24.146888,3
5077,66000,387130000C,(04)23274275,(04)23288582,2025,12,11,19,16,臺中市,西屯區,0,1,0,7,1,6,50,3,1,1,5,4,6,6,4,4,10,5,5,2,13,3,10,3,1,B03,7,9,1,8,2,1,,59,59,1,12,4,120.664356,24.166476,2
5078,66000,387130000C,(04)23274275,(04)23288582,2025,12,11,19,17,臺中市,西屯區,0,0,0,7,,,50,,,,,,,,,,,,,,12,,,,,C03,,,1,,9,,,8,8,1,12,4,120.647938,24.200631,3
5079,66000,387130000C,(04)23274275,(04)23288582,2025,12,11,19,17,臺中市,清水區,0,1,0,7,1,6,50,13,9,1,5,4,6,6,4,4,1,4,4,2,3,3,10,3,1,B03,7,9,1,8,2,5,,59,59,1,12,4,120.56221,24.277186,2
5080,66000,387130000C,(04)23274275,(04)23288582,2025,12,11,19,19,臺中市,西區,0,0,0,7,,,50,,,,,,,,,,,,,,,,,,,B03,,,1,,1,,,84,84,1,6,4,120.657973,24.133793,3
5081,66000,387130000C,(04)23274275,(04)23288582,2025,12,11,19,34,臺中市,西屯區,0,0,0,7,,,40,,,,,,,,,,,,,,12,,,,,B01,,,1,,2,,,47,47,1,12,4,120.656207,24.159252,3
5082,66000,387130000C,(04)23274275,(04)23288582,2025,12,11,19,35,臺中市,外埔區,0,0,0,7,,,50,,,,,,,,,,,,,,13,,,,,B03,,,1,,1,,,7,7,1,6,4,120.634441,24.344418,3
5083,66000,387130000C,(04)23274275,(04)23288582,2025,12,11,19,40,臺中市,西屯區,0,0,0,7,,,50,,,,,,,,,,,,,,13,,,,,B03,,,1,,1,,,7,7,1,12,4,120.660364,24.172027,3
5084,66000,387130000C,(04)23274275,(04)23288582,2025,12,11,19,41,臺中市,北區,0,0,0,7,1,6,50,13,7,1,5,4,6,6,4,4,1,4,4,2,13,3,10,3,1,B03,7,9,1,8,1,1,,84,84,1,12,4,120.683878,24.146281,3
5085,66000,387130000C,(04)23274275,(04)23288582,2025,12,11,19,49,臺中市,西屯區,0,0,0,7,,,50,,,,,,,,,,,,,,16,,,,,B12,,,1,,1,,,84,84,1,13,4,120.637546,24.185697,3
5086,66000,387130000C,(04)23274275,(04)23288582,2025,12,11,19,50,臺中市,南屯區,0,1,0,7,1,6,50,13,9,1,5,4,6,6,4,4,5,4,5,2,18,2,7,1,1,C03,7,1,1,10,2,14,,84,84,1,12,4,120.643882,24.138423,2
5087,66000,387130000C,(04)23274275,(04)23288582,2025,12,11,19,52,臺中市,沙鹿區,0,1,0,7,1,6,40,5,1,1,5,4,6,6,1,1,10,5,5,2,16,3,10,3,1,B03,7,5,1,8,2,2,,47,47,1,6,4,120.579417,24.221291,2
5088,66000,387130000C,(04)23274275,(04)23288582,2025,12,11,20,5,臺中市,太平區,0,1,0,7,1,6,50,4,1,1,5,4,6,6,1,1,10,5,5,2,16,3,10,3,1,B03,7,6,1,8,2,8,,11,11,1,12,4,120.716155,24.133402,2
5089,66000,387130000C,(04)23274275,(04)23288582,2025,12,11,20,6,臺中市,西屯區,0,2,0,7,1,6,50,13,9,1,5,4,6,6,4,4,1,4,5,2,13,2,8,5,4,C03,7,5,1,10,2,13,,68,68,1,13,4,120.655902,24.169031,2
5090,66000,387130000C,(04)23274275,(04)23288582,2025,12,11,20,10,臺中市,烏日區,0,0,0,7,1,6,60,13,8,1,5,4,6,6,4,4,1,4,4,1,14,3,10,3,1,B03,7,2,1,8,1,7,,49,49,1,6,4,120.635123,24.107064,3
5091,66000,387130000C,(04)23274275,(04)23288582,2025,12,11,20,11,臺中市,西區,0,0,0,7,,,50,,,,,,,,,,,,,,,,,,,C03,,,1,,1,,,7,7,1,12,4,120.673636,24.1477,3
5092,66000,387130000C,(04)23274275,(04)23288582,2025,12,11,20,25,臺中市,沙鹿區,0,3,0,7,2,6,40,13,8,1,5,4,6,6,1,1,10,5,5,2,17,3,10,3,1,B03,7,9,1,8,2,2,4,8,8,1,6,4,120.577034,24.22566,2
5093,66000,387130000C,(04)23274275,(04)23288582,2025,12,11,20,26,臺中市,后里區,0,1,0,7,1,6,50,3,1,1,5,4,6,6,1,1,10,5,5,2,15,3,10,1,1,C03,7,9,1,10,2,11,,21,21,1,12,4,120.716942,24.309759,2
5094,66000,387130000C,(04)23274275,(04)23288582,2025,12,11,20,27,臺中市,西屯區,0,1,0,7,1,6,30,4,2,1,5,4,6,6,4,4,10,5,5,2,13,2,9,1,1,C03,7,9,1,10,2,11,14,59,59,1,12,4,120.613163,24.18491,2
5095,66000,387130000C,(04)23274275,(04)23288582,2025,12,11,20,30,臺中市,北屯區,0,0,0,7,,,50,,,,,,,,,,,,,,17,,,,,C03,,,1,,1,,,50,50,1,6,4,120.688717,24.180198,3
5096,66000,387130000C,(04)23274275,(04)23288582,2025,12,11,20,34,臺中市,北區,0,0,0,7,,,50,,,,,,,,,,,,,,,,,,,C03,,,1,,1,,,84,84,1,13,4,120.679903,24.166874,3
5097,66000,387130000C,(04)23274275,(04)23288582,2025,12,11,20,47,臺中市,南區,0,1,0,7,1,6,50,13,7,1,5,4,6,6,4,4,5,5,4,2,17,2,9,6,1,F01,7,11,7,21,2,14,,46,46,1,13,4,120.675153,24.1251,2
5098,66000,387130000C,(04)23274275,(04)23288582,2025,12,11,20,51,臺中市,南屯區,0,2,0,7,1,6,50,13,9,1,5,4,6,6,4,4,10,5,5,2,17,2,9,2,1,C03,7,11,1,10,2,14,,84,84,1,13,4,120.64975,24.130294,2
5099,66000,387130000C,(04)23274275,(04)23288582,2025,12,11,20,54,臺中市,西屯區,0,0,0,7,,,50,,,,,,,,,,,,,,13,,,,,C03,,,1,,1,,,59,59,1,12,4,120.667081,24.178179,3
5100,66000,387130000C,(04)23274275,(04)23288582,2025,12,11,21,6,臺中市,南屯區,0,0,0,7,,,50,,,,,,,,,,,,,,13,,,,,B03,,,1,,1,,,59,59,1,6,4,120.643879,24.136004,3
5101,66000,387130000C,(04)23274275,(04)23288582,2025,12,11,21,15,臺中市,南屯區,0,0,0,7,,,50,,,,,,,,,,,,,,,,,,,B03,,,1,,1,,,8,8,1,12,4,120.635233,24.151564,4
5102,66000,387130000C,(04)23274275,(04)23288582,2025,12,11,21,16,臺中市,西屯區,0,0,0,7,,,50,,,,,,,,,,,,,,16,,,,,C03,,,1,,1,,,11,11,1,13,4,120.637289,24.179008,3
5103,66000,387130000C,(04)23274275,(04)23288582,2025,12,11,21,26,臺中市,西區,0,0,0,7,,,50,,,,,,,,,,,,,,12,,,,,B03,,,1,,1,,,56,56,1,13,4,120.657219,24.148027,3
5104,66000,387130000C,(04)23274275,(04)23288582,2025,12,11,21,32,臺中市,北屯區,0,1,0,7,1,6,50,3,2,1,5,4,6,6,4,4,5,4,5,2,17,3,10,1,1,C03,7,6,1,10,2,11,,14,14,1,13,4,120.688148,24.174511,2
5105,66000,387130000C,(04)23274275,(04)23288582,2025,12,11,21,33,臺中市,太平區,0,1,0,7,1,6,50,5,1,1,5,4,6,6,1,1,10,5,5,2,16,3,10,3,1,B03,7,9,1,8,2,5,,84,84,1,13,4,120.731621,24.140494,2
5106,66000,387130000C,(04)23274275,(04)23288582,2025,12,11,21,35,臺中市,北區,0,0,0,7,,,50,,,,,,,,,,,,,,,,,,,B03,,,3,,2,,,56,56,1,12,4,120.686497,24.155216,3
5107,66000,387130000C,(04)23274275,(04)23288582,2025,12,11,21,36,臺中市,北屯區,0,0,0,7,,,50,,,,,,,,,,,,,,,,,,,F01,,,7,,1,,,62,62,1,13,4,120.687449,24.193981,3
5108,66000,387130000C,(04)23274275,(04)23288582,2025,12,11,21,37,臺中市,東區,0,0,0,7,,,50,,,,,,,,,,,,,,16,,,,,B03,,,1,,1,,,11,11,1,12,4,120.69935,24.147969,3
5109,66000,387130000C,(04)23274275,(04)23288582,2025,12,11,21,39,臺中市,大雅區,0,0,0,7,,,30,,,,,,,,,,,,,,,,,,,B03,,,1,,1,,,8,8,1,12,4,120.654401,24.222305,3
5110,66000,387130000C,(04)23274275,(04)23288582,2025,12,11,21,40,臺中市,豐原區,0,1,0,7,1,6,50,13,9,1,5,4,6,6,4,4,9,5,5,2,17,2,9,1,4,C03,7,9,1,10,2,11,,54,54,1,13,4,120.740342,24.236841,2
5111,66000,387130000C,(04)23274275,(04)23288582,2025,12,11,21,43,臺中市,西屯區,0,0,0,7,,,50,,,,,,,,,,,,,,13,,,,,B03,,,1,,2,,,59,59,1,12,4,120.637797,24.18046,3
5112,66000,387130000C,(04)23274275,(04)23288582,2025,12,11,21,46,臺中市,南區,0,4,0,7,1,6,40,13,8,1,5,4,6,6,4,4,2,5,2,2,13,2,9,2,1,C03,7,9,1,10,2,13,12,87,87,1,12,4,120.658898,24.126526,2
5113,66000,387130000C,(04)23274275,(04)23288582,2025,12,11,21,47,臺中市,北區,0,0,0,7,,,40,,,,,,,,,,,,,,14,,,,,B03,,,1,,1,,,49,49,1,13,4,120.676517,24.150808,3
5114,66000,387130000C,(04)23274275,(04)23288582,2025,12,11,21,50,臺中市,西屯區,0,6,0,7,1,6,50,4,2,1,5,4,6,6,1,1,5,2,5,2,16,2,9,1,1,C03,7,6,1,10,2,11,12,34,34,1,12,4,120.60387,24.16064,2
5115,66000,387130000C,(04)23274275,(04)23288582,2025,12,11,21,52,臺中市,霧峰區,0,0,0,7,,,50,,,,,,,,,,,,,,17,,,,,B03,,,1,,9,,,84,84,1,12,4,120.700486,24.06387,3
5116,66000,387130000C,(04)23274275,(04)23288582,2025,12,11,21,52,臺中市,梧棲區,0,1,0,7,1,6,30,13,9,1,5,4,6,6,4,4,10,5,5,2,17,2,9,1,1,C03,7,9,1,10,2,11,,59,59,1,6,4,120.529438,24.251548,2
5117,66000,387130000C,(04)23274275,(04)23288582,2025,12,11,21,54,臺中市,北區,0,1,0,7,1,6,50,13,8,1,5,4,6,6,4,4,2,4,4,2,17,3,10,3,1,B03,7,7,1,7,2,2,,40,40,1,12,4,120.686894,24.155433,2
5118,66000,387130000C,(04)23274275,(04)23288582,2025,12,11,21,56,臺中市,大肚區,0,0,0,7,,,50,,,,,,,,,,,,,,9,,,,,B01,,,1,,2,,,84,84,1,6,4,120.582561,24.167999,4
5119,66000,387130000C,(04)23274275,(04)23288582,2025,12,11,22,36,臺中市,西區,0,0,0,7,,,50,,,,,,,,,,,,,,17,,,,,B03,,,1,,2,,,84,84,1,12,4,120.65488,24.152264,3
5120,66000,387130000C,(04)23274275,(04)23288582,2025,12,11,22,58,臺中市,西屯區,0,1,0,7,1,6,40,4,2,1,5,4,6,6,2,1,10,5,5,1,13,3,10,1,1,C03,7,9,1,10,2,13,,42,42,1,12,4,120.593122,24.183112,2
5121,66000,387130000C,(04)23274275,(04)23288582,2025,12,11,23,7,臺中市,大里區,0,0,0,7,,,50,,,,,,,,,,,,,,17,,,,,C03,,,1,,2,,,84,84,1,12,4,120.690446,24.09017,3
5122,66000,387130000C,(04)23274275,(04)23288582,2025,12,11,23,10,臺中市,北區,0,0,0,7,,,50,,,,,,,,,,,,,,17,,,,,C03,,,1,,1,,,84,84,1,13,4,120.677303,24.151254,3
5123,66000,387130000C,(04)23274275,(04)23288582,2025,12,11,23,16,臺中市,西屯區,0,1,0,7,1,6,40,5,19,1,5,4,6,6,4,4,10,5,5,2,3,3,10,2,4,C03,7,9,1,10,2,11,,59,59,1,13,4,120.646513,24.171412,2
5124,66000,387130000C,(04)23274275,(04)23288582,2025,12,11,23,18,臺中市,西屯區,0,1,0,7,1,6,50,4,1,1,5,4,6,6,2,1,10,5,5,2,16,3,10,5,4,B03,7,6,1,8,2,2,,25,25,1,12,4,120.635175,24.179322,2
5125,66000,387130000C,(04)23274275,(04)23288582,2025,12,11,23,24,臺中市,梧棲區,0,0,0,7,1,6,60,13,7,1,5,4,6,6,1,1,1,2,1,1,13,3,10,3,1,B03,7,9,1,8,7,1,,7,7,1,6,4,120.539656,24.258022,3
5126,66000,387130000C,(04)23274275,(04)23288582,2025,12,11,23,51,臺中市,霧峰區,0,2,0,7,1,6,50,3,7,1,5,4,6,5,4,4,5,5,4,1,3,2,9,6,5,H01,8,16,7,21,10,17,,95,95,1,12,5,120.698225,24.061366,2
5127,66000,387130000C,(04)23274275,(04)23288582,2025,12,11,23,52,臺中市,北屯區,0,2,0,7,3,6,50,3,1,1,5,4,6,6,1,1,10,5,5,2,16,2,9,2,1,C03,7,6,1,10,2,14,,23,23,1,6,4,120.66585,24.182851,2
5128,66000,387130000C,(04)23274275,(04)23288582,2025,12,11,23,54,臺中市,太平區,0,0,0,7,1,6,30,3,2,1,5,4,6,6,4,4,10,5,5,2,12,,,,,B03,,,1,,2,,,8,8,1,12,4,120.717664,24.143597,3
5129,66000,387130000C,(04)23274275,(04)23288582,2025,12,12,0,12,臺中市,北屯區,0,1,0,7,1,6,30,3,1,1,5,4,6,6,4,4,10,5,5,2,16,3,10,3,1,B01,7,6,1,4,2,1,,14,14,1,6,4,120.667744,24.191749,2
5130,66000,387130000C,(04)23274275,(04)23288582,2025,12,12,0,43,臺中市,西屯區,0,0,0,7,,,40,,,,,,,,,,,,,,16,,,,,B03,,,1,,1,,,11,11,1,13,4,120.615269,24.183275,3
5131,66000,387130000C,(04)23274275,(04)23288582,2025,12,12,1,19,臺中市,北區,0,1,0,7,1,6,50,3,1,1,5,4,6,6,4,4,10,5,5,2,17,2,9,1,1,C03,7,9,5,19,2,12,,84,84,1,13,4,120.673636,24.153047,2
5132,66000,387130000C,(04)23274275,(04)23288582,2025,12,12,1,26,臺中市,南屯區,0,1,0,7,1,6,50,3,1,1,5,4,6,6,4,4,1,4,5,2,18,2,9,2,1,C03,7,9,1,10,7,11,,59,59,1,12,4,120.625188,24.145085,2
5133,66000,387130000C,(04)23274275,(04)23288582,2025,12,12,1,33,臺中市,南屯區,0,0,0,7,,,50,,,,,,,,,,,,,,15,,,,,B03,,,1,,1,,,84,84,1,6,4,120.62345,24.145321,3
5134,66000,387130000C,(04)23274275,(04)23288582,2025,12,12,1,45,臺中市,南屯區,0,0,0,7,,,50,,,,,,,,,,,,,,,,,,,B03,,,1,,1,,,45,45,1,12,4,120.632356,24.145477,3
5135,66000,387130000C,(04)23274275,(04)23288582,2025,12,12,2,2,臺中市,清水區,0,0,0,7,,,50,,,,,,,,,,,,,,,,,,,B03,,,1,,9,,,49,49,1,12,4,120.576609,24.271449,3
5136,66000,387130000C,(04)23274275,(04)23288582,2025,12,12,2,28,臺中市,南屯區,0,0,0,7,,,50,,,,,,,,,,,,,,17,,,,,B03,,,1,,9,,,54,54,2,6,4,120.64397,24.140241,3
5137,66000,387130000C,(04)23274275,(04)23288582,2025,12,12,2,36,臺中市,霧峰區,0,2,0,7,1,6,50,3,1,1,5,4,6,6,1,1,10,5,5,2,16,2,9,5,4,C03,7,6,1,10,2,12,,11,11,1,12,4,120.714268,24.07565,2
5138,66000,387130000C,(04)23274275,(04)23288582,2025,12,12,3,19,臺中市,大里區,0,1,0,7,1,6,80,10,7,1,5,4,6,6,4,4,1,3,5,1,13,2,9,3,1,B03,7,9,1,8,2,1,,59,59,1,6,4,120.686708,24.093231,2
5139,66000,387130000C,(04)23274275,(04)23288582,2025,12,12,4,42,臺中市,西屯區,0,0,0,7,,,30,,,,,,,,,,,,,,,,,,,B03,,,1,,9,,,8,8,2,12,4,120.644015,24.180732,3
5140,66000,387130000C,(04)23274275,(04)23288582,2025,12,12,5,31,臺中市,北區,0,1,0,7,1,6,50,4,1,1,5,4,6,6,2,1,10,5,5,2,17,3,10,3,1,B03,7,5,3,19,2,5,,84,84,1,13,4,120.689641,24.160975,2
5141,66000,387130000C,(04)23274275,(04)23288582,2025,12,12,5,35,臺中市,神岡區,0,0,0,7,,,50,,,,,,,,,,,,,,15,,,,,C03,,,1,,2,,,24,24,1,12,4,120.684161,24.246487,3