序號,縣市別代碼,機關代碼,市話,傳真,年,月,日,時,分,縣市,區,死亡數量,受傷數量,2-30,天候,道路照明設備,道路類別,道路速限,道路型態,事故位置,路面鋪裝,路面狀態,路面缺陷,障礙物,視距,號誌種類,號誌動作,分向設施,快車道或一般車道間,快慢車道間,路面邊線,事故類型及型態,受傷程度,主要傷處,保護裝備,行動電話或功能裝置,當事者區分(類別),車輛用途,當事者行動狀態,駕照狀態,駕照種類,飲酒情形,車輛撞擊部位最初,車輛撞擊部位其他,肇事因素個別,肇事因素主要,肇事逃逸,職業,共享經濟或外送平台,GPS座標X,GPS座標Y,事故類別
5366,66000,387130000C,(04)23274275,(04)23288582,2025,12,12,13,26,臺中市,西屯區,0,1,0,7,2,6,30,3,9,1,5,4,6,6,4,4,10,5,5,2,10,2,8,5,4,C03,7,9,1,10,2,11,,41,41,1,12,4,120.628459,24.189104,2
5367,66000,387130000C,(04)23274275,(04)23288582,2025,12,12,13,30,臺中市,南屯區,0,0,0,7,,,50,,,,,,,,,,,,,,13,,,,,B03,,,1,,1,,,59,59,1,13,4,120.635001,24.15272,3
5368,66000,387130000C,(04)23274275,(04)23288582,2025,12,12,13,31,臺中市,烏日區,0,1,0,7,3,6,40,13,5,1,5,4,6,6,4,4,1,2,1,1,23,2,9,3,1,A11,7,8,1,3,2,1,,59,59,1,6,4,120.642843,24.093236,2
5369,66000,387130000C,(04)23274275,(04)23288582,2025,12,12,13,33,臺中市,南區,0,0,0,7,,,50,,,,,,,,,,,,,,14,,,,,B03,,,1,,1,,,49,49,1,6,4,120.64995,24.119839,3
5370,66000,387130000C,(04)23274275,(04)23288582,2025,12,12,13,35,臺中市,西屯區,0,0,0,7,2,6,50,13,9,1,5,4,6,6,4,4,1,4,5,2,13,,,,,B03,,,1,,1,,,59,59,1,12,4,120.654038,24.167953,3
5371,66000,387130000C,(04)23274275,(04)23288582,2025,12,12,13,36,臺中市,西屯區,0,2,0,7,2,6,50,13,9,1,5,4,6,6,1,1,10,5,5,2,2,2,9,5,1,C03,7,9,1,10,2,11,,59,59,1,12,4,120.624795,24.185111,2
5372,66000,387130000C,(04)23274275,(04)23288582,2025,12,12,13,39,臺中市,西屯區,0,0,0,7,,,70,,,,,,,,,,,,,,12,,,,,B03,,,1,,1,,,40,40,1,13,4,120.625462,24.178581,3
5373,66000,387130000C,(04)23274275,(04)23288582,2025,12,12,13,39,臺中市,大里區,0,0,0,7,2,6,50,13,9,1,5,4,6,6,4,4,5,5,5,1,17,3,10,3,1,A12,7,9,1,7,1,9,,71,71,2,12,4,120.702903,24.111068,3
5374,66000,387130000C,(04)23274275,(04)23288582,2025,12,12,13,40,臺中市,西屯區,0,0,0,7,,,50,,,,,,,,,,,,,,12,,,,,B03,,,1,,1,,,59,59,1,13,4,120.634178,24.179532,3
5375,66000,387130000C,(04)23274275,(04)23288582,2025,12,12,13,45,臺中市,西區,0,0,0,7,,,30,,,,,,,,,,,,,,,,,,,B03,,,1,8,1,,,84,84,2,13,4,120.662433,24.152244,3
5376,66000,387130000C,(04)23274275,(04)23288582,2025,12,12,13,49,臺中市,西區,0,0,0,7,,,50,,,,,,,,,,,,,,13,,,,,B03,,,1,,1,,,7,7,1,12,4,120.666911,24.130014,3
5377,66000,387130000C,(04)23274275,(04)23288582,2025,12,12,13,49,臺中市,西屯區,0,2,0,7,2,6,40,4,1,1,5,4,6,6,1,1,10,5,5,2,13,2,8,2,1,C03,7,9,1,10,2,11,,7,7,1,12,4,120.658532,24.176017,2
5378,66000,387130000C,(04)23274275,(04)23288582,2025,12,12,13,52,臺中市,南區,0,0,0,7,,,50,,,,,,,,,,,,,,17,,,,,B03,,,1,,1,,,8,8,1,12,4,120.660398,24.123751,3
5379,66000,387130000C,(04)23274275,(04)23288582,2025,12,12,13,52,臺中市,西屯區,0,1,0,7,2,6,50,4,9,5,5,4,6,6,4,4,10,5,5,2,13,2,9,5,4,C01,7,9,1,9,2,11,14,7,7,1,12,4,120.608266,24.162847,2
5380,66000,387130000C,(04)23274275,(04)23288582,2025,12,12,13,53,臺中市,南屯區,0,1,0,7,2,6,50,4,1,1,5,4,6,6,1,1,10,5,5,2,17,2,9,2,1,C03,7,10,1,10,2,12,,40,40,1,12,4,120.636733,24.135809,2
5381,66000,387130000C,(04)23274275,(04)23288582,2025,12,12,13,54,臺中市,梧棲區,0,0,0,7,,,30,,,,,,,,,,,,,,20,,,,,B03,,,1,,2,,,59,59,1,6,4,120.555458,24.247883,3
5382,66000,387130000C,(04)23274275,(04)23288582,2025,12,12,13,57,臺中市,大雅區,0,1,0,7,3,6,60,4,9,1,5,4,6,6,1,1,10,5,5,2,17,3,10,3,1,B03,7,9,1,8,2,2,,21,21,1,12,4,120.644905,24.225639,2
5383,66000,387130000C,(04)23274275,(04)23288582,2025,12,12,14,0,臺中市,南區,0,0,0,7,1,6,50,13,8,1,5,4,6,6,4,4,1,4,4,2,30,3,10,3,1,B03,7,2,1,8,2,6,,84,84,1,12,4,120.681538,24.118863,3
5384,66000,387130000C,(04)23274275,(04)23288582,2025,12,12,14,0,臺中市,豐原區,0,1,0,7,2,6,50,3,2,1,5,4,6,6,4,4,9,5,5,2,27,2,7,4,4,B03,7,9,1,8,2,2,2,82,82,1,13,4,120.717346,24.234028,2
5385,66000,387130000C,(04)23274275,(04)23288582,2025,12,12,14,3,臺中市,北屯區,0,1,0,7,2,6,50,3,1,1,5,4,6,6,4,4,10,5,5,2,16,3,10,3,1,B03,7,6,1,8,2,2,,14,14,1,6,4,120.677782,24.176799,2
5386,66000,387130000C,(04)23274275,(04)23288582,2025,12,12,14,7,臺中市,豐原區,0,0,0,7,,,50,,,,,,,,,,,,,,17,,,,,C03,,,1,,2,,,51,51,1,12,4,120.726312,24.252132,3
5387,66000,387130000C,(04)23274275,(04)23288582,2025,12,12,14,8,臺中市,南區,0,0,0,7,,,50,,,,,,,,,,,,,,,,,,,B03,,,1,,1,,,8,8,1,6,4,120.679241,24.124411,4
5388,66000,387130000C,(04)23274275,(04)23288582,2025,12,12,14,9,臺中市,南區,0,0,0,7,,,40,,,,,,,,,,,,,,17,,,,,C03,,,1,,2,,,84,84,1,6,4,120.666689,24.127307,3
5389,66000,387130000C,(04)23274275,(04)23288582,2025,12,12,14,10,臺中市,南屯區,0,2,0,7,2,6,50,5,2,1,5,4,6,6,3,1,1,4,5,2,17,2,9,2,1,C03,7,15,1,10,2,12,,42,42,1,12,4,120.646769,24.142866,2
5390,66000,387130000C,(04)23274275,(04)23288582,2025,12,12,14,12,臺中市,南屯區,0,0,0,7,,,50,,,,,,,,,,,,,,17,,,,,B03,,,1,,2,,,59,59,1,13,4,120.637431,24.119117,3
5391,66000,387130000C,(04)23274275,(04)23288582,2025,12,12,14,14,臺中市,北屯區,0,1,0,7,2,6,50,13,9,1,5,4,6,6,4,4,1,4,5,2,13,2,8,2,1,C03,7,9,1,10,2,11,,7,7,1,12,4,120.689817,24.171456,2
5392,66000,387130000C,(04)23274275,(04)23288582,2025,12,12,14,16,臺中市,沙鹿區,0,1,0,7,2,6,50,13,9,1,5,4,6,6,4,4,5,5,5,1,9,3,10,6,5,H01,8,16,7,21,10,17,,95,95,1,6,5,120.57919,24.220023,2
5393,66000,387130000C,(04)23274275,(04)23288582,2025,12,12,14,16,臺中市,沙鹿區,0,0,0,7,,,50,,,,,,,,,,,,,,,,,,,B02,,,1,,1,,,78,78,1,13,4,120.609212,24.246225,3
5394,66000,387130000C,(04)23274275,(04)23288582,2025,12,12,14,19,臺中市,大里區,0,0,0,7,2,6,60,3,2,1,5,4,6,6,1,1,1,2,4,1,13,,,,,C03,,,1,,2,,,7,7,1,13,4,120.678067,24.104013,3
5395,66000,387130000C,(04)23274275,(04)23288582,2025,12,12,14,23,臺中市,西區,0,0,0,7,,,50,,,,,,,,,,,,,,,,,,,B03,,,1,8,1,,,84,84,1,13,4,120.666736,24.141067,3
5396,66000,387130000C,(04)23274275,(04)23288582,2025,12,12,14,23,臺中市,北區,0,0,0,7,,,50,,,,,,,,,,,,,,17,,,,,B13,,,1,,2,,,84,84,1,12,4,120.684967,24.161732,3
5397,66000,387130000C,(04)23274275,(04)23288582,2025,12,12,14,23,臺中市,北屯區,0,0,0,7,,3,,,,,,,,,,,,,,,,,,,,,,,,,,,,86,86,1,,,120.681924,24.20097,3
5398,66000,387130000C,(04)23274275,(04)23288582,2025,12,12,14,23,臺中市,烏日區,0,0,0,7,,,50,,,,,,,,,,,,,,17,,,,,B03,,,1,,1,,,49,49,2,6,4,120.634178,24.108497,3
5399,66000,387130000C,(04)23274275,(04)23288582,2025,12,12,14,24,臺中市,太平區,0,2,0,7,2,6,50,13,9,1,5,4,6,6,4,4,5,5,5,2,3,2,7,6,5,H01,8,16,7,21,2,17,,95,95,1,12,5,120.733255,24.142162,2
5400,66000,387130000C,(04)23274275,(04)23288582,2025,12,12,14,25,臺中市,西屯區,0,0,0,7,,,50,,,,,,,,,,,,,,13,,,,,B03,,,1,,1,,,59,59,1,12,4,120.652699,24.166873,3
5401,66000,387130000C,(04)23274275,(04)23288582,2025,12,12,14,25,臺中市,大肚區,0,0,0,7,2,6,50,13,9,1,5,4,6,6,4,4,5,5,5,1,14,,,,,B03,,,1,,2,,,49,49,1,6,4,120.572755,24.156351,3
5402,66000,387130000C,(04)23274275,(04)23288582,2025,12,12,14,27,臺中市,太平區,0,2,0,7,3,6,30,5,1,1,5,4,6,6,4,4,10,5,5,2,16,2,7,1,1,C03,7,6,1,10,2,14,,14,14,1,12,2,120.719045,24.150428,2
5403,66000,387130000C,(04)23274275,(04)23288582,2025,12,12,14,28,臺中市,西區,0,0,0,7,,,50,,,,,,,,,,,,,,17,,,,,,,,,,,,,86,86,1,,,120.665822,24.14895,3
5404,66000,387130000C,(04)23274275,(04)23288582,2025,12,12,14,31,臺中市,中區,0,1,0,7,1,6,50,4,1,1,5,4,6,6,4,4,10,5,5,1,17,3,10,5,4,C03,7,6,1,10,2,12,,20,20,1,12,4,120.683708,24.14006,2
5405,66000,387130000C,(04)23274275,(04)23288582,2025,12,12,14,31,臺中市,太平區,0,1,0,7,2,6,30,4,2,1,5,4,6,6,4,4,10,5,5,2,13,3,10,2,1,C03,7,9,1,10,2,11,,84,84,1,12,4,120.702116,24.155592,2
5406,66000,387130000C,(04)23274275,(04)23288582,2025,12,12,14,36,臺中市,和平區,0,0,0,7,,,30,,,,,,,,,,,,,,,,,,,B03,,,1,,2,,,50,50,1,12,4,121.252022,24.254081,3
5407,66000,387130000C,(04)23274275,(04)23288582,2025,12,12,14,39,臺中市,烏日區,0,1,0,7,2,6,50,3,2,1,5,4,6,6,1,1,1,4,5,2,16,3,10,3,1,B03,7,9,1,8,2,8,,21,21,1,6,4,120.609357,24.112785,2
5408,66000,387130000C,(04)23274275,(04)23288582,2025,12,12,14,42,臺中市,北區,0,1,0,7,2,6,50,3,1,1,5,4,6,6,1,1,1,2,4,2,16,3,10,1,1,C03,7,5,1,10,2,13,,11,11,1,13,4,120.694418,24.159898,2
5409,66000,387130000C,(04)23274275,(04)23288582,2025,12,12,14,50,臺中市,北區,0,2,0,7,2,6,50,4,2,1,5,4,6,6,2,1,10,5,5,2,17,3,10,3,1,B12,7,5,1,8,2,2,,11,11,1,13,4,120.685725,24.155948,2
5410,66000,387130000C,(04)23274275,(04)23288582,2025,12,12,14,51,臺中市,西屯區,0,1,0,7,2,6,50,13,8,1,5,4,6,6,4,4,1,4,1,2,13,2,9,2,1,C03,7,9,1,10,2,11,,7,7,1,12,4,120.638482,24.169172,2
5411,66000,387130000C,(04)23274275,(04)23288582,2025,12,12,14,53,臺中市,烏日區,0,1,0,7,2,6,50,4,1,1,5,4,6,6,1,1,10,5,5,2,16,3,10,3,1,B02,7,5,1,8,2,2,,11,11,1,6,4,120.607518,24.111868,2
5412,66000,387130000C,(04)23274275,(04)23288582,2025,12,12,14,53,臺中市,烏日區,0,0,0,7,2,3,30,13,24,1,5,4,6,6,4,4,1,4,5,2,12,3,10,3,1,B01,7,1,1,4,2,8,,51,51,1,6,4,120.616372,24.110954,3
5413,66000,387130000C,(04)23274275,(04)23288582,2025,12,12,14,55,臺中市,豐原區,0,1,0,7,1,6,50,13,9,1,5,4,6,6,4,4,1,4,4,1,17,3,10,3,1,B12,7,8,1,8,2,4,,40,40,1,6,4,120.760546,24.277063,2
5414,66000,387130000C,(04)23274275,(04)23288582,2025,12,12,14,58,臺中市,西區,0,1,0,7,2,6,50,4,1,1,5,4,6,6,3,1,8,5,5,2,15,2,9,2,1,C03,7,9,1,10,2,12,14,24,24,1,12,4,120.663016,24.147878,2
5415,66000,387130000C,(04)23274275,(04)23288582,2025,12,12,15,0,臺中市,東勢區,0,2,0,7,2,6,50,13,9,1,5,4,6,6,4,4,8,5,5,1,12,2,9,1,1,C03,7,4,1,10,2,11,,1,1,1,12,4,120.833368,24.251825,2
5416,66000,387130000C,(04)23274275,(04)23288582,2025,12,12,15,5,臺中市,南屯區,0,1,0,7,3,6,50,4,1,1,5,4,6,6,1,1,5,4,5,2,12,3,10,3,1,B01,7,9,1,4,2,5,,8,8,1,13,4,120.65299,24.139494,2
5417,66000,387130000C,(04)23274275,(04)23288582,2025,12,12,15,7,臺中市,豐原區,0,0,0,7,,,50,,,,,,,,,,,,,,13,,,,,B03,,,1,,2,,,59,59,1,13,4,120.722046,24.238986,3
5418,66000,387130000C,(04)23274275,(04)23288582,2025,12,12,15,8,臺中市,沙鹿區,0,0,0,7,,,50,,,,,,,,,,,,,,,,,,,B12,,,1,,1,,,8,8,1,6,4,120.562936,24.237665,3
5419,66000,387130000C,(04)23274275,(04)23288582,2025,12,12,15,9,臺中市,潭子區,0,1,0,7,2,6,50,4,1,1,5,4,6,6,2,1,10,5,5,2,3,3,10,3,1,B03,7,6,1,8,2,5,,10,10,1,12,4,120.712236,24.21306,2
5420,66000,387130000C,(04)23274275,(04)23288582,2025,12,12,15,11,臺中市,東勢區,0,0,0,7,,,60,,,,,,,,,,,,,,13,,,,,B03,,,1,,1,,,7,7,1,13,4,120.823389,24.26189,3
5421,66000,387130000C,(04)23274275,(04)23288582,2025,12,12,15,12,臺中市,西區,0,0,0,7,,,50,,,,,,,,,,,,,,,,,,,B03,,,1,,2,,,40,40,1,12,4,120.677215,24.14021,3
5422,66000,387130000C,(04)23274275,(04)23288582,2025,12,12,15,12,臺中市,豐原區,0,0,0,7,,,50,,,,,,,,,,,,,,12,,,,,B12,,,1,,2,,,47,47,1,13,4,120.70876,24.241482,3
5423,66000,387130000C,(04)23274275,(04)23288582,2025,12,12,15,14,臺中市,中區,0,0,0,7,,,50,,,,,,,,,,,,,,,,,,,C03,,,1,9,1,,,85,85,1,13,4,120.67665,24.145322,3
5424,66000,387130000C,(04)23274275,(04)23288582,2025,12,12,15,16,臺中市,豐原區,0,0,0,7,,,40,,,,,,,,,,,,,,30,,,,,B12,,,1,,2,,,84,84,1,12,4,120.709452,24.24572,3
5425,66000,387130000C,(04)23274275,(04)23288582,2025,12,12,15,17,臺中市,東區,0,0,0,7,,,50,,,,,,,,,,,,,,17,,,,,B03,,,5,,2,,,84,84,1,12,4,120.70944,24.145552,3
5426,66000,387130000C,(04)23274275,(04)23288582,2025,12,12,15,18,臺中市,后里區,0,1,0,7,3,6,60,3,1,1,5,4,6,6,4,4,10,5,5,2,16,3,10,3,1,B12,7,6,1,8,2,2,,20,20,1,6,4,120.723409,24.291212,2
5427,66000,387130000C,(04)23274275,(04)23288582,2025,12,12,15,25,臺中市,梧棲區,0,0,0,7,,,50,,,,,,,,,,,,,,15,,,,,B03,,,1,,1,,,15,15,1,12,4,120.535663,24.255913,3
5428,66000,387130000C,(04)23274275,(04)23288582,2025,12,12,15,27,臺中市,西屯區,0,1,0,7,2,6,30,3,1,1,5,4,6,6,3,1,10,5,5,2,16,3,10,5,4,B03,7,6,1,8,2,8,,24,24,1,12,4,120.623411,24.193218,2
5429,66000,387130000C,(04)23274275,(04)23288582,2025,12,12,15,28,臺中市,太平區,0,1,0,7,2,6,50,3,5,1,5,4,6,6,1,1,5,5,5,1,13,3,10,1,1,C03,7,9,1,10,1,12,,84,84,1,12,4,120.708284,24.121081,2
5430,66000,387130000C,(04)23274275,(04)23288582,2025,12,12,15,29,臺中市,北區,0,0,0,7,,,50,,,,,,,,,,,,,,,,,,,C03,,,1,,2,,,84,84,1,13,4,120.676438,24.158044,3
5431,66000,387130000C,(04)23274275,(04)23288582,2025,12,12,15,29,臺中市,北屯區,0,0,0,7,,,50,,,,,,,,,,,,,,,,,,,C03,,,1,,1,,,7,7,1,13,4,120.688673,24.171546,3
5432,66000,387130000C,(04)23274275,(04)23288582,2025,12,12,15,31,臺中市,東區,0,0,0,7,,,50,,,,,,,,,,,,,,17,,,,,C03,,,1,,1,,,7,7,1,12,4,120.695488,24.147952,3
5433,66000,387130000C,(04)23274275,(04)23288582,2025,12,12,15,33,臺中市,清水區,0,0,0,7,,,40,,,,,,,,,,,,,,,,,,,B03,,,1,,2,,,59,59,1,12,4,120.573099,24.263715,3
5434,66000,387130000C,(04)23274275,(04)23288582,2025,12,12,15,33,臺中市,大甲區,0,0,0,7,,,50,,,,,,,,,,,,,,,,,,,B13,,,1,,2,,,76,76,1,6,4,120.623574,24.344705,3
5435,66000,387130000C,(04)23274275,(04)23288582,2025,12,12,15,37,臺中市,大甲區,0,0,0,7,,,30,,,,,,,,,,,,,,,,,,,A12,,,1,,1,,,49,49,1,6,4,120.660635,24.382752,3
5436,66000,387130000C,(04)23274275,(04)23288582,2025,12,12,15,40,臺中市,中區,0,0,0,7,,,50,,,,,,,,,,,,,,12,,,,,B11,,,1,,1,,,40,40,1,13,4,120.682953,24.136606,3
5437,66000,387130000C,(04)23274275,(04)23288582,2025,12,12,15,40,臺中市,沙鹿區,0,0,0,7,,,60,,,,,,,,,,,,,,2,,,,,A12,,,1,,9,,,84,84,1,6,4,120.577694,24.249461,3
5438,66000,387130000C,(04)23274275,(04)23288582,2025,12,12,15,45,臺中市,太平區,0,0,0,7,,,50,,,,,,,,,,,,,,,,,,,B03,,,1,,2,,,15,15,1,12,4,120.722603,24.158046,3
5439,66000,387130000C,(04)23274275,(04)23288582,2025,12,12,15,47,臺中市,大里區,0,0,0,7,,,50,,,,,,,,,,,,,,13,,,,,C03,,,1,,2,,,7,7,1,12,4,120.695607,24.096634,3
5440,66000,387130000C,(04)23274275,(04)23288582,2025,12,12,15,52,臺中市,霧峰區,0,1,0,7,2,6,25,4,1,1,5,4,6,6,4,4,10,5,5,2,15,3,10,3,1,B03,7,9,1,8,2,8,,12,12,1,12,4,120.689358,24.062243,2
5441,66000,387130000C,(04)23274275,(04)23288582,2025,12,12,15,57,臺中市,南區,0,1,0,7,2,6,0,13,8,1,5,4,6,6,4,4,9,5,4,2,3,3,10,6,5,H01,8,16,7,21,10,17,,95,95,1,13,5,120.650976,24.120573,2
5442,66000,387130000C,(04)23274275,(04)23288582,2025,12,12,15,58,臺中市,豐原區,0,2,0,7,2,6,30,13,9,1,5,4,6,6,4,4,10,5,5,1,2,2,8,5,4,C03,7,9,1,10,2,11,,59,59,1,13,4,120.733709,24.274583,2
5443,66000,387130000C,(04)23274275,(04)23288582,2025,12,12,16,3,臺中市,大雅區,0,0,0,7,,,30,,,,,,,,,,,,,,,,,,,B03,,,1,,9,,,54,54,1,12,4,120.672239,24.243149,3
5444,66000,387130000C,(04)23274275,(04)23288582,2025,12,12,16,4,臺中市,北區,0,1,0,7,3,6,50,4,1,1,5,4,6,6,2,1,10,5,5,2,17,3,10,5,4,B03,7,6,1,8,2,1,,48,48,1,13,4,120.675841,24.171445,2
5445,66000,387130000C,(04)23274275,(04)23288582,2025,12,12,16,5,臺中市,潭子區,0,1,0,7,3,6,50,4,2,1,5,4,6,6,1,1,3,4,5,2,17,2,8,2,1,C03,7,9,1,10,2,11,14,59,59,1,13,4,120.711382,24.216096,2
5446,66000,387130000C,(04)23274275,(04)23288582,2025,12,12,16,5,臺中市,清水區,0,1,0,7,2,6,60,3,2,1,5,4,6,6,4,4,1,4,1,1,16,3,10,3,1,B03,7,5,1,8,2,2,,47,47,1,13,4,120.546317,24.277483,2
5447,66000,387130000C,(04)23274275,(04)23288582,2025,12,12,16,7,臺中市,西屯區,0,0,0,7,,,50,,,,,,,,,,,,,,12,,,,,B03,,,1,,2,,,11,11,1,12,4,120.643927,24.160552,3
5448,66000,387130000C,(04)23274275,(04)23288582,2025,12,12,16,9,臺中市,烏日區,0,1,0,7,3,6,30,4,1,1,5,4,6,6,4,4,10,5,5,2,16,2,9,1,1,F03,7,9,7,21,2,11,14,15,15,1,12,4,120.636924,24.070789,2
5449,66000,387130000C,(04)23274275,(04)23288582,2025,12,12,16,10,臺中市,太平區,0,0,0,7,,,30,,,,,,,,,,,,,,,,,,,B03,,,1,,2,,,51,51,1,12,4,120.726057,24.104254,3
5450,66000,387130000C,(04)23274275,(04)23288582,2025,12,12,16,11,臺中市,神岡區,0,0,0,7,,,50,,,,,,,,,,,,,,13,,,,,B03,,,1,,2,,,59,59,1,13,4,120.699052,24.23528,3
5451,66000,387130000C,(04)23274275,(04)23288582,2025,12,12,16,13,臺中市,南屯區,0,1,0,7,2,6,30,4,1,1,5,4,6,6,4,4,5,5,4,2,3,3,10,3,1,B12,7,6,1,8,2,4,,10,10,1,13,4,120.611776,24.148641,2
5452,66000,387130000C,(04)23274275,(04)23288582,2025,12,12,16,14,臺中市,西區,0,1,0,7,2,6,50,3,1,1,5,4,6,6,4,4,8,3,5,2,30,2,9,2,1,C03,7,9,1,10,2,11,,87,87,1,12,4,120.667581,24.146722,2
5453,66000,387130000C,(04)23274275,(04)23288582,2025,12,12,16,15,臺中市,南屯區,0,1,0,7,2,6,50,13,8,1,5,4,6,6,4,4,1,4,4,2,13,2,9,2,1,C03,7,9,1,10,2,11,,7,7,1,12,4,120.63759,24.149321,2
5454,66000,387130000C,(04)23274275,(04)23288582,2025,12,12,16,16,臺中市,西屯區,0,1,0,7,2,6,40,3,1,1,5,4,6,6,1,1,10,5,5,2,12,2,9,2,1,C03,7,9,1,8,2,14,,84,84,1,12,4,120.613904,24.183561,2
5455,66000,387130000C,(04)23274275,(04)23288582,2025,12,12,16,20,臺中市,南屯區,0,0,0,7,,,50,,,,,,,,,,,,,,13,,,,,B03,,,1,,1,,,59,59,1,13,4,120.650672,24.136601,3
5456,66000,387130000C,(04)23274275,(04)23288582,2025,12,12,16,22,臺中市,霧峰區,0,1,0,7,3,6,50,3,1,1,5,4,6,6,1,1,10,5,5,1,16,3,10,1,1,C03,7,9,1,10,2,11,,21,21,1,5,4,120.710837,24.080547,2
5457,66000,387130000C,(04)23274275,(04)23288582,2025,12,12,16,25,臺中市,大雅區,0,0,0,7,,,50,,,,,,,,,,,,,,,,,,,B12,,,1,,1,,,2,2,1,13,4,120.653545,24.221255,3
5458,66000,387130000C,(04)23274275,(04)23288582,2025,12,12,16,25,臺中市,龍井區,0,0,0,7,2,6,50,13,9,1,5,4,6,6,4,4,10,5,5,2,14,,,,,C03,,,1,,2,,,49,49,1,6,4,120.590007,24.181018,3
5459,66000,387130000C,(04)23274275,(04)23288582,2025,12,12,16,28,臺中市,豐原區,0,1,0,7,2,6,30,3,1,1,5,4,6,6,4,4,10,5,5,2,17,3,10,3,1,B03,7,6,1,8,2,4,,14,14,1,13,4,120.720244,24.251731,2
5460,66000,387130000C,(04)23274275,(04)23288582,2025,12,12,16,29,臺中市,豐原區,0,0,0,7,,,50,,,,,,,,,,,,,,30,,,,,B03,,,1,,2,,,59,59,1,13,4,120.723247,24.244598,3
5461,66000,387130000C,(04)23274275,(04)23288582,2025,12,12,16,30,臺中市,南屯區,0,0,0,7,,,40,,,,,,,,,,,,,,17,,,,,B03,,,1,,2,,,50,50,1,13,4,120.64076,24.152431,3
5462,66000,387130000C,(04)23274275,(04)23288582,2025,12,12,16,30,臺中市,大安區,0,0,0,7,,,50,,,,,,,,,,,,,,,,,,,B03,,,1,,1,,,49,49,1,6,4,120.606488,24.347412,3
5463,66000,387130000C,(04)23274275,(04)23288582,2025,12,12,16,31,臺中市,西屯區,0,0,0,7,,,40,,,,,,,,,,,,,,12,,,,,B03,,,1,,1,,,40,40,1,13,4,120.63969,24.168907,3
5464,66000,387130000C,(04)23274275,(04)23288582,2025,12,12,16,33,臺中市,霧峰區,0,0,0,7,,,50,,,,,,,,,,,,,,12,,,,,E01,,,1,,1,,,43,43,1,12,4,120.696255,24.055217,3
5465,66000,387130000C,(04)23274275,(04)23288582,2025,12,12,16,35,臺中市,南屯區,0,1,0,7,2,6,50,4,9,1,5,4,6,6,2,1,1,4,5,2,13,2,9,3,1,B03,7,9,1,8,2,1,,59,59,1,12,4,120.616846,24.153651,2
5466,66000,387130000C,(04)23274275,(04)23288582,2025,12,12,16,38,臺中市,北區,0,0,0,7,,,,,,,,,,,,,,,,,,,,,,F01,,,,,,,,84,84,1,13,,120.681029,24.157933,3
5467,66000,387130000C,(04)23274275,(04)23288582,2025,12,12,16,38,臺中市,南屯區,0,0,0,7,,,50,,,,,,,,,,,,,,,,,,,B03,,,1,,1,,,84,84,1,12,4,120.646614,24.15548,3
5468,66000,387130000C,(04)23274275,(04)23288582,2025,12,12,16,40,臺中市,大雅區,0,1,0,7,3,6,50,13,9,1,5,4,6,6,4,4,5,5,5,1,17,3,10,2,1,C03,7,1,3,19,2,11,,51,51,1,12,4,120.656459,24.220437,2
5469,66000,387130000C,(04)23274275,(04)23288582,2025,12,12,16,42,臺中市,烏日區,0,2,0,7,2,6,50,3,1,1,5,4,6,6,4,4,5,4,5,2,16,2,9,1,1,C03,7,6,1,10,2,12,,39,39,1,6,4,120.60728,24.110265,2
5470,66000,387130000C,(04)23274275,(04)23288582,2025,12,12,16,43,臺中市,太平區,0,1,0,7,2,6,50,3,2,1,5,4,6,6,4,4,5,5,5,2,16,3,10,1,1,C03,7,11,1,10,2,12,,39,39,1,12,4,120.724075,24.155112,2
5471,66000,387130000C,(04)23274275,(04)23288582,2025,12,12,16,44,臺中市,北屯區,0,0,0,7,,,50,,,,,,,,,,,,,,13,,,,,C03,,,1,,9,,,7,7,2,12,4,120.690629,24.172802,3
5472,66000,387130000C,(04)23274275,(04)23288582,2025,12,12,16,44,臺中市,太平區,0,0,0,7,2,6,30,,,,,,,,,,,,,,,,,,,B11,,,1,,9,6,,49,49,2,12,4,120.731632,24.107474,3
5473,66000,387130000C,(04)23274275,(04)23288582,2025,12,12,16,45,臺中市,南區,0,2,0,7,2,6,30,4,1,1,5,4,6,6,4,4,10,5,5,2,15,2,8,2,1,C03,7,9,1,10,2,12,,15,15,1,12,4,120.676592,24.125012,2
5474,66000,387130000C,(04)23274275,(04)23288582,2025,12,12,16,45,臺中市,西屯區,0,1,0,7,2,6,50,13,9,1,5,4,6,6,4,4,1,4,5,2,17,2,9,1,1,C03,7,9,3,19,2,11,,83,83,1,12,4,120.646585,24.196158,2
5475,66000,387130000C,(04)23274275,(04)23288582,2025,12,12,16,45,臺中市,太平區,0,1,0,7,2,6,50,3,2,1,5,4,6,6,4,4,9,5,5,1,12,3,10,3,1,B12,7,9,1,8,2,5,,85,85,1,12,4,120.703538,24.111863,2
5476,66000,387130000C,(04)23274275,(04)23288582,2025,12,12,16,45,臺中市,豐原區,0,0,0,7,,,50,,,,,,,,,,,,,,14,,,,,C03,,,1,,1,,,49,49,1,12,4,120.721531,24.246705,4