序號,縣市別代碼,機關代碼,市話,傳真,年,月,日,時,分,縣市,區,死亡數量,受傷數量,2-30,天候,道路照明設備,道路類別,道路速限,道路型態,事故位置,路面鋪裝,路面狀態,路面缺陷,障礙物,視距,號誌種類,號誌動作,分向設施,快車道或一般車道間,快慢車道間,路面邊線,事故類型及型態,受傷程度,主要傷處,保護裝備,行動電話或功能裝置,當事者區分(類別),車輛用途,當事者行動狀態,駕照狀態,駕照種類,飲酒情形,車輛撞擊部位最初,車輛撞擊部位其他,肇事因素個別,肇事因素主要,肇事逃逸,職業,共享經濟或外送平台,GPS座標X,GPS座標Y,事故類別
5477,66000,387130000C,(04)23274275,(04)23288582,2025,12,12,16,49,臺中市,南屯區,0,0,0,7,,,50,,,,,,,,,,,,,,13,,,,,C03,,,1,,1,,,59,59,1,12,4,120.608879,24.13881,3
5478,66000,387130000C,(04)23274275,(04)23288582,2025,12,12,16,50,臺中市,西區,0,0,0,7,,,50,,,,,,,,,,,,,,,,,,,B03,,,1,8,2,,,39,39,1,12,4,120.66512,24.130527,3
5479,66000,387130000C,(04)23274275,(04)23288582,2025,12,12,16,50,臺中市,北屯區,0,0,0,7,,,50,,,,,,,,,,,,,,13,,,,,B03,,,1,,2,,,59,59,1,6,4,120.684982,24.190141,3
5480,66000,387130000C,(04)23274275,(04)23288582,2025,12,12,16,52,臺中市,北區,0,0,0,7,3,6,50,18,9,1,5,4,6,6,4,4,3,4,5,2,13,,,,,B03,,,1,,2,,,7,7,1,13,4,120.691879,24.160136,3
5481,66000,387130000C,(04)23274275,(04)23288582,2025,12,12,16,53,臺中市,北屯區,0,0,0,7,,,50,,,,,,,,,,,,,,,,,,,B12,,,1,,2,,,26,26,1,6,4,120.721349,24.178281,3
5482,66000,387130000C,(04)23274275,(04)23288582,2025,12,12,16,55,臺中市,南屯區,0,0,0,7,,,40,,,,,,,,,,,,,,16,,,,,B03,,,1,,1,,,51,51,1,13,4,120.641067,24.145197,3
5483,66000,387130000C,(04)23274275,(04)23288582,2025,12,12,16,55,臺中市,龍井區,0,2,0,7,2,6,50,13,9,1,5,4,5,6,4,4,5,5,5,1,18,2,9,1,1,C03,7,9,3,19,2,12,,81,81,1,6,4,120.516409,24.189841,2
5484,66000,387130000C,(04)23274275,(04)23288582,2025,12,12,16,56,臺中市,西屯區,0,0,0,7,,,30,,,,,,,,,,,,,,15,,,,,C03,,,1,,2,,,15,15,1,12,4,120.617395,24.18749,3
5485,66000,387130000C,(04)23274275,(04)23288582,2025,12,12,16,58,臺中市,西區,0,0,0,7,,,50,,,,,,,,,,,,,,,,,,,B03,,,1,,2,,,59,59,1,12,4,120.662192,24.162141,3
5486,66000,387130000C,(04)23274275,(04)23288582,2025,12,12,16,59,臺中市,西屯區,0,2,0,7,1,6,40,3,19,1,5,4,6,6,4,4,10,5,5,2,3,2,9,1,1,C03,7,9,1,8,2,11,,10,10,1,12,4,120.653534,24.168382,2
5487,66000,387130000C,(04)23274275,(04)23288582,2025,12,12,17,3,臺中市,豐原區,0,0,0,7,,,50,,,,,,,,,,,,,,14,,,,,B12,,,1,,2,,,50,50,1,12,4,120.732684,24.259083,3
5488,66000,387130000C,(04)23274275,(04)23288582,2025,12,12,17,5,臺中市,西屯區,0,1,0,7,2,6,50,13,9,1,5,4,6,6,4,4,9,4,5,2,16,3,10,5,4,B03,7,5,1,2,1,2,,47,47,1,12,4,120.639452,24.159724,2
5489,66000,387130000C,(04)23274275,(04)23288582,2025,12,12,17,5,臺中市,西屯區,0,1,0,7,2,6,50,3,1,1,5,4,6,6,4,4,10,5,5,2,16,3,10,3,1,B03,7,6,1,8,2,5,,48,48,1,12,4,120.663528,24.164204,2
5490,66000,387130000C,(04)23274275,(04)23288582,2025,12,12,17,5,臺中市,神岡區,0,2,0,7,3,6,30,3,1,1,5,4,6,6,4,4,10,5,5,2,16,2,9,4,4,C03,7,6,1,10,8,11,,14,14,1,12,4,120.705156,24.259746,2
5491,66000,387130000C,(04)23274275,(04)23288582,2025,12,12,17,7,臺中市,神岡區,0,2,0,7,2,6,50,3,9,1,5,4,6,6,4,4,10,5,5,1,17,2,8,5,4,C03,7,1,1,10,2,14,,51,51,1,13,4,120.654212,24.258617,2
5492,66000,387130000C,(04)23274275,(04)23288582,2025,12,12,17,9,臺中市,北區,0,1,0,7,1,6,50,3,2,1,5,4,6,6,2,1,10,5,5,2,13,3,10,2,1,C03,7,9,1,10,2,11,,7,7,1,13,4,120.67427,24.168329,2
5493,66000,387130000C,(04)23274275,(04)23288582,2025,12,12,17,9,臺中市,北區,0,0,0,7,,,50,,,,,,,,,,,,,,17,,,,,B12,,,1,,2,,,84,84,1,13,4,120.697601,24.154402,4
5494,66000,387130000C,(04)23274275,(04)23288582,2025,12,12,17,10,臺中市,太平區,0,1,0,7,2,6,50,4,2,1,5,4,6,6,4,4,5,5,5,1,13,2,8,1,1,C03,7,9,1,10,2,11,14,7,7,1,12,4,120.72497,24.142999,2
5495,66000,387130000C,(04)23274275,(04)23288582,2025,12,12,17,10,臺中市,龍井區,0,0,0,7,,,50,,,,,,,,,,,,,,,,,,,A12,,,1,,2,,,59,59,1,6,4,120.551679,24.213631,3
5496,66000,387130000C,(04)23274275,(04)23288582,2025,12,12,17,11,臺中市,沙鹿區,0,1,0,7,2,6,50,13,9,1,5,4,6,6,4,4,8,3,5,1,9,3,10,5,4,C03,7,9,1,10,2,11,,6,6,1,13,4,120.561355,24.237743,2
5497,66000,387130000C,(04)23274275,(04)23288582,2025,12,12,17,12,臺中市,大雅區,0,1,0,7,1,6,60,4,1,1,5,4,6,6,1,1,10,5,5,2,17,2,9,2,1,C03,7,9,1,10,2,14,,87,87,1,12,4,120.646894,24.222617,2
5498,66000,387130000C,(04)23274275,(04)23288582,2025,12,12,17,12,臺中市,南區,0,0,0,7,,,50,,,,,,,,,,,,,,17,,,,,B03,,,1,,2,,,84,84,1,12,4,120.662085,24.122522,3
5499,66000,387130000C,(04)23274275,(04)23288582,2025,12,12,17,14,臺中市,北屯區,0,0,0,7,,,50,,,,,,,,,,,,,,,,,,,B03,,,1,,1,,,7,7,1,12,4,120.690494,24.192772,4
5500,66000,387130000C,(04)23274275,(04)23288582,2025,12,12,17,14,臺中市,豐原區,0,0,0,7,,,50,,,,,,,,,,,,,,,,,,,C03,,,1,,2,,,58,58,1,13,4,120.750868,24.270187,3
5501,66000,387130000C,(04)23274275,(04)23288582,2025,12,12,17,15,臺中市,梧棲區,0,1,0,7,3,6,50,3,1,1,5,4,6,6,1,1,10,5,5,2,16,2,9,1,1,C03,7,9,1,10,2,11,,7,7,1,6,4,120.528801,24.2483,2
5502,66000,387130000C,(04)23274275,(04)23288582,2025,12,12,17,18,臺中市,北屯區,0,1,0,7,2,6,50,4,2,1,5,4,6,6,1,1,10,5,5,2,13,2,9,1,1,C03,7,9,1,10,2,11,,7,7,1,12,4,120.664078,24.18546,2
5503,66000,387130000C,(04)23274275,(04)23288582,2025,12,12,17,19,臺中市,北屯區,0,1,0,7,1,6,50,3,2,1,5,4,6,6,4,4,5,4,5,2,12,3,10,3,1,B03,7,11,1,8,2,8,,45,45,1,13,4,120.70393,24.178829,2
5504,66000,387130000C,(04)23274275,(04)23288582,2025,12,12,17,19,臺中市,北屯區,0,0,0,7,,,50,,,,,,,,,,,,,,13,,,,,C03,,,1,,1,,,7,7,1,6,4,120.676344,24.184374,3
5505,66000,387130000C,(04)23274275,(04)23288582,2025,12,12,17,20,臺中市,西屯區,0,0,0,7,,,50,,,,,,,,,,,,,,13,,,,,B03,,,1,,1,,,7,7,1,13,4,120.642142,24.172586,3
5506,66000,387130000C,(04)23274275,(04)23288582,2025,12,12,17,20,臺中市,大肚區,0,0,0,7,2,6,40,5,1,1,5,4,6,6,2,1,3,4,3,2,12,,,,,C03,,,3,,2,,,26,26,1,6,4,120.583021,24.168356,3
5507,66000,387130000C,(04)23274275,(04)23288582,2025,12,12,17,20,臺中市,大甲區,0,2,0,7,1,6,50,13,9,1,5,4,6,6,4,4,5,5,5,1,17,2,9,5,4,C03,7,1,1,10,3,14,,51,51,1,12,4,120.643403,24.386321,2
5508,66000,387130000C,(04)23274275,(04)23288582,2025,12,12,17,21,臺中市,北屯區,0,1,0,7,1,6,50,3,1,1,5,4,6,6,1,1,10,5,5,2,16,3,10,3,1,B12,7,5,1,2,2,5,,11,11,1,12,4,120.73824,24.176323,2
5509,66000,387130000C,(04)23274275,(04)23288582,2025,12,12,17,21,臺中市,西屯區,0,0,0,7,,,40,,,,,,,,,,,,,,12,,,,,B01,,,1,,2,,,40,40,1,12,4,120.635484,24.171313,3
5510,66000,387130000C,(04)23274275,(04)23288582,2025,12,12,17,21,臺中市,太平區,0,1,0,7,2,6,50,13,9,1,5,4,6,6,4,4,5,4,5,2,12,3,10,3,1,B03,7,7,1,8,2,6,,40,40,1,12,4,120.710001,24.127463,2
5511,66000,387130000C,(04)23274275,(04)23288582,2025,12,12,17,22,臺中市,大里區,0,0,0,7,,,30,,,,,,,,,,,,,,14,,,,,B12,,,1,,2,,,49,49,1,12,4,120.681445,24.101211,3
5512,66000,387130000C,(04)23274275,(04)23288582,2025,12,12,17,22,臺中市,大安區,0,1,0,7,1,6,50,3,2,1,5,4,6,6,4,4,5,5,5,1,16,2,8,2,1,C03,7,6,1,10,2,14,,48,48,1,6,4,120.58794,24.344692,2
5513,66000,387130000C,(04)23274275,(04)23288582,2025,12,12,17,23,臺中市,豐原區,0,0,0,7,,,50,,,,,,,,,,,,,,17,,,,,B03,,,1,,2,,,51,51,1,13,4,120.720034,24.251749,3
5514,66000,387130000C,(04)23274275,(04)23288582,2025,12,12,17,24,臺中市,西屯區,0,0,0,7,,,50,,,,,,,,,,,,,,17,,,,,B02,,,1,,2,,,56,56,1,12,4,120.589338,24.175095,3
5515,66000,387130000C,(04)23274275,(04)23288582,2025,12,12,17,25,臺中市,潭子區,0,1,0,7,2,6,50,3,1,1,5,4,6,6,1,1,8,3,5,1,18,2,9,1,1,C03,7,9,1,10,2,12,,57,57,1,13,4,120.701866,24.213029,2
5516,66000,387130000C,(04)23274275,(04)23288582,2025,12,12,17,25,臺中市,南屯區,0,0,0,7,,,50,,,,,,,,,,,,,,,,,,,B03,,,1,,2,,,40,40,1,12,4,120.645016,24.140068,3
5517,66000,387130000C,(04)23274275,(04)23288582,2025,12,12,17,26,臺中市,烏日區,0,1,0,7,1,6,30,13,9,1,5,4,6,6,1,1,1,4,5,1,13,3,10,3,1,B03,7,9,1,8,2,5,,7,7,1,6,4,120.616767,24.111813,2
5518,66000,387130000C,(04)23274275,(04)23288582,2025,12,12,17,27,臺中市,霧峰區,0,1,0,7,1,6,40,13,9,1,5,4,6,6,4,4,5,5,5,1,17,2,8,1,1,C03,7,9,1,10,2,14,12,84,84,1,12,4,120.677655,24.064464,2
5519,66000,387130000C,(04)23274275,(04)23288582,2025,12,12,17,28,臺中市,大肚區,0,1,0,7,1,6,40,5,8,1,5,4,6,6,2,1,3,4,3,2,13,2,9,2,1,C03,7,9,1,10,2,11,,7,7,1,6,4,120.58246,24.16842,2
5520,66000,387130000C,(04)23274275,(04)23288582,2025,12,12,17,29,臺中市,南區,0,1,0,7,1,6,50,3,1,1,5,4,6,6,1,1,9,5,5,2,17,3,10,3,1,B03,7,5,1,8,2,2,,47,47,1,12,4,120.660489,24.113841,2
5521,66000,387130000C,(04)23274275,(04)23288582,2025,12,12,17,29,臺中市,沙鹿區,0,0,0,7,,,50,,,,,,,,,,,,,,2,,,,,B03,,,1,,1,,,87,87,1,6,4,120.569421,24.237137,3
5522,66000,387130000C,(04)23274275,(04)23288582,2025,12,12,17,33,臺中市,北屯區,0,0,0,7,,,50,,,,,,,,,,,,,,,,,,,,,,,,,,,86,86,1,,,120.699599,24.1648,3
5523,66000,387130000C,(04)23274275,(04)23288582,2025,12,12,17,33,臺中市,梧棲區,0,0,0,7,,,30,,,,,,,,,,,,,,17,,,,,B12,,,1,,2,,,8,8,1,12,4,120.523142,24.243165,3
5524,66000,387130000C,(04)23274275,(04)23288582,2025,12,12,17,34,臺中市,西屯區,0,0,0,7,,,50,,,,,,,,,,,,,,17,,,,,B03,,,1,,1,,,43,43,1,12,4,120.617774,24.188397,3
5525,66000,387130000C,(04)23274275,(04)23288582,2025,12,12,17,35,臺中市,北屯區,0,0,0,7,,,50,,,,,,,,,,,,,,,,,,,B03,,,1,,1,,,7,7,1,13,4,120.673552,24.183191,3
5526,66000,387130000C,(04)23274275,(04)23288582,2025,12,12,17,38,臺中市,外埔區,0,1,0,7,2,6,50,4,9,1,5,4,6,6,4,4,5,4,4,1,3,3,10,3,1,B03,7,6,1,8,2,1,,59,59,1,6,4,120.651966,24.331166,2
5527,66000,387130000C,(04)23274275,(04)23288582,2025,12,12,17,39,臺中市,西屯區,0,1,0,7,1,6,40,13,8,1,5,4,6,6,4,4,1,5,1,2,17,2,9,1,1,C03,7,9,1,10,2,11,,58,58,1,12,4,120.640367,24.157979,2
5528,66000,387130000C,(04)23274275,(04)23288582,2025,12,12,17,42,臺中市,潭子區,0,2,0,6,1,6,50,5,1,1,5,4,6,6,4,4,9,5,5,2,17,2,9,2,1,C03,7,6,1,10,2,14,,14,14,1,13,4,120.706786,24.22807,2
5529,66000,387130000C,(04)23274275,(04)23288582,2025,12,12,17,44,臺中市,南屯區,0,0,0,7,,,50,,,,,,,,,,,,,,,,,,,B12,,,1,,1,,,84,84,1,12,4,120.623399,24.135649,3
5530,66000,387130000C,(04)23274275,(04)23288582,2025,12,12,17,44,臺中市,北屯區,0,0,0,7,,,50,,,,,,,,,,,,,,9,,,,,B03,,,1,,2,,,85,85,1,6,4,120.678792,24.184456,3
5531,66000,387130000C,(04)23274275,(04)23288582,2025,12,12,17,46,臺中市,東區,0,2,0,7,1,6,0,4,4,1,5,4,6,6,1,1,10,5,5,2,3,2,9,6,5,H04,8,20,7,21,2,17,,95,95,1,13,5,120.709008,24.144401,2
5532,66000,387130000C,(04)23274275,(04)23288582,2025,12,12,17,47,臺中市,北屯區,0,2,0,7,1,6,50,4,1,1,5,4,6,6,4,4,10,5,5,2,16,3,10,3,1,B03,7,6,1,8,2,1,,14,14,1,6,4,120.691824,24.173835,2
5533,66000,387130000C,(04)23274275,(04)23288582,2025,12,12,17,47,臺中市,西屯區,0,0,0,7,,,50,,,,,,,,,,,,,,13,,,,,B03,,,1,,1,,,59,59,1,12,4,120.630489,24.170973,3
5534,66000,387130000C,(04)23274275,(04)23288582,2025,12,12,17,47,臺中市,后里區,0,0,0,7,,,40,,,,,,,,,,,,,,16,,,,,C03,,,1,,1,,,84,84,1,6,4,120.723827,24.315476,3
5535,66000,387130000C,(04)23274275,(04)23288582,2025,12,12,17,48,臺中市,北屯區,0,2,0,7,1,3,80,13,7,1,5,4,6,6,4,4,1,4,1,1,13,2,3,3,1,B03,7,9,1,8,2,1,,7,7,1,12,4,120.67015,24.201119,2
5536,66000,387130000C,(04)23274275,(04)23288582,2025,12,12,17,49,臺中市,神岡區,0,0,0,7,,,50,,,,,,,,,,,,,,16,,,,,C03,,,1,,2,,,21,21,1,12,4,120.677543,24.264888,3
5537,66000,387130000C,(04)23274275,(04)23288582,2025,12,12,17,50,臺中市,霧峰區,0,0,0,6,,,40,,,,,,,,,,,,,,13,,,,,C03,,,1,,1,,,55,55,1,12,4,120.696055,24.019264,3
5538,66000,387130000C,(04)23274275,(04)23288582,2025,12,12,17,52,臺中市,西屯區,0,0,0,7,,,40,,,,,,,,,,,,,,13,,,,,C03,,,1,,1,,,7,7,1,12,4,120.665643,24.167867,3
5539,66000,387130000C,(04)23274275,(04)23288582,2025,12,12,17,54,臺中市,南屯區,0,0,0,7,,,50,,,,,,,,,,,,,,13,,,,,B13,,,1,,1,,,84,84,1,13,4,120.60834,24.151,3
5540,66000,387130000C,(04)23274275,(04)23288582,2025,12,12,17,55,臺中市,烏日區,0,1,0,7,1,6,40,8,8,1,5,4,6,6,4,4,1,4,3,1,12,2,8,1,1,C03,7,9,1,10,2,11,12,59,59,1,5,4,120.582955,24.109293,2
5541,66000,387130000C,(04)23274275,(04)23288582,2025,12,12,17,56,臺中市,西區,0,0,0,7,,,50,,,,,,,,,,,,,,,,,,,B03,,,1,,2,,,47,47,1,13,4,120.675422,24.133556,3
5542,66000,387130000C,(04)23274275,(04)23288582,2025,12,12,17,56,臺中市,大里區,0,0,0,7,,,50,,,,,,,,,,,,,,,,,,,B03,,,1,,2,,,8,8,1,12,4,120.664984,24.092923,3
5543,66000,387130000C,(04)23274275,(04)23288582,2025,12,12,17,56,臺中市,烏日區,0,0,0,7,1,6,60,13,7,1,5,4,6,6,1,1,1,4,4,1,13,3,10,3,1,B03,7,9,1,8,2,1,,59,59,1,6,4,120.610861,24.107491,3
5544,66000,387130000C,(04)23274275,(04)23288582,2025,12,12,18,0,臺中市,南屯區,0,1,0,7,1,6,50,4,1,1,5,4,6,6,2,1,10,5,5,2,3,3,10,3,3,B03,7,6,1,13,2,1,,10,10,1,13,4,120.633143,24.139397,2
5545,66000,387130000C,(04)23274275,(04)23288582,2025,12,12,18,0,臺中市,大里區,0,0,0,7,,,70,,,,,,,,,,,,,,17,,,,,B03,,,1,,1,,,7,7,1,6,4,120.669626,24.100549,3
5546,66000,387130000C,(04)23274275,(04)23288582,2025,12,12,18,1,臺中市,潭子區,0,1,0,7,1,6,50,13,9,1,5,4,6,6,4,4,9,4,5,1,17,2,8,2,1,C03,7,1,1,10,2,14,,51,51,1,12,4,120.700629,24.213147,2
5547,66000,387130000C,(04)23274275,(04)23288582,2025,12,12,18,1,臺中市,南區,0,0,0,7,,,50,,,,,,,,,,,,,,,,,,,B03,,,1,,2,,,84,84,1,12,4,120.659659,24.127364,3
5548,66000,387130000C,(04)23274275,(04)23288582,2025,12,12,18,1,臺中市,霧峰區,0,0,0,7,,,40,,,,,,,,,,,,,,14,,,,,B03,,,1,,1,,,49,49,1,12,4,120.697045,24.021462,3
5549,66000,387130000C,(04)23274275,(04)23288582,2025,12,12,18,4,臺中市,西區,0,0,0,7,,,50,,,,,,,,,,,,,,,,,,,B03,,,1,,2,,,59,59,1,12,4,120.661854,24.162717,3
5550,66000,387130000C,(04)23274275,(04)23288582,2025,12,12,18,4,臺中市,西屯區,0,1,0,7,1,6,50,11,9,1,5,4,6,6,4,4,1,4,5,2,12,3,10,3,1,B03,7,6,1,8,2,5,,7,7,1,12,4,120.646633,24.158472,2
5551,66000,387130000C,(04)23274275,(04)23288582,2025,12,12,18,4,臺中市,沙鹿區,0,1,0,7,2,6,50,3,1,1,5,4,6,6,4,4,10,5,5,2,16,2,9,2,1,C03,7,5,1,10,2,12,,47,47,1,6,4,120.56555,24.23713,2
5552,66000,387130000C,(04)23274275,(04)23288582,2025,12,12,18,5,臺中市,清水區,0,1,0,7,1,6,50,4,1,1,5,4,6,6,2,1,5,5,5,2,16,3,10,3,1,B03,7,6,1,8,2,2,,11,11,1,12,4,120.540894,24.265386,2
5553,66000,387130000C,(04)23274275,(04)23288582,2025,12,12,18,6,臺中市,龍井區,0,2,0,7,1,6,50,13,9,1,5,4,6,6,4,4,5,5,5,1,16,2,9,2,1,C03,7,11,3,19,2,14,,39,39,1,6,4,120.583024,24.186761,2
5554,66000,387130000C,(04)23274275,(04)23288582,2025,12,12,18,7,臺中市,南區,0,1,0,7,1,6,40,13,8,1,5,4,6,6,4,4,9,5,4,2,16,3,10,3,1,B03,7,5,1,8,2,5,,20,20,1,12,4,120.667832,24.114324,2
5555,66000,387130000C,(04)23274275,(04)23288582,2025,12,12,18,7,臺中市,西屯區,0,1,0,7,1,6,50,13,7,1,5,4,6,6,4,4,1,4,3,2,13,3,10,3,1,B03,7,9,1,8,2,1,,56,56,1,13,4,120.614616,24.183357,2
5556,66000,387130000C,(04)23274275,(04)23288582,2025,12,12,18,8,臺中市,西區,0,0,0,7,,,50,,,,,,,,,,,,,,12,,,,,B03,,,1,,1,,,47,47,1,12,4,120.668797,24.13216,3
5557,66000,387130000C,(04)23274275,(04)23288582,2025,12,12,18,9,臺中市,梧棲區,0,1,0,7,1,6,50,4,1,1,5,4,6,6,1,1,10,5,5,2,16,3,10,3,1,B03,7,5,1,8,2,8,,11,11,1,12,4,120.533541,24.243247,2
5558,66000,387130000C,(04)23274275,(04)23288582,2025,12,12,18,9,臺中市,豐原區,0,0,0,7,,,50,,,,,,,,,,,,,,17,,,,,B03,,,1,,2,,,34,34,1,12,4,120.714744,24.24597,3
5559,66000,387130000C,(04)23274275,(04)23288582,2025,12,12,18,11,臺中市,西區,0,0,0,7,,,50,,,,,,,,,,,,,,15,,,,,C03,,,1,,2,,,46,46,1,13,4,120.664503,24.132168,3
5560,66000,387130000C,(04)23274275,(04)23288582,2025,12,12,18,13,臺中市,北屯區,0,0,0,7,,,50,,,,,,,,,,,,,,13,,,,,C03,,,1,,2,,,7,7,1,6,4,120.710575,24.178252,3
5561,66000,387130000C,(04)23274275,(04)23288582,2025,12,12,18,14,臺中市,烏日區,0,1,0,7,1,6,70,4,1,1,5,4,6,6,1,1,10,4,4,1,16,3,10,3,1,B03,7,5,1,8,2,2,,11,11,1,6,4,120.607202,24.108583,2
5562,66000,387130000C,(04)23274275,(04)23288582,2025,12,12,18,18,臺中市,北屯區,0,0,0,7,,,50,,,,,,,,,,,,,,,,,,,B03,,,1,,1,,,40,40,1,12,4,120.727973,24.176825,3
5563,66000,387130000C,(04)23274275,(04)23288582,2025,12,12,18,19,臺中市,西屯區,0,0,0,7,,,60,,,,,,,,,,,,,,16,,,,,B03,,,1,,1,,,59,59,1,12,4,120.646616,24.164333,3
5564,66000,387130000C,(04)23274275,(04)23288582,2025,12,12,18,20,臺中市,北區,0,0,0,7,,,50,,,,,,,,,,,,,,,,,,,B03,,,1,,1,,,49,49,1,13,4,120.686354,24.152437,3
5565,66000,387130000C,(04)23274275,(04)23288582,2025,12,12,18,20,臺中市,清水區,0,1,0,7,1,6,70,4,2,1,5,4,6,6,1,1,1,4,4,1,16,3,10,3,1,B03,7,5,1,8,2,5,,11,11,1,13,4,120.564482,24.265384,2
5566,66000,387130000C,(04)23274275,(04)23288582,2025,12,12,18,22,臺中市,北屯區,0,1,0,7,2,6,50,4,1,1,5,4,6,6,1,1,10,5,5,2,17,3,10,1,1,C03,7,8,1,10,2,12,,84,84,1,6,4,120.722506,24.17599,2
5567,66000,387130000C,(04)23274275,(04)23288582,2025,12,12,18,23,臺中市,北屯區,0,0,0,7,,,50,,,,,,,,,,,,,,,,,,,B03,,,1,,1,,,7,7,1,13,4,120.719955,24.163023,3
5568,66000,387130000C,(04)23274275,(04)23288582,2025,12,12,18,24,臺中市,龍井區,0,2,0,7,1,6,50,3,2,1,5,4,6,6,4,4,5,5,5,2,3,2,7,2,1,C03,7,9,1,10,2,11,,87,87,1,6,4,120.581695,24.185495,2
5569,66000,387130000C,(04)23274275,(04)23288582,2025,12,12,18,24,臺中市,烏日區,0,0,0,7,,,70,,,,,,,,,,,,,,17,,,,,B03,,,1,,2,,,58,58,1,6,4,120.607134,24.108681,3
5570,66000,387130000C,(04)23274275,(04)23288582,2025,12,12,18,24,臺中市,沙鹿區,0,0,0,6,,,40,,,,,,,,,,,,,,,,,,,B03,,,1,,2,,,59,59,1,13,4,120.559863,24.241242,3
5571,66000,387130000C,(04)23274275,(04)23288582,2025,12,12,18,25,臺中市,西區,0,0,0,7,,,50,,,,,,,,,,,,,,14,,,,,B03,,,1,,2,,,50,50,1,12,4,120.671483,24.139744,3
5572,66000,387130000C,(04)23274275,(04)23288582,2025,12,12,18,25,臺中市,南區,0,0,0,7,,,50,,,,,,,,,,,,,,13,,,,,C03,,,1,,1,,,84,84,1,12,4,120.678835,24.129788,3
5573,66000,387130000C,(04)23274275,(04)23288582,2025,12,12,18,26,臺中市,大里區,0,2,0,7,1,6,50,4,2,1,5,4,6,6,1,1,10,5,5,2,17,2,9,4,1,F01,7,9,7,21,2,11,,4,4,1,12,4,120.689753,24.11265,2
5574,66000,387130000C,(04)23274275,(04)23288582,2025,12,12,18,30,臺中市,潭子區,0,0,0,7,,,50,,,,,,,,,,,,,,13,,,,,C03,,,1,,9,,,7,7,1,12,4,120.705098,24.215554,3
5575,66000,387130000C,(04)23274275,(04)23288582,2025,12,12,18,31,臺中市,大雅區,0,2,0,7,1,6,50,13,9,1,5,4,6,6,4,4,9,4,5,1,11,2,8,2,1,C03,7,9,1,10,2,11,,7,7,1,13,4,120.653621,24.223273,2
5576,66000,387130000C,(04)23274275,(04)23288582,2025,12,12,18,32,臺中市,西屯區,0,1,0,7,1,6,50,3,1,1,5,4,6,6,4,4,10,5,5,2,16,3,10,3,1,B03,7,14,1,8,2,4,,12,12,1,12,4,120.635245,24.172619,2
5577,66000,387130000C,(04)23274275,(04)23288582,2025,12,12,18,34,臺中市,南屯區,0,2,0,7,2,6,50,4,2,1,5,4,6,6,2,1,1,4,5,2,13,2,9,2,1,C03,7,9,1,10,2,11,,7,7,1,12,4,120.646834,24.148677,2
5578,66000,387130000C,(04)23274275,(04)23288582,2025,12,12,18,34,臺中市,北屯區,0,0,0,7,,,50,,,,,,,,,,,,,,12,,,,,B02,,,1,,1,,,40,40,1,6,4,120.729535,24.177834,3
5579,66000,387130000C,(04)23274275,(04)23288582,2025,12,12,18,34,臺中市,烏日區,0,0,0,7,,,70,,,,,,,,,,,,,,17,,,,,B03,,,1,,2,,,58,58,1,6,4,120.607135,24.10869,3
5580,66000,387130000C,(04)23274275,(04)23288582,2025,12,12,18,35,臺中市,潭子區,0,0,0,6,,,50,,,,,,,,,,,,,,,,,,,C03,,,1,,2,,,7,7,1,13,4,120.717907,24.197056,3
5581,66000,387130000C,(04)23274275,(04)23288582,2025,12,12,18,39,臺中市,潭子區,0,0,0,7,,3,80,,,,,,,,,,,,,,17,,,,,B03,,,1,,2,,,40,40,1,12,4,120.700658,24.201269,3
5582,66000,387130000C,(04)23274275,(04)23288582,2025,12,12,18,39,臺中市,西屯區,0,0,0,7,,,40,,,,,,,,,,,,,,12,,,,,C03,,,1,,2,,,40,40,1,12,4,120.641839,24.15784,3
5583,66000,387130000C,(04)23274275,(04)23288582,2025,12,12,18,41,臺中市,大里區,0,0,0,7,,,50,,,,,,,,,,,,,,13,,,,,C03,,,1,,1,,,7,7,1,12,4,120.688795,24.103524,3
5584,66000,387130000C,(04)23274275,(04)23288582,2025,12,12,18,42,臺中市,潭子區,0,1,0,7,1,6,60,3,1,1,5,4,6,6,4,4,1,4,4,2,16,3,10,3,1,B03,7,5,1,8,2,2,,14,14,1,12,4,120.702456,24.195392,2
5585,66000,387130000C,(04)23274275,(04)23288582,2025,12,12,18,45,臺中市,東區,0,0,0,7,,,50,,,,,,,,,,,,,,13,,,,,C03,,,1,,1,,,59,59,1,6,1,120.69358,24.126559,3
5586,66000,387130000C,(04)23274275,(04)23288582,2025,12,12,18,45,臺中市,南區,0,1,0,7,1,6,50,4,1,1,5,4,6,6,1,1,9,4,4,2,17,3,10,3,1,B03,7,1,1,8,2,2,,51,51,1,12,4,120.656383,24.134211,2
5587,66000,387130000C,(04)23274275,(04)23288582,2025,12,12,18,45,臺中市,南屯區,0,0,0,7,,,50,,,,,,,,,,,,,,,,,,,B03,,,1,,1,,,59,59,1,12,4,120.631748,24.125647,3
5588,66000,387130000C,(04)23274275,(04)23288582,2025,12,12,18,45,臺中市,大里區,0,0,0,7,,,50,,,,,,,,,,,,,,18,,,,,B03,,,1,,2,,,84,84,1,12,4,120.692268,24.088927,3
5589,66000,387130000C,(04)23274275,(04)23288582,2025,12,12,18,50,臺中市,龍井區,0,0,0,7,1,6,50,5,1,1,5,4,6,6,2,1,3,4,3,2,12,,,,,B03,,,1,,1,,,8,8,1,6,4,120.574036,24.184456,3