序號,縣市別代碼,機關代碼,市話,傳真,年,月,日,時,分,縣市,區,死亡數量,受傷數量,2-30,天候,道路照明設備,道路類別,道路速限,道路型態,事故位置,路面鋪裝,路面狀態,路面缺陷,障礙物,視距,號誌種類,號誌動作,分向設施,快車道或一般車道間,快慢車道間,路面邊線,事故類型及型態,受傷程度,主要傷處,保護裝備,行動電話或功能裝置,當事者區分(類別),車輛用途,當事者行動狀態,駕照狀態,駕照種類,飲酒情形,車輛撞擊部位最初,車輛撞擊部位其他,肇事因素個別,肇事因素主要,肇事逃逸,職業,共享經濟或外送平台,GPS座標X,GPS座標Y,事故類別
5590,66000,387130000C,(04)23274275,(04)23288582,2025,12,12,18,52,臺中市,南屯區,0,0,0,7,,,50,,,,,,,,,,,,,,14,,,,,B03,,,1,,2,,,49,49,1,13,4,120.645386,24.128108,4
5591,66000,387130000C,(04)23274275,(04)23288582,2025,12,12,18,54,臺中市,東勢區,0,1,0,7,1,6,40,13,9,1,5,4,6,6,4,4,5,5,5,1,17,3,10,5,4,F01,7,11,7,21,2,11,,46,46,1,13,4,120.840441,24.244908,2
5592,66000,387130000C,(04)23274275,(04)23288582,2025,12,12,18,55,臺中市,西屯區,0,1,0,7,1,6,50,4,1,1,5,4,6,6,2,1,10,5,5,2,16,3,10,3,1,B03,7,6,1,8,2,2,,23,23,1,13,4,120.593044,24.183185,2
5593,66000,387130000C,(04)23274275,(04)23288582,2025,12,12,18,57,臺中市,沙鹿區,0,0,0,7,,,60,,,,,,,,,,,,,,,,,,,A12,,,1,,2,,,68,68,1,6,4,120.560779,24.208622,3
5594,66000,387130000C,(04)23274275,(04)23288582,2025,12,12,18,58,臺中市,北屯區,0,1,0,7,1,6,50,4,1,1,5,4,6,6,4,4,10,5,5,2,12,3,10,3,1,B03,7,15,1,8,2,5,,42,42,1,12,4,120.727335,24.175938,2
5595,66000,387130000C,(04)23274275,(04)23288582,2025,12,12,19,0,臺中市,北區,0,0,0,7,3,6,50,3,1,1,5,4,6,6,2,1,10,5,5,2,30,,,,,B03,,,1,,2,,,59,59,1,13,4,120.698888,24.155282,3
5596,66000,387130000C,(04)23274275,(04)23288582,2025,12,12,19,5,臺中市,北屯區,0,0,0,7,,,50,,,,,,,,,,,,,,,,,,,B03,,,1,,1,,,7,7,1,12,4,120.736237,24.177837,3
5597,66000,387130000C,(04)23274275,(04)23288582,2025,12,12,19,8,臺中市,烏日區,0,0,0,7,1,6,30,3,1,1,5,4,6,6,4,4,1,4,5,2,12,3,10,3,1,B03,7,10,1,8,1,5,,12,12,1,6,4,120.61641,24.110169,3
5598,66000,387130000C,(04)23274275,(04)23288582,2025,12,12,19,10,臺中市,東區,0,1,0,7,1,6,50,13,9,1,5,4,6,6,4,4,9,4,5,2,13,2,9,2,1,C03,7,9,1,10,2,11,14,7,7,1,12,4,120.699307,24.149796,2
5599,66000,387130000C,(04)23274275,(04)23288582,2025,12,12,19,10,臺中市,南屯區,0,0,0,7,,,50,,,,,,,,,,,,,,12,,,,,B03,,,1,,1,,,26,26,1,13,4,120.649856,24.140109,3
5600,66000,387130000C,(04)23274275,(04)23288582,2025,12,12,19,13,臺中市,大里區,0,0,0,7,1,6,50,13,9,1,5,4,6,6,1,1,10,5,5,2,13,3,10,3,1,B03,7,9,1,8,5,1,,7,7,1,12,4,120.689679,24.112568,3
5601,66000,387130000C,(04)23274275,(04)23288582,2025,12,12,19,14,臺中市,北區,0,0,0,7,,,50,,,,,,,,,,,,,,17,,,,,C03,,,1,,1,,,51,51,1,13,4,120.677303,24.151254,3
5602,66000,387130000C,(04)23274275,(04)23288582,2025,12,12,19,18,臺中市,大里區,0,3,0,7,1,6,40,13,8,1,5,4,6,6,4,4,9,5,4,2,13,2,8,1,1,C03,7,9,1,10,2,11,,59,59,1,12,4,120.68127,24.100138,2
5603,66000,387130000C,(04)23274275,(04)23288582,2025,12,12,19,19,臺中市,南屯區,0,1,0,7,2,6,50,3,2,1,5,4,6,6,1,1,1,4,5,2,12,2,9,2,1,C03,7,7,1,10,2,12,,40,40,1,12,4,120.612958,24.154227,2
5604,66000,387130000C,(04)23274275,(04)23288582,2025,12,12,19,25,臺中市,大雅區,0,0,0,7,,,30,,,,,,,,,,,,,,,,,,,B03,,,1,,1,,,51,51,1,13,4,120.636476,24.235427,3
5605,66000,387130000C,(04)23274275,(04)23288582,2025,12,12,19,26,臺中市,西屯區,0,0,0,7,,,30,,,,,,,,,,,,,,12,,,,,B03,,,1,,1,,,59,59,2,12,4,120.651993,24.157472,3
5606,66000,387130000C,(04)23274275,(04)23288582,2025,12,12,19,27,臺中市,西屯區,0,1,0,7,1,6,50,13,8,1,5,4,6,6,4,4,4,4,4,2,16,3,10,3,1,B03,7,7,1,8,2,2,,40,40,1,12,4,120.61837,24.164288,2
5607,66000,387130000C,(04)23274275,(04)23288582,2025,12,12,19,28,臺中市,西屯區,0,0,0,7,,,50,,,,,,,,,,,,,,17,,,,,B03,,,1,,1,,,51,51,1,12,4,120.643232,24.178529,3
5608,66000,387130000C,(04)23274275,(04)23288582,2025,12,12,19,28,臺中市,沙鹿區,0,1,0,6,1,6,50,4,2,1,5,4,6,6,4,4,8,3,5,1,17,2,9,5,4,C03,7,9,1,10,2,11,,12,12,1,13,4,120.573523,24.225499,2
5609,66000,387130000C,(04)23274275,(04)23288582,2025,12,12,19,31,臺中市,大雅區,0,2,0,7,1,6,50,13,9,1,5,4,6,6,4,4,5,5,5,1,17,2,8,2,1,C01,7,9,1,9,2,11,,84,84,1,12,4,120.650163,24.220991,2
5610,66000,387130000C,(04)23274275,(04)23288582,2025,12,12,19,32,臺中市,東區,0,1,0,7,1,6,50,4,2,1,5,4,6,6,2,1,10,5,5,2,17,2,9,2,1,C03,7,6,1,10,1,12,,2,2,1,12,4,120.687473,24.137027,2
5611,66000,387130000C,(04)23274275,(04)23288582,2025,12,12,19,34,臺中市,太平區,0,2,0,7,2,6,50,4,1,1,5,4,6,6,4,4,10,5,5,2,15,2,9,1,1,C03,7,9,1,10,2,12,,15,15,1,12,4,120.716348,24.133034,2
5612,66000,387130000C,(04)23274275,(04)23288582,2025,12,12,19,34,臺中市,龍井區,0,1,0,7,1,6,50,4,1,1,5,4,6,6,2,1,3,5,5,2,12,2,8,2,1,C03,7,9,1,10,2,11,,7,7,1,6,4,120.592577,24.182928,2
5613,66000,387130000C,(04)23274275,(04)23288582,2025,12,12,19,36,臺中市,潭子區,0,0,0,7,,,40,,,,,,,,,,,,,,14,,,,,B03,,,1,,9,,,49,49,1,12,4,120.706767,24.206886,3
5614,66000,387130000C,(04)23274275,(04)23288582,2025,12,12,19,40,臺中市,北屯區,0,0,0,7,,,,,,,,,,,,,,,,,,,,,,,,,,,,,,119,119,1,,,120.707146,24.197409,3
5615,66000,387130000C,(04)23274275,(04)23288582,2025,12,12,19,42,臺中市,北屯區,0,1,0,7,1,6,50,13,7,1,5,4,6,6,4,4,3,4,4,2,12,3,10,3,1,B03,7,4,1,8,2,2,,84,84,1,6,4,120.699909,24.162496,2
5616,66000,387130000C,(04)23274275,(04)23288582,2025,12,12,19,42,臺中市,西屯區,0,2,0,7,1,6,50,3,2,1,5,4,6,6,1,1,10,4,5,2,13,2,9,1,1,C03,7,9,1,10,2,11,12,7,7,1,12,4,120.657845,24.200744,2
5617,66000,387130000C,(04)23274275,(04)23288582,2025,12,12,19,43,臺中市,清水區,0,1,0,7,1,6,30,3,1,1,5,4,6,6,4,4,5,2,5,1,11,2,9,2,1,C03,7,6,1,10,2,11,,48,48,1,13,4,120.574863,24.282768,2
5618,66000,387130000C,(04)23274275,(04)23288582,2025,12,12,19,46,臺中市,西屯區,0,2,0,7,1,6,50,13,9,1,5,4,6,6,4,4,1,4,5,2,17,2,8,1,1,C03,7,1,1,10,2,11,,51,51,1,12,2,120.645952,24.163538,2
5619,66000,387130000C,(04)23274275,(04)23288582,2025,12,12,19,48,臺中市,北屯區,0,0,0,7,,,50,,,,,,,,,,,,,,13,,,,,B03,,,1,,1,,,59,59,1,12,4,120.684097,24.169519,3
5620,66000,387130000C,(04)23274275,(04)23288582,2025,12,12,19,51,臺中市,梧棲區,0,2,0,7,1,6,50,4,1,1,5,4,6,6,1,1,10,5,5,2,16,2,8,1,1,C03,7,9,1,10,2,12,,7,7,1,12,4,120.544912,24.226871,2
5621,66000,387130000C,(04)23274275,(04)23288582,2025,12,12,19,57,臺中市,西屯區,0,0,0,7,,,40,,,,,,,,,,,,,,13,,,,,B03,,,1,,1,,,7,7,1,12,4,120.653475,24.156112,3
5622,66000,387130000C,(04)23274275,(04)23288582,2025,12,12,20,0,臺中市,沙鹿區,0,0,0,7,,,60,,,,,,,,,,,,,,17,,,,,B03,,,1,,1,,,8,8,1,6,4,120.564449,24.23934,3
5623,66000,387130000C,(04)23274275,(04)23288582,2025,12,12,20,2,臺中市,西區,0,0,0,7,,,50,,,,,,,,,,,,,,,,,,,B03,,,1,,1,,,84,84,1,12,4,120.657526,24.146822,3
5624,66000,387130000C,(04)23274275,(04)23288582,2025,12,12,20,3,臺中市,大里區,0,0,0,7,,,50,,,,,,,,,,,,,,12,,,,,B03,,,1,,2,,,8,8,1,12,4,120.704764,24.107935,3
5625,66000,387130000C,(04)23274275,(04)23288582,2025,12,12,20,4,臺中市,北屯區,0,2,0,7,1,6,50,3,2,1,5,4,6,6,1,1,3,4,5,2,3,3,10,3,1,B03,7,9,1,8,2,1,,21,21,1,13,4,120.700787,24.169128,2
5626,66000,387130000C,(04)23274275,(04)23288582,2025,12,12,20,6,臺中市,后里區,0,0,0,7,,,50,,,,,,,,,,,,,,15,,,,,C03,,,1,,2,,,15,15,1,12,4,120.718572,24.309567,3
5627,66000,387130000C,(04)23274275,(04)23288582,2025,12,12,20,8,臺中市,北屯區,0,1,0,7,1,6,50,4,1,1,5,4,6,6,1,1,10,5,5,2,18,2,9,1,1,C03,7,12,1,10,2,12,,82,82,1,6,4,120.685449,24.173351,2
5628,66000,387130000C,(04)23274275,(04)23288582,2025,12,12,20,10,臺中市,北屯區,0,0,0,7,,,60,,,,,,,,,,,,,,13,,,,,B02,,,1,,1,,,84,84,1,6,4,120.732607,24.160982,3
5629,66000,387130000C,(04)23274275,(04)23288582,2025,12,12,20,11,臺中市,北區,0,0,0,7,,,50,,,,,,,,,,,,,,,,,,,C03,,,1,,2,,,7,7,1,13,4,120.675065,24.161999,3
5630,66000,387130000C,(04)23274275,(04)23288582,2025,12,12,20,13,臺中市,大里區,0,0,0,7,,,50,,,,,,,,,,,,,,,,,,,B03,,,1,,2,,,7,7,1,12,4,120.700124,24.102315,3
5631,66000,387130000C,(04)23274275,(04)23288582,2025,12,12,20,14,臺中市,潭子區,0,0,0,7,,,50,,,,,,,,,,,,,,,,,,,B03,,,1,,2,,,42,42,1,12,4,120.709264,24.210724,3
5632,66000,387130000C,(04)23274275,(04)23288582,2025,12,12,20,23,臺中市,北屯區,0,2,0,7,1,6,50,4,1,1,5,4,6,6,1,1,10,5,5,2,16,2,9,1,1,C03,7,1,1,10,2,13,,51,51,1,12,4,120.722543,24.176029,2
5633,66000,387130000C,(04)23274275,(04)23288582,2025,12,12,20,34,臺中市,西屯區,0,0,0,7,,,50,,,,,,,,,,,,,,13,,,,,C03,,,1,,1,,,7,7,1,13,4,120.645527,24.172403,3
5634,66000,387130000C,(04)23274275,(04)23288582,2025,12,12,20,34,臺中市,烏日區,0,0,0,7,1,6,40,13,9,1,5,4,6,6,4,4,10,5,5,2,20,3,10,3,1,B03,7,1,1,8,2,2,,59,59,1,6,4,120.650284,24.079358,3
5635,66000,387130000C,(04)23274275,(04)23288582,2025,12,12,20,37,臺中市,南屯區,0,1,0,7,1,6,50,13,9,1,5,4,6,6,4,4,5,4,5,2,17,3,10,3,1,B03,7,11,1,8,2,8,,45,45,1,13,4,120.606583,24.138729,2
5636,66000,387130000C,(04)23274275,(04)23288582,2025,12,12,20,45,臺中市,東區,0,0,0,7,,,50,,,,,,,,,,,,,,13,,,,,B03,,,1,,2,,,84,84,1,12,4,120.683556,24.134778,3
5637,66000,387130000C,(04)23274275,(04)23288582,2025,12,12,20,49,臺中市,北區,0,0,0,7,1,9,,18,24,1,5,4,6,6,4,4,10,5,5,2,17,,,,,,,,,,,,,119,119,1,,,120.673575,24.170162,3
5638,66000,387130000C,(04)23274275,(04)23288582,2025,12,12,20,49,臺中市,沙鹿區,0,1,0,6,1,6,50,4,2,1,5,4,6,6,4,4,8,3,5,2,17,2,9,5,4,C03,7,9,1,10,2,11,,15,15,1,13,4,120.568547,24.253064,2
5639,66000,387130000C,(04)23274275,(04)23288582,2025,12,12,20,52,臺中市,大雅區,0,1,0,7,1,6,40,11,8,1,5,4,6,6,4,4,9,4,4,1,12,2,9,2,1,C03,7,9,1,10,2,14,,84,84,1,13,4,120.62757,24.242414,2
5640,66000,387130000C,(04)23274275,(04)23288582,2025,12,12,20,55,臺中市,西區,0,0,0,7,,,50,,,,,,,,,,,,,,,,,,,B01,,,1,4,1,,,84,84,1,13,4,120.661699,24.150845,3
5641,66000,387130000C,(04)23274275,(04)23288582,2025,12,12,21,2,臺中市,沙鹿區,0,0,0,6,,,50,,,,,,,,,,,,,,,,,,,C03,,,1,,1,,,34,34,1,13,4,120.573923,24.227083,3
5642,66000,387130000C,(04)23274275,(04)23288582,2025,12,12,21,3,臺中市,北屯區,0,0,0,7,,,50,,,,,,,,,,,,,,,,,,,B03,,,1,,10,,,85,85,1,13,4,120.722523,24.175855,3
5643,66000,387130000C,(04)23274275,(04)23288582,2025,12,12,21,3,臺中市,沙鹿區,0,0,0,7,,,50,,,,,,,,,,,,,,13,,,,,B03,,,2,,1,,,7,7,1,6,4,120.564349,24.244541,3
5644,66000,387130000C,(04)23274275,(04)23288582,2025,12,12,21,6,臺中市,大里區,0,0,0,7,,,50,,,,,,,,,,,,,,13,,,,,B03,,,1,,1,,,84,84,1,12,4,120.678057,24.097322,3
5645,66000,387130000C,(04)23274275,(04)23288582,2025,12,12,21,10,臺中市,西屯區,0,0,0,7,,,50,,,,,,,,,,,,,,13,,,,,B03,,,1,,1,,,7,7,1,12,4,120.651654,24.165782,3
5646,66000,387130000C,(04)23274275,(04)23288582,2025,12,12,21,14,臺中市,北區,0,1,0,7,1,6,50,3,2,1,5,4,6,6,4,4,10,5,5,2,13,2,9,2,1,C03,7,7,1,10,2,11,,7,7,1,13,4,120.683128,24.162938,2
5647,66000,387130000C,(04)23274275,(04)23288582,2025,12,12,21,24,臺中市,大雅區,0,1,0,7,1,6,50,4,9,1,5,4,6,6,1,1,9,4,5,1,12,2,9,2,1,C03,7,9,1,10,2,11,,6,6,1,13,4,120.628979,24.206226,2
5648,66000,387130000C,(04)23274275,(04)23288582,2025,12,12,21,25,臺中市,后里區,0,0,0,7,,,50,,,,,,,,,,,,,,12,,,,,B03,,,1,,7,,,59,59,2,12,4,120.711927,24.300295,3
5649,66000,387130000C,(04)23274275,(04)23288582,2025,12,12,21,30,臺中市,南區,0,0,0,7,,,50,,,,,,,,,,,,,,17,,,,,B03,,,1,,2,,,84,84,1,13,4,120.654331,24.122531,3
5650,66000,387130000C,(04)23274275,(04)23288582,2025,12,12,21,32,臺中市,南屯區,0,2,0,7,1,6,40,13,8,1,5,4,6,6,4,4,5,5,4,2,12,2,9,1,1,C03,7,9,1,10,2,11,,84,84,1,12,4,120.641153,24.128812,2
5651,66000,387130000C,(04)23274275,(04)23288582,2025,12,12,21,34,臺中市,太平區,0,1,0,7,1,6,50,4,1,1,5,4,6,6,4,4,10,5,5,2,15,3,10,3,1,B03,7,9,1,8,2,8,,12,12,1,13,4,120.717328,24.115012,2
5652,66000,387130000C,(04)23274275,(04)23288582,2025,12,12,21,36,臺中市,大里區,1,0,0,7,1,6,50,11,7,1,5,4,6,6,4,4,5,5,4,1,11,1,9,1,1,C03,7,9,1,10,2,11,,84,84,1,12,4,120.71187,24.093986,1
5653,66000,387130000C,(04)23274275,(04)23288582,2025,12,12,21,39,臺中市,太平區,0,2,0,7,1,6,50,4,1,1,5,4,6,6,1,1,7,5,5,2,13,2,9,1,1,C03,7,12,1,10,2,11,,7,7,1,12,4,120.705378,24.148441,2
5654,66000,387130000C,(04)23274275,(04)23288582,2025,12,12,21,40,臺中市,南區,0,0,0,7,,,50,,,,,,,,,,,,,,,,,,,B03,,,1,,2,,,84,84,1,12,4,120.648522,24.114808,3
5655,66000,387130000C,(04)23274275,(04)23288582,2025,12,12,21,47,臺中市,南屯區,0,0,0,7,,,50,,,,,,,,,,,,,,12,,,,,C03,,,1,,1,,,65,65,1,6,4,120.644532,24.14883,3
5656,66000,387130000C,(04)23274275,(04)23288582,2025,12,12,21,54,臺中市,北區,0,2,0,7,1,6,30,3,1,1,5,4,6,6,4,4,5,5,5,2,17,2,8,1,1,C03,7,6,1,10,2,14,,14,14,1,12,4,120.674549,24.158392,2
5657,66000,387130000C,(04)23274275,(04)23288582,2025,12,12,21,55,臺中市,北區,0,2,0,7,1,6,50,4,2,1,5,4,6,6,1,1,5,4,5,2,13,2,9,5,4,C03,7,9,1,10,2,11,,7,7,1,13,4,120.677943,24.149431,2
5658,66000,387130000C,(04)23274275,(04)23288582,2025,12,12,21,55,臺中市,龍井區,0,1,0,7,1,6,50,4,1,1,5,4,6,6,2,1,5,5,5,2,16,3,10,3,1,B03,7,6,3,19,2,2,1,42,42,1,6,4,120.581398,24.175646,2
5659,66000,387130000C,(04)23274275,(04)23288582,2025,12,12,22,1,臺中市,西屯區,0,1,0,7,1,6,0,4,1,1,5,4,6,6,2,1,10,5,5,2,17,2,9,1,1,C03,7,1,1,10,2,12,,51,51,1,12,4,120.659001,24.176407,2
5660,66000,387130000C,(04)23274275,(04)23288582,2025,12,12,22,2,臺中市,清水區,0,1,0,7,1,6,50,4,1,1,5,4,6,6,1,1,8,4,5,2,13,3,10,3,1,B03,7,10,1,8,2,5,,8,8,1,12,4,120.55932,24.258173,2
5661,66000,387130000C,(04)23274275,(04)23288582,2025,12,12,22,10,臺中市,南區,0,0,0,7,,,50,,,,,,,,,,,,,,17,,,,,,,,,,,,,86,86,1,,,120.661625,24.131801,3
5662,66000,387130000C,(04)23274275,(04)23288582,2025,12,12,22,14,臺中市,東區,0,0,0,7,,,50,,,,,,,,,,,,,,13,,,,,C03,,,1,,1,,,84,84,1,12,4,120.68396,24.134812,3
5663,66000,387130000C,(04)23274275,(04)23288582,2025,12,12,22,15,臺中市,西屯區,0,0,0,7,,,50,,,,,,,,,,,,,,13,,,,,B02,,,1,,2,,,7,7,1,12,4,120.663896,24.172553,3
5664,66000,387130000C,(04)23274275,(04)23288582,2025,12,12,22,22,臺中市,沙鹿區,0,2,0,7,1,6,50,11,11,1,5,4,6,6,4,4,10,5,5,2,26,2,7,1,1,C03,7,9,1,10,2,11,,59,59,1,6,4,120.589522,24.249482,2
5665,66000,387130000C,(04)23274275,(04)23288582,2025,12,12,22,27,臺中市,北區,0,3,0,7,1,6,30,4,2,1,5,4,6,6,4,4,10,5,5,2,17,2,9,2,1,C03,7,9,1,10,2,11,,15,15,1,13,4,120.683701,24.146852,2
5666,66000,387130000C,(04)23274275,(04)23288582,2025,12,12,22,31,臺中市,南區,0,0,0,7,,,50,,,,,,,,,,,,,,17,,,,,C03,,,1,,1,,,50,50,1,12,4,120.653593,24.114055,3
5667,66000,387130000C,(04)23274275,(04)23288582,2025,12,12,22,39,臺中市,西屯區,0,0,0,7,,,30,,,,,,,,,,,,,,14,,,,,B03,,,1,,2,,,49,49,1,12,4,120.65321,24.162492,3
5668,66000,387130000C,(04)23274275,(04)23288582,2025,12,12,22,43,臺中市,西屯區,0,2,0,7,1,6,50,4,1,1,5,4,6,6,1,1,10,5,5,2,15,2,9,2,1,C04,7,9,1,10,2,12,,21,21,1,12,1,120.637995,24.172738,2
5669,66000,387130000C,(04)23274275,(04)23288582,2025,12,12,22,54,臺中市,沙鹿區,0,0,0,6,,,50,,,,,,,,,,,,,,,,,,,B03,,,1,,2,,,15,15,1,13,4,120.580833,24.224046,3
5670,66000,387130000C,(04)23274275,(04)23288582,2025,12,12,22,59,臺中市,太平區,0,0,0,7,,,,,,,,,,,,,,,,,17,,,,,,,,,,,,,86,86,1,,,120.720467,24.15774,3
5671,66000,387130000C,(04)23274275,(04)23288582,2025,12,12,23,5,臺中市,北屯區,0,0,0,7,,,40,,,,,,,,,,,,,,14,,,,,B03,,,1,,2,,,49,49,1,6,4,120.72493,24.173861,3
5672,66000,387130000C,(04)23274275,(04)23288582,2025,12,12,23,17,臺中市,沙鹿區,0,1,0,7,1,6,50,13,9,1,5,4,6,6,4,4,9,5,5,1,13,2,8,1,1,C03,7,9,1,10,2,11,,7,7,1,6,4,120.576236,24.225146,2
5673,66000,387130000C,(04)23274275,(04)23288582,2025,12,12,23,23,臺中市,大肚區,0,1,0,7,1,6,50,11,9,1,5,4,6,6,4,4,4,5,5,2,26,2,9,3,1,B03,7,9,2,19,2,2,,59,59,1,6,4,120.550058,24.156768,2
5674,66000,387130000C,(04)23274275,(04)23288582,2025,12,12,23,27,臺中市,西屯區,0,0,0,7,,,50,,,,,,,,,,,,,,13,,,,,C03,,,1,,1,,,59,59,1,12,4,120.647847,24.196114,3
5675,66000,387130000C,(04)23274275,(04)23288582,2025,12,12,23,28,臺中市,西屯區,0,0,0,7,,,50,,,,,,,,,,,,,,14,,,,,B03,,,1,,1,,,49,49,1,13,4,120.643139,24.172217,3
5676,66000,387130000C,(04)23274275,(04)23288582,2025,12,12,23,32,臺中市,西屯區,0,1,0,7,1,6,50,13,8,1,5,4,6,6,4,4,1,3,1,1,18,2,9,2,4,C03,7,9,1,10,2,14,,59,59,1,12,4,120.624158,24.154746,2
5677,66000,387130000C,(04)23274275,(04)23288582,2025,12,12,23,52,臺中市,豐原區,0,1,0,7,1,6,50,13,7,1,5,4,6,6,1,1,5,4,4,2,13,3,10,3,1,B03,7,9,1,8,2,1,,59,59,1,13,4,120.715332,24.251207,2
5678,66000,387130000C,(04)23274275,(04)23288582,2025,12,13,0,10,臺中市,南區,0,1,0,7,1,6,50,3,1,1,5,4,6,6,1,1,10,5,5,2,13,3,10,5,4,B03,7,9,5,8,2,1,,84,84,1,12,4,120.684064,24.119119,2
5679,66000,387130000C,(04)23274275,(04)23288582,2025,12,13,0,10,臺中市,南區,0,0,0,7,,,,,,,,,,,,,,,,,30,,,,,,,,,,,,,119,119,1,,,120.653289,24.121969,3
5680,66000,387130000C,(04)23274275,(04)23288582,2025,12,13,0,10,臺中市,北屯區,0,1,0,7,1,6,50,4,2,1,5,4,6,6,3,1,5,4,5,2,18,2,8,1,1,C03,7,9,1,10,2,12,,59,59,1,12,4,120.733714,24.176954,2
5681,66000,387130000C,(04)23274275,(04)23288582,2025,12,13,0,28,臺中市,潭子區,0,1,0,7,1,6,40,3,2,1,5,4,6,6,1,1,1,4,4,1,18,2,9,2,1,C03,7,9,1,10,2,12,,7,7,1,12,4,120.702705,24.196719,2
5682,66000,387130000C,(04)23274275,(04)23288582,2025,12,13,0,55,臺中市,北區,0,0,0,7,,,50,,,,,,,,,,,,,,17,,,,,B01,,,1,,1,,,51,51,1,13,4,120.684837,24.167096,3
5683,66000,387130000C,(04)23274275,(04)23288582,2025,12,13,0,57,臺中市,東區,0,1,0,7,1,6,50,4,1,1,5,4,6,6,1,1,10,5,5,2,16,3,10,5,4,B03,7,5,1,8,2,5,,11,11,1,12,4,120.701477,24.140215,2
5684,66000,387130000C,(04)23274275,(04)23288582,2025,12,13,1,0,臺中市,北區,0,0,0,7,,,0,,,,,,,,,,,,,,17,,,,,B03,,,6,,9,,,85,85,1,13,4,120.675303,24.154405,4
5685,66000,387130000C,(04)23274275,(04)23288582,2025,12,13,2,14,臺中市,神岡區,0,3,0,7,1,6,50,13,9,1,4,2,6,6,4,4,9,5,5,1,13,2,9,2,1,C03,7,9,1,10,2,11,,7,7,1,6,4,120.6782,24.260466,2
5686,66000,387130000C,(04)23274275,(04)23288582,2025,12,13,2,43,臺中市,潭子區,0,0,0,7,,,50,,,,,,,,,,,,,,,,,,,B03,,,1,,2,,,21,21,1,13,4,120.703074,24.206114,3
5687,66000,387130000C,(04)23274275,(04)23288582,2025,12,13,4,16,臺中市,北區,0,0,0,7,,,50,,,,,,,,,,,,,,12,,,,,A11,,,1,,2,,,84,84,1,13,4,120.677108,24.152544,3
5688,66000,387130000C,(04)23274275,(04)23288582,2025,12,13,5,50,臺中市,太平區,0,1,0,7,1,6,50,4,1,1,5,4,6,6,1,1,10,5,5,2,15,2,8,6,1,F01,7,9,7,21,2,14,,21,21,1,12,4,120.71777,24.148119,2
5689,66000,387130000C,(04)23274275,(04)23288582,2025,12,13,5,59,臺中市,太平區,0,0,0,7,,,50,,,,,,,,,,,,,,13,,,,,B01,,,1,,2,,,7,7,1,12,4,120.703152,24.14814,3
5690,66000,387130000C,(04)23274275,(04)23288582,2025,12,13,6,4,臺中市,東區,0,0,0,7,,,50,,,,,,,,,,,,,,14,,,,,B12,,,1,,2,,,49,49,1,12,4,120.696692,24.14642,3
5691,66000,387130000C,(04)23274275,(04)23288582,2025,12,13,6,20,臺中市,豐原區,0,1,0,7,1,6,50,13,9,1,5,4,6,6,4,4,5,4,5,1,18,2,9,1,1,C03,7,9,1,10,4,11,,84,84,1,6,4,120.739762,24.24936,2
5692,66000,387130000C,(04)23274275,(04)23288582,2025,12,13,6,24,臺中市,沙鹿區,0,3,0,7,3,6,40,13,8,1,5,4,6,6,2,1,1,4,3,1,13,3,10,3,1,B03,7,9,1,8,2,1,,7,7,1,12,4,120.580758,24.201702,2
5693,66000,387130000C,(04)23274275,(04)23288582,2025,12,13,6,25,臺中市,南屯區,0,0,0,7,3,6,50,13,8,1,5,4,6,6,4,4,1,4,1,2,23,,,,,B03,,,1,,3,,,59,59,1,12,4,120.622349,24.149124,3
5694,66000,387130000C,(04)23274275,(04)23288582,2025,12,13,6,30,臺中市,豐原區,0,1,0,7,1,6,50,13,9,1,5,4,6,6,4,4,5,4,4,2,17,2,9,1,1,C03,7,6,1,10,2,14,,39,39,1,6,4,120.72453,24.247018,2
5695,66000,387130000C,(04)23274275,(04)23288582,2025,12,13,6,33,臺中市,南屯區,0,1,0,7,3,6,50,4,1,1,5,4,6,6,2,1,10,5,5,2,16,3,10,5,4,B03,7,9,1,8,2,1,,21,21,1,6,4,120.62302,24.145124,2
5696,66000,387130000C,(04)23274275,(04)23288582,2025,12,13,6,33,臺中市,霧峰區,0,2,0,7,2,6,50,13,9,1,5,4,6,6,4,4,5,5,5,1,16,2,9,4,1,C03,7,1,1,10,2,11,,51,51,1,12,4,120.682561,24.065296,2
5697,66000,387130000C,(04)23274275,(04)23288582,2025,12,13,6,35,臺中市,豐原區,0,2,0,7,1,6,30,3,1,1,5,4,6,6,4,4,10,5,5,2,17,2,9,1,1,C03,7,9,1,10,2,11,,84,84,1,6,4,120.735337,24.27233,2
5698,66000,387130000C,(04)23274275,(04)23288582,2025,12,13,6,41,臺中市,大里區,0,0,0,7,,,50,,,,,,,,,,,,,,12,,,,,B03,,,1,,2,,,51,51,1,6,4,120.697279,24.090276,3
5699,66000,387130000C,(04)23274275,(04)23288582,2025,12,13,7,6,臺中市,大里區,0,0,0,7,,,60,,,,,,,,,,,,,,,,,,,B03,,,1,,2,,,84,84,1,12,4,120.666833,24.105412,3
5700,66000,387130000C,(04)23274275,(04)23288582,2025,12,13,7,8,臺中市,中區,0,0,0,7,,,50,,,,,,,,,,,,,,9,,,,,B03,,,1,,2,,,84,84,1,13,4,120.683323,24.141484,3