序號,縣市別代碼,機關代碼,市話,傳真,年,月,日,時,分,縣市,區,死亡數量,受傷數量,2-30,天候,道路照明設備,道路類別,道路速限,道路型態,事故位置,路面鋪裝,路面狀態,路面缺陷,障礙物,視距,號誌種類,號誌動作,分向設施,快車道或一般車道間,快慢車道間,路面邊線,事故類型及型態,受傷程度,主要傷處,保護裝備,行動電話或功能裝置,當事者區分(類別),車輛用途,當事者行動狀態,駕照狀態,駕照種類,飲酒情形,車輛撞擊部位最初,車輛撞擊部位其他,肇事因素個別,肇事因素主要,肇事逃逸,職業,共享經濟或外送平台,GPS座標X,GPS座標Y,事故類別
5701,66000,387130000C,(04)23274275,(04)23288582,2025,12,13,7,13,臺中市,太平區,0,1,0,7,2,6,40,13,9,1,5,4,6,6,3,1,5,5,5,2,18,2,9,1,1,C03,7,9,1,10,4,12,,84,84,1,12,4,120.733219,24.130207,2
5702,66000,387130000C,(04)23274275,(04)23288582,2025,12,13,7,21,臺中市,后里區,0,2,0,7,3,6,50,13,9,1,5,4,6,6,4,4,9,4,5,1,3,2,9,1,1,C04,7,9,3,19,1,11,,6,6,1,6,4,120.730762,24.30725,2
5703,66000,387130000C,(04)23274275,(04)23288582,2025,12,13,7,25,臺中市,烏日區,0,0,0,7,,,50,,,,,,,,,,,,,,13,,,,,C03,,,1,,2,,,84,84,1,6,4,120.638707,24.096116,3
5704,66000,387130000C,(04)23274275,(04)23288582,2025,12,13,7,27,臺中市,北區,0,0,0,7,,,50,,,,,,,,,,,,,,17,,,,,B03,,,1,,2,,,40,40,1,13,4,120.677435,24.151548,3
5705,66000,387130000C,(04)23274275,(04)23288582,2025,12,13,7,27,臺中市,大里區,0,0,0,7,,,50,,,,,,,,,,,,,,17,,,,,B03,,,1,,2,,,7,7,1,12,4,120.678181,24.103988,3
5706,66000,387130000C,(04)23274275,(04)23288582,2025,12,13,7,30,臺中市,太平區,0,2,0,7,3,6,50,3,2,1,5,4,6,6,4,4,5,5,4,1,16,2,9,1,1,C03,7,1,3,19,2,13,,51,51,1,12,4,120.726617,24.149892,2
5707,66000,387130000C,(04)23274275,(04)23288582,2025,12,13,7,36,臺中市,東區,0,0,0,7,,,50,,,,,,,,,,,,,,,,,,,A11,,,1,,2,,,35,35,1,13,4,120.70608,24.12976,3
5708,66000,387130000C,(04)23274275,(04)23288582,2025,12,13,7,39,臺中市,北屯區,0,0,0,7,,,50,,,,,,,,,,,,,,,,,,,F03,,,1,,1,,,12,12,1,6,4,120.673394,24.181439,3
5709,66000,387130000C,(04)23274275,(04)23288582,2025,12,13,7,47,臺中市,東區,0,0,0,7,,,50,,,,,,,,,,,,,,,,,,,B03,,,1,,1,,,51,51,1,6,4,120.68753,24.137019,4
5710,66000,387130000C,(04)23274275,(04)23288582,2025,12,13,7,50,臺中市,后里區,0,0,0,7,2,6,30,13,9,1,5,4,6,6,4,4,10,5,5,2,14,3,10,3,1,B03,7,2,1,8,1,3,,49,49,1,6,4,120.693438,24.314546,3
5711,66000,387130000C,(04)23274275,(04)23288582,2025,12,13,7,53,臺中市,烏日區,0,0,0,7,,,50,,,,,,,,,,,,,,16,,,,,B03,,,1,,1,,,25,25,1,12,4,120.615814,24.11615,3
5712,66000,387130000C,(04)23274275,(04)23288582,2025,12,13,7,54,臺中市,北區,0,1,0,7,2,6,50,4,1,1,5,4,6,6,2,1,10,5,5,2,12,3,10,1,1,C03,7,5,1,10,2,12,,84,84,1,13,4,120.694326,24.155623,2
5713,66000,387130000C,(04)23274275,(04)23288582,2025,12,13,7,55,臺中市,豐原區,0,0,0,7,,,50,,,,,,,,,,,,,,11,,,,,B03,,,1,,1,,,39,39,1,12,4,120.716075,24.245648,3
5714,66000,387130000C,(04)23274275,(04)23288582,2025,12,13,8,2,臺中市,北屯區,0,1,0,7,2,6,60,3,2,1,5,4,6,6,2,1,1,4,1,2,13,2,4,2,1,C01,7,9,1,10,2,11,,59,59,1,5,4,120.723091,24.162035,2
5715,66000,387130000C,(04)23274275,(04)23288582,2025,12,13,8,2,臺中市,北屯區,0,1,0,7,2,6,50,4,1,1,5,4,6,6,2,1,5,2,4,2,15,2,9,2,1,C04,7,9,1,11,2,11,,85,85,1,12,4,120.678144,24.187028,2
5716,66000,387130000C,(04)23274275,(04)23288582,2025,12,13,8,3,臺中市,東勢區,0,0,0,7,,,40,,,,,,,,,,,,,,,,,,,F01,,,7,,2,,,84,84,1,12,4,120.838309,24.214051,3
5717,66000,387130000C,(04)23274275,(04)23288582,2025,12,13,8,5,臺中市,太平區,0,1,0,7,2,6,50,3,4,1,5,4,6,6,1,1,5,4,5,1,13,3,10,3,1,B03,7,9,1,8,2,5,,84,84,1,12,4,120.71242,24.13382,2
5718,66000,387130000C,(04)23274275,(04)23288582,2025,12,13,8,11,臺中市,豐原區,0,1,0,7,3,6,30,13,9,1,5,4,6,6,4,4,10,5,5,1,18,2,9,1,4,F03,7,9,7,21,2,14,,84,84,1,12,4,120.721885,24.23251,2
5719,66000,387130000C,(04)23274275,(04)23288582,2025,12,13,8,16,臺中市,大里區,0,1,0,7,2,6,50,4,2,1,5,4,6,6,1,1,10,5,5,1,16,3,10,1,1,C03,7,5,1,10,2,13,,84,84,1,12,4,120.681934,24.102512,2
5720,66000,387130000C,(04)23274275,(04)23288582,2025,12,13,8,20,臺中市,北區,0,1,0,7,3,6,50,4,1,1,5,4,6,6,1,1,10,5,5,2,15,3,10,3,1,B03,7,9,1,8,2,5,,21,21,1,12,4,120.676014,24.14813,2
5721,66000,387130000C,(04)23274275,(04)23288582,2025,12,13,8,20,臺中市,霧峰區,0,0,0,6,,,30,,,,,,,,,,,,,,17,,,,,B03,,,1,,2,,,8,8,1,13,4,120.666552,24.037758,3
5722,66000,387130000C,(04)23274275,(04)23288582,2025,12,13,8,23,臺中市,中區,0,0,0,7,,,50,,,,,,,,,,,,,,17,,,,,B03,,,1,,2,,,50,50,1,13,4,120.679583,24.144203,3
5723,66000,387130000C,(04)23274275,(04)23288582,2025,12,13,8,30,臺中市,沙鹿區,0,0,0,7,,,30,,,,,,,,,,,,,,30,,,,,C03,,,1,,9,,,85,85,1,6,4,120.558062,24.237326,3
5724,66000,387130000C,(04)23274275,(04)23288582,2025,12,13,8,30,臺中市,豐原區,0,1,0,7,1,6,50,3,1,1,5,4,6,6,1,1,5,4,5,2,17,2,9,1,1,C03,7,9,1,10,2,11,,84,84,1,6,4,120.727957,24.244792,2
5725,66000,387130000C,(04)23274275,(04)23288582,2025,12,13,8,32,臺中市,大里區,0,1,0,7,2,6,50,3,1,1,5,4,6,6,4,4,10,5,5,2,13,3,10,2,1,C03,7,9,1,10,2,11,,84,84,1,6,2,120.700814,24.088798,2
5726,66000,387130000C,(04)23274275,(04)23288582,2025,12,13,8,40,臺中市,清水區,0,1,0,7,3,6,40,13,8,1,5,4,6,6,4,4,1,4,4,1,13,2,9,2,1,C03,7,9,1,10,2,11,,7,7,1,12,4,120.586594,24.289907,2
5727,66000,387130000C,(04)23274275,(04)23288582,2025,12,13,8,43,臺中市,北屯區,0,1,0,7,2,6,50,3,1,1,4,4,6,6,4,4,10,5,5,2,18,2,9,1,1,C03,7,9,1,10,2,12,,85,85,1,13,4,120.674725,24.182217,2
5728,66000,387130000C,(04)23274275,(04)23288582,2025,12,13,8,46,臺中市,龍井區,0,1,0,7,2,6,50,3,1,1,5,4,6,6,4,4,5,5,5,1,10,2,8,1,1,C03,7,4,1,10,2,11,,43,43,1,6,4,120.556481,24.201117,2
5729,66000,387130000C,(04)23274275,(04)23288582,2025,12,13,8,46,臺中市,豐原區,0,1,0,7,2,6,50,4,2,1,5,4,6,6,1,1,1,4,5,1,13,2,9,5,4,C03,7,9,1,10,2,11,,84,84,1,12,4,120.709293,24.248951,2
5730,66000,387130000C,(04)23274275,(04)23288582,2025,12,13,8,49,臺中市,北屯區,0,2,0,7,2,6,50,4,1,1,5,4,6,6,4,4,10,5,5,2,16,2,9,2,1,C03,7,6,1,10,2,11,,14,14,1,12,4,120.722543,24.176029,2
5731,66000,387130000C,(04)23274275,(04)23288582,2025,12,13,8,50,臺中市,潭子區,0,2,0,7,3,6,40,13,9,1,5,4,6,6,4,4,9,5,5,1,17,2,8,2,1,C03,7,12,1,10,2,14,,72,72,1,13,4,120.699133,24.205958,2
5732,66000,387130000C,(04)23274275,(04)23288582,2025,12,13,8,51,臺中市,西區,0,0,0,7,,,50,,,,,,,,,,,,,,,,,,,C03,,,1,,1,,,7,7,1,12,4,120.657153,24.153865,3
5733,66000,387130000C,(04)23274275,(04)23288582,2025,12,13,8,55,臺中市,豐原區,0,0,0,7,,,30,,,,,,,,,,,,,,19,,,,,B03,,,1,,2,,,84,84,1,12,4,120.701557,24.226839,3
5734,66000,387130000C,(04)23274275,(04)23288582,2025,12,13,8,56,臺中市,西屯區,0,1,0,7,2,6,50,4,9,1,5,4,6,6,1,1,5,5,5,2,13,2,9,5,4,F01,7,9,7,21,2,12,,7,7,1,12,4,120.656121,24.165482,2
5735,66000,387130000C,(04)23274275,(04)23288582,2025,12,13,9,0,臺中市,北區,0,0,0,7,,,50,,,,,,,,,,,,,,17,,,,,B03,,,1,,2,,,84,84,1,13,4,120.686481,24.147541,3
5736,66000,387130000C,(04)23274275,(04)23288582,2025,12,13,9,0,臺中市,烏日區,0,0,0,7,,,50,,,,,,,,,,,,,,13,,,,,B03,,,1,,1,,,7,7,1,6,4,120.618541,24.103611,3
5737,66000,387130000C,(04)23274275,(04)23288582,2025,12,13,9,5,臺中市,清水區,0,0,0,7,,,50,,,,,,,,,,,,,,,,,,,B03,,,1,,1,,,8,8,1,12,4,120.563892,24.30128,3
5738,66000,387130000C,(04)23274275,(04)23288582,2025,12,13,9,12,臺中市,西區,0,1,0,7,2,6,50,4,2,1,5,4,6,6,4,4,5,5,5,1,17,3,10,2,1,C03,7,9,1,10,2,14,,84,84,1,13,4,120.658776,24.147876,2
5739,66000,387130000C,(04)23274275,(04)23288582,2025,12,13,9,16,臺中市,北區,0,0,0,7,,,50,,,,,,,,,,,,,,17,,,,,B03,,,1,,1,,,35,35,1,12,4,120.686286,24.154828,3
5740,66000,387130000C,(04)23274275,(04)23288582,2025,12,13,9,17,臺中市,南屯區,0,0,0,7,,,50,,,,,,,,,,,,,,17,,,,,B03,,,1,,1,,,45,45,1,12,4,120.643901,24.138738,4
5741,66000,387130000C,(04)23274275,(04)23288582,2025,12,13,9,17,臺中市,北屯區,0,0,0,7,,,50,,,,,,,,,,,,,,12,,,,,B03,,,1,,1,,,59,59,1,6,4,120.730408,24.176949,3
5742,66000,387130000C,(04)23274275,(04)23288582,2025,12,13,9,19,臺中市,烏日區,0,0,0,7,,3,80,,,,,,,,,,,,,,12,,,,,B03,,,1,,1,,,84,84,1,6,4,120.611078,24.100333,3
5743,66000,387130000C,(04)23274275,(04)23288582,2025,12,13,9,20,臺中市,大雅區,0,0,0,7,,,60,,,,,,,,,,,,,,,,,,,B03,,,1,,2,,,20,20,1,13,4,120.649454,24.213627,3
5744,66000,387130000C,(04)23274275,(04)23288582,2025,12,13,9,20,臺中市,北區,0,0,0,7,,,50,,,,,,,,,,,,,,17,,,,,B03,,,1,,2,,,8,8,1,13,4,120.698551,24.156852,3
5745,66000,387130000C,(04)23274275,(04)23288582,2025,12,13,9,20,臺中市,豐原區,0,1,0,7,1,6,50,3,2,1,5,4,6,6,1,1,5,4,4,2,17,3,10,3,1,B03,7,9,1,8,2,5,,7,7,1,6,4,120.716537,24.238952,2
5746,66000,387130000C,(04)23274275,(04)23288582,2025,12,13,9,37,臺中市,西區,0,2,0,7,2,6,50,4,1,1,5,4,6,6,1,1,10,5,5,2,13,3,10,5,4,C03,7,9,1,10,2,11,,7,7,1,13,4,120.677215,24.14021,2
5747,66000,387130000C,(04)23274275,(04)23288582,2025,12,13,9,37,臺中市,烏日區,0,0,0,7,,,30,,,,,,,,,,,,,,14,,,,,B03,,,1,,9,,,49,49,2,6,4,120.616378,24.113584,3
5748,66000,387130000C,(04)23274275,(04)23288582,2025,12,13,9,45,臺中市,南區,0,0,0,7,,,50,,,,,,,,,,,,,,18,,,,,C03,,,1,,2,,,84,84,1,6,4,120.680021,24.12562,4
5749,66000,387130000C,(04)23274275,(04)23288582,2025,12,13,9,45,臺中市,大甲區,0,0,0,7,,,50,,,,,,,,,,,,,,16,,,,,C03,,,1,,1,,,14,14,1,6,4,120.623468,24.346609,3
5750,66000,387130000C,(04)23274275,(04)23288582,2025,12,13,9,48,臺中市,大里區,0,0,0,7,,,50,,,,,,,,,,,,,,17,,,,,C03,,,1,,1,,,84,84,1,12,4,120.680997,24.104899,3
5751,66000,387130000C,(04)23274275,(04)23288582,2025,12,13,9,48,臺中市,太平區,0,0,0,6,,,50,,,,,,,,,,,,,,,,,,,B03,,,1,,2,,,47,47,1,12,4,120.718388,24.11655,3
5752,66000,387130000C,(04)23274275,(04)23288582,2025,12,13,9,52,臺中市,大里區,0,1,0,7,2,6,60,3,1,1,5,4,6,6,1,1,10,5,5,1,16,3,10,3,1,B03,7,5,1,8,2,5,,47,47,1,12,4,120.676175,24.08583,2
5753,66000,387130000C,(04)23274275,(04)23288582,2025,12,13,9,54,臺中市,大肚區,0,0,0,7,,,50,,,,,,,,,,,,,,,,,,,B03,,,1,,2,,,59,59,1,6,4,120.553524,24.134527,3
5754,66000,387130000C,(04)23274275,(04)23288582,2025,12,13,9,57,臺中市,北區,0,0,0,7,,,50,,,,,,,,,,,,,,13,,,,,B03,,,1,,2,,,84,84,1,13,4,120.685849,24.163198,3
5755,66000,387130000C,(04)23274275,(04)23288582,2025,12,13,9,59,臺中市,大雅區,0,2,0,7,2,6,30,4,1,1,5,4,6,6,4,4,10,5,5,1,15,2,1,3,1,A12,7,9,1,7,2,1,,20,20,1,13,4,120.670386,24.243839,2
5756,66000,387130000C,(04)23274275,(04)23288582,2025,12,13,10,0,臺中市,霧峰區,0,2,0,7,2,6,30,3,1,1,5,4,6,6,4,4,5,5,5,2,17,2,9,2,1,C03,7,5,1,10,2,11,,14,14,1,13,2,120.688579,24.056166,2
5757,66000,387130000C,(04)23274275,(04)23288582,2025,12,13,10,1,臺中市,北屯區,0,1,0,7,2,6,50,3,2,1,5,4,6,6,4,4,5,5,5,2,17,2,9,2,1,C03,7,9,1,10,2,11,,82,82,1,12,4,120.685167,24.180209,2
5758,66000,387130000C,(04)23274275,(04)23288582,2025,12,13,10,1,臺中市,豐原區,0,2,0,7,2,6,50,3,1,1,5,4,6,6,4,4,5,5,4,2,17,2,9,2,1,C03,7,11,1,10,2,11,,45,45,1,12,4,120.716142,24.251601,2
5759,66000,387130000C,(04)23274275,(04)23288582,2025,12,13,10,4,臺中市,大肚區,0,1,0,7,2,6,50,5,1,1,5,4,6,6,3,1,10,5,5,2,16,3,10,3,1,B03,7,6,1,8,2,4,,48,48,1,6,4,120.574994,24.172045,2
5760,66000,387130000C,(04)23274275,(04)23288582,2025,12,13,10,7,臺中市,西屯區,0,2,0,7,2,6,50,3,9,1,5,4,6,6,3,1,4,5,5,2,13,2,9,5,4,C03,7,9,1,10,2,11,,7,7,1,13,4,120.657965,24.167361,2
5761,66000,387130000C,(04)23274275,(04)23288582,2025,12,13,10,10,臺中市,北區,0,1,0,7,3,6,50,13,9,1,5,4,6,6,1,1,5,4,5,2,18,2,9,1,1,C03,7,9,1,10,2,14,,84,84,1,12,4,120.675252,24.146294,2
5762,66000,387130000C,(04)23274275,(04)23288582,2025,12,13,10,10,臺中市,東區,0,0,0,7,1,6,50,3,1,1,5,4,6,6,1,1,10,4,5,2,17,3,10,3,1,B03,7,9,1,8,1,5,,84,84,1,12,4,120.691144,24.132007,3
5763,66000,387130000C,(04)23274275,(04)23288582,2025,12,13,10,12,臺中市,南屯區,0,0,0,7,,,50,,,,,,,,,,,,,,13,,,,,B03,,,1,,1,,,56,56,1,12,4,120.628485,24.128676,3
5764,66000,387130000C,(04)23274275,(04)23288582,2025,12,13,10,12,臺中市,沙鹿區,0,1,0,7,3,6,40,3,1,1,5,4,6,6,4,4,4,4,4,2,12,2,9,2,1,C03,7,1,1,10,2,14,,51,51,1,12,4,120.559823,24.238738,2
5765,66000,387130000C,(04)23274275,(04)23288582,2025,12,13,10,16,臺中市,南區,0,0,0,7,,,50,,,,,,,,,,,,,,,,,,,B03,,,1,,1,,,40,40,1,6,4,120.650372,24.111683,3
5766,66000,387130000C,(04)23274275,(04)23288582,2025,12,13,10,20,臺中市,大雅區,0,0,0,7,,,60,,,,,,,,,,,,,,,,,,,B03,,,1,,1,,,7,7,1,13,4,120.646582,24.222703,3
5767,66000,387130000C,(04)23274275,(04)23288582,2025,12,13,10,22,臺中市,北區,0,0,0,7,,,50,,,,,,,,,,,,,,13,,,,,B03,,,1,,1,,,84,84,1,12,4,120.672653,24.155917,3
5768,66000,387130000C,(04)23274275,(04)23288582,2025,12,13,10,25,臺中市,北屯區,0,0,0,7,,,50,,,,,,,,,,,,,,14,,,,,B03,,,1,,2,,,49,49,1,12,4,120.695302,24.161267,3
5769,66000,387130000C,(04)23274275,(04)23288582,2025,12,13,10,28,臺中市,霧峰區,0,2,0,7,2,6,50,3,1,1,5,4,6,6,1,1,10,5,5,2,13,2,7,2,1,C03,7,9,1,10,2,11,,84,84,1,6,4,120.697433,24.064841,2
5770,66000,387130000C,(04)23274275,(04)23288582,2025,12,13,10,31,臺中市,北屯區,0,2,0,7,2,6,30,3,1,1,5,4,6,6,4,4,10,5,5,2,16,3,10,1,1,C03,7,6,1,10,2,11,,12,12,1,13,4,120.684422,24.170221,2
5771,66000,387130000C,(04)23274275,(04)23288582,2025,12,13,10,31,臺中市,北屯區,0,1,0,7,2,6,50,13,9,1,5,4,6,6,4,4,9,5,5,2,16,3,10,3,1,B03,7,11,1,8,2,7,,84,84,1,12,4,120.681705,24.193559,2
5772,66000,387130000C,(04)23274275,(04)23288582,2025,12,13,10,32,臺中市,后里區,0,0,0,7,,6,40,13,7,1,5,4,6,6,1,1,9,4,4,2,12,3,10,1,1,C03,7,9,1,10,2,14,,8,8,1,6,4,120.71311,24.305421,3
5773,66000,387130000C,(04)23274275,(04)23288582,2025,12,13,10,33,臺中市,太平區,0,1,0,7,2,6,50,4,1,1,5,4,6,6,4,4,10,5,5,2,17,2,9,1,1,F02,7,1,7,21,2,11,,51,51,1,13,4,120.723538,24.15567,2
5774,66000,387130000C,(04)23274275,(04)23288582,2025,12,13,10,33,臺中市,和平區,0,0,0,7,,,25,,,,,,,,,,,,,,11,,,,,A04,,,1,,2,,,41,41,1,12,4,120.913167,24.243482,3
5775,66000,387130000C,(04)23274275,(04)23288582,2025,12,13,10,41,臺中市,西屯區,0,0,0,7,,,50,,,,,,,,,,,,,,12,,,,,B03,,,1,,1,,,42,42,1,12,4,120.637125,24.16838,3
5776,66000,387130000C,(04)23274275,(04)23288582,2025,12,13,10,46,臺中市,南屯區,0,0,0,7,,,30,,,,,,,,,,,,,,17,,,,,B03,,,1,,1,,,20,20,1,12,4,120.611292,24.137424,4
5777,66000,387130000C,(04)23274275,(04)23288582,2025,12,13,10,46,臺中市,大里區,0,0,0,7,,,50,,,,,,,,,,,,,,17,,,,,B03,,,1,,2,,,7,7,1,12,4,120.694631,24.110639,3
5778,66000,387130000C,(04)23274275,(04)23288582,2025,12,13,10,47,臺中市,潭子區,0,0,0,7,,,60,,,,,,,,,,,,,,,,,,,C03,,,1,,2,,,7,7,1,13,4,120.703533,24.200679,3
5779,66000,387130000C,(04)23274275,(04)23288582,2025,12,13,10,48,臺中市,南屯區,0,1,0,7,2,6,50,4,1,1,5,4,6,6,1,1,10,5,5,2,11,3,10,3,1,B03,7,6,1,8,2,5,,11,11,1,12,4,120.643783,24.1488,2
5780,66000,387130000C,(04)23274275,(04)23288582,2025,12,13,10,48,臺中市,西屯區,0,2,0,7,2,6,50,13,9,1,5,4,6,6,1,1,1,4,5,2,17,2,9,5,4,C03,7,9,3,19,2,11,,7,7,1,12,4,120.659394,24.193392,2
5781,66000,387130000C,(04)23274275,(04)23288582,2025,12,13,10,48,臺中市,太平區,0,0,0,7,,,30,,,,,,,,,,,,,,,,,,,B03,,,1,,2,,,58,58,1,12,4,120.706901,24.155816,3
5782,66000,387130000C,(04)23274275,(04)23288582,2025,12,13,10,51,臺中市,大里區,0,1,0,7,2,6,30,4,1,1,5,4,6,6,4,4,10,5,5,1,15,2,9,1,1,C03,7,9,1,10,2,14,,12,12,1,12,4,120.689799,24.10287,2
5783,66000,387130000C,(04)23274275,(04)23288582,2025,12,13,10,52,臺中市,烏日區,0,0,0,7,,,50,,,,,,,,,,,,,,14,,,,,B03,,,1,,1,,,49,49,1,6,4,120.626561,24.105097,3
5784,66000,387130000C,(04)23274275,(04)23288582,2025,12,13,10,53,臺中市,北屯區,0,1,0,7,2,6,50,13,9,1,5,4,6,6,4,4,9,5,5,2,12,3,10,3,1,B03,7,1,1,6,2,8,,51,51,1,6,4,120.689236,24.170472,2
5785,66000,387130000C,(04)23274275,(04)23288582,2025,12,13,11,0,臺中市,南屯區,0,1,0,7,2,6,60,4,2,1,5,4,6,6,2,1,5,4,5,2,17,3,10,3,1,B12,7,7,1,8,5,7,,40,40,1,12,4,120.648708,24.146773,2
5786,66000,387130000C,(04)23274275,(04)23288582,2025,12,13,11,0,臺中市,北屯區,0,0,0,7,,,50,,,,,,,,,,,,,,,,,,,B03,,,1,,1,,,51,51,1,12,4,120.694978,24.165714,3
5787,66000,387130000C,(04)23274275,(04)23288582,2025,12,13,11,0,臺中市,大甲區,0,0,0,7,,,50,,,,,,,,,,,,,,,,,,,B03,,,1,,2,,,7,7,1,6,4,120.622837,24.352959,3
5788,66000,387130000C,(04)23274275,(04)23288582,2025,12,13,11,8,臺中市,東區,0,0,0,7,,,50,,,,,,,,,,,,,,,,,,,A41,,,1,,1,,,8,8,1,13,5,120.686106,24.143232,3
5789,66000,387130000C,(04)23274275,(04)23288582,2025,12,13,11,9,臺中市,西屯區,0,1,0,7,2,6,50,4,1,1,5,4,6,6,2,1,10,5,5,2,16,3,10,5,4,B03,7,11,1,8,2,1,,45,45,1,13,4,120.633953,24.159471,2
5790,66000,387130000C,(04)23274275,(04)23288582,2025,12,13,11,11,臺中市,后里區,0,0,0,7,,,50,,,,,,,,,,,,,,11,,,,,B12,,,1,,1,,,8,8,1,6,4,120.722539,24.324176,3
5791,66000,387130000C,(04)23274275,(04)23288582,2025,12,13,11,12,臺中市,南屯區,0,0,0,7,,3,40,,,,,,,,,,,,,,13,,,,,B03,,,1,,2,,,84,84,1,12,4,120.62337,24.146329,3
5792,66000,387130000C,(04)23274275,(04)23288582,2025,12,13,11,13,臺中市,東區,0,0,0,7,,,50,,,,,,,,,,,,,,,,,,,B03,,,1,,1,,,84,84,1,13,4,120.69914,24.138875,3
5793,66000,387130000C,(04)23274275,(04)23288582,2025,12,13,11,18,臺中市,西區,0,1,0,7,2,6,50,4,2,1,5,4,6,6,1,1,5,5,5,2,17,2,9,2,1,C03,7,11,1,10,2,11,,34,34,1,13,4,120.660431,24.145532,2
5794,66000,387130000C,(04)23274275,(04)23288582,2025,12,13,11,18,臺中市,北屯區,0,1,0,7,2,6,50,4,1,1,5,4,6,6,1,1,10,5,5,2,16,3,10,3,1,B03,7,6,1,8,2,5,,85,85,1,6,4,120.688322,24.177163,2
5795,66000,387130000C,(04)23274275,(04)23288582,2025,12,13,11,22,臺中市,南區,0,1,0,7,2,6,50,13,7,1,5,4,6,6,4,4,5,4,4,2,13,2,8,2,1,C03,7,9,1,10,2,11,,57,57,1,6,4,120.679754,24.130328,2
5796,66000,387130000C,(04)23274275,(04)23288582,2025,12,13,11,22,臺中市,大里區,0,1,0,7,2,6,50,13,9,1,5,4,6,6,4,4,1,5,5,1,17,3,10,1,1,C03,7,9,1,10,2,11,,7,7,1,12,4,120.696407,24.110382,2
5797,66000,387130000C,(04)23274275,(04)23288582,2025,12,13,11,24,臺中市,大安區,0,0,0,7,,,50,,,,,,,,,,,,,,12,,,,,B03,,,1,,2,,,52,52,1,6,4,120.585618,24.347274,3
5798,66000,387130000C,(04)23274275,(04)23288582,2025,12,13,11,25,臺中市,北屯區,0,0,0,7,,,50,,,,,,,,,,,,,,14,,,,,B03,,,1,,2,,,49,49,1,12,4,120.700276,24.184105,3
5799,66000,387130000C,(04)23274275,(04)23288582,2025,12,13,11,25,臺中市,霧峰區,0,1,0,7,2,6,50,13,7,1,5,4,6,6,4,4,5,4,4,2,17,3,10,2,1,C03,7,15,1,10,2,12,,39,39,1,6,4,120.699229,24.069044,2
5800,66000,387130000C,(04)23274275,(04)23288582,2025,12,13,11,27,臺中市,大里區,0,0,0,7,,,30,,,,,,,,,,,,,,,,,,,B03,,,1,,2,,,50,50,1,12,4,120.693224,24.09047,3
5801,66000,387130000C,(04)23274275,(04)23288582,2025,12,13,11,30,臺中市,梧棲區,0,1,0,7,2,6,50,3,1,1,5,4,6,6,4,4,10,5,5,1,16,2,9,2,1,C03,7,6,1,10,2,11,,14,14,1,6,4,120.53742,24.24498,2
5802,66000,387130000C,(04)23274275,(04)23288582,2025,12,13,11,34,臺中市,霧峰區,0,1,0,7,2,6,50,4,2,1,5,4,6,6,4,4,4,3,4,1,17,2,9,1,1,C03,7,6,1,10,2,11,,11,11,1,6,4,120.699457,24.071053,2
5803,66000,387130000C,(04)23274275,(04)23288582,2025,12,13,11,36,臺中市,西屯區,0,0,0,7,,,50,,,,,,,,,,,,,,14,,,,,C03,,,1,,1,,,49,49,1,12,4,120.66788,24.178172,3
5804,66000,387130000C,(04)23274275,(04)23288582,2025,12,13,11,37,臺中市,潭子區,0,0,0,7,,,50,,,,,,,,,,,,,,,,,,,B03,,,1,,2,,,85,85,1,12,4,120.706588,24.20479,3
5805,66000,387130000C,(04)23274275,(04)23288582,2025,12,13,11,37,臺中市,石岡區,0,2,0,7,2,6,50,3,1,1,5,4,6,6,4,4,10,5,5,2,12,3,10,5,4,B01,7,9,1,4,9,15,,85,85,2,12,4,120.779419,24.267063,2
5806,66000,387130000C,(04)23274275,(04)23288582,2025,12,13,11,38,臺中市,霧峰區,0,2,0,7,2,6,60,4,1,1,5,4,6,6,4,4,10,5,5,2,17,3,10,3,1,B03,7,6,1,8,2,6,,84,84,1,6,4,120.696121,24.067195,2
5807,66000,387130000C,(04)23274275,(04)23288582,2025,12,13,11,38,臺中市,霧峰區,0,0,0,7,,,30,,,,,,,,,,,,,,17,,,,,C03,,,1,,1,,,7,7,1,6,4,120.674944,24.073981,3
5808,66000,387130000C,(04)23274275,(04)23288582,2025,12,13,11,40,臺中市,沙鹿區,0,1,0,7,3,6,30,13,9,1,5,4,6,1,4,4,10,5,5,2,17,3,10,3,1,B03,7,1,1,8,2,1,,51,51,1,6,4,120.55328,24.22338,2
5809,66000,387130000C,(04)23274275,(04)23288582,2025,12,13,11,41,臺中市,西區,0,0,0,7,,,50,,,,,,,,,,,,,,,,,,,C03,,,1,,1,,,84,84,1,12,4,120.661574,24.155851,3
5810,66000,387130000C,(04)23274275,(04)23288582,2025,12,13,11,45,臺中市,沙鹿區,0,1,0,7,2,6,30,13,9,1,5,4,6,6,4,4,10,5,5,2,18,2,9,4,1,F01,7,9,7,21,2,14,,59,59,1,12,1,120.564834,24.240069,2
5811,66000,387130000C,(04)23274275,(04)23288582,2025,12,13,11,46,臺中市,后里區,0,1,0,6,3,6,50,13,11,1,5,4,6,6,4,4,9,2,4,1,18,2,7,1,1,C03,7,9,1,10,2,12,,59,59,1,12,4,120.722798,24.283947,2
5812,66000,387130000C,(04)23274275,(04)23288582,2025,12,13,11,50,臺中市,東區,0,1,0,7,1,6,50,3,1,1,5,4,6,6,4,4,10,5,5,2,17,2,9,1,1,C03,7,8,1,10,2,14,,12,12,1,12,4,120.698037,24.140253,2