序號,縣市別代碼,機關代碼,市話,傳真,年,月,日,時,分,縣市,區,死亡數量,受傷數量,2-30,天候,道路照明設備,道路類別,道路速限,道路型態,事故位置,路面鋪裝,路面狀態,路面缺陷,障礙物,視距,號誌種類,號誌動作,分向設施,快車道或一般車道間,快慢車道間,路面邊線,事故類型及型態,受傷程度,主要傷處,保護裝備,行動電話或功能裝置,當事者區分(類別),車輛用途,當事者行動狀態,駕照狀態,駕照種類,飲酒情形,車輛撞擊部位最初,車輛撞擊部位其他,肇事因素個別,肇事因素主要,肇事逃逸,職業,共享經濟或外送平台,GPS座標X,GPS座標Y,事故類別
5813,66000,387130000C,(04)23274275,(04)23288582,2025,12,13,11,50,臺中市,北屯區,0,0,0,7,,3,80,,,,,,,,,,,,,,12,,,,,A31,,,1,,2,,,40,40,1,12,4,120.722479,24.187256,3
5814,66000,387130000C,(04)23274275,(04)23288582,2025,12,13,11,51,臺中市,南區,0,0,0,7,,,50,,,,,,,,,,,,,,,,,,,B03,,,1,,2,,,7,7,1,6,4,120.679099,24.126956,3
5815,66000,387130000C,(04)23274275,(04)23288582,2025,12,13,11,51,臺中市,大里區,0,0,0,7,,,30,,,,,,,,,,,,,,,,,,,B03,,,1,,2,,,77,77,1,12,4,120.687233,24.103467,3
5816,66000,387130000C,(04)23274275,(04)23288582,2025,12,13,11,51,臺中市,大里區,0,2,0,7,2,6,50,3,1,1,5,4,6,6,1,1,10,5,5,2,17,2,9,1,1,F01,7,6,7,21,2,14,,84,84,1,12,4,120.679488,24.099719,2
5817,66000,387130000C,(04)23274275,(04)23288582,2025,12,13,11,57,臺中市,北區,0,1,0,7,2,6,50,3,1,1,5,4,6,6,4,4,10,5,5,2,17,3,10,3,1,B03,7,9,1,8,2,5,,59,59,1,12,4,120.693773,24.161505,2
5818,66000,387130000C,(04)23274275,(04)23288582,2025,12,13,11,58,臺中市,北屯區,0,0,0,7,,3,80,,,,,,,,,,,,,,13,,,,,A12,,,1,,1,,,88,88,1,6,4,120.720518,24.169963,3
5819,66000,387130000C,(04)23274275,(04)23288582,2025,12,13,12,4,臺中市,東區,0,1,0,7,1,6,50,3,1,1,5,4,6,6,4,4,10,5,5,2,17,2,9,5,4,C03,7,15,1,10,2,13,,85,85,1,13,4,120.706862,24.136493,2
5820,66000,387130000C,(04)23274275,(04)23288582,2025,12,13,12,4,臺中市,沙鹿區,0,0,0,7,,,40,,,,,,,,,,,,,,,,,,,B03,,,1,,2,,,51,51,1,12,4,120.566729,24.203001,3
5821,66000,387130000C,(04)23274275,(04)23288582,2025,12,13,12,7,臺中市,西屯區,0,2,0,7,2,6,50,3,1,1,5,4,6,6,4,4,4,3,4,2,16,2,9,5,4,C03,7,6,1,10,2,14,,14,14,1,13,4,120.650358,24.175739,2
5822,66000,387130000C,(04)23274275,(04)23288582,2025,12,13,12,10,臺中市,北屯區,0,1,0,7,2,6,50,4,1,1,5,4,6,6,2,1,10,5,5,2,16,3,10,3,1,B03,7,6,1,8,2,5,,11,11,1,12,4,120.658955,24.188474,2
5823,66000,387130000C,(04)23274275,(04)23288582,2025,12,13,12,10,臺中市,霧峰區,0,0,0,7,,,50,,,,,,,,,,,,,,,,,,,B03,,,1,,2,,,84,84,1,13,4,120.700181,24.068117,3
5824,66000,387130000C,(04)23274275,(04)23288582,2025,12,13,12,11,臺中市,西屯區,0,0,0,7,,,50,,,,,,,,,,,,,,13,,,,,C03,,,3,,2,,,84,84,1,12,4,120.658225,24.176047,3
5825,66000,387130000C,(04)23274275,(04)23288582,2025,12,13,12,15,臺中市,太平區,0,1,0,7,2,6,50,4,2,1,5,4,6,6,2,1,5,5,5,1,17,3,10,3,1,B03,7,15,1,8,2,5,,84,84,1,12,4,120.712708,24.157391,2
5826,66000,387130000C,(04)23274275,(04)23288582,2025,12,13,12,17,臺中市,石岡區,0,2,0,7,3,6,30,3,1,1,5,4,6,6,4,4,10,5,5,2,15,2,7,5,4,C03,7,9,1,10,2,11,,12,12,1,12,4,120.804987,24.270013,2
5827,66000,387130000C,(04)23274275,(04)23288582,2025,12,13,12,18,臺中市,西區,0,0,0,7,,,50,,,,,,,,,,,,,,17,,,,,B01,,,1,,9,,,84,84,2,13,4,120.660349,24.158096,3
5828,66000,387130000C,(04)23274275,(04)23288582,2025,12,13,12,18,臺中市,北屯區,0,0,0,7,,,50,,,,,,,,,,,,,,13,,,,,B03,,,1,,1,,,84,84,1,6,4,120.685798,24.193334,3
5829,66000,387130000C,(04)23274275,(04)23288582,2025,12,13,12,20,臺中市,西區,0,0,0,7,,,50,,,,,,,,,,,,,,9,,,,,B03,,,1,,2,,,84,84,1,12,4,120.661571,24.1422,3
5830,66000,387130000C,(04)23274275,(04)23288582,2025,12,13,12,22,臺中市,大里區,0,2,0,7,2,6,50,4,1,1,5,4,6,6,1,1,10,5,5,2,17,2,9,1,1,C03,7,6,1,10,2,11,,11,11,1,12,4,120.703666,24.093136,2
5831,66000,387130000C,(04)23274275,(04)23288582,2025,12,13,12,23,臺中市,北屯區,0,0,0,7,,,50,,,,,,,,,,,,,,13,,,,,C03,,,1,,1,,,7,7,1,13,4,120.686314,24.193263,3
5832,66000,387130000C,(04)23274275,(04)23288582,2025,12,13,12,27,臺中市,霧峰區,0,2,0,7,2,6,50,4,1,1,5,4,6,6,1,1,10,5,5,2,17,2,9,2,1,C03,7,6,3,19,2,11,,11,11,1,13,4,120.699023,24.067826,2
5833,66000,387130000C,(04)23274275,(04)23288582,2025,12,13,12,28,臺中市,西區,0,1,0,7,2,6,40,4,1,1,5,4,6,6,1,1,10,5,5,2,15,2,9,2,1,C03,7,9,1,10,2,11,,21,21,1,13,4,120.665939,24.13107,2
5834,66000,387130000C,(04)23274275,(04)23288582,2025,12,13,12,32,臺中市,北屯區,0,1,0,7,2,6,50,3,1,1,5,4,6,6,2,1,10,5,5,2,16,2,8,2,1,C03,7,6,1,10,1,11,,11,11,1,6,4,120.709107,24.186507,2
5835,66000,387130000C,(04)23274275,(04)23288582,2025,12,13,12,35,臺中市,北屯區,0,0,0,7,,,50,,,,,,,,,,,,,,17,,,,,C03,,,1,,1,,,84,84,2,6,4,120.685635,24.186988,3
5836,66000,387130000C,(04)23274275,(04)23288582,2025,12,13,12,36,臺中市,北屯區,0,0,0,6,,,50,,,,,,,,,,,,,,12,,,,,C03,,,1,,1,,,43,43,1,12,4,120.685372,24.168235,3
5837,66000,387130000C,(04)23274275,(04)23288582,2025,12,13,12,40,臺中市,南區,0,0,0,7,,,50,,,,,,,,,,,,,,,,,,,C03,,,1,,9,,,7,7,1,6,4,120.671728,24.114867,3
5838,66000,387130000C,(04)23274275,(04)23288582,2025,12,13,12,40,臺中市,大甲區,0,1,0,7,3,6,50,13,9,1,5,4,6,6,4,4,5,5,4,2,17,2,9,5,4,F01,7,9,7,21,1,13,,8,8,1,12,4,120.623551,24.351862,2
5839,66000,387130000C,(04)23274275,(04)23288582,2025,12,13,12,44,臺中市,北屯區,0,1,0,7,2,6,50,13,7,1,5,4,6,6,4,4,5,5,4,2,13,2,9,2,2,C03,7,9,1,10,2,11,,61,61,1,12,4,120.680335,24.17665,2
5840,66000,387130000C,(04)23274275,(04)23288582,2025,12,13,12,45,臺中市,梧棲區,0,1,0,7,2,6,30,4,1,1,5,4,6,6,4,4,10,5,5,2,16,2,9,1,1,C03,7,6,1,10,2,11,,14,14,1,6,4,120.53793,24.243251,2
5841,66000,387130000C,(04)23274275,(04)23288582,2025,12,13,12,46,臺中市,西屯區,0,0,0,7,,,50,,,,,,,,,,,,,,12,,,,,B03,,,3,,2,,,59,59,1,12,4,120.659213,24.171943,3
5842,66000,387130000C,(04)23274275,(04)23288582,2025,12,13,12,47,臺中市,西屯區,0,1,0,7,2,6,50,4,1,1,5,4,6,6,2,1,10,5,5,2,16,3,10,5,4,B03,7,5,1,8,2,6,,11,11,1,13,4,120.636528,24.170784,2
5843,66000,387130000C,(04)23274275,(04)23288582,2025,12,13,12,51,臺中市,南屯區,0,0,0,7,,,50,,,,,,,,,,,,,,17,,,,,B03,,,1,,1,,,8,8,1,12,4,120.639538,24.15113,3
5844,66000,387130000C,(04)23274275,(04)23288582,2025,12,13,12,51,臺中市,霧峰區,0,1,0,7,3,6,50,13,9,1,5,4,6,6,4,4,5,4,5,1,18,2,9,1,1,C02,7,9,1,9,2,16,,84,84,1,12,4,120.695802,24.064726,2
5845,66000,387130000C,(04)23274275,(04)23288582,2025,12,13,12,51,臺中市,大里區,0,1,0,7,2,6,50,4,1,1,5,4,6,6,1,1,10,5,5,1,16,3,10,3,1,B02,7,6,1,8,2,2,,11,11,1,12,4,120.674414,24.11485,2
5846,66000,387130000C,(04)23274275,(04)23288582,2025,12,13,12,57,臺中市,中區,0,1,0,7,1,6,50,4,1,1,5,4,6,6,1,1,10,5,5,1,17,2,9,5,4,C03,7,9,1,10,2,11,,7,7,1,12,4,120.680981,24.143814,2
5847,66000,387130000C,(04)23274275,(04)23288582,2025,12,13,12,57,臺中市,北屯區,0,2,0,7,3,6,50,3,2,1,5,4,6,6,1,1,1,4,5,2,13,2,9,2,1,C03,7,9,1,10,2,14,,7,7,1,6,4,120.701988,24.164612,2
5848,66000,387130000C,(04)23274275,(04)23288582,2025,12,13,13,5,臺中市,中區,0,0,0,7,,,50,,,,,,,,,,,,,,,,,,,A04,,,1,2,2,,,84,84,1,13,4,120.685587,24.141808,3
5849,66000,387130000C,(04)23274275,(04)23288582,2025,12,13,13,6,臺中市,大甲區,0,1,0,6,2,6,60,8,9,1,5,4,6,6,1,1,3,4,5,1,13,3,10,2,1,C03,7,9,3,19,1,12,,7,7,2,6,4,120.618009,24.341472,2
5850,66000,387130000C,(04)23274275,(04)23288582,2025,12,13,13,7,臺中市,西屯區,0,0,0,7,,,50,,,,,,,,,,,,,,14,,,,,B12,,,1,,1,,,49,49,1,13,4,120.655655,24.195243,3
5851,66000,387130000C,(04)23274275,(04)23288582,2025,12,13,13,10,臺中市,中區,0,0,0,6,,,,,,,,,,,,,,,,,17,,,,,,,,,,,,,86,86,1,,,120.681103,24.139944,4
5852,66000,387130000C,(04)23274275,(04)23288582,2025,12,13,13,10,臺中市,南屯區,0,0,0,7,,,50,,,,,,,,,,,,,,13,,,,,B13,,,1,,2,,,49,49,1,12,4,120.625939,24.149882,3
5853,66000,387130000C,(04)23274275,(04)23288582,2025,12,13,13,12,臺中市,南區,0,1,0,7,2,6,50,13,8,1,5,4,6,6,4,4,1,4,4,2,17,3,10,3,1,B03,7,13,1,8,2,4,,76,76,1,6,4,120.65232,24.118711,2
5854,66000,387130000C,(04)23274275,(04)23288582,2025,12,13,13,12,臺中市,豐原區,0,0,0,7,3,6,40,13,14,1,5,4,6,6,4,4,9,3,5,1,14,3,10,5,4,B03,7,2,1,8,2,3,3,49,49,1,13,4,120.731201,24.24953,3
5855,66000,387130000C,(04)23274275,(04)23288582,2025,12,13,13,13,臺中市,南區,0,0,0,7,,,50,,,,,,,,,,,,,,,,,,,B03,,,1,,1,,,84,84,1,6,4,120.65773,24.110966,3
5856,66000,387130000C,(04)23274275,(04)23288582,2025,12,13,13,14,臺中市,北屯區,0,0,0,7,,,50,,,,,,,,,,,,,,13,,,,,B03,,,1,,1,,,56,56,1,6,4,120.685505,24.173311,3
5857,66000,387130000C,(04)23274275,(04)23288582,2025,12,13,13,15,臺中市,西區,0,0,0,7,,,50,,,,,,,,,,,,,,,,,,,B03,,,1,,1,,,7,7,1,12,4,120.67498,24.149019,3
5858,66000,387130000C,(04)23274275,(04)23288582,2025,12,13,13,15,臺中市,北屯區,0,0,0,7,,,50,,,,,,,,,,,,,,,,,,,B03,,,1,,2,,,84,84,1,12,4,120.751741,24.186345,3
5859,66000,387130000C,(04)23274275,(04)23288582,2025,12,13,13,15,臺中市,清水區,0,1,0,7,3,6,50,13,8,1,5,4,6,6,4,4,1,4,4,2,17,2,9,2,1,C03,7,9,1,9,2,16,,84,84,1,12,4,120.573384,24.263689,2
5860,66000,387130000C,(04)23274275,(04)23288582,2025,12,13,13,21,臺中市,西區,0,2,0,7,2,6,50,4,1,1,5,4,6,6,1,1,10,5,5,2,16,2,9,5,4,C03,7,6,1,10,2,14,,84,84,1,12,4,120.65884,24.150847,2
5861,66000,387130000C,(04)23274275,(04)23288582,2025,12,13,13,21,臺中市,西屯區,0,2,0,7,1,6,50,3,1,1,5,4,6,6,4,4,10,5,5,2,16,2,7,1,1,C03,7,1,1,10,2,14,,51,51,1,12,4,120.661424,24.172648,2
5862,66000,387130000C,(04)23274275,(04)23288582,2025,12,13,13,27,臺中市,東勢區,0,0,0,7,,,50,,,,,,,,,,,,,,,,,,,A11,,,1,,2,,,50,50,1,12,4,120.831435,24.251446,3
5863,66000,387130000C,(04)23274275,(04)23288582,2025,12,13,13,30,臺中市,南區,0,0,0,7,,,50,,,,,,,,,,,,,,,,,,,B03,,,1,,1,,,49,49,1,6,4,120.675148,24.124109,3
5864,66000,387130000C,(04)23274275,(04)23288582,2025,12,13,13,30,臺中市,北屯區,0,0,0,7,,,0,,,,,,,,,,,,,,,,,,,,,,,,,,,116,116,1,,,120.687612,24.181474,3
5865,66000,387130000C,(04)23274275,(04)23288582,2025,12,13,13,35,臺中市,大肚區,0,1,0,7,2,6,50,3,2,1,5,4,6,6,2,1,4,3,5,2,17,2,9,2,1,C03,7,6,1,10,2,16,,84,84,1,6,4,120.545364,24.151353,2
5866,66000,387130000C,(04)23274275,(04)23288582,2025,12,13,13,35,臺中市,豐原區,0,1,0,7,3,6,50,4,1,1,5,4,6,6,4,4,5,5,4,1,15,3,10,5,4,B03,7,9,1,8,2,2,,12,12,1,12,4,120.732324,24.251738,2
5867,66000,387130000C,(04)23274275,(04)23288582,2025,12,13,13,40,臺中市,豐原區,0,0,0,7,,,50,,,,,,,,,,,,,,17,,,,,B03,,,1,,2,,,82,82,1,6,4,120.70231,24.249239,3
5868,66000,387130000C,(04)23274275,(04)23288582,2025,12,13,13,42,臺中市,南區,0,2,0,7,1,6,50,4,1,1,5,4,6,6,2,1,10,5,5,2,17,2,9,5,4,C04,7,6,1,8,2,14,,11,11,1,13,4,120.648631,24.11971,2
5869,66000,387130000C,(04)23274275,(04)23288582,2025,12,13,13,45,臺中市,北區,0,1,0,7,2,6,50,4,1,1,5,4,6,6,1,1,10,5,5,2,17,2,9,5,4,C03,7,9,1,10,2,14,,59,59,1,12,4,120.684859,24.163137,2
5870,66000,387130000C,(04)23274275,(04)23288582,2025,12,13,13,45,臺中市,烏日區,0,1,0,7,2,6,50,3,2,1,5,4,6,6,4,4,1,4,5,2,12,3,10,3,1,B12,7,9,1,8,2,6,,87,87,1,6,4,120.621276,24.105089,2
5871,66000,387130000C,(04)23274275,(04)23288582,2025,12,13,13,48,臺中市,東勢區,0,0,0,7,,,30,,,,,,,,,,,,,,,,,,,B03,,,1,,1,,,49,49,1,12,4,120.835537,24.249003,3
5872,66000,387130000C,(04)23274275,(04)23288582,2025,12,13,13,51,臺中市,南區,0,1,0,7,3,6,50,7,8,1,5,4,6,6,1,1,1,5,5,2,13,2,8,2,1,C03,7,9,1,10,2,11,,84,84,1,6,4,120.659826,24.124754,2
5873,66000,387130000C,(04)23274275,(04)23288582,2025,12,13,13,55,臺中市,烏日區,0,4,0,7,3,3,80,10,7,1,5,4,6,6,4,4,1,4,3,1,13,3,10,3,1,B03,7,12,1,7,2,1,,7,7,1,6,4,120.611098,24.100416,2
5874,66000,387130000C,(04)23274275,(04)23288582,2025,12,13,13,56,臺中市,西屯區,0,1,0,7,2,6,50,3,1,1,5,4,6,6,1,1,10,5,5,2,16,3,10,5,4,B03,7,5,1,8,2,2,,11,11,1,12,4,120.643389,24.160065,2
5875,66000,387130000C,(04)23274275,(04)23288582,2025,12,13,14,0,臺中市,西區,0,0,0,7,,,,,,,,,,,,,,,,,,,,,,,,,,,,,,85,85,1,,,120.656374,24.148096,3
5876,66000,387130000C,(04)23274275,(04)23288582,2025,12,13,14,4,臺中市,北區,0,0,0,7,,,50,,,,,,,,,,,,,,15,,,,,B03,,,1,,1,,,20,20,1,12,4,120.666755,24.160421,3
5877,66000,387130000C,(04)23274275,(04)23288582,2025,12,13,14,5,臺中市,南屯區,0,0,0,7,3,6,50,13,9,1,5,3,6,6,1,1,1,4,5,2,13,,,,,B12,,,1,,2,,,7,7,1,12,4,120.648317,24.12307,3
5878,66000,387130000C,(04)23274275,(04)23288582,2025,12,13,14,6,臺中市,中區,0,1,0,7,2,6,50,13,9,1,5,4,6,6,4,4,5,4,5,2,17,3,10,3,1,B03,7,9,1,8,9,2,,84,84,1,13,4,120.681955,24.136154,2
5879,66000,387130000C,(04)23274275,(04)23288582,2025,12,13,14,8,臺中市,大里區,0,0,0,7,,,50,,,,,,,,,,,,,,17,,,,,B03,,,1,,2,,,7,7,1,12,4,120.678851,24.115117,3
5880,66000,387130000C,(04)23274275,(04)23288582,2025,12,13,14,9,臺中市,梧棲區,0,2,0,7,2,6,70,13,7,1,5,4,6,6,1,1,1,4,4,1,13,3,10,3,1,B03,7,9,1,8,2,3,,59,59,1,12,4,120.546203,24.230579,2
5881,66000,387130000C,(04)23274275,(04)23288582,2025,12,13,14,10,臺中市,西屯區,0,0,0,7,,,50,,,,,,,,,,,,,,12,,,,,C03,,,1,,2,,,85,85,1,13,4,120.66102,24.163919,3
5882,66000,387130000C,(04)23274275,(04)23288582,2025,12,13,14,10,臺中市,太平區,0,1,0,7,2,6,50,13,9,1,5,4,6,6,1,1,1,4,5,2,13,2,9,1,1,C03,7,9,1,10,2,11,,7,7,1,12,4,120.719246,24.137942,2
5883,66000,387130000C,(04)23274275,(04)23288582,2025,12,13,14,12,臺中市,南屯區,0,0,0,7,,,50,,,,,,,,,,,,,,,,,,,B03,,,1,,1,,,49,49,1,12,4,120.651283,24.136704,3
5884,66000,387130000C,(04)23274275,(04)23288582,2025,12,13,14,18,臺中市,西屯區,0,4,0,7,2,6,50,13,7,1,5,4,6,6,1,1,5,2,4,2,13,2,8,3,1,B03,7,9,1,2,2,1,,55,55,1,12,4,120.623929,24.178176,2
5885,66000,387130000C,(04)23274275,(04)23288582,2025,12,13,14,18,臺中市,太平區,0,0,0,7,,3,80,,,,,,,,,,,,,,,,,,,B12,,,1,,2,,,58,58,1,12,4,120.717239,24.156888,3
5886,66000,387130000C,(04)23274275,(04)23288582,2025,12,13,14,25,臺中市,西區,0,1,0,7,2,6,50,4,1,1,5,4,6,6,1,1,10,5,5,2,15,3,10,5,4,B03,7,9,1,8,2,4,,21,21,1,13,4,120.657225,24.139284,2
5887,66000,387130000C,(04)23274275,(04)23288582,2025,12,13,14,30,臺中市,北屯區,0,2,0,7,2,6,50,4,1,1,5,4,6,6,2,1,1,2,5,2,16,3,10,2,1,C03,7,6,1,10,2,14,,48,48,1,12,4,120.70774,24.182337,2
5888,66000,387130000C,(04)23274275,(04)23288582,2025,12,13,14,30,臺中市,西屯區,0,0,0,7,,,30,,,,,,,,,,,,,,14,,,,,B03,,,1,,2,,,49,49,1,12,4,120.643843,24.168718,3
5889,66000,387130000C,(04)23274275,(04)23288582,2025,12,13,14,31,臺中市,西區,0,0,0,7,,,50,,,,,,,,,,,,,,,,,,,C03,,,1,,1,,,40,40,1,12,4,120.659732,24.146824,3
5890,66000,387130000C,(04)23274275,(04)23288582,2025,12,13,14,34,臺中市,西區,0,0,0,7,,,50,,,,,,,,,,,,,,13,,,,,B12,,,1,,1,,,7,7,1,13,4,120.665369,24.13203,3
5891,66000,387130000C,(04)23274275,(04)23288582,2025,12,13,14,34,臺中市,太平區,0,1,0,7,2,6,50,4,1,1,5,4,6,6,3,1,10,5,5,2,15,2,9,1,1,C03,7,9,1,10,2,11,14,24,24,1,12,4,120.724013,24.141987,2
5892,66000,387130000C,(04)23274275,(04)23288582,2025,12,13,14,35,臺中市,北屯區,0,2,0,7,2,6,50,13,9,1,5,4,6,6,4,4,9,5,5,2,12,3,10,3,1,B02,7,5,1,8,2,2,,42,42,1,12,4,120.712361,24.165898,2
5893,66000,387130000C,(04)23274275,(04)23288582,2025,12,13,14,36,臺中市,沙鹿區,0,1,0,7,2,6,50,3,1,1,5,4,6,6,4,4,10,5,5,2,16,3,10,3,1,B03,7,5,1,8,2,5,,47,47,1,6,4,120.565025,24.225454,2
5894,66000,387130000C,(04)23274275,(04)23288582,2025,12,13,14,39,臺中市,清水區,0,0,0,7,,,50,,,,,,,,,,,,,,,,,,,B03,,,1,,2,,,7,7,1,12,4,120.576684,24.272294,3
5895,66000,387130000C,(04)23274275,(04)23288582,2025,12,13,14,43,臺中市,南屯區,0,2,0,7,2,6,50,4,1,1,5,4,6,6,1,1,10,5,5,2,12,2,8,1,1,C03,7,9,1,10,2,11,,85,85,1,12,4,120.643802,24.151086,2
5896,66000,387130000C,(04)23274275,(04)23288582,2025,12,13,14,44,臺中市,西區,0,0,0,7,,,50,,,,,,,,,,,,,,16,,,,,B03,,,1,,1,,,13,13,1,13,4,120.660471,24.156473,3
5897,66000,387130000C,(04)23274275,(04)23288582,2025,12,13,14,45,臺中市,西區,0,0,0,7,,,30,,,,,,,,,,,,,,15,,,,,C03,,,1,,2,,,15,15,1,12,4,120.661216,24.161843,3
5898,66000,387130000C,(04)23274275,(04)23288582,2025,12,13,14,47,臺中市,西屯區,0,0,0,7,,,40,,,,,,,,,,,,,,13,,,,,B01,,,1,,1,,,59,59,1,13,4,120.641357,24.167734,3
5899,66000,387130000C,(04)23274275,(04)23288582,2025,12,13,14,50,臺中市,大雅區,0,1,0,7,3,6,60,3,2,1,5,4,6,6,3,1,10,5,5,2,17,2,8,4,1,F01,7,9,7,21,2,11,,84,84,1,12,4,120.659902,24.231784,2
5900,66000,387130000C,(04)23274275,(04)23288582,2025,12,13,14,51,臺中市,南屯區,0,0,0,7,,,50,,,,,,,,,,,,,,17,,,,,B03,,,1,,2,,,51,51,1,12,4,120.644348,24.133366,3
5901,66000,387130000C,(04)23274275,(04)23288582,2025,12,13,14,53,臺中市,南屯區,0,0,0,7,,,40,,,,,,,,,,,,,,12,,,,,B03,,,1,,2,,,8,8,1,12,4,120.634147,24.158791,3
5902,66000,387130000C,(04)23274275,(04)23288582,2025,12,13,14,53,臺中市,西屯區,0,0,0,7,,,50,,,,,,,,,,,,,,,,,,,B03,,,5,,1,,,59,59,1,12,4,120.660525,24.172172,3
5903,66000,387130000C,(04)23274275,(04)23288582,2025,12,13,14,54,臺中市,東勢區,0,0,0,7,,,60,,,,,,,,,,,,,,,,,,,B12,,,1,,1,,,40,40,1,12,4,120.826973,24.251867,3
5904,66000,387130000C,(04)23274275,(04)23288582,2025,12,13,15,1,臺中市,太平區,0,1,0,7,3,6,50,13,9,1,5,4,6,6,4,4,5,4,5,2,16,2,9,2,1,F03,7,9,7,21,2,14,,20,20,1,12,4,120.717651,24.133648,2
5905,66000,387130000C,(04)23274275,(04)23288582,2025,12,13,15,3,臺中市,霧峰區,0,0,0,7,,,50,,,,,,,,,,,,,,,,,,,C03,,,1,,2,,,59,59,1,12,4,120.696951,24.055632,3
5906,66000,387130000C,(04)23274275,(04)23288582,2025,12,13,15,4,臺中市,西屯區,0,0,0,7,,,50,,,,,,,,,,,,,,12,,,,,A11,,,1,,9,,,8,8,1,12,4,120.631797,24.182821,3
5907,66000,387130000C,(04)23274275,(04)23288582,2025,12,13,15,6,臺中市,西區,0,0,0,7,,,50,,,,,,,,,,,,,,,,,,,B03,,,1,,1,,,84,84,1,13,4,120.66543,24.149999,3
5908,66000,387130000C,(04)23274275,(04)23288582,2025,12,13,15,10,臺中市,北區,0,0,0,7,,,50,,,,,,,,,,,,,,9,,,,,B03,,,7,,10,,,77,77,1,13,4,120.682735,24.147099,3
5909,66000,387130000C,(04)23274275,(04)23288582,2025,12,13,15,15,臺中市,太平區,0,0,0,7,,3,80,,,,,,,,,,,,,,,,,,,B12,,,5,,1,,,58,58,1,12,4,120.714117,24.149174,3
5910,66000,387130000C,(04)23274275,(04)23288582,2025,12,13,15,20,臺中市,南屯區,0,0,0,7,,,50,,,,,,,,,,,,,,13,,,,,B03,,,1,,9,,,58,58,1,12,4,120.645856,24.134653,3
5911,66000,387130000C,(04)23274275,(04)23288582,2025,12,13,15,20,臺中市,大里區,0,0,0,7,3,6,0,13,14,1,5,4,6,6,4,4,9,5,5,1,12,,,,,H04,,,7,,2,,,109,109,1,12,4,120.692015,24.110542,3
5912,66000,387130000C,(04)23274275,(04)23288582,2025,12,13,15,24,臺中市,豐原區,0,0,0,7,,,30,,,,,,,,,,,,,,,,,,,C03,,,1,,2,,,59,59,1,13,4,120.731261,24.262149,3
5913,66000,387130000C,(04)23274275,(04)23288582,2025,12,13,15,29,臺中市,烏日區,0,1,0,7,3,6,50,13,9,1,5,4,6,6,4,4,5,5,5,2,16,3,10,3,1,B03,7,11,3,19,2,8,,39,39,1,6,4,120.599835,24.109725,2
5914,66000,387130000C,(04)23274275,(04)23288582,2025,12,13,15,29,臺中市,沙鹿區,0,0,0,7,,,50,,,,,,,,,,,,,,,,,,,B12,,,1,,1,,,49,49,1,13,4,120.570967,24.237943,3
5915,66000,387130000C,(04)23274275,(04)23288582,2025,12,13,15,30,臺中市,烏日區,0,0,0,7,,,50,,,,,,,,,,,,,,16,,,,,B03,,,1,,2,,,14,14,1,6,4,120.631758,24.1052,3
5916,66000,387130000C,(04)23274275,(04)23288582,2025,12,13,15,32,臺中市,北屯區,0,0,0,7,,,50,,,,,,,,,,,,,,13,,,,,B03,,,1,,1,,,7,7,1,6,4,120.698861,24.182,3
5917,66000,387130000C,(04)23274275,(04)23288582,2025,12,13,15,35,臺中市,大里區,0,0,0,7,,,50,,,,,,,,,,,,,,17,,,,,B03,,,1,8,2,,,84,84,1,13,4,120.71488,24.095484,3
5918,66000,387130000C,(04)23274275,(04)23288582,2025,12,13,15,37,臺中市,西屯區,0,0,0,7,,,40,,,,,,,,,,,,,,13,,,,,C03,,,1,,1,,,7,7,1,12,4,120.610963,24.184351,3
5919,66000,387130000C,(04)23274275,(04)23288582,2025,12,13,15,44,臺中市,北屯區,0,1,0,7,3,6,50,13,9,1,5,4,6,6,4,4,5,4,5,2,17,3,10,3,1,B02,7,1,1,8,2,5,,51,51,1,6,4,120.720402,24.175892,2
5920,66000,387130000C,(04)23274275,(04)23288582,2025,12,13,15,47,臺中市,西區,0,1,0,7,2,6,50,4,1,1,5,4,6,6,1,1,10,5,5,2,12,2,9,1,1,C03,7,9,1,10,2,14,,84,84,1,13,4,120.677113,24.14021,2
5921,66000,387130000C,(04)23274275,(04)23288582,2025,12,13,15,47,臺中市,南區,0,1,0,7,2,6,50,4,1,1,5,4,6,6,1,1,10,5,5,2,16,3,10,3,1,B03,7,5,1,8,2,2,,84,84,1,12,4,120.656935,24.11719,2
5922,66000,387130000C,(04)23274275,(04)23288582,2025,12,13,15,50,臺中市,北區,0,1,0,7,2,6,50,4,2,1,5,4,6,6,2,1,10,5,5,2,12,3,10,3,1,B03,7,5,1,8,2,2,,20,20,1,13,4,120.686861,24.163201,2
5923,66000,387130000C,(04)23274275,(04)23288582,2025,12,13,15,50,臺中市,烏日區,0,2,0,7,2,6,50,13,7,1,5,4,6,6,4,4,1,4,4,1,17,3,10,3,1,B12,7,13,1,8,2,16,,75,75,1,6,4,120.628516,24.104206,2
5924,66000,387130000C,(04)23274275,(04)23288582,2025,12,13,15,51,臺中市,西屯區,0,0,0,7,,,50,,,,,,,,,,,,,,12,,,,,B03,,,1,,2,,,40,40,1,12,4,120.637487,24.175913,3