序號,縣市別代碼,機關代碼,市話,傳真,年,月,日,時,分,縣市,區,死亡數量,受傷數量,2-30,天候,道路照明設備,道路類別,道路速限,道路型態,事故位置,路面鋪裝,路面狀態,路面缺陷,障礙物,視距,號誌種類,號誌動作,分向設施,快車道或一般車道間,快慢車道間,路面邊線,事故類型及型態,受傷程度,主要傷處,保護裝備,行動電話或功能裝置,當事者區分(類別),車輛用途,當事者行動狀態,駕照狀態,駕照種類,飲酒情形,車輛撞擊部位最初,車輛撞擊部位其他,肇事因素個別,肇事因素主要,肇事逃逸,職業,共享經濟或外送平台,GPS座標X,GPS座標Y,事故類別
5925,66000,387130000C,(04)23274275,(04)23288582,2025,12,13,15,55,臺中市,北區,0,0,0,7,,,50,,,,,,,,,,,,,,17,,,,,B03,,,1,,1,,,50,50,1,13,4,120.684226,24.160585,3
5926,66000,387130000C,(04)23274275,(04)23288582,2025,12,13,15,58,臺中市,大甲區,0,1,0,7,2,6,50,4,2,1,5,4,6,6,1,1,5,5,5,2,13,3,10,3,1,B02,7,1,1,8,2,5,,59,59,1,6,4,120.635814,24.364174,2
5927,66000,387130000C,(04)23274275,(04)23288582,2025,12,13,15,59,臺中市,北區,0,0,0,7,,,40,,,,,,,,,,,,,,17,,,,,B03,,,1,,2,,,59,59,1,12,4,120.675295,24.170149,3
5928,66000,387130000C,(04)23274275,(04)23288582,2025,12,13,16,0,臺中市,南屯區,0,0,0,7,3,6,30,13,9,1,5,4,6,6,4,4,10,5,5,2,30,,,,,C03,,,1,,9,,,87,87,1,12,4,120.641594,24.126942,4
5929,66000,387130000C,(04)23274275,(04)23288582,2025,12,13,16,6,臺中市,豐原區,0,0,0,7,,,50,,,,,,,,,,,,,,14,,,,,B03,,,1,,2,,,49,49,1,12,4,120.728156,24.244697,3
5930,66000,387130000C,(04)23274275,(04)23288582,2025,12,13,16,10,臺中市,東區,0,0,0,7,,,50,,,,,,,,,,,,,,13,,,,,C03,,,1,,2,,,84,84,1,12,4,120.693597,24.136929,3
5931,66000,387130000C,(04)23274275,(04)23288582,2025,12,13,16,12,臺中市,西屯區,0,0,0,7,,,50,,,,,,,,,,,,,,13,,,,,B03,,,1,,1,,,59,59,1,12,4,120.641018,24.167806,3
5932,66000,387130000C,(04)23274275,(04)23288582,2025,12,13,16,14,臺中市,北屯區,0,0,0,7,,,50,,,,,,,,,,,,,,,,,,,B12,,,1,,1,,,84,84,1,13,4,120.778243,24.198924,3
5933,66000,387130000C,(04)23274275,(04)23288582,2025,12,13,16,17,臺中市,南屯區,0,1,0,7,2,3,80,3,1,1,5,4,6,6,4,4,10,4,5,1,17,3,10,3,1,B03,7,7,1,8,2,2,,40,40,1,12,4,120.619858,24.121327,2
5934,66000,387130000C,(04)23274275,(04)23288582,2025,12,13,16,18,臺中市,西區,0,0,0,7,,,50,,,,,,,,,,,,,,,,,,,B03,,,1,,1,,,84,84,1,12,4,120.656414,24.146873,3
5935,66000,387130000C,(04)23274275,(04)23288582,2025,12,13,16,21,臺中市,大里區,0,0,0,7,2,3,80,13,9,1,5,4,6,6,4,4,1,3,5,1,12,,,,,B03,,,1,,2,,,40,40,1,13,4,120.682812,24.077809,3
5936,66000,387130000C,(04)23274275,(04)23288582,2025,12,13,16,27,臺中市,南區,0,2,0,7,2,6,50,4,1,1,5,4,6,6,1,1,10,5,5,2,16,3,10,2,1,C03,7,6,1,10,2,14,,84,84,1,13,4,120.672902,24.131261,2
5937,66000,387130000C,(04)23274275,(04)23288582,2025,12,13,16,28,臺中市,太平區,0,0,0,7,2,6,50,13,9,1,5,4,6,6,4,4,5,5,5,1,17,3,10,5,4,B03,7,9,5,19,9,1,,58,58,2,12,4,120.717311,24.1236,3
5938,66000,387130000C,(04)23274275,(04)23288582,2025,12,13,16,29,臺中市,潭子區,0,1,0,7,3,6,40,13,8,1,5,4,6,6,4,4,1,4,4,1,18,2,9,2,1,C03,7,9,2,19,2,14,,7,7,1,12,4,120.707794,24.226995,2
5939,66000,387130000C,(04)23274275,(04)23288582,2025,12,13,16,31,臺中市,西區,0,2,0,7,2,6,50,4,1,1,5,4,6,6,4,4,9,4,5,2,15,3,10,3,1,B03,7,9,1,8,2,4,,20,20,1,12,4,120.656176,24.137822,2
5940,66000,387130000C,(04)23274275,(04)23288582,2025,12,13,16,32,臺中市,大雅區,0,0,0,7,,,50,,,,,,,,,,,,,,,,,,,B03,,,1,,2,,,8,8,1,13,4,120.669166,24.214421,3
5941,66000,387130000C,(04)23274275,(04)23288582,2025,12,13,16,32,臺中市,西區,0,0,0,7,,,50,,,,,,,,,,,,,,,,,,,B03,,,1,,1,,,49,49,1,13,4,120.659624,24.141087,3
5942,66000,387130000C,(04)23274275,(04)23288582,2025,12,13,16,32,臺中市,北屯區,0,2,0,7,2,6,50,4,1,1,5,4,6,6,1,1,10,5,5,2,16,2,3,3,1,B03,7,6,1,8,2,8,,11,11,1,6,4,120.724595,24.172183,2
5943,66000,387130000C,(04)23274275,(04)23288582,2025,12,13,16,40,臺中市,西區,0,0,0,7,,,50,,,,,,,,,,,,,,,,,,,B03,,,1,,1,,,59,59,1,12,4,120.662122,24.161715,3
5944,66000,387130000C,(04)23274275,(04)23288582,2025,12,13,16,41,臺中市,太平區,0,1,0,7,2,6,50,3,14,1,5,4,6,6,4,4,10,4,5,1,27,2,9,1,1,C03,7,9,1,10,2,11,,59,59,1,12,4,120.71663,24.131839,2
5945,66000,387130000C,(04)23274275,(04)23288582,2025,12,13,16,43,臺中市,南區,0,2,0,7,1,6,50,3,1,1,5,4,6,6,4,4,9,4,5,2,2,2,9,1,1,C03,7,9,1,10,2,14,12,8,8,1,12,4,120.646724,24.121564,2
5946,66000,387130000C,(04)23274275,(04)23288582,2025,12,13,16,44,臺中市,北屯區,0,0,0,7,,,50,,,,,,,,,,,,,,13,,,,,C03,,,1,,1,,,7,7,1,6,4,120.720674,24.175916,3
5947,66000,387130000C,(04)23274275,(04)23288582,2025,12,13,16,46,臺中市,大里區,0,0,0,7,,,50,,,,,,,,,,,,,,,,,,,B03,,,1,,1,,,17,17,1,12,4,120.7064,24.086713,3
5948,66000,387130000C,(04)23274275,(04)23288582,2025,12,13,16,48,臺中市,西屯區,0,0,0,7,,,50,,,,,,,,,,,,,,,,,,,B03,,,1,,9,,,59,59,2,12,4,120.663529,24.167738,3
5949,66000,387130000C,(04)23274275,(04)23288582,2025,12,13,16,51,臺中市,南區,0,2,0,7,2,6,50,3,2,1,5,4,6,6,4,4,9,4,4,2,17,2,9,2,1,C03,7,9,1,10,2,11,,7,7,1,12,4,120.655298,24.133486,2
5950,66000,387130000C,(04)23274275,(04)23288582,2025,12,13,16,56,臺中市,西區,0,1,0,7,2,6,50,13,9,1,5,4,6,6,4,4,5,4,5,2,17,3,10,3,1,B12,7,15,1,8,2,6,,40,40,1,12,4,120.661435,24.14496,2
5951,66000,387130000C,(04)23274275,(04)23288582,2025,12,13,16,59,臺中市,西區,0,1,0,7,1,6,50,4,2,1,5,4,6,6,2,1,7,4,5,2,17,3,10,3,1,B03,7,7,1,8,11,16,,40,40,1,12,4,120.684861,24.139533,2
5952,66000,387130000C,(04)23274275,(04)23288582,2025,12,13,17,0,臺中市,西區,0,0,0,7,,,50,,,,,,,,,,,,,,,,,,,B03,,,1,,1,,,49,49,1,13,4,120.664719,24.152636,3
5953,66000,387130000C,(04)23274275,(04)23288582,2025,12,13,17,0,臺中市,神岡區,0,1,0,7,2,6,50,3,1,1,5,4,6,6,3,1,10,5,5,2,17,2,9,2,1,C03,7,9,1,9,2,12,,85,85,1,6,4,120.655725,24.267539,2
5954,66000,387130000C,(04)23274275,(04)23288582,2025,12,13,17,1,臺中市,潭子區,0,2,0,7,1,6,50,3,2,1,5,4,6,6,4,4,5,5,4,2,13,2,9,2,1,C03,7,9,1,10,2,11,,7,7,1,12,4,120.701152,24.209079,2
5955,66000,387130000C,(04)23274275,(04)23288582,2025,12,13,17,5,臺中市,西區,0,1,0,7,2,6,50,4,1,1,5,4,6,6,1,1,9,4,4,2,12,3,10,3,1,B03,7,6,1,8,2,5,,87,87,1,12,4,120.667104,24.136545,2
5956,66000,387130000C,(04)23274275,(04)23288582,2025,12,13,17,6,臺中市,東區,0,2,0,7,1,6,50,3,1,1,5,4,6,6,3,1,10,5,5,2,13,2,9,2,1,C03,7,9,1,10,2,11,,84,84,1,12,4,120.687256,24.140106,2
5957,66000,387130000C,(04)23274275,(04)23288582,2025,12,13,17,6,臺中市,西屯區,0,0,0,7,,,50,,,,,,,,,,,,,,16,,,,,B03,,,1,,2,,,14,14,1,12,4,120.643803,24.155539,3
5958,66000,387130000C,(04)23274275,(04)23288582,2025,12,13,17,7,臺中市,潭子區,0,1,0,7,2,6,30,4,1,1,5,4,6,6,4,4,10,5,5,2,16,3,10,3,1,B03,7,6,1,8,2,1,,14,14,1,12,4,120.709507,24.203106,2
5959,66000,387130000C,(04)23274275,(04)23288582,2025,12,13,17,7,臺中市,豐原區,0,1,0,7,1,6,50,3,2,1,5,4,5,6,4,4,9,5,4,2,28,2,3,1,1,C03,7,9,1,10,2,11,12,82,82,1,13,4,120.715848,24.250099,2
5960,66000,387130000C,(04)23274275,(04)23288582,2025,12,13,17,10,臺中市,沙鹿區,0,0,0,7,2,6,50,4,9,1,5,4,6,6,4,4,4,4,5,2,11,,,,,B12,,,1,,1,,,87,87,1,12,4,120.57483,24.242398,3
5961,66000,387130000C,(04)23274275,(04)23288582,2025,12,13,17,12,臺中市,北區,0,0,0,7,,,50,,,,,,,,,,,,,,14,,,,,B03,,,1,,1,,,49,49,1,13,4,120.681767,24.149318,3
5962,66000,387130000C,(04)23274275,(04)23288582,2025,12,13,17,12,臺中市,龍井區,0,0,0,1,,,40,,,,,,,,,,,,,,,,,,,B03,,,1,,1,,,84,84,1,6,4,120.503577,24.216827,3
5963,66000,387130000C,(04)23274275,(04)23288582,2025,12,13,17,14,臺中市,烏日區,0,1,0,7,1,6,50,3,1,1,5,4,6,6,4,4,5,5,4,2,17,3,10,4,1,F01,7,6,7,21,2,15,,48,48,1,4,4,120.634555,24.109136,2
5964,66000,387130000C,(04)23274275,(04)23288582,2025,12,13,17,15,臺中市,北區,0,0,0,7,3,6,50,18,24,1,5,4,6,6,2,1,3,4,5,2,17,,,,,B03,,,1,,1,,,7,7,1,13,4,120.691829,24.16022,3
5965,66000,387130000C,(04)23274275,(04)23288582,2025,12,13,17,16,臺中市,南區,0,1,0,7,1,6,50,13,9,1,5,4,6,6,4,4,5,5,5,2,17,2,9,2,1,C03,7,1,3,19,2,14,,51,51,1,12,4,120.660476,24.115094,2
5966,66000,387130000C,(04)23274275,(04)23288582,2025,12,13,17,20,臺中市,西屯區,0,0,0,7,,,50,,,,,,,,,,,,,,17,,,,,B03,,,1,,1,,,59,59,1,12,4,120.658433,24.168303,3
5967,66000,387130000C,(04)23274275,(04)23288582,2025,12,13,17,21,臺中市,霧峰區,0,0,0,7,,,50,,,,,,,,,,,,,,17,,,,,B02,,,3,19,9,,,85,85,1,13,4,120.697121,24.064052,3
5968,66000,387130000C,(04)23274275,(04)23288582,2025,12,13,17,26,臺中市,西屯區,0,1,0,7,1,6,50,4,1,1,5,4,6,6,4,4,10,5,5,2,12,2,8,1,1,C03,7,9,1,10,1,14,,84,84,1,12,4,120.66714,24.177129,2
5969,66000,387130000C,(04)23274275,(04)23288582,2025,12,13,17,30,臺中市,南屯區,0,1,0,7,1,6,50,13,7,1,5,4,6,6,4,4,5,5,4,2,13,2,9,1,1,C03,7,9,1,10,2,11,,7,7,1,12,4,120.627064,24.117433,2
5970,66000,387130000C,(04)23274275,(04)23288582,2025,12,13,17,30,臺中市,南屯區,0,0,0,7,,,60,,,,,,,,,,,,,,12,,,,,B03,,,1,,2,,,40,40,1,12,4,120.598422,24.155204,3
5971,66000,387130000C,(04)23274275,(04)23288582,2025,12,13,17,31,臺中市,北屯區,0,0,0,7,,,50,,,,,,,,,,,,,,12,,,,,B03,,,1,,2,,,40,40,1,6,4,120.685993,24.179791,3
5972,66000,387130000C,(04)23274275,(04)23288582,2025,12,13,17,31,臺中市,豐原區,0,0,0,7,,,50,,,,,,,,,,,,,,,,,,,B03,,,1,,2,,,8,8,1,13,4,120.728694,24.244099,3
5973,66000,387130000C,(04)23274275,(04)23288582,2025,12,13,17,38,臺中市,霧峰區,0,0,0,7,1,6,50,3,1,1,5,4,6,6,1,1,10,5,5,2,12,3,10,3,1,B03,7,5,1,8,5,8,,20,20,1,12,4,120.718522,24.078679,3
5974,66000,387130000C,(04)23274275,(04)23288582,2025,12,13,17,40,臺中市,北屯區,0,0,0,7,,3,50,,,,,,,,,,,,,,,,,,,B02,,,1,,1,,,7,7,1,12,4,120.720688,24.167723,3
5975,66000,387130000C,(04)23274275,(04)23288582,2025,12,13,17,41,臺中市,北區,0,1,0,7,1,6,50,13,9,1,5,4,6,6,4,4,5,4,5,2,13,2,9,1,1,C03,7,9,1,10,2,11,,7,7,1,12,4,120.687743,24.150234,2
5976,66000,387130000C,(04)23274275,(04)23288582,2025,12,13,17,41,臺中市,北屯區,0,0,0,7,,,50,,,,,,,,,,,,,,17,,,,,C03,,,3,,9,,,87,87,1,6,4,120.685309,24.167212,4
5977,66000,387130000C,(04)23274275,(04)23288582,2025,12,13,17,44,臺中市,沙鹿區,0,1,0,7,2,6,30,4,1,1,5,4,6,6,4,4,10,5,5,2,15,2,8,1,1,C03,7,9,1,10,2,11,,12,12,1,6,4,120.565108,24.250427,2
5978,66000,387130000C,(04)23274275,(04)23288582,2025,12,13,17,48,臺中市,豐原區,0,0,0,7,,,60,,,,,,,,,,,,,,13,,,,,B03,,,1,,2,,,82,82,1,6,4,120.706992,24.237114,3
5979,66000,387130000C,(04)23274275,(04)23288582,2025,12,13,17,55,臺中市,西區,0,0,0,7,,,30,,,,,,,,,,,,,,,,,,,B03,,,1,,1,,,84,84,1,13,4,120.662722,24.147324,3
5980,66000,387130000C,(04)23274275,(04)23288582,2025,12,13,17,57,臺中市,潭子區,0,0,0,7,,,50,,,,,,,,,,,,,,,,,,,B03,,,1,,2,,,40,40,1,13,4,120.70411,24.201358,3
5981,66000,387130000C,(04)23274275,(04)23288582,2025,12,13,17,59,臺中市,西屯區,0,0,0,7,,,50,,,,,,,,,,,,,,,,,,,F01,,,7,,1,,,59,59,1,12,3,120.657817,24.167926,3
5982,66000,387130000C,(04)23274275,(04)23288582,2025,12,13,18,0,臺中市,烏日區,0,0,0,7,,,30,,,,,,,,,,,,,,14,,,,,B03,,,1,,1,,,49,49,1,6,4,120.606237,24.1192,3
5983,66000,387130000C,(04)23274275,(04)23288582,2025,12,13,18,0,臺中市,東勢區,0,0,0,7,,,60,,,,,,,,,,,,,,,,,,,C03,,,1,,2,,,51,51,1,12,4,120.811023,24.303517,3
5984,66000,387130000C,(04)23274275,(04)23288582,2025,12,13,18,2,臺中市,北區,0,1,0,7,1,6,50,13,8,1,5,4,6,6,4,4,1,3,4,2,17,3,10,3,1,B03,7,1,1,8,2,8,,51,51,1,13,4,120.688893,24.153521,2
5985,66000,387130000C,(04)23274275,(04)23288582,2025,12,13,18,3,臺中市,后里區,0,1,0,7,1,6,0,3,1,1,5,4,6,6,4,4,9,5,5,1,28,,,,,,,,,,,,,118,118,1,,,120.729336,24.307325,2
5986,66000,387130000C,(04)23274275,(04)23288582,2025,12,13,18,4,臺中市,烏日區,0,1,0,7,1,6,40,8,8,1,5,4,6,6,4,4,1,4,1,1,20,2,9,2,1,C03,7,9,1,10,2,12,,59,59,1,6,4,120.624231,24.10034,2
5987,66000,387130000C,(04)23274275,(04)23288582,2025,12,13,18,5,臺中市,大雅區,0,0,0,6,,,50,,,,,,,,,,,,,,27,,,,,B02,,,1,,11,,,8,8,1,12,4,120.629032,24.208904,3
5988,66000,387130000C,(04)23274275,(04)23288582,2025,12,13,18,7,臺中市,霧峰區,0,0,0,7,,,50,,,,,,,,,,,,,,17,,,,,A05,,,1,2,9,,,84,84,1,13,4,120.695299,24.062239,3
5989,66000,387130000C,(04)23274275,(04)23288582,2025,12,13,18,8,臺中市,霧峰區,0,0,0,7,,,30,,,,,,,,,,,,,,17,,,,,B03,,,1,,2,,,8,8,1,6,4,120.70176,24.069122,3
5990,66000,387130000C,(04)23274275,(04)23288582,2025,12,13,18,11,臺中市,北區,0,0,0,7,,,50,,,,,,,,,,,,,,17,,,,,B02,,,1,,1,,,84,84,1,13,4,120.685414,24.147606,3
5991,66000,387130000C,(04)23274275,(04)23288582,2025,12,13,18,17,臺中市,西屯區,0,1,0,7,1,6,50,3,1,1,5,4,6,6,2,1,10,5,5,2,16,3,10,3,1,B03,7,6,1,8,2,2,,11,11,1,12,4,120.624795,24.185111,2
5992,66000,387130000C,(04)23274275,(04)23288582,2025,12,13,18,17,臺中市,東勢區,0,1,0,7,1,6,30,5,1,1,5,4,6,6,4,4,10,5,5,2,15,2,9,1,1,C03,7,9,1,10,2,11,,12,12,1,12,4,120.829535,24.251679,2
5993,66000,387130000C,(04)23274275,(04)23288582,2025,12,13,18,21,臺中市,大雅區,0,1,0,7,1,6,30,4,1,1,5,4,6,6,4,4,9,4,5,1,15,2,9,2,1,C03,7,9,1,10,2,12,,15,15,1,13,4,120.645451,24.228081,2
5994,66000,387130000C,(04)23274275,(04)23288582,2025,12,13,18,27,臺中市,南屯區,0,0,0,7,,,40,,,,,,,,,,,,,,,,,,,B03,,,1,,2,,,49,49,1,13,4,120.609717,24.130366,3
5995,66000,387130000C,(04)23274275,(04)23288582,2025,12,13,18,28,臺中市,潭子區,0,0,0,7,,,50,,,,,,,,,,,,,,9,,,,,B03,,,1,,2,,,51,51,1,12,4,120.702087,24.190868,3
5996,66000,387130000C,(04)23274275,(04)23288582,2025,12,13,18,30,臺中市,豐原區,0,2,0,7,1,6,30,5,1,1,5,4,6,6,2,1,1,4,5,1,15,2,9,1,1,C03,7,9,2,19,2,11,14,19,19,1,13,4,120.712382,24.245705,2
5997,66000,387130000C,(04)23274275,(04)23288582,2025,12,13,18,35,臺中市,清水區,0,2,0,7,1,6,30,13,9,1,5,4,6,6,4,4,10,5,5,2,11,2,8,2,1,C03,7,9,3,19,2,14,,8,8,1,13,4,120.566487,24.261894,2
5998,66000,387130000C,(04)23274275,(04)23288582,2025,12,13,18,36,臺中市,潭子區,0,0,0,7,,,50,,,,,,,,,,,,,,16,,,,,C03,,,1,,2,,,14,14,1,12,4,120.72169,24.204056,3
5999,66000,387130000C,(04)23274275,(04)23288582,2025,12,13,18,36,臺中市,大甲區,0,1,0,7,1,6,50,13,9,1,5,4,6,6,4,4,9,5,5,1,16,3,10,2,1,F03,7,9,7,21,2,11,,7,7,1,6,4,120.62356,24.350581,2
6000,66000,387130000C,(04)23274275,(04)23288582,2025,12,13,18,39,臺中市,大里區,0,0,0,7,1,6,50,4,2,1,5,4,6,6,4,4,1,4,5,2,13,,,,,B03,,,1,,2,,,84,84,1,13,4,120.691324,24.100919,3
6001,66000,387130000C,(04)23274275,(04)23288582,2025,12,13,18,42,臺中市,烏日區,0,1,0,7,1,6,50,4,1,1,5,4,6,6,2,1,1,2,4,2,16,3,10,3,1,B12,7,5,1,8,2,5,,11,11,1,6,4,120.614236,24.106716,2
6002,66000,387130000C,(04)23274275,(04)23288582,2025,12,13,18,43,臺中市,南屯區,0,0,0,7,,,50,,,,,,,,,,,,,,,,,,,B03,,,1,,1,,,59,59,1,12,4,120.641036,24.141261,3
6003,66000,387130000C,(04)23274275,(04)23288582,2025,12,13,18,45,臺中市,南屯區,0,0,0,7,,,50,,,,,,,,,,,,,,,,,,,B03,,,1,,1,,,40,40,1,12,4,120.628664,24.151226,3
6004,66000,387130000C,(04)23274275,(04)23288582,2025,12,13,18,46,臺中市,北屯區,0,1,0,7,1,6,50,13,9,1,5,4,6,6,4,4,1,4,5,2,18,2,9,1,1,C03,7,15,1,10,2,12,,59,59,1,6,4,120.686498,24.20042,2
6005,66000,387130000C,(04)23274275,(04)23288582,2025,12,13,18,46,臺中市,烏日區,0,1,0,7,1,6,50,8,8,1,5,4,6,6,4,4,1,4,1,1,17,2,9,2,1,C03,7,9,1,10,2,11,,7,7,1,6,4,120.583074,24.10938,2
6006,66000,387130000C,(04)23274275,(04)23288582,2025,12,13,18,49,臺中市,西屯區,0,0,0,7,,,50,,,,,,,,,,,,,,,,,,,C03,,,1,,1,,,59,59,1,12,4,120.602865,24.182561,3
6007,66000,387130000C,(04)23274275,(04)23288582,2025,12,13,18,52,臺中市,東勢區,0,1,0,7,1,6,50,3,2,1,5,4,6,6,4,4,5,5,5,1,19,2,9,6,4,F01,7,9,7,21,8,15,,84,84,1,12,4,120.858092,24.236124,2
6008,66000,387130000C,(04)23274275,(04)23288582,2025,12,13,18,53,臺中市,潭子區,0,1,0,7,1,6,60,3,2,1,5,4,6,6,4,4,1,4,5,1,12,2,9,2,1,C03,7,7,1,10,2,12,,40,40,1,12,4,120.703785,24.202341,2
6009,66000,387130000C,(04)23274275,(04)23288582,2025,12,13,19,2,臺中市,北屯區,0,1,0,7,1,6,50,13,9,1,5,4,6,6,4,4,5,4,5,2,17,3,10,1,1,C02,7,14,1,9,1,14,,82,82,1,6,4,120.708957,24.170805,2
6010,66000,387130000C,(04)23274275,(04)23288582,2025,12,13,19,3,臺中市,中區,0,0,0,7,,,50,,,,,,,,,,,,,,12,,,,,B03,,,1,,1,,,40,40,1,12,4,120.684034,24.137117,3
6011,66000,387130000C,(04)23274275,(04)23288582,2025,12,13,19,3,臺中市,龍井區,0,1,0,7,1,6,50,4,1,1,5,4,6,6,2,1,5,5,5,2,16,3,10,3,1,B03,7,6,1,8,2,1,,11,11,1,6,4,120.585513,24.185928,2
6012,66000,387130000C,(04)23274275,(04)23288582,2025,12,13,19,5,臺中市,大里區,0,0,0,6,1,6,50,13,9,1,5,4,6,6,4,4,9,5,5,1,12,,,,,C03,,,1,,2,,,59,59,1,12,4,120.709287,24.088131,3
6013,66000,387130000C,(04)23274275,(04)23288582,2025,12,13,19,6,臺中市,潭子區,0,0,0,7,,,50,,,,,,,,,,,,,,,,,,,B03,,,1,,9,,,8,8,1,13,4,120.696514,24.204614,3
6014,66000,387130000C,(04)23274275,(04)23288582,2025,12,13,19,10,臺中市,烏日區,0,0,0,7,,,50,,,,,,,,,,,,,,17,,,,,B03,,,1,,1,,,45,45,1,6,4,120.643392,24.077169,3
6015,66000,387130000C,(04)23274275,(04)23288582,2025,12,13,19,11,臺中市,北區,0,0,0,7,,,50,,,,,,,,,,,,,,17,,,,,B03,,,1,,1,,,40,40,1,12,4,120.683033,24.146026,3
6016,66000,387130000C,(04)23274275,(04)23288582,2025,12,13,19,18,臺中市,東區,0,0,0,7,,,50,,,,,,,,,,,,,,13,,,,,C03,,,1,,1,,,59,59,1,6,4,120.69751,24.132935,3
6017,66000,387130000C,(04)23274275,(04)23288582,2025,12,13,19,21,臺中市,北區,0,1,0,7,1,6,50,3,9,1,5,4,6,6,4,4,5,5,5,2,2,3,10,5,4,B01,7,9,1,4,2,5,,8,8,1,13,4,120.684894,24.149702,2
6018,66000,387130000C,(04)23274275,(04)23288582,2025,12,13,19,22,臺中市,南區,0,0,0,7,,,50,,,,,,,,,,,,,,,,,,,B03,,,1,,9,,,8,8,1,6,4,120.673567,24.125671,4
6019,66000,387130000C,(04)23274275,(04)23288582,2025,12,13,19,23,臺中市,東區,0,1,0,7,1,6,50,13,9,1,5,4,6,6,4,4,9,4,5,2,12,3,10,3,1,B03,7,9,1,8,1,1,,7,7,1,12,4,120.701618,24.140697,2
6020,66000,387130000C,(04)23274275,(04)23288582,2025,12,13,19,23,臺中市,太平區,0,0,0,7,,,30,,,,,,,,,,,,,,14,,,,,B12,,,1,,2,,,49,49,1,12,4,120.729473,24.105797,3
6021,66000,387130000C,(04)23274275,(04)23288582,2025,12,13,19,24,臺中市,北區,0,0,0,7,,,50,,,,,,,,,,,,,,13,,,,,B03,,,1,,1,,,57,57,1,13,4,120.679134,24.172753,3
6022,66000,387130000C,(04)23274275,(04)23288582,2025,12,13,19,26,臺中市,南區,0,0,0,7,,,50,,,,,,,,,,,,,,,,,,,,,,,,,,,86,86,1,,,120.658976,24.115626,3
6023,66000,387130000C,(04)23274275,(04)23288582,2025,12,13,19,30,臺中市,東區,0,1,0,7,1,6,50,4,2,1,5,4,6,6,1,1,9,4,4,2,30,2,9,1,1,F02,7,9,7,21,8,16,,53,53,1,12,4,120.700997,24.144626,2
6024,66000,387130000C,(04)23274275,(04)23288582,2025,12,13,19,30,臺中市,南屯區,0,1,0,7,2,6,50,13,7,1,5,4,6,6,4,4,9,4,4,2,18,2,9,1,1,C03,7,9,1,10,2,12,,59,59,1,12,4,120.610111,24.133336,2
6025,66000,387130000C,(04)23274275,(04)23288582,2025,12,13,19,30,臺中市,西屯區,0,0,0,7,,,40,,,,,,,,,,,,,,12,,,,,C03,,,1,,1,,,40,40,1,12,4,120.645649,24.164574,3
6026,66000,387130000C,(04)23274275,(04)23288582,2025,12,13,19,32,臺中市,北屯區,0,1,0,7,1,6,50,13,9,1,5,4,6,6,4,4,1,4,5,2,13,2,9,1,1,C03,7,9,1,10,2,11,,6,6,1,12,4,120.693074,24.163492,2
6027,66000,387130000C,(04)23274275,(04)23288582,2025,12,13,19,33,臺中市,西屯區,0,1,0,7,1,6,50,4,1,1,5,4,6,6,1,1,5,5,5,2,17,3,10,1,1,C04,7,6,1,10,1,16,,11,11,1,12,4,120.666803,24.175085,2
6028,66000,387130000C,(04)23274275,(04)23288582,2025,12,13,19,38,臺中市,東區,0,0,0,7,,,50,,,,,,,,,,,,,,16,,,,,B03,,,1,,1,,,11,11,1,12,4,120.706347,24.136694,3
6029,66000,387130000C,(04)23274275,(04)23288582,2025,12,13,19,50,臺中市,南屯區,0,1,0,7,1,6,50,4,1,1,5,4,6,6,1,1,5,5,5,2,15,2,9,1,1,C03,7,9,1,10,2,11,,21,21,1,12,4,120.62978,24.120146,2
6030,66000,387130000C,(04)23274275,(04)23288582,2025,12,13,19,56,臺中市,東區,0,0,0,7,,,50,,,,,,,,,,,,,,14,,,,,B03,,,1,,1,,,49,49,1,12,4,120.708697,24.142659,3
6031,66000,387130000C,(04)23274275,(04)23288582,2025,12,13,20,1,臺中市,北屯區,0,0,0,7,,,50,,,,,,,,,,,,,,17,,,,,B03,,,1,,1,,,48,48,1,6,4,120.705351,24.172876,3
6032,66000,387130000C,(04)23274275,(04)23288582,2025,12,13,20,4,臺中市,豐原區,0,0,0,7,,,50,,,,,,,,,,,,,,,,,,,B03,,,1,,2,,,58,58,1,13,4,120.721296,24.270969,3
6033,66000,387130000C,(04)23274275,(04)23288582,2025,12,13,20,9,臺中市,北屯區,0,0,0,7,,,50,,,,,,,,,,,,,,13,,,,,B03,,,1,,1,,,59,59,1,6,4,120.659876,24.192706,3
6034,66000,387130000C,(04)23274275,(04)23288582,2025,12,13,20,10,臺中市,西屯區,0,0,0,7,,,50,,,,,,,,,,,,,,12,,,,,B03,,,1,,1,,,40,40,1,12,4,120.636197,24.179177,3
6035,66000,387130000C,(04)23274275,(04)23288582,2025,12,13,20,11,臺中市,北屯區,0,0,0,7,,,50,,,,,,,,,,,,,,,,,,,B02,,,1,,1,,,84,84,1,13,4,120.686546,24.172227,3
6036,66000,387130000C,(04)23274275,(04)23288582,2025,12,13,20,13,臺中市,西區,0,1,0,7,1,6,50,4,1,1,5,4,6,6,1,1,5,2,5,2,16,2,9,2,1,C03,7,6,1,10,2,13,,48,48,1,12,4,120.661687,24.152543,2