序號,縣市別代碼,機關代碼,市話,傳真,年,月,日,時,分,縣市,區,死亡數量,受傷數量,2-30,天候,道路照明設備,道路類別,道路速限,道路型態,事故位置,路面鋪裝,路面狀態,路面缺陷,障礙物,視距,號誌種類,號誌動作,分向設施,快車道或一般車道間,快慢車道間,路面邊線,事故類型及型態,受傷程度,主要傷處,保護裝備,行動電話或功能裝置,當事者區分(類別),車輛用途,當事者行動狀態,駕照狀態,駕照種類,飲酒情形,車輛撞擊部位最初,車輛撞擊部位其他,肇事因素個別,肇事因素主要,肇事逃逸,職業,共享經濟或外送平台,GPS座標X,GPS座標Y,事故類別
6037,66000,387130000C,(04)23274275,(04)23288582,2025,12,13,20,17,臺中市,南屯區,0,0,0,7,,,50,,,,,,,,,,,,,,,,,,,B03,,,1,,1,,,8,8,1,13,4,120.637586,24.140231,3
6038,66000,387130000C,(04)23274275,(04)23288582,2025,12,13,20,25,臺中市,大肚區,0,0,0,7,,,50,,,,,,,,,,,,,,14,,,,,B03,,,1,,2,,,50,50,1,6,4,120.544677,24.15567,3
6039,66000,387130000C,(04)23274275,(04)23288582,2025,12,13,20,30,臺中市,北區,0,0,0,7,,,30,,,,,,,,,,,,,,14,,,,,B03,,,1,,1,,,49,49,1,13,4,120.673994,24.170944,3
6040,66000,387130000C,(04)23274275,(04)23288582,2025,12,13,20,41,臺中市,北屯區,0,0,0,7,,,50,,,,,,,,,,,,,,13,,,,,C03,,,1,,1,,,7,7,1,6,4,120.696603,24.179795,3
6041,66000,387130000C,(04)23274275,(04)23288582,2025,12,13,20,44,臺中市,南區,0,1,0,7,1,6,50,13,9,1,5,4,6,6,4,4,3,4,4,2,30,2,9,1,1,F01,7,9,7,21,2,16,,7,7,1,12,4,120.651189,24.121537,2
6042,66000,387130000C,(04)23274275,(04)23288582,2025,12,13,21,2,臺中市,大雅區,0,1,0,6,1,6,30,4,1,1,5,4,6,6,4,4,10,5,5,2,15,2,7,2,1,C03,7,9,2,19,6,11,,12,12,1,12,4,120.623683,24.235361,2
6043,66000,387130000C,(04)23274275,(04)23288582,2025,12,13,21,2,臺中市,西區,0,2,0,7,1,6,50,4,1,1,5,4,6,6,1,1,8,5,5,2,16,3,10,3,1,B03,7,6,1,8,2,1,,11,11,1,12,4,120.672973,24.150015,2
6044,66000,387130000C,(04)23274275,(04)23288582,2025,12,13,21,6,臺中市,西區,0,0,0,7,,,50,,,,,,,,,,,,,,,,,,,C03,,,3,,1,,,7,7,1,6,4,120.661574,24.151028,4
6045,66000,387130000C,(04)23274275,(04)23288582,2025,12,13,21,10,臺中市,霧峰區,0,0,0,7,,,50,,,,,,,,,,,,,,,,,,,B03,,,1,,1,,,40,40,1,12,4,120.68271,24.079201,3
6046,66000,387130000C,(04)23274275,(04)23288582,2025,12,13,21,11,臺中市,西屯區,0,1,0,7,1,6,50,3,7,1,5,4,6,6,4,4,5,4,4,2,12,3,10,5,4,B03,7,7,5,19,2,5,,40,40,1,12,4,120.667377,24.178018,2
6047,66000,387130000C,(04)23274275,(04)23288582,2025,12,13,21,16,臺中市,南區,0,1,0,7,1,6,50,4,1,1,5,4,6,6,2,1,10,5,5,2,16,2,9,2,1,C03,7,9,1,10,2,14,,84,84,1,13,4,120.658154,24.117582,2
6048,66000,387130000C,(04)23274275,(04)23288582,2025,12,13,21,19,臺中市,太平區,0,1,0,7,1,6,50,13,9,1,5,4,6,6,4,4,9,5,5,2,17,2,9,1,1,C03,7,9,5,19,2,12,,84,84,1,13,4,120.723655,24.105408,2
6049,66000,387130000C,(04)23274275,(04)23288582,2025,12,13,21,24,臺中市,太平區,0,2,0,7,2,6,50,3,1,1,5,4,6,6,4,4,10,5,5,2,13,2,9,2,1,C03,7,9,5,19,9,12,13,7,7,1,12,4,120.715485,24.136684,2
6050,66000,387130000C,(04)23274275,(04)23288582,2025,12,13,21,28,臺中市,南屯區,0,1,0,7,1,6,50,4,1,1,5,4,6,6,1,1,5,2,5,2,16,3,10,3,1,B03,7,6,1,8,2,8,,11,11,1,12,4,120.649962,24.13076,2
6051,66000,387130000C,(04)23274275,(04)23288582,2025,12,13,21,42,臺中市,西屯區,0,0,0,7,,,50,,,,,,,,,,,,,,17,,,,,B02,,,1,,1,,,77,77,1,12,4,120.642081,24.187187,3
6052,66000,387130000C,(04)23274275,(04)23288582,2025,12,13,21,55,臺中市,太平區,0,0,0,7,,,50,,,,,,,,,,,,,,9,,,,,,,,,,,,,86,86,1,,,120.716394,24.127923,3
6053,66000,387130000C,(04)23274275,(04)23288582,2025,12,13,22,10,臺中市,東區,0,1,0,7,1,6,50,13,9,1,5,4,6,6,4,4,10,5,5,2,11,2,9,1,1,C03,7,9,1,10,2,11,,56,56,1,12,4,120.693094,24.152202,2
6054,66000,387130000C,(04)23274275,(04)23288582,2025,12,13,22,13,臺中市,西區,0,2,0,6,1,6,40,3,1,1,5,4,6,6,1,1,10,5,5,2,18,2,9,1,1,C03,7,9,1,10,2,11,,84,84,1,12,4,120.658779,24.141259,2
6055,66000,387130000C,(04)23274275,(04)23288582,2025,12,13,22,19,臺中市,清水區,0,1,0,7,1,6,50,3,1,1,5,4,6,6,4,4,8,3,4,2,12,3,10,3,1,B03,7,5,1,8,2,5,,14,14,1,12,4,120.571799,24.25926,2
6056,66000,387130000C,(04)23274275,(04)23288582,2025,12,13,22,30,臺中市,南區,0,1,0,7,1,6,50,4,1,1,5,4,6,6,4,4,10,5,5,2,30,2,9,2,1,C03,7,9,1,10,2,12,,84,84,1,12,4,120.655687,24.12602,2
6057,66000,387130000C,(04)23274275,(04)23288582,2025,12,13,22,30,臺中市,南屯區,0,0,0,7,1,3,80,13,9,1,5,4,6,6,4,4,3,4,5,2,30,,,,,B03,,,1,,1,,,87,87,1,12,4,120.621618,24.134699,3
6058,66000,387130000C,(04)23274275,(04)23288582,2025,12,13,22,43,臺中市,西屯區,0,0,0,7,,,50,,,,,,,,,,,,,,12,,,,,B03,,,1,,9,,,8,8,1,12,4,120.652709,24.159675,3
6059,66000,387130000C,(04)23274275,(04)23288582,2025,12,13,23,30,臺中市,北區,0,0,0,7,,,50,,,,,,,,,,,,,,16,,,,,B03,,,1,,2,,,48,48,1,13,4,120.688165,24.160219,3
6060,66000,387130000C,(04)23274275,(04)23288582,2025,12,13,23,37,臺中市,西屯區,0,2,0,7,1,6,50,13,9,1,5,4,6,6,4,4,1,3,5,1,19,2,9,5,4,B03,7,9,1,8,2,1,,59,59,1,12,4,120.605892,24.192945,2
6061,66000,387130000C,(04)23274275,(04)23288582,2025,12,13,23,41,臺中市,北屯區,0,1,0,7,1,6,50,4,1,1,5,4,6,6,1,1,10,5,5,2,3,3,10,3,1,B03,7,6,3,19,2,1,,10,10,1,12,4,120.680471,24.17116,2
6062,66000,387130000C,(04)23274275,(04)23288582,2025,12,13,23,42,臺中市,北屯區,0,0,0,7,,,50,,,,,,,,,,,,,,23,,,,,B03,,,1,,2,,,48,48,1,6,4,120.671235,24.193094,3
6063,66000,387130000C,(04)23274275,(04)23288582,2025,12,13,23,43,臺中市,北區,0,0,0,7,3,6,50,18,24,1,5,4,6,6,2,1,5,4,5,2,13,,,,,B03,,,1,,2,,,7,7,1,13,4,120.673135,24.166792,3
6064,66000,387130000C,(04)23274275,(04)23288582,2025,12,13,23,49,臺中市,北屯區,0,0,0,7,,,50,,,,,,,,,,,,,,12,,,,,B01,,,1,,2,,,84,84,1,12,4,120.66932,24.201405,3
6065,66000,387130000C,(04)23274275,(04)23288582,2025,12,13,23,50,臺中市,沙鹿區,0,0,0,7,1,6,50,4,8,1,5,4,6,6,1,1,,3,4,2,12,,,,,B01,,,1,,2,,,45,45,1,12,4,120.562208,24.233206,3
6066,66000,387130000C,(04)23274275,(04)23288582,2025,12,14,0,0,臺中市,霧峰區,0,2,0,7,1,6,25,4,1,1,5,4,6,6,4,4,10,5,5,1,15,2,9,1,1,C03,7,9,1,10,2,11,12,20,20,1,12,4,120.689356,24.06224,2
6067,66000,387130000C,(04)23274275,(04)23288582,2025,12,14,0,12,臺中市,南屯區,0,1,0,7,1,6,40,13,8,1,5,4,6,6,4,4,5,5,4,2,17,2,9,2,4,C03,7,9,1,10,2,12,,84,84,1,6,4,120.614795,24.144642,2
6068,66000,387130000C,(04)23274275,(04)23288582,2025,12,14,0,16,臺中市,神岡區,0,1,0,7,1,6,40,4,1,1,5,4,6,6,1,1,10,5,5,2,17,3,10,3,1,B03,7,6,1,8,2,6,,20,20,1,6,4,120.677538,24.264631,2
6069,66000,387130000C,(04)23274275,(04)23288582,2025,12,14,0,17,臺中市,西屯區,0,0,0,7,,,50,,,,,,,,,,,,,,17,,,,,B03,,,1,,2,,,49,49,1,12,4,120.640437,24.166254,3
6070,66000,387130000C,(04)23274275,(04)23288582,2025,12,14,0,34,臺中市,北區,0,1,0,7,1,6,50,13,9,1,5,4,6,6,4,4,1,4,5,2,17,2,9,5,4,C03,7,9,1,10,2,11,,84,84,1,13,4,120.692056,24.160292,2
6071,66000,387130000C,(04)23274275,(04)23288582,2025,12,14,0,54,臺中市,南屯區,0,2,0,7,1,6,50,4,1,1,5,4,6,6,3,1,5,5,4,2,16,2,9,1,1,C03,7,6,1,10,2,14,,24,24,1,12,4,120.633995,24.159396,2
6072,66000,387130000C,(04)23274275,(04)23288582,2025,12,14,1,48,臺中市,北屯區,0,1,0,7,1,6,50,4,2,1,5,4,6,6,1,1,1,2,5,2,13,3,10,3,1,B03,7,9,3,19,1,1,,58,58,1,6,4,120.70798,24.182341,2
6073,66000,387130000C,(04)23274275,(04)23288582,2025,12,14,1,56,臺中市,豐原區,0,0,0,7,,,50,,,,,,,,,,,,,,12,,,,,B03,,,1,,2,,,55,55,1,13,4,120.727003,24.247771,3
6074,66000,387130000C,(04)23274275,(04)23288582,2025,12,14,2,31,臺中市,西屯區,0,0,0,7,,,50,,,,,,,,,,,,,,13,,,,,C03,,,1,,1,,,59,59,1,12,4,120.626442,24.1846,4
6075,66000,387130000C,(04)23274275,(04)23288582,2025,12,14,4,40,臺中市,西屯區,0,0,0,7,,,40,,,,,,,,,,,,,,17,,,,,B02,,,1,,2,,,59,59,1,12,4,120.646067,24.187912,3
6076,66000,387130000C,(04)23274275,(04)23288582,2025,12,14,5,25,臺中市,中區,0,1,0,7,1,6,50,4,1,1,5,4,6,6,4,4,10,5,5,2,15,3,10,3,1,B03,7,9,1,4,2,2,,13,13,1,6,4,120.682187,24.138635,2
6077,66000,387130000C,(04)23274275,(04)23288582,2025,12,14,5,45,臺中市,西屯區,0,0,0,7,,,0,,,,,,,,,,,,,,9,,,,,C03,,,1,,10,,,85,85,1,12,4,120.644481,24.15692,3
6078,66000,387130000C,(04)23274275,(04)23288582,2025,12,14,5,52,臺中市,北屯區,0,1,0,7,3,6,50,4,2,1,5,4,6,6,1,1,1,4,5,2,13,3,10,1,1,C03,7,9,1,10,2,12,,59,59,1,12,4,120.667513,24.179744,2
6079,66000,387130000C,(04)23274275,(04)23288582,2025,12,14,6,7,臺中市,西屯區,0,0,0,7,,,40,,,,,,,,,,,,,,17,,,,,B03,,,6,,9,,,86,86,2,12,4,120.646541,24.172118,3
6080,66000,387130000C,(04)23274275,(04)23288582,2025,12,14,6,15,臺中市,北屯區,0,0,0,7,,,50,,,,,,,,,,,,,,17,,,,,B12,,,1,,9,,,49,49,2,12,4,120.724341,24.173201,3
6081,66000,387130000C,(04)23274275,(04)23288582,2025,12,14,6,42,臺中市,北區,0,1,0,7,3,6,50,18,24,4,5,4,6,6,2,1,10,5,5,2,17,3,10,5,4,C03,7,1,1,10,2,11,,51,51,1,13,4,120.682427,24.162952,2
6082,66000,387130000C,(04)23274275,(04)23288582,2025,12,14,7,19,臺中市,南屯區,1,0,0,7,3,6,50,4,1,1,5,4,6,6,1,1,10,5,5,2,16,3,10,3,1,B03,7,6,1,8,2,8,,11,11,1,12,4,120.610942,24.145803,1
6083,66000,387130000C,(04)23274275,(04)23288582,2025,12,14,7,25,臺中市,清水區,0,1,0,7,3,6,30,13,9,1,5,4,6,6,4,4,10,5,5,2,17,2,9,2,1,F03,7,9,7,21,2,12,,41,41,1,12,4,120.640113,24.27763,2
6084,66000,387130000C,(04)23274275,(04)23288582,2025,12,14,7,38,臺中市,南屯區,0,1,0,7,2,6,50,4,1,1,5,4,6,6,2,1,9,4,5,2,13,3,10,3,1,B03,7,9,1,8,2,1,,7,7,1,12,4,120.637386,24.151213,2
6085,66000,387130000C,(04)23274275,(04)23288582,2025,12,14,7,38,臺中市,太平區,0,0,0,7,,,30,,,,,,,,,,,,,,,,,,,A05,,,1,,1,,,84,84,1,12,4,120.744637,24.1243,3
6086,66000,387130000C,(04)23274275,(04)23288582,2025,12,14,7,44,臺中市,東區,0,1,0,7,3,6,50,3,9,1,5,4,6,6,4,4,5,4,5,2,13,2,9,2,1,C03,7,9,1,10,2,14,,84,84,1,13,4,120.701113,24.131989,2
6087,66000,387130000C,(04)23274275,(04)23288582,2025,12,14,7,44,臺中市,西屯區,0,1,0,7,2,6,35,3,9,1,5,4,6,6,4,4,10,5,5,2,18,2,9,1,1,C03,7,6,1,9,2,14,,82,82,1,13,4,120.628558,24.173049,2
6088,66000,387130000C,(04)23274275,(04)23288582,2025,12,14,7,55,臺中市,西區,0,0,0,7,,,50,,,,,,,,,,,,,,16,,,,,B03,,,1,,11,,,11,11,1,13,4,120.671918,24.142051,3
6089,66000,387130000C,(04)23274275,(04)23288582,2025,12,14,7,55,臺中市,新社區,0,1,0,7,2,6,50,4,1,1,5,4,6,6,4,4,10,5,5,2,16,2,9,1,1,C03,7,9,1,10,2,11,,12,12,1,12,4,120.792286,24.218522,2
6090,66000,387130000C,(04)23274275,(04)23288582,2025,12,14,7,56,臺中市,北屯區,0,0,0,7,,,50,,,,,,,,,,,,,,17,,,,,,,,,,,,,119,119,1,,,120.660493,24.183694,4
6091,66000,387130000C,(04)23274275,(04)23288582,2025,12,14,7,57,臺中市,霧峰區,0,2,0,7,3,6,50,3,1,1,5,4,6,6,1,1,10,5,5,2,16,2,7,1,1,C03,7,9,1,10,2,11,,21,21,1,13,4,120.691998,24.042745,2
6092,66000,387130000C,(04)23274275,(04)23288582,2025,12,14,8,13,臺中市,大甲區,0,1,0,7,3,6,50,4,1,1,5,4,6,6,4,4,10,5,5,2,15,3,10,3,1,B03,7,9,1,8,2,8,,13,13,1,12,4,120.622185,24.352218,2
6093,66000,387130000C,(04)23274275,(04)23288582,2025,12,14,8,24,臺中市,西屯區,0,0,0,7,,,30,,,,,,,,,,,,,,12,,,,,B03,,,1,,2,,,8,8,1,12,4,120.620558,24.197955,3
6094,66000,387130000C,(04)23274275,(04)23288582,2025,12,14,8,26,臺中市,龍井區,0,0,0,7,,,60,,,,,,,,,,,,,,,,,,,B03,,,1,,1,,,40,40,1,12,4,120.53763,24.199864,3
6095,66000,387130000C,(04)23274275,(04)23288582,2025,12,14,8,36,臺中市,豐原區,0,0,0,7,,,50,,,,,,,,,,,,,,17,,,,,F07,,,7,,1,,,14,14,1,12,4,120.705635,24.253063,4
6096,66000,387130000C,(04)23274275,(04)23288582,2025,12,14,8,39,臺中市,西屯區,0,1,0,7,2,6,50,5,1,1,5,4,6,6,2,1,10,5,5,2,16,3,10,5,4,B03,7,5,1,8,2,8,,84,84,1,13,4,120.659714,24.192656,2
6097,66000,387130000C,(04)23274275,(04)23288582,2025,12,14,8,41,臺中市,后里區,0,0,0,7,2,6,50,4,1,1,5,4,6,6,1,1,5,4,4,1,11,3,10,3,1,B03,7,6,1,8,2,8,,11,11,1,6,4,120.709932,24.303876,3
6098,66000,387130000C,(04)23274275,(04)23288582,2025,12,14,8,48,臺中市,東區,0,1,0,7,1,6,50,13,9,1,5,4,6,6,4,4,5,5,5,2,17,3,10,5,4,C03,7,15,1,10,2,14,,42,42,1,13,4,120.697275,24.148336,2
6099,66000,387130000C,(04)23274275,(04)23288582,2025,12,14,8,52,臺中市,大里區,0,0,0,7,,,60,,,,,,,,,,,,,,13,,,,,B03,,,1,,2,,,7,7,1,6,4,120.69147,24.100691,3
6100,66000,387130000C,(04)23274275,(04)23288582,2025,12,14,9,3,臺中市,西屯區,0,1,0,7,2,6,40,13,8,1,5,4,6,6,4,4,1,2,1,2,13,2,8,1,4,C03,7,9,1,10,2,14,,59,59,1,13,4,120.643731,24.2013,2
6101,66000,387130000C,(04)23274275,(04)23288582,2025,12,14,9,8,臺中市,東區,0,3,0,7,3,6,50,4,1,1,5,4,6,6,4,4,9,5,5,2,12,2,9,2,1,C03,7,6,1,10,2,14,,48,48,1,6,4,120.685288,24.134489,2
6102,66000,387130000C,(04)23274275,(04)23288582,2025,12,14,9,10,臺中市,東勢區,0,1,0,7,2,6,50,5,9,1,5,4,6,6,1,1,5,5,5,2,12,3,10,5,4,B03,7,5,1,8,1,6,,84,84,2,13,4,120.832101,24.246788,2
6103,66000,387130000C,(04)23274275,(04)23288582,2025,12,14,9,15,臺中市,南區,0,0,0,7,,,50,,,,,,,,,,,,,,17,,,,,B03,,,1,,2,,,47,47,1,6,4,120.665889,24.120917,3
6104,66000,387130000C,(04)23274275,(04)23288582,2025,12,14,9,22,臺中市,豐原區,0,0,0,7,,,50,,,,,,,,,,,,,,25,,,,,B03,,,1,,9,,,45,45,1,12,4,120.716666,24.245772,3
6105,66000,387130000C,(04)23274275,(04)23288582,2025,12,14,9,25,臺中市,太平區,0,1,0,7,3,6,30,4,1,1,5,4,6,6,4,4,10,5,5,2,15,2,8,2,1,C03,7,9,1,10,2,11,,12,12,1,12,4,120.701525,24.147024,2
6106,66000,387130000C,(04)23274275,(04)23288582,2025,12,14,9,25,臺中市,太平區,0,1,0,7,2,6,50,13,9,1,5,4,6,6,1,1,5,4,5,2,13,3,10,1,1,C03,7,9,3,19,2,12,,84,84,1,12,4,120.707266,24.129107,2
6107,66000,387130000C,(04)23274275,(04)23288582,2025,12,14,9,25,臺中市,清水區,0,0,0,7,,,50,,,,,,,,,,,,,,,,,,,A12,,,1,,2,,,8,8,1,12,4,120.577149,24.26666,3
6108,66000,387130000C,(04)23274275,(04)23288582,2025,12,14,9,35,臺中市,中區,0,0,0,7,,,1,,,,,,,,,,,,,,9,,,,,C03,,,1,,2,,,84,84,1,13,4,120.683646,24.140295,3
6109,66000,387130000C,(04)23274275,(04)23288582,2025,12,14,9,35,臺中市,南區,0,2,0,7,2,6,50,3,1,1,5,4,6,6,4,4,10,5,5,2,17,2,9,2,1,C03,7,6,1,10,2,12,,12,12,1,12,4,120.659443,24.12616,2
6110,66000,387130000C,(04)23274275,(04)23288582,2025,12,14,9,37,臺中市,北區,0,0,0,7,,,50,,,,,,,,,,,,,,,,,,,B03,,,1,,2,,,84,84,1,12,4,120.67145,24.173071,3
6111,66000,387130000C,(04)23274275,(04)23288582,2025,12,14,9,40,臺中市,梧棲區,0,0,0,7,,,30,,,,,,,,,,,,,,15,,,,,C03,,,1,,1,,,12,12,1,7,4,120.545259,24.248531,3
6112,66000,387130000C,(04)23274275,(04)23288582,2025,12,14,9,45,臺中市,南屯區,0,0,0,7,,,50,,,,,,,,,,,,,,17,,,,,C03,,,1,,9,,,46,46,2,12,4,120.6117,24.137317,3
6113,66000,387130000C,(04)23274275,(04)23288582,2025,12,14,9,45,臺中市,北屯區,0,0,0,7,,,50,,,,,,,,,,,,,,12,,,,,B03,,,1,,1,,,40,40,1,12,4,120.669973,24.176581,3
6114,66000,387130000C,(04)23274275,(04)23288582,2025,12,14,9,50,臺中市,北區,0,2,0,7,2,6,50,13,9,1,5,4,6,6,4,4,5,4,5,2,17,2,9,1,1,C03,7,8,1,10,2,14,,42,42,1,12,4,120.670475,24.161616,2
6115,66000,387130000C,(04)23274275,(04)23288582,2025,12,14,9,55,臺中市,西屯區,0,0,0,7,,,50,,,,,,,,,,,,,,17,,,,,B01,,,1,,1,,,61,61,1,13,4,120.609751,24.185796,3
6116,66000,387130000C,(04)23274275,(04)23288582,2025,12,14,10,1,臺中市,豐原區,0,1,0,7,3,6,30,11,9,1,5,4,6,6,4,4,5,5,5,2,3,3,10,2,4,C03,7,9,1,10,2,12,,84,84,1,12,4,120.716047,24.253505,2
6117,66000,387130000C,(04)23274275,(04)23288582,2025,12,14,10,5,臺中市,北屯區,0,0,0,7,,,50,,,,,,,,,,,,,,13,,,,,C03,,,1,,2,,,59,59,1,12,4,120.686251,24.188697,4
6118,66000,387130000C,(04)23274275,(04)23288582,2025,12,14,10,6,臺中市,豐原區,0,1,0,7,3,6,50,4,1,1,5,4,6,6,1,1,5,5,5,1,13,2,9,1,4,C03,7,9,1,10,2,13,,7,7,1,12,4,120.718854,24.251655,2
6119,66000,387130000C,(04)23274275,(04)23288582,2025,12,14,10,9,臺中市,西區,0,0,0,7,,,50,,,,,,,,,,,,,,17,,,,,B03,,,1,,2,,,59,59,1,13,4,120.661633,24.158698,4
6120,66000,387130000C,(04)23274275,(04)23288582,2025,12,14,10,13,臺中市,沙鹿區,0,1,0,7,2,6,50,3,1,1,5,4,6,6,1,1,10,5,5,2,13,2,8,2,1,C03,7,9,1,10,2,11,,7,7,1,6,4,120.549889,24.229199,2
6121,66000,387130000C,(04)23274275,(04)23288582,2025,12,14,10,15,臺中市,東區,0,2,0,7,1,6,50,3,1,1,5,4,6,6,4,4,10,5,5,2,17,2,9,5,4,C03,7,4,3,19,9,12,,1,1,2,13,4,120.694616,24.139643,2
6122,66000,387130000C,(04)23274275,(04)23288582,2025,12,14,10,16,臺中市,大雅區,0,2,0,7,3,6,50,3,2,1,5,4,6,6,1,1,10,5,5,2,17,3,10,3,1,B03,7,6,1,8,2,2,,8,8,1,12,4,120.644795,24.226515,2
6123,66000,387130000C,(04)23274275,(04)23288582,2025,12,14,10,20,臺中市,烏日區,0,0,0,7,,,30,,,,,,,,,,,,,,12,,,,,B03,,,1,,1,,,8,8,1,6,4,120.616241,24.110175,3
6124,66000,387130000C,(04)23274275,(04)23288582,2025,12,14,10,25,臺中市,西區,0,2,0,7,1,6,40,13,9,1,5,4,6,6,4,4,5,5,5,2,17,2,9,5,4,F01,7,9,7,21,2,11,,7,7,1,12,4,120.660606,24.132963,2
6125,66000,387130000C,(04)23274275,(04)23288582,2025,12,14,10,28,臺中市,南屯區,0,0,0,7,,,50,,,,,,,,,,,,,,,,,,,B03,,,1,,1,,,84,84,1,13,4,120.624092,24.152,3
6126,66000,387130000C,(04)23274275,(04)23288582,2025,12,14,10,31,臺中市,北屯區,0,1,0,7,3,6,50,13,24,1,5,4,6,6,4,4,5,4,4,2,9,3,10,3,1,A04,7,14,1,2,2,16,,87,87,1,6,4,120.733265,24.164488,2
6127,66000,387130000C,(04)23274275,(04)23288582,2025,12,14,10,34,臺中市,北屯區,0,2,0,7,2,6,30,4,1,1,5,4,6,6,4,4,10,5,5,2,17,2,9,1,1,C03,7,6,1,10,2,11,,14,14,1,6,4,120.681313,24.188881,2
6128,66000,387130000C,(04)23274275,(04)23288582,2025,12,14,10,45,臺中市,南區,0,0,0,7,,,40,,,,,,,,,,,,,,30,,,,,C03,,,1,,9,,,87,87,1,6,4,120.668062,24.11702,3
6129,66000,387130000C,(04)23274275,(04)23288582,2025,12,14,10,47,臺中市,大里區,0,1,0,7,2,6,50,4,2,1,5,4,6,6,1,1,10,5,5,1,17,3,10,3,1,B03,7,11,1,8,2,6,,45,45,1,13,4,120.695837,24.088177,2
6130,66000,387130000C,(04)23274275,(04)23288582,2025,12,14,10,49,臺中市,西屯區,0,1,0,7,2,6,50,4,1,1,5,4,6,6,2,1,10,5,5,2,13,2,8,1,1,C03,7,9,1,10,2,11,,7,7,1,13,4,120.641028,24.167939,2
6131,66000,387130000C,(04)23274275,(04)23288582,2025,12,14,10,54,臺中市,北屯區,0,1,0,7,2,6,50,5,1,1,5,4,6,6,4,4,5,5,5,2,12,2,7,2,1,F03,7,6,7,21,2,14,,84,84,1,12,4,120.660587,24.193659,2
6132,66000,387130000C,(04)23274275,(04)23288582,2025,12,14,10,55,臺中市,西屯區,0,0,0,7,,,60,,,,,,,,,,,,,,13,,,,,A04,,,1,,1,,,7,7,1,12,4,120.6387,24.169034,3
6133,66000,387130000C,(04)23274275,(04)23288582,2025,12,14,10,57,臺中市,新社區,0,1,0,7,2,6,50,4,2,1,5,4,6,6,3,1,5,5,5,1,12,3,10,5,4,B03,7,8,1,5,2,8,,12,12,1,13,4,120.806076,24.237681,2
6134,66000,387130000C,(04)23274275,(04)23288582,2025,12,14,10,58,臺中市,北屯區,0,0,0,7,,,50,,,,,,,,,,,,,,,,,,,C03,,,1,,1,,,85,85,1,13,4,120.688293,24.172029,3
6135,66000,387130000C,(04)23274275,(04)23288582,2025,12,14,10,58,臺中市,北屯區,0,0,0,7,,,50,,,,,,,,,,,,,,13,,,,,B03,,,1,,1,,,7,7,1,6,4,120.70204,24.16508,3
6136,66000,387130000C,(04)23274275,(04)23288582,2025,12,14,10,59,臺中市,南屯區,0,1,0,7,2,6,40,3,1,1,5,4,6,6,1,1,9,4,3,2,12,2,9,1,1,C03,7,6,5,19,2,14,,25,25,1,12,4,120.585308,24.166694,2
6137,66000,387130000C,(04)23274275,(04)23288582,2025,12,14,11,2,臺中市,豐原區,0,3,0,7,2,6,50,9,8,1,5,4,6,6,4,4,1,4,4,1,3,2,9,6,5,H01,8,16,7,21,10,17,,98,98,1,12,5,120.728445,24.240901,2
6138,66000,387130000C,(04)23274275,(04)23288582,2025,12,14,11,3,臺中市,烏日區,0,1,0,7,2,6,50,4,2,1,5,4,6,6,1,1,5,5,4,2,13,2,1,5,4,C03,7,9,1,10,2,12,,7,7,1,6,4,120.60793,24.117784,2
6139,66000,387130000C,(04)23274275,(04)23288582,2025,12,14,11,5,臺中市,北區,0,1,0,7,3,6,50,4,1,1,5,4,6,6,1,1,10,5,5,2,16,3,10,3,1,B03,7,9,1,8,1,2,,87,87,2,12,4,120.672135,24.164919,2
6140,66000,387130000C,(04)23274275,(04)23288582,2025,12,14,11,5,臺中市,大里區,0,1,0,7,3,6,30,3,1,1,5,4,6,6,4,4,10,5,5,1,18,3,10,3,1,B03,7,1,1,8,2,16,,51,51,1,12,4,120.715659,24.085972,2
6141,66000,387130000C,(04)23274275,(04)23288582,2025,12,14,11,6,臺中市,豐原區,0,0,0,7,,,50,,,,,,,,,,,,,,17,,,,,C03,,,1,,2,,,84,84,1,12,4,120.736903,24.255866,4
6142,66000,387130000C,(04)23274275,(04)23288582,2025,12,14,11,8,臺中市,新社區,0,0,0,7,,,50,,,,,,,,,,,,,,13,,,,,B02,,,1,,2,,,7,7,1,13,4,120.793603,24.205798,3
6143,66000,387130000C,(04)23274275,(04)23288582,2025,12,14,11,9,臺中市,梧棲區,0,1,0,7,2,6,30,11,9,1,5,4,6,6,4,4,10,5,5,2,10,3,10,1,1,C03,7,9,1,16,2,14,,41,41,1,12,4,120.532363,24.253909,2
6144,66000,387130000C,(04)23274275,(04)23288582,2025,12,14,11,14,臺中市,北屯區,0,2,0,7,2,6,50,4,1,1,5,4,6,6,4,4,10,5,5,2,16,2,9,5,4,C03,7,5,1,10,2,12,,20,20,1,12,4,120.671553,24.173968,2
6145,66000,387130000C,(04)23274275,(04)23288582,2025,12,14,11,21,臺中市,后里區,0,0,0,7,3,6,50,13,9,1,5,4,6,,4,1,9,5,5,2,17,3,10,3,1,B03,7,1,1,8,2,2,,51,51,1,6,4,120.711517,24.304809,3
6146,66000,387130000C,(04)23274275,(04)23288582,2025,12,14,11,25,臺中市,西區,0,0,0,7,,,40,,,,,,,,,,,,,,17,,,,,C04,,,1,,2,,,59,59,1,13,4,120.661251,24.159387,3
6147,66000,387130000C,(04)23274275,(04)23288582,2025,12,14,11,26,臺中市,北屯區,0,0,0,7,,3,40,,,,,,,,,,,,,,13,,,,,B03,,,1,,2,,,7,7,1,6,4,120.69411,24.201016,3