序號,縣市別代碼,機關代碼,市話,傳真,年,月,日,時,分,縣市,區,死亡數量,受傷數量,2-30,天候,道路照明設備,道路類別,道路速限,道路型態,事故位置,路面鋪裝,路面狀態,路面缺陷,障礙物,視距,號誌種類,號誌動作,分向設施,快車道或一般車道間,快慢車道間,路面邊線,事故類型及型態,受傷程度,主要傷處,保護裝備,行動電話或功能裝置,當事者區分(類別),車輛用途,當事者行動狀態,駕照狀態,駕照種類,飲酒情形,車輛撞擊部位最初,車輛撞擊部位其他,肇事因素個別,肇事因素主要,肇事逃逸,職業,共享經濟或外送平台,GPS座標X,GPS座標Y,事故類別
6148,66000,387130000C,(04)23274275,(04)23288582,2025,12,14,11,28,臺中市,北屯區,0,1,0,7,2,6,50,13,9,1,5,4,6,6,4,4,1,4,5,2,13,2,9,2,1,C03,7,9,1,10,2,14,,7,7,1,6,4,120.685524,24.174305,2
6149,66000,387130000C,(04)23274275,(04)23288582,2025,12,14,11,29,臺中市,太平區,0,1,0,7,3,6,30,13,9,1,5,4,6,6,4,4,5,5,5,1,13,2,9,2,1,C03,7,9,1,9,2,11,,7,7,1,12,4,120.81844,24.08578,2
6150,66000,387130000C,(04)23274275,(04)23288582,2025,12,14,11,30,臺中市,西區,0,1,0,7,1,6,50,4,1,1,5,4,6,6,1,1,10,5,5,1,17,3,10,5,4,B03,7,5,1,8,2,5,,84,84,1,12,4,120.675855,24.133176,2
6151,66000,387130000C,(04)23274275,(04)23288582,2025,12,14,11,30,臺中市,西屯區,0,1,0,7,2,6,50,13,9,1,5,4,6,6,4,4,1,4,5,2,18,2,9,5,4,C03,7,9,1,10,2,12,,84,84,1,13,4,120.650599,24.190705,2
6152,66000,387130000C,(04)23274275,(04)23288582,2025,12,14,11,32,臺中市,霧峰區,0,0,0,7,,,30,,,,,,,,,,,,,,,,,,,C03,,,1,,1,,,84,84,1,13,4,120.669727,24.077868,3
6153,66000,387130000C,(04)23274275,(04)23288582,2025,12,14,11,33,臺中市,豐原區,0,1,0,7,2,6,50,5,2,1,5,4,6,6,2,1,1,4,4,1,17,3,10,1,1,C04,7,6,1,10,2,11,,41,41,1,12,4,120.746099,24.265702,2
6154,66000,387130000C,(04)23274275,(04)23288582,2025,12,14,11,34,臺中市,大安區,0,1,0,7,3,6,30,3,1,1,5,4,6,6,4,4,10,5,5,1,17,3,10,5,4,C03,7,9,1,10,2,11,,7,7,1,6,4,120.601957,24.357992,2
6155,66000,387130000C,(04)23274275,(04)23288582,2025,12,14,11,38,臺中市,西區,0,2,0,7,3,6,30,13,9,1,5,4,6,6,4,4,10,5,5,2,12,3,10,3,1,B03,7,1,1,8,2,8,,51,51,1,6,4,120.655683,24.143857,2
6156,66000,387130000C,(04)23274275,(04)23288582,2025,12,14,11,38,臺中市,北區,0,0,0,7,,,50,,,,,,,,,,,,,,17,,,,,B03,,,1,,1,,,84,84,1,12,4,120.687291,24.163977,3
6157,66000,387130000C,(04)23274275,(04)23288582,2025,12,14,11,40,臺中市,大里區,0,0,0,7,,,50,,,,,,,,,,,,,,,,,,,C03,,,1,,9,,,85,85,1,12,4,120.696534,24.111188,3
6158,66000,387130000C,(04)23274275,(04)23288582,2025,12,14,11,41,臺中市,大甲區,0,0,0,7,,,50,,,,,,,,,,,,,,,,,,,B03,,,1,,1,,,50,50,1,6,4,120.623784,24.346373,3
6159,66000,387130000C,(04)23274275,(04)23288582,2025,12,14,11,43,臺中市,西屯區,0,0,0,7,,,50,,,,,,,,,,,,,,12,,,,,B03,,,1,,2,,,8,8,1,13,4,120.661727,24.164483,4
6160,66000,387130000C,(04)23274275,(04)23288582,2025,12,14,11,56,臺中市,霧峰區,0,0,0,7,,,30,,,,,,,,,,,,,,17,,,,,B11,,,1,,2,,,84,84,1,13,4,120.700141,24.039617,3
6161,66000,387130000C,(04)23274275,(04)23288582,2025,12,14,11,58,臺中市,北屯區,0,1,0,7,2,6,50,5,1,1,5,4,6,6,4,4,9,5,4,2,16,2,7,2,1,C03,7,6,1,10,2,12,,14,14,1,12,2,120.711637,24.16953,2
6162,66000,387130000C,(04)23274275,(04)23288582,2025,12,14,12,0,臺中市,北屯區,0,2,0,7,2,6,50,4,1,1,5,4,6,6,1,1,10,5,5,2,16,3,10,5,4,C03,7,5,1,10,2,11,,20,20,1,12,4,120.688341,24.177109,2
6163,66000,387130000C,(04)23274275,(04)23288582,2025,12,14,12,4,臺中市,后里區,0,0,0,7,2,6,40,4,1,1,5,4,6,6,1,1,5,4,4,1,16,3,10,3,1,C03,7,6,1,10,1,14,,48,48,1,12,4,120.692615,24.313938,3
6164,66000,387130000C,(04)23274275,(04)23288582,2025,12,14,12,5,臺中市,北屯區,0,0,0,7,,,50,,,,,,,,,,,,,,13,,,,,B03,,,1,,2,,,59,59,1,6,4,120.697662,24.16979,3
6165,66000,387130000C,(04)23274275,(04)23288582,2025,12,14,12,13,臺中市,南屯區,0,1,0,7,2,6,60,13,9,1,5,4,6,6,1,1,5,4,5,2,13,2,9,1,1,C03,7,9,2,19,2,11,,7,7,1,4,4,120.641575,24.134848,2
6166,66000,387130000C,(04)23274275,(04)23288582,2025,12,14,12,13,臺中市,大里區,0,1,0,7,3,6,30,3,2,1,5,4,6,6,1,1,10,5,5,2,18,2,9,4,1,F03,7,1,7,21,2,16,,84,84,1,3,4,120.700118,24.094047,2
6167,66000,387130000C,(04)23274275,(04)23288582,2025,12,14,12,14,臺中市,北屯區,0,0,0,7,,,50,,,,,,,,,,,,,,,,,,,B03,,,1,,1,,,7,7,1,6,4,120.685976,24.180217,3
6168,66000,387130000C,(04)23274275,(04)23288582,2025,12,14,12,15,臺中市,東區,0,0,0,7,,,50,,,,,,,,,,,,,,12,,,,,B03,,,1,,1,,,8,8,1,12,4,120.689594,24.137865,4
6169,66000,387130000C,(04)23274275,(04)23288582,2025,12,14,12,32,臺中市,龍井區,0,1,0,7,2,6,50,4,1,1,5,4,6,6,2,1,10,5,5,2,17,3,10,3,1,B03,7,6,1,8,2,16,,87,87,1,6,4,120.584242,24.181973,2
6170,66000,387130000C,(04)23274275,(04)23288582,2025,12,14,12,33,臺中市,太平區,0,0,0,7,,,50,,,,,,,,,,,,,,14,,,,,B03,,,1,,2,,,49,49,1,12,4,120.733294,24.142247,3
6171,66000,387130000C,(04)23274275,(04)23288582,2025,12,14,12,38,臺中市,霧峰區,0,0,0,7,,,50,,,,,,,,,,,,,,,,,,,B03,,,1,,2,,,50,50,1,13,4,120.698033,24.063233,3
6172,66000,387130000C,(04)23274275,(04)23288582,2025,12,14,12,40,臺中市,梧棲區,0,0,0,7,,,60,,,,,,,,,,,,,,13,,,,,B03,,,1,,1,,,56,56,1,12,4,120.525225,24.254084,3
6173,66000,387130000C,(04)23274275,(04)23288582,2025,12,14,12,45,臺中市,北屯區,0,1,0,7,2,6,50,4,2,1,5,4,6,6,2,1,5,5,5,2,13,2,8,2,1,C03,7,9,1,10,2,11,,7,7,1,12,2,120.729614,24.171167,2
6174,66000,387130000C,(04)23274275,(04)23288582,2025,12,14,12,46,臺中市,大里區,0,0,0,7,,,50,,,,,,,,,,,,,,17,,,,,B03,,,1,,2,,,8,8,1,12,4,120.698224,24.080386,3
6175,66000,387130000C,(04)23274275,(04)23288582,2025,12,14,12,46,臺中市,沙鹿區,0,0,0,7,,,40,,,,,,,,,,,,,,17,,,,,C03,,,1,,2,,,85,85,1,6,4,120.569003,24.223063,3
6176,66000,387130000C,(04)23274275,(04)23288582,2025,12,14,12,52,臺中市,清水區,0,0,0,7,,,40,,,,,,,,,,,,,,,,,,,B03,,,1,,2,,,7,7,1,12,4,120.577913,24.300895,3
6177,66000,387130000C,(04)23274275,(04)23288582,2025,12,14,12,54,臺中市,北區,0,1,0,7,3,6,50,13,9,1,5,4,6,6,4,4,1,4,5,2,24,2,9,1,1,C03,7,9,1,10,2,15,,87,87,1,12,4,120.673049,24.167264,2
6178,66000,387130000C,(04)23274275,(04)23288582,2025,12,14,12,57,臺中市,大雅區,0,0,0,7,,,50,,,,,,,,,,,,,,,,,,,B03,,,1,,1,,,20,20,1,13,4,120.668725,24.214713,3
6179,66000,387130000C,(04)23274275,(04)23288582,2025,12,14,13,5,臺中市,潭子區,0,0,0,7,,,40,,,,,,,,,,,,,,14,,,,,B03,,,1,,9,,,49,49,1,12,4,120.70424,24.210218,3
6180,66000,387130000C,(04)23274275,(04)23288582,2025,12,14,13,5,臺中市,西區,0,1,0,7,2,6,50,4,1,1,5,4,6,6,1,1,9,4,5,2,17,3,10,3,1,A04,7,6,1,2,2,2,,11,11,1,12,4,120.671964,24.135109,2
6181,66000,387130000C,(04)23274275,(04)23288582,2025,12,14,13,5,臺中市,太平區,0,1,0,7,2,6,50,3,1,1,5,4,6,6,2,1,5,5,4,2,16,2,9,1,1,C03,7,6,1,10,2,14,,11,11,1,12,4,120.706675,24.159352,2
6182,66000,387130000C,(04)23274275,(04)23288582,2025,12,14,13,8,臺中市,大雅區,0,1,0,7,3,6,50,5,9,2,5,4,6,6,4,4,10,5,5,2,12,2,8,2,1,C03,7,1,1,10,2,14,,51,51,1,13,4,120.648996,24.223969,2
6183,66000,387130000C,(04)23274275,(04)23288582,2025,12,14,13,10,臺中市,西屯區,0,0,0,7,,,60,,,,,,,,,,,,,,14,,,,,B03,,,1,,1,,,49,49,1,13,4,120.646454,24.164454,3
6184,66000,387130000C,(04)23274275,(04)23288582,2025,12,14,13,11,臺中市,大甲區,0,1,0,7,3,6,50,3,1,1,5,4,6,6,4,4,10,5,5,2,17,2,9,5,4,C03,7,9,1,10,2,14,,84,84,1,6,4,120.624953,24.337398,2
6185,66000,387130000C,(04)23274275,(04)23288582,2025,12,14,13,12,臺中市,西屯區,0,0,0,7,,,50,,,,,,,,,,,,,,16,,,,,B03,,,1,,1,,,51,51,1,12,4,120.609782,24.19261,3
6186,66000,387130000C,(04)23274275,(04)23288582,2025,12,14,13,13,臺中市,西屯區,0,1,0,7,2,6,50,3,1,1,5,4,6,6,4,4,10,5,5,2,16,3,10,5,4,B03,7,6,1,8,2,4,,14,14,1,12,4,120.659636,24.165316,2
6187,66000,387130000C,(04)23274275,(04)23288582,2025,12,14,13,14,臺中市,北屯區,0,0,0,7,,3,50,,,,,,,,,,,,,,,,,,,B03,,,1,,1,,,84,84,1,13,4,120.682895,24.200924,3
6188,66000,387130000C,(04)23274275,(04)23288582,2025,12,14,13,18,臺中市,西屯區,0,2,0,7,2,3,80,13,9,1,5,4,6,6,4,4,10,4,5,2,13,3,10,3,1,B03,7,9,1,8,2,1,,7,7,1,13,4,120.632318,24.170467,2
6189,66000,387130000C,(04)23274275,(04)23288582,2025,12,14,13,28,臺中市,南屯區,0,0,0,7,,,50,,,,,,,,,,,,,,,,,,,B12,,,1,,2,,,7,7,1,6,4,120.643934,24.133373,3
6190,66000,387130000C,(04)23274275,(04)23288582,2025,12,14,13,29,臺中市,烏日區,0,1,0,7,1,6,30,18,24,1,5,4,6,6,4,4,10,5,5,2,17,3,10,1,1,C03,7,9,1,10,2,11,,26,26,1,6,4,120.632734,24.110103,2
6191,66000,387130000C,(04)23274275,(04)23288582,2025,12,14,13,30,臺中市,南屯區,0,0,0,7,,,50,,,,,,,,,,,,,,13,,,,,B03,,,1,,1,,,7,7,1,12,4,120.645775,24.129485,3
6192,66000,387130000C,(04)23274275,(04)23288582,2025,12,14,13,30,臺中市,大甲區,0,1,0,7,3,6,50,13,9,1,5,4,6,6,4,4,5,5,5,1,18,,,,,,,,,,,,,119,119,1,,,120.637145,24.369045,2
6193,66000,387130000C,(04)23274275,(04)23288582,2025,12,14,13,31,臺中市,東區,0,1,0,7,1,6,50,3,1,1,5,4,6,6,1,1,10,5,5,2,17,3,10,5,4,B03,7,5,1,8,2,5,,11,11,1,13,4,120.693528,24.138754,2
6194,66000,387130000C,(04)23274275,(04)23288582,2025,12,14,13,31,臺中市,北屯區,0,0,0,7,,,50,,,,,,,,,,,,,,13,,,,,C03,,,1,,2,,,7,7,1,6,4,120.721003,24.175968,4
6195,66000,387130000C,(04)23274275,(04)23288582,2025,12,14,13,34,臺中市,南區,0,1,0,7,3,6,50,4,1,1,5,4,6,6,2,1,1,5,5,2,12,3,10,3,1,B03,7,5,1,8,2,2,,47,47,1,13,4,120.679168,24.126914,2
6196,66000,387130000C,(04)23274275,(04)23288582,2025,12,14,13,34,臺中市,大里區,0,0,0,7,,,40,,,,,,,,,,,,,,17,,,,,B12,,,1,,2,,,51,51,1,13,4,120.702952,24.087779,3
6197,66000,387130000C,(04)23274275,(04)23288582,2025,12,14,13,35,臺中市,西區,0,1,0,7,2,6,50,13,9,1,5,4,6,6,4,4,10,5,5,2,9,3,10,5,4,B03,7,9,1,8,2,5,,85,85,1,13,4,120.66231,24.151639,2
6198,66000,387130000C,(04)23274275,(04)23288582,2025,12,14,13,35,臺中市,后里區,0,0,0,7,,,30,,,,,,,,,,,,,,14,,,,,B12,,,1,,1,,,50,49,1,12,4,120.684961,24.29821,3
6199,66000,387130000C,(04)23274275,(04)23288582,2025,12,14,13,43,臺中市,豐原區,0,0,0,7,,,50,,,,,,,,,,,,,,,,,,,B01,,,1,,2,,,58,58,1,12,4,120.756161,24.275599,3
6200,66000,387130000C,(04)23274275,(04)23288582,2025,12,14,13,45,臺中市,中區,0,2,0,7,3,6,50,4,1,1,5,4,6,6,1,1,10,5,5,2,16,2,9,1,1,C03,7,6,1,10,2,14,,85,85,1,6,4,120.680201,24.143095,2
6201,66000,387130000C,(04)23274275,(04)23288582,2025,12,14,13,45,臺中市,西屯區,0,1,0,7,2,6,30,3,9,1,5,4,6,6,4,4,5,4,5,2,17,2,9,1,4,C03,7,8,3,19,2,11,,84,84,1,13,4,120.644459,24.171819,2
6202,66000,387130000C,(04)23274275,(04)23288582,2025,12,14,13,51,臺中市,北區,0,0,0,7,,,50,,,,,,,,,,,,,,12,,,,,C03,,,1,,1,11,,84,84,1,12,2,120.676905,24.164566,3
6203,66000,387130000C,(04)23274275,(04)23288582,2025,12,14,13,51,臺中市,東區,0,2,0,7,2,6,50,3,1,1,5,4,6,6,4,4,10,5,5,2,16,2,9,2,1,C03,7,6,1,10,2,14,,87,87,1,6,4,120.695732,24.151007,2
6204,66000,387130000C,(04)23274275,(04)23288582,2025,12,14,13,53,臺中市,中區,0,0,0,7,,,50,,,,,,,,,,,,,,,,,,,C03,,,3,,2,,,7,7,1,13,4,120.676224,24.144453,3
6205,66000,387130000C,(04)23274275,(04)23288582,2025,12,14,13,54,臺中市,西屯區,0,4,0,7,2,6,40,4,8,1,5,4,6,6,2,1,1,4,1,2,13,2,9,5,4,C03,7,9,1,10,2,11,,7,7,1,13,4,120.649777,24.16273,2
6206,66000,387130000C,(04)23274275,(04)23288582,2025,12,14,13,57,臺中市,西區,0,0,0,7,,,50,,,,,,,,,,,,,,11,,,,,B03,,,1,,1,,,50,50,1,12,4,120.660312,24.153,3
6207,66000,387130000C,(04)23274275,(04)23288582,2025,12,14,13,57,臺中市,西屯區,0,1,0,7,1,6,50,4,1,1,5,4,6,6,2,1,10,5,5,2,17,3,10,3,1,B03,7,6,1,8,2,16,,11,11,1,12,4,120.620123,24.187115,2
6208,66000,387130000C,(04)23274275,(04)23288582,2025,12,14,13,58,臺中市,西區,0,0,0,7,,,50,,,,,,,,,,,,,,,,,,,B12,,,1,8,1,,,51,51,1,13,4,120.664133,24.14895,3
6209,66000,387130000C,(04)23274275,(04)23288582,2025,12,14,14,0,臺中市,北區,0,1,0,7,3,6,50,3,1,1,5,4,6,6,1,1,10,5,5,2,18,2,9,6,1,F01,7,9,7,21,1,11,,84,84,1,12,4,120.687169,24.148841,2
6210,66000,387130000C,(04)23274275,(04)23288582,2025,12,14,14,0,臺中市,南屯區,0,0,0,7,,,50,,,,,,,,,,,,,,12,,,,,B03,,,1,,2,,,8,8,1,12,4,120.611983,24.137375,4
6211,66000,387130000C,(04)23274275,(04)23288582,2025,12,14,14,0,臺中市,西屯區,0,1,0,7,2,6,50,13,9,1,5,4,6,6,4,4,5,4,5,2,16,3,10,5,4,B03,7,1,1,8,2,8,,51,51,1,12,4,120.642752,24.16454,2
6212,66000,387130000C,(04)23274275,(04)23288582,2025,12,14,14,0,臺中市,西屯區,0,0,0,7,,,50,,,,,,,,,,,,,,17,,,,,B03,,,1,,1,,,59,59,1,13,4,120.650938,24.158067,3
6213,66000,387130000C,(04)23274275,(04)23288582,2025,12,14,14,2,臺中市,北區,0,0,0,7,,,30,,,,,,,,,,,,,,17,,,,,,,,,,,,,119,119,1,,,120.687385,24.165527,3
6214,66000,387130000C,(04)23274275,(04)23288582,2025,12,14,14,10,臺中市,清水區,0,1,0,7,3,6,50,11,9,1,5,4,6,6,4,4,10,5,5,1,27,2,7,2,1,C01,7,9,1,9,2,11,,84,84,1,12,4,120.592252,24.280626,2
6215,66000,387130000C,(04)23274275,(04)23288582,2025,12,14,14,15,臺中市,大雅區,0,1,0,7,1,6,50,13,9,1,5,4,6,6,4,4,5,5,5,1,2,3,10,3,1,B03,7,9,1,8,2,5,,84,84,1,12,4,120.649408,24.225076,2
6216,66000,387130000C,(04)23274275,(04)23288582,2025,12,14,14,16,臺中市,中區,0,0,0,7,,,50,,,,,,,,,,,,,,,,,,,B01,,,1,,1,,,40,40,1,6,4,120.680057,24.141641,3
6217,66000,387130000C,(04)23274275,(04)23288582,2025,12,14,14,22,臺中市,潭子區,0,0,0,7,,,50,,,,,,,,,,,,,,,,,,,B03,,,1,,2,,,59,59,1,13,4,120.718045,24.197467,3
6218,66000,387130000C,(04)23274275,(04)23288582,2025,12,14,14,29,臺中市,豐原區,0,0,0,7,,,50,,,,,,,,,,,,,,17,,,,,B03,,,1,,9,,,50,50,1,12,4,120.717419,24.240873,3
6219,66000,387130000C,(04)23274275,(04)23288582,2025,12,14,14,32,臺中市,梧棲區,0,0,0,7,,,60,,,,,,,,,,,,,,13,,,,,B03,,,1,,1,,,7,7,1,6,4,120.53427,24.250602,3
6220,66000,387130000C,(04)23274275,(04)23288582,2025,12,14,14,35,臺中市,神岡區,0,3,0,7,2,6,50,3,1,1,5,4,6,6,3,1,10,5,5,2,17,2,9,2,1,C03,7,4,1,10,2,11,,85,85,1,6,4,120.659863,24.253546,2
6221,66000,387130000C,(04)23274275,(04)23288582,2025,12,14,14,38,臺中市,南區,0,1,0,7,2,6,50,4,1,1,5,4,6,6,2,1,10,5,5,1,16,3,10,3,1,B03,7,5,1,8,2,2,,11,11,1,12,4,120.679099,24.126956,2
6222,66000,387130000C,(04)23274275,(04)23288582,2025,12,14,14,39,臺中市,西區,0,0,0,7,,,50,,,,,,,,,,,,,,16,,,,,B03,,,1,,1,,,39,39,1,13,4,120.660995,24.155209,3
6223,66000,387130000C,(04)23274275,(04)23288582,2025,12,14,14,40,臺中市,大雅區,0,0,0,7,,,50,,,,,,,,,,,,,,,,,,,B12,,,1,,2,,,11,11,1,13,4,120.651711,24.246282,3
6224,66000,387130000C,(04)23274275,(04)23288582,2025,12,14,14,40,臺中市,太平區,0,2,0,7,2,6,40,5,1,1,5,4,6,6,2,1,10,5,5,2,16,2,9,2,1,C03,7,5,1,10,2,14,,20,20,1,12,4,120.713077,24.143523,2
6225,66000,387130000C,(04)23274275,(04)23288582,2025,12,14,14,45,臺中市,潭子區,0,2,0,7,3,6,50,4,4,1,5,4,6,6,1,1,1,4,5,2,13,2,9,2,1,C03,7,9,1,10,2,11,14,84,84,1,13,4,120.718121,24.197412,2
6226,66000,387130000C,(04)23274275,(04)23288582,2025,12,14,14,46,臺中市,南屯區,0,0,0,7,,3,40,,,,,,,,,,,,,,,,,,,B03,,,1,,1,,,7,7,1,12,4,120.617391,24.118606,3
6227,66000,387130000C,(04)23274275,(04)23288582,2025,12,14,14,51,臺中市,潭子區,0,1,0,7,3,6,40,3,1,1,5,4,6,6,1,1,10,5,5,2,13,2,8,2,1,C03,7,9,1,10,2,11,,59,59,1,12,4,120.706239,24.220307,2
6228,66000,387130000C,(04)23274275,(04)23288582,2025,12,14,14,53,臺中市,中區,0,1,0,7,2,6,50,13,9,1,5,4,6,6,4,4,5,4,5,2,17,2,9,1,1,C03,7,15,1,10,2,14,,42,42,1,12,4,120.684085,24.138079,2
6229,66000,387130000C,(04)23274275,(04)23288582,2025,12,14,14,56,臺中市,沙鹿區,0,1,0,7,2,6,50,13,9,1,5,4,6,6,4,4,8,3,5,1,30,3,10,5,4,C03,7,9,1,10,2,16,,84,84,1,13,4,120.60428,24.262592,2
6230,66000,387130000C,(04)23274275,(04)23288582,2025,12,14,14,56,臺中市,神岡區,0,2,0,6,2,6,50,13,7,1,5,4,6,6,4,4,9,5,4,2,17,2,9,5,4,F03,7,9,7,21,2,12,,8,8,1,12,4,120.661721,24.258782,2
6231,66000,387130000C,(04)23274275,(04)23288582,2025,12,14,15,1,臺中市,南屯區,0,1,0,7,2,6,50,13,9,1,5,4,6,6,4,4,5,5,5,2,17,3,10,4,1,B03,7,13,1,8,2,4,,76,76,1,6,4,120.641656,24.129574,2
6232,66000,387130000C,(04)23274275,(04)23288582,2025,12,14,15,2,臺中市,大里區,0,1,0,7,2,6,30,13,9,1,5,4,6,6,4,4,10,5,5,2,16,3,10,3,1,B03,7,1,1,8,5,1,,51,51,1,13,4,120.68841,24.109207,2
6233,66000,387130000C,(04)23274275,(04)23288582,2025,12,14,15,7,臺中市,北區,0,0,0,7,,,30,,,,,,,,,,,,,,17,,,,,B03,,,1,,2,,,20,20,1,12,4,120.67748,24.159641,3
6234,66000,387130000C,(04)23274275,(04)23288582,2025,12,14,15,9,臺中市,中區,0,0,0,7,,,50,,,,,,,,,,,,,,12,,,,,B01,,,1,,10,,,77,77,1,12,4,120.685721,24.143166,4
6235,66000,387130000C,(04)23274275,(04)23288582,2025,12,14,15,10,臺中市,北屯區,0,0,0,7,,,50,,,,,,,,,,,,,,15,,,,,B03,,,1,,1,,,21,21,1,12,4,120.689927,24.201295,3
6236,66000,387130000C,(04)23274275,(04)23288582,2025,12,14,15,11,臺中市,后里區,0,1,0,7,2,6,30,5,1,1,5,4,6,6,4,4,5,5,5,1,15,3,10,3,1,B12,7,9,1,8,2,5,,84,84,1,6,4,120.677459,24.313115,2
6237,66000,387130000C,(04)23274275,(04)23288582,2025,12,14,15,13,臺中市,西屯區,0,0,0,7,,,50,,,,,,,,,,,,,,,,,,,C03,,,1,,1,,,7,7,1,13,2,120.646157,24.158767,4
6238,66000,387130000C,(04)23274275,(04)23288582,2025,12,14,15,16,臺中市,西區,0,0,0,7,,,50,,,,,,,,,,,,,,,,,,,C03,,,1,10,1,,,84,84,1,13,4,120.667195,24.146442,3
6239,66000,387130000C,(04)23274275,(04)23288582,2025,12,14,15,20,臺中市,烏日區,0,1,0,7,2,6,40,4,1,1,5,4,6,6,2,1,5,4,4,2,16,2,8,4,1,F01,7,6,7,21,2,14,,11,11,1,6,4,120.634111,24.106476,2
6240,66000,387130000C,(04)23274275,(04)23288582,2025,12,14,15,22,臺中市,西區,0,0,0,7,,,50,,,,,,,,,,,,,,,,,,,F01,,,7,,2,,,21,21,1,12,4,120.660139,24.146026,3
6241,66000,387130000C,(04)23274275,(04)23288582,2025,12,14,15,23,臺中市,東區,0,2,0,7,2,6,0,13,24,2,5,4,6,6,4,4,10,5,5,1,13,2,7,6,1,F01,7,9,7,21,1,11,,84,84,1,12,4,120.697329,24.146981,2
6242,66000,387130000C,(04)23274275,(04)23288582,2025,12,14,15,25,臺中市,太平區,0,0,0,7,,,5,,,,,,,,,,,,,,13,,,,,B03,,,1,,1,,,7,7,1,12,4,120.710678,24.140807,3
6243,66000,387130000C,(04)23274275,(04)23288582,2025,12,14,15,27,臺中市,潭子區,0,0,0,7,,3,40,,,,,,,,,,,,,,,,,,,B03,,,1,,2,,,84,84,1,13,4,120.697532,24.201015,3
6244,66000,387130000C,(04)23274275,(04)23288582,2025,12,14,15,27,臺中市,東區,0,1,0,7,3,6,50,4,1,1,5,4,5,6,1,1,10,5,5,2,13,2,8,2,1,C03,7,9,1,10,2,11,,84,84,1,12,4,120.688215,24.130736,2
6245,66000,387130000C,(04)23274275,(04)23288582,2025,12,14,15,35,臺中市,西屯區,0,0,0,7,,,60,,,,,,,,,,,,,,17,,,,,A05,,,1,,1,,,8,8,1,12,4,120.648958,24.162818,3
6246,66000,387130000C,(04)23274275,(04)23288582,2025,12,14,15,37,臺中市,太平區,0,1,0,7,2,6,30,3,1,1,5,4,6,6,4,4,10,5,4,2,16,2,9,1,1,C03,7,5,1,10,2,12,,47,47,1,5,4,120.732774,24.1431,2
6247,66000,387130000C,(04)23274275,(04)23288582,2025,12,14,15,39,臺中市,南屯區,0,0,0,7,,,50,,,,,,,,,,,,,,13,,,,,B03,,,1,,1,,,7,7,1,12,4,120.646503,24.140705,3
6248,66000,387130000C,(04)23274275,(04)23288582,2025,12,14,15,45,臺中市,北區,0,1,0,7,2,6,50,13,9,1,5,4,6,6,4,4,8,5,5,2,9,3,10,2,1,C03,7,9,1,10,2,11,,84,84,1,13,4,120.673616,24.171597,2
6249,66000,387130000C,(04)23274275,(04)23288582,2025,12,14,15,50,臺中市,西區,0,0,0,7,,,50,,,,,,,,,,,,,,14,,,,,B03,,,1,,1,,,49,49,1,12,4,120.662855,24.151586,3
6250,66000,387130000C,(04)23274275,(04)23288582,2025,12,14,15,52,臺中市,豐原區,0,0,0,7,,,40,,,,,,,,,,,,,,16,,,,,C03,,,1,,2,,,40,40,1,10,4,120.734564,24.260054,3
6251,66000,387130000C,(04)23274275,(04)23288582,2025,12,14,15,59,臺中市,東區,0,1,0,7,2,6,50,13,9,1,5,4,6,6,4,4,9,4,4,2,17,2,8,1,1,C03,7,15,3,19,1,14,,40,40,1,12,4,120.68982,24.129705,2
6252,66000,387130000C,(04)23274275,(04)23288582,2025,12,14,16,0,臺中市,南屯區,0,1,0,7,3,6,50,4,1,1,5,4,6,6,4,4,5,4,5,2,16,3,10,3,1,B03,7,5,1,8,2,1,,13,13,1,12,4,120.649876,24.137246,2
6253,66000,387130000C,(04)23274275,(04)23288582,2025,12,14,16,6,臺中市,西區,0,0,0,7,,,50,,,,,,,,,,,,,,,,,,,B12,,,1,8,2,,,51,51,1,13,4,120.65856,24.158957,3
6254,66000,387130000C,(04)23274275,(04)23288582,2025,12,14,16,16,臺中市,北屯區,0,1,0,6,3,6,40,13,7,1,5,4,6,6,4,4,9,5,4,2,12,3,10,3,1,B03,7,1,1,8,2,8,,51,51,1,6,4,120.693809,24.168672,2
6255,66000,387130000C,(04)23274275,(04)23288582,2025,12,14,16,16,臺中市,太平區,0,0,0,7,,,50,,,,,,,,,,,,,,14,,,,,B12,,,1,,1,,,49,49,1,12,4,120.723069,24.1261,3
6256,66000,387130000C,(04)23274275,(04)23288582,2025,12,14,16,16,臺中市,神岡區,0,0,0,7,,,50,,,,,,,,,,,,,,17,,,,,B03,,,1,,2,,,84,84,1,6,4,120.692937,24.248553,3
6257,66000,387130000C,(04)23274275,(04)23288582,2025,12,14,16,21,臺中市,西屯區,0,0,0,7,,,30,,,,,,,,,,,,,,30,,,,,B02,,,1,,2,,,49,49,1,13,4,120.651804,24.165225,3
6258,66000,387130000C,(04)23274275,(04)23288582,2025,12,14,16,22,臺中市,北屯區,0,0,0,7,,,40,,,,,,,,,,,,,,16,,,,,B03,,,1,,1,,,12,12,1,6,4,120.682079,24.191526,3