序號,縣市別代碼,機關代碼,市話,傳真,年,月,日,時,分,縣市,區,死亡數量,受傷數量,2-30,天候,道路照明設備,道路類別,道路速限,道路型態,事故位置,路面鋪裝,路面狀態,路面缺陷,障礙物,視距,號誌種類,號誌動作,分向設施,快車道或一般車道間,快慢車道間,路面邊線,事故類型及型態,受傷程度,主要傷處,保護裝備,行動電話或功能裝置,當事者區分(類別),車輛用途,當事者行動狀態,駕照狀態,駕照種類,飲酒情形,車輛撞擊部位最初,車輛撞擊部位其他,肇事因素個別,肇事因素主要,肇事逃逸,職業,共享經濟或外送平台,GPS座標X,GPS座標Y,事故類別
6259,66000,387130000C,(04)23274275,(04)23288582,2025,12,14,16,25,臺中市,后里區,0,0,0,7,2,6,30,4,1,1,5,4,3,6,4,4,10,5,5,2,15,3,10,1,1,C03,7,9,1,10,1,11,,15,15,1,12,4,120.720803,24.307612,3
6260,66000,387130000C,(04)23274275,(04)23288582,2025,12,14,16,26,臺中市,西屯區,0,2,0,7,2,6,50,13,7,1,5,4,6,6,1,1,5,4,4,2,13,2,9,1,1,C03,7,9,1,10,2,11,,59,59,1,12,4,120.663363,24.176272,2
6261,66000,387130000C,(04)23274275,(04)23288582,2025,12,14,16,27,臺中市,石岡區,0,1,0,7,2,6,50,3,1,1,5,4,6,6,4,4,10,5,5,2,6,2,9,6,5,H01,8,18,7,21,10,17,,99,99,1,13,5,120.777239,24.274797,2
6262,66000,387130000C,(04)23274275,(04)23288582,2025,12,14,16,31,臺中市,豐原區,0,0,0,7,2,6,50,13,9,1,5,4,6,6,4,4,10,5,5,1,30,,,,,,,,,,,,,115,115,1,,5,120.725151,24.226171,3
6263,66000,387130000C,(04)23274275,(04)23288582,2025,12,14,16,44,臺中市,潭子區,0,0,0,7,,,60,,,,,,,,,,,,,,,,,,,B03,,,1,,2,,,84,84,1,13,4,120.702663,24.194266,3
6264,66000,387130000C,(04)23274275,(04)23288582,2025,12,14,16,47,臺中市,北屯區,0,1,0,7,1,6,50,3,2,1,5,4,6,6,4,4,3,4,5,2,12,3,10,3,1,B03,7,5,1,8,2,2,,20,20,1,13,4,120.722675,24.181882,2
6265,66000,387130000C,(04)23274275,(04)23288582,2025,12,14,16,50,臺中市,南屯區,0,2,0,7,1,6,50,13,8,1,5,4,6,6,4,4,1,4,4,2,17,3,10,1,1,C03,7,1,1,8,2,14,,51,51,1,6,4,120.63637,24.155914,2
6266,66000,387130000C,(04)23274275,(04)23288582,2025,12,14,16,51,臺中市,東區,0,1,0,7,1,6,50,4,1,1,5,4,6,6,1,1,10,5,5,2,17,3,10,5,4,C03,7,5,1,10,4,12,,84,84,1,12,4,120.708154,24.140633,2
6267,66000,387130000C,(04)23274275,(04)23288582,2025,12,14,16,55,臺中市,南區,0,0,0,7,,,50,,,,,,,,,,,,,,17,,,,,B03,,,1,,1,,,84,84,1,12,4,120.653971,24.120273,3
6268,66000,387130000C,(04)23274275,(04)23288582,2025,12,14,16,58,臺中市,中區,0,0,0,7,,,50,,,,,,,,,,,,,,,,,,,B03,,,1,,1,,,7,7,1,12,4,120.682212,24.135899,3
6269,66000,387130000C,(04)23274275,(04)23288582,2025,12,14,17,1,臺中市,南屯區,0,0,0,7,,,50,,,,,,,,,,,,,,,,,,,B03,,,1,,1,,,7,7,1,13,4,120.647601,24.124177,3
6270,66000,387130000C,(04)23274275,(04)23288582,2025,12,14,17,5,臺中市,北屯區,0,3,0,7,2,6,50,13,9,1,5,4,6,6,4,4,10,5,5,2,13,3,10,5,4,C03,7,9,1,10,2,11,,85,85,1,12,4,120.698553,24.170421,2
6271,66000,387130000C,(04)23274275,(04)23288582,2025,12,14,17,10,臺中市,沙鹿區,0,0,0,7,2,6,40,16,24,2,5,4,6,6,4,4,10,5,5,2,23,,,,,B03,,,1,,1,,,84,84,1,12,4,120.582649,24.250313,3
6272,66000,387130000C,(04)23274275,(04)23288582,2025,12,14,17,12,臺中市,西屯區,0,1,0,7,1,6,50,4,9,1,5,4,6,6,2,1,10,5,5,2,2,3,10,3,1,B03,7,6,1,8,2,8,,10,10,1,13,4,120.61201,24.184849,2
6273,66000,387130000C,(04)23274275,(04)23288582,2025,12,14,17,13,臺中市,豐原區,0,3,0,7,1,6,50,13,9,1,5,4,6,6,1,1,5,4,4,2,17,2,3,3,1,B12,7,9,1,8,2,5,,8,8,1,13,4,120.720651,24.252133,2
6274,66000,387130000C,(04)23274275,(04)23288582,2025,12,14,17,17,臺中市,西區,0,2,0,6,1,6,50,4,1,1,5,4,6,6,1,1,10,5,5,2,3,2,9,6,5,H01,8,16,7,21,1,17,,95,95,1,12,5,120.652122,24.147748,2
6275,66000,387130000C,(04)23274275,(04)23288582,2025,12,14,17,19,臺中市,西屯區,0,1,0,7,1,6,30,13,9,1,5,4,6,6,4,4,10,5,5,2,11,3,10,2,4,C03,7,4,1,10,2,11,12,8,8,1,12,4,120.645231,24.165994,2
6276,66000,387130000C,(04)23274275,(04)23288582,2025,12,14,17,27,臺中市,太平區,0,0,0,7,,,50,,,,,,,,,,,,,,17,,,,,C03,,,1,,2,,,84,84,1,12,4,120.734695,24.144521,3
6277,66000,387130000C,(04)23274275,(04)23288582,2025,12,14,17,28,臺中市,東區,0,0,0,7,,,50,,,,,,,,,,,,,,12,,,,,B03,,,1,,1,,,40,40,1,12,4,120.689958,24.138265,3
6278,66000,387130000C,(04)23274275,(04)23288582,2025,12,14,17,28,臺中市,豐原區,0,0,0,7,,,50,,,,,,,,,,,,,,17,,,,,B03,,,1,,2,,,8,8,1,6,4,120.719698,24.252732,3
6279,66000,387130000C,(04)23274275,(04)23288582,2025,12,14,17,35,臺中市,西區,0,0,0,7,,,50,,,,,,,,,,,,,,12,,,,,B03,,,1,,1,,,8,8,1,12,4,120.659568,24.147817,3
6280,66000,387130000C,(04)23274275,(04)23288582,2025,12,14,17,37,臺中市,龍井區,0,0,0,7,1,6,50,13,9,1,5,4,6,6,4,4,10,5,5,2,17,,,,,B01,,,1,,1,,,8,8,1,6,4,120.589853,24.179044,3
6281,66000,387130000C,(04)23274275,(04)23288582,2025,12,14,17,38,臺中市,西區,0,0,0,7,,,50,,,,,,,,,,,,,,,,,,,C03,,,1,,1,,,40,40,1,13,4,120.675855,24.133176,3
6282,66000,387130000C,(04)23274275,(04)23288582,2025,12,14,17,38,臺中市,太平區,0,0,0,7,,3,40,,,,,,,,,,,,,,17,,,,,A12,,,1,,2,,,20,20,1,12,4,120.71504,24.15102,3
6283,66000,387130000C,(04)23274275,(04)23288582,2025,12,14,17,42,臺中市,霧峰區,0,1,0,7,1,6,50,13,9,1,5,4,6,6,4,4,9,4,5,1,2,3,10,3,1,B03,7,9,1,8,2,5,,7,7,1,13,4,120.70454,24.073064,2
6284,66000,387130000C,(04)23274275,(04)23288582,2025,12,14,17,43,臺中市,東區,0,0,0,7,,,50,,,,,,,,,,,,,,,,,,,B03,,,1,,1,,,49,49,1,6,4,120.687781,24.138254,3
6285,66000,387130000C,(04)23274275,(04)23288582,2025,12,14,17,45,臺中市,北區,0,0,0,7,,,50,,,,,,,,,,,,,,17,,,,,B03,,,1,,2,,,59,59,1,13,4,120.688307,24.15367,3
6286,66000,387130000C,(04)23274275,(04)23288582,2025,12,14,17,47,臺中市,西屯區,0,1,0,7,1,6,50,4,1,1,5,4,6,6,2,1,10,5,5,2,16,,,,,,,5,,,,,,86,86,2,,,120.645595,24.192483,2
6287,66000,387130000C,(04)23274275,(04)23288582,2025,12,14,17,55,臺中市,沙鹿區,0,0,0,6,,,50,,,,,,,,,,,,,,,,,,,B12,,,1,,2,,,49,49,1,13,4,120.581882,24.22147,3
6288,66000,387130000C,(04)23274275,(04)23288582,2025,12,14,17,55,臺中市,豐原區,0,0,0,7,1,6,50,13,9,1,5,4,6,6,4,4,10,5,5,2,14,3,10,3,1,B03,7,2,1,7,2,7,,49,49,1,12,4,120.70862,24.251613,3
6289,66000,387130000C,(04)23274275,(04)23288582,2025,12,14,17,57,臺中市,烏日區,0,1,0,7,1,6,50,4,1,1,5,4,6,6,2,1,5,2,4,1,16,3,10,3,1,B03,7,6,1,8,2,2,6,11,11,1,6,4,120.625715,24.110481,2
6290,66000,387130000C,(04)23274275,(04)23288582,2025,12,14,17,58,臺中市,東勢區,0,2,0,7,1,6,50,13,9,1,5,4,6,6,4,4,5,5,5,1,17,3,10,5,4,C03,7,1,1,10,2,11,,51,51,1,13,4,120.828549,24.262322,2
6291,66000,387130000C,(04)23274275,(04)23288582,2025,12,14,18,0,臺中市,北屯區,0,0,0,7,,,40,,,,,,,,,,,,,,17,,,,,C03,,,1,,1,,,85,85,1,6,4,120.685905,24.173924,3
6292,66000,387130000C,(04)23274275,(04)23288582,2025,12,14,18,3,臺中市,梧棲區,0,0,0,7,,,50,,,,,,,,,,,,,,14,,,,,B03,,,1,,1,,,49,49,1,12,4,120.529763,24.253452,3
6293,66000,387130000C,(04)23274275,(04)23288582,2025,12,14,18,4,臺中市,南屯區,0,0,0,7,,,50,,,,,,,,,,,,,,,,,,,C03,,,1,,2,,,84,84,1,12,4,120.60442,24.134227,3
6294,66000,387130000C,(04)23274275,(04)23288582,2025,12,14,18,5,臺中市,烏日區,0,0,0,7,,,50,,,,,,,,,,,,,,,,,,,B03,,,1,,1,,,7,7,1,13,4,120.615539,24.116516,3
6295,66000,387130000C,(04)23274275,(04)23288582,2025,12,14,18,8,臺中市,南屯區,0,0,0,7,,,50,,,,,,,,,,,,,,14,,,,,B03,,,1,,2,,,49,49,1,12,4,120.626767,24.151497,3
6296,66000,387130000C,(04)23274275,(04)23288582,2025,12,14,18,12,臺中市,南屯區,0,0,0,7,,,50,,,,,,,,,,,,,,17,,,,,B02,,,1,,2,,,85,85,1,12,4,120.646937,24.141871,3
6297,66000,387130000C,(04)23274275,(04)23288582,2025,12,14,18,14,臺中市,東區,0,1,0,7,1,6,50,4,1,1,5,4,6,6,1,1,10,5,5,2,13,2,9,5,4,C03,7,9,1,10,2,11,,84,84,1,12,4,120.693129,24.132818,2
6298,66000,387130000C,(04)23274275,(04)23288582,2025,12,14,18,16,臺中市,西屯區,0,0,0,7,,,50,,,,,,,,,,,,,,16,,,,,B03,,,1,,1,,,21,21,1,13,4,120.638644,24.158253,3
6299,66000,387130000C,(04)23274275,(04)23288582,2025,12,14,18,17,臺中市,北屯區,0,0,0,7,,,30,,,,,,,,,,,,,,17,,,,,B03,,,1,,2,,,45,45,1,12,4,120.684459,24.173586,3
6300,66000,387130000C,(04)23274275,(04)23288582,2025,12,14,18,22,臺中市,豐原區,0,0,0,7,,,50,,,,,,,,,,,,,,,,,,,B03,,,1,,2,,,49,49,1,13,4,120.728188,24.244336,3
6301,66000,387130000C,(04)23274275,(04)23288582,2025,12,14,18,24,臺中市,北屯區,0,0,0,7,,,50,,,,,,,,,,,,,,13,,,,,B03,,,1,8,2,,,84,84,1,6,4,120.730712,24.177271,3
6302,66000,387130000C,(04)23274275,(04)23288582,2025,12,14,18,30,臺中市,中區,0,0,0,7,,,50,,,,,,,,,,,,,,,,,,,B03,,,1,,1,,,82,82,1,12,4,120.682639,24.13782,3
6303,66000,387130000C,(04)23274275,(04)23288582,2025,12,14,18,30,臺中市,南區,0,0,0,7,,,50,,,,,,,,,,,,,,14,,,,,B03,,,1,,1,,,49,49,1,12,4,120.666889,24.117453,3
6304,66000,387130000C,(04)23274275,(04)23288582,2025,12,14,18,30,臺中市,沙鹿區,0,0,0,7,1,6,60,5,7,1,5,4,6,6,1,1,2,3,4,1,13,,,,,B12,,,1,,1,,,7,7,1,12,4,120.569563,24.237414,3
6305,66000,387130000C,(04)23274275,(04)23288582,2025,12,14,18,31,臺中市,霧峰區,0,0,0,7,,,50,,,,,,,,,,,,,,,,,,,B03,,,1,,1,,,8,8,1,12,4,120.698616,24.065007,3
6306,66000,387130000C,(04)23274275,(04)23288582,2025,12,14,18,35,臺中市,東區,0,1,0,7,1,6,50,13,9,1,5,4,6,6,4,4,9,5,5,2,12,3,10,3,1,B02,7,9,3,19,2,6,,1,1,1,12,4,120.688567,24.144446,2
6307,66000,387130000C,(04)23274275,(04)23288582,2025,12,14,18,40,臺中市,神岡區,0,2,0,7,3,6,50,4,1,1,5,4,6,6,1,1,5,4,4,2,12,2,9,1,1,C03,7,9,1,10,2,11,,7,7,1,13,4,120.680332,24.248206,2
6308,66000,387130000C,(04)23274275,(04)23288582,2025,12,14,18,42,臺中市,東區,0,1,0,7,1,6,50,4,1,1,5,4,6,6,1,1,9,4,5,2,17,3,10,3,1,B03,7,11,1,8,2,4,,85,85,1,12,4,120.692484,24.138762,2
6309,66000,387130000C,(04)23274275,(04)23288582,2025,12,14,18,44,臺中市,北區,0,0,0,7,,,30,,,,,,,,,,,,,,15,,,,,C03,,,1,,1,,,84,84,1,13,4,120.68434,24.153027,3
6310,66000,387130000C,(04)23274275,(04)23288582,2025,12,14,18,44,臺中市,南區,0,2,0,7,1,6,50,13,9,1,5,4,6,6,4,4,5,5,5,2,16,2,9,2,1,C03,7,6,1,10,2,12,,34,34,1,6,2,120.660037,24.130594,2
6311,66000,387130000C,(04)23274275,(04)23288582,2025,12,14,18,46,臺中市,大里區,0,0,0,7,1,6,50,4,1,1,5,4,6,6,1,1,1,2,4,2,30,,,,,B03,,,1,,2,,,8,8,1,13,4,120.679132,24.116574,3
6312,66000,387130000C,(04)23274275,(04)23288582,2025,12,14,18,49,臺中市,西區,0,2,0,6,1,6,50,4,1,1,5,4,6,6,1,1,10,5,5,2,17,2,9,1,1,C03,7,9,1,10,1,11,,85,85,1,12,4,120.658418,24.150862,2
6313,66000,387130000C,(04)23274275,(04)23288582,2025,12,14,18,49,臺中市,大里區,0,0,0,7,,,50,,,,,,,,,,,,,,,,,,,B03,,,1,,11,,,8,8,1,12,4,120.698796,24.096117,3
6314,66000,387130000C,(04)23274275,(04)23288582,2025,12,14,18,51,臺中市,東區,0,1,0,7,1,6,50,4,1,1,5,4,6,6,2,1,10,5,5,2,16,3,10,3,1,B03,7,5,1,8,2,2,,84,84,1,12,4,120.686804,24.131713,2
6315,66000,387130000C,(04)23274275,(04)23288582,2025,12,14,18,52,臺中市,龍井區,0,3,0,7,1,6,50,13,9,1,5,4,6,6,4,4,5,5,5,1,1,2,8,1,1,C03,7,9,1,10,2,12,,10,10,1,10,4,120.530669,24.183319,2
6316,66000,387130000C,(04)23274275,(04)23288582,2025,12,14,18,58,臺中市,神岡區,0,0,0,7,,,50,,,,,,,,,,,,,,14,,,,,B03,,,1,,1,,,49,49,1,6,4,120.680948,24.247722,3
6317,66000,387130000C,(04)23274275,(04)23288582,2025,12,14,19,7,臺中市,西屯區,0,0,0,7,,,50,,,,,,,,,,,,,,17,,,,,B03,,,1,,9,,,59,59,1,13,4,120.643284,24.178458,3
6318,66000,387130000C,(04)23274275,(04)23288582,2025,12,14,19,7,臺中市,大里區,0,2,0,7,1,6,50,4,1,1,5,4,6,6,1,1,5,4,4,1,16,2,9,2,1,C03,7,9,1,10,2,11,,21,21,1,13,4,120.703457,24.091521,2
6319,66000,387130000C,(04)23274275,(04)23288582,2025,12,14,19,9,臺中市,西區,0,1,0,6,1,6,50,13,9,1,5,4,6,6,4,4,9,5,5,2,17,2,9,1,1,C03,7,9,1,10,2,12,,8,8,1,12,4,120.667095,24.13046,2
6320,66000,387130000C,(04)23274275,(04)23288582,2025,12,14,19,17,臺中市,西屯區,0,0,0,7,,,50,,,,,,,,,,,,,,,,,,,C03,,,1,,1,,,47,47,1,13,4,120.65263,24.166498,3
6321,66000,387130000C,(04)23274275,(04)23288582,2025,12,14,19,18,臺中市,太平區,0,1,0,7,1,6,50,13,9,1,5,4,6,6,4,4,1,3,5,2,17,2,9,1,1,F01,7,9,7,21,2,11,,84,84,1,12,4,120.721945,24.144927,2
6322,66000,387130000C,(04)23274275,(04)23288582,2025,12,14,19,26,臺中市,南區,0,0,0,7,,,50,,,,,,,,,,,,,,13,,,,,C03,,,1,,2,,,84,84,1,12,4,120.679335,24.127354,3
6323,66000,387130000C,(04)23274275,(04)23288582,2025,12,14,19,27,臺中市,大里區,0,0,0,7,,,30,,,,,,,,,,,,,,14,,,,,B03,,,1,,2,,,49,49,1,13,4,120.695803,24.080164,3
6324,66000,387130000C,(04)23274275,(04)23288582,2025,12,14,19,32,臺中市,西屯區,0,0,0,7,,,50,,,,,,,,,,,,,,13,,,,,C03,,,1,,1,,,7,7,1,12,4,120.641999,24.164301,3
6325,66000,387130000C,(04)23274275,(04)23288582,2025,12,14,19,33,臺中市,太平區,0,2,0,7,1,6,30,3,2,1,5,4,6,6,4,4,10,5,5,2,16,2,6,1,1,C03,7,6,1,10,2,14,,42,42,1,12,4,120.727366,24.147561,2
6326,66000,387130000C,(04)23274275,(04)23288582,2025,12,14,19,34,臺中市,西屯區,0,0,0,7,,,50,,,,,,,,,,,,,,16,,,,,B03,,,1,,2,,,11,11,1,12,4,120.614374,24.185175,3
6327,66000,387130000C,(04)23274275,(04)23288582,2025,12,14,19,37,臺中市,南區,0,1,0,7,1,6,50,4,1,1,5,4,6,6,1,1,9,4,4,2,17,3,10,3,1,B03,7,9,1,8,2,1,,7,7,1,12,4,120.655259,24.120416,2
6328,66000,387130000C,(04)23274275,(04)23288582,2025,12,14,19,40,臺中市,太平區,0,0,0,7,,,,,,,,,,,,,,,,,,,,,,,,,,,,,,86,86,1,,,120.71439,24.117626,3
6329,66000,387130000C,(04)23274275,(04)23288582,2025,12,14,19,40,臺中市,沙鹿區,0,3,0,7,1,6,50,4,19,1,5,4,6,6,4,4,4,1,5,1,3,2,8,2,1,C03,7,9,1,10,2,11,,10,10,1,12,4,120.570261,24.229833,2
6330,66000,387130000C,(04)23274275,(04)23288582,2025,12,14,19,45,臺中市,南區,0,1,0,7,1,6,50,13,7,1,5,4,1,6,4,4,3,4,4,2,13,3,10,2,1,C03,7,9,1,10,2,11,,7,7,1,6,2,120.660167,24.119731,2
6331,66000,387130000C,(04)23274275,(04)23288582,2025,12,14,19,47,臺中市,東區,0,1,0,7,1,6,50,13,9,1,5,4,6,6,4,4,5,5,5,2,17,2,9,5,4,C03,7,9,5,10,7,12,,84,84,1,12,4,120.697127,24.147413,2
6332,66000,387130000C,(04)23274275,(04)23288582,2025,12,14,20,3,臺中市,南屯區,0,0,0,7,,,50,,,,,,,,,,,,,,,,,,,B03,,,1,,2,,,84,84,1,6,4,120.623514,24.135295,3
6333,66000,387130000C,(04)23274275,(04)23288582,2025,12,14,20,4,臺中市,西屯區,0,2,0,7,1,6,50,4,1,1,5,4,6,6,2,1,10,5,5,2,16,2,9,5,4,C03,7,6,1,10,2,13,,48,48,1,13,4,120.645432,24.192352,2
6334,66000,387130000C,(04)23274275,(04)23288582,2025,12,14,20,16,臺中市,西屯區,0,0,0,7,,,50,,,,,,,,,,,,,,17,,,,,B03,,,1,,2,,,59,59,1,13,4,120.617316,24.185687,3
6335,66000,387130000C,(04)23274275,(04)23288582,2025,12,14,20,20,臺中市,南屯區,0,1,0,7,2,6,30,3,1,1,5,4,6,6,4,4,9,5,5,2,17,2,9,1,1,C03,7,9,1,10,2,11,,59,59,1,12,4,120.620972,24.144885,2
6336,66000,387130000C,(04)23274275,(04)23288582,2025,12,14,20,20,臺中市,烏日區,0,0,0,7,,,50,,,,,,,,,,,,,,11,,,,,B03,,,1,,1,,,39,39,1,6,4,120.647884,24.053417,3
6337,66000,387130000C,(04)23274275,(04)23288582,2025,12,14,20,24,臺中市,沙鹿區,0,0,0,7,,,50,,,,,,,,,,,,,,17,,,,,B03,,,1,,2,,,51,51,1,6,4,120.56193,24.23765,3
6338,66000,387130000C,(04)23274275,(04)23288582,2025,12,14,20,37,臺中市,北區,0,2,0,7,2,6,50,13,7,1,5,4,6,6,4,4,3,4,4,2,13,2,9,1,1,C03,7,9,1,10,2,11,,59,59,1,12,4,120.680276,24.15274,2
6339,66000,387130000C,(04)23274275,(04)23288582,2025,12,14,20,37,臺中市,南區,0,0,0,7,,,50,,,,,,,,,,,,,,,,,,,B03,,,1,,1,,,7,7,1,6,4,120.655737,24.123434,4
6340,66000,387130000C,(04)23274275,(04)23288582,2025,12,14,20,44,臺中市,神岡區,0,0,0,7,,,50,,,,,,,,,,,,,,12,,,,,B03,,,1,,2,,,84,84,1,13,4,120.665076,24.273864,3
6341,66000,387130000C,(04)23274275,(04)23288582,2025,12,14,20,45,臺中市,西屯區,0,1,0,7,1,6,30,3,1,1,5,4,6,6,4,4,10,5,5,2,16,2,6,1,4,C03,7,6,1,10,2,12,,14,14,1,12,4,120.6543,24.161035,2
6342,66000,387130000C,(04)23274275,(04)23288582,2025,12,14,20,54,臺中市,南區,0,1,0,7,1,6,50,13,9,1,5,4,6,6,4,4,5,4,5,2,13,2,9,2,1,C03,7,9,5,10,2,11,,85,85,1,12,4,120.683933,24.131853,2
6343,66000,387130000C,(04)23274275,(04)23288582,2025,12,14,20,58,臺中市,南區,0,1,0,7,1,6,50,3,1,1,5,4,6,6,4,4,10,5,5,2,13,2,9,2,1,C03,7,9,1,10,2,11,,84,84,1,12,4,120.659079,24.133517,2
6344,66000,387130000C,(04)23274275,(04)23288582,2025,12,14,21,0,臺中市,西區,0,0,0,7,,,50,,,,,,,,,,,,,,13,,,,,B03,,,1,,1,,,7,7,1,12,4,120.668772,24.13206,3
6345,66000,387130000C,(04)23274275,(04)23288582,2025,12,14,21,8,臺中市,北屯區,0,0,0,7,,,40,,,,,,,,,,,,,,14,,,,,B03,,,1,8,2,,,49,49,1,6,4,120.67064,24.175922,3
6346,66000,387130000C,(04)23274275,(04)23288582,2025,12,14,21,8,臺中市,大里區,0,0,0,6,,,50,,,,,,,,,,,,,,,,,,,B03,,,1,,2,,,47,47,1,12,4,120.687492,24.094935,3
6347,66000,387130000C,(04)23274275,(04)23288582,2025,12,14,21,10,臺中市,東區,0,1,0,7,1,6,50,13,9,1,5,4,6,3,4,4,9,4,4,2,17,2,9,2,1,C03,7,9,1,10,2,12,,7,7,1,12,4,120.708896,24.149041,2
6348,66000,387130000C,(04)23274275,(04)23288582,2025,12,14,21,21,臺中市,南屯區,0,0,0,7,1,6,50,13,9,1,5,4,6,6,1,1,5,4,5,2,13,,,,,B03,,,1,,2,,,7,7,1,12,4,120.650057,24.150877,3
6349,66000,387130000C,(04)23274275,(04)23288582,2025,12,14,21,27,臺中市,南屯區,0,1,0,7,1,6,50,4,1,1,5,4,6,6,1,1,5,5,5,2,16,3,10,3,1,B03,7,6,1,8,2,8,,11,11,1,12,4,120.648438,24.153602,2
6350,66000,387130000C,(04)23274275,(04)23288582,2025,12,14,21,28,臺中市,西區,0,2,0,6,1,6,50,4,1,1,5,4,6,6,4,4,10,5,5,2,17,2,9,1,2,C03,7,9,1,10,2,11,,15,15,1,12,4,120.672545,24.151765,2
6351,66000,387130000C,(04)23274275,(04)23288582,2025,12,14,21,28,臺中市,西區,0,0,0,7,,,50,,,,,,,,,,,,,,12,,,,,B03,,,1,,1,,,84,84,1,12,4,120.668824,24.132179,3
6352,66000,387130000C,(04)23274275,(04)23288582,2025,12,14,21,43,臺中市,后里區,0,0,0,7,1,6,50,4,1,1,5,4,6,6,1,1,5,5,5,1,16,3,10,2,1,C03,7,6,3,19,2,11,,11,11,1,12,4,120.730461,24.309385,3
6353,66000,387130000C,(04)23274275,(04)23288582,2025,12,14,21,44,臺中市,北屯區,0,0,0,7,,,50,,,,,,,,,,,,,,,,,,,B03,,,1,,2,,,49,49,1,13,4,120.663525,24.190038,3
6354,66000,387130000C,(04)23274275,(04)23288582,2025,12,14,21,46,臺中市,北區,0,0,0,7,,,,,,,,,,,,,,,,,17,,,,,,,,,,,,,84,84,1,,,120.672522,24.169795,4
6355,66000,387130000C,(04)23274275,(04)23288582,2025,12,14,22,0,臺中市,北屯區,0,0,0,7,,,50,,,,,,,,,,,,,,13,,,,,B03,,,1,,1,,,56,56,1,12,4,120.697613,24.169888,3
6356,66000,387130000C,(04)23274275,(04)23288582,2025,12,14,22,9,臺中市,外埔區,0,1,0,7,1,6,50,13,14,1,5,4,6,6,4,4,5,5,5,1,17,2,9,2,1,C03,7,9,5,19,2,11,,84,84,1,12,4,120.659324,24.339201,2
6357,66000,387130000C,(04)23274275,(04)23288582,2025,12,14,22,15,臺中市,太平區,0,0,0,7,,,30,,,,,,,,,,,,,,17,,,,,B03,,,1,,9,,,49,49,1,12,4,120.749557,24.121111,3
6358,66000,387130000C,(04)23274275,(04)23288582,2025,12,14,22,17,臺中市,清水區,0,0,0,7,1,6,50,13,9,1,5,4,6,6,4,4,8,4,5,2,13,,,,,B12,,,1,,1,,,7,7,1,12,4,120.576419,24.270628,3
6359,66000,387130000C,(04)23274275,(04)23288582,2025,12,14,22,24,臺中市,南區,0,1,0,7,1,6,50,5,1,1,5,4,6,5,4,4,3,4,4,2,18,2,9,5,4,C01,7,9,1,9,2,11,,84,84,1,12,4,120.664582,24.122485,2
6360,66000,387130000C,(04)23274275,(04)23288582,2025,12,14,22,35,臺中市,西區,0,1,0,7,1,6,50,3,2,1,5,4,6,6,4,4,8,5,5,2,30,2,9,2,1,C03,7,6,1,10,2,14,,84,84,1,12,4,120.670542,24.141862,2
6361,66000,387130000C,(04)23274275,(04)23288582,2025,12,14,22,35,臺中市,南屯區,0,0,0,7,1,6,50,13,9,1,5,4,6,6,4,4,3,4,5,2,13,,,,,B03,,,1,,2,,,59,59,1,12,4,120.623188,24.14963,3
6362,66000,387130000C,(04)23274275,(04)23288582,2025,12,14,22,37,臺中市,南屯區,0,1,0,7,1,6,50,13,9,1,5,4,6,6,1,1,5,5,5,2,12,2,9,1,1,C03,7,9,1,10,2,14,,7,7,1,12,4,120.653523,24.1276,2
6363,66000,387130000C,(04)23274275,(04)23288582,2025,12,14,22,45,臺中市,烏日區,0,0,0,7,,,40,,,,,,,,,,,,,,30,,,,,C03,,,1,,9,,,85,85,1,13,4,120.613509,24.107168,3
6364,66000,387130000C,(04)23274275,(04)23288582,2025,12,14,22,46,臺中市,西區,0,2,0,6,1,6,50,3,9,1,5,4,6,6,4,4,5,5,5,2,17,2,9,1,1,C03,7,15,1,10,2,11,,35,35,1,12,4,120.663816,24.156303,2
6365,66000,387130000C,(04)23274275,(04)23288582,2025,12,14,22,51,臺中市,北屯區,0,0,0,7,,,50,,,,,,,,,,,,,,12,,,,,B03,,,6,20,11,,,40,40,1,13,4,120.664063,24.185579,3
6366,66000,387130000C,(04)23274275,(04)23288582,2025,12,14,23,9,臺中市,南屯區,0,0,0,7,1,6,50,13,9,1,5,4,6,6,4,4,3,4,5,2,12,,,,,B03,,,1,,2,,,85,85,1,12,4,120.624926,24.149218,3
6367,66000,387130000C,(04)23274275,(04)23288582,2025,12,14,23,10,臺中市,沙鹿區,0,0,0,7,2,6,30,13,9,1,5,4,6,6,4,4,10,5,5,2,12,,,,,B03,,,1,,2,,,8,8,1,12,4,120.602234,24.232136,3
6368,66000,387130000C,(04)23274275,(04)23288582,2025,12,14,23,17,臺中市,大雅區,0,0,0,7,,,0,,,,,,,,,,,,,,14,,,,,B03,,,1,,2,,,49,49,1,13,4,120.64539,24.225136,3
6369,66000,387130000C,(04)23274275,(04)23288582,2025,12,14,23,17,臺中市,北區,0,1,0,7,1,6,50,18,24,1,5,4,6,6,4,4,5,4,5,2,17,3,10,5,4,B03,7,11,5,19,2,7,,84,84,1,13,4,120.674022,24.166339,2
6370,66000,387130000C,(04)23274275,(04)23288582,2025,12,14,23,18,臺中市,西屯區,0,0,0,7,,,50,,,,,,,,,,,,,,13,,,,,B03,,,1,,1,,,59,59,1,13,4,120.651201,24.166899,3