序號,縣市別代碼,機關代碼,市話,傳真,年,月,日,時,分,縣市,區,死亡數量,受傷數量,2-30,天候,道路照明設備,道路類別,道路速限,道路型態,事故位置,路面鋪裝,路面狀態,路面缺陷,障礙物,視距,號誌種類,號誌動作,分向設施,快車道或一般車道間,快慢車道間,路面邊線,事故類型及型態,受傷程度,主要傷處,保護裝備,行動電話或功能裝置,當事者區分(類別),車輛用途,當事者行動狀態,駕照狀態,駕照種類,飲酒情形,車輛撞擊部位最初,車輛撞擊部位其他,肇事因素個別,肇事因素主要,肇事逃逸,職業,共享經濟或外送平台,GPS座標X,GPS座標Y,事故類別
6371,66000,387130000C,(04)23274275,(04)23288582,2025,12,14,23,20,臺中市,西屯區,0,1,0,7,1,6,40,3,19,1,5,4,6,6,4,4,10,5,5,2,3,3,10,3,1,B03,7,6,1,8,2,1,,10,10,1,12,4,120.644269,24.166446,2
6372,66000,387130000C,(04)23274275,(04)23288582,2025,12,14,23,21,臺中市,西屯區,0,1,0,7,1,6,50,4,1,1,5,4,6,6,3,1,8,4,5,1,17,2,9,5,4,C03,7,9,1,10,2,14,,59,59,1,13,4,120.643776,24.191531,2
6373,66000,387130000C,(04)23274275,(04)23288582,2025,12,14,23,47,臺中市,北屯區,0,4,0,7,1,6,50,4,1,1,5,4,6,6,2,1,10,5,5,2,16,2,9,3,1,B03,7,6,1,8,2,1,,11,11,1,12,4,120.661819,24.189421,2
6374,66000,387130000C,(04)23274275,(04)23288582,2025,12,14,23,50,臺中市,北屯區,0,1,0,7,1,6,50,13,8,1,5,4,6,6,4,4,5,4,4,2,17,2,9,1,1,C03,7,9,1,10,2,11,,84,84,1,12,4,120.665675,24.19042,2
6375,66000,387130000C,(04)23274275,(04)23288582,2025,12,15,0,31,臺中市,南屯區,0,0,0,7,1,6,50,13,9,1,5,4,6,6,1,1,3,2,5,2,13,,,,,B03,,,1,,1,,,59,59,1,12,4,120.628444,24.147765,3
6376,66000,387130000C,(04)23274275,(04)23288582,2025,12,15,0,37,臺中市,潭子區,0,0,0,7,,,40,,,,,,,,,,,,,,17,,,,,B03,,,1,,9,,,50,50,1,13,4,120.702503,24.196594,3
6377,66000,387130000C,(04)23274275,(04)23288582,2025,12,15,1,27,臺中市,太平區,0,0,0,7,,,50,,,,,,,,,,,,,,17,,,,,C03,,,1,,9,,,84,84,1,12,4,120.72725,24.145751,3
6378,66000,387130000C,(04)23274275,(04)23288582,2025,12,15,1,44,臺中市,北區,0,2,0,7,1,6,50,3,1,1,5,4,6,6,4,4,9,5,5,2,16,2,9,5,4,G06,7,9,7,21,2,17,,84,84,1,13,4,120.68199,24.159448,2
6379,66000,387130000C,(04)23274275,(04)23288582,2025,12,15,1,59,臺中市,大雅區,0,1,0,7,1,6,50,3,2,1,5,4,6,6,3,1,5,5,5,1,17,2,9,1,1,C03,7,9,1,10,2,14,12,82,82,1,13,4,120.673018,24.231119,2
6380,66000,387130000C,(04)23274275,(04)23288582,2025,12,15,2,45,臺中市,西屯區,0,0,0,7,,,50,,,,,,,,,,,,,,13,,,,,B03,,,1,,1,,,59,59,1,13,4,120.643338,24.170462,3
6381,66000,387130000C,(04)23274275,(04)23288582,2025,12,15,3,44,臺中市,大安區,0,0,0,7,,,70,,,,,,,,,,,,,,,,,,,A11,,,1,,1,,,8,8,1,12,4,120.5857,24.366433,3
6382,66000,387130000C,(04)23274275,(04)23288582,2025,12,15,5,56,臺中市,龍井區,0,0,0,7,,,50,,,,,,,,,,,,,,14,,,,,B12,,,1,,2,,,50,50,1,6,4,120.546585,24.215877,3
6383,66000,387130000C,(04)23274275,(04)23288582,2025,12,15,6,1,臺中市,西屯區,0,0,0,7,,,50,,,,,,,,,,,,,,17,,,,,B03,,,1,,9,,,59,59,2,12,4,120.599133,24.192006,3
6384,66000,387130000C,(04)23274275,(04)23288582,2025,12,15,6,23,臺中市,西屯區,0,1,0,7,2,6,50,11,9,1,5,4,6,6,4,4,1,4,5,2,13,2,9,2,1,C03,7,9,1,10,2,11,,7,7,1,12,4,120.600336,24.191849,2
6385,66000,387130000C,(04)23274275,(04)23288582,2025,12,15,6,27,臺中市,豐原區,0,2,0,7,2,6,30,4,2,1,5,4,6,6,4,4,10,5,5,1,10,2,9,2,4,C03,7,9,1,10,2,11,,41,41,1,12,4,120.72673,24.258926,2
6386,66000,387130000C,(04)23274275,(04)23288582,2025,12,15,6,28,臺中市,西屯區,0,0,0,7,,,50,,,,,,,,,,,,,,14,,,,,B03,,,1,,1,,,59,59,1,13,4,120.647569,24.196015,3
6387,66000,387130000C,(04)23274275,(04)23288582,2025,12,15,6,46,臺中市,北屯區,0,2,0,7,3,6,50,13,9,1,5,4,6,6,4,4,5,4,5,2,16,2,9,1,1,C03,7,6,3,19,2,14,,34,34,1,12,4,120.7085,24.170428,2
6388,66000,387130000C,(04)23274275,(04)23288582,2025,12,15,6,47,臺中市,太平區,0,0,0,7,,,0,,,,,,,,,,,,,,,,,,,C03,,,1,,2,,,84,84,1,12,4,120.714904,24.139617,3
6389,66000,387130000C,(04)23274275,(04)23288582,2025,12,15,6,52,臺中市,西區,0,0,0,7,,,50,,,,,,,,,,,,,,,,,,,B03,,,1,,1,,,7,7,1,12,4,120.660138,24.156455,3
6390,66000,387130000C,(04)23274275,(04)23288582,2025,12,15,6,58,臺中市,龍井區,0,1,0,7,2,6,50,13,9,1,5,4,6,6,4,4,5,4,4,2,13,2,9,1,1,C03,7,9,1,10,2,11,,7,7,1,12,4,120.500272,24.211817,2
6391,66000,387130000C,(04)23274275,(04)23288582,2025,12,15,7,5,臺中市,南屯區,0,1,0,7,3,6,50,13,7,1,5,4,6,6,4,4,9,5,4,2,18,2,9,1,1,C04,7,15,1,10,1,12,,84,84,1,12,4,120.641345,24.132705,2
6392,66000,387130000C,(04)23274275,(04)23288582,2025,12,15,7,5,臺中市,烏日區,0,0,0,7,,,30,,,,,,,,,,,,,,1,,,,,B03,,,1,,2,,,8,8,1,6,4,120.656842,24.098539,3
6393,66000,387130000C,(04)23274275,(04)23288582,2025,12,15,7,10,臺中市,南屯區,0,2,0,7,2,6,50,4,1,1,5,4,6,6,4,4,10,5,5,2,16,2,9,2,1,C03,7,5,1,10,2,15,,14,14,1,13,4,120.637823,24.138952,2
6394,66000,387130000C,(04)23274275,(04)23288582,2025,12,15,7,11,臺中市,太平區,0,0,0,7,,,40,,,,,,,,,,,,,,13,,,,,B03,,,1,,2,,,84,84,1,12,4,120.726985,24.120976,3
6395,66000,387130000C,(04)23274275,(04)23288582,2025,12,15,7,12,臺中市,潭子區,0,1,0,7,2,6,50,3,1,1,5,4,6,6,4,4,10,5,5,2,12,2,8,1,1,C03,7,1,1,10,2,14,,51,51,1,13,4,120.696243,24.196949,2
6396,66000,387130000C,(04)23274275,(04)23288582,2025,12,15,7,12,臺中市,東區,0,0,0,7,,,50,,,,,,,,,,,,,,13,,,,,B03,,,1,,1,,,7,7,1,6,4,120.694423,24.14277,3
6397,66000,387130000C,(04)23274275,(04)23288582,2025,12,15,7,13,臺中市,大雅區,0,1,0,6,3,6,50,4,9,1,5,4,6,6,4,4,9,4,5,1,12,3,10,3,1,B03,7,5,1,8,2,5,,85,85,1,13,4,120.655358,24.23605,2
6398,66000,387130000C,(04)23274275,(04)23288582,2025,12,15,7,16,臺中市,龍井區,0,0,0,7,,,50,,,,,,,,,,,,,,,,,,,C03,,,1,,2,,,84,84,1,12,4,120.560205,24.184175,3
6399,66000,387130000C,(04)23274275,(04)23288582,2025,12,15,7,18,臺中市,南區,0,0,0,7,,,50,,,,,,,,,,,,,,,,,,,C03,,,1,,9,,,7,7,1,13,4,120.658236,24.112615,3
6400,66000,387130000C,(04)23274275,(04)23288582,2025,12,15,7,20,臺中市,西屯區,0,1,0,7,2,6,50,13,9,1,5,4,6,6,4,4,1,4,5,2,17,2,9,2,1,C03,7,9,1,10,2,11,,59,59,1,13,4,120.642693,24.177112,2
6401,66000,387130000C,(04)23274275,(04)23288582,2025,12,15,7,20,臺中市,梧棲區,0,1,0,7,2,6,50,4,1,1,5,4,6,6,4,4,10,5,5,2,15,3,10,3,1,B03,7,9,1,8,2,1,,15,15,1,12,4,120.534042,24.257985,2
6402,66000,387130000C,(04)23274275,(04)23288582,2025,12,15,7,23,臺中市,大安區,0,2,0,7,1,6,30,18,24,1,5,4,6,6,4,4,10,5,5,2,17,3,10,3,1,B03,7,14,1,8,2,2,,76,76,1,12,4,120.588233,24.344826,2
6403,66000,387130000C,(04)23274275,(04)23288582,2025,12,15,7,24,臺中市,南區,0,0,0,7,,,50,,,,,,,,,,,,,,,,,,,B03,,,1,,1,,,84,84,1,13,4,120.666904,24.119139,3
6404,66000,387130000C,(04)23274275,(04)23288582,2025,12,15,7,25,臺中市,大雅區,0,0,0,7,,,50,,,,,,,,,,,,,,,,,,,C03,,,1,,1,,,7,7,1,12,4,120.614098,24.236151,3
6405,66000,387130000C,(04)23274275,(04)23288582,2025,12,15,7,25,臺中市,北屯區,0,1,0,7,2,6,50,13,8,1,5,4,6,6,4,4,7,4,4,2,12,2,8,4,1,F01,7,9,7,21,2,11,,84,84,1,12,4,120.678994,24.196328,2
6406,66000,387130000C,(04)23274275,(04)23288582,2025,12,15,7,26,臺中市,太平區,0,0,0,7,,,50,,,,,,,,,,,,,,,,,,,B03,,,1,,2,,,50,50,1,12,4,120.723018,24.133946,3
6407,66000,387130000C,(04)23274275,(04)23288582,2025,12,15,7,28,臺中市,北屯區,0,0,0,7,,,50,,,,,,,,,,,,,,13,,,,,,,,,,,,,119,119,1,,,120.692774,24.162658,3
6408,66000,387130000C,(04)23274275,(04)23288582,2025,12,15,7,28,臺中市,西屯區,0,1,0,7,2,6,50,13,7,1,5,4,6,6,4,4,1,4,3,2,13,2,8,1,1,C02,7,9,1,9,2,11,,7,7,1,13,4,120.608815,24.183831,2
6409,66000,387130000C,(04)23274275,(04)23288582,2025,12,15,7,30,臺中市,大雅區,0,0,0,7,,,50,,,,,,,,,,,,,,,,,,,B03,,,1,,2,,,77,77,1,13,4,120.648238,24.226725,3
6410,66000,387130000C,(04)23274275,(04)23288582,2025,12,15,7,30,臺中市,神岡區,0,2,0,6,1,6,50,13,7,1,5,4,6,6,4,4,9,4,4,2,17,3,10,1,4,C03,7,15,3,19,2,12,,85,85,1,12,4,120.659387,24.258932,2
6411,66000,387130000C,(04)23274275,(04)23288582,2025,12,15,7,33,臺中市,南屯區,0,1,0,7,2,6,50,13,9,1,5,4,6,6,4,4,9,4,5,2,18,2,9,1,1,C03,7,9,1,10,2,14,,59,59,1,12,4,120.628928,24.145016,2
6412,66000,387130000C,(04)23274275,(04)23288582,2025,12,15,7,35,臺中市,大里區,0,2,0,7,2,6,50,13,7,1,5,4,6,6,4,4,5,5,4,1,17,2,9,5,4,C03,7,6,6,20,2,12,,34,34,1,12,4,120.703048,24.08971,2
6413,66000,387130000C,(04)23274275,(04)23288582,2025,12,15,7,35,臺中市,沙鹿區,0,0,0,7,,,50,,,,,,,,,,,,,,13,,,,,B03,,,1,,2,,,56,56,1,6,4,120.564463,24.210225,3
6414,66000,387130000C,(04)23274275,(04)23288582,2025,12,15,7,37,臺中市,南屯區,0,0,0,7,,,60,,,,,,,,,,,,,,13,,,,,C03,,,1,,2,,,7,7,1,12,4,120.598422,24.155204,4
6415,66000,387130000C,(04)23274275,(04)23288582,2025,12,15,7,37,臺中市,南屯區,0,0,0,7,,,50,,,,,,,,,,,,,,13,,,,,B03,,,1,,1,,,59,59,1,12,4,120.623359,24.149877,3
6416,66000,387130000C,(04)23274275,(04)23288582,2025,12,15,7,38,臺中市,豐原區,0,0,0,7,,,50,,,,,,,,,,,,,,17,,,,,C03,,,1,,2,,,85,85,1,12,4,120.708929,24.252007,4
6417,66000,387130000C,(04)23274275,(04)23288582,2025,12,15,7,40,臺中市,沙鹿區,0,0,0,7,,,60,,,,,,,,,,,,,,,,,,,B03,,,1,,2,,,59,59,1,6,4,120.565909,24.238734,3
6418,66000,387130000C,(04)23274275,(04)23288582,2025,12,15,7,41,臺中市,大里區,0,0,0,7,,,50,,,,,,,,,,,,,,,,,,,C03,,,1,,1,,,84,84,1,13,4,120.702616,24.088084,3
6419,66000,387130000C,(04)23274275,(04)23288582,2025,12,15,7,43,臺中市,太平區,0,0,0,7,,3,80,,,,,,,,,,,,,,12,,,,,B03,,,1,,2,,,84,84,1,12,4,120.71783,24.159273,3
6420,66000,387130000C,(04)23274275,(04)23288582,2025,12,15,7,43,臺中市,豐原區,0,3,0,6,2,6,50,5,1,1,5,4,6,6,1,1,1,4,4,1,15,2,9,1,1,C03,7,9,1,10,2,11,,21,21,1,12,2,120.722465,24.277681,2
6421,66000,387130000C,(04)23274275,(04)23288582,2025,12,15,7,45,臺中市,南區,0,1,0,7,3,6,50,13,8,1,5,4,6,6,4,4,5,4,4,2,9,3,10,3,1,B03,7,15,1,8,2,1,,84,84,1,6,4,120.682066,24.122338,2
6422,66000,387130000C,(04)23274275,(04)23288582,2025,12,15,7,45,臺中市,北屯區,0,1,0,7,2,6,40,13,8,1,5,4,6,6,4,4,1,4,4,1,13,2,9,2,1,C03,7,5,1,10,2,11,,85,85,1,6,4,120.713479,24.164585,2
6423,66000,387130000C,(04)23274275,(04)23288582,2025,12,15,7,45,臺中市,大甲區,0,0,0,7,3,6,40,13,9,1,5,4,6,6,4,1,9,4,5,1,13,3,10,5,1,B03,7,9,1,8,2,2,,7,7,1,13,4,120.632194,24.340803,3
6424,66000,387130000C,(04)23274275,(04)23288582,2025,12,15,7,47,臺中市,西屯區,0,1,0,7,2,6,50,5,1,1,5,4,6,6,2,1,10,5,5,2,16,2,9,1,1,C03,7,6,1,10,2,12,,11,11,1,13,4,120.660097,24.164318,2
6425,66000,387130000C,(04)23274275,(04)23288582,2025,12,15,7,47,臺中市,西屯區,0,0,0,7,,,50,,,,,,,,,,,,,,13,,,,,C03,,,1,,1,,,7,7,1,12,4,120.634669,24.179718,3
6426,66000,387130000C,(04)23274275,(04)23288582,2025,12,15,7,50,臺中市,沙鹿區,0,0,0,7,,,60,,,,,,,,,,,,,,13,,,,,B03,,,1,,2,,,7,7,1,6,4,120.594885,24.249986,3
6427,66000,387130000C,(04)23274275,(04)23288582,2025,12,15,7,52,臺中市,北區,0,0,0,7,,,50,,,,,,,,,,,,,,13,,,,,C03,,,1,,1,,,7,7,1,13,4,120.687248,24.155681,3
6428,66000,387130000C,(04)23274275,(04)23288582,2025,12,15,7,52,臺中市,南屯區,0,0,0,7,,,50,,,,,,,,,,,,,,13,,,,,B03,,,1,,1,,,84,84,1,13,4,120.63546,24.146312,3
6429,66000,387130000C,(04)23274275,(04)23288582,2025,12,15,7,52,臺中市,西屯區,0,0,0,7,,,30,,,,,,,,,,,,,,17,,,,,B03,,,1,,2,,,84,84,1,12,4,120.662794,24.170003,3
6430,66000,387130000C,(04)23274275,(04)23288582,2025,12,15,7,54,臺中市,太平區,0,0,0,7,,,40,,,,,,,,,,,,,,,,,,,C03,,,1,,2,,,7,7,1,12,4,120.712816,24.129453,3
6431,66000,387130000C,(04)23274275,(04)23288582,2025,12,15,7,54,臺中市,神岡區,0,1,0,6,2,6,30,13,9,1,5,4,6,6,4,4,10,5,5,2,17,3,10,5,4,C03,7,1,3,19,2,13,,51,51,1,12,4,120.664291,24.273719,2
6432,66000,387130000C,(04)23274275,(04)23288582,2025,12,15,7,55,臺中市,北屯區,0,2,0,7,2,6,50,4,1,1,5,4,6,6,2,1,5,2,5,2,13,2,9,2,1,C03,7,9,1,10,2,11,,7,7,1,12,4,120.676344,24.184374,2
6433,66000,387130000C,(04)23274275,(04)23288582,2025,12,15,7,56,臺中市,北區,0,2,0,7,3,6,50,4,2,1,5,4,6,6,1,1,1,4,5,2,17,3,10,1,1,C03,7,9,1,10,2,14,,84,84,1,12,4,120.671955,24.171646,2
6434,66000,387130000C,(04)23274275,(04)23288582,2025,12,15,7,59,臺中市,豐原區,0,1,0,7,2,6,50,13,9,1,5,4,6,6,4,4,5,4,5,1,12,3,10,5,4,B03,7,9,1,8,2,15,,85,85,1,12,4,120.720489,24.266436,2
6435,66000,387130000C,(04)23274275,(04)23288582,2025,12,15,8,0,臺中市,潭子區,0,0,0,7,,,30,,,,,,,,,,,,,,,,,,,B03,,,1,,2,,,49,49,1,12,4,120.690836,24.235193,3
6436,66000,387130000C,(04)23274275,(04)23288582,2025,12,15,8,0,臺中市,大雅區,0,0,0,7,,,50,,,,,,,,,,,,,,,,,,,B03,,,1,,2,,,84,84,1,12,4,120.651554,24.227925,3
6437,66000,387130000C,(04)23274275,(04)23288582,2025,12,15,8,0,臺中市,西屯區,0,1,0,7,2,6,50,4,1,1,5,4,6,6,1,1,10,5,5,2,12,2,9,1,4,C03,7,6,1,10,2,14,,26,26,1,13,4,120.622185,24.174168,2
6438,66000,387130000C,(04)23274275,(04)23288582,2025,12,15,8,1,臺中市,南區,0,0,0,7,,,50,,,,,,,,,,,,,,16,,,,,B03,,,1,,1,,,47,47,1,12,4,120.669853,24.122298,3
6439,66000,387130000C,(04)23274275,(04)23288582,2025,12,15,8,1,臺中市,太平區,0,2,0,7,2,6,50,3,2,1,5,4,6,6,4,4,5,4,5,1,16,2,9,2,1,C03,7,6,1,10,2,12,,84,84,1,12,4,120.734487,24.134314,2
6440,66000,387130000C,(04)23274275,(04)23288582,2025,12,15,8,1,臺中市,神岡區,0,2,0,6,1,6,50,4,1,1,5,4,6,6,1,1,1,4,5,1,15,2,9,1,4,C03,7,9,1,10,2,11,,6,6,1,12,4,120.705535,24.275364,2
6441,66000,387130000C,(04)23274275,(04)23288582,2025,12,15,8,2,臺中市,烏日區,0,2,0,7,2,6,40,13,8,1,5,4,6,6,4,4,1,4,1,2,13,2,9,5,4,C03,7,9,1,10,2,11,,7,7,1,6,4,120.648044,24.086582,2
6442,66000,387130000C,(04)23274275,(04)23288582,2025,12,15,8,4,臺中市,東區,0,1,0,7,3,6,50,4,1,1,5,4,6,6,1,1,10,5,5,2,16,3,10,3,1,A41,7,5,1,1,2,5,,22,22,1,12,4,120.701447,24.138891,2
6443,66000,387130000C,(04)23274275,(04)23288582,2025,12,15,8,4,臺中市,西屯區,0,1,0,7,2,6,50,3,1,1,5,4,6,6,4,4,4,4,5,2,13,2,9,5,4,C03,7,9,1,10,2,11,,7,7,1,13,4,120.645266,24.177976,2
6444,66000,387130000C,(04)23274275,(04)23288582,2025,12,15,8,5,臺中市,西屯區,0,2,0,7,2,6,50,4,1,1,5,4,6,6,2,1,10,5,5,2,15,2,9,2,1,C03,7,9,1,10,2,11,,21,21,1,13,4,120.646844,24.174876,2
6445,66000,387130000C,(04)23274275,(04)23288582,2025,12,15,8,5,臺中市,烏日區,0,0,0,7,,,60,,,,,,,,,,,,,,13,,,,,B03,,,1,,2,,,8,8,1,6,4,120.614853,24.102787,3
6446,66000,387130000C,(04)23274275,(04)23288582,2025,12,15,8,7,臺中市,龍井區,0,2,0,7,1,6,50,4,1,1,5,4,6,6,4,4,10,5,5,2,16,2,9,1,1,C03,7,1,1,10,2,14,,51,51,1,6,4,120.58631,24.181406,2
6447,66000,387130000C,(04)23274275,(04)23288582,2025,12,15,8,9,臺中市,北屯區,0,0,0,7,,,50,,,,,,,,,,,,,,13,,,,,B03,,,1,,1,,,7,7,1,6,4,120.712542,24.182632,3
6448,66000,387130000C,(04)23274275,(04)23288582,2025,12,15,8,13,臺中市,大里區,0,0,0,7,,,50,,,,,,,,,,,,,,,,,,,B03,,,1,,2,,,49,49,1,12,4,120.688872,24.103753,3
6449,66000,387130000C,(04)23274275,(04)23288582,2025,12,15,8,14,臺中市,大雅區,0,0,0,7,,,0,,,,,,,,,,,,,,,,,,,B03,,,1,,1,,,51,51,1,13,4,120.644551,24.204896,3
6450,66000,387130000C,(04)23274275,(04)23288582,2025,12,15,8,15,臺中市,南區,0,1,0,7,1,6,50,4,1,1,5,4,6,6,2,1,10,5,5,2,17,3,10,5,4,C03,7,9,1,10,2,14,,26,26,1,13,4,120.668571,24.129622,2
6451,66000,387130000C,(04)23274275,(04)23288582,2025,12,15,8,16,臺中市,后里區,0,1,0,6,2,6,50,4,9,1,5,4,6,6,1,1,5,5,5,1,30,2,9,1,1,C03,7,6,1,10,1,11,,84,84,1,6,4,120.719459,24.312612,2
6452,66000,387130000C,(04)23274275,(04)23288582,2025,12,15,8,17,臺中市,西屯區,0,2,0,7,2,6,50,4,1,1,5,4,6,6,4,4,10,5,5,2,12,2,9,1,1,C03,7,9,1,10,2,14,,7,7,1,13,4,120.657446,24.165077,2
6453,66000,387130000C,(04)23274275,(04)23288582,2025,12,15,8,19,臺中市,西屯區,0,0,0,7,,,50,,,,,,,,,,,,,,13,,,,,B02,,,1,,1,,,7,7,1,12,4,120.637598,24.187495,3
6454,66000,387130000C,(04)23274275,(04)23288582,2025,12,15,8,20,臺中市,北屯區,0,1,0,7,3,6,50,4,1,1,5,4,6,6,1,1,10,5,5,2,12,3,10,2,1,C03,7,6,1,10,9,14,,85,85,1,6,4,120.718696,24.171442,2
6455,66000,387130000C,(04)23274275,(04)23288582,2025,12,15,8,22,臺中市,烏日區,0,0,0,7,,,30,,,,,,,,,,,,,,,,,,,B01,,,1,,2,,,51,51,1,12,4,120.616684,24.114781,3
6456,66000,387130000C,(04)23274275,(04)23288582,2025,12,15,8,23,臺中市,南屯區,0,1,0,7,3,6,50,4,1,1,5,4,6,6,1,1,10,5,5,2,18,2,9,2,1,C03,7,5,1,8,2,12,,59,59,1,13,4,120.646935,24.150787,2
6457,66000,387130000C,(04)23274275,(04)23288582,2025,12,15,8,24,臺中市,大安區,0,0,0,7,,,50,,,,,,,,,,,,,,21,,,,,,,,,,,,,39,39,1,,,120.588701,24.372037,3
6458,66000,387130000C,(04)23274275,(04)23288582,2025,12,15,8,26,臺中市,西屯區,0,0,0,7,,3,80,,,,,,,,,,,,,,13,,,,,B03,,,1,,1,,,7,7,1,13,4,120.648668,24.196795,3
6459,66000,387130000C,(04)23274275,(04)23288582,2025,12,15,8,27,臺中市,西區,0,0,0,7,,,50,,,,,,,,,,,,,,13,,,,,B03,,,1,,1,,,7,7,1,6,4,120.667389,24.129939,3
6460,66000,387130000C,(04)23274275,(04)23288582,2025,12,15,8,27,臺中市,太平區,0,2,0,7,2,6,50,4,1,1,5,4,6,6,1,1,10,5,5,2,15,2,5,1,1,C03,7,9,1,10,2,11,,21,21,1,12,4,120.70368,24.153244,2
6461,66000,387130000C,(04)23274275,(04)23288582,2025,12,15,8,31,臺中市,西屯區,0,1,0,7,3,6,50,3,1,1,5,4,6,6,4,4,5,4,5,2,12,3,10,5,4,C03,7,8,1,10,1,14,,40,40,1,12,4,120.636367,24.181674,2
6462,66000,387130000C,(04)23274275,(04)23288582,2025,12,15,8,32,臺中市,北區,0,0,0,7,,,50,,,,,,,,,,,,,,13,,,,,C03,,,1,,1,,,84,84,1,13,4,120.680315,24.16334,3
6463,66000,387130000C,(04)23274275,(04)23288582,2025,12,15,8,35,臺中市,西區,0,2,0,6,3,6,40,4,1,1,5,4,6,6,1,1,10,5,5,2,13,2,9,2,1,C03,7,9,1,10,2,11,,7,7,1,12,4,120.659838,24.157202,2
6464,66000,387130000C,(04)23274275,(04)23288582,2025,12,15,8,37,臺中市,南屯區,0,0,0,7,,,50,,,,,,,,,,,,,,17,,,,,B03,,,1,,1,,,50,50,1,12,4,120.63384,24.150796,3
6465,66000,387130000C,(04)23274275,(04)23288582,2025,12,15,8,37,臺中市,豐原區,0,1,0,6,2,6,30,4,1,1,5,4,6,6,4,4,5,4,4,2,15,3,10,3,1,B03,7,9,1,8,2,4,,13,13,1,12,4,120.736044,24.248987,2
6466,66000,387130000C,(04)23274275,(04)23288582,2025,12,15,8,39,臺中市,南區,0,1,0,7,3,6,50,3,1,1,5,4,6,6,1,1,5,5,5,2,12,2,9,2,1,C03,7,9,1,10,2,11,,7,7,1,13,4,120.655195,24.123692,2
6467,66000,387130000C,(04)23274275,(04)23288582,2025,12,15,8,40,臺中市,太平區,0,1,0,7,3,6,30,4,19,1,5,4,6,6,4,4,10,5,5,2,3,3,10,3,1,B03,7,6,1,8,2,8,,10,10,1,12,4,120.725538,24.14593,2
6468,66000,387130000C,(04)23274275,(04)23288582,2025,12,15,8,42,臺中市,神岡區,0,0,0,6,,,50,,,,,,,,,,,,,,13,,,,,B03,,,1,,2,,,59,59,1,12,4,120.694506,24.248602,3
6469,66000,387130000C,(04)23274275,(04)23288582,2025,12,15,8,49,臺中市,東區,0,1,0,7,2,6,50,4,1,1,5,4,6,6,2,1,10,5,5,2,13,2,8,2,1,C03,7,9,1,10,2,11,,7,7,1,6,4,120.705449,24.137527,2
6470,66000,387130000C,(04)23274275,(04)23288582,2025,12,15,8,54,臺中市,北區,0,1,0,7,3,6,50,4,1,1,5,4,6,6,4,4,10,5,5,2,18,2,9,1,1,C03,7,9,1,10,2,14,,84,84,1,12,4,120.668098,24.164006,2
6471,66000,387130000C,(04)23274275,(04)23288582,2025,12,15,8,54,臺中市,豐原區,0,1,0,7,2,6,50,3,1,1,5,4,6,6,1,1,1,4,4,1,16,3,10,5,4,B12,7,5,1,8,2,5,,84,84,1,12,4,120.736831,24.261189,2
6472,66000,387130000C,(04)23274275,(04)23288582,2025,12,15,8,55,臺中市,西屯區,0,2,0,7,2,6,50,13,9,1,5,4,6,6,4,4,1,4,5,2,13,2,8,2,1,C03,7,9,1,10,2,11,13,7,7,1,13,4,120.649821,24.163217,2
6473,66000,387130000C,(04)23274275,(04)23288582,2025,12,15,8,58,臺中市,北區,0,2,0,7,2,6,50,13,9,1,5,4,6,6,4,4,5,4,5,2,16,2,9,1,1,C03,7,5,1,10,2,12,,84,84,1,13,4,120.669252,24.164384,2
6474,66000,387130000C,(04)23274275,(04)23288582,2025,12,15,8,58,臺中市,南屯區,0,0,0,7,,,50,,,,,,,,,,,,,,13,,,,,C03,,,1,,1,,,8,8,1,12,4,120.622921,24.145503,3
6475,66000,387130000C,(04)23274275,(04)23288582,2025,12,15,8,58,臺中市,西屯區,0,1,0,7,2,6,50,4,1,1,5,4,6,6,1,1,10,5,5,2,16,3,10,3,4,A12,7,6,1,6,2,2,,23,23,1,13,4,120.593044,24.183185,2
6476,66000,387130000C,(04)23274275,(04)23288582,2025,12,15,9,6,臺中市,沙鹿區,0,2,0,6,2,6,40,13,8,1,5,4,6,6,4,4,2,4,4,2,13,2,7,2,1,C03,7,9,1,10,2,11,,59,59,1,6,4,120.560749,24.23432,2
6477,66000,387130000C,(04)23274275,(04)23288582,2025,12,15,9,9,臺中市,西屯區,0,1,0,7,2,6,50,3,1,1,5,4,6,6,4,4,4,5,5,2,16,3,10,5,4,B03,7,6,1,8,2,1,,14,14,1,13,4,120.640653,24.17893,2
6478,66000,387130000C,(04)23274275,(04)23288582,2025,12,15,9,11,臺中市,南區,0,2,0,7,1,6,40,13,8,1,5,4,6,6,4,4,9,5,4,2,13,3,10,5,4,B03,7,9,1,8,2,5,,84,84,1,13,4,120.659792,24.113283,2
6479,66000,387130000C,(04)23274275,(04)23288582,2025,12,15,9,13,臺中市,南區,0,1,0,7,3,6,50,13,9,1,5,4,6,6,1,1,5,2,5,2,13,3,10,3,1,A02,7,9,1,2,2,1,,7,7,1,6,4,120.684931,24.12932,2
6480,66000,387130000C,(04)23274275,(04)23288582,2025,12,15,9,20,臺中市,南區,0,0,0,7,,,40,,,,,,,,,,,,,,,,,,,C03,,,1,,2,,,50,50,1,13,4,120.655448,24.113758,3
6481,66000,387130000C,(04)23274275,(04)23288582,2025,12,15,9,20,臺中市,大甲區,0,2,0,7,3,6,50,13,9,1,5,4,6,6,4,4,5,5,5,1,3,2,8,1,1,C03,7,9,1,10,2,11,,84,84,1,6,4,120.625061,24.347796,2