序號,縣市別代碼,機關代碼,市話,傳真,年,月,日,時,分,縣市,區,死亡數量,受傷數量,2-30,天候,道路照明設備,道路類別,道路速限,道路型態,事故位置,路面鋪裝,路面狀態,路面缺陷,障礙物,視距,號誌種類,號誌動作,分向設施,快車道或一般車道間,快慢車道間,路面邊線,事故類型及型態,受傷程度,主要傷處,保護裝備,行動電話或功能裝置,當事者區分(類別),車輛用途,當事者行動狀態,駕照狀態,駕照種類,飲酒情形,車輛撞擊部位最初,車輛撞擊部位其他,肇事因素個別,肇事因素主要,肇事逃逸,職業,共享經濟或外送平台,GPS座標X,GPS座標Y,事故類別
6482,66000,387130000C,(04)23274275,(04)23288582,2025,12,15,9,22,臺中市,北屯區,0,0,0,7,,,50,,,,,,,,,,,,,,17,,,,,B03,,,5,,2,,,84,84,1,6,4,120.690295,24.171827,3
6483,66000,387130000C,(04)23274275,(04)23288582,2025,12,15,9,24,臺中市,豐原區,0,0,0,7,,,50,,,,,,,,,,,,,,17,,,,,B03,,,1,,2,,,59,59,1,12,4,120.719157,24.248121,4
6484,66000,387130000C,(04)23274275,(04)23288582,2025,12,15,9,27,臺中市,大里區,0,0,0,6,,,50,,,,,,,,,,,,,,14,,,,,B03,,,1,,2,,,49,49,1,12,4,120.674961,24.108244,3
6485,66000,387130000C,(04)23274275,(04)23288582,2025,12,15,9,28,臺中市,西屯區,0,0,0,7,,3,80,,,,,,,,,,,,,,12,,,,,B13,,,1,,1,,,40,40,1,13,4,120.636439,24.184452,3
6486,66000,387130000C,(04)23274275,(04)23288582,2025,12,15,9,28,臺中市,梧棲區,0,0,0,7,,,50,,,,,,,,,,,,,,15,,,,,C03,,,1,,2,,,15,15,1,12,4,120.533984,24.249791,3
6487,66000,387130000C,(04)23274275,(04)23288582,2025,12,15,9,32,臺中市,北屯區,0,2,0,7,2,6,30,3,1,1,5,4,6,6,4,4,10,5,5,2,17,2,9,1,1,C03,7,6,1,10,2,14,,14,14,1,6,4,120.668244,24.179565,2
6488,66000,387130000C,(04)23274275,(04)23288582,2025,12,15,9,33,臺中市,大雅區,0,1,0,7,3,6,40,13,8,1,5,4,6,6,4,4,9,4,4,1,17,2,9,2,1,F03,7,9,7,21,2,11,,84,84,1,13,4,120.632573,24.238519,2
6489,66000,387130000C,(04)23274275,(04)23288582,2025,12,15,9,38,臺中市,潭子區,0,2,0,7,2,6,30,4,1,1,5,4,6,6,4,4,10,5,5,1,15,2,9,3,1,B01,7,9,1,8,2,2,,15,15,1,13,4,120.677915,24.208232,2
6490,66000,387130000C,(04)23274275,(04)23288582,2025,12,15,9,39,臺中市,南屯區,0,2,0,7,2,6,40,13,7,1,5,4,6,6,4,4,9,4,4,2,12,2,9,1,1,C03,7,7,1,10,2,11,,40,40,1,12,4,120.635499,24.150597,2
6491,66000,387130000C,(04)23274275,(04)23288582,2025,12,15,9,40,臺中市,太平區,0,1,0,7,2,6,50,13,9,1,5,4,6,6,4,4,9,5,5,2,17,2,9,2,1,C03,7,9,3,19,2,11,,59,59,1,12,4,120.701224,24.152893,2
6492,66000,387130000C,(04)23274275,(04)23288582,2025,12,15,9,40,臺中市,梧棲區,0,1,0,7,2,6,30,4,1,1,5,4,6,6,4,4,10,5,5,2,15,4,11,1,1,C03,7,9,1,10,2,14,,87,87,1,7,4,120.537911,24.237547,2
6493,66000,387130000C,(04)23274275,(04)23288582,2025,12,15,9,43,臺中市,神岡區,0,0,0,7,,,50,,,,,,,,,,,,,,13,,,,,B03,,,1,,2,,,59,59,1,12,4,120.694572,24.248251,3
6494,66000,387130000C,(04)23274275,(04)23288582,2025,12,15,9,45,臺中市,北屯區,0,2,0,7,2,6,30,4,1,1,5,4,6,6,4,4,10,5,5,2,15,2,9,2,1,C03,7,9,1,10,2,11,,15,15,1,6,4,120.662238,24.193847,2
6495,66000,387130000C,(04)23274275,(04)23288582,2025,12,15,9,47,臺中市,太平區,0,0,0,7,,,40,,,,,,,,,,,,,,,,,,,B03,,,1,,2,,,49,49,1,12,4,120.70512,24.125682,3
6496,66000,387130000C,(04)23274275,(04)23288582,2025,12,15,9,50,臺中市,梧棲區,0,0,0,7,,,30,,,,,,,,,,,,,,17,,,,,B02,,,1,,2,,,8,8,1,12,4,120.550388,24.244504,3
6497,66000,387130000C,(04)23274275,(04)23288582,2025,12,15,9,50,臺中市,沙鹿區,0,0,0,7,,,0,,,,,,,,,,,,,,14,,,,,B03,,,1,,2,,,49,49,1,12,4,120.567059,24.202528,3
6498,66000,387130000C,(04)23274275,(04)23288582,2025,12,15,9,51,臺中市,北屯區,0,0,0,7,,,50,,,,,,,,,,,,,,14,,,,,B12,,,1,,2,,,49,49,1,12,4,120.694104,24.161838,3
6499,66000,387130000C,(04)23274275,(04)23288582,2025,12,15,9,51,臺中市,大甲區,0,1,0,7,1,6,50,13,9,1,5,4,6,6,4,4,5,5,4,1,13,2,9,1,1,C03,7,9,1,10,2,11,,84,84,1,12,4,120.6275,24.351746,2
6500,66000,387130000C,(04)23274275,(04)23288582,2025,12,15,9,54,臺中市,豐原區,0,2,0,6,2,6,50,4,1,1,5,4,6,6,2,1,5,5,5,1,13,2,9,1,1,C03,7,9,1,10,2,11,,7,7,1,12,4,120.731363,24.249562,2
6501,66000,387130000C,(04)23274275,(04)23288582,2025,12,15,10,0,臺中市,南屯區,0,1,0,7,2,6,60,13,9,1,5,4,6,6,4,4,3,4,5,2,13,2,8,1,1,C03,7,9,1,10,2,11,,7,7,1,12,4,120.638391,24.151464,2
6502,66000,387130000C,(04)23274275,(04)23288582,2025,12,15,10,0,臺中市,西屯區,0,1,0,7,2,6,50,13,7,1,5,4,6,6,4,4,5,5,4,2,9,3,10,5,4,A04,7,8,1,2,2,16,,84,84,1,12,4,120.639727,24.174947,2
6503,66000,387130000C,(04)23274275,(04)23288582,2025,12,15,10,1,臺中市,南區,0,1,0,7,2,6,50,13,9,1,5,4,6,6,4,4,9,5,5,2,18,2,9,2,1,C03,7,9,1,10,2,14,,84,84,1,6,4,120.655858,24.124215,2
6504,66000,387130000C,(04)23274275,(04)23288582,2025,12,15,10,1,臺中市,大里區,0,1,0,7,2,6,50,13,7,1,5,4,6,6,4,4,3,4,4,1,17,3,10,3,1,B03,7,8,1,8,2,2,,40,40,1,6,4,120.695107,24.088869,2
6505,66000,387130000C,(04)23274275,(04)23288582,2025,12,15,10,1,臺中市,太平區,0,0,0,7,,,50,,,,,,,,,,,,,,13,,,,,B03,,,3,,2,,,7,7,1,12,4,120.721266,24.142204,3
6506,66000,387130000C,(04)23274275,(04)23288582,2025,12,15,10,10,臺中市,大雅區,0,3,0,7,3,6,50,3,1,1,5,4,6,6,1,1,10,5,5,2,17,2,9,1,1,C03,7,1,5,19,2,14,,51,51,1,12,4,120.635669,24.215222,2
6507,66000,387130000C,(04)23274275,(04)23288582,2025,12,15,10,13,臺中市,北區,0,3,0,7,2,6,50,13,9,1,5,4,6,6,4,4,5,4,5,2,17,2,9,1,1,F03,7,6,7,21,2,14,,84,84,1,12,4,120.671302,24.167048,2
6508,66000,387130000C,(04)23274275,(04)23288582,2025,12,15,10,16,臺中市,大里區,0,0,0,7,,,50,,,,,,,,,,,,,,17,,,,,B12,,,1,,1,,,49,49,1,12,4,120.692731,24.082012,3
6509,66000,387130000C,(04)23274275,(04)23288582,2025,12,15,10,16,臺中市,豐原區,0,0,0,7,,,50,,,,,,,,,,,,,,12,,,,,E03,,,1,,2,,,84,84,1,12,4,120.749545,24.268486,3
6510,66000,387130000C,(04)23274275,(04)23288582,2025,12,15,10,21,臺中市,神岡區,0,2,0,6,2,6,30,11,9,1,5,4,6,6,4,4,10,5,5,2,17,2,9,5,4,B03,7,9,1,8,2,8,,84,84,1,12,4,120.696682,24.274183,2
6511,66000,387130000C,(04)23274275,(04)23288582,2025,12,15,10,23,臺中市,霧峰區,0,0,0,7,,,50,,,,,,,,,,,,,,,,,,,B03,,,1,,2,,,84,84,1,13,4,120.699656,24.075589,3
6512,66000,387130000C,(04)23274275,(04)23288582,2025,12,15,10,26,臺中市,西屯區,0,0,0,7,,,30,,,,,,,,,,,,,,14,,,,,B03,,,1,,2,,,49,49,1,13,4,120.652082,24.174351,3
6513,66000,387130000C,(04)23274275,(04)23288582,2025,12,15,10,32,臺中市,西屯區,0,0,0,7,,,50,,,,,,,,,,,,,,12,,,,,B03,,,1,,1,,,51,51,1,12,4,120.638283,24.167647,3
6514,66000,387130000C,(04)23274275,(04)23288582,2025,12,15,10,35,臺中市,南屯區,0,4,0,7,3,6,50,3,1,1,5,4,6,6,4,4,10,5,5,2,17,2,9,1,1,C03,7,9,1,10,2,11,,7,7,1,12,4,120.639961,24.1488,2
6515,66000,387130000C,(04)23274275,(04)23288582,2025,12,15,10,37,臺中市,西屯區,0,0,0,7,,,50,,,,,,,,,,,,,,16,,,,,A04,,,1,,9,,,8,8,2,12,4,120.663755,24.172558,3
6516,66000,387130000C,(04)23274275,(04)23288582,2025,12,15,10,40,臺中市,北屯區,0,1,0,7,3,6,50,13,7,1,5,4,6,6,4,4,9,5,4,2,18,2,9,2,1,C03,7,9,3,19,2,11,,87,87,1,6,4,120.69628,24.176227,2
6517,66000,387130000C,(04)23274275,(04)23288582,2025,12,15,10,41,臺中市,南屯區,0,2,0,7,2,6,50,3,1,1,5,4,6,6,4,4,10,5,5,2,13,2,9,1,1,C03,7,9,1,10,2,11,,7,7,1,13,4,120.641884,24.146877,2
6518,66000,387130000C,(04)23274275,(04)23288582,2025,12,15,10,41,臺中市,西屯區,0,1,0,7,2,6,50,4,1,1,5,4,6,6,4,4,10,5,5,2,17,3,10,3,4,B11,7,9,1,4,2,5,,12,12,1,13,4,120.66301,24.168104,2
6519,66000,387130000C,(04)23274275,(04)23288582,2025,12,15,10,42,臺中市,神岡區,0,1,0,7,1,6,30,11,9,1,5,4,6,6,4,4,10,5,5,1,17,2,9,1,4,C03,7,5,1,10,2,14,,41,41,1,12,4,120.690189,24.252005,2
6520,66000,387130000C,(04)23274275,(04)23288582,2025,12,15,10,43,臺中市,北屯區,0,0,0,7,,,50,,,,,,,,,,,,,,14,,,,,A11,,,1,,1,,,49,49,1,6,4,120.703738,24.181202,3
6521,66000,387130000C,(04)23274275,(04)23288582,2025,12,15,10,46,臺中市,北屯區,1,0,0,7,2,6,50,3,1,1,5,4,6,6,3,1,10,5,5,2,20,1,9,1,1,C02,7,9,3,19,2,11,,84,84,1,6,4,120.73416,24.173417,1
6522,66000,387130000C,(04)23274275,(04)23288582,2025,12,15,10,51,臺中市,西屯區,0,0,0,7,,,50,,,,,,,,,,,,,,13,,,,,B02,,,1,,2,,,7,7,1,13,4,120.645285,24.177312,3
6523,66000,387130000C,(04)23274275,(04)23288582,2025,12,15,10,52,臺中市,北區,0,1,0,7,3,6,50,3,1,1,5,4,6,6,1,1,10,5,5,2,16,2,9,1,1,C03,7,6,1,10,2,14,,20,20,1,12,4,120.6805,24.165392,2
6524,66000,387130000C,(04)23274275,(04)23288582,2025,12,15,10,54,臺中市,沙鹿區,0,0,0,7,,,50,,,,,,,,,,,,,,13,,,,,A41,,,1,,2,,,7,7,1,6,4,120.569354,24.202224,3
6525,66000,387130000C,(04)23274275,(04)23288582,2025,12,15,10,55,臺中市,太平區,0,1,0,7,2,6,50,13,9,1,5,4,6,6,4,4,9,5,5,1,17,3,10,3,1,B03,7,15,1,8,2,16,,84,84,1,12,4,120.729837,24.113049,2
6526,66000,387130000C,(04)23274275,(04)23288582,2025,12,15,11,2,臺中市,大雅區,0,0,0,7,,,50,,,,,,,,,,,,,,17,,,,,B11,,,1,,2,,,49,49,1,12,4,120.641047,24.230837,3
6527,66000,387130000C,(04)23274275,(04)23288582,2025,12,15,11,2,臺中市,烏日區,0,1,0,7,2,6,30,3,1,1,5,4,6,6,4,4,10,5,5,1,17,3,10,5,4,B11,7,6,1,4,2,5,,14,14,1,6,4,120.65687,24.098567,2
6528,66000,387130000C,(04)23274275,(04)23288582,2025,12,15,11,6,臺中市,沙鹿區,0,0,0,7,,,60,,,,,,,,,,,,,,,,,,,B01,,,1,,2,,,59,59,1,6,4,120.595899,24.2498,3
6529,66000,387130000C,(04)23274275,(04)23288582,2025,12,15,11,6,臺中市,沙鹿區,0,3,0,7,2,6,50,5,1,1,5,4,6,6,1,1,10,5,5,2,17,,,,,,,21,,,,,,86,86,2,,,120.558677,24.227962,2
6530,66000,387130000C,(04)23274275,(04)23288582,2025,12,15,11,10,臺中市,大甲區,0,0,0,7,,,50,,,,,,,,,,,,,,,,,,,B03,,,1,,1,,,59,59,1,6,4,120.641595,24.365957,3
6531,66000,387130000C,(04)23274275,(04)23288582,2025,12,15,11,15,臺中市,西屯區,0,0,0,7,,,50,,,,,,,,,,,,,,12,,,,,B03,,,1,,1,,,43,42,1,13,4,120.649777,24.16273,3
6532,66000,387130000C,(04)23274275,(04)23288582,2025,12,15,11,17,臺中市,東區,0,3,0,7,1,6,50,13,9,1,5,4,6,5,4,4,5,4,5,2,17,2,9,5,4,C03,7,11,5,10,2,12,,45,45,1,13,4,120.697518,24.140295,2
6533,66000,387130000C,(04)23274275,(04)23288582,2025,12,15,11,17,臺中市,南屯區,0,1,0,7,2,6,50,13,7,1,5,4,6,6,4,4,5,5,4,2,11,2,9,1,1,C03,7,9,1,10,2,12,,84,84,1,12,4,120.62011,24.126043,2
6534,66000,387130000C,(04)23274275,(04)23288582,2025,12,15,11,19,臺中市,北區,0,0,0,7,,,50,,,,,,,,,,,,,,12,,,,,B03,,,3,,1,,,8,8,1,13,4,120.677303,24.151254,3
6535,66000,387130000C,(04)23274275,(04)23288582,2025,12,15,11,23,臺中市,大雅區,0,0,0,7,,,30,,,,,,,,,,,,,,,,,,,B12,,,1,,1,,,49,49,1,13,4,120.650438,24.245503,3
6536,66000,387130000C,(04)23274275,(04)23288582,2025,12,15,11,29,臺中市,北區,0,0,0,7,,,50,,,,,,,,,,,,,,,,,,,B03,,,1,,1,,,49,49,1,12,4,120.689012,24.153319,3
6537,66000,387130000C,(04)23274275,(04)23288582,2025,12,15,11,29,臺中市,沙鹿區,0,0,0,7,,,50,,,,,,,,,,,,,,17,,,,,B12,,,1,,9,,,8,8,1,6,4,120.561317,24.242326,3
6538,66000,387130000C,(04)23274275,(04)23288582,2025,12,15,11,34,臺中市,中區,0,2,0,7,2,6,30,4,1,1,5,4,6,6,4,4,10,5,5,2,15,2,9,5,4,C03,7,9,1,10,2,12,,15,15,1,13,4,120.681367,24.14148,2
6539,66000,387130000C,(04)23274275,(04)23288582,2025,12,15,11,34,臺中市,霧峰區,0,1,0,7,2,6,50,4,1,1,5,4,6,6,4,4,10,5,5,2,18,2,9,2,1,C03,7,9,1,10,2,14,,84,84,1,6,4,120.700446,24.064074,2
6540,66000,387130000C,(04)23274275,(04)23288582,2025,12,15,11,37,臺中市,西屯區,1,0,0,7,1,6,50,4,1,1,5,4,6,6,2,1,10,5,5,2,16,3,10,3,1,B12,7,6,1,8,2,2,,38,38,1,12,4,120.656397,24.199836,1
6541,66000,387130000C,(04)23274275,(04)23288582,2025,12,15,11,38,臺中市,清水區,0,2,0,7,3,6,50,3,1,1,5,4,6,6,4,4,9,4,5,2,16,2,9,1,1,C03,7,6,1,10,2,14,,20,20,1,12,4,120.575108,24.270297,2
6542,66000,387130000C,(04)23274275,(04)23288582,2025,12,15,11,45,臺中市,北屯區,0,2,0,7,2,6,50,4,1,1,5,4,6,6,1,1,10,5,5,2,17,2,9,1,1,C03,7,6,5,19,2,14,,48,48,1,6,4,120.722493,24.171712,2
6543,66000,387130000C,(04)23274275,(04)23288582,2025,12,15,11,46,臺中市,清水區,0,0,0,7,,,50,,,,,,,,,,,,,,,,,,,A42,,,1,,2,,,8,8,1,12,4,120.574135,24.275284,3
6544,66000,387130000C,(04)23274275,(04)23288582,2025,12,15,11,46,臺中市,大安區,0,0,0,7,,,50,,,,,,,,,,,,,,,,,,,A11,,,1,,2,,,84,84,1,6,4,120.618635,24.379487,3
6545,66000,387130000C,(04)23274275,(04)23288582,2025,12,15,11,50,臺中市,西屯區,0,0,0,7,,3,80,,,,,,,,,,,,,,16,,,,,B12,,,1,,1,,,43,43,1,12,4,120.647383,24.196115,3
6546,66000,387130000C,(04)23274275,(04)23288582,2025,12,15,11,56,臺中市,沙鹿區,0,1,0,7,2,6,50,4,1,1,5,4,6,6,2,1,10,5,5,2,17,2,9,2,1,C03,7,9,1,10,2,11,,7,7,1,6,4,120.575215,24.226738,2
6547,66000,387130000C,(04)23274275,(04)23288582,2025,12,15,11,57,臺中市,潭子區,0,0,0,7,,,50,,,,,,,,,,,,,,17,,,,,B03,,,1,,1,,,78,78,1,13,4,120.709955,24.210323,3
6548,66000,387130000C,(04)23274275,(04)23288582,2025,12,15,11,58,臺中市,西屯區,0,0,0,7,,,50,,,,,,,,,,,,,,,,,,,C03,,,1,,1,,,8,8,1,13,4,120.633048,24.170482,3
6549,66000,387130000C,(04)23274275,(04)23288582,2025,12,15,12,0,臺中市,梧棲區,0,1,0,7,2,6,50,4,2,1,5,4,6,6,3,1,5,5,5,1,11,2,7,1,1,C03,7,6,3,19,2,11,,4,4,1,12,4,120.544667,24.248694,2
6550,66000,387130000C,(04)23274275,(04)23288582,2025,12,15,12,2,臺中市,太平區,0,1,0,7,2,6,50,13,9,1,5,4,6,6,1,1,5,4,5,2,12,2,9,1,1,C03,7,8,3,19,2,14,,40,40,1,12,4,120.713267,24.144452,2
6551,66000,387130000C,(04)23274275,(04)23288582,2025,12,15,12,4,臺中市,潭子區,0,1,0,7,2,6,60,4,1,1,5,4,6,6,2,1,1,4,5,1,17,2,9,2,1,C03,7,9,1,10,2,14,,75,75,1,13,4,120.703498,24.201163,2
6552,66000,387130000C,(04)23274275,(04)23288582,2025,12,15,12,4,臺中市,西屯區,0,0,0,7,,,50,,,,,,,,,,,,,,14,,,,,B03,,,1,,1,,,49,49,1,13,4,120.613547,24.187165,3
6553,66000,387130000C,(04)23274275,(04)23288582,2025,12,15,12,7,臺中市,清水區,0,2,0,7,3,6,50,4,1,1,5,4,6,6,3,1,9,4,5,1,15,2,9,1,1,C03,7,9,1,10,2,11,,20,20,1,12,4,120.550241,24.26474,2
6554,66000,387130000C,(04)23274275,(04)23288582,2025,12,15,12,9,臺中市,東區,0,0,0,7,,,50,,,,,,,,,,,,,,17,,,,,B03,,,1,,1,,,8,8,1,6,4,120.698862,24.140229,3
6555,66000,387130000C,(04)23274275,(04)23288582,2025,12,15,12,10,臺中市,南屯區,0,0,0,7,,,60,,,,,,,,,,,,,,15,,,,,B01,,,1,,1,,,21,21,1,12,4,120.638193,24.135308,3
6556,66000,387130000C,(04)23274275,(04)23288582,2025,12,15,12,10,臺中市,北屯區,0,3,0,7,2,6,30,4,1,1,5,4,6,6,4,4,10,5,5,2,15,2,7,2,1,C03,7,9,1,10,2,11,,15,15,1,6,4,120.66538,24.179189,2
6557,66000,387130000C,(04)23274275,(04)23288582,2025,12,15,12,15,臺中市,沙鹿區,0,1,0,7,2,6,50,4,1,1,5,4,6,6,1,1,10,5,5,2,16,2,1,3,1,B03,7,6,5,19,2,8,,11,11,2,6,4,120.597591,24.249998,2
6558,66000,387130000C,(04)23274275,(04)23288582,2025,12,15,12,15,臺中市,沙鹿區,0,1,0,7,2,6,50,11,9,1,5,4,6,6,4,4,10,5,5,2,17,3,10,1,1,C03,7,9,1,10,2,11,13,7,7,1,6,4,120.581727,24.219102,2
6559,66000,387130000C,(04)23274275,(04)23288582,2025,12,15,12,19,臺中市,西區,0,1,0,7,2,6,50,4,1,1,5,4,6,6,1,1,10,5,5,2,16,3,10,2,1,C02,7,6,3,19,2,14,,11,11,1,13,4,120.670971,24.140217,2
6560,66000,387130000C,(04)23274275,(04)23288582,2025,12,15,12,19,臺中市,龍井區,0,0,0,7,,,60,,,,,,,,,,,,,,,,,,,B02,,,1,,2,,,7,7,1,12,4,120.580157,24.189864,3
6561,66000,387130000C,(04)23274275,(04)23288582,2025,12,15,12,20,臺中市,南區,0,1,0,7,3,6,50,4,1,1,5,4,6,6,2,1,10,5,5,2,13,3,10,2,1,C03,7,9,1,10,2,11,,7,7,1,13,4,120.655409,24.115187,2
6562,66000,387130000C,(04)23274275,(04)23288582,2025,12,15,12,23,臺中市,西屯區,0,2,0,7,2,6,40,4,1,1,5,4,6,6,2,1,1,4,1,2,13,2,9,5,4,C03,7,9,1,10,2,11,,7,7,1,13,4,120.652932,24.160523,2
6563,66000,387130000C,(04)23274275,(04)23288582,2025,12,15,12,23,臺中市,大里區,0,1,0,7,3,6,50,4,1,1,5,4,6,6,1,1,10,5,5,2,13,3,10,3,1,B03,7,9,1,8,2,5,,7,7,1,13,4,120.679067,24.115033,2
6564,66000,387130000C,(04)23274275,(04)23288582,2025,12,15,12,29,臺中市,大里區,0,0,0,7,,,50,,,,,,,,,,,,,,,,,,,B03,,,1,,9,,,39,39,1,12,4,120.694396,24.112507,3
6565,66000,387130000C,(04)23274275,(04)23288582,2025,12,15,12,29,臺中市,大里區,0,1,0,7,3,6,50,13,9,1,5,4,6,6,4,4,5,5,5,2,16,2,9,1,1,C03,7,15,1,10,2,12,,84,84,1,12,4,120.67964,24.105819,2
6566,66000,387130000C,(04)23274275,(04)23288582,2025,12,15,12,34,臺中市,神岡區,0,1,0,7,2,6,50,4,2,1,5,4,6,6,4,4,5,5,5,1,18,2,9,5,4,C03,7,9,1,10,2,16,,59,59,1,12,4,120.695663,24.234933,2
6567,66000,387130000C,(04)23274275,(04)23288582,2025,12,15,12,37,臺中市,西屯區,0,0,0,7,,,30,,,,,,,,,,,,,,14,,,,,B03,,,1,,9,,,49,49,2,13,4,120.636454,24.167046,3
6568,66000,387130000C,(04)23274275,(04)23288582,2025,12,15,12,39,臺中市,北區,0,0,0,7,,,,,,,,,,,,,,,,,17,,,,,,,,,,,,,119,119,1,,,120.675877,24.161262,3
6569,66000,387130000C,(04)23274275,(04)23288582,2025,12,15,12,39,臺中市,東區,0,2,0,7,1,6,40,13,7,1,5,4,6,6,4,4,1,4,4,2,17,2,1,5,4,B03,7,1,3,19,2,8,,51,51,1,13,4,120.692016,24.132499,2
6570,66000,387130000C,(04)23274275,(04)23288582,2025,12,15,12,41,臺中市,北屯區,0,2,0,7,1,6,50,13,9,1,5,4,6,6,4,4,9,4,5,2,18,2,9,3,1,B03,7,9,1,8,2,1,,84,84,1,13,4,120.74455,24.161645,2
6571,66000,387130000C,(04)23274275,(04)23288582,2025,12,15,12,41,臺中市,北屯區,0,1,0,7,2,6,50,4,2,1,5,4,6,6,2,1,5,4,5,2,16,3,10,3,1,B03,7,7,1,8,2,5,,40,40,1,12,4,120.719478,24.18209,2
6572,66000,387130000C,(04)23274275,(04)23288582,2025,12,15,12,45,臺中市,大安區,0,0,0,7,,,50,,,,,,,,,,,,,,,,,,,A04,,,1,,1,,,8,8,1,6,4,120.586948,24.37984,4
6573,66000,387130000C,(04)23274275,(04)23288582,2025,12,15,12,50,臺中市,大里區,0,1,0,7,2,6,50,13,9,1,5,4,6,6,4,4,5,5,5,1,13,2,9,5,4,C03,7,9,1,10,2,11,,7,7,1,12,4,120.700816,24.088826,2
6574,66000,387130000C,(04)23274275,(04)23288582,2025,12,15,12,51,臺中市,北屯區,0,0,0,7,,,50,,,,,,,,,,,,,,12,,,,,B12,,,1,8,9,,,84,84,1,6,4,120.668055,24.187947,3
6575,66000,387130000C,(04)23274275,(04)23288582,2025,12,15,12,52,臺中市,西區,0,0,0,7,,,50,,,,,,,,,,,,,,,,,,,B03,,,1,,1,,,8,8,2,12,4,120.653986,24.151991,3
6576,66000,387130000C,(04)23274275,(04)23288582,2025,12,15,12,58,臺中市,大安區,0,1,0,7,3,6,50,13,9,1,5,4,6,6,4,4,10,5,5,1,12,2,7,3,1,B03,7,9,1,8,2,1,,84,84,1,6,4,120.588232,24.344179,2
6577,66000,387130000C,(04)23274275,(04)23288582,2025,12,15,13,0,臺中市,北屯區,0,0,0,7,,,50,,,,,,,,,,,,,,13,,,,,B03,,,3,,1,,,7,7,1,6,4,120.682409,24.201462,4
6578,66000,387130000C,(04)23274275,(04)23288582,2025,12,15,13,3,臺中市,西屯區,0,2,0,7,2,6,40,5,1,1,5,4,6,6,1,1,10,5,5,2,16,2,9,5,4,C03,7,6,1,10,2,14,,48,48,1,12,4,120.658837,24.17621,2
6579,66000,387130000C,(04)23274275,(04)23288582,2025,12,15,13,4,臺中市,西屯區,0,0,0,7,,,50,,,,,,,,,,,,,,13,,,,,C03,,,1,,1,,,7,7,1,13,4,120.590501,24.171153,3
6580,66000,387130000C,(04)23274275,(04)23288582,2025,12,15,13,12,臺中市,豐原區,0,0,0,7,,,50,,,,,,,,,,,,,,17,,,,,B03,,,1,,2,,,45,45,1,12,4,120.710904,24.250437,4
6581,66000,387130000C,(04)23274275,(04)23288582,2025,12,15,13,13,臺中市,西屯區,0,0,0,7,,,50,,,,,,,,,,,,,,14,,,,,B03,,,1,,1,,,49,49,1,12,4,120.60607,24.162362,3
6582,66000,387130000C,(04)23274275,(04)23288582,2025,12,15,13,19,臺中市,東區,0,0,0,7,,,50,,,,,,,,,,,,,,13,,,,,B03,,,1,,1,,,84,84,1,6,4,120.698586,24.138999,3
6583,66000,387130000C,(04)23274275,(04)23288582,2025,12,15,13,19,臺中市,北屯區,0,1,0,7,2,6,30,11,9,1,5,4,6,6,4,4,10,5,5,2,18,2,9,1,1,C03,7,9,1,10,2,12,,43,43,1,6,4,120.744515,24.1611,2
6584,66000,387130000C,(04)23274275,(04)23288582,2025,12,15,13,20,臺中市,北屯區,0,1,0,7,2,6,50,13,9,1,5,4,6,6,4,4,5,4,5,2,17,3,10,3,1,B03,7,9,1,8,2,5,,85,85,1,6,4,120.718689,24.175733,2
6585,66000,387130000C,(04)23274275,(04)23288582,2025,12,15,13,22,臺中市,南區,0,1,0,7,3,6,40,13,7,1,5,4,6,6,4,4,1,4,4,2,18,2,9,2,1,C03,7,9,1,10,2,12,,5,5,1,13,4,120.665554,24.123176,2
6586,66000,387130000C,(04)23274275,(04)23288582,2025,12,15,13,25,臺中市,大里區,0,0,0,7,,,60,,,,,,,,,,,,,,,,,,,B03,,,1,,2,,,7,7,1,12,4,120.666299,24.106007,3
6587,66000,387130000C,(04)23274275,(04)23288582,2025,12,15,13,27,臺中市,霧峰區,0,2,0,7,3,6,40,4,1,1,5,4,6,6,1,1,10,5,5,2,16,2,9,1,1,C03,7,5,3,19,2,13,,47,47,1,13,4,120.693362,24.058739,2
6588,66000,387130000C,(04)23274275,(04)23288582,2025,12,15,13,28,臺中市,太平區,0,0,0,7,,,50,,,,,,,,,,,,,,,,,,,B12,,,1,,2,,,84,84,1,12,4,120.71669,24.131526,3
6589,66000,387130000C,(04)23274275,(04)23288582,2025,12,15,13,30,臺中市,豐原區,0,0,0,7,,,30,,,,,,,,,,,,,,14,,,,,B12,,,1,,2,,,49,49,1,12,4,120.71474,24.269856,3
6590,66000,387130000C,(04)23274275,(04)23288582,2025,12,15,13,34,臺中市,北屯區,0,1,0,7,2,6,50,4,2,1,5,4,6,6,2,1,1,4,5,2,13,2,9,2,1,C03,7,9,1,10,2,11,,7,7,1,5,4,120.667361,24.180296,2
6591,66000,387130000C,(04)23274275,(04)23288582,2025,12,15,13,35,臺中市,大里區,0,1,0,7,3,6,40,3,8,1,5,4,6,6,4,4,1,5,4,1,12,3,10,3,1,B03,7,7,1,8,2,16,,40,40,1,12,4,120.671224,24.101528,2
6592,66000,387130000C,(04)23274275,(04)23288582,2025,12,15,13,40,臺中市,南屯區,0,0,0,7,,,50,,,,,,,,,,,,,,,,,,,B03,,,1,,2,,,59,59,1,6,4,120.634675,24.153517,3