序號,縣市別代碼,機關代碼,市話,傳真,年,月,日,時,分,縣市,區,死亡數量,受傷數量,2-30,天候,道路照明設備,道路類別,道路速限,道路型態,事故位置,路面鋪裝,路面狀態,路面缺陷,障礙物,視距,號誌種類,號誌動作,分向設施,快車道或一般車道間,快慢車道間,路面邊線,事故類型及型態,受傷程度,主要傷處,保護裝備,行動電話或功能裝置,當事者區分(類別),車輛用途,當事者行動狀態,駕照狀態,駕照種類,飲酒情形,車輛撞擊部位最初,車輛撞擊部位其他,肇事因素個別,肇事因素主要,肇事逃逸,職業,共享經濟或外送平台,GPS座標X,GPS座標Y,事故類別
6593,66000,387130000C,(04)23274275,(04)23288582,2025,12,15,13,42,臺中市,烏日區,0,0,0,6,2,6,40,3,1,1,5,4,6,6,,4,10,5,5,2,16,3,10,3,1,B12,7,6,1,8,2,8,,14,14,1,6,4,120.637354,24.106831,3
6594,66000,387130000C,(04)23274275,(04)23288582,2025,12,15,13,44,臺中市,大雅區,0,3,0,7,1,6,30,4,1,1,5,4,6,6,4,4,10,5,5,2,15,2,9,3,1,B03,7,9,1,8,2,1,,12,12,1,12,4,120.661548,24.226542,2
6595,66000,387130000C,(04)23274275,(04)23288582,2025,12,15,13,48,臺中市,烏日區,0,4,0,7,2,6,50,4,2,1,5,4,6,6,1,1,1,4,4,2,13,3,10,5,4,A04,7,9,1,1,2,8,,84,84,1,12,4,120.614428,24.107114,2
6596,66000,387130000C,(04)23274275,(04)23288582,2025,12,15,13,51,臺中市,潭子區,0,0,0,7,,,60,,,,,,,,,,,,,,,,,,,B03,,,1,,1,,,21,21,1,13,4,120.705112,24.207157,3
6597,66000,387130000C,(04)23274275,(04)23288582,2025,12,15,13,53,臺中市,西屯區,0,0,0,7,,,50,,,,,,,,,,,,,,12,,,,,B03,,,1,,1,,,42,42,1,13,4,120.626072,24.184557,3
6598,66000,387130000C,(04)23274275,(04)23288582,2025,12,15,13,53,臺中市,外埔區,0,0,0,7,2,6,40,13,14,1,5,4,6,6,4,4,9,5,5,1,14,3,10,3,1,B03,7,2,1,8,2,6,,49,49,1,12,4,120.643699,24.340907,3
6599,66000,387130000C,(04)23274275,(04)23288582,2025,12,15,13,58,臺中市,豐原區,0,0,0,7,,,50,,,,,,,,,,,,,,17,,,,,B03,,,1,,2,,,7,7,1,6,4,120.701471,24.249662,3
6600,66000,387130000C,(04)23274275,(04)23288582,2025,12,15,14,0,臺中市,北屯區,0,0,0,7,,,50,,,,,,,,,,,,,,13,,,,,B03,,,1,,2,,,7,7,1,6,4,120.665138,24.183921,3
6601,66000,387130000C,(04)23274275,(04)23288582,2025,12,15,14,1,臺中市,北屯區,0,0,0,7,,,50,,,,,,,,,,,,,,12,,,,,B03,,,1,8,1,,,84,84,1,6,4,120.69767,24.160952,3
6602,66000,387130000C,(04)23274275,(04)23288582,2025,12,15,14,4,臺中市,南區,0,1,0,7,3,6,50,4,1,1,5,4,6,6,1,1,5,5,5,2,12,2,9,2,1,C03,7,6,1,10,2,14,,48,48,1,12,4,120.682125,24.12828,2
6603,66000,387130000C,(04)23274275,(04)23288582,2025,12,15,14,5,臺中市,清水區,0,0,0,7,,,60,,,,,,,,,,,,,,,,,,,B12,,,6,,11,,,40,40,2,12,4,120.54714,24.275452,3
6604,66000,387130000C,(04)23274275,(04)23288582,2025,12,15,14,9,臺中市,中區,0,3,0,7,2,6,50,4,1,1,5,4,6,6,1,1,10,5,5,2,16,2,9,2,1,C03,7,9,1,10,2,14,,87,87,1,12,4,120.684344,24.142231,2
6605,66000,387130000C,(04)23274275,(04)23288582,2025,12,15,14,11,臺中市,西屯區,0,0,0,7,,,60,,,,,,,,,,,,,,13,,,,,B03,,,5,,1,,,82,82,1,13,4,120.623915,24.179615,3
6606,66000,387130000C,(04)23274275,(04)23288582,2025,12,15,14,13,臺中市,西屯區,0,0,0,7,,,60,,,,,,,,,,,,,,12,,,,,B03,,,1,,2,,,40,40,1,13,4,120.647382,24.161864,3
6607,66000,387130000C,(04)23274275,(04)23288582,2025,12,15,14,16,臺中市,北屯區,0,1,0,7,2,6,50,13,9,1,5,4,6,6,4,4,1,5,5,2,16,3,10,3,1,B03,7,5,1,8,2,2,,20,20,1,6,4,120.684263,24.172356,2
6608,66000,387130000C,(04)23274275,(04)23288582,2025,12,15,14,17,臺中市,北區,0,2,0,7,3,6,40,13,9,1,5,4,6,6,4,4,1,4,4,2,17,2,9,1,1,C03,7,15,1,10,2,12,,84,84,1,12,4,120.677341,24.151702,2
6609,66000,387130000C,(04)23274275,(04)23288582,2025,12,15,14,19,臺中市,南區,0,0,0,7,,,50,,,,,,,,,,,,,,,,,,,B12,,,1,,1,,,84,84,1,13,4,120.670273,24.113539,3
6610,66000,387130000C,(04)23274275,(04)23288582,2025,12,15,14,19,臺中市,龍井區,0,0,0,7,,,30,,,,,,,,,,,,,,14,,,,,B03,,,1,,2,,,49,49,1,6,4,120.58981,24.191093,3
6611,66000,387130000C,(04)23274275,(04)23288582,2025,12,15,14,25,臺中市,后里區,0,0,0,7,3,6,50,13,9,1,5,4,6,6,4,4,8,3,5,1,12,3,10,3,1,B03,7,9,1,8,1,2,,8,8,1,13,4,120.727399,24.309057,3
6612,66000,387130000C,(04)23274275,(04)23288582,2025,12,15,14,30,臺中市,北區,0,0,0,7,,,40,,,,,,,,,,,,,,17,,,,,C03,,,1,,1,,,84,84,1,13,4,120.681279,24.152623,3
6613,66000,387130000C,(04)23274275,(04)23288582,2025,12,15,14,35,臺中市,烏日區,0,0,0,7,2,6,30,13,9,1,5,4,6,6,4,4,5,5,5,2,16,3,10,1,1,C03,7,1,1,10,2,15,,51,51,1,6,4,120.588482,24.137121,3
6614,66000,387130000C,(04)23274275,(04)23288582,2025,12,15,14,37,臺中市,北區,0,0,0,7,,,50,,,,,,,,,,,,,,13,,,,,C03,,,1,,1,,,7,7,1,13,4,120.685251,24.143084,3
6615,66000,387130000C,(04)23274275,(04)23288582,2025,12,15,14,38,臺中市,西屯區,0,0,0,7,,,50,,,,,,,,,,,,,,13,,,,,B03,,,1,,2,,,7,7,1,12,4,120.660859,24.164253,3
6616,66000,387130000C,(04)23274275,(04)23288582,2025,12,15,14,40,臺中市,北屯區,0,0,0,7,,,50,,,,,,,,,,,,,,11,,,,,B03,,,1,,1,,,11,11,1,12,4,120.714946,24.174145,3
6617,66000,387130000C,(04)23274275,(04)23288582,2025,12,15,14,40,臺中市,太平區,0,2,0,7,2,6,50,13,5,1,5,4,6,6,4,4,5,5,5,1,16,2,8,1,1,C03,7,6,1,10,2,12,,20,20,1,12,4,120.718222,24.126285,2
6618,66000,387130000C,(04)23274275,(04)23288582,2025,12,15,14,40,臺中市,烏日區,0,0,0,7,,,30,,,,,,,,,,,,,,14,,,,,A11,,,1,,2,,,49,49,1,6,4,120.635024,24.087022,3
6619,66000,387130000C,(04)23274275,(04)23288582,2025,12,15,14,41,臺中市,北屯區,0,1,0,7,3,6,50,4,1,1,5,4,6,6,2,1,10,5,5,2,13,3,10,2,1,C03,7,9,1,10,2,11,,21,21,1,6,4,120.692244,24.162211,2
6620,66000,387130000C,(04)23274275,(04)23288582,2025,12,15,14,42,臺中市,神岡區,0,2,0,7,3,6,30,13,7,1,5,4,6,6,4,4,5,5,4,2,16,2,9,6,1,F01,7,1,7,21,2,11,,39,39,1,13,4,120.655239,24.25676,2
6621,66000,387130000C,(04)23274275,(04)23288582,2025,12,15,14,45,臺中市,南屯區,0,0,0,7,,,50,,,,,,,,,,,,,,13,,,,,B12,,,1,,2,,,7,7,1,12,4,120.640678,24.146881,3
6622,66000,387130000C,(04)23274275,(04)23288582,2025,12,15,14,50,臺中市,北屯區,0,0,0,7,,,50,,,,,,,,,,,,,,16,,,,,B03,,,1,,1,,,20,20,1,6,4,120.674772,24.182403,3
6623,66000,387130000C,(04)23274275,(04)23288582,2025,12,15,14,50,臺中市,豐原區,0,1,0,7,2,6,50,4,9,1,5,4,6,6,2,1,1,2,5,1,13,2,9,1,1,C03,7,9,1,10,2,11,,8,8,1,12,4,120.714373,24.244516,2
6624,66000,387130000C,(04)23274275,(04)23288582,2025,12,15,14,54,臺中市,沙鹿區,0,1,0,7,2,6,30,4,1,1,5,4,6,6,4,4,10,5,5,2,16,2,9,2,1,C03,7,5,1,10,2,11,,12,12,1,6,4,120.565136,24.250441,2
6625,66000,387130000C,(04)23274275,(04)23288582,2025,12,15,14,56,臺中市,梧棲區,0,0,0,7,,,40,,,,,,,,,,,,,,13,,,,,B01,,,1,,1,,,58,58,1,12,4,120.537089,24.251196,3
6626,66000,387130000C,(04)23274275,(04)23288582,2025,12,15,15,0,臺中市,北屯區,0,0,0,7,,,50,,,,,,,,,,,,,,,,,,,B03,,,1,,2,,,7,7,1,12,4,120.715149,24.164191,3
6627,66000,387130000C,(04)23274275,(04)23288582,2025,12,15,15,3,臺中市,北屯區,0,0,0,7,,,50,,,,,,,,,,,,,,12,,,,,B03,,,1,,1,,,40,40,1,12,4,120.667033,24.180142,3
6628,66000,387130000C,(04)23274275,(04)23288582,2025,12,15,15,5,臺中市,豐原區,0,0,0,7,,,50,,,,,,,,,,,,,,13,,,,,B03,,,1,,2,,,61,61,1,12,4,120.736706,24.259347,3
6629,66000,387130000C,(04)23274275,(04)23288582,2025,12,15,15,14,臺中市,西區,0,0,0,7,3,6,50,4,1,1,5,4,6,6,2,1,8,3,4,2,12,,,,,B03,,,1,,1,,,40,40,1,13,4,120.65724,24.152485,3
6630,66000,387130000C,(04)23274275,(04)23288582,2025,12,15,15,16,臺中市,潭子區,0,0,0,7,,,50,,,,,,,,,,,,,,,,,,,C01,,,1,,2,,,7,7,1,13,4,120.704455,24.200938,3
6631,66000,387130000C,(04)23274275,(04)23288582,2025,12,15,15,18,臺中市,梧棲區,0,0,0,7,,,50,,,,,,,,,,,,,,16,,,,,B03,,,1,,1,,,11,11,1,12,4,120.528613,24.222283,3
6632,66000,387130000C,(04)23274275,(04)23288582,2025,12,15,15,22,臺中市,南屯區,0,0,0,7,3,6,40,13,9,1,5,4,6,6,1,1,10,2,5,2,13,,,,,B03,,,1,,1,,,7,7,1,12,4,120.622905,24.135507,3
6633,66000,387130000C,(04)23274275,(04)23288582,2025,12,15,15,25,臺中市,西區,0,0,0,7,,,50,,,,,,,,,,,,,,13,,,,,B03,,,1,,2,,,59,59,1,12,4,120.661781,24.155306,3
6634,66000,387130000C,(04)23274275,(04)23288582,2025,12,15,15,25,臺中市,太平區,0,0,0,7,,,30,,,,,,,,,,,,,,,,,,,B12,,,1,,2,,,84,84,1,12,4,120.709867,24.132768,3
6635,66000,387130000C,(04)23274275,(04)23288582,2025,12,15,15,26,臺中市,潭子區,0,0,0,7,,,50,,,,,,,,,,,,,,,,,,,B12,,,1,,2,,,8,8,1,13,4,120.680833,24.216068,3
6636,66000,387130000C,(04)23274275,(04)23288582,2025,12,15,15,27,臺中市,沙鹿區,0,1,0,7,2,6,40,13,8,1,5,4,6,6,4,4,1,5,5,1,17,3,10,1,1,C03,7,15,1,10,9,15,,85,85,2,6,4,120.575599,24.227359,2
6637,66000,387130000C,(04)23274275,(04)23288582,2025,12,15,15,28,臺中市,南屯區,0,0,0,7,,,50,,,,,,,,,,,,,,12,,,,,B03,,,1,,1,,,40,40,1,12,4,120.650779,24.140045,3
6638,66000,387130000C,(04)23274275,(04)23288582,2025,12,15,15,39,臺中市,南屯區,0,1,0,6,2,6,50,4,1,1,5,4,6,6,2,1,5,5,5,2,17,2,9,1,1,F03,7,6,7,21,2,11,,23,23,1,12,4,120.638301,24.135487,2
6639,66000,387130000C,(04)23274275,(04)23288582,2025,12,15,15,43,臺中市,北區,0,0,0,7,,,50,,,,,,,,,,,,,,17,,,,,B03,,,1,,9,,,84,84,2,13,4,120.699728,24.154567,3
6640,66000,387130000C,(04)23274275,(04)23288582,2025,12,15,15,45,臺中市,南屯區,0,2,0,7,2,6,50,4,2,1,5,4,6,6,1,1,9,4,5,2,12,3,10,3,1,B03,7,5,1,8,2,2,,11,11,1,12,4,120.638902,24.121871,2
6641,66000,387130000C,(04)23274275,(04)23288582,2025,12,15,15,54,臺中市,北屯區,0,3,0,7,3,3,80,13,7,1,5,4,6,6,4,4,1,4,5,1,13,2,4,3,1,B03,7,9,1,8,2,1,,84,84,1,6,4,120.692587,24.201223,2
6642,66000,387130000C,(04)23274275,(04)23288582,2025,12,15,15,55,臺中市,龍井區,0,0,0,7,,,30,,,,,,,,,,,,,,13,,,,,C03,,,3,,1,,,7,7,1,6,4,120.575055,24.178744,3
6643,66000,387130000C,(04)23274275,(04)23288582,2025,12,15,15,56,臺中市,豐原區,0,1,0,7,2,6,50,4,2,1,5,4,6,6,3,1,9,5,5,1,18,2,9,5,4,C03,7,9,1,10,2,16,,59,59,1,12,4,120.730122,24.248404,2
6644,66000,387130000C,(04)23274275,(04)23288582,2025,12,15,16,0,臺中市,西屯區,0,0,0,7,,,60,,,,,,,,,,,,,,,,,,,B03,,,1,,1,,,84,84,1,13,4,120.644436,24.19484,3
6645,66000,387130000C,(04)23274275,(04)23288582,2025,12,15,16,2,臺中市,東區,0,0,0,7,,,50,,,,,,,,,,,,,,12,,,,,B13,,,1,,1,,,84,84,1,13,4,120.709178,24.140283,3
6646,66000,387130000C,(04)23274275,(04)23288582,2025,12,15,16,3,臺中市,大雅區,0,0,0,7,,,60,,,,,,,,,,,,,,12,,,,,B03,,,1,,2,,,40,40,1,13,4,120.650428,24.211058,3
6647,66000,387130000C,(04)23274275,(04)23288582,2025,12,15,16,4,臺中市,北區,0,1,0,7,2,6,50,4,1,1,5,4,6,6,2,1,10,4,5,2,18,2,9,1,1,C03,7,9,1,10,2,14,,84,84,1,13,4,120.668065,24.15432,2
6648,66000,387130000C,(04)23274275,(04)23288582,2025,12,15,16,9,臺中市,北屯區,0,0,0,7,,,40,,,,,,,,,,,,,,15,,,,,B03,,,1,,1,,,15,15,1,6,4,120.671267,24.181702,3
6649,66000,387130000C,(04)23274275,(04)23288582,2025,12,15,16,10,臺中市,沙鹿區,0,0,0,7,2,6,50,4,9,1,5,4,6,6,1,1,10,3,5,2,12,,,,,C03,,,1,,1,,,8,8,1,12,4,120.560836,24.241137,3
6650,66000,387130000C,(04)23274275,(04)23288582,2025,12,15,16,10,臺中市,神岡區,0,1,0,7,1,6,50,3,1,1,5,4,6,6,1,1,5,5,5,1,16,3,10,5,4,B12,7,6,1,8,2,6,,11,11,1,12,4,120.65655,24.255804,2
6651,66000,387130000C,(04)23274275,(04)23288582,2025,12,15,16,14,臺中市,西屯區,0,0,0,7,,,50,,,,,,,,,,,,,,,,,,,B03,,,1,,1,,,59,59,1,12,4,120.634451,24.17576,3
6652,66000,387130000C,(04)23274275,(04)23288582,2025,12,15,16,17,臺中市,北區,0,0,0,7,,,50,,,,,,,,,,,,,,17,,,,,C03,,,1,,1,,,84,84,1,12,4,120.698628,24.153182,4
6653,66000,387130000C,(04)23274275,(04)23288582,2025,12,15,16,20,臺中市,南屯區,0,2,0,7,3,6,50,13,9,1,5,4,6,6,4,4,5,2,5,2,12,3,10,3,1,B03,7,7,1,8,2,2,,35,35,1,12,4,120.641865,24.146791,2
6654,66000,387130000C,(04)23274275,(04)23288582,2025,12,15,16,21,臺中市,西屯區,0,0,0,7,,,30,,,,,,,,,,,,,,11,,,,,B03,,,1,,1,,,8,8,1,12,4,120.645576,24.18189,3
6655,66000,387130000C,(04)23274275,(04)23288582,2025,12,15,16,22,臺中市,南區,0,2,0,7,1,6,50,18,24,1,5,4,6,6,1,1,10,5,5,2,13,2,9,5,4,C03,7,9,1,10,2,11,,7,7,1,12,4,120.650059,24.120652,2
6656,66000,387130000C,(04)23274275,(04)23288582,2025,12,15,16,25,臺中市,大雅區,0,0,0,7,,,50,,,,,,,,,,,,,,14,,,,,B12,,,1,,1,,,49,49,1,12,4,120.601687,24.217802,3
6657,66000,387130000C,(04)23274275,(04)23288582,2025,12,15,16,25,臺中市,西區,0,0,0,7,,,40,,,,,,,,,,,,,,17,,,,,B03,,,1,,1,,,51,51,1,12,4,120.653816,24.153593,3
6658,66000,387130000C,(04)23274275,(04)23288582,2025,12,15,16,25,臺中市,北區,0,1,0,7,2,6,50,4,9,1,5,4,3,6,4,4,5,5,5,2,2,3,10,3,1,B03,7,9,1,8,2,2,,84,84,1,12,4,120.685155,24.149735,2
6659,66000,387130000C,(04)23274275,(04)23288582,2025,12,15,16,28,臺中市,潭子區,0,0,0,7,,,60,,,,,,,,,,,,,,,,,,,B03,,,1,,2,,,7,7,1,13,4,120.706001,24.219044,3
6660,66000,387130000C,(04)23274275,(04)23288582,2025,12,15,16,28,臺中市,豐原區,0,0,0,7,,,50,,,,,,,,,,,,,,13,,,,,B03,,,1,,2,,,7,7,1,12,4,120.753028,24.272557,3
6661,66000,387130000C,(04)23274275,(04)23288582,2025,12,15,16,29,臺中市,北屯區,0,0,0,7,,,50,,,,,,,,,,,,,,,,,,,B03,,,1,,1,,,84,84,1,13,4,120.685532,24.169223,4
6662,66000,387130000C,(04)23274275,(04)23288582,2025,12,15,16,30,臺中市,沙鹿區,0,0,0,7,2,6,60,3,7,1,5,4,6,6,4,1,1,3,1,1,13,,,,,A11,,,1,,2,,,7,7,1,12,4,120.583333,24.249846,3
6663,66000,387130000C,(04)23274275,(04)23288582,2025,12,15,16,35,臺中市,南區,0,1,0,7,2,6,50,4,1,1,5,4,6,6,2,1,10,5,5,2,16,3,10,3,1,B03,7,6,1,6,2,1,,11,11,1,12,4,120.679131,24.126384,2
6664,66000,387130000C,(04)23274275,(04)23288582,2025,12,15,16,35,臺中市,清水區,0,0,0,7,,,40,,,,,,,,,,,,,,,,,,,B12,,,1,,2,,,7,7,1,12,4,120.592651,24.304585,3
6665,66000,387130000C,(04)23274275,(04)23288582,2025,12,15,16,36,臺中市,西區,0,0,0,7,,,,,,,,,,,,,,,,,,,,,,,,,,,,,,119,119,1,,,120.660973,24.154067,3
6666,66000,387130000C,(04)23274275,(04)23288582,2025,12,15,16,36,臺中市,南屯區,0,0,0,7,,,50,,,,,,,,,,,,,,13,,,,,C03,,,1,,1,,,58,58,1,12,4,120.622703,24.141087,3
6667,66000,387130000C,(04)23274275,(04)23288582,2025,12,15,16,44,臺中市,烏日區,0,1,0,7,2,6,50,4,1,1,5,4,6,6,1,1,10,5,5,2,13,2,3,1,1,C03,7,9,1,10,2,11,,7,7,1,6,4,120.644213,24.087616,2
6668,66000,387130000C,(04)23274275,(04)23288582,2025,12,15,16,45,臺中市,西屯區,0,0,0,7,,,50,,,,,,,,,,,,,,13,,,,,B02,,,1,,1,,,7,7,1,12,4,120.602452,24.159339,3
6669,66000,387130000C,(04)23274275,(04)23288582,2025,12,15,16,45,臺中市,太平區,0,2,0,7,2,6,50,13,9,1,5,4,6,6,3,1,10,5,5,2,12,2,9,1,1,C03,7,9,1,10,2,14,,84,84,1,12,4,120.718665,24.127441,2
6670,66000,387130000C,(04)23274275,(04)23288582,2025,12,15,16,46,臺中市,北區,0,0,0,7,,,50,,,,,,,,,,,,,,14,,,,,B03,,,1,,1,,,84,84,1,13,4,120.675297,24.152471,3
6671,66000,387130000C,(04)23274275,(04)23288582,2025,12,15,16,48,臺中市,潭子區,0,0,0,7,,,60,,,,,,,,,,,,,,,,,,,B01,,,1,,2,,,84,84,1,6,4,120.702506,24.190745,3
6672,66000,387130000C,(04)23274275,(04)23288582,2025,12,15,16,48,臺中市,潭子區,0,0,0,7,,,50,,,,,,,,,,,,,,,,,,,F03,,,7,,2,,,84,84,1,13,4,120.706762,24.20102,3
6673,66000,387130000C,(04)23274275,(04)23288582,2025,12,15,16,48,臺中市,南區,0,0,0,7,,,30,,,,,,,,,,,,,,17,,,,,,,,,,,,,119,119,1,,,120.658702,24.126488,3
6674,66000,387130000C,(04)23274275,(04)23288582,2025,12,15,16,48,臺中市,西屯區,0,1,0,7,2,6,50,3,1,1,5,4,6,6,1,1,10,5,5,2,16,3,10,5,4,A12,7,11,1,7,2,4,,45,45,1,12,4,120.654148,24.194415,2
6675,66000,387130000C,(04)23274275,(04)23288582,2025,12,15,16,48,臺中市,神岡區,0,0,0,7,,,50,,,,,,,,,,,,,,14,,,,,B03,,,1,,1,,,49,49,1,12,4,120.685933,24.246906,3
6676,66000,387130000C,(04)23274275,(04)23288582,2025,12,15,16,50,臺中市,南屯區,0,1,0,7,2,6,50,13,9,1,5,4,6,6,4,4,1,5,5,2,17,3,10,3,1,B03,7,14,1,8,2,4,,76,76,1,6,4,120.640524,24.149247,2
6677,66000,387130000C,(04)23274275,(04)23288582,2025,12,15,16,51,臺中市,南區,0,0,0,7,,,50,,,,,,,,,,,,,,12,,,,,B03,,,1,,1,,,11,11,1,13,4,120.670061,24.119029,4
6678,66000,387130000C,(04)23274275,(04)23288582,2025,12,15,16,53,臺中市,南區,0,2,0,7,1,6,50,3,1,1,5,4,6,6,1,1,10,5,5,2,17,2,9,5,4,C03,7,9,6,20,2,15,,84,84,1,12,4,120.671533,24.125069,2
6679,66000,387130000C,(04)23274275,(04)23288582,2025,12,15,16,53,臺中市,沙鹿區,0,0,0,7,,,50,,,,,,,,,,,,,,17,,,,,C03,,,1,,1,,,78,78,1,6,4,120.581526,24.220383,3
6680,66000,387130000C,(04)23274275,(04)23288582,2025,12,15,16,55,臺中市,西屯區,0,3,0,7,1,6,50,4,1,1,5,4,6,6,2,1,10,5,5,2,16,3,10,3,1,B03,7,6,1,8,2,2,,11,11,1,12,4,120.650933,24.170915,2
6681,66000,387130000C,(04)23274275,(04)23288582,2025,12,15,16,56,臺中市,西區,0,0,0,7,,,50,,,,,,,,,,,,,,12,,,,,B03,,,1,,2,,,39,39,1,12,4,120.681494,24.136519,3
6682,66000,387130000C,(04)23274275,(04)23288582,2025,12,15,17,2,臺中市,北區,0,1,0,7,2,6,50,3,1,1,5,4,6,6,2,1,10,5,5,2,9,3,10,1,1,C03,7,6,1,9,2,11,,10,10,1,13,4,120.69411,24.161135,2
6683,66000,387130000C,(04)23274275,(04)23288582,2025,12,15,17,2,臺中市,北屯區,0,2,0,7,1,6,50,4,1,1,5,4,6,6,1,1,4,3,4,2,16,3,10,3,1,B03,7,6,1,6,2,2,,11,11,1,13,4,120.693147,24.174893,2
6684,66000,387130000C,(04)23274275,(04)23288582,2025,12,15,17,5,臺中市,沙鹿區,0,2,0,7,2,6,50,4,1,1,5,4,6,6,1,1,10,5,5,2,3,2,8,6,5,H01,8,18,7,21,2,17,,96,96,1,4,5,120.562647,24.233441,2
6685,66000,387130000C,(04)23274275,(04)23288582,2025,12,15,17,6,臺中市,豐原區,0,0,0,7,,,50,,,,,,,,,,,,,,13,,,,,B03,,,1,,2,,,82,82,1,12,4,120.72096,24.252123,3
6686,66000,387130000C,(04)23274275,(04)23288582,2025,12,15,17,8,臺中市,大肚區,0,1,0,7,1,6,50,13,9,1,5,4,6,6,4,4,5,5,5,2,18,2,9,1,1,C03,7,9,1,10,2,12,,59,59,1,6,4,120.58294,24.172745,2
6687,66000,387130000C,(04)23274275,(04)23288582,2025,12,15,17,12,臺中市,大里區,0,0,0,7,,,50,,,,,,,,,,,,,,13,,,,,B02,,,1,,2,,,7,7,1,6,4,120.678774,24.099456,3
6688,66000,387130000C,(04)23274275,(04)23288582,2025,12,15,17,13,臺中市,龍井區,0,2,0,7,1,9,50,3,1,1,5,4,6,6,4,4,5,4,4,1,16,2,9,1,1,F03,7,6,7,21,2,14,,14,14,1,12,4,120.498396,24.21234,2
6689,66000,387130000C,(04)23274275,(04)23288582,2025,12,15,17,14,臺中市,南區,0,1,0,7,1,6,50,13,9,1,5,4,6,6,4,4,1,4,5,2,17,2,9,2,1,C03,7,11,3,19,2,14,,84,84,1,12,4,120.659348,24.118377,2
6690,66000,387130000C,(04)23274275,(04)23288582,2025,12,15,17,15,臺中市,大雅區,0,0,0,7,,,50,,,,,,,,,,,,,,13,,,,,C03,,,1,,2,,,7,7,1,13,4,120.67061,24.225925,3
6691,66000,387130000C,(04)23274275,(04)23288582,2025,12,15,17,17,臺中市,南屯區,0,0,0,7,,,50,,,,,,,,,,,,,,17,,,,,B03,,,1,,1,,,84,84,1,12,4,120.623896,24.15234,3
6692,66000,387130000C,(04)23274275,(04)23288582,2025,12,15,17,19,臺中市,大里區,0,1,0,7,1,6,40,13,8,1,5,4,6,6,4,4,1,5,4,1,13,2,8,1,1,C03,7,9,1,10,2,11,,7,7,1,6,4,120.666101,24.095482,2
6693,66000,387130000C,(04)23274275,(04)23288582,2025,12,15,17,20,臺中市,沙鹿區,0,0,0,7,,,40,,,,,,,,,,,,,,14,,,,,B03,,,1,,2,,,50,50,1,12,4,120.55958,24.237768,4
6694,66000,387130000C,(04)23274275,(04)23288582,2025,12,15,17,20,臺中市,沙鹿區,0,0,0,7,,,40,,,,,,,,,,,,,,,,,,,B03,,,1,,2,,,50,50,1,13,4,120.566385,24.234811,3
6695,66000,387130000C,(04)23274275,(04)23288582,2025,12,15,17,21,臺中市,梧棲區,0,0,0,7,,,40,,,,,,,,,,,,,,13,,,,,B03,,,1,,1,,,59,59,1,12,4,120.517361,24.225744,3
6696,66000,387130000C,(04)23274275,(04)23288582,2025,12,15,17,22,臺中市,西區,0,2,0,7,1,6,50,4,1,1,5,4,6,6,1,1,10,5,5,2,13,2,8,1,1,C03,7,6,1,10,2,11,,7,7,1,13,4,120.66387,24.157595,2
6697,66000,387130000C,(04)23274275,(04)23288582,2025,12,15,17,25,臺中市,北屯區,0,0,0,7,,,50,,,,,,,,,,,,,,,,,,,B03,,,1,,1,,,84,84,1,12,4,120.72727,24.160298,4
6698,66000,387130000C,(04)23274275,(04)23288582,2025,12,15,17,26,臺中市,北屯區,0,0,0,7,,,50,,,,,,,,,,,,,,16,,,,,B03,,,1,8,1,,,11,11,1,6,4,120.691338,24.164968,3
6699,66000,387130000C,(04)23274275,(04)23288582,2025,12,15,17,28,臺中市,西區,0,2,0,7,2,6,50,4,2,1,5,4,6,6,4,4,5,4,5,2,16,2,9,4,1,F01,7,6,7,21,2,14,,48,48,1,12,1,120.659554,24.146825,2
6700,66000,387130000C,(04)23274275,(04)23288582,2025,12,15,17,29,臺中市,西屯區,0,1,0,7,1,6,50,13,9,1,5,4,6,6,4,4,5,4,5,2,12,3,10,5,4,C03,7,5,1,10,2,12,,84,84,1,13,4,120.661154,24.164149,2
6701,66000,387130000C,(04)23274275,(04)23288582,2025,12,15,17,29,臺中市,太平區,0,0,0,7,,,30,,,,,,,,,,,,,,16,,,,,B03,,,1,,9,,,12,12,2,12,4,120.715427,24.136594,3
6702,66000,387130000C,(04)23274275,(04)23288582,2025,12,15,17,30,臺中市,南屯區,0,0,0,7,1,6,50,13,9,1,5,4,6,6,1,1,5,5,4,2,12,,,,,B03,,,1,,1,,,8,8,1,12,4,120.635722,24.1483,3
6703,66000,387130000C,(04)23274275,(04)23288582,2025,12,15,17,30,臺中市,大里區,0,0,0,6,,,40,,,,,,,,,,,,,,17,,,,,C03,,,3,,2,,,84,84,1,13,4,120.698884,24.089453,3
6704,66000,387130000C,(04)23274275,(04)23288582,2025,12,15,17,31,臺中市,大安區,0,0,0,7,,3,60,,,,,,,,,,,,,,16,,,,,A31,,,1,,2,,,40,40,1,12,4,120.583039,24.354939,3
6705,66000,387130000C,(04)23274275,(04)23288582,2025,12,15,17,33,臺中市,西屯區,0,0,0,6,,,50,,,,,,,,,,,,,,,,,,,B12,,,1,,2,,,49,49,1,13,4,120.592149,24.177643,3
6706,66000,387130000C,(04)23274275,(04)23288582,2025,12,15,17,33,臺中市,沙鹿區,0,0,0,7,,,50,,,,,,,,,,,,,,17,,,,,B12,,,1,,2,,,7,7,1,6,4,120.564279,24.236543,3