序號,縣市別代碼,機關代碼,市話,傳真,年,月,日,時,分,縣市,區,死亡數量,受傷數量,2-30,天候,道路照明設備,道路類別,道路速限,道路型態,事故位置,路面鋪裝,路面狀態,路面缺陷,障礙物,視距,號誌種類,號誌動作,分向設施,快車道或一般車道間,快慢車道間,路面邊線,事故類型及型態,受傷程度,主要傷處,保護裝備,行動電話或功能裝置,當事者區分(類別),車輛用途,當事者行動狀態,駕照狀態,駕照種類,飲酒情形,車輛撞擊部位最初,車輛撞擊部位其他,肇事因素個別,肇事因素主要,肇事逃逸,職業,共享經濟或外送平台,GPS座標X,GPS座標Y,事故類別
6707,66000,387130000C,(04)23274275,(04)23288582,2025,12,15,17,34,臺中市,西屯區,0,2,0,7,1,6,40,13,8,1,5,4,6,6,4,4,1,4,1,1,13,2,9,2,1,C03,7,9,1,10,2,11,,59,59,1,12,4,120.643246,24.166364,2
6708,66000,387130000C,(04)23274275,(04)23288582,2025,12,15,17,35,臺中市,太平區,0,0,0,7,,,50,,,,,,,,,,,,,,14,,,,,C03,,,1,,2,,,49,49,1,12,4,120.714315,24.126521,3
6709,66000,387130000C,(04)23274275,(04)23288582,2025,12,15,17,38,臺中市,霧峰區,0,0,0,7,,,50,,,,,,,,,,,,,,13,,,,,B03,,,1,,2,,,7,7,1,13,4,120.676354,24.049282,3
6710,66000,387130000C,(04)23274275,(04)23288582,2025,12,15,17,40,臺中市,大里區,0,0,0,7,,,50,,,,,,,,,,,,,,17,,,,,B01,,,1,,1,,,8,8,1,12,4,120.70567,24.087632,3
6711,66000,387130000C,(04)23274275,(04)23288582,2025,12,15,17,41,臺中市,西屯區,0,2,0,7,1,6,50,5,1,1,5,4,6,6,1,1,3,4,4,2,17,2,9,1,1,C03,7,1,1,10,2,14,,25,25,1,12,4,120.65886,24.175878,2
6712,66000,387130000C,(04)23274275,(04)23288582,2025,12,15,17,42,臺中市,北區,0,1,0,7,1,6,50,3,1,1,5,4,6,6,4,4,5,5,5,2,17,3,10,1,1,C03,7,5,3,19,2,12,,47,47,1,12,4,120.692597,24.159176,2
6713,66000,387130000C,(04)23274275,(04)23288582,2025,12,15,17,43,臺中市,大里區,0,0,0,6,1,6,50,4,4,1,5,4,6,6,1,1,5,5,4,1,11,,,,,B03,,,1,,9,,,84,84,1,12,4,120.723869,24.091992,3
6714,66000,387130000C,(04)23274275,(04)23288582,2025,12,15,17,44,臺中市,北屯區,0,1,0,7,1,6,50,4,1,1,5,4,6,6,2,1,10,5,5,2,13,2,7,1,1,C03,7,9,1,10,2,11,,59,59,1,12,4,120.685758,24.174539,2
6715,66000,387130000C,(04)23274275,(04)23288582,2025,12,15,17,44,臺中市,西屯區,0,1,0,7,1,6,30,12,9,1,5,4,6,6,4,4,5,5,5,2,17,3,10,1,4,C03,7,11,1,10,2,11,,84,84,1,12,4,120.626614,24.18636,2
6716,66000,387130000C,(04)23274275,(04)23288582,2025,12,15,17,44,臺中市,神岡區,0,1,0,7,1,6,50,4,1,1,5,4,6,6,1,1,10,5,4,1,16,3,10,3,1,B03,7,6,1,8,2,2,,11,11,1,12,4,120.697505,24.251328,2
6717,66000,387130000C,(04)23274275,(04)23288582,2025,12,15,17,44,臺中市,豐原區,0,0,0,7,,,60,,,,,,,,,,,,,,13,,,,,C03,,,1,,2,,,7,7,1,12,4,120.704268,24.244911,3
6718,66000,387130000C,(04)23274275,(04)23288582,2025,12,15,17,45,臺中市,北屯區,0,1,0,6,1,6,50,4,1,1,5,4,6,6,1,1,10,5,5,2,16,3,10,2,1,C03,7,5,1,10,2,13,,84,84,1,6,4,120.699938,24.167567,2
6719,66000,387130000C,(04)23274275,(04)23288582,2025,12,15,17,45,臺中市,西屯區,0,1,0,7,1,6,50,13,9,1,5,4,6,6,4,4,3,4,5,2,12,3,10,5,4,B03,7,3,1,8,2,8,,50,50,1,12,4,120.614807,24.187017,2
6720,66000,387130000C,(04)23274275,(04)23288582,2025,12,15,17,45,臺中市,霧峰區,0,0,0,6,,,50,,,,,,,,,,,,,,17,,,,,B03,,,1,,2,,,6,6,1,13,4,120.663072,24.071208,3
6721,66000,387130000C,(04)23274275,(04)23288582,2025,12,15,17,46,臺中市,龍井區,0,1,0,6,1,6,40,13,9,1,5,4,6,6,4,4,10,5,5,2,17,2,8,1,1,C03,7,9,1,10,2,12,,7,7,1,6,4,120.58701,24.188954,2
6722,66000,387130000C,(04)23274275,(04)23288582,2025,12,15,17,47,臺中市,西區,0,0,0,6,,,50,,,,,,,,,,,,,,,,,,,B03,,,1,,1,,,26,26,1,12,4,120.665598,24.147844,3
6723,66000,387130000C,(04)23274275,(04)23288582,2025,12,15,17,47,臺中市,北區,0,1,0,7,1,6,50,4,2,1,5,4,6,6,1,1,5,5,5,2,16,3,10,1,1,C03,7,6,1,10,2,13,,48,48,1,12,4,120.680759,24.167274,2
6724,66000,387130000C,(04)23274275,(04)23288582,2025,12,15,17,49,臺中市,豐原區,0,0,0,7,1,6,50,13,9,1,5,4,6,6,4,4,10,5,5,2,12,3,10,1,1,C02,7,4,1,9,2,14,,8,8,1,12,4,120.721575,24.251035,3
6725,66000,387130000C,(04)23274275,(04)23288582,2025,12,15,17,50,臺中市,沙鹿區,0,0,0,7,,,50,,,,,,,,,,,,,,,,,,,B03,,,1,,1,,,7,7,1,12,4,120.5643,24.237831,3
6726,66000,387130000C,(04)23274275,(04)23288582,2025,12,15,17,53,臺中市,東區,0,0,0,7,,,50,,,,,,,,,,,,,,13,,,,,B03,,,1,,1,,,7,7,1,13,4,120.69942,24.138833,3
6727,66000,387130000C,(04)23274275,(04)23288582,2025,12,15,17,55,臺中市,南屯區,0,0,0,7,,,50,,,,,,,,,,,,,,13,,,,,B03,,,1,,1,,,59,59,1,12,4,120.625024,24.14515,3
6728,66000,387130000C,(04)23274275,(04)23288582,2025,12,15,17,56,臺中市,北屯區,0,0,0,7,,,50,,,,,,,,,,,,,,13,,,,,B03,,,1,,1,,,59,59,1,6,4,120.681174,24.176423,3
6729,66000,387130000C,(04)23274275,(04)23288582,2025,12,15,17,56,臺中市,龍井區,0,0,0,7,,,50,,,,,,,,,,,,,,13,,,,,C03,,,1,,1,,,59,59,1,6,4,120.591775,24.181417,3
6730,66000,387130000C,(04)23274275,(04)23288582,2025,12,15,17,57,臺中市,潭子區,0,0,0,7,,,50,,,,,,,,,,,,,,,,,,,B03,,,1,,2,,,84,84,1,13,4,120.702328,24.200975,3
6731,66000,387130000C,(04)23274275,(04)23288582,2025,12,15,17,57,臺中市,西區,0,3,0,7,1,6,50,4,2,1,5,4,6,6,1,1,1,4,5,2,13,2,8,1,1,C03,7,9,3,19,2,12,13,84,84,1,13,4,120.662581,24.140173,2
6732,66000,387130000C,(04)23274275,(04)23288582,2025,12,15,17,58,臺中市,大甲區,0,0,0,7,,,50,,,,,,,,,,,,,,,,,,,B03,,,1,,2,,,8,8,1,6,4,120.653232,24.383135,3
6733,66000,387130000C,(04)23274275,(04)23288582,2025,12,15,17,59,臺中市,北屯區,0,0,0,7,,,50,,,,,,,,,,,,,,,,,,,B12,,,1,,2,,,49,49,1,13,4,120.668299,24.179404,3
6734,66000,387130000C,(04)23274275,(04)23288582,2025,12,15,17,59,臺中市,西屯區,0,0,0,7,,,30,,,,,,,,,,,,,,,,,,,C03,,,1,,1,,,59,59,1,12,4,120.644285,24.166777,3
6735,66000,387130000C,(04)23274275,(04)23288582,2025,12,15,18,0,臺中市,南屯區,0,0,0,7,,,50,,,,,,,,,,,,,,,,,,,B03,,,1,,1,,,84,84,1,6,4,120.61003,24.144211,3
6736,66000,387130000C,(04)23274275,(04)23288582,2025,12,15,18,0,臺中市,西屯區,0,0,0,7,,,40,,,,,,,,,,,,,,13,,,,,C03,,,1,,1,,,7,7,1,12,4,120.63318,24.1595,3
6737,66000,387130000C,(04)23274275,(04)23288582,2025,12,15,18,0,臺中市,大里區,0,2,0,7,1,6,30,13,9,1,5,4,6,6,4,4,10,5,5,2,17,2,9,2,1,C03,7,11,1,10,2,14,,45,45,1,13,4,120.681305,24.085895,2
6738,66000,387130000C,(04)23274275,(04)23288582,2025,12,15,18,2,臺中市,西屯區,0,1,0,7,1,6,30,3,1,1,5,4,6,6,4,4,5,5,5,2,16,2,8,1,1,C03,7,6,1,10,2,11,,48,48,1,12,4,120.648319,24.1693,2
6739,66000,387130000C,(04)23274275,(04)23288582,2025,12,15,18,4,臺中市,北屯區,0,1,0,7,1,6,50,3,1,1,5,4,6,6,1,1,1,3,5,2,16,3,10,3,1,B03,7,6,1,3,2,2,,25,25,1,13,4,120.717779,24.182371,2
6740,66000,387130000C,(04)23274275,(04)23288582,2025,12,15,18,5,臺中市,東區,0,0,0,7,,,40,,,,,,,,,,,,,,17,,,,,C03,,,1,,1,,,51,51,1,12,4,120.706826,24.148692,3
6741,66000,387130000C,(04)23274275,(04)23288582,2025,12,15,18,5,臺中市,北屯區,0,1,0,6,1,6,30,3,1,1,5,4,6,6,4,4,10,5,5,2,16,3,10,3,1,B03,7,6,1,8,2,1,,14,14,1,6,4,120.720931,24.177261,2
6742,66000,387130000C,(04)23274275,(04)23288582,2025,12,15,18,5,臺中市,西屯區,0,0,0,7,,,50,,,,,,,,,,,,,,12,,,,,B03,,,1,,1,,,40,40,1,12,4,120.593195,24.183454,3
6743,66000,387130000C,(04)23274275,(04)23288582,2025,12,15,18,6,臺中市,東區,0,1,0,7,1,6,50,4,1,1,5,4,6,6,4,4,7,4,4,2,17,3,10,5,4,B01,7,1,1,4,2,6,,84,84,1,12,4,120.692266,24.145975,2
6744,66000,387130000C,(04)23274275,(04)23288582,2025,12,15,18,6,臺中市,清水區,0,3,0,7,1,3,90,13,9,1,5,4,6,6,4,4,8,3,4,1,17,2,9,3,1,B03,7,9,1,8,1,1,,58,58,1,12,4,120.54599,24.272285,2
6745,66000,387130000C,(04)23274275,(04)23288582,2025,12,15,18,7,臺中市,豐原區,0,1,0,7,1,6,50,5,9,1,5,4,6,6,2,1,5,5,5,2,18,2,9,6,1,F01,7,9,7,21,2,15,,88,88,1,3,4,120.71721,24.246318,2
6746,66000,387130000C,(04)23274275,(04)23288582,2025,12,15,18,10,臺中市,太平區,0,2,0,7,1,6,40,3,2,1,5,4,6,6,3,1,10,5,5,2,12,2,9,6,1,F02,7,6,7,21,2,11,,42,42,1,5,4,120.734076,24.143876,2
6747,66000,387130000C,(04)23274275,(04)23288582,2025,12,15,18,12,臺中市,北屯區,0,1,0,7,1,6,80,13,7,1,5,4,6,6,4,4,1,4,5,1,13,3,10,3,1,B03,7,9,1,8,2,1,,60,60,1,6,4,120.694261,24.201193,2
6748,66000,387130000C,(04)23274275,(04)23288582,2025,12,15,18,12,臺中市,豐原區,0,0,0,7,,,,,,,,,,,,,,,,,14,,,,,,,,,,,,,119,119,1,,,120.726166,24.251698,3
6749,66000,387130000C,(04)23274275,(04)23288582,2025,12,15,18,14,臺中市,烏日區,0,1,0,7,1,6,50,4,1,1,5,4,6,6,3,1,10,5,5,2,17,2,9,5,4,C03,7,9,1,10,2,14,,43,43,1,6,4,120.618665,24.103113,2
6750,66000,387130000C,(04)23274275,(04)23288582,2025,12,15,18,15,臺中市,北屯區,0,1,0,7,1,6,40,3,2,1,5,4,6,6,1,1,1,4,4,2,13,2,9,1,1,C03,7,9,1,10,2,11,,87,87,1,6,4,120.711536,24.164541,2
6751,66000,387130000C,(04)23274275,(04)23288582,2025,12,15,18,15,臺中市,沙鹿區,0,0,0,7,1,6,50,13,9,1,5,4,6,6,4,4,4,4,5,1,12,,,,,B03,,,1,,2,,,51,51,1,12,4,120.561027,24.230873,3
6752,66000,387130000C,(04)23274275,(04)23288582,2025,12,15,18,15,臺中市,后里區,0,1,0,7,1,6,50,13,7,1,5,4,1,6,1,1,1,4,4,1,12,3,10,3,1,B03,7,7,1,8,2,5,,40,40,2,10,4,120.722243,24.304011,2
6753,66000,387130000C,(04)23274275,(04)23288582,2025,12,15,18,16,臺中市,西屯區,0,0,0,7,,,50,,,,,,,,,,,,,,,,,,,B03,,,1,,2,,,49,49,1,13,4,120.635719,24.159526,3
6754,66000,387130000C,(04)23274275,(04)23288582,2025,12,15,18,17,臺中市,南屯區,0,1,0,7,2,6,50,4,1,1,5,4,6,6,1,1,9,4,4,2,11,3,10,3,1,B03,7,6,1,8,2,1,,11,11,1,12,4,120.650561,24.153597,2
6755,66000,387130000C,(04)23274275,(04)23288582,2025,12,15,18,18,臺中市,北屯區,0,0,0,7,,,50,,,,,,,,,,,,,,,,,,,B03,,,1,,1,,,40,40,1,13,4,120.718477,24.163377,3
6756,66000,387130000C,(04)23274275,(04)23288582,2025,12,15,18,19,臺中市,太平區,0,1,0,7,1,6,50,13,7,1,5,4,6,6,4,4,10,5,4,2,17,2,7,2,1,C03,7,9,1,10,2,12,,7,7,1,12,4,120.734001,24.148158,2
6757,66000,387130000C,(04)23274275,(04)23288582,2025,12,15,18,22,臺中市,西屯區,0,0,0,7,,,50,,,,,,,,,,,,,,,,,,,C03,,,1,,2,,,84,84,1,12,4,120.651824,24.185361,3
6758,66000,387130000C,(04)23274275,(04)23288582,2025,12,15,18,23,臺中市,西屯區,0,0,0,7,,,40,,,,,,,,,,,,,,12,,,,,B03,,,1,,2,,,8,8,1,12,4,120.657288,24.158974,3
6759,66000,387130000C,(04)23274275,(04)23288582,2025,12,15,18,24,臺中市,潭子區,0,0,0,7,,,50,,,,,,,,,,,,,,,,,,,B03,,,1,,2,,,59,59,1,13,4,120.708913,24.200312,3
6760,66000,387130000C,(04)23274275,(04)23288582,2025,12,15,18,25,臺中市,東勢區,0,1,0,6,1,6,60,13,9,1,5,4,2,6,4,4,4,4,5,1,18,2,9,2,1,C03,7,9,1,10,2,14,,59,59,1,6,4,120.806839,24.283812,2
6761,66000,387130000C,(04)23274275,(04)23288582,2025,12,15,18,28,臺中市,大甲區,0,0,0,7,,,30,,,,,,,,,,,,,,,,,,,B03,,,1,,2,,,59,59,1,12,4,120.615225,24.352635,3
6762,66000,387130000C,(04)23274275,(04)23288582,2025,12,15,18,30,臺中市,北區,0,0,0,7,,,50,,,,,,,,,,,,,,14,,,,,B03,,,1,,1,,,49,49,1,13,4,120.685107,24.160714,3
6763,66000,387130000C,(04)23274275,(04)23288582,2025,12,15,18,31,臺中市,北屯區,0,0,0,7,,,50,,,,,,,,,,,,,,12,,,,,B03,,,1,,2,,,85,85,1,13,4,120.699436,24.182714,3
6764,66000,387130000C,(04)23274275,(04)23288582,2025,12,15,18,31,臺中市,西屯區,0,0,0,7,,,50,,,,,,,,,,,,,,17,,,,,B03,,,1,,1,,,50,50,1,12,4,120.652439,24.206154,3
6765,66000,387130000C,(04)23274275,(04)23288582,2025,12,15,18,32,臺中市,西區,0,1,0,6,1,6,50,11,8,1,5,4,6,6,4,4,1,4,4,2,17,3,10,3,1,B02,7,15,1,8,2,5,,42,42,1,12,4,120.665502,24.142716,2
6766,66000,387130000C,(04)23274275,(04)23288582,2025,12,15,18,38,臺中市,潭子區,0,1,0,7,1,6,50,4,2,1,5,4,6,6,1,1,5,5,4,2,12,2,8,2,1,C03,7,14,1,10,2,14,,84,84,1,13,4,120.703282,24.208316,2
6767,66000,387130000C,(04)23274275,(04)23288582,2025,12,15,18,38,臺中市,后里區,0,1,0,7,1,6,50,4,2,1,5,4,6,6,1,1,1,3,4,1,12,3,10,3,1,B03,7,1,1,8,2,1,,51,51,1,12,4,120.723964,24.315118,2
6768,66000,387130000C,(04)23274275,(04)23288582,2025,12,15,18,41,臺中市,北區,0,0,0,7,,,50,,,,,,,,,,,,,,12,,,,,C03,,,1,,1,,,84,84,1,13,4,120.685596,24.153816,3
6769,66000,387130000C,(04)23274275,(04)23288582,2025,12,15,18,43,臺中市,北區,0,0,0,7,,,50,,,,,,,,,,,,,,13,,,,,B03,,,1,,1,,,84,84,1,12,4,120.694294,24.152705,3
6770,66000,387130000C,(04)23274275,(04)23288582,2025,12,15,18,45,臺中市,大里區,0,0,0,7,,,50,,,,,,,,,,,,,,9,,,,,B01,,,1,,2,,,40,40,1,12,4,120.69231,24.091295,3
6771,66000,387130000C,(04)23274275,(04)23288582,2025,12,15,18,48,臺中市,豐原區,0,1,0,7,1,6,50,3,1,1,5,4,6,6,4,4,5,4,4,2,16,3,10,3,1,B03,7,11,3,19,2,8,,14,14,1,6,4,120.699139,24.248411,2
6772,66000,387130000C,(04)23274275,(04)23288582,2025,12,15,18,49,臺中市,北區,0,0,0,7,,,50,,,,,,,,,,,,,,14,,,,,B03,,,1,,1,,,49,49,1,12,4,120.67111,24.171649,3
6773,66000,387130000C,(04)23274275,(04)23288582,2025,12,15,18,49,臺中市,西屯區,0,0,0,7,,,50,,,,,,,,,,,,,,13,,,,,B03,,,1,,1,,,84,84,1,12,4,120.649864,24.163498,3
6774,66000,387130000C,(04)23274275,(04)23288582,2025,12,15,18,50,臺中市,中區,0,0,0,7,,,50,,,,,,,,,,,,,,,,,,,B03,,,1,,1,,,49,49,1,13,4,120.68266,24.141213,3
6775,66000,387130000C,(04)23274275,(04)23288582,2025,12,15,18,50,臺中市,太平區,0,0,0,7,,,50,,,,,,,,,,,,,,,,,,,B03,,,1,,2,,,8,8,1,12,4,120.712739,24.160731,3
6776,66000,387130000C,(04)23274275,(04)23288582,2025,12,15,18,50,臺中市,沙鹿區,0,2,0,7,2,6,30,11,9,1,5,4,6,6,4,4,10,5,5,2,11,2,8,1,1,C03,7,9,1,10,2,11,,41,41,1,5,4,120.5822,24.219047,2
6777,66000,387130000C,(04)23274275,(04)23288582,2025,12,15,18,52,臺中市,梧棲區,0,0,0,7,,3,90,,,,,,,,,,,,,,13,,,,,B03,,,1,,2,,,7,7,1,12,4,120.533781,24.243799,3
6778,66000,387130000C,(04)23274275,(04)23288582,2025,12,15,19,3,臺中市,龍井區,0,0,0,7,,,30,,,,,,,,,,,,,,12,,,,,C03,,,1,,2,,,45,45,1,5,4,120.591902,24.181667,3
6779,66000,387130000C,(04)23274275,(04)23288582,2025,12,15,19,8,臺中市,東區,0,1,0,7,1,6,50,4,1,1,5,4,6,6,1,1,10,5,5,2,17,3,10,2,1,C03,7,4,1,10,1,12,,1,1,1,13,4,120.693,24.134773,2
6780,66000,387130000C,(04)23274275,(04)23288582,2025,12,15,19,16,臺中市,西屯區,0,0,0,7,,,30,,,,,,,,,,,,,,13,,,,,C03,,,1,,1,,,7,7,1,13,4,120.64408,24.175827,3
6781,66000,387130000C,(04)23274275,(04)23288582,2025,12,15,19,16,臺中市,太平區,0,2,0,7,1,6,50,3,1,1,5,4,6,6,4,4,5,5,4,1,13,2,9,2,1,C03,7,9,1,10,2,11,,84,84,1,12,4,120.721305,24.148318,2
6782,66000,387130000C,(04)23274275,(04)23288582,2025,12,15,19,19,臺中市,北區,0,1,0,7,1,6,30,4,1,1,5,4,6,6,4,4,10,5,5,2,13,2,9,1,1,C03,7,9,1,10,2,11,,84,84,1,13,4,120.692421,24.155877,2
6783,66000,387130000C,(04)23274275,(04)23288582,2025,12,15,19,23,臺中市,神岡區,0,0,0,7,,,40,,,,,,,,,,,,,,12,,,,,B03,,,1,,1,,,7,7,1,13,4,120.694411,24.248712,3
6784,66000,387130000C,(04)23274275,(04)23288582,2025,12,15,19,33,臺中市,潭子區,0,0,0,7,,,30,,,,,,,,,,,,,,,,,,,B03,,,1,,2,,,49,49,1,13,4,120.688504,24.224741,3
6785,66000,387130000C,(04)23274275,(04)23288582,2025,12,15,19,34,臺中市,大里區,0,1,0,7,1,6,50,4,2,1,5,4,6,6,2,1,5,4,4,2,13,3,10,3,1,B03,7,9,1,8,2,8,,84,84,1,6,4,120.685244,24.102803,2
6786,66000,387130000C,(04)23274275,(04)23288582,2025,12,15,19,37,臺中市,西屯區,0,0,0,7,,,50,,,,,,,,,,,,,,,,,,,B03,,,1,,1,,,8,8,1,12,4,120.620668,24.186988,3
6787,66000,387130000C,(04)23274275,(04)23288582,2025,12,15,19,40,臺中市,北屯區,0,0,0,7,,,50,,,,,,,,,,,,,,17,,,,,B03,,,1,,1,,,8,8,1,6,4,120.691959,24.169461,3
6788,66000,387130000C,(04)23274275,(04)23288582,2025,12,15,19,44,臺中市,大里區,0,1,0,6,2,6,30,4,1,1,5,4,6,6,4,4,10,5,5,2,17,2,9,1,1,C03,7,9,1,8,2,11,,7,7,1,13,4,120.71114,24.08685,2
6789,66000,387130000C,(04)23274275,(04)23288582,2025,12,15,19,48,臺中市,北屯區,0,0,0,7,,,50,,,,,,,,,,,,,,13,,,,,B03,,,3,,2,,,84,84,1,6,4,120.719574,24.16311,3
6790,66000,387130000C,(04)23274275,(04)23288582,2025,12,15,19,53,臺中市,北區,0,1,0,7,1,6,50,4,9,1,5,4,3,3,4,4,5,4,5,2,17,3,10,1,1,C03,7,11,1,10,2,14,,39,39,1,12,4,120.68122,24.166871,2
6791,66000,387130000C,(04)23274275,(04)23288582,2025,12,15,19,53,臺中市,北區,0,1,0,7,1,6,50,13,9,1,5,4,6,6,1,1,5,4,5,2,18,2,8,1,1,C03,7,9,1,10,1,14,,84,84,1,12,4,120.690577,24.157509,2
6792,66000,387130000C,(04)23274275,(04)23288582,2025,12,15,19,54,臺中市,豐原區,0,1,0,7,1,6,50,13,7,1,5,4,6,6,4,4,5,5,4,2,13,2,8,1,1,C03,7,9,1,10,2,11,,7,7,1,12,4,120.71515,24.247383,2
6793,66000,387130000C,(04)23274275,(04)23288582,2025,12,15,20,4,臺中市,東區,0,1,0,7,1,6,50,4,1,1,5,4,6,6,1,1,5,5,5,2,12,3,10,2,1,C03,7,9,1,10,2,12,,84,84,1,13,4,120.708999,24.143854,2
6794,66000,387130000C,(04)23274275,(04)23288582,2025,12,15,20,6,臺中市,北區,0,2,0,7,1,6,50,4,2,1,5,4,6,6,2,1,10,5,5,2,12,2,9,2,1,C03,7,9,1,10,2,11,,7,7,1,13,4,120.685944,24.146456,2
6795,66000,387130000C,(04)23274275,(04)23288582,2025,12,15,20,6,臺中市,大里區,0,0,0,6,,,50,,,,,,,,,,,,,,,,,,,B03,,,1,,2,,,40,40,1,12,4,120.690026,24.100979,3
6796,66000,387130000C,(04)23274275,(04)23288582,2025,12,15,20,8,臺中市,中區,0,0,0,7,,,50,,,,,,,,,,,,,,13,,,,,C03,,,1,,2,,,7,7,1,12,4,120.680773,24.143412,3
6797,66000,387130000C,(04)23274275,(04)23288582,2025,12,15,20,9,臺中市,太平區,0,3,0,7,3,6,50,3,1,1,5,4,6,6,4,4,10,5,5,2,16,2,9,6,1,F01,7,6,7,21,2,11,,14,14,1,6,4,120.710851,24.126274,2
6798,66000,387130000C,(04)23274275,(04)23288582,2025,12,15,20,10,臺中市,南屯區,0,0,0,7,,,50,,,,,,,,,,,,,,,,,,,B03,,,1,,1,,,7,7,1,6,4,120.615386,24.147465,3
6799,66000,387130000C,(04)23274275,(04)23288582,2025,12,15,20,12,臺中市,西屯區,0,1,0,7,1,6,40,13,8,1,5,4,6,6,4,4,1,5,5,2,28,2,8,2,4,C03,7,9,1,10,2,11,12,43,43,1,12,4,120.625361,24.207021,2
6800,66000,387130000C,(04)23274275,(04)23288582,2025,12,15,20,12,臺中市,西屯區,0,2,0,7,1,6,50,3,1,1,5,4,6,6,1,1,5,2,5,2,16,2,9,1,1,C03,7,6,1,10,2,12,,11,11,1,12,4,120.61422,24.176189,2
6801,66000,387130000C,(04)23274275,(04)23288582,2025,12,15,20,20,臺中市,南屯區,0,2,0,7,2,6,50,4,1,1,5,4,6,6,4,4,9,5,5,2,13,2,9,1,1,F03,7,9,7,21,2,11,,84,84,1,12,4,120.648777,24.136907,2
6802,66000,387130000C,(04)23274275,(04)23288582,2025,12,15,20,20,臺中市,北屯區,0,2,0,7,1,6,50,4,2,1,5,4,6,6,1,1,3,4,5,2,13,2,7,1,1,C03,7,9,1,10,2,11,,84,84,1,13,4,120.670978,24.175002,2
6803,66000,387130000C,(04)23274275,(04)23288582,2025,12,15,20,21,臺中市,潭子區,0,0,0,7,,,50,,,,,,,,,,,,,,,,,,,C03,,,1,,2,,,11,11,1,13,4,120.704566,24.204664,3
6804,66000,387130000C,(04)23274275,(04)23288582,2025,12,15,20,24,臺中市,西區,0,2,0,7,1,6,50,4,1,1,5,4,6,6,1,1,1,4,5,2,17,3,10,3,1,B03,7,6,1,8,2,8,,25,25,1,12,4,120.677944,24.134042,2
6805,66000,387130000C,(04)23274275,(04)23288582,2025,12,15,20,24,臺中市,南屯區,0,2,0,7,1,6,50,13,9,1,5,4,6,6,1,1,5,4,5,2,13,2,9,1,1,C03,7,9,1,10,2,11,,7,7,1,12,4,120.646287,24.137485,2
6806,66000,387130000C,(04)23274275,(04)23288582,2025,12,15,20,25,臺中市,大里區,0,1,0,7,1,6,50,4,1,1,5,4,6,6,2,1,1,5,5,1,15,3,10,1,1,C03,7,9,1,10,2,11,14,4,4,1,6,4,120.687187,24.095521,2
6807,66000,387130000C,(04)23274275,(04)23288582,2025,12,15,20,26,臺中市,龍井區,0,2,0,7,1,6,40,13,8,1,5,4,6,6,1,1,1,4,1,2,13,2,9,1,1,C03,7,9,1,10,2,11,,7,7,1,6,4,120.583549,24.187264,2
6808,66000,387130000C,(04)23274275,(04)23288582,2025,12,15,20,38,臺中市,豐原區,0,0,0,7,,,50,,,,,,,,,,,,,,13,,,,,B03,,,1,,2,,,56,56,1,12,4,120.710524,24.236819,3
6809,66000,387130000C,(04)23274275,(04)23288582,2025,12,15,20,46,臺中市,西屯區,0,1,0,7,1,6,50,4,1,1,5,4,6,6,2,1,10,5,5,2,16,3,10,5,4,B03,7,5,1,8,2,15,,11,11,1,12,4,120.652457,24.166653,2
6810,66000,387130000C,(04)23274275,(04)23288582,2025,12,15,20,49,臺中市,西屯區,0,0,0,7,,,50,,,,,,,,,,,,,,16,,,,,B03,,,1,,1,,,51,51,1,12,4,120.63661,24.163857,3
6811,66000,387130000C,(04)23274275,(04)23288582,2025,12,15,20,53,臺中市,潭子區,0,1,0,7,1,6,50,4,1,1,5,4,6,6,2,1,5,5,4,2,17,3,10,3,1,B03,7,6,3,19,11,16,,11,11,1,13,4,120.706892,24.207056,2
6812,66000,387130000C,(04)23274275,(04)23288582,2025,12,15,21,1,臺中市,北屯區,0,0,0,7,,,50,,,,,,,,,,,,,,12,,,,,B03,,,1,,2,,,51,51,1,13,4,120.662795,24.188226,3
6813,66000,387130000C,(04)23274275,(04)23288582,2025,12,15,21,1,臺中市,烏日區,0,1,0,6,1,6,50,4,1,1,5,4,6,6,1,1,10,5,5,2,17,3,10,5,4,B03,7,11,1,8,2,2,,45,45,1,13,4,120.643301,24.077085,2
6814,66000,387130000C,(04)23274275,(04)23288582,2025,12,15,21,4,臺中市,南屯區,0,2,0,7,1,6,50,4,1,1,5,4,6,6,1,1,9,5,5,2,18,2,8,2,1,C03,7,6,1,10,2,14,,59,59,1,13,4,120.587488,24.166791,2
6815,66000,387130000C,(04)23274275,(04)23288582,2025,12,15,21,7,臺中市,西屯區,0,1,0,7,1,6,50,4,1,1,5,4,6,6,1,1,10,5,5,1,12,2,9,2,1,C03,7,15,1,10,2,12,,8,8,1,12,4,120.656082,24.169336,2
6816,66000,387130000C,(04)23274275,(04)23288582,2025,12,15,21,11,臺中市,大里區,0,1,0,7,1,6,50,4,1,1,5,4,6,6,1,1,10,5,5,1,15,2,8,2,1,C03,7,9,1,10,2,11,,21,21,1,13,4,120.695397,24.09693,2
6817,66000,387130000C,(04)23274275,(04)23288582,2025,12,15,21,17,臺中市,豐原區,0,1,0,7,1,6,50,13,8,1,5,4,6,6,4,4,1,5,4,1,12,3,10,3,1,B12,7,7,1,8,2,2,,40,40,1,12,4,120.743422,24.264321,2