序號,縣市別代碼,機關代碼,市話,傳真,年,月,日,時,分,縣市,區,死亡數量,受傷數量,2-30,天候,道路照明設備,道路類別,道路速限,道路型態,事故位置,路面鋪裝,路面狀態,路面缺陷,障礙物,視距,號誌種類,號誌動作,分向設施,快車道或一般車道間,快慢車道間,路面邊線,事故類型及型態,受傷程度,主要傷處,保護裝備,行動電話或功能裝置,當事者區分(類別),車輛用途,當事者行動狀態,駕照狀態,駕照種類,飲酒情形,車輛撞擊部位最初,車輛撞擊部位其他,肇事因素個別,肇事因素主要,肇事逃逸,職業,共享經濟或外送平台,GPS座標X,GPS座標Y,事故類別
6818,66000,387130000C,(04)23274275,(04)23288582,2025,12,15,21,36,臺中市,南屯區,0,0,0,7,1,6,50,13,9,1,5,4,6,6,1,1,5,2,5,2,12,,,,,B03,,,1,,1,,,51,51,1,12,4,120.649675,24.152267,3
6819,66000,387130000C,(04)23274275,(04)23288582,2025,12,15,21,36,臺中市,西屯區,0,2,0,7,2,6,40,4,8,1,5,4,6,6,1,1,3,4,3,2,16,2,9,1,1,C03,7,5,1,10,2,12,,47,47,1,12,4,120.593044,24.183185,2
6820,66000,387130000C,(04)23274275,(04)23288582,2025,12,15,21,37,臺中市,南屯區,0,2,0,7,3,6,50,13,9,1,5,4,6,6,1,1,3,4,5,2,12,3,10,1,1,C03,7,5,1,10,2,12,,84,84,1,12,4,120.646564,24.146957,2
6821,66000,387130000C,(04)23274275,(04)23288582,2025,12,15,21,40,臺中市,豐原區,0,1,0,7,1,6,50,4,1,1,5,4,6,6,1,1,10,5,5,2,16,3,10,5,4,B03,7,6,1,7,2,16,,65,65,1,12,4,120.731195,24.249657,2
6822,66000,387130000C,(04)23274275,(04)23288582,2025,12,15,21,45,臺中市,沙鹿區,0,1,0,7,1,6,40,3,1,1,5,4,6,6,2,1,1,4,1,1,17,2,9,2,1,C03,7,9,1,10,2,11,,7,7,1,12,4,120.579417,24.221291,2
6823,66000,387130000C,(04)23274275,(04)23288582,2025,12,15,21,54,臺中市,大甲區,0,2,0,7,3,6,50,4,1,1,5,4,6,6,1,1,10,5,5,2,17,3,10,3,1,B03,7,6,1,8,2,1,,11,11,1,6,4,120.623789,24.349456,2
6824,66000,387130000C,(04)23274275,(04)23288582,2025,12,15,21,59,臺中市,石岡區,0,1,0,7,1,6,70,5,2,1,5,4,6,6,1,1,10,5,5,1,18,2,9,5,4,C03,7,9,1,10,9,12,,84,84,1,12,4,120.816467,24.26027,2
6825,66000,387130000C,(04)23274275,(04)23288582,2025,12,15,22,0,臺中市,大雅區,0,0,0,7,,,30,,,,,,,,,,,,,,,,,,,B03,,,1,,1,,,12,12,1,13,4,120.668211,24.225072,3
6826,66000,387130000C,(04)23274275,(04)23288582,2025,12,15,22,0,臺中市,大里區,0,0,0,7,,,50,,,,,,,,,,,,,,14,,,,,B03,,,1,,9,,,49,49,1,13,4,120.686581,24.117313,3
6827,66000,387130000C,(04)23274275,(04)23288582,2025,12,15,22,2,臺中市,梧棲區,0,0,0,7,,,40,,,,,,,,,,,,,,16,,,,,B03,,,1,,2,,,11,11,1,12,4,120.542306,24.247646,3
6828,66000,387130000C,(04)23274275,(04)23288582,2025,12,15,22,13,臺中市,梧棲區,0,1,0,7,1,6,50,4,2,1,5,4,6,6,4,4,10,5,5,2,16,2,7,1,1,C03,7,6,1,10,2,14,,14,14,1,12,4,120.558084,24.24214,2
6829,66000,387130000C,(04)23274275,(04)23288582,2025,12,15,22,26,臺中市,西區,0,1,0,6,1,6,50,4,1,1,5,4,6,6,1,1,10,5,5,2,17,2,9,1,1,C03,7,9,1,10,1,11,,7,7,1,12,4,120.657354,24.146704,2
6830,66000,387130000C,(04)23274275,(04)23288582,2025,12,15,22,27,臺中市,西屯區,0,0,0,7,,,40,,,,,,,,,,,,,,12,,,,,B03,,,1,,1,,,40,40,1,12,4,120.648732,24.1635,3
6831,66000,387130000C,(04)23274275,(04)23288582,2025,12,15,22,28,臺中市,西屯區,0,2,0,7,1,6,50,13,9,1,5,4,6,6,1,1,5,4,5,2,13,3,10,3,1,B03,7,9,1,8,2,5,,7,7,1,12,4,120.647894,24.174161,2
6832,66000,387130000C,(04)23274275,(04)23288582,2025,12,15,22,38,臺中市,南屯區,0,0,0,7,,,50,,,,,,,,,,,,,,,,,,,B03,,,1,,1,,,51,51,1,13,4,120.637193,24.151555,3
6833,66000,387130000C,(04)23274275,(04)23288582,2025,12,15,22,41,臺中市,西屯區,0,0,0,7,,,30,,,,,,,,,,,,,,17,,,,,C03,,,1,,2,,,8,8,1,13,4,120.620047,24.18173,3
6834,66000,387130000C,(04)23274275,(04)23288582,2025,12,15,22,45,臺中市,梧棲區,0,0,0,7,,,50,,,,,,,,,,,,,,14,,,,,C03,,,1,,2,,,49,49,1,12,4,120.555875,24.251142,3
6835,66000,387130000C,(04)23274275,(04)23288582,2025,12,15,22,52,臺中市,東區,0,2,0,7,1,6,50,4,1,1,5,4,6,6,1,1,10,5,5,2,17,2,9,5,4,C03,7,15,3,19,2,12,,84,84,1,12,4,120.689297,24.144334,2
6836,66000,387130000C,(04)23274275,(04)23288582,2025,12,15,23,9,臺中市,北屯區,0,3,0,7,1,6,50,4,1,1,5,4,6,6,2,1,10,5,5,2,17,4,11,5,4,B03,7,15,6,20,9,1,,84,84,2,12,4,120.720911,24.175929,2
6837,66000,387130000C,(04)23274275,(04)23288582,2025,12,15,23,50,臺中市,東區,0,0,0,7,,,50,,,,,,,,,,,,,,,,,,,B12,,,1,,9,,,7,7,2,12,4,120.694449,24.14635,3
6838,66000,387130000C,(04)23274275,(04)23288582,2025,12,16,0,30,臺中市,東區,0,0,0,7,,,50,,,,,,,,,,,,,,,,,,,B12,,,1,,1,,,49,49,1,6,4,120.706962,24.146142,3
6839,66000,387130000C,(04)23274275,(04)23288582,2025,12,16,0,40,臺中市,北區,0,1,0,7,1,6,50,4,4,1,5,4,6,6,1,1,5,5,4,2,17,3,10,5,4,B01,7,9,1,4,1,5,,8,8,1,13,4,120.689401,24.153059,2
6840,66000,387130000C,(04)23274275,(04)23288582,2025,12,16,0,55,臺中市,潭子區,0,0,0,7,,,30,,,,,,,,,,,,,,,,,,,B12,,,1,,2,,,49,49,1,13,4,120.697534,24.223676,3
6841,66000,387130000C,(04)23274275,(04)23288582,2025,12,16,2,5,臺中市,西屯區,0,1,0,7,1,6,50,13,9,1,5,4,6,6,4,4,1,4,5,1,18,2,9,5,4,C03,7,9,1,10,2,14,,59,59,1,13,4,120.594659,24.193118,2
6842,66000,387130000C,(04)23274275,(04)23288582,2025,12,16,2,6,臺中市,西屯區,0,1,0,7,1,6,60,4,1,1,5,4,6,6,2,1,10,5,5,2,16,3,10,5,4,B03,7,6,1,8,2,5,,25,25,1,13,4,120.634575,24.179542,2
6843,66000,387130000C,(04)23274275,(04)23288582,2025,12,16,3,1,臺中市,北屯區,0,0,0,7,,,50,,,,,,,,,,,,,,16,,,,,B03,,,1,,2,,,51,51,1,12,4,120.657808,24.187908,3
6844,66000,387130000C,(04)23274275,(04)23288582,2025,12,16,3,27,臺中市,東勢區,0,0,0,7,,,30,,,,,,,,,,,,,,,,,,,C03,,,1,,2,,,84,84,1,12,4,120.877665,24.234412,3
6845,66000,387130000C,(04)23274275,(04)23288582,2025,12,16,3,52,臺中市,北區,0,1,0,7,1,6,50,3,1,1,5,4,6,6,4,4,5,4,5,2,17,3,10,5,1,B03,7,9,1,8,2,1,,7,7,1,13,4,120.689674,24.154878,2
6846,66000,387130000C,(04)23274275,(04)23288582,2025,12,16,4,4,臺中市,西區,0,0,0,6,,,50,,,,,,,,,,,,,,,,,,,B03,,,1,,2,,,8,8,1,13,4,120.659589,24.136413,3
6847,66000,387130000C,(04)23274275,(04)23288582,2025,12,16,4,33,臺中市,東勢區,0,0,0,7,,,50,,,,,,,,,,,,,,,,,,,C03,,,1,,11,,,87,87,1,12,4,120.795425,24.286026,3
6848,66000,387130000C,(04)23274275,(04)23288582,2025,12,16,5,37,臺中市,北區,0,1,0,7,1,6,50,13,9,1,5,4,6,6,4,4,5,4,5,1,17,3,10,5,4,B03,7,13,1,8,2,4,,76,76,1,13,4,120.668676,24.15941,2
6849,66000,387130000C,(04)23274275,(04)23288582,2025,12,16,5,56,臺中市,龍井區,0,1,0,7,1,6,30,4,1,1,5,4,6,6,4,4,10,5,5,2,15,2,9,2,1,C03,7,9,3,19,2,14,,20,20,1,6,4,120.518323,24.195083,2
6850,66000,387130000C,(04)23274275,(04)23288582,2025,12,16,6,4,臺中市,北屯區,0,0,0,7,,,50,,,,,,,,,,,,,,17,,,,,B03,,,1,,1,,,87,87,1,12,4,120.702401,24.186508,3
6851,66000,387130000C,(04)23274275,(04)23288582,2025,12,16,6,11,臺中市,西屯區,0,1,0,7,1,6,40,13,8,1,5,4,6,6,4,4,5,4,4,2,17,2,1,5,4,C03,7,9,1,10,2,11,,59,59,1,13,4,120.619249,24.167824,2
6852,66000,387130000C,(04)23274275,(04)23288582,2025,12,16,6,18,臺中市,西屯區,0,1,0,7,1,6,30,3,1,1,5,4,6,6,4,4,10,5,5,2,17,2,9,5,4,C03,7,1,1,10,2,14,,51,51,1,13,4,120.666979,24.174708,2
6853,66000,387130000C,(04)23274275,(04)23288582,2025,12,16,6,35,臺中市,潭子區,0,2,0,7,3,6,50,4,2,1,5,4,6,6,2,1,3,4,4,1,13,2,9,1,1,C04,7,9,1,10,2,11,,59,59,1,12,4,120.684792,24.216293,2
6854,66000,387130000C,(04)23274275,(04)23288582,2025,12,16,6,35,臺中市,龍井區,0,1,0,7,2,6,30,3,2,1,5,4,6,6,4,4,9,5,5,1,16,3,10,3,1,B03,7,6,1,8,2,5,,48,48,1,6,4,120.588462,24.186754,2
6855,66000,387130000C,(04)23274275,(04)23288582,2025,12,16,6,38,臺中市,西區,0,1,0,7,2,6,50,4,1,1,5,4,6,6,4,4,10,5,5,2,17,3,10,3,1,B03,7,9,1,8,2,2,,12,12,1,12,4,120.677935,24.145428,2
6856,66000,387130000C,(04)23274275,(04)23288582,2025,12,16,6,39,臺中市,太平區,0,0,0,7,,,40,,,,,,,,,,,,,,13,,,,,A04,,,1,,2,,,7,7,1,12,4,120.709694,24.134707,3
6857,66000,387130000C,(04)23274275,(04)23288582,2025,12,16,6,40,臺中市,烏日區,0,1,0,7,2,6,30,13,9,1,5,4,6,6,4,4,10,5,5,1,11,2,9,5,4,C03,7,15,1,10,2,14,,84,84,1,13,4,120.640581,24.099413,2
6858,66000,387130000C,(04)23274275,(04)23288582,2025,12,16,6,43,臺中市,潭子區,0,2,0,7,2,6,40,4,1,1,5,4,6,6,3,1,10,5,5,2,16,2,8,1,1,C03,7,6,3,19,9,11,,11,11,2,13,4,120.701718,24.192027,2
6859,66000,387130000C,(04)23274275,(04)23288582,2025,12,16,6,48,臺中市,西屯區,0,2,0,7,2,6,50,3,2,1,5,4,6,6,4,4,10,5,5,2,17,3,10,5,4,C03,7,7,1,10,2,13,,40,40,2,13,4,120.635305,24.169491,2
6860,66000,387130000C,(04)23274275,(04)23288582,2025,12,16,6,52,臺中市,北區,0,1,0,7,2,6,50,13,9,1,5,4,6,6,4,4,1,4,5,2,17,2,9,1,1,C03,7,5,1,10,2,13,14,47,47,1,13,4,120.672158,24.171061,2
6861,66000,387130000C,(04)23274275,(04)23288582,2025,12,16,6,55,臺中市,西屯區,0,1,0,7,2,6,50,4,1,1,5,4,6,6,4,4,10,5,5,2,15,3,10,5,4,B03,7,9,1,7,2,2,,15,15,1,12,4,120.660625,24.197899,2
6862,66000,387130000C,(04)23274275,(04)23288582,2025,12,16,6,59,臺中市,北區,0,2,0,7,2,6,50,4,2,1,5,4,6,6,2,1,1,4,5,2,13,2,9,1,1,C03,7,9,1,10,2,14,,7,7,1,12,4,120.685386,24.163115,2
6863,66000,387130000C,(04)23274275,(04)23288582,2025,12,16,6,59,臺中市,北屯區,0,2,0,7,2,6,50,4,1,1,5,4,6,6,2,1,10,5,5,2,16,2,7,1,1,C03,7,6,1,10,2,11,,11,11,1,12,4,120.704759,24.169519,2
6864,66000,387130000C,(04)23274275,(04)23288582,2025,12,16,7,6,臺中市,大雅區,0,0,0,7,,,50,,,,,,,,,,,,,,13,,,,,B03,,,1,,2,,,7,7,1,12,4,120.658044,24.2204,3
6865,66000,387130000C,(04)23274275,(04)23288582,2025,12,16,7,8,臺中市,南區,0,1,0,7,2,6,40,3,2,1,5,4,6,6,3,1,10,5,5,2,18,2,9,2,1,C03,7,9,1,10,2,14,,84,84,1,12,4,120.677682,24.124175,2
6866,66000,387130000C,(04)23274275,(04)23288582,2025,12,16,7,10,臺中市,西屯區,0,1,0,7,2,6,30,13,9,1,5,4,6,6,4,4,10,5,5,2,16,3,10,3,1,B03,7,11,1,8,2,5,,46,46,1,13,4,120.649762,24.168851,2
6867,66000,387130000C,(04)23274275,(04)23288582,2025,12,16,7,14,臺中市,神岡區,0,1,0,7,2,6,30,3,1,1,5,4,6,6,4,4,10,5,5,2,17,3,10,5,4,B03,7,5,1,8,2,8,,14,14,1,13,4,120.686018,24.251314,2
6868,66000,387130000C,(04)23274275,(04)23288582,2025,12,16,7,15,臺中市,大雅區,0,0,0,7,,,70,,,,,,,,,,,,,,,,,,,B03,,,1,,1,,,7,7,1,13,4,120.629138,24.241655,3
6869,66000,387130000C,(04)23274275,(04)23288582,2025,12,16,7,15,臺中市,梧棲區,0,0,0,7,,,70,,,,,,,,,,,,,,13,,,,,B03,,,1,,2,,,7,7,1,6,4,120.547904,24.235101,3
6870,66000,387130000C,(04)23274275,(04)23288582,2025,12,16,7,16,臺中市,龍井區,0,0,0,7,,,40,,,,,,,,,,,,,,,,,,,B03,,,1,,2,,,43,43,1,12,4,120.533574,24.22057,3
6871,66000,387130000C,(04)23274275,(04)23288582,2025,12,16,7,19,臺中市,神岡區,0,1,0,7,1,6,50,5,1,1,5,4,6,6,1,1,5,5,5,1,17,3,10,1,4,C03,7,6,1,10,2,11,,20,20,1,12,4,120.66378,24.258247,2
6872,66000,387130000C,(04)23274275,(04)23288582,2025,12,16,7,20,臺中市,烏日區,0,0,0,7,,,50,,,,,,,,,,,,,,9,,,,,B03,,,1,,2,,,8,8,1,6,4,120.644169,24.085755,3
6873,66000,387130000C,(04)23274275,(04)23288582,2025,12,16,7,22,臺中市,北屯區,0,1,0,7,2,6,50,4,1,1,5,4,6,6,1,1,10,5,5,2,17,3,10,3,1,B03,7,6,1,8,2,6,,11,11,1,6,4,120.676162,24.195403,2
6874,66000,387130000C,(04)23274275,(04)23288582,2025,12,16,7,22,臺中市,沙鹿區,0,1,0,7,2,6,50,13,7,1,5,4,6,6,4,4,8,3,4,1,9,3,10,5,4,A04,7,9,1,2,2,16,,84,84,1,13,4,120.558834,24.234969,2
6875,66000,387130000C,(04)23274275,(04)23288582,2025,12,16,7,22,臺中市,石岡區,0,0,0,7,,,50,,,,,,,,,,,,,,,,,,,B02,,,1,,1,,,84,84,1,12,4,120.763528,24.277169,3
6876,66000,387130000C,(04)23274275,(04)23288582,2025,12,16,7,24,臺中市,西屯區,0,1,0,7,2,6,50,4,1,1,5,4,6,6,1,1,10,5,5,2,16,3,10,5,4,G06,7,5,1,5,2,17,,11,11,1,12,4,120.606195,24.18733,2
6877,66000,387130000C,(04)23274275,(04)23288582,2025,12,16,7,25,臺中市,清水區,0,0,0,7,,,50,,,,,,,,,,,,,,,,,,,B03,,,1,,2,,,84,84,1,12,4,120.561493,24.271298,3
6878,66000,387130000C,(04)23274275,(04)23288582,2025,12,16,7,28,臺中市,潭子區,0,1,0,7,3,6,50,13,9,1,5,4,6,6,4,4,4,4,5,1,17,3,10,3,1,B12,7,11,1,8,2,7,,39,39,1,13,4,120.723417,24.215344,2
6879,66000,387130000C,(04)23274275,(04)23288582,2025,12,16,7,28,臺中市,北區,0,1,0,7,3,6,50,11,9,1,5,4,6,6,4,4,5,5,4,2,30,2,9,1,1,C03,7,9,1,10,2,11,,84,84,1,12,4,120.703517,24.157963,2
6880,66000,387130000C,(04)23274275,(04)23288582,2025,12,16,7,29,臺中市,豐原區,0,2,0,7,2,6,30,13,9,1,5,4,6,3,4,4,10,5,5,2,17,3,10,5,4,B03,7,1,1,8,2,8,,51,51,1,13,4,120.734197,24.253687,2
6881,66000,387130000C,(04)23274275,(04)23288582,2025,12,16,7,30,臺中市,大雅區,0,0,0,7,,,50,,,,,,,,,,,,,,,,,,,B03,,,1,,2,,,8,8,1,13,4,120.620877,24.225596,3
6882,66000,387130000C,(04)23274275,(04)23288582,2025,12,16,7,30,臺中市,大雅區,0,0,0,7,,,50,,,,,,,,,,,,,,,,,,,B03,,,1,,1,,,7,7,1,13,4,120.631066,24.229187,3
6883,66000,387130000C,(04)23274275,(04)23288582,2025,12,16,7,30,臺中市,西屯區,0,1,0,7,2,6,40,13,8,1,5,4,6,6,1,1,1,4,1,2,13,3,10,5,4,C03,7,9,1,10,2,11,14,7,7,1,12,4,120.648643,24.163359,2
6884,66000,387130000C,(04)23274275,(04)23288582,2025,12,16,7,30,臺中市,龍井區,0,0,0,7,,,50,,,,,,,,,,,,,,,,,,,C03,,,1,,9,,,59,59,1,12,4,120.50129,24.202659,3
6885,66000,387130000C,(04)23274275,(04)23288582,2025,12,16,7,32,臺中市,大雅區,0,2,0,7,1,6,50,4,1,1,5,4,6,6,1,1,10,5,5,2,16,3,10,2,1,C03,7,6,1,10,2,14,13,11,11,1,12,4,120.649932,24.221643,2
6886,66000,387130000C,(04)23274275,(04)23288582,2025,12,16,7,32,臺中市,西屯區,0,0,0,7,,3,80,,,,,,,,,,,,,,13,,,,,B03,,,1,,1,,,7,7,1,12,4,120.657822,24.200553,3
6887,66000,387130000C,(04)23274275,(04)23288582,2025,12,16,7,34,臺中市,北屯區,0,1,0,7,2,6,50,13,7,1,5,4,6,6,4,4,5,5,4,2,12,3,10,3,1,B03,7,9,1,8,2,2,,8,8,1,6,4,120.694321,24.172714,2
6888,66000,387130000C,(04)23274275,(04)23288582,2025,12,16,7,35,臺中市,龍井區,0,1,0,7,2,6,70,13,8,1,5,4,6,6,4,4,1,4,3,2,12,3,10,3,1,B03,7,7,1,8,2,2,,40,40,1,12,4,120.507634,24.214928,2
6889,66000,387130000C,(04)23274275,(04)23288582,2025,12,16,7,38,臺中市,潭子區,0,2,0,7,2,6,50,3,1,1,5,4,6,6,4,4,10,5,5,2,16,2,9,1,1,C03,7,6,1,10,2,11,,14,14,1,13,4,120.701231,24.214162,2
6890,66000,387130000C,(04)23274275,(04)23288582,2025,12,16,7,38,臺中市,西區,0,1,0,7,1,6,50,5,2,1,5,4,6,6,1,1,1,4,5,2,12,3,10,3,1,B03,7,5,1,8,2,15,,84,84,1,13,4,120.672724,24.131748,2
6891,66000,387130000C,(04)23274275,(04)23288582,2025,12,16,7,39,臺中市,南屯區,0,0,0,7,,,50,,,,,,,,,,,,,,13,,,,,B03,,,1,,1,,,7,7,1,13,4,120.623517,24.140811,3
6892,66000,387130000C,(04)23274275,(04)23288582,2025,12,16,7,39,臺中市,清水區,0,0,0,7,,,50,,,,,,,,,,,,,,,,,,,B03,,,1,,11,,,49,49,1,12,4,120.567234,24.272856,3
6893,66000,387130000C,(04)23274275,(04)23288582,2025,12,16,7,40,臺中市,大雅區,0,1,0,7,1,6,50,4,1,1,5,4,6,6,1,1,10,5,5,2,15,2,9,2,1,C03,7,9,1,10,2,11,,21,21,1,12,4,120.645199,24.225564,2
6894,66000,387130000C,(04)23274275,(04)23288582,2025,12,16,7,40,臺中市,西屯區,0,1,0,7,2,6,40,13,8,1,5,4,6,6,4,4,1,4,1,2,12,2,9,2,1,C03,7,9,1,10,2,11,,84,84,1,13,4,120.612261,24.184206,2
6895,66000,387130000C,(04)23274275,(04)23288582,2025,12,16,7,40,臺中市,西屯區,0,0,0,7,,,50,,,,,,,,,,,,,,12,,,,,B03,,,1,,1,,,84,84,1,13,4,120.613976,24.184402,3
6896,66000,387130000C,(04)23274275,(04)23288582,2025,12,16,7,40,臺中市,大里區,0,0,0,7,,,50,,,,,,,,,,,,,,,,,,,C03,,,1,,2,,,84,84,1,12,4,120.691547,24.094079,3
6897,66000,387130000C,(04)23274275,(04)23288582,2025,12,16,7,41,臺中市,南屯區,0,1,0,7,3,6,50,13,9,1,5,4,6,6,4,4,1,4,5,2,12,2,9,1,1,C03,7,9,1,10,2,12,,8,8,1,12,4,120.6365,24.142986,2
6898,66000,387130000C,(04)23274275,(04)23288582,2025,12,16,7,42,臺中市,西屯區,0,2,0,7,2,6,30,4,1,1,5,4,6,6,4,4,10,5,5,2,15,3,10,2,4,C03,7,9,1,10,2,11,,15,15,1,12,4,120.639545,24.180318,2
6899,66000,387130000C,(04)23274275,(04)23288582,2025,12,16,7,42,臺中市,大里區,0,0,0,7,,,40,,,,,,,,,,,,,,13,,,,,C03,,,1,,1,,,7,7,1,12,4,120.695196,24.097051,3
6900,66000,387130000C,(04)23274275,(04)23288582,2025,12,16,7,43,臺中市,南區,0,2,0,7,2,6,50,13,7,1,5,4,6,6,4,4,9,4,4,2,13,2,9,2,1,C03,7,9,1,10,2,11,,7,7,1,6,4,120.664436,24.113681,2
6901,66000,387130000C,(04)23274275,(04)23288582,2025,12,16,7,44,臺中市,西屯區,0,0,0,7,,,50,,,,,,,,,,,,,,,,,,,C03,,,1,,2,,,7,7,1,12,4,120.627079,24.181221,3
6902,66000,387130000C,(04)23274275,(04)23288582,2025,12,16,7,44,臺中市,豐原區,0,0,0,7,,,50,,,,,,,,,,,,,,17,,,,,C03,,,3,,2,,,85,85,1,12,4,120.713873,24.243734,4
6903,66000,387130000C,(04)23274275,(04)23288582,2025,12,16,7,45,臺中市,大雅區,0,0,0,7,,,50,,,,,,,,,,,,,,13,,,,,B03,,,1,,2,,,84,84,1,12,4,120.647924,24.225082,3
6904,66000,387130000C,(04)23274275,(04)23288582,2025,12,16,7,46,臺中市,潭子區,0,2,0,7,3,6,30,4,1,1,5,4,6,6,3,1,10,5,5,2,15,2,9,2,1,C03,7,9,1,10,2,14,,24,24,1,13,4,120.698202,24.223087,2
6905,66000,387130000C,(04)23274275,(04)23288582,2025,12,16,7,46,臺中市,太平區,0,1,0,7,2,6,30,4,1,1,5,4,6,6,4,4,9,5,5,2,16,2,9,1,1,C03,7,9,1,10,2,12,,15,15,1,12,4,120.717336,24.116336,2
6906,66000,387130000C,(04)23274275,(04)23288582,2025,12,16,7,47,臺中市,西屯區,0,1,0,7,2,6,40,5,8,1,5,4,6,6,1,1,5,5,4,2,13,2,9,5,4,C03,7,9,1,10,2,11,,7,7,1,12,4,120.591283,24.169249,2
6907,66000,387130000C,(04)23274275,(04)23288582,2025,12,16,7,48,臺中市,大里區,0,1,0,7,3,6,40,13,8,1,5,4,6,6,4,4,1,2,1,1,13,2,7,1,1,C03,7,9,5,19,2,11,,7,7,1,12,4,120.68894,24.093861,2
6908,66000,387130000C,(04)23274275,(04)23288582,2025,12,16,7,48,臺中市,豐原區,0,1,0,7,2,6,50,4,1,1,5,4,6,6,2,1,5,5,5,2,17,2,8,5,4,C03,7,5,1,10,2,12,,22,22,1,12,4,120.72261,24.255928,2
6909,66000,387130000C,(04)23274275,(04)23288582,2025,12,16,7,49,臺中市,豐原區,0,2,0,7,2,6,50,4,1,1,5,4,6,6,2,1,5,4,4,1,16,2,9,1,1,C03,7,6,1,10,2,12,,48,48,1,12,4,120.73311,24.251403,2
6910,66000,387130000C,(04)23274275,(04)23288582,2025,12,16,7,50,臺中市,北區,0,0,0,7,,,50,,,,,,,,,,,,,,,,,,,C03,,,1,,1,,,84,84,1,12,4,120.690991,24.152264,3
6911,66000,387130000C,(04)23274275,(04)23288582,2025,12,16,7,50,臺中市,大里區,0,1,0,7,3,6,50,13,9,1,5,4,6,6,4,4,1,4,5,1,13,2,8,1,1,C03,7,9,1,10,2,11,,7,7,1,6,4,120.682502,24.099893,2
6912,66000,387130000C,(04)23274275,(04)23288582,2025,12,16,7,50,臺中市,豐原區,0,0,0,7,,,50,,,,,,,,,,,,,,12,,,,,B03,,,1,,2,,,84,84,1,13,4,120.720169,24.233264,3
6913,66000,387130000C,(04)23274275,(04)23288582,2025,12,16,7,51,臺中市,北屯區,0,0,0,7,,3,80,,,,,,,,,,,,,,13,,,,,B03,,,1,,2,,,7,7,1,12,4,120.694144,24.201018,3
6914,66000,387130000C,(04)23274275,(04)23288582,2025,12,16,7,51,臺中市,太平區,0,1,0,7,2,6,50,3,1,1,5,4,6,6,4,4,1,4,5,2,16,2,9,2,1,C03,7,4,1,10,2,14,,1,1,1,12,4,120.716975,24.154263,2
6915,66000,387130000C,(04)23274275,(04)23288582,2025,12,16,7,52,臺中市,大里區,0,1,0,7,3,6,50,3,2,1,5,4,6,6,4,4,5,5,4,2,16,2,9,1,1,C03,7,7,1,10,2,12,,40,40,1,6,4,120.687114,24.100408,2
6916,66000,387130000C,(04)23274275,(04)23288582,2025,12,16,7,52,臺中市,烏日區,0,0,0,7,,,50,,,,,,,,,,,,,,,,,,,B03,,,1,,2,,,50,50,1,12,4,120.605901,24.104933,3
6917,66000,387130000C,(04)23274275,(04)23288582,2025,12,16,7,54,臺中市,北屯區,0,0,0,7,,,30,,,,,,,,,,,,,,16,,,,,B03,,,1,,1,,,12,12,1,6,4,120.702394,24.171936,3
6918,66000,387130000C,(04)23274275,(04)23288582,2025,12,16,7,58,臺中市,霧峰區,0,2,0,7,2,6,50,13,9,1,5,4,6,6,4,4,5,5,5,1,17,2,8,1,1,C03,7,1,1,10,2,12,,84,84,1,6,4,120.686235,24.053161,2
6919,66000,387130000C,(04)23274275,(04)23288582,2025,12,16,7,58,臺中市,梧棲區,0,1,0,7,3,6,50,4,1,1,5,4,6,6,4,4,10,5,5,2,18,2,9,5,1,F01,7,9,7,21,2,16,,87,87,1,6,4,120.535141,24.254623,2
6920,66000,387130000C,(04)23274275,(04)23288582,2025,12,16,7,59,臺中市,中區,0,0,0,7,,,40,,,,,,,,,,,,,,17,,,,,B03,,,1,,1,,,59,59,1,12,4,120.674306,24.142928,3
6921,66000,387130000C,(04)23274275,(04)23288582,2025,12,16,8,0,臺中市,沙鹿區,0,0,0,7,,,60,,,,,,,,,,,,,,13,,,,,A11,,,1,,1,,,84,84,1,6,4,120.60079,24.249871,3
6922,66000,387130000C,(04)23274275,(04)23288582,2025,12,16,8,1,臺中市,北屯區,0,2,0,7,3,6,50,4,1,1,5,4,6,6,1,1,10,5,5,2,17,2,9,1,1,C03,7,9,1,10,2,11,,7,7,1,12,4,120.692835,24.168127,2
6923,66000,387130000C,(04)23274275,(04)23288582,2025,12,16,8,1,臺中市,大肚區,0,1,0,7,2,6,50,13,8,1,5,4,6,6,4,4,1,4,4,1,17,3,10,3,1,B11,7,7,1,4,2,6,,40,40,1,6,4,120.560835,24.125443,2
6924,66000,387130000C,(04)23274275,(04)23288582,2025,12,16,8,1,臺中市,沙鹿區,0,1,0,7,2,6,50,3,1,1,5,4,6,6,4,4,10,5,5,2,16,3,10,3,1,B03,7,5,1,8,2,2,,47,47,1,6,4,120.574243,24.228268,2
6925,66000,387130000C,(04)23274275,(04)23288582,2025,12,16,8,4,臺中市,西屯區,0,1,0,7,2,6,50,13,9,1,5,4,6,6,4,4,7,5,5,2,17,3,10,1,4,C03,7,9,1,10,1,11,,7,7,1,13,4,120.637576,24.163625,2
6926,66000,387130000C,(04)23274275,(04)23288582,2025,12,16,8,4,臺中市,豐原區,0,1,0,7,2,6,30,11,9,1,5,4,6,6,4,4,10,5,5,1,10,3,10,3,1,B12,7,9,1,8,2,5,,41,41,1,12,4,120.749309,24.273932,2
6927,66000,387130000C,(04)23274275,(04)23288582,2025,12,16,8,5,臺中市,大雅區,0,0,0,7,,,60,,,,,,,,,,,,,,,,,,,C03,,,1,,1,,,7,7,1,13,4,120.650373,24.21176,3