序號,縣市別代碼,機關代碼,市話,傳真,年,月,日,時,分,縣市,區,死亡數量,受傷數量,2-30,天候,道路照明設備,道路類別,道路速限,道路型態,事故位置,路面鋪裝,路面狀態,路面缺陷,障礙物,視距,號誌種類,號誌動作,分向設施,快車道或一般車道間,快慢車道間,路面邊線,事故類型及型態,受傷程度,主要傷處,保護裝備,行動電話或功能裝置,當事者區分(類別),車輛用途,當事者行動狀態,駕照狀態,駕照種類,飲酒情形,車輛撞擊部位最初,車輛撞擊部位其他,肇事因素個別,肇事因素主要,肇事逃逸,職業,共享經濟或外送平台,GPS座標X,GPS座標Y,事故類別
6928,66000,387130000C,(04)23274275,(04)23288582,2025,12,16,8,6,臺中市,北屯區,0,1,0,7,1,6,50,13,9,1,5,4,6,6,4,4,1,3,5,2,12,3,10,1,1,C03,7,9,1,10,2,11,,7,7,1,12,4,120.667343,24.180028,2
6929,66000,387130000C,(04)23274275,(04)23288582,2025,12,16,8,7,臺中市,大里區,0,0,0,7,,,50,,,,,,,,,,,,,,12,,,,,B03,,,1,,2,,,8,8,1,12,4,120.696884,24.111747,3
6930,66000,387130000C,(04)23274275,(04)23288582,2025,12,16,8,9,臺中市,潭子區,0,0,0,7,,,60,,,,,,,,,,,,,,13,,,,,B03,,,1,,2,,,59,59,1,13,4,120.705311,24.215181,3
6931,66000,387130000C,(04)23274275,(04)23288582,2025,12,16,8,10,臺中市,沙鹿區,0,0,0,7,,,60,,,,,,,,,,,,,,,,,,,B03,,,1,,2,,,82,82,1,13,4,120.596034,24.249974,3
6932,66000,387130000C,(04)23274275,(04)23288582,2025,12,16,8,12,臺中市,北區,0,0,0,7,,,50,,,,,,,,,,,,,,12,,,,,B03,,,1,,1,,,20,20,1,13,4,120.664433,24.154636,3
6933,66000,387130000C,(04)23274275,(04)23288582,2025,12,16,8,13,臺中市,西屯區,0,0,0,7,,,50,,,,,,,,,,,,,,13,,,,,C03,,,1,,1,,,7,7,1,12,4,120.645016,24.201437,3
6934,66000,387130000C,(04)23274275,(04)23288582,2025,12,16,8,13,臺中市,西屯區,0,1,0,7,2,6,50,4,1,1,5,4,6,6,2,1,10,5,5,2,12,3,10,5,4,B03,7,9,1,8,2,4,,84,84,1,12,4,120.645521,24.17232,2
6935,66000,387130000C,(04)23274275,(04)23288582,2025,12,16,8,14,臺中市,太平區,0,2,0,7,2,6,50,3,2,1,5,4,6,6,4,4,5,5,5,2,17,2,7,1,1,F03,7,9,7,21,2,11,,84,84,1,12,4,120.71029,24.158579,2
6936,66000,387130000C,(04)23274275,(04)23288582,2025,12,16,8,16,臺中市,神岡區,0,1,0,7,2,6,50,3,1,1,5,4,6,6,1,1,10,5,5,1,17,3,10,5,4,B03,7,6,1,8,2,1,,11,11,1,13,4,120.676618,24.264135,2
6937,66000,387130000C,(04)23274275,(04)23288582,2025,12,16,8,17,臺中市,太平區,0,0,0,7,,,50,,,,,,,,,,,,,,16,,,,,C03,,,1,,2,,,84,84,1,12,4,120.717869,24.15855,3
6938,66000,387130000C,(04)23274275,(04)23288582,2025,12,16,8,17,臺中市,大肚區,0,0,0,7,,,50,,,,,,,,,,,,,,,,,,,A11,,,1,,2,,,59,59,1,6,4,120.578819,24.117953,3
6939,66000,387130000C,(04)23274275,(04)23288582,2025,12,16,8,20,臺中市,南屯區,0,0,0,7,,,50,,,,,,,,,,,,,,,,,,,B03,,,1,,1,,,35,35,1,12,4,120.623159,24.149799,3
6940,66000,387130000C,(04)23274275,(04)23288582,2025,12,16,8,23,臺中市,北屯區,0,1,0,7,2,6,50,4,1,1,5,4,6,6,4,4,10,5,5,2,15,3,10,3,1,B03,7,9,1,8,2,1,,12,12,1,6,4,120.721568,24.160313,2
6941,66000,387130000C,(04)23274275,(04)23288582,2025,12,16,8,23,臺中市,沙鹿區,0,1,0,7,2,6,60,13,7,1,5,4,6,6,4,4,1,4,3,1,30,3,10,3,1,A04,7,9,1,1,2,10,,84,84,1,6,4,120.574128,24.229515,2
6942,66000,387130000C,(04)23274275,(04)23288582,2025,12,16,8,25,臺中市,龍井區,0,1,0,7,2,6,50,3,1,1,5,4,6,6,3,1,5,5,4,1,16,3,10,3,1,B03,7,5,1,8,2,2,,11,11,1,12,4,120.539854,24.176421,2
6943,66000,387130000C,(04)23274275,(04)23288582,2025,12,16,8,26,臺中市,西區,0,2,0,7,3,6,0,13,9,1,5,4,6,6,4,4,5,5,5,2,3,2,8,6,5,H01,8,18,7,21,2,17,,95,95,1,6,5,120.66834,24.144747,2
6944,66000,387130000C,(04)23274275,(04)23288582,2025,12,16,8,30,臺中市,沙鹿區,0,1,0,7,2,6,30,13,9,1,5,4,6,6,4,4,10,5,5,2,18,2,8,1,1,F03,7,9,7,21,2,12,,59,59,1,6,4,120.589842,24.21347,2
6945,66000,387130000C,(04)23274275,(04)23288582,2025,12,16,8,34,臺中市,北屯區,0,0,0,7,,,50,,,,,,,,,,,,,,17,,,,,B12,,,1,,2,,,50,50,1,12,4,120.708829,24.170899,3
6946,66000,387130000C,(04)23274275,(04)23288582,2025,12,16,8,35,臺中市,霧峰區,0,1,0,7,2,6,50,4,1,1,5,4,6,6,4,4,10,5,5,2,17,3,10,3,1,B03,7,6,1,4,2,2,,14,14,1,12,4,120.711067,24.07697,2
6947,66000,387130000C,(04)23274275,(04)23288582,2025,12,16,8,40,臺中市,烏日區,0,1,0,7,2,6,50,4,1,1,5,4,6,6,2,1,5,4,5,1,13,2,9,1,1,C03,7,9,1,10,2,12,,7,7,1,6,4,120.628557,24.102049,2
6948,66000,387130000C,(04)23274275,(04)23288582,2025,12,16,8,42,臺中市,大肚區,0,1,0,7,2,6,50,4,1,1,5,4,6,6,1,1,10,5,5,2,16,3,10,5,4,C03,7,1,1,10,2,14,,51,51,1,12,4,120.580983,24.173778,2
6949,66000,387130000C,(04)23274275,(04)23288582,2025,12,16,8,42,臺中市,大甲區,0,1,0,7,3,6,50,4,1,1,5,4,6,6,1,1,10,5,5,2,13,2,9,1,1,C03,7,9,1,10,2,11,,59,59,1,12,4,120.633247,24.356371,2
6950,66000,387130000C,(04)23274275,(04)23288582,2025,12,16,8,47,臺中市,東區,0,0,0,7,,,40,,,,,,,,,,,,,,,,,,,B03,,,1,,1,,,76,76,1,12,4,120.706275,24.144075,3
6951,66000,387130000C,(04)23274275,(04)23288582,2025,12,16,8,47,臺中市,西屯區,0,1,0,7,2,6,50,5,1,1,5,4,6,6,1,1,10,5,5,2,17,2,9,5,4,C03,7,9,1,10,2,11,12,7,7,1,12,4,120.625228,24.181975,2
6952,66000,387130000C,(04)23274275,(04)23288582,2025,12,16,8,47,臺中市,西屯區,0,2,0,7,2,6,30,3,1,1,5,4,6,6,4,4,10,5,5,2,16,2,8,5,4,C03,7,6,1,10,2,14,,85,85,1,13,4,120.638516,24.170747,2
6953,66000,387130000C,(04)23274275,(04)23288582,2025,12,16,8,48,臺中市,東區,0,2,0,7,2,6,50,13,9,1,5,4,6,6,4,4,5,4,5,2,13,2,8,2,1,C03,7,9,1,10,2,11,,7,7,1,5,4,120.699576,24.14802,2
6954,66000,387130000C,(04)23274275,(04)23288582,2025,12,16,8,49,臺中市,東區,0,0,0,7,,,40,,,,,,,,,,,,,,,,,,,B03,,,1,,2,,,8,8,1,13,4,120.708427,24.149232,3
6955,66000,387130000C,(04)23274275,(04)23288582,2025,12,16,8,50,臺中市,霧峰區,0,1,0,7,2,6,50,13,9,1,5,4,6,6,4,4,5,5,5,1,17,2,9,1,1,C03,7,1,3,19,2,11,,51,51,1,12,4,120.649718,24.086366,2
6956,66000,387130000C,(04)23274275,(04)23288582,2025,12,16,8,50,臺中市,后里區,0,0,0,7,2,6,50,4,2,1,5,4,1,6,1,1,1,4,4,1,12,3,10,3,1,B12,7,9,1,8,2,4,,2,2,1,6,4,120.723208,24.287844,3
6957,66000,387130000C,(04)23274275,(04)23288582,2025,12,16,8,50,臺中市,東勢區,0,0,0,7,,,50,,,,,,,,,,,,,,16,,,,,C03,,,1,,1,,,14,14,1,12,4,120.828783,24.259368,3
6958,66000,387130000C,(04)23274275,(04)23288582,2025,12,16,8,51,臺中市,西屯區,0,1,0,7,3,6,50,3,1,1,5,4,6,6,4,4,5,4,4,2,16,3,10,5,4,B01,7,11,1,4,2,4,,45,45,1,12,4,120.665832,24.168469,2
6959,66000,387130000C,(04)23274275,(04)23288582,2025,12,16,8,52,臺中市,北區,0,0,0,7,,,50,,,,,,,,,,,,,,17,,,,,B03,,,1,,2,8,,58,58,1,12,4,120.688697,24.152433,3
6960,66000,387130000C,(04)23274275,(04)23288582,2025,12,16,8,52,臺中市,烏日區,0,0,0,7,,,30,,,,,,,,,,,,,,,,,,,B03,,,1,,1,,,51,51,1,13,4,120.616288,24.111977,3
6961,66000,387130000C,(04)23274275,(04)23288582,2025,12,16,8,52,臺中市,梧棲區,0,0,0,7,,,50,,,,,,,,,,,,,,13,,,,,B03,,,1,,1,,,84,84,1,6,4,120.540438,24.25732,3
6962,66000,387130000C,(04)23274275,(04)23288582,2025,12,16,8,54,臺中市,西屯區,0,1,0,7,2,6,30,3,1,1,5,4,6,6,4,4,10,5,5,2,17,3,10,3,4,B12,7,6,1,8,1,4,,13,13,1,13,4,120.637597,24.178153,2
6963,66000,387130000C,(04)23274275,(04)23288582,2025,12,16,9,0,臺中市,北屯區,0,0,0,7,,,30,,,,,,,,,,,,,,17,,,,,B03,,,1,,2,,,14,14,1,6,4,120.709639,24.185151,3
6964,66000,387130000C,(04)23274275,(04)23288582,2025,12,16,9,0,臺中市,沙鹿區,0,0,0,7,,,50,,,,,,,,,,,,,,,,,,,C03,,,1,,2,,,50,50,1,13,4,120.561042,24.234037,3
6965,66000,387130000C,(04)23274275,(04)23288582,2025,12,16,9,3,臺中市,北屯區,0,0,0,7,,,50,,,,,,,,,,,,,,,,,,,B03,,,1,,1,,,7,7,1,6,4,120.693068,24.165067,3
6966,66000,387130000C,(04)23274275,(04)23288582,2025,12,16,9,4,臺中市,西屯區,0,0,0,7,,3,40,,,,,,,,,,,,,,13,,,,,B03,,,1,,1,,,7,7,1,12,4,120.627412,24.160581,3
6967,66000,387130000C,(04)23274275,(04)23288582,2025,12,16,9,5,臺中市,西屯區,0,0,0,7,,,50,,,,,,,,,,,,,,11,,,,,B03,,,1,,1,,,84,84,1,13,4,120.644275,24.19471,3
6968,66000,387130000C,(04)23274275,(04)23288582,2025,12,16,9,9,臺中市,西區,0,1,0,7,2,6,50,4,2,1,5,4,6,6,1,1,10,5,5,2,13,2,9,5,4,C03,7,5,1,10,2,11,,84,84,1,13,4,120.655083,24.140025,2
6969,66000,387130000C,(04)23274275,(04)23288582,2025,12,16,9,10,臺中市,大里區,0,1,0,7,2,6,50,3,1,1,5,4,6,6,4,4,5,5,5,2,16,3,10,5,4,B03,7,6,1,8,2,8,,14,14,1,12,4,120.718534,24.09672,2
6970,66000,387130000C,(04)23274275,(04)23288582,2025,12,16,9,12,臺中市,大里區,0,0,0,7,,,50,,,,,,,,,,,,,,,,,,,B12,,,1,,2,,,7,7,1,12,4,120.695172,24.099542,3
6971,66000,387130000C,(04)23274275,(04)23288582,2025,12,16,9,14,臺中市,南區,0,1,0,7,1,6,50,3,1,1,5,4,6,6,2,1,10,5,5,2,21,2,9,5,4,C03,7,9,1,10,2,11,,84,84,1,13,4,120.675335,24.12405,2
6972,66000,387130000C,(04)23274275,(04)23288582,2025,12,16,9,16,臺中市,北區,0,0,0,7,,,40,,,,,,,,,,,,,,,,,,,C03,,,1,,1,,,7,7,1,12,4,120.694335,24.16116,3
6973,66000,387130000C,(04)23274275,(04)23288582,2025,12,16,9,19,臺中市,豐原區,0,0,0,7,,,50,,,,,,,,,,,,,,17,,,,,B02,,,1,,2,,,8,8,1,12,4,120.720778,24.267451,3
6974,66000,387130000C,(04)23274275,(04)23288582,2025,12,16,9,20,臺中市,太平區,0,0,0,7,,,50,,,,,,,,,,,,,,,,,,,B03,,,1,,1,,,76,76,1,12,4,120.733189,24.134849,3
6975,66000,387130000C,(04)23274275,(04)23288582,2025,12,16,9,23,臺中市,北區,0,0,0,7,,,50,,,,,,,,,,,,,,13,,,,,B03,,,1,,1,,,59,59,1,13,4,120.684085,24.149878,3
6976,66000,387130000C,(04)23274275,(04)23288582,2025,12,16,9,26,臺中市,大甲區,0,0,0,7,,,70,,,,,,,,,,,,,,35,,,,,B03,,,1,,2,,,51,51,1,12,4,120.63918,24.363049,3
6977,66000,387130000C,(04)23274275,(04)23288582,2025,12,16,9,32,臺中市,南屯區,0,0,0,7,,,50,,,,,,,,,,,,,,13,,,,,A12,,,1,,1,,,59,59,1,13,4,120.611478,24.150824,3
6978,66000,387130000C,(04)23274275,(04)23288582,2025,12,16,9,32,臺中市,北屯區,0,2,0,7,2,6,30,13,9,1,5,4,6,6,4,4,10,5,5,2,17,2,8,2,1,C03,7,1,1,10,1,14,,51,51,1,12,4,120.723517,24.187212,2
6979,66000,387130000C,(04)23274275,(04)23288582,2025,12,16,9,33,臺中市,東區,0,0,0,7,,,50,,,,,,,,,,,,,,,,,,,B03,,,1,,1,,,84,84,1,12,4,120.6993,24.132778,3
6980,66000,387130000C,(04)23274275,(04)23288582,2025,12,16,9,35,臺中市,梧棲區,0,0,0,7,,,50,,,,,,,,,,,,,,17,,,,,B12,,,1,,1,,,59,59,1,6,4,120.532229,24.259857,3
6981,66000,387130000C,(04)23274275,(04)23288582,2025,12,16,9,37,臺中市,西屯區,0,1,0,7,2,6,50,13,9,1,5,4,6,6,4,4,5,4,5,2,13,2,9,5,4,C03,7,8,1,10,2,11,,85,85,1,12,4,120.654297,24.156547,2
6982,66000,387130000C,(04)23274275,(04)23288582,2025,12,16,9,38,臺中市,南屯區,0,1,0,7,3,6,50,4,1,1,5,4,6,6,1,1,10,5,5,2,16,3,10,3,1,B03,7,5,1,8,2,15,,47,47,1,12,4,120.648751,24.148867,2
6983,66000,387130000C,(04)23274275,(04)23288582,2025,12,16,9,38,臺中市,石岡區,0,0,0,7,,,50,,,,,,,,,,,,,,13,,,,,C03,,,1,,1,,,84,84,1,12,4,120.802097,24.268548,3
6984,66000,387130000C,(04)23274275,(04)23288582,2025,12,16,9,43,臺中市,南屯區,0,0,0,7,,,50,,,,,,,,,,,,,,13,,,,,B03,,,1,,1,,,7,7,1,13,4,120.654267,24.139911,3
6985,66000,387130000C,(04)23274275,(04)23288582,2025,12,16,9,46,臺中市,北區,0,2,0,7,3,6,30,3,1,1,5,4,6,6,4,4,10,5,5,2,17,2,9,1,1,C03,7,6,1,10,2,13,,48,48,1,12,4,120.677767,24.157283,2
6986,66000,387130000C,(04)23274275,(04)23288582,2025,12,16,9,48,臺中市,西屯區,0,2,0,7,2,6,50,4,1,1,5,4,6,6,4,4,5,4,5,2,16,2,9,1,1,C03,7,6,1,10,2,11,,48,48,1,12,4,120.644989,24.17753,2
6987,66000,387130000C,(04)23274275,(04)23288582,2025,12,16,9,55,臺中市,西屯區,0,0,0,7,,,30,,,,,,,,,,,,,,17,,,,,C03,,,1,,1,,,84,84,1,13,4,120.641679,24.175129,3
6988,66000,387130000C,(04)23274275,(04)23288582,2025,12,16,10,0,臺中市,南屯區,0,0,0,7,,,50,,,,,,,,,,,,,,13,,,,,B03,,,1,,1,,,59,59,1,13,4,120.623573,24.148838,3
6989,66000,387130000C,(04)23274275,(04)23288582,2025,12,16,10,2,臺中市,西屯區,0,0,0,7,,,0,,,,,,,,,,,,,,17,,,,,B03,,,1,,2,,,84,84,1,12,4,120.658659,24.194962,3
6990,66000,387130000C,(04)23274275,(04)23288582,2025,12,16,10,3,臺中市,南區,0,1,0,7,2,6,30,13,9,1,5,4,6,6,4,4,10,5,5,2,17,2,8,1,1,C03,7,1,5,19,2,14,,51,51,1,6,4,120.681064,24.127343,2
6991,66000,387130000C,(04)23274275,(04)23288582,2025,12,16,10,10,臺中市,大甲區,0,1,0,7,3,6,50,5,1,1,5,4,6,6,1,1,5,4,5,1,17,3,10,3,1,B03,7,4,1,8,2,8,,39,39,1,6,4,120.622412,24.356671,2
6992,66000,387130000C,(04)23274275,(04)23288582,2025,12,16,10,12,臺中市,西屯區,0,3,0,7,1,6,30,13,9,1,5,4,6,6,4,4,10,5,5,2,13,2,8,2,1,C03,7,9,1,10,2,11,,59,59,1,13,4,120.648865,24.176573,2
6993,66000,387130000C,(04)23274275,(04)23288582,2025,12,16,10,13,臺中市,太平區,0,1,0,7,2,6,50,13,9,1,5,4,6,6,4,4,9,5,5,1,13,3,10,3,1,A12,7,9,1,7,2,1,,84,84,1,12,4,120.718625,24.122233,2
6994,66000,387130000C,(04)23274275,(04)23288582,2025,12,16,10,14,臺中市,沙鹿區,0,1,0,7,2,6,50,13,9,1,5,4,6,6,4,4,10,5,5,2,18,2,8,1,1,C03,7,9,5,19,2,12,,59,59,1,6,4,120.566386,24.22617,2
6995,66000,387130000C,(04)23274275,(04)23288582,2025,12,16,10,21,臺中市,太平區,0,1,0,7,2,6,50,4,1,1,5,4,6,6,3,1,10,5,5,2,16,3,10,2,1,C03,7,6,3,19,9,14,,14,14,2,12,4,120.723159,24.142083,2
6996,66000,387130000C,(04)23274275,(04)23288582,2025,12,16,10,25,臺中市,北區,0,0,0,7,,,50,,,,,,,,,,,,,,17,,,,,B03,,,1,,1,2,,85,85,1,12,4,120.680662,24.157379,3
6997,66000,387130000C,(04)23274275,(04)23288582,2025,12,16,10,25,臺中市,烏日區,0,0,0,7,2,6,50,13,14,1,5,4,6,6,4,4,5,4,5,1,14,3,10,3,1,B12,7,2,1,8,1,6,,49,49,2,6,4,120.64305,24.062646,3
6998,66000,387130000C,(04)23274275,(04)23288582,2025,12,16,10,30,臺中市,豐原區,0,0,0,7,3,6,50,13,8,1,5,4,6,6,4,4,8,3,4,2,12,,,,,B03,,,1,,2,,,8,8,1,12,4,120.728412,24.250354,3
6999,66000,387130000C,(04)23274275,(04)23288582,2025,12,16,10,31,臺中市,太平區,0,1,0,7,2,6,50,4,1,1,5,4,6,6,2,1,1,5,5,2,16,3,10,3,1,B03,7,5,1,8,2,2,,38,38,1,12,4,120.718218,24.159691,2
7000,66000,387130000C,(04)23274275,(04)23288582,2025,12,16,10,33,臺中市,豐原區,0,0,0,7,,,50,,,,,,,,,,,,,,13,,,,,B03,,,1,,2,,,84,84,1,12,4,120.705579,24.250291,3
7001,66000,387130000C,(04)23274275,(04)23288582,2025,12,16,10,36,臺中市,太平區,0,1,0,7,2,6,50,13,7,1,5,4,6,6,4,4,5,5,4,2,13,3,10,3,1,B03,7,9,1,8,2,1,,84,84,1,12,4,120.707948,24.159089,2
7002,66000,387130000C,(04)23274275,(04)23288582,2025,12,16,10,41,臺中市,北區,0,0,0,7,,,50,,,,,,,,,,,,,,,,,,,B03,,,1,,2,,,11,11,1,12,4,120.681308,24.152893,3
7003,66000,387130000C,(04)23274275,(04)23288582,2025,12,16,10,42,臺中市,東區,0,2,0,7,1,6,50,4,1,1,5,4,6,6,1,1,10,5,5,2,15,2,9,5,4,C03,7,9,1,10,2,12,,21,21,1,13,4,120.705976,24.14048,2
7004,66000,387130000C,(04)23274275,(04)23288582,2025,12,16,10,45,臺中市,北屯區,0,1,0,7,2,6,50,13,9,1,5,4,6,6,4,4,1,4,5,2,13,3,10,3,2,B03,7,9,1,18,1,1,,61,61,1,6,4,120.721453,24.178798,2
7005,66000,387130000C,(04)23274275,(04)23288582,2025,12,16,10,57,臺中市,北區,0,1,0,7,2,6,50,4,1,1,5,4,6,6,1,1,1,4,4,2,16,2,9,1,1,C03,7,5,1,10,2,12,,47,47,1,13,4,120.679814,24.152183,2
7006,66000,387130000C,(04)23274275,(04)23288582,2025,12,16,10,59,臺中市,龍井區,0,1,0,7,2,6,50,13,9,1,5,4,6,6,4,4,5,5,5,1,16,2,9,5,4,C03,7,9,1,10,2,11,,84,84,1,6,4,120.583062,24.179004,2
7007,66000,387130000C,(04)23274275,(04)23288582,2025,12,16,11,0,臺中市,西區,0,0,0,7,,,50,,,,,,,,,,,,,,12,,,,,B03,,,1,,1,,,84,84,1,13,4,120.657051,24.136594,3
7008,66000,387130000C,(04)23274275,(04)23288582,2025,12,16,11,2,臺中市,太平區,0,0,0,7,,,30,,,,,,,,,,,,,,14,,,,,A12,,,1,,2,,,49,49,1,12,4,120.726536,24.113473,3
7009,66000,387130000C,(04)23274275,(04)23288582,2025,12,16,11,6,臺中市,石岡區,0,1,0,7,2,6,70,3,1,1,5,4,6,6,1,1,10,5,5,2,17,3,10,3,1,B03,7,5,1,8,2,3,,85,85,1,12,4,120.808709,24.264982,2
7010,66000,387130000C,(04)23274275,(04)23288582,2025,12,16,11,10,臺中市,西區,0,2,0,7,3,6,50,13,7,1,5,4,6,6,4,4,5,5,4,2,17,2,9,2,1,C03,7,9,1,10,2,13,,84,84,1,12,4,120.655083,24.153187,2
7011,66000,387130000C,(04)23274275,(04)23288582,2025,12,16,11,10,臺中市,北屯區,0,0,0,7,,3,80,,,,,,,,,,,,,,,,,,,B11,,,1,,1,,,40,40,1,6,4,120.693882,24.201189,3
7012,66000,387130000C,(04)23274275,(04)23288582,2025,12,16,11,11,臺中市,北屯區,0,0,0,7,,,50,,,,,,,,,,,,,,,,,,,C03,,,1,,1,,,84,84,1,12,4,120.720479,24.175776,3
7013,66000,387130000C,(04)23274275,(04)23288582,2025,12,16,11,12,臺中市,北區,0,1,0,7,2,6,50,13,9,1,5,4,6,6,4,4,5,5,5,2,13,3,10,1,1,C03,7,9,1,11,2,11,,59,59,1,12,4,120.668678,24.171731,2
7014,66000,387130000C,(04)23274275,(04)23288582,2025,12,16,11,12,臺中市,沙鹿區,0,0,0,7,,,50,,,,,,,,,,,,,,,,,,,B03,,,1,,1,,,49,49,1,6,4,120.558053,24.233311,3
7015,66000,387130000C,(04)23274275,(04)23288582,2025,12,16,11,22,臺中市,大安區,0,0,0,7,,,50,,,,,,,,,,,,,,13,,,,,B03,,,1,,2,,,7,7,1,6,4,120.58628,24.372529,3
7016,66000,387130000C,(04)23274275,(04)23288582,2025,12,16,11,25,臺中市,南屯區,0,1,0,7,3,6,50,3,2,1,5,4,6,6,1,1,1,4,5,2,17,3,10,5,1,B03,7,14,1,8,2,4,,76,76,1,12,4,120.638364,24.142322,2
7017,66000,387130000C,(04)23274275,(04)23288582,2025,12,16,11,26,臺中市,南區,0,0,0,7,,,50,,,,,,,,,,,,,,,,,,,B03,,,1,,2,,,51,51,1,12,4,120.670232,24.118738,3
7018,66000,387130000C,(04)23274275,(04)23288582,2025,12,16,11,30,臺中市,烏日區,0,0,0,7,,,60,,,,,,,,,,,,,,13,,,,,B03,,,1,,1,,,84,84,1,6,4,120.648123,24.085967,3
7019,66000,387130000C,(04)23274275,(04)23288582,2025,12,16,11,32,臺中市,西區,0,2,0,7,3,6,30,4,1,1,5,4,6,6,4,4,10,5,5,2,15,2,9,1,1,C03,7,9,1,10,2,11,,15,15,1,6,4,120.658064,24.139428,2
7020,66000,387130000C,(04)23274275,(04)23288582,2025,12,16,11,32,臺中市,南屯區,0,0,0,7,,,50,,,,,,,,,,,,,,,,,,,B11,,,1,,1,,,84,84,1,13,4,120.651261,24.140364,3
7021,66000,387130000C,(04)23274275,(04)23288582,2025,12,16,11,33,臺中市,西屯區,0,0,0,7,,,60,,,,,,,,,,,,,,13,,,,,B03,,,1,,2,,,78,78,1,12,4,120.631038,24.162596,3
7022,66000,387130000C,(04)23274275,(04)23288582,2025,12,16,11,34,臺中市,東區,0,0,0,7,,,50,,,,,,,,,,,,,,,,,,,B03,,,1,,1,,,51,51,2,12,4,120.687175,24.136326,3
7023,66000,387130000C,(04)23274275,(04)23288582,2025,12,16,11,39,臺中市,西區,0,1,0,7,1,6,50,5,19,1,5,4,6,6,1,1,1,4,1,2,3,3,10,1,1,C03,7,5,1,10,2,12,,10,10,1,13,4,120.664033,24.154989,2
7024,66000,387130000C,(04)23274275,(04)23288582,2025,12,16,11,49,臺中市,西區,0,1,0,7,3,6,30,4,1,1,5,4,6,6,4,4,10,5,5,2,15,2,9,1,1,C03,7,9,1,10,2,12,,15,15,1,12,4,120.65625,24.135165,2
7025,66000,387130000C,(04)23274275,(04)23288582,2025,12,16,11,49,臺中市,東區,0,0,0,7,,,50,,,,,,,,,,,,,,16,,,,,B03,,,1,,2,,,47,47,1,6,4,120.689652,24.132664,3
7026,66000,387130000C,(04)23274275,(04)23288582,2025,12,16,11,51,臺中市,西區,0,1,0,7,3,6,50,13,9,1,5,4,6,6,4,4,5,5,5,2,11,2,8,1,1,C03,7,15,1,10,2,14,,4,4,1,6,4,120.671389,24.138052,2
7027,66000,387130000C,(04)23274275,(04)23288582,2025,12,16,11,53,臺中市,大甲區,0,2,0,7,3,6,50,13,7,1,5,4,6,6,4,4,5,4,4,2,13,2,9,1,1,C03,7,9,1,10,2,11,,59,59,1,6,4,120.627544,24.347104,2
7028,66000,387130000C,(04)23274275,(04)23288582,2025,12,16,11,54,臺中市,北屯區,0,2,0,7,2,6,40,4,1,1,5,4,6,6,2,1,10,5,5,2,17,3,10,2,1,C03,7,1,1,10,2,13,,51,51,1,12,4,120.670649,24.178693,2
7029,66000,387130000C,(04)23274275,(04)23288582,2025,12,16,11,56,臺中市,大里區,0,2,0,7,2,6,50,3,2,1,5,4,6,6,4,4,4,3,5,1,17,2,9,1,1,C03,7,6,3,19,2,11,,14,14,1,6,4,120.689287,24.107977,2
7030,66000,387130000C,(04)23274275,(04)23288582,2025,12,16,11,59,臺中市,北區,0,1,0,7,2,6,50,3,1,1,5,4,6,6,4,4,5,5,5,2,18,2,9,6,1,F01,7,1,7,21,2,12,,84,84,1,13,4,120.668249,24.169289,2
7031,66000,387130000C,(04)23274275,(04)23288582,2025,12,16,12,2,臺中市,潭子區,0,2,0,7,3,6,50,4,1,1,5,4,3,6,4,4,10,5,5,2,16,2,5,2,1,C03,7,6,3,19,2,11,,14,14,1,6,4,120.710456,24.229796,2
7032,66000,387130000C,(04)23274275,(04)23288582,2025,12,16,12,2,臺中市,東區,0,0,0,7,,,50,,,,,,,,,,,,,,,,,,,B03,,,1,,1,,,59,59,1,13,4,120.688276,24.130929,3
7033,66000,387130000C,(04)23274275,(04)23288582,2025,12,16,12,4,臺中市,北屯區,0,0,0,7,,,50,,,,,,,,,,,,,,13,,,,,C03,,,1,,1,,,7,7,1,12,4,120.685494,24.173358,3
7034,66000,387130000C,(04)23274275,(04)23288582,2025,12,16,12,5,臺中市,大里區,0,2,0,7,2,6,50,3,1,1,5,4,6,6,4,4,9,4,5,1,17,2,9,2,1,C03,7,5,1,10,2,14,,14,14,1,12,4,120.711009,24.091105,2
7035,66000,387130000C,(04)23274275,(04)23288582,2025,12,16,12,7,臺中市,潭子區,0,0,0,7,,,60,,,,,,,,,,,,,,17,,,,,C03,,,1,,2,,,51,51,1,13,4,120.70528,24.214255,3
7036,66000,387130000C,(04)23274275,(04)23288582,2025,12,16,12,8,臺中市,清水區,0,0,0,7,,,50,,,,,,,,,,,,,,,,,,,B02,,,1,,2,,,51,51,1,12,4,120.572229,24.261966,3
7037,66000,387130000C,(04)23274275,(04)23288582,2025,12,16,12,13,臺中市,東區,0,2,0,7,1,6,30,3,1,1,5,4,6,6,4,4,10,5,5,2,17,2,9,5,4,C03,7,1,1,10,2,11,,51,51,1,13,4,120.691727,24.142838,2
7038,66000,387130000C,(04)23274275,(04)23288582,2025,12,16,12,14,臺中市,豐原區,0,0,0,7,,,50,,,,,,,,,,,,,,17,,,,,C03,,,1,,2,,,78,78,1,13,4,120.718045,24.243015,3