序號,縣市別代碼,機關代碼,市話,傳真,年,月,日,時,分,縣市,區,死亡數量,受傷數量,2-30,天候,道路照明設備,道路類別,道路速限,道路型態,事故位置,路面鋪裝,路面狀態,路面缺陷,障礙物,視距,號誌種類,號誌動作,分向設施,快車道或一般車道間,快慢車道間,路面邊線,事故類型及型態,受傷程度,主要傷處,保護裝備,行動電話或功能裝置,當事者區分(類別),車輛用途,當事者行動狀態,駕照狀態,駕照種類,飲酒情形,車輛撞擊部位最初,車輛撞擊部位其他,肇事因素個別,肇事因素主要,肇事逃逸,職業,共享經濟或外送平台,GPS座標X,GPS座標Y,事故類別
7039,66000,387130000C,(04)23274275,(04)23288582,2025,12,16,12,15,臺中市,北屯區,0,0,0,7,,,50,,,,,,,,,,,,,,16,,,,,B03,,,1,,2,,,11,11,1,6,4,120.670779,24.178713,3
7040,66000,387130000C,(04)23274275,(04)23288582,2025,12,16,12,18,臺中市,太平區,0,0,0,7,,,30,,,,,,,,,,,,,,,,,,,A11,,,1,,2,,,8,8,1,12,4,120.729916,24.102637,3
7041,66000,387130000C,(04)23274275,(04)23288582,2025,12,16,12,20,臺中市,豐原區,0,0,0,7,,,30,,,,,,,,,,,,,,17,,,,,B03,,,1,,2,,,41,41,1,12,4,120.712885,24.267421,3
7042,66000,387130000C,(04)23274275,(04)23288582,2025,12,16,12,25,臺中市,西區,0,1,0,7,2,6,50,13,7,1,5,4,6,6,1,1,1,4,4,2,12,2,9,5,4,C03,7,9,1,10,9,14,,7,7,1,12,4,120.657233,24.135154,2
7043,66000,387130000C,(04)23274275,(04)23288582,2025,12,16,12,26,臺中市,大里區,0,1,0,7,3,6,30,5,1,1,5,4,6,6,1,1,10,5,5,2,15,3,10,1,1,C03,7,9,1,10,2,14,,25,25,1,13,4,120.689787,24.112724,2
7044,66000,387130000C,(04)23274275,(04)23288582,2025,12,16,12,27,臺中市,西區,0,0,0,7,,,50,,,,,,,,,,,,,,12,,,,,B03,,,1,,2,,,59,59,1,13,4,120.657792,24.14787,3
7045,66000,387130000C,(04)23274275,(04)23288582,2025,12,16,12,30,臺中市,太平區,0,1,0,7,2,6,50,3,1,1,5,4,6,6,4,4,10,5,5,2,18,2,9,1,1,C03,7,6,1,10,2,12,,84,84,1,12,4,120.714128,24.152522,2
7046,66000,387130000C,(04)23274275,(04)23288582,2025,12,16,12,33,臺中市,龍井區,0,0,0,7,,,70,,,,,,,,,,,,,,,,,,,A41,,,1,,2,,,8,8,1,12,4,120.513133,24.198843,3
7047,66000,387130000C,(04)23274275,(04)23288582,2025,12,16,12,38,臺中市,西屯區,0,0,0,7,,,40,,,,,,,,,,,,,,13,,,,,B03,,,1,,2,,,84,84,1,13,4,120.641863,24.167535,3
7048,66000,387130000C,(04)23274275,(04)23288582,2025,12,16,12,40,臺中市,北區,0,2,0,7,3,6,50,4,9,1,5,4,6,6,1,1,5,4,4,2,17,2,9,1,1,C03,7,11,1,10,2,12,,45,45,1,12,4,120.684473,24.147933,2
7049,66000,387130000C,(04)23274275,(04)23288582,2025,12,16,12,40,臺中市,沙鹿區,0,2,0,7,2,6,40,13,9,1,5,4,6,6,4,4,1,4,5,1,17,2,8,2,1,C02,7,15,1,10,2,13,,84,84,1,6,4,120.57038,24.236117,2
7050,66000,387130000C,(04)23274275,(04)23288582,2025,12,16,12,40,臺中市,大甲區,0,0,0,7,,,50,,,,,,,,,,,,,,13,,,,,A42,,,1,,2,,,59,59,1,6,4,120.614275,24.351569,3
7051,66000,387130000C,(04)23274275,(04)23288582,2025,12,16,12,50,臺中市,北屯區,0,0,0,7,,,50,,,,,,,,,,,,,,,,,,,B03,,,1,,1,,,85,85,1,12,4,120.660157,24.192714,3
7052,66000,387130000C,(04)23274275,(04)23288582,2025,12,16,12,53,臺中市,神岡區,0,1,0,7,2,6,50,13,9,1,5,4,6,6,4,4,9,5,5,1,17,3,10,5,4,B03,7,11,1,8,2,8,,45,45,1,13,4,120.706781,24.260482,2
7053,66000,387130000C,(04)23274275,(04)23288582,2025,12,16,12,58,臺中市,北屯區,0,1,0,7,2,6,30,4,1,1,5,4,6,6,4,4,10,5,5,2,15,3,10,3,1,B03,7,9,1,8,2,8,,6,6,1,6,4,120.701724,24.185839,2
7054,66000,387130000C,(04)23274275,(04)23288582,2025,12,16,13,8,臺中市,西屯區,0,0,0,7,,,30,,,,,,,,,,,,,,12,,,,,B03,,,1,,2,,,8,8,1,12,4,120.652022,24.160463,3
7055,66000,387130000C,(04)23274275,(04)23288582,2025,12,16,13,12,臺中市,南區,0,0,0,7,,,50,,,,,,,,,,,,,,,,,,,B12,,,1,,1,,,49,49,1,12,4,120.665581,24.119281,3
7056,66000,387130000C,(04)23274275,(04)23288582,2025,12,16,13,13,臺中市,大里區,0,0,0,7,,,50,,,,,,,,,,,,,,12,,,,,A04,,,1,,2,,,8,8,1,12,4,120.679325,24.095735,3
7057,66000,387130000C,(04)23274275,(04)23288582,2025,12,16,13,15,臺中市,北屯區,0,1,0,7,3,6,50,4,1,1,5,4,6,6,1,1,10,5,5,2,15,3,10,2,1,C03,7,9,1,10,1,11,,21,21,1,6,4,120.67867,24.187495,2
7058,66000,387130000C,(04)23274275,(04)23288582,2025,12,16,13,16,臺中市,北區,0,1,0,7,2,6,50,4,1,1,5,4,6,6,4,4,9,5,5,2,18,2,9,1,1,C03,7,9,1,10,2,12,,84,84,1,12,4,120.677136,24.146674,2
7059,66000,387130000C,(04)23274275,(04)23288582,2025,12,16,13,20,臺中市,西屯區,0,0,0,7,,,60,,,,,,,,,,,,,,13,,,,,B03,,,1,,1,,,84,84,1,13,4,120.615752,24.18283,3
7060,66000,387130000C,(04)23274275,(04)23288582,2025,12,16,13,20,臺中市,霧峰區,0,1,0,7,2,6,30,3,1,1,5,4,6,6,4,4,5,5,5,1,16,3,10,3,1,B03,7,6,1,8,2,7,,11,11,1,6,4,120.700569,24.06935,2
7061,66000,387130000C,(04)23274275,(04)23288582,2025,12,16,13,22,臺中市,大里區,0,1,0,7,2,6,50,13,9,1,5,4,6,6,4,4,9,4,5,2,13,2,9,2,1,C03,7,9,1,10,2,11,,83,83,1,12,4,120.676144,24.114427,2
7062,66000,387130000C,(04)23274275,(04)23288582,2025,12,16,13,25,臺中市,南屯區,0,1,0,7,2,6,50,3,1,1,5,4,6,6,4,4,3,4,5,2,23,2,9,3,1,B03,7,9,1,8,8,8,,53,53,1,12,4,120.615095,24.153568,2
7063,66000,387130000C,(04)23274275,(04)23288582,2025,12,16,13,26,臺中市,南區,0,0,0,7,,,50,,,,,,,,,,,,,,,,,,,C03,,,1,,1,,,84,84,1,12,4,120.658925,24.121026,3
7064,66000,387130000C,(04)23274275,(04)23288582,2025,12,16,13,29,臺中市,西屯區,0,0,0,7,,,50,,,,,,,,,,,,,,12,,,,,B12,,,1,,2,,,42,42,1,12,4,120.615577,24.189079,3
7065,66000,387130000C,(04)23274275,(04)23288582,2025,12,16,13,30,臺中市,太平區,0,0,0,7,2,6,50,3,1,1,5,4,6,6,2,1,10,5,5,2,11,,,,,C03,,,1,,2,,,48,48,1,12,4,120.732606,24.134803,3
7066,66000,387130000C,(04)23274275,(04)23288582,2025,12,16,13,37,臺中市,大甲區,0,2,0,7,3,6,50,4,1,1,5,4,6,6,4,4,10,5,5,2,15,3,10,1,1,C03,7,9,1,10,2,11,,13,13,1,6,4,120.619952,24.353009,2
7067,66000,387130000C,(04)23274275,(04)23288582,2025,12,16,13,39,臺中市,太平區,0,0,0,7,,,50,,,,,,,,,,,,,,,,,,,B03,,,1,,1,,,7,7,1,12,4,120.71503,24.138414,3
7068,66000,387130000C,(04)23274275,(04)23288582,2025,12,16,13,41,臺中市,豐原區,0,0,0,7,,,50,,,,,,,,,,,,,,13,,,,,B03,,,1,,2,,,8,8,1,12,4,120.719621,24.243635,3
7069,66000,387130000C,(04)23274275,(04)23288582,2025,12,16,13,45,臺中市,西屯區,0,0,0,7,,,50,,,,,,,,,,,,,,12,,,,,B03,,,1,,1,,,40,40,1,13,4,120.642433,24.176976,3
7070,66000,387130000C,(04)23274275,(04)23288582,2025,12,16,13,46,臺中市,北屯區,0,3,0,7,3,6,50,3,1,1,5,4,6,6,4,4,10,5,5,2,17,2,9,1,1,C03,7,4,1,10,2,11,,85,85,1,12,4,120.686499,24.175829,2
7071,66000,387130000C,(04)23274275,(04)23288582,2025,12,16,13,46,臺中市,太平區,0,0,0,7,,,50,,,,,,,,,,,,,,14,,,,,B12,,,1,,1,,,49,49,1,12,4,120.720028,24.148625,3
7072,66000,387130000C,(04)23274275,(04)23288582,2025,12,16,13,49,臺中市,梧棲區,0,1,0,7,2,6,50,13,9,1,5,4,6,6,4,4,9,4,4,1,18,2,9,1,1,C03,7,9,1,10,2,12,,59,59,1,12,4,120.523149,24.232702,2
7073,66000,387130000C,(04)23274275,(04)23288582,2025,12,16,13,51,臺中市,北區,0,1,0,7,2,6,50,13,9,1,5,4,6,6,2,1,5,4,5,2,17,3,10,3,1,B03,7,13,1,8,2,4,,76,76,1,13,4,120.689174,24.153797,2
7074,66000,387130000C,(04)23274275,(04)23288582,2025,12,16,13,52,臺中市,西區,0,1,0,7,2,6,50,4,1,1,5,4,6,6,2,1,3,4,5,2,12,3,10,3,1,B03,7,5,1,8,2,2,,47,47,1,13,4,120.654621,24.140222,2
7075,66000,387130000C,(04)23274275,(04)23288582,2025,12,16,13,52,臺中市,太平區,0,1,0,7,2,6,50,13,7,1,5,4,6,6,4,4,5,5,4,2,9,2,8,1,1,C03,7,9,1,10,2,14,,84,84,1,12,4,120.713379,24.125332,2
7076,66000,387130000C,(04)23274275,(04)23288582,2025,12,16,13,53,臺中市,南屯區,0,1,0,7,2,6,50,4,1,1,5,4,6,6,2,1,5,4,4,2,16,3,10,3,1,B02,7,5,1,8,2,2,,11,11,1,12,4,120.635162,24.131452,2
7077,66000,387130000C,(04)23274275,(04)23288582,2025,12,16,13,58,臺中市,北區,0,1,0,7,3,6,50,13,9,1,5,4,6,6,1,1,5,5,5,2,17,3,10,3,1,B03,7,9,1,8,2,1,,59,59,1,12,4,120.69216,24.161419,2
7078,66000,387130000C,(04)23274275,(04)23288582,2025,12,16,14,2,臺中市,北屯區,0,1,0,7,2,6,50,4,1,1,5,4,6,6,1,1,10,5,5,2,17,3,10,3,1,B03,7,5,1,8,2,2,,20,20,1,6,4,120.704783,24.16949,2
7079,66000,387130000C,(04)23274275,(04)23288582,2025,12,16,14,5,臺中市,西區,0,1,0,7,3,6,40,13,7,1,5,4,6,6,4,4,1,4,4,2,12,2,8,2,1,C03,7,9,1,10,1,14,,43,43,1,12,4,120.662919,24.161303,2
7080,66000,387130000C,(04)23274275,(04)23288582,2025,12,16,14,8,臺中市,霧峰區,0,1,0,7,2,6,40,13,8,1,5,4,6,6,4,4,10,4,4,1,17,2,9,5,4,C03,7,21,6,20,2,15,,59,59,1,12,4,120.685688,24.028249,2
7081,66000,387130000C,(04)23274275,(04)23288582,2025,12,16,14,9,臺中市,龍井區,0,0,0,7,,,30,,,,,,,,,,,,,,,,,,,B03,,,1,,1,,,20,20,1,12,4,120.546449,24.214947,3
7082,66000,387130000C,(04)23274275,(04)23288582,2025,12,16,14,20,臺中市,南屯區,0,2,0,7,2,6,50,4,1,1,5,4,6,6,2,1,5,5,5,2,16,2,9,2,1,C03,7,6,1,10,2,12,,11,11,1,6,4,120.609659,24.138519,2
7083,66000,387130000C,(04)23274275,(04)23288582,2025,12,16,14,27,臺中市,霧峰區,0,0,0,7,,,40,,,,,,,,,,,,,,,,,,,B03,,,1,,2,,,59,59,1,12,4,120.694269,24.066305,3
7084,66000,387130000C,(04)23274275,(04)23288582,2025,12,16,14,45,臺中市,北區,0,0,0,7,,,50,,,,,,,,,,,,,,13,,,,,A12,,,1,,2,,,84,84,1,13,4,120.672003,24.170309,3
7085,66000,387130000C,(04)23274275,(04)23288582,2025,12,16,14,45,臺中市,北屯區,0,0,0,7,,,50,,,,,,,,,,,,,,13,,,,,B12,,,1,,1,,,7,7,1,6,4,120.716899,24.175301,3
7086,66000,387130000C,(04)23274275,(04)23288582,2025,12,16,14,47,臺中市,北區,0,0,0,7,,,50,,,,,,,,,,,,,,17,,,,,B03,,,1,,9,,,8,8,2,13,4,120.686418,24.155158,3
7087,66000,387130000C,(04)23274275,(04)23288582,2025,12,16,14,50,臺中市,西屯區,0,1,0,7,3,6,40,13,8,1,5,4,6,6,4,4,9,4,4,2,17,2,9,5,4,C03,7,1,1,10,2,11,,51,51,1,12,4,120.648516,24.168312,2
7088,66000,387130000C,(04)23274275,(04)23288582,2025,12,16,14,50,臺中市,清水區,0,1,0,7,2,6,50,4,1,1,5,4,6,6,4,4,5,2,5,2,15,3,10,3,1,B03,7,9,1,8,2,2,,15,15,1,13,4,120.574666,24.269747,2
7089,66000,387130000C,(04)23274275,(04)23288582,2025,12,16,14,52,臺中市,南屯區,0,0,0,7,,,50,,,,,,,,,,,,,,17,,,,,B11,,,1,,1,,,76,76,1,13,4,120.648451,24.140123,3
7090,66000,387130000C,(04)23274275,(04)23288582,2025,12,16,14,59,臺中市,北屯區,0,0,0,7,,,50,,,,,,,,,,,,,,17,,,,,,,,,,,,,85,85,1,,,120.691407,24.182757,3
7091,66000,387130000C,(04)23274275,(04)23288582,2025,12,16,15,0,臺中市,南屯區,0,2,0,7,2,6,50,4,1,1,5,4,6,6,2,1,5,4,4,2,16,2,9,2,1,C03,7,6,1,10,2,12,,36,36,1,12,4,120.620849,24.140025,2
7092,66000,387130000C,(04)23274275,(04)23288582,2025,12,16,15,5,臺中市,大甲區,0,0,0,7,,,50,,,,,,,,,,,,,,,,,,,B11,,,1,,9,,,39,39,1,6,4,120.618634,24.346879,3
7093,66000,387130000C,(04)23274275,(04)23288582,2025,12,16,15,10,臺中市,大雅區,0,0,0,7,,,50,,,,,,,,,,,,,,9,,,,,B02,,,1,,9,,,87,87,1,13,4,120.654354,24.229388,3
7094,66000,387130000C,(04)23274275,(04)23288582,2025,12,16,15,10,臺中市,大雅區,0,1,0,7,1,6,60,5,2,1,5,4,6,6,1,1,1,5,4,1,17,3,10,3,1,B03,7,6,1,8,2,2,,11,11,1,13,4,120.649942,24.212872,2
7095,66000,387130000C,(04)23274275,(04)23288582,2025,12,16,15,17,臺中市,太平區,0,0,0,7,,,30,,,,,,,,,,,,,,,,,,,B13,,,1,,9,,,84,84,2,12,4,120.728343,24.128163,3
7096,66000,387130000C,(04)23274275,(04)23288582,2025,12,16,15,18,臺中市,西屯區,0,0,0,7,,3,80,,,,,,,,,,,,,,13,,,,,B03,,,1,,2,,,7,7,1,12,4,120.658872,24.200693,3
7097,66000,387130000C,(04)23274275,(04)23288582,2025,12,16,15,18,臺中市,龍井區,0,1,0,7,2,6,30,3,1,1,5,4,6,6,4,4,10,5,5,2,15,2,9,1,1,C03,7,9,1,10,1,11,,12,12,1,6,4,120.589881,24.188853,2
7098,66000,387130000C,(04)23274275,(04)23288582,2025,12,16,15,21,臺中市,南屯區,0,1,0,7,2,6,50,13,7,1,5,4,6,6,4,4,9,4,4,2,17,2,9,2,1,C03,7,1,1,10,2,14,,51,51,1,12,4,120.611612,24.147961,2
7099,66000,387130000C,(04)23274275,(04)23288582,2025,12,16,15,27,臺中市,西屯區,0,0,0,7,,,50,,,,,,,,,,,,,,13,,,,,A11,,,1,,1,,,59,59,1,12,4,120.656274,24.199033,3
7100,66000,387130000C,(04)23274275,(04)23288582,2025,12,16,15,30,臺中市,北區,0,0,0,7,,,50,,,,,,,,,,,,,,17,,,,,C03,,,1,,1,,,21,21,1,13,4,120.665714,24.16031,3
7101,66000,387130000C,(04)23274275,(04)23288582,2025,12,16,15,30,臺中市,北屯區,0,0,0,7,,,50,,,,,,,,,,,,,,17,,,,,C03,,,1,,1,,,85,85,1,6,4,120.688786,24.169322,3
7102,66000,387130000C,(04)23274275,(04)23288582,2025,12,16,15,32,臺中市,北區,0,0,0,7,,,60,,,,,,,,,,,,,,12,,,,,B03,,,1,,2,,,84,84,1,13,4,120.664478,24.154648,3
7103,66000,387130000C,(04)23274275,(04)23288582,2025,12,16,15,32,臺中市,南屯區,0,2,0,7,2,6,50,4,1,1,5,4,6,6,4,4,10,5,5,2,15,2,9,1,1,C03,7,9,1,10,2,11,,12,12,1,6,4,120.612635,24.144318,2
7104,66000,387130000C,(04)23274275,(04)23288582,2025,12,16,15,34,臺中市,西屯區,0,0,0,7,,3,80,,,,,,,,,,,,,,13,,,,,B12,,,1,,1,,,7,7,1,13,4,120.658894,24.200681,3
7105,66000,387130000C,(04)23274275,(04)23288582,2025,12,16,15,35,臺中市,南區,0,0,0,7,,,50,,,,,,,,,,,,,,12,,,,,B03,,,1,,1,,,40,40,1,12,4,120.659639,24.125666,4
7106,66000,387130000C,(04)23274275,(04)23288582,2025,12,16,15,36,臺中市,北屯區,0,1,0,7,3,6,50,4,1,1,5,4,6,6,4,4,10,5,5,2,3,3,10,1,1,C03,7,9,1,10,2,11,,10,10,1,12,4,120.696678,24.177416,2
7107,66000,387130000C,(04)23274275,(04)23288582,2025,12,16,15,42,臺中市,西區,0,0,0,7,,,40,,,,,,,,,,,,,,13,,,,,C03,,,1,,1,,,7,7,1,12,4,120.65724,24.141257,3
7108,66000,387130000C,(04)23274275,(04)23288582,2025,12,16,15,43,臺中市,北屯區,0,1,0,7,3,6,50,13,8,1,5,4,6,6,4,4,5,4,4,2,17,2,9,1,1,C03,7,9,1,10,2,11,,68,68,1,6,4,120.675683,24.177094,2
7109,66000,387130000C,(04)23274275,(04)23288582,2025,12,16,15,45,臺中市,西屯區,0,1,0,7,2,6,40,13,8,1,5,4,6,6,4,4,10,5,1,2,18,2,8,1,1,C03,7,9,1,10,2,14,,84,84,1,13,4,120.617802,24.18137,2
7110,66000,387130000C,(04)23274275,(04)23288582,2025,12,16,15,50,臺中市,潭子區,0,1,0,7,2,6,50,3,2,1,5,4,6,6,1,1,5,5,4,2,2,2,8,6,5,H04,8,16,7,21,10,17,,109,109,1,13,5,120.694241,24.221064,2
7111,66000,387130000C,(04)23274275,(04)23288582,2025,12,16,15,50,臺中市,大里區,0,0,0,7,,,40,,,,,,,,,,,,,,,,,,,C03,,,1,,2,,,84,84,1,13,4,120.679402,24.077571,3
7112,66000,387130000C,(04)23274275,(04)23288582,2025,12,16,15,51,臺中市,南屯區,0,0,0,7,,,50,,,,,,,,,,,,,,13,,,,,B03,,,1,,2,,,7,7,1,12,4,120.646376,24.135928,3
7113,66000,387130000C,(04)23274275,(04)23288582,2025,12,16,15,51,臺中市,烏日區,0,0,0,7,2,6,60,13,9,1,5,4,6,6,4,4,1,4,5,1,12,3,10,3,1,B03,7,8,1,8,1,4,,40,40,1,6,4,120.624166,24.104072,3
7114,66000,387130000C,(04)23274275,(04)23288582,2025,12,16,15,58,臺中市,沙鹿區,0,1,0,7,2,6,50,4,1,1,5,4,6,6,1,1,10,5,5,2,13,3,10,2,1,C03,7,9,1,10,2,11,,7,7,1,6,4,120.562399,24.240498,2
7115,66000,387130000C,(04)23274275,(04)23288582,2025,12,16,16,0,臺中市,北屯區,0,1,0,7,3,6,50,3,1,1,5,4,6,6,1,3,10,5,5,2,16,3,10,3,1,B03,7,6,1,8,2,5,,14,14,1,6,4,120.715584,24.174566,2
7116,66000,387130000C,(04)23274275,(04)23288582,2025,12,16,16,0,臺中市,大里區,0,0,0,7,,,30,,,,,,,,,,,,,,12,,,,,C03,,,1,,2,,,8,8,1,6,4,120.692265,24.12123,3
7117,66000,387130000C,(04)23274275,(04)23288582,2025,12,16,16,0,臺中市,烏日區,0,0,0,7,,,30,,,,,,,,,,,,,,9,,,,,B03,,,1,,2,,,50,50,1,6,4,120.640316,24.10615,4
7118,66000,387130000C,(04)23274275,(04)23288582,2025,12,16,16,2,臺中市,中區,0,0,0,7,,,50,,,,,,,,,,,,,,12,,,,,C03,,,1,,1,,,48,48,1,12,4,120.680201,24.143095,3
7119,66000,387130000C,(04)23274275,(04)23288582,2025,12,16,16,2,臺中市,西屯區,0,1,0,7,2,6,40,13,8,1,5,4,6,6,4,4,1,4,4,1,13,2,9,2,1,C03,7,9,1,10,2,11,,59,59,1,12,1,120.668634,24.178008,2
7120,66000,387130000C,(04)23274275,(04)23288582,2025,12,16,16,2,臺中市,豐原區,0,1,0,7,2,6,50,13,9,1,5,4,6,6,3,1,5,4,5,1,16,3,10,5,4,B03,7,6,1,8,2,4,,44,44,1,13,4,120.72266,24.237653,2
7121,66000,387130000C,(04)23274275,(04)23288582,2025,12,16,16,3,臺中市,太平區,0,0,0,7,,,50,,,,,,,,,,,,,,13,,,,,B03,,,1,,1,,,59,59,1,12,4,120.710185,24.154771,3
7122,66000,387130000C,(04)23274275,(04)23288582,2025,12,16,16,10,臺中市,大雅區,0,0,0,7,,,70,,,,,,,,,,,,,,,,,,,B03,,,1,,1,,,84,84,1,13,4,120.628156,24.242329,3
7123,66000,387130000C,(04)23274275,(04)23288582,2025,12,16,16,15,臺中市,太平區,0,0,0,7,,,40,,,,,,,,,,,,,,,,,,,F03,,,7,,2,,,7,7,1,4,4,120.714684,24.122649,4
7124,66000,387130000C,(04)23274275,(04)23288582,2025,12,16,16,18,臺中市,南區,0,0,0,7,,,50,,,,,,,,,,,,,,13,,,,,B01,,,1,,2,,,84,84,1,12,4,120.654343,24.12346,3
7125,66000,387130000C,(04)23274275,(04)23288582,2025,12,16,16,18,臺中市,大甲區,0,1,0,7,1,6,50,4,1,1,5,4,6,6,4,4,5,5,5,1,15,2,9,1,1,C03,7,9,3,19,2,12,,15,15,1,12,4,120.622886,24.345879,2
7126,66000,387130000C,(04)23274275,(04)23288582,2025,12,16,16,21,臺中市,梧棲區,0,1,0,7,2,6,60,4,1,1,5,4,6,6,1,1,1,4,5,1,16,3,10,3,1,B03,7,5,1,5,2,2,,47,47,1,12,4,120.524681,24.223365,2
7127,66000,387130000C,(04)23274275,(04)23288582,2025,12,16,16,22,臺中市,大里區,0,1,0,7,2,6,50,5,2,1,5,4,6,6,1,1,10,5,5,2,16,2,9,2,1,C03,7,5,1,10,2,15,,84,84,2,12,4,120.680998,24.104646,2
7128,66000,387130000C,(04)23274275,(04)23288582,2025,12,16,16,30,臺中市,南區,0,0,0,7,,,50,,,,,,,,,,,,,,,,,,,B03,,,1,,2,,,84,84,1,12,4,120.682723,24.134255,3
7129,66000,387130000C,(04)23274275,(04)23288582,2025,12,16,16,31,臺中市,西區,0,1,0,7,2,6,50,3,1,1,5,4,6,6,2,1,5,4,5,2,17,3,10,3,1,B03,7,5,1,8,2,2,,85,85,1,12,4,120.663404,24.132234,2
7130,66000,387130000C,(04)23274275,(04)23288582,2025,12,16,16,32,臺中市,沙鹿區,0,1,0,7,2,6,40,13,8,1,5,4,6,6,4,4,3,3,3,1,17,3,10,5,4,B03,7,1,1,8,2,4,,84,84,1,13,4,120.570179,24.236493,2
7131,66000,387130000C,(04)23274275,(04)23288582,2025,12,16,16,37,臺中市,南屯區,0,0,0,7,,,50,,,,,,,,,,,,,,,,,,,C03,,,1,,1,,,59,59,1,12,4,120.649721,24.142674,3
7132,66000,387130000C,(04)23274275,(04)23288582,2025,12,16,16,41,臺中市,北屯區,0,1,0,7,2,6,50,13,9,1,5,4,6,6,4,4,4,3,5,2,13,2,7,2,1,C03,7,9,1,10,2,11,12,84,84,1,13,4,120.736586,24.178306,2
7133,66000,387130000C,(04)23274275,(04)23288582,2025,12,16,16,42,臺中市,南屯區,0,0,0,7,,,50,,,,,,,,,,,,,,12,,,,,B03,,,1,,1,,,8,8,1,12,4,120.622322,24.150041,3
7134,66000,387130000C,(04)23274275,(04)23288582,2025,12,16,16,47,臺中市,中區,0,0,0,7,,,50,,,,,,,,,,,,,,12,,,,,B03,,,1,,1,,,34,34,1,13,4,120.681606,24.144752,3
7135,66000,387130000C,(04)23274275,(04)23288582,2025,12,16,16,48,臺中市,大里區,0,1,0,6,2,6,50,13,8,1,5,4,6,6,4,4,3,4,4,1,17,3,10,3,1,B03,7,13,1,8,2,4,,76,76,1,13,4,120.696081,24.087549,2
7136,66000,387130000C,(04)23274275,(04)23288582,2025,12,16,16,49,臺中市,北區,0,1,0,7,2,6,50,4,1,1,5,4,6,6,1,1,10,5,5,2,13,2,8,5,4,C03,7,9,1,10,2,11,,7,7,1,13,4,120.685088,24.14571,2
7137,66000,387130000C,(04)23274275,(04)23288582,2025,12,16,16,49,臺中市,西屯區,0,1,0,7,2,6,50,13,7,1,5,4,6,6,4,4,4,4,4,2,18,2,9,5,4,C03,7,12,1,10,2,14,,82,82,1,13,4,120.622185,24.174168,2
7138,66000,387130000C,(04)23274275,(04)23288582,2025,12,16,16,50,臺中市,梧棲區,0,1,0,7,2,6,50,13,9,1,5,4,6,6,4,4,9,4,5,1,16,3,10,3,1,B03,7,5,1,8,2,2,,47,47,1,12,4,120.539759,24.259845,2
7139,66000,387130000C,(04)23274275,(04)23288582,2025,12,16,17,0,臺中市,北屯區,0,0,0,7,,,50,,,,,,,,,,,,,,21,,,,,B03,,,1,,2,,,47,47,1,6,4,120.707898,24.181429,3
7140,66000,387130000C,(04)23274275,(04)23288582,2025,12,16,17,0,臺中市,清水區,0,0,0,7,,,30,,,,,,,,,,,,,,,,,,,B02,,,1,,1,,,84,84,1,12,4,120.546892,24.306101,3
7141,66000,387130000C,(04)23274275,(04)23288582,2025,12,16,17,0,臺中市,沙鹿區,0,0,0,7,,,60,,,,,,,,,,,,,,,,,,,B12,,,1,,2,,,82,82,1,12,4,120.597591,24.249998,3
7142,66000,387130000C,(04)23274275,(04)23288582,2025,12,16,17,4,臺中市,潭子區,0,0,0,7,,,50,,,,,,,,,,,,,,,,,,,,,,,,,,,86,86,1,,,120.705273,24.210671,3
7143,66000,387130000C,(04)23274275,(04)23288582,2025,12,16,17,5,臺中市,清水區,0,0,0,7,,,40,,,,,,,,,,,,,,14,,,,,B11,,,1,,1,,,49,49,1,6,4,120.540474,24.289249,3
7144,66000,387130000C,(04)23274275,(04)23288582,2025,12,16,17,8,臺中市,大里區,0,1,0,7,1,6,50,13,9,1,5,4,6,6,4,4,5,5,5,2,30,2,9,1,1,C03,7,9,1,10,2,14,,87,87,1,6,4,120.704057,24.106797,2
7145,66000,387130000C,(04)23274275,(04)23288582,2025,12,16,17,11,臺中市,北屯區,0,0,0,7,,,40,,,,,,,,,,,,,,17,,,,,B12,,,1,,9,,,84,84,1,12,4,120.679871,24.176672,3
7146,66000,387130000C,(04)23274275,(04)23288582,2025,12,16,17,12,臺中市,太平區,0,0,0,7,,,50,,,,,,,,,,,,,,,,,,,C03,,,1,,2,,,13,13,1,12,4,120.721442,24.116208,3
7147,66000,387130000C,(04)23274275,(04)23288582,2025,12,16,17,13,臺中市,潭子區,0,1,0,7,3,6,40,3,8,1,5,4,6,6,4,4,1,4,4,2,16,2,9,2,1,C03,7,5,1,10,2,12,,84,84,1,13,4,120.709303,24.200846,2
7148,66000,387130000C,(04)23274275,(04)23288582,2025,12,16,17,15,臺中市,西屯區,0,1,0,7,2,6,50,3,2,1,5,4,6,6,4,4,10,5,5,2,13,2,9,1,1,C03,7,9,1,10,2,11,,7,7,1,12,4,120.663133,24.16589,2
7149,66000,387130000C,(04)23274275,(04)23288582,2025,12,16,17,16,臺中市,霧峰區,0,1,0,7,2,6,40,3,1,1,5,4,6,6,1,1,5,5,5,1,16,2,9,1,1,C03,7,6,1,8,2,14,,48,48,1,5,4,120.714246,24.075681,2
7150,66000,387130000C,(04)23274275,(04)23288582,2025,12,16,17,16,臺中市,后里區,0,0,0,7,1,6,50,4,1,1,5,4,6,6,1,1,5,4,4,2,12,,,,,B03,,,1,,2,,,40,40,1,6,4,120.723319,24.32404,3