序號,縣市別代碼,機關代碼,市話,傳真,年,月,日,時,分,縣市,區,死亡數量,受傷數量,2-30,天候,道路照明設備,道路類別,道路速限,道路型態,事故位置,路面鋪裝,路面狀態,路面缺陷,障礙物,視距,號誌種類,號誌動作,分向設施,快車道或一般車道間,快慢車道間,路面邊線,事故類型及型態,受傷程度,主要傷處,保護裝備,行動電話或功能裝置,當事者區分(類別),車輛用途,當事者行動狀態,駕照狀態,駕照種類,飲酒情形,車輛撞擊部位最初,車輛撞擊部位其他,肇事因素個別,肇事因素主要,肇事逃逸,職業,共享經濟或外送平台,GPS座標X,GPS座標Y,事故類別
7151,66000,387130000C,(04)23274275,(04)23288582,2025,12,16,17,19,臺中市,北屯區,0,0,0,7,,,50,,,,,,,,,,,,,,13,,,,,B12,,,1,,1,,,23,23,1,12,4,120.719475,24.163003,3
7152,66000,387130000C,(04)23274275,(04)23288582,2025,12,16,17,19,臺中市,太平區,0,3,0,7,2,6,50,5,1,1,5,4,6,6,2,1,10,5,5,2,17,2,9,2,1,C03,7,9,1,10,2,11,,84,84,1,12,4,120.712648,24.145287,2
7153,66000,387130000C,(04)23274275,(04)23288582,2025,12,16,17,20,臺中市,大雅區,0,2,0,7,1,6,50,13,9,1,5,4,6,6,4,4,5,5,5,1,17,2,9,1,1,C03,7,6,1,10,2,12,,39,39,1,13,4,120.629285,24.240839,2
7154,66000,387130000C,(04)23274275,(04)23288582,2025,12,16,17,20,臺中市,北區,0,0,0,7,,,50,,,,,,,,,,,,,,14,,,,,B03,,,1,,9,,,49,49,1,13,4,120.670303,24.15536,3
7155,66000,387130000C,(04)23274275,(04)23288582,2025,12,16,17,23,臺中市,南區,0,0,0,7,,,50,,,,,,,,,,,,,,13,,,,,B03,,,1,,2,,,7,7,1,12,4,120.662972,24.126963,3
7156,66000,387130000C,(04)23274275,(04)23288582,2025,12,16,17,23,臺中市,北屯區,0,1,0,7,1,6,50,3,1,1,5,4,6,6,1,1,10,5,5,2,13,3,10,3,1,B03,7,5,1,8,2,5,,7,7,1,6,4,120.690055,24.201571,2
7157,66000,387130000C,(04)23274275,(04)23288582,2025,12,16,17,24,臺中市,烏日區,0,0,0,7,,,50,,,,,,,,,,,,,,,,,,,B12,,,1,,2,,,7,7,1,6,4,120.614922,24.102867,3
7158,66000,387130000C,(04)23274275,(04)23288582,2025,12,16,17,26,臺中市,東區,0,3,0,7,3,6,50,3,2,1,5,4,6,6,4,4,1,4,5,2,17,2,9,5,4,C04,7,15,1,8,2,15,,84,84,1,12,4,120.685937,24.14367,2
7159,66000,387130000C,(04)23274275,(04)23288582,2025,12,16,17,29,臺中市,潭子區,0,1,0,7,1,6,50,13,7,1,5,4,6,6,4,4,5,5,4,2,12,2,9,2,1,C03,7,1,1,10,2,13,,51,51,1,13,4,120.691887,24.218621,2
7160,66000,387130000C,(04)23274275,(04)23288582,2025,12,16,17,31,臺中市,南屯區,0,1,0,7,1,6,50,4,1,1,5,4,6,6,2,1,1,5,5,2,15,2,9,1,1,C03,7,9,1,10,2,11,,21,21,1,6,4,120.631467,24.125219,2
7161,66000,387130000C,(04)23274275,(04)23288582,2025,12,16,17,33,臺中市,南區,0,0,0,7,,,50,,,,,,,,,,,,,,12,,,,,B11,,,1,,1,,,84,84,1,13,4,120.675783,24.130622,3
7162,66000,387130000C,(04)23274275,(04)23288582,2025,12,16,17,34,臺中市,北屯區,0,0,0,7,,,50,,,,,,,,,,,,,,16,,,,,C03,,,1,,9,,,36,36,1,6,4,120.697745,24.170349,3
7163,66000,387130000C,(04)23274275,(04)23288582,2025,12,16,17,34,臺中市,清水區,0,0,0,7,,,60,,,,,,,,,,,,,,,,,,,B03,,,1,,2,,,84,84,1,12,4,120.564602,24.271256,3
7164,66000,387130000C,(04)23274275,(04)23288582,2025,12,16,17,35,臺中市,南區,0,1,0,7,3,6,50,4,1,1,5,4,6,6,2,1,10,5,5,2,9,3,10,5,4,B03,7,6,1,8,2,1,,84,84,1,12,4,120.675148,24.124109,2
7165,66000,387130000C,(04)23274275,(04)23288582,2025,12,16,17,35,臺中市,沙鹿區,0,0,0,6,,,50,,,,,,,,,,,,,,13,,,,,B03,,,1,,9,,,7,7,1,12,4,120.561442,24.235897,3
7166,66000,387130000C,(04)23274275,(04)23288582,2025,12,16,17,37,臺中市,西屯區,0,1,0,7,2,6,40,4,1,1,5,4,6,6,4,4,10,5,5,2,13,3,10,5,4,C03,7,5,1,10,2,13,,84,84,1,13,4,120.663863,24.17626,2
7167,66000,387130000C,(04)23274275,(04)23288582,2025,12,16,17,37,臺中市,豐原區,0,3,0,7,1,6,50,3,2,1,5,4,6,6,2,1,10,5,4,2,12,3,10,3,1,B03,7,1,1,8,2,8,,51,51,1,12,4,120.704637,24.239578,2
7168,66000,387130000C,(04)23274275,(04)23288582,2025,12,16,17,43,臺中市,西屯區,0,2,0,6,1,6,50,3,1,1,4,4,6,6,4,4,10,5,5,2,16,2,9,1,1,C03,7,9,1,10,2,11,,85,85,1,13,4,120.615147,24.182379,2
7169,66000,387130000C,(04)23274275,(04)23288582,2025,12,16,17,45,臺中市,南屯區,0,0,0,7,,,30,,,,,,,,,,,,,,14,,,,,B03,,,1,,1,,,49,49,1,12,4,120.612596,24.131661,3
7170,66000,387130000C,(04)23274275,(04)23288582,2025,12,16,17,45,臺中市,龍井區,0,0,0,6,,,40,,,,,,,,,,,,,,13,,,,,C03,,,1,,2,,,7,7,1,6,4,120.586124,24.186285,3
7171,66000,387130000C,(04)23274275,(04)23288582,2025,12,16,17,48,臺中市,太平區,0,1,0,7,1,6,50,13,9,1,5,4,6,6,4,4,5,4,5,1,13,2,9,1,1,C03,7,9,1,10,1,11,,84,84,1,12,4,120.730095,24.112788,2
7172,66000,387130000C,(04)23274275,(04)23288582,2025,12,16,17,50,臺中市,北屯區,0,0,0,7,,3,80,,,,,,,,,,,,,,13,,,,,B03,,,1,,1,,,7,7,1,6,4,120.715174,24.199936,3
7173,66000,387130000C,(04)23274275,(04)23288582,2025,12,16,17,50,臺中市,霧峰區,0,0,0,6,,,30,,,,,,,,,,,,,,18,,,,,B03,,,1,,11,,,8,8,2,13,4,120.658483,24.075559,3
7174,66000,387130000C,(04)23274275,(04)23288582,2025,12,16,17,50,臺中市,大里區,0,0,0,7,,,50,,,,,,,,,,,,,,,,,,,C03,,,1,,1,,,84,84,1,13,4,120.692623,24.091243,3
7175,66000,387130000C,(04)23274275,(04)23288582,2025,12,16,17,51,臺中市,龍井區,0,0,0,7,,,50,,,,,,,,,,,,,,13,,,,,C03,,,1,,1,,,7,7,1,6,4,120.584916,24.184403,3
7176,66000,387130000C,(04)23274275,(04)23288582,2025,12,16,17,58,臺中市,西屯區,0,2,0,7,1,6,50,13,9,1,5,4,6,6,4,4,1,4,5,1,18,2,9,2,1,C03,7,9,1,10,2,12,,59,59,1,12,4,120.595107,24.196819,2
7177,66000,387130000C,(04)23274275,(04)23288582,2025,12,16,18,1,臺中市,北屯區,0,1,0,7,1,6,30,4,1,1,5,4,6,6,4,4,10,5,5,2,15,3,10,2,1,C03,7,9,1,10,2,12,,15,15,1,13,4,120.690136,24.164087,2
7178,66000,387130000C,(04)23274275,(04)23288582,2025,12,16,18,1,臺中市,西屯區,0,0,0,7,,,50,,,,,,,,,,,,,,,,,,,B03,,,1,,9,,,59,59,2,12,4,120.619347,24.187462,3
7179,66000,387130000C,(04)23274275,(04)23288582,2025,12,16,18,5,臺中市,西屯區,0,0,0,7,,,30,,,,,,,,,,,,,,17,,,,,B02,,,1,,1,,,45,45,1,12,4,120.612251,24.185351,3
7180,66000,387130000C,(04)23274275,(04)23288582,2025,12,16,18,6,臺中市,北區,0,1,0,7,1,6,30,3,1,1,5,4,6,6,4,4,10,5,5,2,12,3,10,3,1,B03,7,5,1,8,2,5,,84,84,1,13,4,120.668085,24.163492,2
7181,66000,387130000C,(04)23274275,(04)23288582,2025,12,16,18,6,臺中市,南屯區,0,1,0,7,1,6,50,13,9,1,5,4,6,6,1,1,5,2,5,2,17,3,10,3,1,A12,7,9,1,3,9,15,,85,85,1,12,4,120.633982,24.146306,2
7182,66000,387130000C,(04)23274275,(04)23288582,2025,12,16,18,6,臺中市,后里區,0,0,0,7,2,6,50,4,1,1,5,4,6,6,1,1,1,4,4,1,16,3,10,3,1,B03,7,5,1,8,2,5,,11,11,1,6,4,120.718417,24.314661,3
7183,66000,387130000C,(04)23274275,(04)23288582,2025,12,16,18,6,臺中市,豐原區,0,1,0,7,2,6,60,13,7,1,5,4,6,6,4,4,1,4,4,1,13,3,10,5,4,B03,7,9,1,5,2,1,,59,59,1,13,4,120.737199,24.252565,2
7184,66000,387130000C,(04)23274275,(04)23288582,2025,12,16,18,9,臺中市,大甲區,0,1,0,7,1,6,50,3,1,1,5,4,6,6,1,1,10,5,5,2,3,3,10,3,1,B03,7,5,1,8,2,5,,10,10,1,9,4,120.639522,24.346371,2
7185,66000,387130000C,(04)23274275,(04)23288582,2025,12,16,18,10,臺中市,大雅區,0,1,0,7,3,6,30,13,9,1,5,4,6,6,4,4,10,5,5,2,19,2,9,1,1,C03,7,9,1,9,2,14,,84,84,1,12,4,120.623299,24.213908,2
7186,66000,387130000C,(04)23274275,(04)23288582,2025,12,16,18,10,臺中市,北屯區,0,1,0,7,1,6,50,13,9,1,5,4,6,6,2,1,1,2,5,2,12,2,9,1,1,C03,7,4,1,10,2,14,,85,85,1,12,4,120.698154,24.173447,2
7187,66000,387130000C,(04)23274275,(04)23288582,2025,12,16,18,10,臺中市,太平區,0,0,0,7,,,50,,,,,,,,,,,,,,,,,,,B03,,,1,,1,,,51,51,1,12,4,120.715968,24.149229,3
7188,66000,387130000C,(04)23274275,(04)23288582,2025,12,16,18,11,臺中市,北屯區,0,0,0,7,,,50,,,,,,,,,,,,,,13,,,,,B03,,,1,,1,,,7,7,1,6,4,120.685498,24.172177,3
7189,66000,387130000C,(04)23274275,(04)23288582,2025,12,16,18,11,臺中市,太平區,0,0,0,7,,,50,,,,,,,,,,,,,,13,,,,,C03,,,1,,1,,,7,7,1,12,4,120.711681,24.150038,3
7190,66000,387130000C,(04)23274275,(04)23288582,2025,12,16,18,12,臺中市,西屯區,0,0,0,7,,,60,,,,,,,,,,,,,,12,,,,,A04,,,1,,2,,,40,40,1,13,4,120.633859,24.17324,3
7191,66000,387130000C,(04)23274275,(04)23288582,2025,12,16,18,13,臺中市,神岡區,0,2,0,7,1,6,50,3,2,1,5,4,6,6,4,4,9,5,5,1,17,3,10,5,4,B03,7,11,1,8,2,8,,45,45,1,12,4,120.654391,24.258599,2
7192,66000,387130000C,(04)23274275,(04)23288582,2025,12,16,18,14,臺中市,北屯區,0,0,0,7,,,50,,,,,,,,,,,,,,13,,,,,B03,,,1,,2,,,59,59,1,6,4,120.727523,24.160937,3
7193,66000,387130000C,(04)23274275,(04)23288582,2025,12,16,18,14,臺中市,豐原區,0,0,0,7,,,30,,,,,,,,,,,,,,11,,,,,B03,,,1,,2,,,8,8,1,12,4,120.701243,24.224905,3
7194,66000,387130000C,(04)23274275,(04)23288582,2025,12,16,18,16,臺中市,龍井區,0,1,0,7,1,6,30,3,1,1,5,4,6,6,4,4,10,5,5,2,12,3,10,3,1,B03,7,5,1,8,2,5,,8,8,1,6,4,120.590113,24.179154,2
7195,66000,387130000C,(04)23274275,(04)23288582,2025,12,16,18,18,臺中市,南屯區,0,0,0,7,,,50,,,,,,,,,,,,,,,,,,,B03,,,1,,1,,,51,51,1,12,4,120.644545,24.14138,3
7196,66000,387130000C,(04)23274275,(04)23288582,2025,12,16,18,20,臺中市,北屯區,0,0,0,7,,,50,,,,,,,,,,,,,,14,,,,,B03,,,1,,1,,,51,51,1,6,4,120.715533,24.163955,3
7197,66000,387130000C,(04)23274275,(04)23288582,2025,12,16,18,25,臺中市,北區,0,1,0,7,1,6,50,4,1,1,5,4,6,6,4,4,10,5,5,2,15,3,10,3,1,B03,7,9,1,8,1,4,,12,12,1,13,4,120.676708,24.146161,2
7198,66000,387130000C,(04)23274275,(04)23288582,2025,12,16,18,25,臺中市,西屯區,0,0,0,7,,,50,,,,,,,,,,,,,,16,,,,,C03,,,1,,2,,,21,21,1,13,4,120.645008,24.172245,3
7199,66000,387130000C,(04)23274275,(04)23288582,2025,12,16,18,28,臺中市,太平區,0,0,0,7,,,50,,,,,,,,,,,,,,,,,,,C03,,,1,,1,,,7,7,1,10,4,120.735865,24.13335,3
7200,66000,387130000C,(04)23274275,(04)23288582,2025,12,16,18,30,臺中市,南區,0,0,0,7,,,30,,,,,,,,,,,,,,17,,,,,,,,,,,,,119,119,1,,,120.669208,24.123567,3
7201,66000,387130000C,(04)23274275,(04)23288582,2025,12,16,18,30,臺中市,清水區,0,0,0,7,,,70,,,,,,,,,,,,,,28,,,,,B03,,,1,,2,,,59,59,1,13,4,120.564398,24.265381,3
7202,66000,387130000C,(04)23274275,(04)23288582,2025,12,16,18,34,臺中市,太平區,0,0,0,7,,,30,,,,,,,,,,,,,,,,,,,B03,,,1,,1,,,76,76,1,12,4,120.742381,24.157919,3
7203,66000,387130000C,(04)23274275,(04)23288582,2025,12,16,18,35,臺中市,北屯區,0,2,0,7,1,6,50,4,7,1,5,4,6,6,4,4,5,3,4,2,13,2,9,2,1,C03,7,9,1,10,2,11,13,7,7,1,13,4,120.690371,24.174981,2
7204,66000,387130000C,(04)23274275,(04)23288582,2025,12,16,18,36,臺中市,南屯區,0,1,0,7,1,6,50,4,1,1,5,4,6,6,2,1,1,4,5,2,18,2,8,2,1,C03,7,9,1,10,2,12,,84,84,1,12,4,120.646606,24.150922,2
7205,66000,387130000C,(04)23274275,(04)23288582,2025,12,16,18,36,臺中市,北屯區,0,0,0,7,,,50,,,,,,,,,,,,,,13,,,,,C03,,,6,,11,,,7,7,1,12,4,120.693791,24.163847,3
7206,66000,387130000C,(04)23274275,(04)23288582,2025,12,16,18,38,臺中市,太平區,0,0,0,7,,,40,,,,,,,,,,,,,,13,,,,,C03,,,1,,2,,,7,7,1,12,4,120.725468,24.141808,3
7207,66000,387130000C,(04)23274275,(04)23288582,2025,12,16,18,41,臺中市,南屯區,0,0,0,6,1,6,50,4,2,1,5,4,6,6,1,1,5,4,5,2,14,,,,,B03,,,1,,2,,,49,49,1,6,4,120.650525,24.147916,3
7208,66000,387130000C,(04)23274275,(04)23288582,2025,12,16,18,43,臺中市,西屯區,0,1,0,6,1,6,50,3,2,1,5,4,6,6,4,4,10,5,5,2,13,2,9,1,1,C03,7,9,1,10,2,11,,7,7,1,13,4,120.64493,24.177933,2
7209,66000,387130000C,(04)23274275,(04)23288582,2025,12,16,18,45,臺中市,南屯區,0,1,0,7,2,6,50,4,1,1,5,4,6,6,1,1,9,4,5,2,12,3,10,3,1,B03,7,5,1,8,2,2,,11,11,1,12,4,120.650104,24.129556,2
7210,66000,387130000C,(04)23274275,(04)23288582,2025,12,16,18,45,臺中市,西屯區,0,2,0,7,1,6,50,13,9,1,5,4,6,6,4,4,3,4,5,2,13,2,9,5,4,C03,7,9,1,10,2,11,,7,7,1,13,4,120.649155,24.167641,2
7211,66000,387130000C,(04)23274275,(04)23288582,2025,12,16,18,46,臺中市,豐原區,0,2,0,7,1,6,50,3,9,1,5,4,6,6,2,1,5,2,5,1,16,2,9,1,1,C03,7,5,1,10,2,12,,11,11,1,12,4,120.72058,24.266961,2
7212,66000,387130000C,(04)23274275,(04)23288582,2025,12,16,18,47,臺中市,大里區,0,1,0,6,1,6,50,13,9,1,5,4,6,6,1,1,5,4,5,1,13,3,10,3,1,B03,7,9,1,8,2,1,,59,59,1,12,4,120.689865,24.112469,2
7213,66000,387130000C,(04)23274275,(04)23288582,2025,12,16,18,49,臺中市,北屯區,0,0,0,7,,,50,,,,,,,,,,,,,,15,,,,,B03,,,1,,1,,,15,15,1,12,4,120.724862,24.159642,3
7214,66000,387130000C,(04)23274275,(04)23288582,2025,12,16,18,49,臺中市,北屯區,0,1,0,7,3,6,50,4,1,1,5,4,6,6,4,4,10,5,5,2,16,3,10,3,1,B03,7,6,5,8,2,8,,84,84,1,6,4,120.695604,24.17623,2
7215,66000,387130000C,(04)23274275,(04)23288582,2025,12,16,18,50,臺中市,大雅區,0,0,0,7,,,0,,,,,,,,,,,,,,,,,,,C03,,,1,,1,,,7,7,1,13,4,120.653666,24.223348,4
7216,66000,387130000C,(04)23274275,(04)23288582,2025,12,16,18,50,臺中市,東區,0,0,0,7,,,50,,,,,,,,,,,,,,13,,,,,B03,,,1,,2,,,84,84,1,13,4,120.696202,24.140553,3
7217,66000,387130000C,(04)23274275,(04)23288582,2025,12,16,18,50,臺中市,沙鹿區,0,0,0,7,,,50,,,,,,,,,,,,,,17,,,,,B03,,,1,,2,,,49,49,1,6,4,120.563843,24.257758,3
7218,66000,387130000C,(04)23274275,(04)23288582,2025,12,16,18,54,臺中市,東區,0,1,0,7,1,6,50,13,9,1,5,4,6,6,4,4,9,5,5,2,17,3,10,1,1,C03,7,9,3,19,2,15,,84,84,1,12,4,120.698823,24.140196,2
7219,66000,387130000C,(04)23274275,(04)23288582,2025,12,16,18,54,臺中市,梧棲區,0,0,0,7,,,40,,,,,,,,,,,,,,14,,,,,B03,,,1,,2,,,49,49,1,12,4,120.531249,24.256706,3
7220,66000,387130000C,(04)23274275,(04)23288582,2025,12,16,18,57,臺中市,北區,0,2,0,7,1,6,50,4,2,1,5,4,6,6,2,1,10,5,5,2,11,2,9,2,1,C04,7,6,1,10,2,11,,11,11,1,13,4,120.686562,24.163793,2
7221,66000,387130000C,(04)23274275,(04)23288582,2025,12,16,18,58,臺中市,南區,0,2,0,7,1,6,50,13,9,1,5,4,6,6,4,4,3,4,5,2,17,3,10,5,4,C03,7,9,1,10,2,12,,87,87,1,12,4,120.650006,24.12058,2
7222,66000,387130000C,(04)23274275,(04)23288582,2025,12,16,19,1,臺中市,南屯區,0,0,0,7,1,6,50,13,9,1,5,4,6,6,1,1,5,5,5,2,14,,,,,B03,,,1,,9,,,49,49,2,12,4,120.642348,24.142038,3
7223,66000,387130000C,(04)23274275,(04)23288582,2025,12,16,19,1,臺中市,西屯區,0,0,0,7,,,50,,,,,,,,,,,,,,12,,,,,B03,,,1,,1,,,40,40,1,12,4,120.643141,24.159569,3
7224,66000,387130000C,(04)23274275,(04)23288582,2025,12,16,19,3,臺中市,大雅區,0,2,0,7,3,6,60,13,7,1,5,4,6,6,4,4,5,2,4,1,17,3,10,3,1,B03,7,9,1,8,2,1,,84,84,1,12,4,120.64953,24.215088,2
7225,66000,387130000C,(04)23274275,(04)23288582,2025,12,16,19,5,臺中市,北區,0,0,0,7,,,50,,,,,,,,,,,,,,17,,,,,F01,,,7,,2,,,84,84,1,13,4,120.684885,24.158289,3
7226,66000,387130000C,(04)23274275,(04)23288582,2025,12,16,19,5,臺中市,北屯區,0,1,0,7,1,6,50,4,1,1,5,4,6,6,2,1,10,5,5,2,17,3,10,3,1,B02,7,5,1,8,2,2,,47,47,1,6,4,120.67707,24.186046,2
7227,66000,387130000C,(04)23274275,(04)23288582,2025,12,16,19,7,臺中市,西屯區,0,0,0,7,,,30,,,,,,,,,,,,,,17,,,,,B03,,,1,,2,,,84,84,1,12,4,120.593608,24.186213,3
7228,66000,387130000C,(04)23274275,(04)23288582,2025,12,16,19,7,臺中市,龍井區,0,1,0,7,1,6,50,13,9,1,5,4,6,6,4,4,5,5,5,2,13,2,8,1,1,C03,7,9,1,10,2,15,,7,7,1,6,4,120.592576,24.181862,2
7229,66000,387130000C,(04)23274275,(04)23288582,2025,12,16,19,8,臺中市,南屯區,0,0,0,7,,,50,,,,,,,,,,,,,,,,,,,C03,,,1,,1,,,59,59,1,12,4,120.635457,24.150022,3
7230,66000,387130000C,(04)23274275,(04)23288582,2025,12,16,19,8,臺中市,西屯區,0,0,0,7,,,50,,,,,,,,,,,,,,13,,,,,A04,,,1,,2,,,59,59,1,13,4,120.657637,24.170073,3
7231,66000,387130000C,(04)23274275,(04)23288582,2025,12,16,19,11,臺中市,北區,0,0,0,7,,,50,,,,,,,,,,,,,,17,,,,,B03,,,1,,1,,,34,34,1,13,4,120.685264,24.147903,3
7232,66000,387130000C,(04)23274275,(04)23288582,2025,12,16,19,16,臺中市,南屯區,0,1,0,7,1,6,60,4,1,1,5,4,6,6,2,1,1,4,1,2,15,3,10,3,1,B02,7,9,1,8,2,1,,21,21,1,12,4,120.63326,24.123757,2
7233,66000,387130000C,(04)23274275,(04)23288582,2025,12,16,19,16,臺中市,西屯區,0,0,0,7,,,50,,,,,,,,,,,,,,16,,,,,B03,,,1,,1,,,11,11,1,13,4,120.645195,24.180566,4
7234,66000,387130000C,(04)23274275,(04)23288582,2025,12,16,19,16,臺中市,東勢區,0,0,0,7,,,50,,,,,,,,,,,,,,12,,,,,B03,,,1,,1,,,51,51,1,13,4,120.831025,24.256119,3
7235,66000,387130000C,(04)23274275,(04)23288582,2025,12,16,19,17,臺中市,烏日區,0,1,0,7,1,6,50,13,9,1,5,4,6,6,4,4,9,5,5,2,12,3,10,5,1,B03,7,13,1,8,2,4,,76,76,1,6,4,120.600683,24.108567,2
7236,66000,387130000C,(04)23274275,(04)23288582,2025,12,16,19,22,臺中市,東區,0,0,0,7,,,50,,,,,,,,,,,,,,17,,,,,B03,,,1,,2,,,11,11,1,12,4,120.694463,24.142755,3
7237,66000,387130000C,(04)23274275,(04)23288582,2025,12,16,19,22,臺中市,北屯區,0,2,0,7,1,6,50,4,1,1,5,4,6,6,1,1,10,5,5,2,16,2,8,1,1,C03,7,6,1,10,2,12,,11,11,1,12,4,120.691312,24.170515,2
7238,66000,387130000C,(04)23274275,(04)23288582,2025,12,16,19,30,臺中市,大雅區,0,0,0,7,1,6,30,3,1,1,5,4,6,6,4,4,10,5,5,1,17,3,10,1,1,C02,7,6,1,9,7,14,12,48,48,1,13,4,120.67231,24.23116,3
7239,66000,387130000C,(04)23274275,(04)23288582,2025,12,16,19,30,臺中市,北屯區,0,2,0,7,1,6,50,4,1,1,5,4,6,6,1,1,10,5,5,2,17,3,10,1,1,C03,7,4,1,10,2,13,,40,40,1,6,4,120.720859,24.172641,2
7240,66000,387130000C,(04)23274275,(04)23288582,2025,12,16,19,36,臺中市,南屯區,0,1,0,6,1,6,50,13,9,1,5,4,6,6,4,4,1,4,5,2,18,2,9,1,1,C03,7,9,1,10,2,16,,59,59,1,6,4,120.646309,24.135341,2
7241,66000,387130000C,(04)23274275,(04)23288582,2025,12,16,19,37,臺中市,南屯區,0,0,0,7,,,30,,,,,,,,,,,,,,,,,,,B03,,,1,,9,,,84,84,1,12,4,120.611254,24.144637,3
7242,66000,387130000C,(04)23274275,(04)23288582,2025,12,16,19,42,臺中市,南屯區,0,0,0,7,1,6,50,13,7,1,5,4,6,6,1,1,5,5,4,2,13,,,,,B03,,,1,,1,,,59,59,1,12,4,120.640983,24.148827,3
7243,66000,387130000C,(04)23274275,(04)23288582,2025,12,16,19,48,臺中市,南屯區,0,0,0,7,,,30,,,,,,,,,,,,,,14,,,,,B12,,,1,,1,,,49,49,1,12,4,120.635636,24.147603,3
7244,66000,387130000C,(04)23274275,(04)23288582,2025,12,16,19,49,臺中市,太平區,0,0,0,7,,,30,,,,,,,,,,,,,,11,,,,,B03,,,1,,2,,,41,41,1,12,4,120.725191,24.155404,3
7245,66000,387130000C,(04)23274275,(04)23288582,2025,12,16,19,55,臺中市,西區,0,1,0,7,2,6,50,13,9,1,5,4,6,6,4,4,5,4,5,2,13,2,9,2,1,C03,7,9,1,10,2,11,,7,7,1,12,4,120.678576,24.136657,2
7246,66000,387130000C,(04)23274275,(04)23288582,2025,12,16,19,55,臺中市,南區,0,0,0,7,,,50,,,,,,,,,,,,,,13,,,,,C03,,,1,,1,,,84,84,1,13,4,120.666646,24.116487,3
7247,66000,387130000C,(04)23274275,(04)23288582,2025,12,16,19,55,臺中市,大肚區,0,0,0,7,,,50,,,,,,,,,,,,,,,,,,,A12,,,1,,2,,,11,11,1,6,4,120.56698,24.122427,3
7248,66000,387130000C,(04)23274275,(04)23288582,2025,12,16,19,56,臺中市,南屯區,0,1,0,7,2,6,50,5,1,1,5,4,6,6,1,1,9,4,4,2,12,3,10,3,1,B03,7,9,1,8,2,2,,8,8,1,12,4,120.635994,24.147466,2
7249,66000,387130000C,(04)23274275,(04)23288582,2025,12,16,20,0,臺中市,烏日區,0,0,0,7,1,6,50,13,9,1,5,4,6,6,4,4,5,5,5,2,14,3,10,3,1,B03,7,2,1,8,1,3,,49,49,1,6,4,120.598917,24.108077,3
7250,66000,387130000C,(04)23274275,(04)23288582,2025,12,16,20,0,臺中市,豐原區,0,1,0,7,2,6,50,3,1,1,5,4,6,6,4,4,5,5,5,2,16,3,10,5,4,B03,7,5,1,8,2,5,,14,14,1,13,4,120.714407,24.249388,2
7251,66000,387130000C,(04)23274275,(04)23288582,2025,12,16,20,2,臺中市,北區,0,1,0,7,2,6,30,4,1,1,5,4,6,6,4,4,10,5,5,2,15,2,9,5,4,C03,7,9,1,10,2,11,,20,20,1,13,4,120.678362,24.162684,2
7252,66000,387130000C,(04)23274275,(04)23288582,2025,12,16,20,6,臺中市,太平區,0,2,0,7,2,6,40,13,9,1,5,4,6,6,2,2,9,5,4,1,16,2,9,2,1,C03,7,11,1,9,2,14,,46,46,1,12,4,120.734913,24.126007,2
7253,66000,387130000C,(04)23274275,(04)23288582,2025,12,16,20,11,臺中市,南屯區,0,0,0,7,,,50,,,,,,,,,,,,,,13,,,,,C03,,,1,,1,,,7,7,1,12,4,120.646594,24.137072,3
7254,66000,387130000C,(04)23274275,(04)23288582,2025,12,16,20,11,臺中市,西屯區,0,1,0,6,1,6,50,3,9,1,5,4,6,6,4,4,10,5,5,2,16,2,8,1,1,C03,7,1,1,10,2,14,,51,51,1,13,4,120.645002,24.176854,2
7255,66000,387130000C,(04)23274275,(04)23288582,2025,12,16,20,14,臺中市,西屯區,0,0,0,7,,,30,,,,,,,,,,,,,,,,,,,B03,,,1,,1,,,14,14,1,12,4,120.648256,24.155614,3
7256,66000,387130000C,(04)23274275,(04)23288582,2025,12,16,20,16,臺中市,南屯區,0,0,0,7,,,50,,,,,,,,,,,,,,,,,,,B12,,,1,,2,,,49,49,1,6,4,120.652392,24.153477,3
7257,66000,387130000C,(04)23274275,(04)23288582,2025,12,16,20,23,臺中市,梧棲區,0,0,0,7,,,70,,,,,,,,,,,,,,23,,,,,B03,,,1,,2,,,59,59,1,12,4,120.514737,24.23073,3
7258,66000,387130000C,(04)23274275,(04)23288582,2025,12,16,20,31,臺中市,龍井區,0,1,0,7,1,6,50,13,9,1,5,4,6,6,4,4,9,5,5,1,16,3,10,3,1,B03,7,6,1,8,2,5,,20,20,1,6,4,120.582361,24.17807,2
7259,66000,387130000C,(04)23274275,(04)23288582,2025,12,16,20,38,臺中市,豐原區,0,3,0,7,1,6,50,4,1,1,5,4,6,6,1,1,10,5,5,2,16,2,9,6,1,F01,7,6,7,21,2,11,,48,48,1,12,4,120.718872,24.249641,2
7260,66000,387130000C,(04)23274275,(04)23288582,2025,12,16,20,39,臺中市,霧峰區,0,2,0,7,3,6,40,13,9,1,5,4,6,6,4,4,9,5,5,2,12,2,9,1,1,C03,7,9,1,10,2,11,,84,84,1,13,4,120.700657,24.068459,2
7261,66000,387130000C,(04)23274275,(04)23288582,2025,12,16,20,43,臺中市,南屯區,0,1,0,7,2,6,30,13,9,1,5,4,6,6,4,4,9,5,5,2,13,3,10,1,1,C03,7,9,1,10,2,11,,7,7,1,12,4,120.652319,24.152879,2