序號,縣市別代碼,機關代碼,市話,傳真,年,月,日,時,分,縣市,區,死亡數量,受傷數量,2-30,天候,道路照明設備,道路類別,道路速限,道路型態,事故位置,路面鋪裝,路面狀態,路面缺陷,障礙物,視距,號誌種類,號誌動作,分向設施,快車道或一般車道間,快慢車道間,路面邊線,事故類型及型態,受傷程度,主要傷處,保護裝備,行動電話或功能裝置,當事者區分(類別),車輛用途,當事者行動狀態,駕照狀態,駕照種類,飲酒情形,車輛撞擊部位最初,車輛撞擊部位其他,肇事因素個別,肇事因素主要,肇事逃逸,職業,共享經濟或外送平台,GPS座標X,GPS座標Y,事故類別
7262,66000,387130000C,(04)23274275,(04)23288582,2025,12,16,20,53,臺中市,西屯區,0,1,0,7,1,6,50,4,1,1,5,4,6,6,2,1,10,5,5,2,16,3,10,3,1,B03,7,6,1,8,2,2,,48,48,1,12,4,120.630654,24.162458,2
7263,66000,387130000C,(04)23274275,(04)23288582,2025,12,16,20,54,臺中市,霧峰區,0,1,0,6,1,6,40,13,9,1,5,4,6,6,4,4,5,4,5,1,18,2,9,1,1,C03,7,9,1,10,2,12,,84,84,1,13,4,120.71517,24.073875,2
7264,66000,387130000C,(04)23274275,(04)23288582,2025,12,16,20,58,臺中市,南屯區,0,1,0,7,1,6,50,4,1,1,5,4,6,6,2,1,10,5,5,1,16,3,10,3,1,B03,7,6,1,8,2,8,,11,11,1,6,4,120.653004,24.143832,2
7265,66000,387130000C,(04)23274275,(04)23288582,2025,12,16,21,1,臺中市,西屯區,0,1,0,7,1,6,50,4,19,1,5,4,6,6,2,1,10,5,5,2,3,3,10,3,1,B03,7,6,1,8,2,1,,10,10,1,12,4,120.639016,24.165059,2
7266,66000,387130000C,(04)23274275,(04)23288582,2025,12,16,21,7,臺中市,南屯區,0,0,0,7,,,50,,,,,,,,,,,,,,,,,,,B03,,,1,,2,,,49,49,1,13,4,120.643349,24.143342,3
7267,66000,387130000C,(04)23274275,(04)23288582,2025,12,16,21,10,臺中市,西屯區,0,2,0,7,1,6,40,4,1,1,5,4,6,6,1,1,10,5,5,1,11,2,9,3,1,B03,7,6,1,8,2,5,,84,84,1,12,4,120.634781,24.179515,2
7268,66000,387130000C,(04)23274275,(04)23288582,2025,12,16,21,24,臺中市,北區,0,0,0,7,,,50,,,,,,,,,,,,,,13,,,,,B03,,,1,,1,,,7,7,1,13,4,120.676475,24.156542,3
7269,66000,387130000C,(04)23274275,(04)23288582,2025,12,16,21,25,臺中市,東區,0,0,0,7,,,50,,,,,,,,,,,,,,13,,,,,B03,,,5,,1,,,84,84,1,12,4,120.700907,24.132328,3
7270,66000,387130000C,(04)23274275,(04)23288582,2025,12,16,21,30,臺中市,西屯區,0,1,0,6,1,6,50,3,1,1,5,4,6,6,4,4,10,5,5,2,16,3,10,3,1,B03,7,6,1,8,2,2,,14,14,1,13,4,120.653806,24.180289,2
7271,66000,387130000C,(04)23274275,(04)23288582,2025,12,16,21,47,臺中市,西區,0,1,0,6,1,6,50,13,7,1,5,4,6,6,4,4,5,4,4,2,17,3,10,3,1,B03,7,9,1,8,1,1,,84,84,1,12,4,120.671911,24.144732,2
7272,66000,387130000C,(04)23274275,(04)23288582,2025,12,16,21,58,臺中市,沙鹿區,0,1,0,7,1,6,40,4,8,1,5,4,6,6,2,1,10,5,5,2,17,2,8,2,1,C03,7,6,2,19,1,11,,82,82,2,4,4,120.567827,24.238664,2
7273,66000,387130000C,(04)23274275,(04)23288582,2025,12,16,22,2,臺中市,烏日區,0,1,0,7,1,6,50,13,9,1,5,4,6,6,4,4,5,4,5,1,18,2,9,2,1,C03,7,9,1,10,2,11,,59,59,1,6,4,120.642237,24.06407,2
7274,66000,387130000C,(04)23274275,(04)23288582,2025,12,16,22,6,臺中市,太平區,0,0,0,7,,,50,,,,,,,,,,,,,,17,,,,,C03,,,1,,9,,,7,7,1,12,4,120.718518,24.154077,3
7275,66000,387130000C,(04)23274275,(04)23288582,2025,12,16,22,12,臺中市,西區,0,1,0,6,1,6,50,4,1,1,5,4,6,6,4,4,10,5,5,2,18,2,9,4,1,F01,7,9,7,21,9,15,,6,6,1,12,4,120.662369,24.157003,2
7276,66000,387130000C,(04)23274275,(04)23288582,2025,12,16,22,21,臺中市,北區,0,1,0,7,2,6,50,4,1,1,5,4,6,6,1,1,5,5,5,2,17,2,9,5,1,C03,7,6,2,19,2,11,,11,11,1,13,4,120.692848,24.159776,2
7277,66000,387130000C,(04)23274275,(04)23288582,2025,12,16,22,53,臺中市,豐原區,0,1,0,7,1,6,50,13,9,1,5,4,6,6,1,1,5,5,5,2,13,2,8,1,1,C03,7,9,1,10,2,11,,59,59,1,12,4,120.733526,24.251481,2
7278,66000,387130000C,(04)23274275,(04)23288582,2025,12,16,22,59,臺中市,西屯區,0,0,0,7,,,50,,,,,,,,,,,,,,17,,,,,B03,,,1,,2,,,51,51,1,12,4,120.664744,24.173761,3
7279,66000,387130000C,(04)23274275,(04)23288582,2025,12,16,23,38,臺中市,太平區,0,0,0,7,1,6,50,,,,,,,,,,,,,,,,,,,B03,,,1,,2,2,,50,50,1,12,4,120.711001,24.149621,3
7280,66000,387130000C,(04)23274275,(04)23288582,2025,12,16,23,53,臺中市,西屯區,0,1,0,7,1,6,40,5,1,1,5,4,6,6,2,1,10,5,5,2,16,3,10,5,4,B03,7,5,1,8,2,5,,11,11,1,13,4,120.643455,24.165781,2
7281,66000,387130000C,(04)23274275,(04)23288582,2025,12,16,23,53,臺中市,清水區,0,0,0,7,,,70,,,,,,,,,,,,,,,,,,,B02,,,1,,2,,,58,58,1,12,4,120.583597,24.284651,3
7282,66000,387130000C,(04)23274275,(04)23288582,2025,12,17,0,5,臺中市,西屯區,0,4,0,7,1,6,50,3,1,1,5,4,6,6,1,1,3,4,5,2,17,3,10,3,1,B03,7,11,1,8,2,2,,25,25,1,12,4,120.647847,24.196114,2
7283,66000,387130000C,(04)23274275,(04)23288582,2025,12,17,0,51,臺中市,北區,0,2,0,7,1,6,50,4,1,1,5,4,6,6,3,1,1,4,4,2,15,2,9,1,1,C03,7,9,3,19,2,12,,24,24,1,12,4,120.676654,24.161693,2
7284,66000,387130000C,(04)23274275,(04)23288582,2025,12,17,0,56,臺中市,神岡區,0,1,0,6,1,6,50,13,14,1,5,4,6,6,4,4,5,5,4,2,22,2,9,5,4,B03,7,9,3,19,5,8,,59,59,1,12,4,120.69411,24.265379,2
7285,66000,387130000C,(04)23274275,(04)23288582,2025,12,17,4,40,臺中市,沙鹿區,0,1,0,6,1,6,40,13,8,1,5,4,6,6,4,4,1,5,5,2,19,2,9,3,1,B03,7,9,1,8,2,1,,59,59,1,12,4,120.551195,24.2164,2
7286,66000,387130000C,(04)23274275,(04)23288582,2025,12,17,5,19,臺中市,東區,0,0,0,7,,,30,,,,,,,,,,,,,,,,,,,B03,,,1,,9,,,84,84,1,12,4,120.689128,24.136217,3
7287,66000,387130000C,(04)23274275,(04)23288582,2025,12,17,5,24,臺中市,北區,0,0,0,7,,,30,,,,,,,,,,,,,,,,,,,C03,,,1,,11,,,49,49,2,13,4,120.683255,24.157317,3
7288,66000,387130000C,(04)23274275,(04)23288582,2025,12,17,5,59,臺中市,西屯區,0,0,0,7,,,50,,,,,,,,,,,,,,13,,,,,B01,,,1,,1,,,82,82,1,13,4,120.641768,24.178433,3
7289,66000,387130000C,(04)23274275,(04)23288582,2025,12,17,6,0,臺中市,南區,0,0,0,7,,,30,,,,,,,,,,,,,,17,,,,,,,,,,,,,86,86,1,,,120.650851,24.11439,3
7290,66000,387130000C,(04)23274275,(04)23288582,2025,12,17,6,33,臺中市,南區,0,1,0,7,2,6,50,13,7,1,5,4,6,6,4,4,5,5,4,2,18,2,9,1,1,C03,7,9,1,10,2,14,,84,84,1,12,4,120.682082,24.126411,2
7291,66000,387130000C,(04)23274275,(04)23288582,2025,12,17,6,46,臺中市,東勢區,0,1,0,7,2,6,50,11,9,1,5,4,6,6,4,4,5,5,5,1,12,2,9,5,4,C03,7,8,1,10,2,11,,40,40,1,13,4,120.829046,24.249083,2
7292,66000,387130000C,(04)23274275,(04)23288582,2025,12,17,7,1,臺中市,南屯區,0,1,0,7,2,6,50,3,1,1,5,4,6,6,4,4,10,5,5,2,17,3,10,3,1,B03,7,8,1,8,2,4,,85,85,1,12,4,120.585897,24.166801,2
7293,66000,387130000C,(04)23274275,(04)23288582,2025,12,17,7,4,臺中市,大雅區,0,2,0,7,2,6,50,3,1,1,5,4,6,6,1,1,3,4,5,1,17,2,9,2,1,C03,7,9,1,10,2,11,,85,85,1,13,4,120.659936,24.219792,2
7294,66000,387130000C,(04)23274275,(04)23288582,2025,12,17,7,5,臺中市,龍井區,0,1,0,7,2,6,70,13,8,1,5,4,6,6,4,4,1,4,3,2,17,3,10,3,1,A41,7,7,1,1,2,16,,40,40,1,12,4,120.509441,24.219165,2
7295,66000,387130000C,(04)23274275,(04)23288582,2025,12,17,7,8,臺中市,南屯區,0,0,0,7,,,50,,,,,,,,,,,,,,13,,,,,B03,,,1,,1,,,84,84,1,13,4,120.641319,24.141365,3
7296,66000,387130000C,(04)23274275,(04)23288582,2025,12,17,7,10,臺中市,北屯區,0,2,0,7,3,6,50,4,1,1,5,4,6,6,1,1,10,5,5,2,16,2,9,1,1,C03,7,6,1,10,2,12,,11,11,1,6,4,120.709636,24.174651,2
7297,66000,387130000C,(04)23274275,(04)23288582,2025,12,17,7,10,臺中市,外埔區,0,0,0,7,,,50,,,,,,,,,,,,,,13,,,,,B03,,,1,,1,,,7,7,1,13,4,120.635929,24.343436,3
7298,66000,387130000C,(04)23274275,(04)23288582,2025,12,17,7,16,臺中市,潭子區,0,0,0,7,,,60,,,,,,,,,,,,,,13,,,,,B03,,,1,,2,,,7,7,1,13,4,120.706786,24.223248,3
7299,66000,387130000C,(04)23274275,(04)23288582,2025,12,17,7,17,臺中市,大肚區,0,0,0,7,,,50,,,,,,,,,,,,,,,,,,,B03,,,1,,2,,,7,7,1,6,4,120.563033,24.124198,3
7300,66000,387130000C,(04)23274275,(04)23288582,2025,12,17,7,18,臺中市,西區,0,1,0,7,2,6,50,4,1,1,5,4,6,6,1,1,10,5,5,2,13,2,9,1,1,C03,7,9,1,10,2,11,,84,84,1,13,4,120.675855,24.133176,2
7301,66000,387130000C,(04)23274275,(04)23288582,2025,12,17,7,18,臺中市,大里區,0,0,0,7,,,50,,,,,,,,,,,,,,,,,,,B03,,,1,,2,,,84,84,1,12,4,120.689847,24.106561,3
7302,66000,387130000C,(04)23274275,(04)23288582,2025,12,17,7,19,臺中市,外埔區,0,1,0,7,2,6,50,3,1,1,5,4,6,6,1,1,5,4,5,1,16,3,10,3,1,B03,7,5,1,8,2,2,,11,11,1,6,4,120.638967,24.341576,2
7303,66000,387130000C,(04)23274275,(04)23288582,2025,12,17,7,22,臺中市,西屯區,0,1,0,7,2,6,50,13,7,1,5,4,6,6,2,1,5,4,4,2,17,2,9,2,1,C03,7,1,1,10,2,14,,51,51,1,12,4,120.660507,24.164387,2
7304,66000,387130000C,(04)23274275,(04)23288582,2025,12,17,7,25,臺中市,西屯區,0,0,0,7,,,30,,,,,,,,,,,,,,13,,,,,B03,,,1,,1,,,7,7,1,13,4,120.637261,24.159856,3
7305,66000,387130000C,(04)23274275,(04)23288582,2025,12,17,7,25,臺中市,太平區,0,2,0,7,2,6,50,5,1,1,5,4,6,6,2,1,10,5,5,2,15,2,9,2,1,C03,7,9,1,10,2,12,,21,21,1,13,4,120.709967,24.134891,2
7306,66000,387130000C,(04)23274275,(04)23288582,2025,12,17,7,26,臺中市,南區,0,2,0,7,2,6,50,3,1,1,5,4,6,6,2,1,10,5,5,2,16,2,5,3,1,B03,7,6,1,8,2,5,,11,11,1,12,4,120.659839,24.124699,2
7307,66000,387130000C,(04)23274275,(04)23288582,2025,12,17,7,27,臺中市,外埔區,0,0,0,7,3,6,40,13,8,1,5,4,5,6,4,4,5,4,4,1,13,3,10,3,1,B03,7,9,1,8,1,1,,7,7,1,6,4,120.636127,24.343411,3
7308,66000,387130000C,(04)23274275,(04)23288582,2025,12,17,7,28,臺中市,霧峰區,0,1,0,7,3,6,50,4,1,1,5,4,6,6,4,4,5,5,4,2,12,2,8,1,1,C03,7,1,1,10,2,13,12,51,51,1,12,4,120.696878,24.062701,2
7309,66000,387130000C,(04)23274275,(04)23288582,2025,12,17,7,29,臺中市,太平區,0,2,0,7,2,6,30,4,1,1,5,4,6,6,3,1,10,5,5,2,16,2,9,2,1,C03,7,15,3,19,2,14,,24,24,1,12,4,120.738363,24.157084,2
7310,66000,387130000C,(04)23274275,(04)23288582,2025,12,17,7,30,臺中市,西屯區,0,1,0,7,2,6,50,3,9,1,5,4,5,6,2,1,5,4,5,2,30,2,8,1,1,C03,7,9,1,10,2,11,,84,84,1,13,4,120.61515,24.182652,2
7311,66000,387130000C,(04)23274275,(04)23288582,2025,12,17,7,33,臺中市,大里區,0,1,0,7,3,6,50,3,1,1,5,4,6,6,1,1,5,5,5,2,12,3,10,3,1,B03,7,15,1,8,2,5,,8,8,1,12,4,120.698446,24.101249,2
7312,66000,387130000C,(04)23274275,(04)23288582,2025,12,17,7,34,臺中市,龍井區,0,0,0,7,,,60,,,,,,,,,,,,,,,,,,,B03,,,1,,1,,,7,7,1,12,4,120.581398,24.175646,3
7313,66000,387130000C,(04)23274275,(04)23288582,2025,12,17,7,35,臺中市,西屯區,0,2,0,7,2,6,50,13,9,1,5,4,6,6,1,1,1,4,5,2,17,2,9,2,1,C03,7,1,1,10,2,13,,85,85,1,12,4,120.646732,24.157422,2
7314,66000,387130000C,(04)23274275,(04)23288582,2025,12,17,7,35,臺中市,霧峰區,0,0,0,7,2,6,50,13,9,1,5,4,6,6,4,4,5,5,4,1,13,,,,,B03,,,1,,2,,,7,7,1,6,4,120.697065,24.055405,3
7315,66000,387130000C,(04)23274275,(04)23288582,2025,12,17,7,35,臺中市,清水區,0,2,0,7,3,6,50,5,1,1,5,4,6,6,1,1,5,4,5,1,17,2,9,2,1,C03,7,9,1,10,2,11,,7,7,1,12,4,120.567446,24.270409,2
7316,66000,387130000C,(04)23274275,(04)23288582,2025,12,17,7,35,臺中市,后里區,0,2,0,7,3,6,40,3,1,1,5,4,6,6,4,4,5,5,5,1,16,2,9,1,1,C03,7,6,1,10,2,11,,14,14,1,6,4,120.714053,24.298722,2
7317,66000,387130000C,(04)23274275,(04)23288582,2025,12,17,7,36,臺中市,太平區,0,1,0,7,2,6,40,3,1,1,5,4,6,6,1,1,10,5,5,2,30,2,9,2,1,C03,7,9,1,10,2,11,,84,84,1,13,4,120.726319,24.119514,2
7318,66000,387130000C,(04)23274275,(04)23288582,2025,12,17,7,36,臺中市,沙鹿區,0,2,0,7,2,6,40,3,1,1,5,4,6,6,4,4,1,4,5,2,13,2,8,1,1,C03,7,9,1,10,2,11,,84,84,1,12,4,120.613069,24.24458,2
7319,66000,387130000C,(04)23274275,(04)23288582,2025,12,17,7,38,臺中市,潭子區,0,0,0,7,,,50,,,,,,,,,,,,,,17,,,,,C03,,,1,,2,,,49,49,1,13,4,120.674365,24.203864,3
7320,66000,387130000C,(04)23274275,(04)23288582,2025,12,17,7,38,臺中市,南屯區,0,0,0,7,,,50,,,,,,,,,,,,,,,,,,,B03,,,1,,9,,,59,59,1,12,4,120.635839,24.152603,3
7321,66000,387130000C,(04)23274275,(04)23288582,2025,12,17,7,38,臺中市,石岡區,0,0,0,7,,,50,,,,,,,,,,,,,,13,,,,,C03,,,5,,2,,,7,7,1,13,4,120.765238,24.277561,3
7322,66000,387130000C,(04)23274275,(04)23288582,2025,12,17,7,39,臺中市,龍井區,0,2,0,7,2,6,40,4,1,1,5,4,6,6,2,1,10,5,5,2,16,2,9,5,4,C03,7,6,1,10,2,14,,36,36,1,6,4,120.580157,24.189864,2
7323,66000,387130000C,(04)23274275,(04)23288582,2025,12,17,7,40,臺中市,北區,0,1,0,7,3,6,50,4,2,1,5,4,6,6,1,1,3,2,5,2,13,2,9,5,4,C03,7,9,1,10,2,11,,7,7,1,13,4,120.683351,24.148662,2
7324,66000,387130000C,(04)23274275,(04)23288582,2025,12,17,7,40,臺中市,龍井區,0,0,0,7,,,30,,,,,,,,,,,,,,,,,,,B03,,,1,,2,,,45,45,1,12,4,120.523934,24.214813,3
7325,66000,387130000C,(04)23274275,(04)23288582,2025,12,17,7,41,臺中市,潭子區,0,1,0,7,2,6,50,13,9,1,5,4,6,6,4,4,1,4,5,2,13,3,10,3,1,B03,7,9,1,8,2,2,,84,84,1,12,4,120.716241,24.198841,2
7326,66000,387130000C,(04)23274275,(04)23288582,2025,12,17,7,42,臺中市,沙鹿區,0,0,0,7,,,60,,,,,,,,,,,,,,,,,,,C03,,,1,,2,,,59,59,1,13,4,120.560875,24.208784,3
7327,66000,387130000C,(04)23274275,(04)23288582,2025,12,17,7,42,臺中市,大甲區,0,1,0,7,3,6,50,4,2,1,5,4,6,6,1,1,10,4,5,1,16,3,10,3,1,B12,7,9,1,8,2,4,,21,21,1,6,4,120.6275,24.351746,2
7328,66000,387130000C,(04)23274275,(04)23288582,2025,12,17,7,44,臺中市,西屯區,0,0,0,7,,,50,,,,,,,,,,,,,,13,,,,,C03,,,1,,1,,,7,7,1,13,4,120.614483,24.186648,3
7329,66000,387130000C,(04)23274275,(04)23288582,2025,12,17,7,45,臺中市,太平區,0,1,0,7,2,6,50,3,1,1,5,4,6,6,4,4,10,5,5,2,13,3,10,3,1,B03,7,9,1,8,2,8,,7,7,1,12,4,120.709981,24.155153,2
7330,66000,387130000C,(04)23274275,(04)23288582,2025,12,17,7,46,臺中市,北屯區,0,0,0,7,,,50,,,,,,,,,,,,,,13,,,,,B03,,,1,,2,,,59,59,1,6,4,120.740347,24.1792,3
7331,66000,387130000C,(04)23274275,(04)23288582,2025,12,17,7,46,臺中市,大里區,0,0,0,7,,,50,,,,,,,,,,,,,,,,,,,B03,,,1,,2,,,7,7,1,12,4,120.690909,24.100987,3
7332,66000,387130000C,(04)23274275,(04)23288582,2025,12,17,7,47,臺中市,北屯區,0,0,0,7,,,50,,,,,,,,,,,,,,,,,,,C03,,,1,,1,,,7,7,1,6,4,120.667308,24.180017,3
7333,66000,387130000C,(04)23274275,(04)23288582,2025,12,17,7,47,臺中市,西屯區,0,0,0,7,,,50,,,,,,,,,,,,,,12,,,,,B03,,,1,,1,,,40,40,1,12,4,120.622519,24.181509,3
7334,66000,387130000C,(04)23274275,(04)23288582,2025,12,17,7,48,臺中市,大雅區,0,1,0,7,3,6,30,3,1,1,5,4,6,6,4,4,10,5,5,2,17,2,8,2,1,C03,7,6,1,10,2,13,,85,85,1,12,4,120.640555,24.207146,2
7335,66000,387130000C,(04)23274275,(04)23288582,2025,12,17,7,48,臺中市,西屯區,0,0,0,7,,,50,,,,,,,,,,,,,,13,,,,,B12,,,1,,1,,,59,59,1,12,4,120.653455,24.198483,3
7336,66000,387130000C,(04)23274275,(04)23288582,2025,12,17,7,51,臺中市,大里區,0,1,0,7,2,6,50,4,1,1,5,4,6,6,1,1,10,5,5,2,15,3,10,2,1,C03,7,9,3,19,9,12,,21,21,2,6,4,120.698366,24.080591,2
7337,66000,387130000C,(04)23274275,(04)23288582,2025,12,17,7,53,臺中市,龍井區,0,0,0,7,,,60,,,,,,,,,,,,,,,,,,,B03,,,1,,1,,,51,51,1,12,4,120.580157,24.189864,3
7338,66000,387130000C,(04)23274275,(04)23288582,2025,12,17,7,55,臺中市,西屯區,0,2,0,7,2,6,50,3,1,1,5,4,6,6,2,1,10,5,5,2,12,3,10,3,1,B03,7,7,1,8,9,5,,40,40,2,12,4,120.630578,24.162634,2
7339,66000,387130000C,(04)23274275,(04)23288582,2025,12,17,7,55,臺中市,龍井區,0,0,0,7,,,30,,,,,,,,,,,,,,,,,,,C03,,,1,,1,,,7,7,1,12,4,120.535621,24.196804,3
7340,66000,387130000C,(04)23274275,(04)23288582,2025,12,17,7,55,臺中市,清水區,0,1,0,7,3,6,50,3,1,1,5,4,6,6,4,4,5,5,5,1,17,2,9,2,1,C03,7,6,1,10,2,13,,84,84,1,12,4,120.553961,24.259815,2
7341,66000,387130000C,(04)23274275,(04)23288582,2025,12,17,7,56,臺中市,大雅區,0,1,0,7,2,6,30,3,1,1,5,4,6,6,4,4,10,5,5,1,12,3,10,3,1,B12,7,6,1,8,2,4,,14,14,1,13,4,120.66021,24.220458,2
7342,66000,387130000C,(04)23274275,(04)23288582,2025,12,17,7,56,臺中市,南區,0,0,0,7,,,50,,,,,,,,,,,,,,17,,,,,A04,,,1,,2,,,8,8,1,6,4,120.664146,24.118486,3
7343,66000,387130000C,(04)23274275,(04)23288582,2025,12,17,7,57,臺中市,南屯區,0,2,0,7,2,6,50,3,1,1,5,4,6,6,1,1,10,5,5,2,15,2,9,2,1,C03,7,9,1,10,2,11,,21,21,1,12,4,120.624083,24.152153,2
7344,66000,387130000C,(04)23274275,(04)23288582,2025,12,17,7,57,臺中市,西屯區,0,1,0,7,2,6,50,3,1,1,5,4,6,6,4,4,10,5,5,2,16,3,10,3,1,B03,7,6,1,7,2,1,,14,14,1,12,4,120.633103,24.182785,2
7345,66000,387130000C,(04)23274275,(04)23288582,2025,12,17,7,57,臺中市,西屯區,0,0,0,7,,,50,,,,,,,,,,,,,,13,,,,,B03,,,1,,1,,,7,7,1,13,4,120.631453,24.170747,3
7346,66000,387130000C,(04)23274275,(04)23288582,2025,12,17,7,58,臺中市,潭子區,0,0,0,7,2,6,50,13,9,1,5,4,6,6,4,4,5,5,5,2,17,3,10,2,1,C03,7,15,1,10,8,14,,56,56,1,12,4,120.722152,24.203986,3
7347,66000,387130000C,(04)23274275,(04)23288582,2025,12,17,8,1,臺中市,后里區,0,0,0,7,,6,50,13,9,1,5,4,6,6,4,4,1,4,5,1,13,3,10,3,1,B03,7,9,1,,2,1,,84,84,1,6,4,120.723121,24.288337,3
7348,66000,387130000C,(04)23274275,(04)23288582,2025,12,17,8,2,臺中市,霧峰區,0,1,0,7,3,6,30,3,2,1,5,4,6,6,4,4,10,5,5,1,13,3,10,3,1,B03,7,14,1,8,2,1,,59,59,1,12,4,120.679094,24.064793,2
7349,66000,387130000C,(04)23274275,(04)23288582,2025,12,17,8,5,臺中市,北屯區,0,0,0,7,,,50,,,,,,,,,,,,,,13,,,,,B03,,,1,,1,,,7,7,1,6,4,120.702295,24.186928,3
7350,66000,387130000C,(04)23274275,(04)23288582,2025,12,17,8,6,臺中市,南屯區,0,0,0,7,,,50,,,,,,,,,,,,,,17,,,,,C03,,,1,,1,,,48,48,1,12,4,120.638559,24.137834,3
7351,66000,387130000C,(04)23274275,(04)23288582,2025,12,17,8,6,臺中市,北屯區,0,1,0,7,2,6,50,13,7,1,5,4,6,6,4,4,8,4,4,2,11,3,10,3,1,B03,7,11,1,8,2,6,,45,45,1,6,4,120.664219,24.19046,2
7352,66000,387130000C,(04)23274275,(04)23288582,2025,12,17,8,8,臺中市,西屯區,0,2,0,7,2,6,50,3,1,1,5,4,6,6,4,4,5,5,5,2,16,2,9,2,1,C03,7,9,1,10,2,12,,39,39,1,12,4,120.616627,24.181762,2
7353,66000,387130000C,(04)23274275,(04)23288582,2025,12,17,8,10,臺中市,南屯區,0,0,0,7,,,50,,,,,,,,,,,,,,17,,,,,C03,,,1,,1,,,7,7,1,12,4,120.611749,24.135971,3
7354,66000,387130000C,(04)23274275,(04)23288582,2025,12,17,8,13,臺中市,南屯區,0,0,0,7,,,,,,,,,,,,,,,,,17,,,,,,,,,,,,,119,119,1,,,120.608807,24.136724,3
7355,66000,387130000C,(04)23274275,(04)23288582,2025,12,17,8,15,臺中市,外埔區,0,0,0,7,,,50,,,,,,,,,,,,,,11,,,,,G03,,,1,,4,,,84,84,1,6,4,120.662063,24.323172,3
7356,66000,387130000C,(04)23274275,(04)23288582,2025,12,17,8,16,臺中市,西屯區,0,0,0,7,,,50,,,,,,,,,,,,,,13,,,,,C03,,,1,,1,,,59,59,1,12,4,120.617677,24.175676,3
7357,66000,387130000C,(04)23274275,(04)23288582,2025,12,17,8,17,臺中市,大里區,0,1,0,7,3,6,60,3,1,1,5,4,6,6,1,1,1,4,4,1,15,3,10,3,1,B03,7,9,1,8,2,6,,21,21,1,12,4,120.661696,24.109182,2
7358,66000,387130000C,(04)23274275,(04)23288582,2025,12,17,8,18,臺中市,烏日區,0,0,0,7,,,50,,,,,,,,,,,,,,12,,,,,B03,,,1,,2,,,59,59,1,6,4,120.646725,24.064456,3
7359,66000,387130000C,(04)23274275,(04)23288582,2025,12,17,8,21,臺中市,西屯區,0,3,0,7,2,6,50,4,1,1,5,4,6,6,4,4,10,5,5,2,15,2,9,5,4,B03,7,9,1,8,2,1,,15,15,1,12,4,120.65543,24.197599,2
7360,66000,387130000C,(04)23274275,(04)23288582,2025,12,17,8,24,臺中市,北區,0,1,0,7,2,6,50,13,9,1,5,4,6,6,4,4,9,5,5,2,28,2,9,1,1,C04,7,9,1,11,2,11,,84,84,1,12,4,120.687601,24.165958,2
7361,66000,387130000C,(04)23274275,(04)23288582,2025,12,17,8,26,臺中市,東區,0,2,0,7,2,6,50,13,9,1,5,4,6,6,4,4,9,5,5,2,13,3,10,3,1,B03,7,9,1,8,2,1,,7,7,1,12,4,120.69902,24.129816,2
7362,66000,387130000C,(04)23274275,(04)23288582,2025,12,17,8,26,臺中市,南屯區,0,2,0,7,3,6,50,13,9,1,5,4,6,6,4,4,1,4,5,2,13,2,9,2,1,C03,7,9,1,10,2,11,,59,59,1,13,4,120.646575,24.125651,2
7363,66000,387130000C,(04)23274275,(04)23288582,2025,12,17,8,27,臺中市,西屯區,0,1,0,7,2,6,50,13,9,1,5,4,6,6,4,4,1,4,5,2,13,2,9,2,1,C03,7,9,1,10,1,11,,7,7,1,13,4,120.652105,24.166271,2
7364,66000,387130000C,(04)23274275,(04)23288582,2025,12,17,8,28,臺中市,西區,0,2,0,7,1,6,50,4,1,1,5,4,6,6,4,4,5,4,5,2,15,2,9,1,1,C03,7,9,1,10,2,11,,6,6,1,13,4,120.65624,24.135188,2
7365,66000,387130000C,(04)23274275,(04)23288582,2025,12,17,8,30,臺中市,西區,0,0,0,7,,,30,,,,,,,,,,,,,,17,,,,,B13,,,1,,1,,,43,43,1,12,4,120.657919,24.156313,3
7366,66000,387130000C,(04)23274275,(04)23288582,2025,12,17,8,30,臺中市,北屯區,0,0,0,7,,,50,,,,,,,,,,,,,,13,,,,,B03,,,1,,2,,,56,56,1,6,4,120.685928,24.172404,3
7367,66000,387130000C,(04)23274275,(04)23288582,2025,12,17,8,31,臺中市,西屯區,0,1,0,7,2,6,50,3,9,1,5,4,6,6,2,1,5,4,5,2,16,3,10,3,1,B01,7,11,1,4,2,1,,39,39,1,12,4,120.638068,24.167416,2
7368,66000,387130000C,(04)23274275,(04)23288582,2025,12,17,8,39,臺中市,北區,0,1,0,7,2,6,50,4,1,1,5,4,6,6,1,1,5,5,5,2,16,2,9,1,1,C03,7,6,1,10,2,14,12,48,48,1,13,4,120.670489,24.164904,2
7369,66000,387130000C,(04)23274275,(04)23288582,2025,12,17,8,40,臺中市,霧峰區,0,2,0,7,2,6,50,3,1,1,5,4,6,6,4,4,5,5,5,2,16,2,8,1,1,C03,7,6,1,10,2,11,,14,14,1,12,4,120.701149,24.070385,2
7370,66000,387130000C,(04)23274275,(04)23288582,2025,12,17,8,40,臺中市,清水區,0,1,0,7,3,6,40,4,2,1,5,4,6,6,1,1,1,4,1,1,17,3,10,3,1,B12,7,5,1,8,2,5,,11,11,1,12,4,120.541835,24.279547,2
7371,66000,387130000C,(04)23274275,(04)23288582,2025,12,17,8,42,臺中市,西屯區,0,0,0,7,,,30,,,,,,,,,,,,,,16,,,,,C03,,,1,,2,,,14,14,1,12,4,120.644166,24.17187,3