序號,縣市別代碼,機關代碼,市話,傳真,年,月,日,時,分,縣市,區,死亡數量,受傷數量,2-30,天候,道路照明設備,道路類別,道路速限,道路型態,事故位置,路面鋪裝,路面狀態,路面缺陷,障礙物,視距,號誌種類,號誌動作,分向設施,快車道或一般車道間,快慢車道間,路面邊線,事故類型及型態,受傷程度,主要傷處,保護裝備,行動電話或功能裝置,當事者區分(類別),車輛用途,當事者行動狀態,駕照狀態,駕照種類,飲酒情形,車輛撞擊部位最初,車輛撞擊部位其他,肇事因素個別,肇事因素主要,肇事逃逸,職業,共享經濟或外送平台,GPS座標X,GPS座標Y,事故類別
7372,66000,387130000C,(04)23274275,(04)23288582,2025,12,17,8,44,臺中市,北屯區,0,0,0,7,,,60,,,,,,,,,,,,,,,,,,,B03,,,1,,1,,,58,58,1,6,4,120.721118,24.162674,3
7373,66000,387130000C,(04)23274275,(04)23288582,2025,12,17,8,45,臺中市,霧峰區,0,0,0,7,,,50,,,,,,,,,,,,,,,,,,,B03,,,1,,2,,,49,49,1,6,4,120.697926,24.066987,3
7374,66000,387130000C,(04)23274275,(04)23288582,2025,12,17,8,47,臺中市,中區,0,1,0,7,3,6,50,4,2,1,5,4,6,6,1,1,5,4,5,2,13,2,7,1,1,C03,7,9,1,10,2,11,,7,7,1,6,4,120.674327,24.142754,2
7375,66000,387130000C,(04)23274275,(04)23288582,2025,12,17,8,49,臺中市,南屯區,0,0,0,7,,,50,,,,,,,,,,,,,,,,,,,F01,,,7,,2,,,51,51,1,12,4,120.621052,24.113384,4
7376,66000,387130000C,(04)23274275,(04)23288582,2025,12,17,8,51,臺中市,北屯區,0,0,0,7,,,50,,,,,,,,,,,,,,13,,,,,B03,,,1,,2,,,59,59,1,6,4,120.723853,24.164784,3
7377,66000,387130000C,(04)23274275,(04)23288582,2025,12,17,8,54,臺中市,大里區,0,0,0,7,,3,50,,,,,,,,,,,,,,,,,,,B03,,,1,,2,,,20,20,1,12,4,120.691282,24.099473,3
7378,66000,387130000C,(04)23274275,(04)23288582,2025,12,17,8,55,臺中市,西屯區,0,0,0,7,,,50,,,,,,,,,,,,,,12,,,,,B03,,,1,,1,,,51,51,1,12,4,120.645029,24.179739,3
7379,66000,387130000C,(04)23274275,(04)23288582,2025,12,17,8,56,臺中市,大里區,0,2,0,7,3,6,30,4,1,1,5,4,6,6,4,4,10,5,5,2,15,2,9,2,1,C03,7,9,5,10,2,11,,15,15,1,6,4,120.671793,24.09921,2
7380,66000,387130000C,(04)23274275,(04)23288582,2025,12,17,8,57,臺中市,北區,0,0,0,7,,,50,,,,,,,,,,,,,,,,,,,B03,,,1,,1,,,7,7,1,12,4,120.69842,24.160603,3
7381,66000,387130000C,(04)23274275,(04)23288582,2025,12,17,9,2,臺中市,東區,0,0,0,7,,,50,,,,,,,,,,,,,,17,,,,,C03,,,1,,1,,,84,84,1,12,4,120.699572,24.145331,3
7382,66000,387130000C,(04)23274275,(04)23288582,2025,12,17,9,3,臺中市,西區,0,0,0,7,,,50,,,,,,,,,,,,,,,,,,,B03,,,1,,1,,,84,84,1,13,4,120.664014,24.155183,3
7383,66000,387130000C,(04)23274275,(04)23288582,2025,12,17,9,9,臺中市,南屯區,0,1,0,7,3,6,50,13,8,1,5,4,6,6,4,4,5,5,4,2,17,3,10,1,1,C03,7,5,1,10,2,12,,47,47,1,12,4,120.650798,24.15369,2
7384,66000,387130000C,(04)23274275,(04)23288582,2025,12,17,9,10,臺中市,太平區,0,0,0,7,,,50,,,,,,,,,,,,,,,,,,,C03,,,3,,2,,,7,7,1,12,4,120.703492,24.148218,3
7385,66000,387130000C,(04)23274275,(04)23288582,2025,12,17,9,15,臺中市,西屯區,0,1,0,7,2,6,50,4,9,1,5,4,6,6,2,1,1,4,5,2,13,2,9,5,4,C03,7,9,1,10,2,11,,7,7,1,12,4,120.652043,24.165862,2
7386,66000,387130000C,(04)23274275,(04)23288582,2025,12,17,9,17,臺中市,太平區,0,2,0,7,2,6,30,3,1,1,5,4,6,6,4,4,10,5,5,2,9,2,8,6,5,H04,8,20,7,21,2,17,,109,109,1,13,5,120.719931,24.123657,2
7387,66000,387130000C,(04)23274275,(04)23288582,2025,12,17,9,18,臺中市,石岡區,0,3,0,7,3,6,70,4,1,1,5,4,6,6,2,1,1,4,4,1,16,2,3,3,1,B12,7,5,1,8,2,5,,11,11,1,6,4,120.777038,24.274151,2
7388,66000,387130000C,(04)23274275,(04)23288582,2025,12,17,9,23,臺中市,霧峰區,0,1,0,7,3,6,50,3,1,1,5,4,6,6,1,1,10,5,5,1,16,3,10,3,1,B03,7,6,1,6,2,5,,11,11,1,12,4,120.718476,24.079211,2
7389,66000,387130000C,(04)23274275,(04)23288582,2025,12,17,9,26,臺中市,大里區,0,1,0,7,3,6,50,3,1,1,5,4,6,6,4,4,5,5,4,2,18,2,9,1,1,F03,7,5,7,21,2,12,,84,84,1,12,4,120.688133,24.108193,2
7390,66000,387130000C,(04)23274275,(04)23288582,2025,12,17,9,30,臺中市,清水區,0,1,0,7,2,6,50,4,1,1,5,4,6,6,4,4,5,2,5,2,15,3,10,3,1,B03,7,9,1,8,2,1,,12,12,1,13,4,120.577232,24.269688,2
7391,66000,387130000C,(04)23274275,(04)23288582,2025,12,17,9,34,臺中市,南屯區,0,0,0,7,,,50,,,,,,,,,,,,,,13,,,,,B03,,,1,,2,,,7,7,1,13,4,120.650788,24.1468,3
7392,66000,387130000C,(04)23274275,(04)23288582,2025,12,17,9,40,臺中市,北屯區,0,0,0,7,,,60,,,,,,,,,,,,,,13,,,,,B12,,,1,,2,,,59,59,1,6,4,120.720858,24.162764,3
7393,66000,387130000C,(04)23274275,(04)23288582,2025,12,17,9,42,臺中市,西屯區,0,1,0,7,2,6,50,3,1,1,5,4,6,6,4,4,10,5,5,2,17,2,9,2,1,F02,7,1,7,21,2,14,,51,51,1,12,4,120.660927,24.162622,2
7394,66000,387130000C,(04)23274275,(04)23288582,2025,12,17,9,44,臺中市,北區,0,1,0,7,2,6,50,3,2,1,5,4,6,6,1,1,1,4,5,2,17,2,9,1,1,F03,7,9,7,21,2,11,,84,84,1,12,4,120.67243,24.168846,2
7395,66000,387130000C,(04)23274275,(04)23288582,2025,12,17,9,44,臺中市,西屯區,0,0,0,7,,,50,,,,,,,,,,,,,,12,,,,,A12,,,1,,9,,,40,40,1,12,4,120.661447,24.201324,3
7396,66000,387130000C,(04)23274275,(04)23288582,2025,12,17,9,46,臺中市,沙鹿區,0,2,0,7,2,6,50,13,9,1,5,4,6,6,4,4,5,5,4,2,17,2,7,1,1,C03,7,5,1,10,2,12,,47,47,1,12,4,120.562207,24.237591,2
7397,66000,387130000C,(04)23274275,(04)23288582,2025,12,17,9,47,臺中市,南屯區,0,1,0,7,2,6,50,5,1,1,5,4,6,6,1,1,10,5,5,2,17,2,9,2,1,C03,7,5,1,10,2,11,,59,59,1,12,4,120.628555,24.140208,2
7398,66000,387130000C,(04)23274275,(04)23288582,2025,12,17,9,50,臺中市,西屯區,0,1,0,7,2,6,50,4,1,1,5,4,6,6,2,1,10,5,5,2,15,3,10,3,1,B03,7,9,1,8,2,1,,21,21,1,13,4,120.642257,24.177761,2
7399,66000,387130000C,(04)23274275,(04)23288582,2025,12,17,9,52,臺中市,西屯區,0,1,0,7,2,6,40,13,8,1,5,4,6,6,1,1,1,4,3,2,13,2,8,2,1,C03,7,9,1,10,2,15,,7,7,1,12,4,120.653683,24.160134,2
7400,66000,387130000C,(04)23274275,(04)23288582,2025,12,17,9,53,臺中市,西區,0,1,0,7,1,6,50,4,1,1,5,4,6,6,1,1,1,4,4,2,15,3,10,3,1,B03,7,9,1,8,2,1,,21,21,1,13,4,120.657382,24.13929,2
7401,66000,387130000C,(04)23274275,(04)23288582,2025,12,17,9,56,臺中市,烏日區,0,0,0,7,,,50,,,,,,,,,,,,,,,,,,,B03,,,1,,2,,,11,11,1,13,4,120.644169,24.085755,3
7402,66000,387130000C,(04)23274275,(04)23288582,2025,12,17,9,56,臺中市,沙鹿區,0,0,0,7,,,60,,,,,,,,,,,,,,,,,,,B03,,,1,,1,,,59,59,1,13,4,120.573546,24.230528,3
7403,66000,387130000C,(04)23274275,(04)23288582,2025,12,17,10,4,臺中市,東區,0,0,0,7,,,50,,,,,,,,,,,,,,,,,,,C03,,,1,,2,,,84,84,1,12,4,120.69912,24.148586,3
7404,66000,387130000C,(04)23274275,(04)23288582,2025,12,17,10,6,臺中市,北區,0,0,0,7,,,50,,,,,,,,,,,,,,17,,,,,B03,,,1,,2,,,76,76,1,13,4,120.682365,24.160291,3
7405,66000,387130000C,(04)23274275,(04)23288582,2025,12,17,10,7,臺中市,大雅區,0,0,0,7,,,30,,,,,,,,,,,,,,,,,,,B12,,,1,,2,,,49,49,1,12,4,120.656126,24.227976,3
7406,66000,387130000C,(04)23274275,(04)23288582,2025,12,17,10,7,臺中市,豐原區,0,1,0,7,2,6,50,11,7,1,5,4,6,6,4,4,1,4,5,2,18,2,9,2,1,C03,7,9,1,10,2,15,,84,84,1,13,4,120.722657,24.233301,2
7407,66000,387130000C,(04)23274275,(04)23288582,2025,12,17,10,10,臺中市,南區,0,1,0,7,3,6,50,4,1,1,5,4,6,6,4,4,10,5,5,2,18,2,8,2,1,C03,7,9,1,10,2,14,,6,6,1,13,4,120.666786,24.115715,2
7408,66000,387130000C,(04)23274275,(04)23288582,2025,12,17,10,10,臺中市,北屯區,0,0,0,7,,,50,,,,,,,,,,,,,,14,,,,,A42,,,1,,1,,,49,49,1,6,4,120.684084,24.172353,3
7409,66000,387130000C,(04)23274275,(04)23288582,2025,12,17,10,10,臺中市,沙鹿區,0,0,0,7,,,0,,,,,,,,,,,,,,14,,,,,B03,,,1,,1,,,49,49,1,6,4,120.561714,24.240863,3
7410,66000,387130000C,(04)23274275,(04)23288582,2025,12,17,10,12,臺中市,南區,0,2,0,7,2,6,50,3,1,1,5,4,6,6,3,1,10,5,5,2,17,2,8,1,1,C03,7,6,1,10,2,15,,11,11,1,12,4,120.677666,24.12404,2
7411,66000,387130000C,(04)23274275,(04)23288582,2025,12,17,10,17,臺中市,霧峰區,0,1,0,7,3,6,50,4,1,1,5,4,6,6,1,1,5,5,5,1,12,2,8,1,1,C03,7,6,1,10,2,14,,19,19,1,12,4,120.680187,24.049671,2
7412,66000,387130000C,(04)23274275,(04)23288582,2025,12,17,10,19,臺中市,南屯區,0,0,0,7,,,50,,,,,,,,,,,,,,12,,,,,B03,,,1,,2,,,40,40,1,13,4,120.622915,24.14993,3
7413,66000,387130000C,(04)23274275,(04)23288582,2025,12,17,10,21,臺中市,西區,0,0,0,7,,,40,,,,,,,,,,,,,,,,,,,B12,,,1,,2,,,84,84,1,6,4,120.664275,24.158324,3
7414,66000,387130000C,(04)23274275,(04)23288582,2025,12,17,10,22,臺中市,西區,0,1,0,7,2,6,50,4,1,1,5,4,6,6,1,1,10,5,5,2,15,3,10,5,4,B03,7,9,1,8,2,1,,21,21,1,13,4,120.669798,24.147867,2
7415,66000,387130000C,(04)23274275,(04)23288582,2025,12,17,10,23,臺中市,北區,0,0,0,7,,,50,,,,,,,,,,,,,,,,,,,B03,,,3,,1,,,84,84,1,12,4,120.684116,24.149699,3
7416,66000,387130000C,(04)23274275,(04)23288582,2025,12,17,10,23,臺中市,北屯區,0,0,0,7,,,50,,,,,,,,,,,,,,13,,,,,B13,,,1,,2,,,7,7,1,6,4,120.671342,24.189352,3
7417,66000,387130000C,(04)23274275,(04)23288582,2025,12,17,10,24,臺中市,西屯區,0,0,0,7,,,50,,,,,,,,,,,,,,13,,,,,C03,,,1,,2,,,84,84,1,13,4,120.618784,24.178083,3
7418,66000,387130000C,(04)23274275,(04)23288582,2025,12,17,10,25,臺中市,北區,0,0,0,7,,,30,,,,,,,,,,,,,,,,,,,B03,,,1,,1,,,14,14,1,12,4,120.686111,24.15334,3
7419,66000,387130000C,(04)23274275,(04)23288582,2025,12,17,10,30,臺中市,西區,0,1,0,7,1,6,50,4,2,1,5,4,6,6,1,1,1,4,4,2,18,2,9,1,1,C03,7,9,1,10,2,15,,84,84,1,13,4,120.657366,24.151097,2
7420,66000,387130000C,(04)23274275,(04)23288582,2025,12,17,10,33,臺中市,西區,0,0,0,7,,,50,,,,,,,,,,,,,,17,,,,,C03,,,1,,1,,,49,49,1,12,4,120.663795,24.137107,3
7421,66000,387130000C,(04)23274275,(04)23288582,2025,12,17,10,35,臺中市,神岡區,0,0,0,7,,,50,,,,,,,,,,,,,,2,,,,,B03,,,1,,2,,,59,59,1,12,4,120.696575,24.251862,3
7422,66000,387130000C,(04)23274275,(04)23288582,2025,12,17,10,38,臺中市,梧棲區,0,0,0,7,,,40,,,,,,,,,,,,,,17,,,,,C03,,,1,,9,,,6,6,2,6,4,120.541348,24.247923,3
7423,66000,387130000C,(04)23274275,(04)23288582,2025,12,17,10,40,臺中市,太平區,0,0,0,7,,,30,,,,,,,,,,,,,,,,,,,B12,,,1,,9,,,8,8,2,12,4,120.703293,24.147858,3
7424,66000,387130000C,(04)23274275,(04)23288582,2025,12,17,10,40,臺中市,神岡區,0,0,0,7,,,50,,,,,,,,,,,,,,30,,,,,B03,,,1,,2,,,84,84,1,13,4,120.69661,24.251752,3
7425,66000,387130000C,(04)23274275,(04)23288582,2025,12,17,10,40,臺中市,豐原區,0,0,0,7,,,50,,,,,,,,,,,,,,13,,,,,B03,,,1,,2,,,82,82,1,13,4,120.722757,24.27797,3
7426,66000,387130000C,(04)23274275,(04)23288582,2025,12,17,10,45,臺中市,西屯區,0,1,0,7,3,6,50,4,1,1,5,4,6,6,1,1,5,4,5,2,16,2,8,5,4,F03,7,6,7,21,2,14,,48,48,1,12,4,120.637492,24.178853,2
7427,66000,387130000C,(04)23274275,(04)23288582,2025,12,17,10,48,臺中市,北區,0,0,0,7,,,50,,,,,,,,,,,,,,,,,,,B03,,,1,,2,,,1,1,1,12,4,120.673046,24.167425,3
7428,66000,387130000C,(04)23274275,(04)23288582,2025,12,17,10,50,臺中市,南區,0,1,0,7,3,6,50,3,1,1,5,4,6,6,3,1,10,5,5,2,16,3,10,3,1,B03,7,5,1,8,2,2,,14,14,1,12,4,120.651684,24.114904,2
7429,66000,387130000C,(04)23274275,(04)23288582,2025,12,17,10,53,臺中市,南屯區,0,0,0,7,,,50,,,,,,,,,,,,,,17,,,,,B13,,,1,,2,,,49,49,1,12,4,120.647423,24.143826,3
7430,66000,387130000C,(04)23274275,(04)23288582,2025,12,17,10,53,臺中市,太平區,0,0,0,7,,,30,,,,,,,,,,,,,,,,,,,B03,,,1,,1,,,12,12,1,12,4,120.72388,24.129936,3
7431,66000,387130000C,(04)23274275,(04)23288582,2025,12,17,11,1,臺中市,潭子區,0,1,0,7,2,6,30,3,1,1,5,4,6,1,4,4,10,5,5,1,11,3,10,3,1,B12,7,5,1,7,2,5,,58,58,1,13,4,120.701324,24.223051,2
7432,66000,387130000C,(04)23274275,(04)23288582,2025,12,17,11,3,臺中市,后里區,0,0,0,7,2,6,50,13,14,1,5,,6,6,4,4,5,4,4,1,30,,,,,B03,,,1,,2,,,59,59,1,6,4,120.712405,24.310422,3
7433,66000,387130000C,(04)23274275,(04)23288582,2025,12,17,11,5,臺中市,大雅區,0,1,0,7,1,6,30,11,9,1,5,4,6,6,4,4,10,5,5,1,17,3,10,3,1,B03,7,11,1,8,2,1,,45,45,1,13,4,120.620743,24.234476,2
7434,66000,387130000C,(04)23274275,(04)23288582,2025,12,17,11,7,臺中市,太平區,0,0,0,7,,,50,,,,,,,,,,,,,,17,,,,,B03,,,1,,2,,,8,8,1,13,4,120.733333,24.153464,3
7435,66000,387130000C,(04)23274275,(04)23288582,2025,12,17,11,8,臺中市,龍井區,0,0,0,7,,,30,,,,,,,,,,,,,,,,,,,B03,,,1,,2,,,24,24,1,12,4,120.542786,24.19142,3
7436,66000,387130000C,(04)23274275,(04)23288582,2025,12,17,11,9,臺中市,北屯區,0,1,0,7,2,6,50,13,9,1,5,4,6,6,4,4,1,4,5,2,16,3,10,3,1,B03,7,5,1,8,2,2,,20,20,1,12,4,120.674618,24.17392,2
7437,66000,387130000C,(04)23274275,(04)23288582,2025,12,17,11,9,臺中市,北屯區,0,1,0,7,2,6,50,4,1,1,5,4,6,6,1,1,10,5,5,2,17,2,9,6,1,F01,7,6,7,21,2,14,,36,36,1,6,4,120.692533,24.162433,2
7438,66000,387130000C,(04)23274275,(04)23288582,2025,12,17,11,11,臺中市,后里區,0,0,0,7,3,6,40,13,14,1,5,4,6,6,4,4,1,4,4,1,14,3,10,3,1,C03,7,3,1,8,1,6,,49,49,1,6,4,120.723176,24.311508,3
7439,66000,387130000C,(04)23274275,(04)23288582,2025,12,17,11,12,臺中市,西區,0,0,0,7,,,40,,,,,,,,,,,,,,,,,,,C03,,,1,,1,,,7,7,1,6,4,120.662914,24.155837,3
7440,66000,387130000C,(04)23274275,(04)23288582,2025,12,17,11,13,臺中市,太平區,0,0,0,7,,,50,,,,,,,,,,,,,,13,,,,,C03,,,1,,1,,,7,7,1,12,4,120.700784,24.148013,3
7441,66000,387130000C,(04)23274275,(04)23288582,2025,12,17,11,20,臺中市,太平區,0,0,0,7,,,0,,,,,,,,,,,,,,,,,,,B12,,,1,,2,,,78,78,1,12,4,120.716207,24.149554,3
7442,66000,387130000C,(04)23274275,(04)23288582,2025,12,17,11,21,臺中市,北區,0,1,0,7,2,6,50,4,1,1,5,4,6,6,4,4,5,5,5,2,15,2,9,1,1,C03,7,9,1,10,2,11,12,12,12,1,13,4,120.695978,24.156712,2
7443,66000,387130000C,(04)23274275,(04)23288582,2025,12,17,11,23,臺中市,豐原區,0,0,0,7,,,50,,,,,,,,,,,,,,13,,,,,B03,,,1,,2,,,59,59,1,12,4,120.728712,24.257369,3
7444,66000,387130000C,(04)23274275,(04)23288582,2025,12,17,11,24,臺中市,外埔區,0,0,0,7,2,6,50,13,14,1,5,4,6,6,4,4,5,5,4,1,14,,,,,G06,,,7,,1,,,49,49,1,13,4,120.653151,24.331978,4
7445,66000,387130000C,(04)23274275,(04)23288582,2025,12,17,11,28,臺中市,大里區,0,1,0,7,2,6,50,13,9,1,5,4,6,6,4,4,9,4,5,2,13,3,10,2,1,C03,7,9,1,12,2,11,,7,7,1,12,4,120.695245,24.111376,2
7446,66000,387130000C,(04)23274275,(04)23288582,2025,12,17,11,30,臺中市,清水區,0,0,0,7,,,50,,,,,,,,,,,,,,13,,,,,B03,,,1,,1,,,49,49,1,12,4,120.566263,24.268501,3
7447,66000,387130000C,(04)23274275,(04)23288582,2025,12,17,11,45,臺中市,西屯區,0,1,0,7,2,6,40,13,8,1,5,4,6,6,4,4,1,4,1,2,17,2,9,2,1,C03,7,9,1,10,2,11,,1,1,1,12,4,120.647274,24.163706,2
7448,66000,387130000C,(04)23274275,(04)23288582,2025,12,17,11,46,臺中市,豐原區,0,0,0,7,,,50,,,,,,,,,,,,,,,,,,,B03,,,1,,2,,,84,84,1,13,4,120.717657,24.250628,3
7449,66000,387130000C,(04)23274275,(04)23288582,2025,12,17,11,47,臺中市,外埔區,0,1,0,7,2,6,50,13,7,1,5,4,6,6,4,4,9,4,4,1,12,3,10,3,1,B03,7,10,1,8,2,8,,20,20,1,6,4,120.638662,24.34162,2
7450,66000,387130000C,(04)23274275,(04)23288582,2025,12,17,11,51,臺中市,南區,0,0,0,7,,,50,,,,,,,,,,,,,,,,,,,B03,,,1,,1,,,84,84,1,12,4,120.684193,24.122152,3
7451,66000,387130000C,(04)23274275,(04)23288582,2025,12,17,11,55,臺中市,南屯區,0,0,0,7,,,50,,,,,,,,,,,,,,,,,,,B03,,,1,,1,,,47,47,1,12,4,120.651169,24.153434,3
7452,66000,387130000C,(04)23274275,(04)23288582,2025,12,17,11,59,臺中市,西屯區,0,1,0,7,2,6,50,13,9,1,5,4,6,6,4,4,1,4,5,2,13,3,10,3,1,A12,7,9,1,8,2,1,,7,7,1,13,4,120.619466,24.184384,2
7453,66000,387130000C,(04)23274275,(04)23288582,2025,12,17,11,59,臺中市,梧棲區,0,0,0,7,,,50,,,,,,,,,,,,,,16,,,,,B03,,,1,,2,,,14,14,1,12,4,120.530767,24.249384,3
7454,66000,387130000C,(04)23274275,(04)23288582,2025,12,17,12,0,臺中市,太平區,0,0,0,7,,,30,,,,,,,,,,,,,,,,,,,B03,,,1,,9,,,85,85,1,12,4,120.733883,24.126049,3
7455,66000,387130000C,(04)23274275,(04)23288582,2025,12,17,12,2,臺中市,東區,0,0,0,7,,,50,,,,,,,,,,,,,,,,,,,C03,,,1,,2,,,23,23,1,12,4,120.701449,24.125472,3
7456,66000,387130000C,(04)23274275,(04)23288582,2025,12,17,12,2,臺中市,東區,0,2,0,7,2,6,50,5,1,1,5,4,6,6,2,1,10,5,5,2,17,2,9,2,1,C03,7,9,1,10,2,11,,21,21,1,6,4,120.696364,24.140069,2
7457,66000,387130000C,(04)23274275,(04)23288582,2025,12,17,12,4,臺中市,沙鹿區,0,1,0,7,2,6,40,13,8,1,5,4,6,6,4,4,1,4,4,2,17,2,9,1,1,C03,7,9,1,10,2,12,,8,8,1,12,4,120.580374,24.216281,2
7458,66000,387130000C,(04)23274275,(04)23288582,2025,12,17,12,6,臺中市,南屯區,0,0,0,7,,,,,,,,,,,,,,,,,17,,,,,,,,,,,,,119,119,1,,,120.638242,24.141305,3
7459,66000,387130000C,(04)23274275,(04)23288582,2025,12,17,12,6,臺中市,霧峰區,0,1,0,7,2,6,50,13,14,1,5,4,6,6,4,4,5,5,5,1,17,2,9,1,1,C03,7,9,1,10,2,11,,59,59,1,5,4,120.698388,24.068131,2
7460,66000,387130000C,(04)23274275,(04)23288582,2025,12,17,12,15,臺中市,東區,0,0,0,7,,,50,,,,,,,,,,,,,,17,,,,,B03,,,1,,1,,,76,76,1,13,4,120.686502,24.134436,3
7461,66000,387130000C,(04)23274275,(04)23288582,2025,12,17,12,15,臺中市,西屯區,0,0,0,7,,,30,,,,,,,,,,,,,,16,,,,,C03,,,1,,1,,,13,13,1,13,4,120.622161,24.186137,3
7462,66000,387130000C,(04)23274275,(04)23288582,2025,12,17,12,17,臺中市,西屯區,0,0,0,7,,,50,,,,,,,,,,,,,,,,,,,B03,,,1,,1,,,7,7,1,12,4,120.663245,24.163366,3
7463,66000,387130000C,(04)23274275,(04)23288582,2025,12,17,12,18,臺中市,南屯區,0,1,0,7,3,6,50,11,9,1,5,4,6,6,4,4,10,5,5,2,30,2,9,1,1,C03,7,9,1,10,2,14,,87,87,1,12,4,120.627954,24.152758,2
7464,66000,387130000C,(04)23274275,(04)23288582,2025,12,17,12,18,臺中市,西屯區,0,1,0,7,2,6,30,13,9,1,5,4,6,3,4,4,10,5,5,2,17,2,9,2,1,C03,7,1,1,10,2,13,,51,51,1,12,4,120.586767,24.17661,2
7465,66000,387130000C,(04)23274275,(04)23288582,2025,12,17,12,20,臺中市,神岡區,0,1,0,7,2,6,50,3,1,1,5,4,6,6,1,1,10,5,5,2,16,2,9,5,4,C03,7,9,1,10,2,11,,21,21,1,12,4,120.69662,24.253886,2
7466,66000,387130000C,(04)23274275,(04)23288582,2025,12,17,12,27,臺中市,西屯區,0,0,0,7,,,60,,,,,,,,,,,,,,12,,,,,B03,,,1,,2,,,8,8,1,12,4,120.653174,24.160626,3
7467,66000,387130000C,(04)23274275,(04)23288582,2025,12,17,12,30,臺中市,西屯區,0,1,0,7,2,6,50,4,1,1,5,4,6,6,1,1,10,5,5,2,16,2,9,5,4,C03,7,1,1,10,2,14,,51,51,1,12,4,120.602651,24.183019,2
7468,66000,387130000C,(04)23274275,(04)23288582,2025,12,17,12,33,臺中市,北屯區,0,1,0,7,2,6,30,4,1,1,5,4,6,6,4,4,10,5,5,2,12,3,10,1,1,C03,7,4,1,10,2,12,,85,85,1,6,4,120.666245,24.183751,2
7469,66000,387130000C,(04)23274275,(04)23288582,2025,12,17,12,33,臺中市,霧峰區,0,1,0,7,2,6,30,13,9,1,5,4,6,6,4,4,10,5,5,2,11,2,9,2,1,C03,7,9,1,10,2,11,,84,84,1,6,4,120.704577,24.069968,2
7470,66000,387130000C,(04)23274275,(04)23288582,2025,12,17,12,35,臺中市,北區,0,0,0,7,,,50,,,,,,,,,,,,,,,,,,,B03,,,1,,2,,,49,49,1,13,4,120.682359,24.148885,3
7471,66000,387130000C,(04)23274275,(04)23288582,2025,12,17,12,43,臺中市,中區,0,1,0,7,2,6,50,13,9,1,5,4,6,6,4,4,10,5,5,2,13,3,10,1,1,C03,7,9,1,10,2,11,,84,84,1,13,4,120.680133,24.142806,2
7472,66000,387130000C,(04)23274275,(04)23288582,2025,12,17,12,50,臺中市,西屯區,0,0,0,7,,,50,,,,,,,,,,,,,,14,,,,,B03,,,1,,1,,,49,49,1,12,4,120.640903,24.165108,3
7473,66000,387130000C,(04)23274275,(04)23288582,2025,12,17,12,54,臺中市,西屯區,0,0,0,7,,,30,,,,,,,,,,,,,,13,,,,,C03,,,1,,1,,,7,7,1,13,4,120.646969,24.181964,3
7474,66000,387130000C,(04)23274275,(04)23288582,2025,12,17,12,54,臺中市,太平區,0,0,0,7,,,50,,,,,,,,,,,,,,,,,,,B03,,,1,,2,,,14,14,1,12,4,120.716791,24.131833,3
7475,66000,387130000C,(04)23274275,(04)23288582,2025,12,17,13,0,臺中市,梧棲區,0,0,0,7,,3,90,,,,,,,,,,,,,,17,,,,,B12,,,1,,2,,,68,68,1,6,4,120.528547,24.231867,3
7476,66000,387130000C,(04)23274275,(04)23288582,2025,12,17,13,2,臺中市,北區,0,0,0,7,,,50,,,,,,,,,,,,,,,,,,,B03,,,5,,2,,,84,84,1,12,4,120.668248,24.166863,4
7477,66000,387130000C,(04)23274275,(04)23288582,2025,12,17,13,5,臺中市,大雅區,0,1,0,7,1,6,30,13,9,1,5,4,6,6,4,4,10,5,5,1,17,2,9,1,1,C03,7,9,1,10,2,12,11,1,1,1,13,4,120.664822,24.221461,2
7478,66000,387130000C,(04)23274275,(04)23288582,2025,12,17,13,6,臺中市,南屯區,0,0,0,7,,,40,,,,,,,,,,,,,,14,,,,,B03,,,1,,1,,,49,49,1,6,4,120.619959,24.131711,4
7479,66000,387130000C,(04)23274275,(04)23288582,2025,12,17,13,13,臺中市,西區,0,0,0,7,,,50,,,,,,,,,,,,,,14,,,,,B03,,,1,,1,,,49,49,1,13,4,120.668107,24.145861,3
7480,66000,387130000C,(04)23274275,(04)23288582,2025,12,17,13,15,臺中市,北屯區,0,0,0,7,,,50,,,,,,,,,,,,,,14,,,,,B11,,,1,,1,,,49,49,1,6,4,120.692939,24.180095,4
7481,66000,387130000C,(04)23274275,(04)23288582,2025,12,17,13,17,臺中市,太平區,0,0,0,7,,3,80,,,,,,,,,,,,,,17,,,,,B12,,,1,,9,,,68,68,1,12,4,120.714097,24.14843,3
7482,66000,387130000C,(04)23274275,(04)23288582,2025,12,17,13,19,臺中市,大雅區,0,1,0,7,3,9,30,3,2,1,5,4,6,6,4,4,10,5,5,1,19,2,9,1,1,C03,7,9,1,10,2,14,,84,84,1,12,4,120.653928,24.209552,2
7483,66000,387130000C,(04)23274275,(04)23288582,2025,12,17,13,21,臺中市,西屯區,0,0,0,7,,,50,,,,,,,,,,,,,,13,,,,,B03,,,1,,1,,,56,56,1,13,4,120.605871,24.161214,3
7484,66000,387130000C,(04)23274275,(04)23288582,2025,12,17,13,22,臺中市,中區,0,2,0,7,3,6,40,4,1,1,5,4,6,6,4,4,10,5,5,2,15,2,9,1,1,C03,7,9,1,10,2,12,,15,15,1,13,4,120.680768,24.137913,2