序號,縣市別代碼,機關代碼,市話,傳真,年,月,日,時,分,縣市,區,死亡數量,受傷數量,2-30,天候,道路照明設備,道路類別,道路速限,道路型態,事故位置,路面鋪裝,路面狀態,路面缺陷,障礙物,視距,號誌種類,號誌動作,分向設施,快車道或一般車道間,快慢車道間,路面邊線,事故類型及型態,受傷程度,主要傷處,保護裝備,行動電話或功能裝置,當事者區分(類別),車輛用途,當事者行動狀態,駕照狀態,駕照種類,飲酒情形,車輛撞擊部位最初,車輛撞擊部位其他,肇事因素個別,肇事因素主要,肇事逃逸,職業,共享經濟或外送平台,GPS座標X,GPS座標Y,事故類別
7485,66000,387130000C,(04)23274275,(04)23288582,2025,12,17,13,30,臺中市,烏日區,0,0,0,7,,,50,,,,,,,,,,,,,,,,,,,B03,,,1,,2,,,87,87,1,6,4,120.587542,24.113204,3
7486,66000,387130000C,(04)23274275,(04)23288582,2025,12,17,13,31,臺中市,太平區,0,0,0,7,,,50,,,,,,,,,,,,,,12,,,,,B03,,,1,,1,,,8,8,1,13,4,120.710564,24.138912,3
7487,66000,387130000C,(04)23274275,(04)23288582,2025,12,17,13,36,臺中市,烏日區,0,1,0,7,2,6,50,3,1,1,5,4,6,6,4,4,10,5,5,2,17,3,10,3,1,B01,7,11,1,4,2,1,,84,84,1,6,4,120.597666,24.10962,2
7488,66000,387130000C,(04)23274275,(04)23288582,2025,12,17,13,37,臺中市,北區,0,0,0,7,,,50,,,,,,,,,,,,,,16,,,,,C03,,,1,,2,,,39,39,1,13,4,120.688293,24.150954,3
7489,66000,387130000C,(04)23274275,(04)23288582,2025,12,17,13,42,臺中市,清水區,0,0,0,7,,,30,,,,,,,,,,,,,,16,,,,,B03,,,1,,2,,,14,14,1,13,4,120.588927,24.310201,3
7490,66000,387130000C,(04)23274275,(04)23288582,2025,12,17,13,53,臺中市,神岡區,0,1,0,7,2,6,50,5,1,1,5,4,6,6,1,1,10,5,5,2,16,3,10,5,4,B12,7,6,1,8,2,6,,11,11,1,12,4,120.655423,24.258714,2
7491,66000,387130000C,(04)23274275,(04)23288582,2025,12,17,13,58,臺中市,南屯區,0,1,0,7,2,6,50,4,2,1,5,4,6,6,2,1,1,4,5,2,13,3,10,3,1,A04,7,9,1,2,2,5,,7,7,1,12,4,120.652232,24.150812,2
7492,66000,387130000C,(04)23274275,(04)23288582,2025,12,17,14,3,臺中市,新社區,0,1,0,7,2,6,50,3,1,1,5,4,6,6,4,4,4,4,5,1,17,3,10,3,1,B03,7,8,1,8,2,4,,12,12,1,12,4,120.805866,24.237454,2
7493,66000,387130000C,(04)23274275,(04)23288582,2025,12,17,14,5,臺中市,西屯區,0,2,0,7,2,6,30,13,9,1,5,4,3,3,4,4,10,5,5,2,17,2,7,2,1,C03,7,1,1,10,1,11,,51,51,1,12,4,120.620047,24.18173,2
7494,66000,387130000C,(04)23274275,(04)23288582,2025,12,17,14,7,臺中市,西區,0,0,0,7,,,40,,,,,,,,,,,,,,14,,,,,B02,,,1,,1,,,49,49,1,12,4,120.667452,24.131023,3
7495,66000,387130000C,(04)23274275,(04)23288582,2025,12,17,14,7,臺中市,霧峰區,0,1,0,7,2,6,40,13,9,1,5,4,6,6,4,4,5,5,5,1,13,2,9,5,4,C03,7,9,1,10,2,11,,59,59,1,12,4,120.709185,24.081073,2
7496,66000,387130000C,(04)23274275,(04)23288582,2025,12,17,14,8,臺中市,南區,0,0,0,7,,,50,,,,,,,,,,,,,,12,,,,,B03,,,1,,1,,,84,84,1,12,4,120.653303,24.122633,3
7497,66000,387130000C,(04)23274275,(04)23288582,2025,12,17,14,10,臺中市,大甲區,0,1,0,7,1,6,50,13,9,1,5,4,6,6,4,4,5,5,5,1,13,2,9,1,1,C03,7,9,1,10,2,11,,7,7,1,12,4,120.629105,24.340435,2
7498,66000,387130000C,(04)23274275,(04)23288582,2025,12,17,14,11,臺中市,龍井區,0,0,0,7,,,40,,,,,,,,,,,,,,,,,,,A41,,,1,,2,,,39,39,1,12,4,120.505734,24.203129,3
7499,66000,387130000C,(04)23274275,(04)23288582,2025,12,17,14,16,臺中市,南屯區,0,0,0,7,,,50,,,,,,,,,,,,,,13,,,,,B03,,,1,,1,,,84,84,1,12,4,120.636712,24.135579,3
7500,66000,387130000C,(04)23274275,(04)23288582,2025,12,17,14,21,臺中市,西區,0,0,0,7,,,50,,,,,,,,,,,,,,13,,,,,B03,,,1,,1,,,57,57,1,13,4,120.669747,24.146966,3
7501,66000,387130000C,(04)23274275,(04)23288582,2025,12,17,14,23,臺中市,沙鹿區,0,2,0,7,2,6,50,13,7,1,5,4,6,6,4,4,5,5,4,2,17,2,8,1,1,C03,7,1,1,10,2,13,12,39,39,1,12,4,120.578477,24.223393,2
7502,66000,387130000C,(04)23274275,(04)23288582,2025,12,17,14,25,臺中市,龍井區,0,0,0,7,,,30,,,,,,,,,,,,,,14,,,,,C03,,,1,,9,,,49,49,1,6,4,120.59112,24.18051,3
7503,66000,387130000C,(04)23274275,(04)23288582,2025,12,17,14,29,臺中市,潭子區,0,0,0,7,,3,80,,,,,,,,,,,,,,,,,,,A11,,,1,,2,,,40,40,1,13,4,120.717694,24.19805,3
7504,66000,387130000C,(04)23274275,(04)23288582,2025,12,17,14,30,臺中市,霧峰區,0,0,0,7,,,40,,,,,,,,,,,,,,,,,,,B03,,,1,,2,,,11,11,1,13,4,120.706063,24.073068,3
7505,66000,387130000C,(04)23274275,(04)23288582,2025,12,17,14,32,臺中市,龍井區,0,0,0,7,,,50,,,,,,,,,,,,,,,,,,,B12,,,1,,2,,,49,49,1,12,4,120.546141,24.194404,3
7506,66000,387130000C,(04)23274275,(04)23288582,2025,12,17,14,32,臺中市,大甲區,0,0,0,7,,,50,,,,,,,,,,,,,,13,,,,,B12,,,1,,1,,,59,59,1,6,4,120.615761,24.347512,3
7507,66000,387130000C,(04)23274275,(04)23288582,2025,12,17,14,36,臺中市,南屯區,0,0,1,7,2,6,50,4,1,1,5,4,6,6,2,1,5,5,5,2,16,3,10,3,1,B03,7,6,1,8,2,8,,11,11,1,6,4,120.636844,24.153681,2
7508,66000,387130000C,(04)23274275,(04)23288582,2025,12,17,14,36,臺中市,大里區,0,0,0,7,,,50,,,,,,,,,,,,,,14,,,,,B12,,,1,,2,,,49,49,1,12,4,120.702981,24.096179,3
7509,66000,387130000C,(04)23274275,(04)23288582,2025,12,17,14,40,臺中市,南屯區,0,2,0,7,2,6,50,4,1,1,5,4,6,6,1,1,10,5,5,2,17,3,10,3,1,B03,7,5,1,8,2,5,,11,11,1,12,4,120.648156,24.126849,2
7510,66000,387130000C,(04)23274275,(04)23288582,2025,12,17,14,42,臺中市,南屯區,0,0,0,7,,,30,,,,,,,,,,,,,,17,,,,,C03,,,1,,1,,,65,65,1,13,4,120.640391,24.136096,3
7511,66000,387130000C,(04)23274275,(04)23288582,2025,12,17,14,42,臺中市,北屯區,0,0,0,7,,,50,,,,,,,,,,,,,,12,,,,,C03,,,3,,2,,,84,84,1,6,4,120.697906,24.170465,3
7512,66000,387130000C,(04)23274275,(04)23288582,2025,12,17,14,45,臺中市,清水區,0,0,0,7,,,50,,,,,,,,,,,,,,,,,,,B03,,,1,,2,,,84,84,1,12,4,120.581907,24.268902,3
7513,66000,387130000C,(04)23274275,(04)23288582,2025,12,17,14,47,臺中市,南屯區,0,0,0,7,,,50,,,,,,,,,,,,,,13,,,,,C03,,,1,,1,,,7,7,1,6,4,120.640729,24.141315,3
7514,66000,387130000C,(04)23274275,(04)23288582,2025,12,17,14,48,臺中市,北區,0,3,0,7,2,6,50,13,9,1,5,4,6,6,4,4,9,5,5,2,16,3,10,5,4,B01,7,6,1,4,2,1,5,20,20,1,13,4,120.684816,24.155498,2
7515,66000,387130000C,(04)23274275,(04)23288582,2025,12,17,14,52,臺中市,梧棲區,0,0,0,7,,,50,,,,,,,,,,,,,,14,,,,,B12,,,1,,10,,,49,49,1,12,4,120.533039,24.251991,3
7516,66000,387130000C,(04)23274275,(04)23288582,2025,12,17,14,55,臺中市,太平區,0,1,0,7,2,6,50,13,9,1,5,4,6,6,4,4,5,4,5,1,13,3,10,3,1,B03,7,9,1,8,2,1,,84,84,1,13,4,120.712458,24.156312,2
7517,66000,387130000C,(04)23274275,(04)23288582,2025,12,17,14,55,臺中市,龍井區,0,0,0,7,,,30,,,,,,,,,,,,,,,,,,,A11,,,1,,1,,,49,49,1,12,4,120.536463,24.192701,3
7518,66000,387130000C,(04)23274275,(04)23288582,2025,12,17,14,58,臺中市,西屯區,0,1,0,7,2,6,50,4,1,1,5,4,6,6,1,1,10,5,5,2,16,2,9,5,1,C03,7,6,1,10,2,14,,48,48,1,12,4,120.664605,24.178161,2
7519,66000,387130000C,(04)23274275,(04)23288582,2025,12,17,14,58,臺中市,大甲區,0,2,0,7,1,6,50,3,1,1,5,4,6,6,4,4,5,4,4,2,16,2,9,1,1,C03,7,6,1,10,2,11,,12,12,1,12,4,120.627748,24.346811,2
7520,66000,387130000C,(04)23274275,(04)23288582,2025,12,17,15,0,臺中市,北區,0,0,0,7,,,40,,,,,,,,,,,,,,12,,,,,B03,,,1,,1,,,84,84,1,13,4,120.680164,24.152191,3
7521,66000,387130000C,(04)23274275,(04)23288582,2025,12,17,15,0,臺中市,南屯區,0,0,0,7,,,50,,,,,,,,,,,,,,,,,,,B03,,,1,,2,,,8,8,1,12,4,120.650605,24.152532,3
7522,66000,387130000C,(04)23274275,(04)23288582,2025,12,17,15,4,臺中市,大里區,0,0,0,7,2,6,50,13,9,1,5,4,6,6,4,4,9,5,5,2,17,,,,,A12,,,1,,2,,,84,84,1,13,4,120.670571,24.087841,3
7523,66000,387130000C,(04)23274275,(04)23288582,2025,12,17,15,8,臺中市,沙鹿區,0,0,0,7,,,50,,,,,,,,,,,,,,,,,,,C03,,,1,,2,,,7,7,1,12,4,120.566098,24.236445,3
7524,66000,387130000C,(04)23274275,(04)23288582,2025,12,17,15,10,臺中市,西區,0,0,0,7,,,50,,,,,,,,,,,,,,12,,,,,B03,,,1,,2,,,47,47,1,13,4,120.663184,24.163314,3
7525,66000,387130000C,(04)23274275,(04)23288582,2025,12,17,15,17,臺中市,豐原區,0,0,0,7,,,30,,,,,,,,,,,,,,14,,,,,B12,,,1,,2,,,49,49,1,6,4,120.716692,24.264657,3
7526,66000,387130000C,(04)23274275,(04)23288582,2025,12,17,15,19,臺中市,大雅區,0,0,0,7,,,30,,,,,,,,,,,,,,,,,,,C03,,,1,,1,,,7,7,1,12,4,120.658382,24.212336,3
7527,66000,387130000C,(04)23274275,(04)23288582,2025,12,17,15,19,臺中市,西區,0,1,0,7,3,6,50,4,2,1,5,4,6,6,1,1,5,5,4,2,12,3,10,3,1,B03,7,9,1,8,1,4,,84,84,1,6,4,120.670242,24.146352,2
7528,66000,387130000C,(04)23274275,(04)23288582,2025,12,17,15,20,臺中市,北區,0,1,0,7,2,6,50,4,2,1,5,4,6,6,4,4,10,5,5,2,17,2,9,2,1,C03,7,9,1,10,2,12,,15,15,1,13,4,120.680878,24.153489,2
7529,66000,387130000C,(04)23274275,(04)23288582,2025,12,17,15,20,臺中市,霧峰區,0,0,0,7,,,30,,,,,,,,,,,,,,16,,,,,C03,,,1,,2,,,11,11,1,12,4,120.713567,24.072179,3
7530,66000,387130000C,(04)23274275,(04)23288582,2025,12,17,15,21,臺中市,北屯區,0,1,0,7,2,6,50,3,1,1,5,4,6,6,4,4,10,5,5,2,16,3,10,3,1,B03,7,5,1,8,2,5,,85,85,1,6,4,120.689174,24.180257,2
7531,66000,387130000C,(04)23274275,(04)23288582,2025,12,17,15,25,臺中市,霧峰區,0,0,0,7,,,30,,,,,,,,,,,,,,17,,,,,A12,,,1,,2,,,82,82,1,12,4,120.694466,24.017115,3
7532,66000,387130000C,(04)23274275,(04)23288582,2025,12,17,15,29,臺中市,東區,0,0,0,7,,,50,,,,,,,,,,,,,,12,,,,,B12,,,1,,1,,,8,8,1,12,4,120.693852,24.127383,3
7533,66000,387130000C,(04)23274275,(04)23288582,2025,12,17,15,30,臺中市,南區,0,0,0,7,,,50,,,,,,,,,,,,,,17,,,,,B03,,,1,,1,,,84,84,1,12,4,120.683581,24.131753,3
7534,66000,387130000C,(04)23274275,(04)23288582,2025,12,17,15,34,臺中市,北屯區,0,0,0,7,,,50,,,,,,,,,,,,,,13,,,,,B03,,,1,,2,,,84,84,1,6,4,120.71886,24.175692,3
7535,66000,387130000C,(04)23274275,(04)23288582,2025,12,17,15,35,臺中市,東區,0,3,0,7,2,6,50,4,1,1,5,4,6,6,2,1,5,4,5,2,15,2,9,2,1,C03,7,9,1,10,7,11,,21,21,1,13,4,120.692397,24.142737,2
7536,66000,387130000C,(04)23274275,(04)23288582,2025,12,17,15,39,臺中市,中區,0,0,0,7,,,50,,,,,,,,,,,,,,17,,,,,F03,,,7,,9,,,84,84,1,12,4,120.681125,24.138844,3
7537,66000,387130000C,(04)23274275,(04)23288582,2025,12,17,15,39,臺中市,大里區,0,0,0,7,,,50,,,,,,,,,,,,,,16,,,,,C03,,,1,,2,,,84,84,1,12,4,120.693768,24.090875,3
7538,66000,387130000C,(04)23274275,(04)23288582,2025,12,17,15,40,臺中市,沙鹿區,0,1,0,7,2,6,40,4,2,1,5,4,6,6,1,1,1,2,4,2,1,3,10,1,1,C03,7,9,1,10,2,11,,84,84,1,5,4,120.570946,24.216046,2
7539,66000,387130000C,(04)23274275,(04)23288582,2025,12,17,15,41,臺中市,西屯區,0,0,0,7,,,30,,,,,,,,,,,,,,17,,,,,B03,,,1,,2,,,84,84,1,12,4,120.664705,24.165579,3
7540,66000,387130000C,(04)23274275,(04)23288582,2025,12,17,15,42,臺中市,西區,0,1,0,7,2,6,50,13,8,1,5,4,6,6,4,4,1,4,4,2,17,3,10,3,1,B12,7,9,1,10,2,2,,8,8,1,12,4,120.660951,24.159175,2
7541,66000,387130000C,(04)23274275,(04)23288582,2025,12,17,15,42,臺中市,北屯區,0,0,0,7,,,50,,,,,,,,,,,,,,14,,,,,B03,,,1,,1,,,49,49,1,13,4,120.689578,24.178908,3
7542,66000,387130000C,(04)23274275,(04)23288582,2025,12,17,15,42,臺中市,北屯區,0,1,0,7,2,6,50,4,1,1,5,4,6,6,1,1,5,2,5,2,12,3,10,1,1,C03,7,9,1,10,2,15,,85,85,1,12,4,120.676214,24.19188,2
7543,66000,387130000C,(04)23274275,(04)23288582,2025,12,17,15,42,臺中市,清水區,0,2,0,7,2,6,30,4,1,1,5,4,6,6,4,4,5,2,5,1,16,2,9,2,1,C03,7,6,1,10,2,11,,14,14,1,13,4,120.55938,24.263412,2
7544,66000,387130000C,(04)23274275,(04)23288582,2025,12,17,15,44,臺中市,潭子區,0,1,0,7,3,6,40,4,1,1,5,4,6,6,1,1,5,4,4,2,15,2,9,2,1,C03,7,9,1,10,2,12,14,21,21,1,13,4,120.70072,24.216181,2
7545,66000,387130000C,(04)23274275,(04)23288582,2025,12,17,15,44,臺中市,烏日區,0,0,0,7,,,30,,,,,,,,,,,,,,14,,,,,A12,,,1,,1,,,49,49,1,6,4,120.582733,24.110195,3
7546,66000,387130000C,(04)23274275,(04)23288582,2025,12,17,15,45,臺中市,西區,0,1,0,7,3,6,50,3,1,1,5,4,6,6,1,1,10,5,5,2,18,2,9,1,1,C03,7,15,1,10,2,12,,84,84,1,6,4,120.669801,24.146717,2
7547,66000,387130000C,(04)23274275,(04)23288582,2025,12,17,15,46,臺中市,西區,0,0,0,7,,,40,,,,,,,,,,,,,,15,,,,,C03,,,1,,1,,,13,13,1,13,4,120.660558,24.160833,4
7548,66000,387130000C,(04)23274275,(04)23288582,2025,12,17,15,47,臺中市,南屯區,0,1,0,7,2,6,50,13,8,1,5,4,6,6,4,4,1,4,4,2,13,3,10,3,1,B03,7,7,1,8,2,6,,40,40,1,12,4,120.640554,24.146249,2
7549,66000,387130000C,(04)23274275,(04)23288582,2025,12,17,15,47,臺中市,太平區,0,0,0,7,,,0,,,,,,,,,,,,,,,,,,,B03,,,1,,2,,,49,49,1,12,4,120.71805,24.122868,3
7550,66000,387130000C,(04)23274275,(04)23288582,2025,12,17,15,50,臺中市,烏日區,0,1,0,7,2,6,50,13,7,1,5,4,6,6,4,4,5,4,4,1,12,2,9,1,1,C03,7,9,1,10,2,11,,7,7,1,6,4,120.620954,24.106647,2
7551,66000,387130000C,(04)23274275,(04)23288582,2025,12,17,15,50,臺中市,清水區,0,1,0,7,2,6,50,4,1,1,5,4,6,6,4,4,8,3,5,1,17,2,9,1,1,C03,7,6,1,10,2,12,,20,20,1,12,4,120.577546,24.270462,2
7552,66000,387130000C,(04)23274275,(04)23288582,2025,12,17,15,50,臺中市,沙鹿區,0,0,0,7,,,40,,,,,,,,,,,,,,9,,,,,A04,,,1,,2,,,8,8,1,6,4,120.571857,24.233802,3
7553,66000,387130000C,(04)23274275,(04)23288582,2025,12,17,15,51,臺中市,西區,0,0,0,7,,,50,,,,,,,,,,,,,,13,,,,,B03,,,1,,1,,,7,7,1,12,4,120.66583,24.130638,3
7554,66000,387130000C,(04)23274275,(04)23288582,2025,12,17,15,52,臺中市,西區,0,2,0,7,2,6,50,4,1,1,5,4,6,6,1,1,10,5,5,2,17,2,9,1,1,C03,7,9,1,10,2,11,,7,7,1,12,4,120.661673,24.149016,2
7555,66000,387130000C,(04)23274275,(04)23288582,2025,12,17,15,56,臺中市,龍井區,0,0,0,7,,,50,,,,,,,,,,,,,,,,,,,B12,,,1,,1,,,7,7,1,12,4,120.521918,24.215987,3
7556,66000,387130000C,(04)23274275,(04)23288582,2025,12,17,15,56,臺中市,龍井區,0,2,0,7,2,6,50,4,1,1,5,4,6,6,4,4,10,5,5,2,14,3,10,3,1,B03,7,2,1,8,2,4,,49,49,1,6,4,120.58528,24.181962,2
7557,66000,387130000C,(04)23274275,(04)23288582,2025,12,17,15,58,臺中市,大里區,0,2,0,7,3,6,50,4,1,1,5,4,6,6,1,1,10,5,5,2,16,3,10,5,4,B03,7,5,1,8,2,6,,47,47,1,13,4,120.688631,24.080636,2
7558,66000,387130000C,(04)23274275,(04)23288582,2025,12,17,16,0,臺中市,北區,0,0,0,7,,,50,,,,,,,,,,,,,,17,,,,,C03,,,1,,2,,,84,84,1,12,4,120.687806,24.149954,3
7559,66000,387130000C,(04)23274275,(04)23288582,2025,12,17,16,0,臺中市,東區,0,0,0,7,,,,,,,,,,,,,,,,,,,,,,,,,,,,,,84,84,1,,,120.688385,24.133699,3
7560,66000,387130000C,(04)23274275,(04)23288582,2025,12,17,16,0,臺中市,大里區,0,0,0,7,,,50,,,,,,,,,,,,,,14,,,,,B12,,,1,,1,,,49,49,1,6,4,120.703565,24.104815,3
7561,66000,387130000C,(04)23274275,(04)23288582,2025,12,17,16,1,臺中市,西屯區,0,0,0,7,,,0,,,,,,,,,,,,,,17,,,,,B03,,,1,,2,,,84,84,1,13,4,120.604705,24.1618,3
7562,66000,387130000C,(04)23274275,(04)23288582,2025,12,17,16,3,臺中市,大里區,0,1,0,7,3,6,50,4,1,1,5,4,6,6,1,1,10,5,5,2,16,3,10,3,1,B03,7,5,1,8,2,6,,11,11,1,13,4,120.66635,24.096645,2
7563,66000,387130000C,(04)23274275,(04)23288582,2025,12,17,16,5,臺中市,大雅區,0,0,0,7,,,0,,,,,,,,,,,,,,,,,,,C03,,,1,,1,,,50,50,1,13,4,120.668404,24.236457,4
7564,66000,387130000C,(04)23274275,(04)23288582,2025,12,17,16,8,臺中市,西區,0,0,0,7,,,50,,,,,,,,,,,,,,17,,,,,C03,,,1,,1,,,78,78,1,13,4,120.670673,24.145788,3
7565,66000,387130000C,(04)23274275,(04)23288582,2025,12,17,16,9,臺中市,龍井區,0,0,0,7,,,50,,,,,,,,,,,,,,,,,,,B03,,,1,,1,,,50,50,1,12,4,120.545958,24.194423,3
7566,66000,387130000C,(04)23274275,(04)23288582,2025,12,17,16,10,臺中市,北區,0,0,0,7,3,6,50,18,24,1,5,4,6,6,4,4,3,4,5,2,17,,,,,B12,,,1,,1,,,51,51,1,13,4,120.676343,24.150252,3
7567,66000,387130000C,(04)23274275,(04)23288582,2025,12,17,16,11,臺中市,北屯區,0,1,0,7,1,6,50,4,1,1,5,4,6,6,2,1,10,5,5,2,15,3,10,3,1,B03,7,9,1,8,2,7,,21,21,1,12,4,120.722497,24.174079,2
7568,66000,387130000C,(04)23274275,(04)23288582,2025,12,17,16,11,臺中市,太平區,0,0,0,7,,,50,,,,,,,,,,,,,,,,,,,C03,,,1,,2,,,7,7,1,12,4,120.718266,24.148725,3
7569,66000,387130000C,(04)23274275,(04)23288582,2025,12,17,16,13,臺中市,西屯區,0,0,0,7,,,70,,,,,,,,,,,,,,,,,,,B13,,,1,,2,,,8,8,1,13,4,120.621585,24.18004,3
7570,66000,387130000C,(04)23274275,(04)23288582,2025,12,17,16,15,臺中市,北屯區,0,0,0,7,,,50,,,,,,,,,,,,,,13,,,,,B03,,,1,,1,,,7,7,1,12,4,120.697168,24.168927,3
7571,66000,387130000C,(04)23274275,(04)23288582,2025,12,17,16,15,臺中市,沙鹿區,0,1,0,7,3,6,50,13,9,1,5,4,6,6,4,4,9,5,5,2,17,2,7,2,1,C03,7,1,1,10,2,12,,51,51,1,12,4,120.564418,24.243737,2
7572,66000,387130000C,(04)23274275,(04)23288582,2025,12,17,16,15,臺中市,豐原區,0,0,0,7,,,50,,,,,,,,,,,,,,,,,,,B03,,,1,,2,,,4,4,1,13,4,120.743761,24.255559,3
7573,66000,387130000C,(04)23274275,(04)23288582,2025,12,17,16,16,臺中市,大里區,0,0,0,7,,,50,,,,,,,,,,,,,,12,,,,,A12,,,1,,2,,,8,8,1,12,4,120.691348,24.091921,3
7574,66000,387130000C,(04)23274275,(04)23288582,2025,12,17,16,17,臺中市,南屯區,0,1,0,7,2,6,50,4,1,1,5,4,6,6,2,1,5,5,5,2,15,3,10,3,1,B03,7,9,1,8,2,2,,84,84,1,6,4,120.631459,24.125219,2
7575,66000,387130000C,(04)23274275,(04)23288582,2025,12,17,16,26,臺中市,北區,0,0,0,7,,,50,,,,,,,,,,,,,,13,,,,,C03,,,1,,1,,,7,7,1,13,4,120.683083,24.153975,3
7576,66000,387130000C,(04)23274275,(04)23288582,2025,12,17,16,26,臺中市,南屯區,0,0,0,7,,,50,,,,,,,,,,,,,,17,,,,,B03,,,1,,9,,,8,8,1,12,4,120.635335,24.150533,3
7577,66000,387130000C,(04)23274275,(04)23288582,2025,12,17,16,28,臺中市,南屯區,0,0,0,7,,,50,,,,,,,,,,,,,,,,,,,B03,,,1,,1,,,40,40,1,12,4,120.625913,24.144789,3
7578,66000,387130000C,(04)23274275,(04)23288582,2025,12,17,16,30,臺中市,豐原區,0,2,0,7,1,6,50,13,9,1,5,4,6,6,4,4,1,4,5,2,17,2,9,3,1,B03,7,9,1,8,2,1,,7,7,1,6,4,120.724166,24.245352,2
7579,66000,387130000C,(04)23274275,(04)23288582,2025,12,17,16,32,臺中市,西區,0,1,0,7,3,6,50,4,1,1,5,4,6,6,4,4,10,5,5,2,16,3,10,3,1,B03,7,6,1,8,2,4,,84,84,1,6,4,120.668145,24.150243,2
7580,66000,387130000C,(04)23274275,(04)23288582,2025,12,17,16,34,臺中市,西區,0,1,0,7,2,6,50,3,1,1,5,4,6,6,4,4,1,4,4,2,12,3,10,3,1,B03,7,5,1,8,2,5,,20,20,1,13,4,120.65818,24.155055,2
7581,66000,387130000C,(04)23274275,(04)23288582,2025,12,17,16,34,臺中市,北屯區,0,1,0,7,3,6,30,3,1,1,5,4,6,6,4,4,10,5,5,2,15,3,10,1,1,C03,7,9,1,10,2,12,,12,12,1,12,4,120.690354,24.164806,2
7582,66000,387130000C,(04)23274275,(04)23288582,2025,12,17,16,35,臺中市,西區,0,0,0,7,,,50,,,,,,,,,,,,,,13,,,,,B03,,,1,,1,,,84,84,1,12,4,120.673329,24.147785,3
7583,66000,387130000C,(04)23274275,(04)23288582,2025,12,17,16,35,臺中市,北區,0,0,0,7,,,50,,,,,,,,,,,,,,17,,,,,B03,,,1,,1,,,7,7,1,13,4,120.689674,24.154878,3
7584,66000,387130000C,(04)23274275,(04)23288582,2025,12,17,16,38,臺中市,北屯區,0,1,0,7,2,6,50,13,9,1,5,4,6,6,4,4,9,5,5,2,17,3,10,3,1,B03,7,8,1,8,2,8,,58,58,1,6,4,120.668509,24.181208,2
7585,66000,387130000C,(04)23274275,(04)23288582,2025,12,17,16,38,臺中市,大甲區,0,0,0,7,,,30,,,,,,,,,,,,,,11,,,,,B03,,,1,,1,,,59,59,1,6,4,120.596219,24.333871,3
7586,66000,387130000C,(04)23274275,(04)23288582,2025,12,17,16,41,臺中市,西屯區,0,0,0,7,,,40,,,,,,,,,,,,,,16,,,,,B03,,,1,,2,,,14,14,1,13,4,120.655392,24.159099,3
7587,66000,387130000C,(04)23274275,(04)23288582,2025,12,17,16,42,臺中市,西屯區,0,1,0,7,1,6,50,3,1,1,5,4,6,6,4,4,10,5,5,1,17,3,10,5,4,B03,7,5,1,8,2,4,,47,47,1,13,4,120.588945,24.178352,2
7588,66000,387130000C,(04)23274275,(04)23288582,2025,12,17,16,43,臺中市,西屯區,0,0,0,7,,,40,,,,,,,,,,,,,,13,,,,,C03,,,1,,1,,,7,7,1,12,4,120.656285,24.159158,4
7589,66000,387130000C,(04)23274275,(04)23288582,2025,12,17,16,43,臺中市,大甲區,0,0,0,7,,,50,,,,,,,,,,,,,,14,,,,,B03,,,1,,2,,,49,49,1,12,4,120.652038,24.405301,3
7590,66000,387130000C,(04)23274275,(04)23288582,2025,12,17,16,45,臺中市,龍井區,0,1,0,7,2,6,50,11,9,1,5,4,6,6,4,4,5,5,5,2,18,2,9,1,1,F01,7,6,7,21,2,14,,59,59,1,4,4,120.574932,24.196066,2
7591,66000,387130000C,(04)23274275,(04)23288582,2025,12,17,16,46,臺中市,西區,0,0,0,7,,,50,,,,,,,,,,,,,,,,,,,B03,,,1,,2,,,8,8,1,12,4,120.658326,24.151157,3
7592,66000,387130000C,(04)23274275,(04)23288582,2025,12,17,16,46,臺中市,大里區,0,1,0,7,2,6,50,4,1,1,5,4,6,6,1,1,1,4,4,2,16,3,10,5,4,B03,7,5,1,8,2,2,,11,11,1,12,4,120.688539,24.080766,2
7593,66000,387130000C,(04)23274275,(04)23288582,2025,12,17,16,46,臺中市,太平區,0,0,0,7,,,50,,,,,,,,,,,,,,,,,,,C03,,,1,,2,,,84,84,1,12,4,120.714068,24.138909,3
7594,66000,387130000C,(04)23274275,(04)23288582,2025,12,17,16,47,臺中市,北區,0,0,0,7,,,50,,,,,,,,,,,,,,17,,,,,C03,,,1,,1,,,84,84,1,12,4,120.676548,24.16324,3
7595,66000,387130000C,(04)23274275,(04)23288582,2025,12,17,16,47,臺中市,北屯區,0,2,0,7,2,6,50,3,1,1,5,4,6,6,4,4,10,5,5,2,16,2,7,4,1,F01,7,6,7,21,2,14,,48,48,1,12,1,120.692912,24.176506,2
7596,66000,387130000C,(04)23274275,(04)23288582,2025,12,17,16,52,臺中市,太平區,0,0,0,7,,,50,,,,,,,,,,,,,,,,,,,B03,,,1,,2,,,8,8,1,12,4,120.715511,24.14891,3
7597,66000,387130000C,(04)23274275,(04)23288582,2025,12,17,16,55,臺中市,大里區,0,1,0,7,2,6,50,4,2,1,5,4,6,6,4,4,4,5,5,2,17,2,8,1,1,C03,7,6,1,10,2,15,,11,11,1,6,4,120.700417,24.108822,2
7598,66000,387130000C,(04)23274275,(04)23288582,2025,12,17,17,0,臺中市,沙鹿區,0,1,0,6,1,6,50,3,1,1,5,4,6,6,4,4,1,4,5,2,12,3,10,1,1,C03,7,9,1,10,1,12,,87,87,1,12,4,120.568703,24.222812,2