序號,縣市別代碼,機關代碼,市話,傳真,年,月,日,時,分,縣市,區,死亡數量,受傷數量,2-30,天候,道路照明設備,道路類別,道路速限,道路型態,事故位置,路面鋪裝,路面狀態,路面缺陷,障礙物,視距,號誌種類,號誌動作,分向設施,快車道或一般車道間,快慢車道間,路面邊線,事故類型及型態,受傷程度,主要傷處,保護裝備,行動電話或功能裝置,當事者區分(類別),車輛用途,當事者行動狀態,駕照狀態,駕照種類,飲酒情形,車輛撞擊部位最初,車輛撞擊部位其他,肇事因素個別,肇事因素主要,肇事逃逸,職業,共享經濟或外送平台,GPS座標X,GPS座標Y,事故類別
7599,66000,387130000C,(04)23274275,(04)23288582,2025,12,17,17,8,臺中市,大里區,0,1,0,7,2,6,50,4,1,1,5,4,6,6,1,1,5,5,4,2,15,3,10,3,1,B03,7,9,1,8,2,1,,21,21,1,13,4,120.689042,24.104661,2
7600,66000,387130000C,(04)23274275,(04)23288582,2025,12,17,17,10,臺中市,大里區,0,1,0,7,1,6,50,3,1,1,5,4,6,6,1,1,10,5,5,2,16,3,10,1,1,C03,7,6,1,10,2,12,,11,11,1,6,4,120.676874,24.09764,2
7601,66000,387130000C,(04)23274275,(04)23288582,2025,12,17,17,10,臺中市,清水區,0,1,0,7,2,6,50,4,1,1,5,4,6,6,4,4,1,2,5,2,15,2,9,2,1,C03,7,9,1,10,2,12,,15,15,1,13,4,120.538698,24.268337,2
7602,66000,387130000C,(04)23274275,(04)23288582,2025,12,17,17,11,臺中市,西屯區,0,0,0,7,,,50,,,,,,,,,,,,,,13,,,,,C03,,,1,,1,,,7,7,1,12,4,120.645106,24.176961,3
7603,66000,387130000C,(04)23274275,(04)23288582,2025,12,17,17,12,臺中市,大里區,0,1,0,7,1,6,50,4,4,1,5,4,6,6,4,4,5,5,5,1,13,2,4,1,1,C03,7,9,1,10,2,14,,7,7,1,6,2,120.683863,24.110683,2
7604,66000,387130000C,(04)23274275,(04)23288582,2025,12,17,17,15,臺中市,中區,0,0,0,7,,,50,,,,,,,,,,,,,,17,,,,,F01,,,1,,2,,,14,14,1,13,1,120.680385,24.143534,4
7605,66000,387130000C,(04)23274275,(04)23288582,2025,12,17,17,15,臺中市,西屯區,0,0,0,7,,,50,,,,,,,,,,,,,,13,,,,,C03,,,1,,1,,,59,59,1,13,4,120.622185,24.174168,3
7606,66000,387130000C,(04)23274275,(04)23288582,2025,12,17,17,16,臺中市,北屯區,0,1,0,7,1,6,50,3,1,1,5,4,6,6,4,4,10,5,5,2,12,3,10,1,1,C03,7,9,1,10,2,12,11,4,4,1,12,4,120.674564,24.177425,2
7607,66000,387130000C,(04)23274275,(04)23288582,2025,12,17,17,19,臺中市,西屯區,0,0,0,7,,,50,,,,,,,,,,,,,,,,,,,B03,,,1,,1,,,7,7,1,13,4,120.610041,24.194197,3
7608,66000,387130000C,(04)23274275,(04)23288582,2025,12,17,17,22,臺中市,西屯區,0,1,0,7,1,6,50,13,9,1,5,4,6,6,4,4,5,4,5,2,12,3,10,3,1,B12,7,9,1,8,2,2,,8,8,1,12,4,120.620184,24.187146,2
7609,66000,387130000C,(04)23274275,(04)23288582,2025,12,17,17,24,臺中市,豐原區,0,2,0,7,1,6,50,3,1,1,5,4,6,6,1,1,10,5,5,2,16,2,9,1,1,C03,7,1,1,10,2,14,,51,51,1,12,4,120.722248,24.276815,2
7610,66000,387130000C,(04)23274275,(04)23288582,2025,12,17,17,25,臺中市,大雅區,0,0,0,7,,,0,,,,,,,,,,,,,,,,,,,C03,,,1,,2,,,49,49,1,13,4,120.64808,24.227048,3
7611,66000,387130000C,(04)23274275,(04)23288582,2025,12,17,17,30,臺中市,大雅區,0,0,0,7,,,50,,,,,,,,,,,,,,,,,,,C03,,,1,,1,,,84,84,1,13,4,120.653267,24.225673,3
7612,66000,387130000C,(04)23274275,(04)23288582,2025,12,17,17,30,臺中市,北屯區,0,1,0,7,1,6,50,4,1,1,5,4,6,6,2,1,10,5,5,2,15,3,10,3,1,B03,7,9,1,8,2,8,,21,21,1,13,4,120.704549,24.186526,2
7613,66000,387130000C,(04)23274275,(04)23288582,2025,12,17,17,30,臺中市,大里區,0,1,0,7,3,6,40,3,1,1,5,4,6,6,1,1,10,5,5,2,17,3,10,5,4,B03,7,6,1,8,2,16,,11,11,1,13,4,120.709433,24.103968,2
7614,66000,387130000C,(04)23274275,(04)23288582,2025,12,17,17,30,臺中市,豐原區,0,0,0,7,,,60,,,,,,,,,,,,,,13,,,,,B12,,,1,,2,,,84,84,1,6,4,120.749545,24.268486,3
7615,66000,387130000C,(04)23274275,(04)23288582,2025,12,17,17,35,臺中市,太平區,0,2,0,7,1,6,50,3,9,1,5,4,6,6,4,4,5,5,4,2,13,2,8,2,1,C03,7,9,1,10,2,11,,84,84,1,12,4,120.733522,24.153699,2
7616,66000,387130000C,(04)23274275,(04)23288582,2025,12,17,17,36,臺中市,潭子區,0,0,0,7,,,50,,,,,,,,,,,,,,,,,,,B03,,,1,,2,,,14,14,1,13,4,120.700653,24.210954,3
7617,66000,387130000C,(04)23274275,(04)23288582,2025,12,17,17,38,臺中市,西區,0,0,0,7,,,50,,,,,,,,,,,,,,,,,,,B03,,,1,,2,,,84,84,1,6,4,120.654102,24.14661,3
7618,66000,387130000C,(04)23274275,(04)23288582,2025,12,17,17,41,臺中市,北區,0,0,0,7,1,6,50,4,1,1,5,4,6,6,2,1,10,5,5,2,17,,,,,B03,,,1,,1,,,47,47,1,13,4,120.676838,24.163304,3
7619,66000,387130000C,(04)23274275,(04)23288582,2025,12,17,17,41,臺中市,后里區,0,2,0,7,1,6,50,3,1,1,5,4,6,6,4,4,10,5,5,2,15,2,8,1,1,C03,7,15,1,10,2,11,,14,14,1,12,4,120.723208,24.289753,2
7620,66000,387130000C,(04)23274275,(04)23288582,2025,12,17,17,43,臺中市,南屯區,0,2,0,7,1,6,50,3,2,1,5,4,6,6,4,4,10,5,5,2,17,2,9,1,1,C03,7,11,1,10,2,13,,45,45,1,6,4,120.620971,24.144972,2
7621,66000,387130000C,(04)23274275,(04)23288582,2025,12,17,17,43,臺中市,霧峰區,0,0,0,7,,,50,,,,,,,,,,,,,,14,,,,,B03,,,1,,2,,,49,49,1,12,4,120.699287,24.058187,3
7622,66000,387130000C,(04)23274275,(04)23288582,2025,12,17,17,43,臺中市,大甲區,0,0,0,7,,,30,,,,,,,,,,,,,,17,,,,,B03,,,1,,1,,,51,51,1,12,4,120.617967,24.346794,3
7623,66000,387130000C,(04)23274275,(04)23288582,2025,12,17,17,43,臺中市,豐原區,0,2,0,7,1,6,50,4,1,1,5,4,6,6,1,1,10,5,5,2,13,2,9,1,1,C03,7,9,1,10,2,11,,84,84,1,12,4,120.70419,24.231654,2
7624,66000,387130000C,(04)23274275,(04)23288582,2025,12,17,17,45,臺中市,霧峰區,0,0,0,7,,,40,,,,,,,,,,,,,,13,,,,,B03,,,1,,2,,,7,7,1,12,4,120.662803,24.069992,3
7625,66000,387130000C,(04)23274275,(04)23288582,2025,12,17,17,45,臺中市,沙鹿區,0,1,0,7,3,6,50,4,1,1,5,4,6,6,1,1,10,5,5,2,28,2,8,2,1,C03,7,9,1,10,2,16,,87,87,1,12,4,120.571274,24.23617,2
7626,66000,387130000C,(04)23274275,(04)23288582,2025,12,17,17,45,臺中市,豐原區,0,0,0,7,,,50,,,,,,,,,,,,,,17,,,,,B03,,,1,,1,,,40,40,1,6,4,120.758503,24.276065,3
7627,66000,387130000C,(04)23274275,(04)23288582,2025,12,17,17,46,臺中市,外埔區,0,1,0,7,1,6,30,3,9,1,5,4,6,6,4,4,10,5,5,2,11,3,10,3,1,B12,7,6,1,8,2,7,,41,41,1,6,4,120.696466,24.345559,2
7628,66000,387130000C,(04)23274275,(04)23288582,2025,12,17,17,47,臺中市,梧棲區,0,0,0,6,,,40,,,,,,,,,,,,,,13,,,,,B02,,,1,,2,,,7,7,1,12,4,120.525779,24.224664,3
7629,66000,387130000C,(04)23274275,(04)23288582,2025,12,17,17,48,臺中市,西屯區,0,1,0,7,1,6,40,13,8,1,5,4,6,6,2,1,5,5,4,2,12,3,10,1,1,C03,7,9,1,10,2,13,,8,8,1,12,4,120.656493,24.160538,2
7630,66000,387130000C,(04)23274275,(04)23288582,2025,12,17,17,48,臺中市,沙鹿區,0,0,0,7,2,6,50,5,1,1,5,4,6,6,4,4,10,5,5,,17,3,10,1,1,C03,7,5,3,19,1,,,6,6,1,6,4,120.57693,24.221759,3
7631,66000,387130000C,(04)23274275,(04)23288582,2025,12,17,17,49,臺中市,大雅區,0,0,0,7,,,70,,,,,,,,,,,,,,,,,,,B03,,,1,,1,,,8,8,1,12,4,120.644825,24.226446,3
7632,66000,387130000C,(04)23274275,(04)23288582,2025,12,17,17,49,臺中市,南區,0,2,0,7,1,6,50,13,7,1,5,4,6,6,4,4,1,4,4,2,13,2,9,1,1,C03,7,9,1,10,1,12,,7,7,1,12,4,120.652169,24.118896,2
7633,66000,387130000C,(04)23274275,(04)23288582,2025,12,17,17,50,臺中市,北區,0,2,0,7,1,6,50,13,9,1,5,4,6,6,4,4,1,4,5,2,17,3,10,5,4,C03,7,15,1,10,2,15,,42,42,1,13,4,120.684467,24.150316,2
7634,66000,387130000C,(04)23274275,(04)23288582,2025,12,17,17,50,臺中市,北屯區,0,0,0,7,,,50,,,,,,,,,,,,,,3,,,,,C03,,,1,,2,,,59,59,1,6,4,120.676677,24.176155,4
7635,66000,387130000C,(04)23274275,(04)23288582,2025,12,17,17,51,臺中市,西區,0,0,0,7,,,50,,,,,,,,,,,,,,12,,,,,B03,,,1,,1,,,8,8,1,13,4,120.666752,24.141286,3
7636,66000,387130000C,(04)23274275,(04)23288582,2025,12,17,17,52,臺中市,西屯區,0,0,0,7,,,40,,,,,,,,,,,,,,12,,,,,C03,,,1,,1,,,8,8,1,13,4,120.642864,24.201458,3
7637,66000,387130000C,(04)23274275,(04)23288582,2025,12,17,17,52,臺中市,西屯區,0,0,0,6,1,6,50,4,1,1,5,4,6,6,2,1,10,5,5,2,17,,,,,B01,,,1,,1,,,1,1,1,13,4,120.603895,24.160651,3
7638,66000,387130000C,(04)23274275,(04)23288582,2025,12,17,17,53,臺中市,西區,0,1,0,7,2,6,50,4,1,1,5,4,6,6,1,1,10,5,5,2,13,3,10,3,1,B03,7,9,1,8,2,5,,7,7,1,12,4,120.65623,24.136569,2
7639,66000,387130000C,(04)23274275,(04)23288582,2025,12,17,17,53,臺中市,大里區,0,0,0,7,1,6,40,4,2,1,5,4,6,6,1,1,5,5,4,2,17,,,,,C03,,,1,,2,,,84,84,1,13,4,120.680553,24.100051,3
7640,66000,387130000C,(04)23274275,(04)23288582,2025,12,17,17,54,臺中市,北屯區,0,1,0,7,1,6,50,4,1,1,5,4,6,6,1,1,10,5,5,2,16,3,10,3,1,B03,7,6,1,8,2,5,,11,11,1,6,4,120.690354,24.175458,2
7641,66000,387130000C,(04)23274275,(04)23288582,2025,12,17,17,54,臺中市,霧峰區,0,0,0,7,,,50,,,,,,,,,,,,,,,,,,,B03,,,1,,11,,,8,8,1,12,4,120.681713,24.049827,3
7642,66000,387130000C,(04)23274275,(04)23288582,2025,12,17,17,55,臺中市,霧峰區,0,1,0,7,3,6,40,11,9,1,5,4,6,6,4,4,9,5,4,2,17,3,10,5,4,G02,7,1,1,1,2,17,,51,51,1,13,4,120.694676,24.059672,2
7643,66000,387130000C,(04)23274275,(04)23288582,2025,12,17,17,55,臺中市,烏日區,0,0,0,7,,,60,,,,,,,,,,,,,,12,,,,,B03,,,1,,1,,,7,7,1,6,4,120.622547,24.104725,3
7644,66000,387130000C,(04)23274275,(04)23288582,2025,12,17,17,56,臺中市,大肚區,0,3,0,6,1,6,30,4,1,1,5,4,6,6,2,1,10,5,5,2,16,2,9,1,1,C03,7,5,1,10,2,14,,8,8,1,6,4,120.553963,24.132146,2
7645,66000,387130000C,(04)23274275,(04)23288582,2025,12,17,17,59,臺中市,東區,0,1,0,7,1,6,50,3,1,1,5,4,6,6,4,4,10,5,5,2,16,3,10,5,4,B03,7,5,1,8,2,5,,47,47,1,12,4,120.698834,24.144835,2
7646,66000,387130000C,(04)23274275,(04)23288582,2025,12,17,17,59,臺中市,北屯區,0,1,0,7,2,6,50,13,9,1,5,4,6,6,4,4,9,5,5,2,16,2,9,1,1,C03,7,9,1,10,2,11,,84,84,1,12,4,120.703604,24.173306,2
7647,66000,387130000C,(04)23274275,(04)23288582,2025,12,17,17,59,臺中市,北屯區,0,2,0,7,1,6,50,4,1,1,5,4,6,6,1,1,10,5,5,2,16,2,9,1,1,C03,7,6,1,10,2,13,,48,48,1,12,4,120.682178,24.185541,2
7648,66000,387130000C,(04)23274275,(04)23288582,2025,12,17,18,1,臺中市,龍井區,0,1,0,7,1,6,50,11,12,1,5,4,6,6,4,4,5,5,4,1,17,3,10,4,1,B03,7,13,1,8,2,4,,76,76,1,12,4,120.532803,24.177109,2
7649,66000,387130000C,(04)23274275,(04)23288582,2025,12,17,18,1,臺中市,龍井區,0,1,0,7,1,6,40,4,4,1,5,4,6,6,1,1,3,5,3,2,12,3,10,3,1,B01,7,9,1,8,2,5,,85,85,1,6,4,120.575637,24.185018,2
7650,66000,387130000C,(04)23274275,(04)23288582,2025,12,17,18,5,臺中市,西屯區,0,1,0,7,1,6,50,3,1,1,5,4,6,6,4,4,10,5,5,2,3,3,10,3,1,B03,7,6,1,8,2,1,,10,10,1,12,4,120.63609,24.17669,2
7651,66000,387130000C,(04)23274275,(04)23288582,2025,12,17,18,5,臺中市,霧峰區,0,1,0,7,1,6,50,4,1,1,5,4,6,6,4,4,10,5,5,2,18,2,9,1,1,C03,7,9,1,10,2,11,,84,84,1,12,4,120.687889,24.045812,2
7652,66000,387130000C,(04)23274275,(04)23288582,2025,12,17,18,8,臺中市,霧峰區,0,0,0,7,,,50,,,,,,,,,,,,,,17,,,,,C03,,,1,,2,,,7,7,1,6,4,120.698805,24.065895,3
7653,66000,387130000C,(04)23274275,(04)23288582,2025,12,17,18,10,臺中市,北屯區,0,0,0,7,,,50,,,,,,,,,,,,,,16,,,,,B03,,,1,,1,,,20,20,1,13,4,120.70792,24.18321,3
7654,66000,387130000C,(04)23274275,(04)23288582,2025,12,17,18,16,臺中市,大里區,0,2,0,7,1,6,50,4,1,1,5,4,6,6,1,1,10,5,5,2,16,2,9,5,4,C03,7,6,1,10,2,11,,84,84,1,12,4,120.701822,24.086037,2
7655,66000,387130000C,(04)23274275,(04)23288582,2025,12,17,18,17,臺中市,后里區,0,2,0,7,1,6,50,4,1,5,5,4,6,6,1,1,10,5,5,2,16,2,9,1,1,C03,7,6,1,10,2,11,,11,11,1,12,4,120.717774,24.302737,2
7656,66000,387130000C,(04)23274275,(04)23288582,2025,12,17,18,20,臺中市,大雅區,0,0,0,7,,,70,,,,,,,,,,,,,,,,,,,B03,,,1,,1,,,7,7,1,13,4,120.629575,24.241426,3
7657,66000,387130000C,(04)23274275,(04)23288582,2025,12,17,18,20,臺中市,梧棲區,0,0,0,7,,,50,,,,,,,,,,,,,,17,,,,,B03,,,1,,2,,,59,59,1,12,4,120.530874,24.253379,3
7658,66000,387130000C,(04)23274275,(04)23288582,2025,12,17,18,20,臺中市,豐原區,0,0,0,7,,,60,,,,,,,,,,,,,,13,,,,,B03,,,1,,2,,,7,7,1,6,4,120.709783,24.254483,3
7659,66000,387130000C,(04)23274275,(04)23288582,2025,12,17,18,21,臺中市,東區,0,2,0,7,1,6,40,4,1,1,5,4,6,6,2,1,5,5,4,2,3,2,9,2,1,C03,7,9,1,10,2,11,,21,21,1,13,4,120.705368,24.137614,2
7660,66000,387130000C,(04)23274275,(04)23288582,2025,12,17,18,22,臺中市,大雅區,0,0,0,7,,,50,,,,,,,,,,,,,,,,,,,C03,,,1,,2,,,7,7,1,12,4,120.65715,24.224972,3
7661,66000,387130000C,(04)23274275,(04)23288582,2025,12,17,18,22,臺中市,南區,0,0,0,7,,,50,,,,,,,,,,,,,,,,,,,B03,,,1,,2,,,87,87,1,12,4,120.662785,24.120137,3
7662,66000,387130000C,(04)23274275,(04)23288582,2025,12,17,18,22,臺中市,西屯區,0,0,0,7,,,50,,,,,,,,,,,,,,13,,,,,C03,,,1,,2,,,59,59,1,12,4,120.655773,24.170745,3
7663,66000,387130000C,(04)23274275,(04)23288582,2025,12,17,18,22,臺中市,西屯區,0,0,0,7,,,50,,,,,,,,,,,,,,12,,,,,A05,,,1,,2,,,8,8,1,12,4,120.65591,24.158859,3
7664,66000,387130000C,(04)23274275,(04)23288582,2025,12,17,18,23,臺中市,南屯區,0,0,0,7,1,6,50,13,,1,5,4,6,6,1,1,5,4,5,2,13,,,,,B03,,,1,,1,,,84,84,1,12,4,120.614688,24.139495,3
7665,66000,387130000C,(04)23274275,(04)23288582,2025,12,17,18,27,臺中市,西屯區,0,0,0,7,,,50,,,,,,,,,,,,,,13,,,,,B02,,,1,,1,,,7,7,1,13,4,120.642513,24.18228,3
7666,66000,387130000C,(04)23274275,(04)23288582,2025,12,17,18,28,臺中市,西屯區,0,0,0,7,,,50,,,,,,,,,,,,,,13,,,,,C03,,,1,,9,,,7,7,1,12,4,120.644728,24.182638,3
7667,66000,387130000C,(04)23274275,(04)23288582,2025,12,17,18,30,臺中市,北區,0,0,0,7,3,6,50,18,23,1,5,4,6,6,4,4,10,5,5,2,17,,,,,C03,,,1,,9,,,59,59,1,13,4,120.684536,24.16686,3
7668,66000,387130000C,(04)23274275,(04)23288582,2025,12,17,18,31,臺中市,東勢區,0,1,0,7,1,6,40,13,9,1,5,4,6,6,4,4,5,5,5,1,17,3,10,5,4,B13,7,14,1,1,2,2,,76,76,1,13,4,120.833829,24.246569,2
7669,66000,387130000C,(04)23274275,(04)23288582,2025,12,17,18,32,臺中市,北屯區,0,2,0,7,1,6,50,4,1,1,5,4,6,6,2,1,10,5,5,2,16,2,9,4,1,F01,7,5,7,21,2,12,,47,47,1,6,1,120.713405,24.16072,2
7670,66000,387130000C,(04)23274275,(04)23288582,2025,12,17,18,33,臺中市,西屯區,0,0,0,7,,,70,,,,,,,,,,,,,,14,,,,,B03,,,1,,1,,,84,84,1,12,4,120.595558,24.182246,3
7671,66000,387130000C,(04)23274275,(04)23288582,2025,12,17,18,34,臺中市,龍井區,0,0,0,7,,,30,,,,,,,,,,,,,,15,,,,,C03,,,1,,2,,,14,14,1,6,4,120.578431,24.181818,4
7672,66000,387130000C,(04)23274275,(04)23288582,2025,12,17,18,37,臺中市,西屯區,0,0,0,7,,,50,,,,,,,,,,,,,,12,,,,,B03,,,1,,1,,,8,8,1,13,4,120.637876,24.164272,3
7673,66000,387130000C,(04)23274275,(04)23288582,2025,12,17,18,40,臺中市,北屯區,0,0,0,7,,,40,,,,,,,,,,,,,,12,,,,,C03,,,1,,1,,,1,1,1,6,4,120.694384,24.172871,3
7674,66000,387130000C,(04)23274275,(04)23288582,2025,12,17,18,43,臺中市,豐原區,0,0,0,7,,,50,,,,,,,,,,,,,,17,,,,,C03,,,1,,2,,,57,57,1,6,4,120.714862,24.249042,3
7675,66000,387130000C,(04)23274275,(04)23288582,2025,12,17,18,49,臺中市,北區,0,0,0,7,,,50,,,,,,,,,,,,,,17,,,,,A05,,,1,,2,,,84,84,1,13,4,120.68117,24.15881,4
7676,66000,387130000C,(04)23274275,(04)23288582,2025,12,17,18,50,臺中市,北區,0,0,0,7,,,50,,,,,,,,,,,,,,13,,,,,B03,,,1,,1,,,84,84,1,12,4,120.676875,24.16326,3
7677,66000,387130000C,(04)23274275,(04)23288582,2025,12,17,18,57,臺中市,南屯區,0,2,0,7,1,6,50,3,1,1,5,4,6,6,4,4,5,4,4,2,16,2,9,2,1,C03,7,6,1,10,2,12,,14,14,1,12,4,120.638215,24.141027,2
7678,66000,387130000C,(04)23274275,(04)23288582,2025,12,17,18,58,臺中市,西屯區,0,2,0,6,1,6,30,4,1,1,5,4,6,6,4,4,10,5,5,2,15,2,9,1,1,C03,7,9,1,10,2,14,,12,12,1,13,4,120.64405,24.180641,2
7679,66000,387130000C,(04)23274275,(04)23288582,2025,12,17,18,58,臺中市,大里區,0,1,0,7,1,6,50,4,1,1,5,4,6,6,2,1,5,5,5,1,16,3,10,3,1,B03,7,6,1,8,2,1,5,11,11,1,6,4,120.667143,24.096723,2
7680,66000,387130000C,(04)23274275,(04)23288582,2025,12,17,19,0,臺中市,龍井區,0,0,0,7,,,50,,,,,,,,,,,,,,,,,,,B03,,,1,,1,,,59,59,1,12,4,120.550955,24.211258,3
7681,66000,387130000C,(04)23274275,(04)23288582,2025,12,17,19,1,臺中市,烏日區,0,1,0,7,1,6,50,13,8,1,5,4,6,6,4,4,1,4,4,1,12,3,10,1,3,C03,7,14,1,10,2,12,,77,77,1,6,4,120.634579,24.106384,2
7682,66000,387130000C,(04)23274275,(04)23288582,2025,12,17,19,5,臺中市,西屯區,0,0,0,7,,,30,,,,,,,,,,,,,,12,,,,,B03,,,1,,1,,,84,84,1,12,4,120.651438,24.162294,3
7683,66000,387130000C,(04)23274275,(04)23288582,2025,12,17,19,7,臺中市,龍井區,0,1,0,7,1,6,50,4,1,1,5,4,6,6,1,1,10,5,5,2,16,3,10,3,1,B03,7,5,1,8,2,5,,8,8,1,6,4,120.5835,24.180835,2
7684,66000,387130000C,(04)23274275,(04)23288582,2025,12,17,19,8,臺中市,西區,0,1,0,7,2,6,50,5,2,1,5,4,6,6,4,4,1,4,4,1,17,3,10,3,1,B03,7,5,1,8,2,2,,84,84,1,13,4,120.659695,24.157292,2
7685,66000,387130000C,(04)23274275,(04)23288582,2025,12,17,19,8,臺中市,太平區,0,1,0,7,1,6,30,13,9,1,5,4,1,6,4,4,10,5,5,2,29,2,9,1,1,C03,7,9,1,10,2,14,,84,84,1,12,4,120.724042,24.145107,2
7686,66000,387130000C,(04)23274275,(04)23288582,2025,12,17,19,8,臺中市,大肚區,0,0,0,7,,,50,,,,,,,,,,,,,,14,,,,,B12,,,1,,2,,,49,49,1,12,4,120.550891,24.147746,3
7687,66000,387130000C,(04)23274275,(04)23288582,2025,12,17,19,20,臺中市,南屯區,0,0,0,7,,,50,,,,,,,,,,,,,,17,,,,,B03,,,1,,9,,,8,8,1,12,4,120.6487,24.149287,3
7688,66000,387130000C,(04)23274275,(04)23288582,2025,12,17,19,25,臺中市,北屯區,0,0,0,7,,,50,,,,,,,,,,,,,,13,,,,,C03,,,1,,1,,,58,58,1,6,4,120.672078,24.175547,3
7689,66000,387130000C,(04)23274275,(04)23288582,2025,12,17,19,28,臺中市,大雅區,0,0,0,7,,,70,,,,,,,,,,,,,,,,,,,B03,,,1,,2,,,47,47,1,12,4,120.641631,24.230099,3
7690,66000,387130000C,(04)23274275,(04)23288582,2025,12,17,19,30,臺中市,太平區,0,0,0,7,,3,80,,,,,,,,,,,,,,,,,,,B03,,,1,,2,,,40,40,1,12,4,120.714097,24.14843,3
7691,66000,387130000C,(04)23274275,(04)23288582,2025,12,17,19,32,臺中市,梧棲區,0,0,0,7,,,50,,,,,,,,,,,,,,13,,,,,C03,,,1,,2,,,7,7,1,12,4,120.532034,24.258711,3
7692,66000,387130000C,(04)23274275,(04)23288582,2025,12,17,19,33,臺中市,清水區,0,0,0,7,,,30,,,,,,,,,,,,,,,,,,,B03,,,1,,2,,,49,49,1,12,4,120.549555,24.271803,3
7693,66000,387130000C,(04)23274275,(04)23288582,2025,12,17,19,40,臺中市,南區,0,0,0,7,,,40,,,,,,,,,,,,,,14,,,,,B03,,,1,,1,,,49,49,1,12,4,120.678677,24.126503,3
7694,66000,387130000C,(04)23274275,(04)23288582,2025,12,17,19,40,臺中市,龍井區,0,1,0,7,1,6,50,4,1,1,5,4,6,6,1,1,10,5,5,2,16,3,10,3,1,B03,7,6,1,8,2,3,,23,23,1,6,4,120.537642,24.199901,2
7695,66000,387130000C,(04)23274275,(04)23288582,2025,12,17,19,45,臺中市,北區,0,3,0,7,1,6,50,4,1,1,5,4,6,6,3,1,10,5,5,2,15,2,9,5,4,C03,7,9,1,10,2,14,,24,24,1,13,4,120.697361,24.156714,2
7696,66000,387130000C,(04)23274275,(04)23288582,2025,12,17,19,52,臺中市,后里區,0,1,0,7,1,6,60,4,1,1,5,4,6,6,1,1,1,2,5,1,16,3,10,3,1,B03,7,5,5,19,2,2,,47,47,1,12,4,120.682073,24.315654,2
7697,66000,387130000C,(04)23274275,(04)23288582,2025,12,17,20,3,臺中市,南屯區,0,0,0,7,,,50,,,,,,,,,,,,,,,,,,,B03,,,1,,1,,,59,59,1,6,4,120.650175,24.153835,4
7698,66000,387130000C,(04)23274275,(04)23288582,2025,12,17,20,9,臺中市,西區,0,3,0,7,1,6,50,4,1,1,5,4,6,6,4,4,10,5,5,2,13,2,9,1,1,C03,7,9,1,10,2,11,,7,7,1,6,4,120.653935,24.146724,2
7699,66000,387130000C,(04)23274275,(04)23288582,2025,12,17,20,22,臺中市,西屯區,0,1,0,7,1,6,50,3,1,1,5,4,6,6,1,1,10,5,5,2,13,2,9,5,1,C03,7,9,1,10,1,11,,7,7,1,12,4,120.617692,24.174101,2
7700,66000,387130000C,(04)23274275,(04)23288582,2025,12,17,20,22,臺中市,大里區,0,0,0,7,,,30,,,,,,,,,,,,,,,,,,,B03,,,1,,2,,,49,49,1,13,4,120.71238,24.085228,3
7701,66000,387130000C,(04)23274275,(04)23288582,2025,12,17,20,25,臺中市,太平區,0,1,0,7,1,6,50,13,7,1,5,4,6,6,4,4,5,5,4,1,17,3,10,3,1,B01,7,1,1,4,2,5,,84,84,1,12,4,120.714592,24.145881,2
7702,66000,387130000C,(04)23274275,(04)23288582,2025,12,17,20,25,臺中市,豐原區,0,0,0,7,,,50,,,,,,,,,,,,,,17,,,,,F03,,,1,,2,,,39,39,1,6,4,120.713001,24.249213,3
7703,66000,387130000C,(04)23274275,(04)23288582,2025,12,17,20,29,臺中市,北區,0,3,0,7,1,6,30,4,2,1,5,4,6,6,4,4,10,5,5,2,17,2,9,2,1,C03,7,9,1,10,2,12,,15,15,1,13,4,120.683383,24.164341,2
7704,66000,387130000C,(04)23274275,(04)23288582,2025,12,17,20,33,臺中市,大安區,0,0,0,7,,,60,,,,,,,,,,,,,,,,,,,B03,,,1,,2,,,8,8,1,6,4,120.5703,24.336868,4
7705,66000,387130000C,(04)23274275,(04)23288582,2025,12,17,20,36,臺中市,東區,0,0,0,7,,,1,,,,,,,,,,,,,,14,,,,,C03,,,1,,1,,,49,49,1,12,4,120.705116,24.148268,3
7706,66000,387130000C,(04)23274275,(04)23288582,2025,12,17,20,36,臺中市,龍井區,0,1,0,7,1,6,50,3,1,1,5,4,6,6,4,4,10,5,5,2,13,2,9,1,1,F03,7,9,7,21,2,11,,84,84,1,4,4,120.582668,24.18221,2
7707,66000,387130000C,(04)23274275,(04)23288582,2025,12,17,20,41,臺中市,東區,0,0,0,7,,,50,,,,,,,,,,,,,,13,,,,,B03,,,1,,1,,,84,84,1,13,4,120.707895,24.149012,3
7708,66000,387130000C,(04)23274275,(04)23288582,2025,12,17,20,45,臺中市,南區,0,0,0,7,,,50,,,,,,,,,,,,,,,,,,,C03,,,1,,9,,,50,50,2,13,4,120.680273,24.131948,3
7709,66000,387130000C,(04)23274275,(04)23288582,2025,12,17,20,59,臺中市,潭子區,0,1,0,6,1,6,50,4,1,1,5,4,6,6,1,1,5,4,4,2,17,3,10,3,1,B03,7,5,1,8,2,5,,11,11,1,13,4,120.69117,24.215984,2