序號,縣市別代碼,機關代碼,市話,傳真,年,月,日,時,分,縣市,區,死亡數量,受傷數量,2-30,天候,道路照明設備,道路類別,道路速限,道路型態,事故位置,路面鋪裝,路面狀態,路面缺陷,障礙物,視距,號誌種類,號誌動作,分向設施,快車道或一般車道間,快慢車道間,路面邊線,事故類型及型態,受傷程度,主要傷處,保護裝備,行動電話或功能裝置,當事者區分(類別),車輛用途,當事者行動狀態,駕照狀態,駕照種類,飲酒情形,車輛撞擊部位最初,車輛撞擊部位其他,肇事因素個別,肇事因素主要,肇事逃逸,職業,共享經濟或外送平台,GPS座標X,GPS座標Y,事故類別
7710,66000,387130000C,(04)23274275,(04)23288582,2025,12,17,21,1,臺中市,北區,0,0,0,7,1,6,50,4,1,1,5,4,6,6,2,1,10,5,5,2,17,,,,,B02,,,1,,2,,,47,47,1,13,4,120.677536,24.150592,3
7711,66000,387130000C,(04)23274275,(04)23288582,2025,12,17,21,13,臺中市,大里區,0,1,0,7,2,6,40,3,1,1,5,4,6,6,4,4,5,2,5,1,13,2,8,1,1,C03,7,9,1,10,2,11,,7,7,1,13,4,120.689934,24.111136,2
7712,66000,387130000C,(04)23274275,(04)23288582,2025,12,17,21,22,臺中市,南區,0,0,0,7,,,50,,,,,,,,,,,,,,,,,,,B03,,,1,,2,,,84,84,1,12,4,120.650159,24.111728,3
7713,66000,387130000C,(04)23274275,(04)23288582,2025,12,17,21,22,臺中市,北屯區,0,0,0,7,,,60,,,,,,,,,,,,,,13,,,,,B03,,,1,,1,,,84,84,1,12,4,120.716499,24.16399,3
7714,66000,387130000C,(04)23274275,(04)23288582,2025,12,17,21,24,臺中市,西區,0,0,0,7,,,50,,,,,,,,,,,,,,17,,,,,B03,,,1,,2,,,84,84,1,12,4,120.669809,24.145483,3
7715,66000,387130000C,(04)23274275,(04)23288582,2025,12,17,21,30,臺中市,太平區,0,1,0,7,1,6,50,3,1,1,5,4,6,6,4,4,10,5,5,2,16,2,9,1,1,C03,7,6,1,10,2,14,,14,14,1,12,4,120.703597,24.111503,2
7716,66000,387130000C,(04)23274275,(04)23288582,2025,12,17,21,36,臺中市,北屯區,0,1,0,7,1,6,50,13,9,1,5,4,6,6,4,4,5,4,5,2,16,3,10,1,1,C03,7,1,1,10,1,14,,51,51,1,13,4,120.726417,24.176356,2
7717,66000,387130000C,(04)23274275,(04)23288582,2025,12,17,21,41,臺中市,西屯區,0,1,0,7,2,6,50,4,1,1,5,4,6,6,3,1,10,5,5,2,18,2,9,5,4,C03,7,5,1,10,2,16,,59,59,1,13,4,120.645311,24.192819,2
7718,66000,387130000C,(04)23274275,(04)23288582,2025,12,17,21,43,臺中市,北屯區,0,1,0,7,1,6,30,4,1,1,5,4,6,6,4,4,10,5,5,2,16,2,9,2,1,C03,7,9,1,10,2,11,,12,12,1,12,4,120.698328,24.185295,2
7719,66000,387130000C,(04)23274275,(04)23288582,2025,12,17,21,49,臺中市,神岡區,0,3,0,7,1,6,50,13,9,1,5,4,6,6,4,4,5,5,5,1,8,2,9,1,4,C03,7,9,1,10,2,11,,59,59,1,12,4,120.660502,24.263543,2
7720,66000,387130000C,(04)23274275,(04)23288582,2025,12,17,21,59,臺中市,西區,0,1,0,7,2,6,50,4,2,1,5,4,6,6,2,1,5,4,5,1,16,3,10,3,1,B03,7,5,1,8,2,5,,11,11,1,13,4,120.67122,24.14549,2
7721,66000,387130000C,(04)23274275,(04)23288582,2025,12,17,22,2,臺中市,潭子區,0,0,0,7,,,50,,,,,,,,,,,,,,,,,,,B03,,,1,,2,,,59,59,1,12,4,120.705363,24.201284,3
7722,66000,387130000C,(04)23274275,(04)23288582,2025,12,17,22,2,臺中市,北屯區,0,1,0,7,1,6,50,4,1,1,5,4,6,6,1,1,10,5,5,2,16,3,10,3,1,B03,7,11,1,8,2,8,,45,45,1,6,4,120.707829,24.181378,2
7723,66000,387130000C,(04)23274275,(04)23288582,2025,12,17,22,6,臺中市,西區,0,0,0,7,,,50,,,,,,,,,,,,,,17,,,,,C03,,,1,,1,,,7,7,1,12,2,120.665304,24.146745,3
7724,66000,387130000C,(04)23274275,(04)23288582,2025,12,17,22,7,臺中市,神岡區,0,1,0,7,1,6,50,13,9,1,5,4,6,6,4,4,5,5,5,2,12,2,9,1,4,C03,7,9,1,10,2,12,,59,59,1,12,4,120.694047,24.247385,2
7725,66000,387130000C,(04)23274275,(04)23288582,2025,12,17,22,11,臺中市,沙鹿區,0,0,0,7,,,50,,,,,,,,,,,,,,13,,,,,C03,,,1,,2,,,7,7,1,6,4,120.576776,24.224283,3
7726,66000,387130000C,(04)23274275,(04)23288582,2025,12,17,22,16,臺中市,北屯區,0,0,0,7,,,50,,,,,,,,,,,,,,12,,,,,B03,,,1,,1,,,8,8,1,6,4,120.706787,24.192729,3
7727,66000,387130000C,(04)23274275,(04)23288582,2025,12,17,22,17,臺中市,中區,0,3,0,6,1,6,50,13,9,1,5,4,6,6,1,1,5,4,5,2,17,2,9,1,1,C03,7,9,1,10,2,11,,7,7,1,12,4,120.680981,24.143814,2
7728,66000,387130000C,(04)23274275,(04)23288582,2025,12,17,22,18,臺中市,大甲區,0,2,0,7,1,6,50,4,1,1,5,4,6,6,1,1,4,5,4,1,16,2,9,2,1,C03,7,5,1,10,2,11,,47,47,1,6,4,120.629459,24.344947,2
7729,66000,387130000C,(04)23274275,(04)23288582,2025,12,17,22,24,臺中市,北屯區,0,1,0,7,1,6,50,4,1,1,5,4,6,6,1,1,10,5,5,2,16,3,10,1,1,C03,7,6,1,10,2,12,,11,11,1,12,4,120.724563,24.172147,2
7730,66000,387130000C,(04)23274275,(04)23288582,2025,12,17,22,33,臺中市,北區,0,1,0,7,2,6,30,4,1,1,5,4,6,6,4,4,10,5,5,2,16,3,10,3,1,B03,7,5,1,3,2,8,,14,14,1,12,4,120.686124,24.160257,2
7731,66000,387130000C,(04)23274275,(04)23288582,2025,12,17,22,39,臺中市,北屯區,0,0,0,7,,,50,,,,,,,,,,,,,,14,,,,,C03,,,1,,1,,,49,49,1,13,4,120.662687,24.188676,3
7732,66000,387130000C,(04)23274275,(04)23288582,2025,12,17,22,45,臺中市,神岡區,0,1,0,7,1,6,30,11,9,1,5,4,6,6,4,4,10,5,5,2,25,2,9,1,4,C03,7,9,3,19,8,11,,53,53,1,12,4,120.701361,24.26352,2
7733,66000,387130000C,(04)23274275,(04)23288582,2025,12,17,23,7,臺中市,南屯區,0,0,0,7,,,50,,,,,,,,,,,,,,,,,,,C03,,,1,,2,,,49,49,1,12,4,120.635323,24.149406,3
7734,66000,387130000C,(04)23274275,(04)23288582,2025,12,17,23,13,臺中市,北屯區,0,0,0,7,,,50,,,,,,,,,,,,,,16,,,,,B03,,,1,,1,,,11,11,1,13,4,120.724374,24.181074,3
7735,66000,387130000C,(04)23274275,(04)23288582,2025,12,17,23,15,臺中市,南屯區,0,1,0,7,2,6,50,13,9,1,5,4,6,6,4,4,5,4,4,2,17,2,9,2,1,C03,7,9,1,10,2,11,,84,84,1,12,4,120.635323,24.149406,2
7736,66000,387130000C,(04)23274275,(04)23288582,2025,12,18,5,27,臺中市,北區,0,1,0,7,1,6,40,13,8,1,5,4,6,6,1,1,1,4,4,2,13,2,9,1,1,C03,7,9,1,10,2,11,,59,59,1,13,4,120.676177,24.158253,2
7737,66000,387130000C,(04)23274275,(04)23288582,2025,12,18,6,25,臺中市,烏日區,0,2,0,7,2,6,50,4,19,1,5,4,6,6,1,1,10,5,5,2,3,2,9,2,1,C03,7,6,1,10,2,12,,10,10,1,6,4,120.634348,24.106398,2
7738,66000,387130000C,(04)23274275,(04)23288582,2025,12,18,6,34,臺中市,東勢區,0,1,0,7,2,6,30,3,2,1,5,4,6,6,4,4,10,5,5,2,14,3,10,5,4,B03,7,2,1,6,2,3,,49,49,1,13,4,120.835159,24.253349,2
7739,66000,387130000C,(04)23274275,(04)23288582,2025,12,18,6,45,臺中市,北屯區,0,1,0,7,2,6,50,4,1,1,5,4,6,6,1,1,10,5,5,2,17,2,9,5,4,F01,7,6,7,21,2,12,,84,84,1,12,4,120.704822,24.187743,2
7740,66000,387130000C,(04)23274275,(04)23288582,2025,12,18,6,48,臺中市,南屯區,0,0,0,7,,,40,,,,,,,,,,,,,,17,,,,,B03,,,1,,2,,,51,51,1,6,4,120.626544,24.115301,3
7741,66000,387130000C,(04)23274275,(04)23288582,2025,12,18,6,59,臺中市,梧棲區,0,0,0,7,,,50,,,,,,,,,,,,,,15,,,,,B03,,,1,,2,,,12,12,1,6,4,120.53366,24.2653,3
7742,66000,387130000C,(04)23274275,(04)23288582,2025,12,18,7,10,臺中市,北屯區,0,0,0,7,,,50,,,,,,,,,,,,,,13,,,,,B03,,,1,,1,,,7,7,1,6,4,120.685748,24.17495,3
7743,66000,387130000C,(04)23274275,(04)23288582,2025,12,18,7,10,臺中市,豐原區,0,1,0,7,2,6,50,13,8,1,5,4,6,6,4,4,1,4,4,2,17,2,8,2,1,C03,7,9,1,10,2,14,,84,84,1,6,4,120.729008,24.276327,2
7744,66000,387130000C,(04)23274275,(04)23288582,2025,12,18,7,11,臺中市,東區,0,1,0,7,2,6,50,4,2,1,5,4,6,6,1,1,9,5,4,2,17,3,10,2,1,C03,7,9,1,10,2,12,,8,8,1,12,4,120.692415,24.14798,2
7745,66000,387130000C,(04)23274275,(04)23288582,2025,12,18,7,11,臺中市,烏日區,0,2,0,7,3,6,50,3,1,1,5,4,6,6,4,4,5,5,5,2,16,2,3,3,1,B03,7,6,1,8,2,8,,20,20,1,9,4,120.599709,24.107695,2
7746,66000,387130000C,(04)23274275,(04)23288582,2025,12,18,7,12,臺中市,北屯區,0,0,0,7,,,50,,,,,,,,,,,,,,13,,,,,B03,,,1,8,2,,,7,7,1,6,4,120.72185,24.163317,3
7747,66000,387130000C,(04)23274275,(04)23288582,2025,12,18,7,14,臺中市,大雅區,0,0,0,7,,,50,,,,,,,,,,,,,,,,,,,C03,,,1,,2,,,7,7,1,13,4,120.654695,24.228835,3
7748,66000,387130000C,(04)23274275,(04)23288582,2025,12,18,7,15,臺中市,沙鹿區,0,0,0,7,,,50,,,,,,,,,,,,,,13,,,,,B03,,,1,,1,,,7,7,1,12,4,120.614596,24.244151,4
7749,66000,387130000C,(04)23274275,(04)23288582,2025,12,18,7,17,臺中市,大雅區,0,1,0,7,3,6,30,3,9,1,5,4,6,6,4,4,10,5,5,2,16,2,9,2,1,C02,7,6,1,9,2,11,,14,14,1,13,4,120.622273,24.23418,2
7750,66000,387130000C,(04)23274275,(04)23288582,2025,12,18,7,18,臺中市,大里區,0,0,0,6,,,50,,,,,,,,,,,,,,17,,,,,C03,,,1,,9,,,26,26,1,12,4,120.699279,24.11035,3
7751,66000,387130000C,(04)23274275,(04)23288582,2025,12,18,7,19,臺中市,東區,0,0,0,7,,,50,,,,,,,,,,,,,,13,,,,,C03,,,1,,1,,,59,59,1,13,4,120.687439,24.138106,3
7752,66000,387130000C,(04)23274275,(04)23288582,2025,12,18,7,22,臺中市,南區,0,0,0,7,,,50,,,,,,,,,,,,,,,,,,,B03,,,1,,2,,,84,84,1,12,4,120.681705,24.120465,3
7753,66000,387130000C,(04)23274275,(04)23288582,2025,12,18,7,22,臺中市,后里區,0,1,0,7,2,6,50,5,1,1,5,4,6,6,3,1,10,5,5,2,12,3,10,3,1,B03,7,5,1,8,2,5,,11,11,1,12,4,120.709565,24.286387,2
7754,66000,387130000C,(04)23274275,(04)23288582,2025,12,18,7,23,臺中市,西區,0,2,0,7,2,6,50,4,1,1,5,4,6,6,1,1,5,2,5,2,17,2,9,2,1,C03,7,1,1,10,2,14,,51,51,1,12,4,120.656504,24.13449,2
7755,66000,387130000C,(04)23274275,(04)23288582,2025,12,18,7,24,臺中市,大肚區,0,2,0,7,2,6,40,3,1,1,5,4,6,6,4,4,10,5,5,2,12,2,8,1,1,C03,7,9,1,10,2,12,,7,7,1,6,4,120.530822,24.172761,2
7756,66000,387130000C,(04)23274275,(04)23288582,2025,12,18,7,25,臺中市,霧峰區,0,1,0,7,2,6,40,4,1,1,5,4,6,6,4,4,10,5,5,2,13,2,8,2,1,C03,7,9,1,10,2,11,,84,84,1,6,4,120.679423,24.062834,2
7757,66000,387130000C,(04)23274275,(04)23288582,2025,12,18,7,26,臺中市,霧峰區,0,1,0,7,3,6,40,13,8,1,5,4,6,6,4,4,1,4,4,1,13,3,10,1,1,C03,7,9,1,10,2,11,,7,7,1,12,4,120.694984,24.060117,2
7758,66000,387130000C,(04)23274275,(04)23288582,2025,12,18,7,26,臺中市,沙鹿區,0,0,0,7,,,50,,,,,,,,,,,,,,,,,,,B03,,,1,,2,,,7,7,1,12,4,120.556732,24.222624,3
7759,66000,387130000C,(04)23274275,(04)23288582,2025,12,18,7,27,臺中市,北屯區,0,0,0,7,,,50,,,,,,,,,,,,,,,,,,,B03,,,1,,2,,,41,41,1,13,4,120.75306,24.165536,3
7760,66000,387130000C,(04)23274275,(04)23288582,2025,12,18,7,27,臺中市,梧棲區,0,1,0,7,3,6,50,13,9,1,5,4,6,6,4,4,5,5,5,1,13,3,10,1,1,C03,7,9,1,10,2,11,,7,7,1,6,4,120.531321,24.227929,2
7761,66000,387130000C,(04)23274275,(04)23288582,2025,12,18,7,30,臺中市,北屯區,0,0,0,7,,,50,,,,,,,,,,,,,,15,,,,,B03,,,1,,2,,,15,15,1,6,4,120.696876,24.166062,3
7762,66000,387130000C,(04)23274275,(04)23288582,2025,12,18,7,34,臺中市,太平區,0,1,0,7,2,6,50,13,9,1,5,4,6,6,4,4,5,5,5,1,17,2,8,1,1,C03,7,9,1,10,2,14,,59,59,1,12,4,120.727873,24.104663,2
7763,66000,387130000C,(04)23274275,(04)23288582,2025,12,18,7,35,臺中市,烏日區,0,0,0,7,,,50,,,,,,,,,,,,,,13,,,,,B03,,,1,,1,,,59,59,1,13,4,120.641779,24.108194,3
7764,66000,387130000C,(04)23274275,(04)23288582,2025,12,18,7,37,臺中市,西屯區,0,1,0,7,2,6,50,4,2,1,5,4,6,6,1,1,5,4,5,2,12,2,8,5,4,C03,7,8,1,10,2,14,,40,40,1,13,4,120.607408,24.160061,2
7765,66000,387130000C,(04)23274275,(04)23288582,2025,12,18,7,37,臺中市,神岡區,0,0,0,7,,,50,,,,,,,,,,,,,,17,,,,,B03,,,1,,2,,,47,47,1,6,4,120.661215,24.258984,3
7766,66000,387130000C,(04)23274275,(04)23288582,2025,12,18,7,39,臺中市,西屯區,0,2,0,6,2,6,50,4,2,1,5,4,6,6,2,1,5,4,5,2,13,2,9,5,4,C03,7,5,1,10,2,11,,7,7,1,12,4,120.64552,24.170352,2
7767,66000,387130000C,(04)23274275,(04)23288582,2025,12,18,7,39,臺中市,外埔區,0,1,0,7,3,6,40,3,1,1,5,4,6,6,4,4,5,5,5,1,16,3,10,3,1,B03,7,5,1,8,2,1,,14,14,1,6,4,120.660488,24.325586,2
7768,66000,387130000C,(04)23274275,(04)23288582,2025,12,18,7,40,臺中市,北屯區,0,0,0,7,,,50,,,,,,,,,,,,,,13,,,,,C03,,,1,,1,,,84,84,1,6,4,120.699223,24.163299,3
7769,66000,387130000C,(04)23274275,(04)23288582,2025,12,18,7,40,臺中市,清水區,0,1,0,7,3,6,40,5,2,1,5,4,6,6,1,1,1,4,1,1,17,2,9,2,1,C03,7,9,5,10,2,11,,7,7,1,12,4,120.547204,24.275074,2
7770,66000,387130000C,(04)23274275,(04)23288582,2025,12,18,7,40,臺中市,神岡區,0,0,0,7,,,50,,,,,,,,,,,,,,2,,,,,C03,,,1,,2,,,59,59,1,12,4,120.680816,24.267037,3
7771,66000,387130000C,(04)23274275,(04)23288582,2025,12,18,7,42,臺中市,北屯區,0,3,0,7,3,6,40,4,1,1,5,4,6,6,2,1,10,5,5,2,12,3,10,1,1,C03,7,8,5,19,2,13,,40,40,1,6,4,120.66849,24.196688,2
7772,66000,387130000C,(04)23274275,(04)23288582,2025,12,18,7,42,臺中市,北屯區,0,0,0,7,,,50,,,,,,,,,,,,,,13,,,,,C03,,,1,,1,,,56,56,1,6,4,120.72254,24.175913,3
7773,66000,387130000C,(04)23274275,(04)23288582,2025,12,18,7,45,臺中市,沙鹿區,0,0,0,7,2,6,60,13,7,1,5,4,6,6,4,4,3,3,3,1,23,3,10,5,4,B12,7,9,3,19,11,1,,59,59,2,13,4,120.601464,24.249542,3
7774,66000,387130000C,(04)23274275,(04)23288582,2025,12,18,7,46,臺中市,霧峰區,0,2,0,7,2,6,50,13,9,1,5,4,6,6,4,4,10,5,5,1,17,3,10,2,1,C03,7,1,1,10,2,11,,51,51,1,6,4,120.67063,24.056569,2
7775,66000,387130000C,(04)23274275,(04)23288582,2025,12,18,7,47,臺中市,太平區,0,1,0,7,2,6,50,3,1,1,5,4,6,6,4,4,10,5,5,2,16,3,10,3,1,B03,7,9,1,8,2,1,,84,84,1,12,4,120.717481,24.148749,2
7776,66000,387130000C,(04)23274275,(04)23288582,2025,12,18,7,48,臺中市,潭子區,0,2,0,7,3,6,50,3,2,1,5,4,6,6,4,4,5,4,4,2,17,2,8,2,1,C03,7,11,5,19,9,13,,39,39,2,13,4,120.706934,24.208492,2
7777,66000,387130000C,(04)23274275,(04)23288582,2025,12,18,7,49,臺中市,西屯區,0,0,0,7,,,50,,,,,,,,,,,,,,13,,,,,C03,,,1,,1,,,7,7,1,12,4,120.632368,24.182795,3
7778,66000,387130000C,(04)23274275,(04)23288582,2025,12,18,7,49,臺中市,大肚區,0,1,0,7,2,6,50,11,9,1,5,4,6,6,4,4,4,5,5,1,18,2,9,1,1,C03,7,5,1,10,2,14,,84,84,1,6,4,120.559302,24.155805,2
7779,66000,387130000C,(04)23274275,(04)23288582,2025,12,18,7,55,臺中市,北屯區,0,1,0,7,2,6,50,13,7,1,5,4,6,6,4,4,1,4,4,2,12,3,10,3,1,B03,7,1,1,8,2,4,,51,51,1,6,4,120.663471,24.186276,2
7780,66000,387130000C,(04)23274275,(04)23288582,2025,12,18,7,58,臺中市,東區,0,2,0,7,2,6,50,4,1,1,5,4,6,6,2,1,10,5,5,2,16,2,9,1,1,C03,7,9,1,10,2,12,,4,4,1,12,4,120.692349,24.151763,2
7781,66000,387130000C,(04)23274275,(04)23288582,2025,12,18,8,0,臺中市,南區,0,1,0,7,2,6,50,3,1,1,5,4,6,6,4,4,9,5,5,2,17,2,9,1,1,C03,7,9,3,19,2,16,,7,7,1,12,4,120.671245,24.121179,2
7782,66000,387130000C,(04)23274275,(04)23288582,2025,12,18,8,0,臺中市,沙鹿區,0,0,0,7,1,6,40,11,9,1,5,4,6,6,4,4,10,4,5,2,13,,,,,B03,,,1,,1,,,7,7,1,12,4,120.552183,24.215776,3
7783,66000,387130000C,(04)23274275,(04)23288582,2025,12,18,8,3,臺中市,大雅區,0,0,0,7,,,60,,,,,,,,,,,,,,,,,,,B03,,,1,,1,,,47,47,1,13,4,120.647698,24.22022,3
7784,66000,387130000C,(04)23274275,(04)23288582,2025,12,18,8,3,臺中市,大甲區,0,2,0,7,1,6,50,5,1,1,5,4,6,6,1,1,5,5,5,1,17,2,9,1,1,C03,7,1,1,10,2,11,,51,51,1,12,4,120.632143,24.355449,2
7785,66000,387130000C,(04)23274275,(04)23288582,2025,12,18,8,4,臺中市,大肚區,0,2,0,7,2,6,30,4,1,1,5,4,6,6,4,4,10,5,5,2,15,2,9,1,1,C03,7,9,1,10,2,11,,15,15,1,6,4,120.537234,24.145386,2
7786,66000,387130000C,(04)23274275,(04)23288582,2025,12,18,8,6,臺中市,北區,0,2,0,7,2,6,30,4,1,1,5,4,6,6,4,4,5,5,5,2,15,2,7,1,1,F03,7,9,7,21,2,11,,15,15,1,12,4,120.6936,24.155799,2
7787,66000,387130000C,(04)23274275,(04)23288582,2025,12,18,8,6,臺中市,太平區,0,0,0,7,,,30,,,,,,,,,,,,,,14,,,,,B03,,,1,,2,,,49,49,1,12,4,120.732785,24.114779,3
7788,66000,387130000C,(04)23274275,(04)23288582,2025,12,18,8,8,臺中市,北區,0,1,0,7,3,6,50,4,2,1,5,4,6,6,1,1,5,4,5,2,17,3,10,5,4,B03,7,1,1,10,2,8,,51,51,1,13,4,120.66845,24.171743,2
7789,66000,387130000C,(04)23274275,(04)23288582,2025,12,18,8,10,臺中市,潭子區,0,1,0,7,3,6,50,13,9,1,5,4,6,6,4,4,1,4,5,2,17,3,10,2,1,C02,7,8,1,9,2,14,,40,40,1,12,4,120.702169,24.201014,2
7790,66000,387130000C,(04)23274275,(04)23288582,2025,12,18,8,10,臺中市,梧棲區,0,1,0,7,3,6,50,4,1,1,5,4,6,6,1,1,10,5,5,2,16,3,10,3,1,B03,7,5,1,8,2,6,,11,11,1,6,4,120.53515,24.263197,2
7791,66000,387130000C,(04)23274275,(04)23288582,2025,12,18,8,11,臺中市,大里區,0,0,0,7,,,50,,,,,,,,,,,,,,,,,,,B03,,,1,,1,,,49,49,1,12,4,120.692284,24.118011,3
7792,66000,387130000C,(04)23274275,(04)23288582,2025,12,18,8,11,臺中市,清水區,0,1,0,7,3,6,50,4,1,1,5,4,6,6,2,1,1,4,4,1,17,3,10,3,1,B03,7,2,1,8,2,6,,49,49,1,12,4,120.54136,24.27977,2
7793,66000,387130000C,(04)23274275,(04)23288582,2025,12,18,8,15,臺中市,西屯區,0,0,0,7,,,0,,,,,,,,,,,,,,9,,,,,C03,,,1,,2,,,39,39,1,13,4,120.614382,24.182388,3
7794,66000,387130000C,(04)23274275,(04)23288582,2025,12,18,8,16,臺中市,西屯區,0,1,0,7,2,6,50,13,9,1,5,4,6,6,1,1,3,4,5,2,13,2,7,2,1,C03,7,9,1,10,2,11,,7,7,1,12,4,120.642266,24.164247,2
7795,66000,387130000C,(04)23274275,(04)23288582,2025,12,18,8,17,臺中市,大里區,0,0,0,7,,,50,,,,,,,,,,,,,,,,,,,C03,,,1,,2,,,84,84,1,6,4,120.703874,24.097397,3
7796,66000,387130000C,(04)23274275,(04)23288582,2025,12,18,8,17,臺中市,霧峰區,0,1,0,7,3,6,50,4,2,1,5,4,6,6,4,4,5,5,5,1,11,3,10,3,1,B03,7,6,1,8,2,6,,39,39,1,12,4,120.687636,24.046322,2
7797,66000,387130000C,(04)23274275,(04)23288582,2025,12,18,8,18,臺中市,西屯區,0,0,0,7,,,50,,,,,,,,,,,,,,9,,,,,C03,,,1,,2,,,42,42,2,13,4,120.657011,24.163303,3
7798,66000,387130000C,(04)23274275,(04)23288582,2025,12,18,8,20,臺中市,西區,0,1,0,7,2,6,50,4,1,1,5,4,6,6,1,1,10,5,5,2,16,3,10,5,4,B12,7,5,1,8,2,5,,47,47,1,13,4,120.660951,24.159175,2
7799,66000,387130000C,(04)23274275,(04)23288582,2025,12,18,8,20,臺中市,北屯區,0,0,0,7,,,50,,,,,,,,,,,,,,,,,,,C03,,,1,,1,,,84,84,1,13,4,120.683292,24.188418,3
7800,66000,387130000C,(04)23274275,(04)23288582,2025,12,18,8,20,臺中市,西屯區,0,2,0,7,2,6,50,11,9,1,5,4,6,6,4,4,10,5,5,2,12,2,7,5,4,C03,7,6,1,16,2,14,,48,48,1,13,4,120.646491,24.178197,2
7801,66000,387130000C,(04)23274275,(04)23288582,2025,12,18,8,21,臺中市,烏日區,0,1,0,7,3,6,50,4,1,1,5,4,6,6,3,1,5,2,5,1,9,3,10,3,1,B03,7,6,1,8,2,8,,59,59,1,12,4,120.61865,24.103128,2
7802,66000,387130000C,(04)23274275,(04)23288582,2025,12,18,8,23,臺中市,南屯區,0,2,0,7,2,6,40,4,8,1,5,4,6,6,2,1,1,4,1,2,13,2,8,2,1,C04,7,9,1,10,2,11,,7,7,1,12,4,120.608165,24.151184,2
7803,66000,387130000C,(04)23274275,(04)23288582,2025,12,18,8,25,臺中市,后里區,0,1,0,7,2,6,50,11,9,1,5,4,6,6,4,4,10,5,5,2,11,2,8,1,1,C03,7,9,1,10,2,11,,41,41,1,12,4,120.692403,24.315162,2
7804,66000,387130000C,(04)23274275,(04)23288582,2025,12,18,8,26,臺中市,大里區,0,1,0,6,3,6,60,4,2,1,5,4,6,6,1,1,1,4,4,2,13,2,7,1,1,C03,7,8,1,10,2,11,,84,84,1,12,4,120.667304,24.105271,2
7805,66000,387130000C,(04)23274275,(04)23288582,2025,12,18,8,29,臺中市,南屯區,0,0,0,7,,,50,,,,,,,,,,,,,,17,,,,,B03,,,1,,1,,,51,51,1,13,4,120.640701,24.141497,3
7806,66000,387130000C,(04)23274275,(04)23288582,2025,12,18,8,33,臺中市,南屯區,0,2,0,7,2,6,50,4,1,1,5,4,6,6,1,1,10,5,5,2,17,2,9,2,1,C03,7,6,1,10,2,12,,85,85,1,12,4,120.637234,24.14695,2
7807,66000,387130000C,(04)23274275,(04)23288582,2025,12,18,8,35,臺中市,清水區,0,0,0,7,,,50,,,,,,,,,,,,,,17,,,,,B03,,,1,,2,,,8,8,1,12,4,120.576038,24.266807,3
7808,66000,387130000C,(04)23274275,(04)23288582,2025,12,18,8,36,臺中市,大雅區,0,0,0,7,,,50,,,,,,,,,,,,,,,,,,,C03,,,1,,2,,,20,20,1,13,4,120.652117,24.227495,3
7809,66000,387130000C,(04)23274275,(04)23288582,2025,12,18,8,36,臺中市,西區,0,0,0,7,,,50,,,,,,,,,,,,,,14,,,,,B11,,,1,,1,,,49,49,1,13,4,120.669977,24.142266,4
7810,66000,387130000C,(04)23274275,(04)23288582,2025,12,18,8,37,臺中市,神岡區,0,0,0,7,,,50,,,,,,,,,,,,,,2,,,,,B12,,,1,,1,,,59,59,1,6,4,120.673546,24.252513,3
7811,66000,387130000C,(04)23274275,(04)23288582,2025,12,18,8,39,臺中市,北屯區,0,0,0,7,,,50,,,,,,,,,,,,,,12,,,,,B03,,,1,8,1,,,84,84,1,6,4,120.689788,24.177072,3
7812,66000,387130000C,(04)23274275,(04)23288582,2025,12,18,8,39,臺中市,外埔區,0,0,0,7,2,6,50,13,12,1,5,4,6,6,4,4,5,5,4,1,17,,,,,C03,,,1,,2,,,35,35,1,13,4,120.653486,24.331616,4
7813,66000,387130000C,(04)23274275,(04)23288582,2025,12,18,8,43,臺中市,烏日區,0,0,0,7,,,50,,,,,,,,,,,,,,12,,,,,A31,,,1,,2,,,40,40,1,13,4,120.647252,24.077732,3
7814,66000,387130000C,(04)23274275,(04)23288582,2025,12,18,8,44,臺中市,東區,0,2,0,7,2,6,50,4,1,1,5,4,6,6,1,1,10,5,5,2,16,2,9,2,1,C03,7,6,1,10,2,14,,48,48,1,13,4,120.697137,24.135147,2
7815,66000,387130000C,(04)23274275,(04)23288582,2025,12,18,8,45,臺中市,西屯區,0,0,0,7,,,40,,,,,,,,,,,,,,12,,,,,A12,,,1,,2,,,8,8,1,12,4,120.603781,24.183185,3
7816,66000,387130000C,(04)23274275,(04)23288582,2025,12,18,8,48,臺中市,龍井區,0,0,0,7,,,30,,,,,,,,,,,,,,,,,,,C03,,,1,,2,,,12,12,1,12,4,120.595224,24.187459,3
7817,66000,387130000C,(04)23274275,(04)23288582,2025,12,18,8,48,臺中市,沙鹿區,0,1,0,7,2,6,50,5,1,1,5,4,6,6,1,1,10,5,5,2,17,2,9,1,1,C03,7,7,3,19,2,14,,20,20,1,12,4,120.557673,24.232995,2
7818,66000,387130000C,(04)23274275,(04)23288582,2025,12,18,8,49,臺中市,南屯區,0,1,0,7,3,6,50,4,1,1,5,4,6,6,1,1,10,5,5,2,13,3,10,2,1,C03,7,9,1,10,2,14,,7,7,1,13,4,120.641051,24.141377,2
7819,66000,387130000C,(04)23274275,(04)23288582,2025,12,18,8,49,臺中市,西屯區,0,1,0,7,2,6,30,13,9,1,5,4,6,6,4,4,10,5,5,2,16,3,10,5,4,C03,7,1,1,10,2,11,,51,51,1,12,4,120.657476,24.159286,2
7820,66000,387130000C,(04)23274275,(04)23288582,2025,12,18,8,49,臺中市,西屯區,0,0,0,7,,,50,,,,,,,,,,,,,,13,,,,,B03,,,1,,1,,,7,7,1,12,4,120.611157,24.190855,3