序號,縣市別代碼,機關代碼,市話,傳真,年,月,日,時,分,縣市,區,死亡數量,受傷數量,2-30,天候,道路照明設備,道路類別,道路速限,道路型態,事故位置,路面鋪裝,路面狀態,路面缺陷,障礙物,視距,號誌種類,號誌動作,分向設施,快車道或一般車道間,快慢車道間,路面邊線,事故類型及型態,受傷程度,主要傷處,保護裝備,行動電話或功能裝置,當事者區分(類別),車輛用途,當事者行動狀態,駕照狀態,駕照種類,飲酒情形,車輛撞擊部位最初,車輛撞擊部位其他,肇事因素個別,肇事因素主要,肇事逃逸,職業,共享經濟或外送平台,GPS座標X,GPS座標Y,事故類別
7821,66000,387130000C,(04)23274275,(04)23288582,2025,12,18,8,51,臺中市,龍井區,0,0,0,7,,,50,,,,,,,,,,,,,,,,,,,B03,,,1,,2,,,8,8,1,12,4,120.547713,24.190201,3
7822,66000,387130000C,(04)23274275,(04)23288582,2025,12,18,8,54,臺中市,大甲區,0,0,0,7,,,50,,,,,,,,,,,,,,,,,,,B03,,,1,,2,,,11,11,1,12,4,120.629511,24.345139,4
7823,66000,387130000C,(04)23274275,(04)23288582,2025,12,18,8,55,臺中市,烏日區,0,0,0,7,,,30,,,,,,,,,,,,,,12,,,,,B03,,,1,,2,,,59,59,1,12,4,120.637116,24.109164,3
7824,66000,387130000C,(04)23274275,(04)23288582,2025,12,18,9,0,臺中市,北屯區,0,0,0,7,,3,30,,,,,,,,,,,,,,13,,,,,B03,,,1,,1,,,7,7,1,6,4,120.701285,24.201544,3
7825,66000,387130000C,(04)23274275,(04)23288582,2025,12,18,9,0,臺中市,豐原區,0,1,0,7,2,6,50,3,1,1,5,4,6,6,4,4,10,5,5,2,17,3,10,3,1,B03,7,6,1,8,2,4,,12,12,1,13,4,120.706608,24.238067,2
7826,66000,387130000C,(04)23274275,(04)23288582,2025,12,18,9,6,臺中市,南區,0,0,0,7,,,50,,,,,,,,,,,,,,,,,,,B03,,,1,,1,,,49,49,1,12,4,120.647503,24.121026,3
7827,66000,387130000C,(04)23274275,(04)23288582,2025,12,18,9,10,臺中市,南區,0,0,0,7,,,0,,,,,,,,,,,,,,17,,,,,,,,,,,,,119,119,1,,,120.679516,24.120802,3
7828,66000,387130000C,(04)23274275,(04)23288582,2025,12,18,9,11,臺中市,大里區,0,1,0,7,2,6,50,13,9,1,5,4,6,6,4,4,9,4,4,2,30,2,9,2,1,C03,7,9,1,10,2,11,,83,83,1,12,4,120.680375,24.10706,2
7829,66000,387130000C,(04)23274275,(04)23288582,2025,12,18,9,16,臺中市,北屯區,0,0,0,7,,,50,,,,,,,,,,,,,,15,,,,,B03,,,1,,2,,,12,12,1,6,4,120.721575,24.162554,3
7830,66000,387130000C,(04)23274275,(04)23288582,2025,12,18,9,24,臺中市,大里區,0,1,0,7,3,6,60,3,1,1,5,4,6,6,1,1,10,5,5,2,16,3,10,3,1,B03,7,5,1,8,2,2,,11,11,1,6,4,120.677917,24.103987,2
7831,66000,387130000C,(04)23274275,(04)23288582,2025,12,18,9,24,臺中市,新社區,0,0,0,7,,,30,,,,,,,,,,,,,,14,,,,,B03,,,1,,1,,,49,49,1,13,4,120.799518,24.23492,3
7832,66000,387130000C,(04)23274275,(04)23288582,2025,12,18,9,27,臺中市,南屯區,0,1,0,7,3,6,50,13,9,1,5,4,6,6,4,4,1,4,5,2,13,2,9,1,1,C03,7,9,1,10,2,11,,7,7,1,12,4,120.646805,24.148292,2
7833,66000,387130000C,(04)23274275,(04)23288582,2025,12,18,9,29,臺中市,霧峰區,0,0,0,7,,,50,,,,,,,,,,,,,,16,,,,,C03,,,1,,2,,,48,48,1,6,4,120.71424,24.075504,3
7834,66000,387130000C,(04)23274275,(04)23288582,2025,12,18,9,30,臺中市,西屯區,0,1,0,7,2,6,50,13,9,1,5,4,6,6,4,4,9,5,5,2,17,3,10,5,4,B03,7,2,1,8,2,7,,49,49,1,13,4,120.654401,24.198092,2
7835,66000,387130000C,(04)23274275,(04)23288582,2025,12,18,9,32,臺中市,北屯區,0,1,0,7,1,6,50,4,2,1,5,4,6,6,1,1,5,4,4,2,11,3,10,3,1,B03,7,6,1,8,2,1,,11,11,1,13,4,120.722612,24.179916,2
7836,66000,387130000C,(04)23274275,(04)23288582,2025,12,18,9,36,臺中市,西屯區,0,0,0,7,,,50,,,,,,,,,,,,,,17,,,,,B03,,,1,,1,,,20,20,1,12,4,120.652646,24.176464,3
7837,66000,387130000C,(04)23274275,(04)23288582,2025,12,18,9,37,臺中市,南屯區,0,1,0,7,2,6,50,3,1,1,5,4,6,6,4,4,5,5,5,2,16,3,10,3,1,B03,7,1,1,8,2,4,,51,51,1,12,4,120.65456,24.137808,2
7838,66000,387130000C,(04)23274275,(04)23288582,2025,12,18,9,40,臺中市,南屯區,0,2,0,7,2,6,40,13,8,1,5,4,6,6,1,1,10,5,1,2,13,2,8,2,1,C03,7,9,1,10,2,11,,59,59,1,12,4,120.607536,24.150945,2
7839,66000,387130000C,(04)23274275,(04)23288582,2025,12,18,9,40,臺中市,豐原區,0,0,0,7,,,30,,,,,,,,,,,,,,30,,,,,B12,,,1,,2,,,51,51,1,13,4,120.722328,24.25311,3
7840,66000,387130000C,(04)23274275,(04)23288582,2025,12,18,9,46,臺中市,東勢區,0,1,0,7,2,6,50,4,1,1,5,4,6,6,1,1,10,5,5,2,17,3,10,3,1,B03,7,6,1,8,2,1,,11,11,1,12,4,120.826999,24.260008,2
7841,66000,387130000C,(04)23274275,(04)23288582,2025,12,18,9,47,臺中市,清水區,0,0,0,7,,,40,,,,,,,,,,,,,,,,,,,B03,,,1,,2,,,49,49,1,12,4,120.563593,24.26494,3
7842,66000,387130000C,(04)23274275,(04)23288582,2025,12,18,9,52,臺中市,神岡區,0,1,0,7,2,6,50,3,1,1,5,4,6,6,4,4,10,5,5,1,17,3,10,3,1,B03,7,4,1,8,2,2,,8,8,1,13,4,120.696956,24.256092,2
7843,66000,387130000C,(04)23274275,(04)23288582,2025,12,18,9,53,臺中市,南區,0,0,0,7,,,50,,,,,,,,,,,,,,14,,,,,C03,,,1,,1,,,49,49,1,5,4,120.670154,24.125261,3
7844,66000,387130000C,(04)23274275,(04)23288582,2025,12,18,9,54,臺中市,東區,0,1,0,7,2,6,50,4,1,1,5,4,6,6,1,1,9,4,4,2,17,2,8,1,1,C03,7,9,5,10,1,11,,7,7,1,12,4,120.699332,24.147947,2
7845,66000,387130000C,(04)23274275,(04)23288582,2025,12,18,9,54,臺中市,北屯區,0,1,0,7,3,6,30,4,1,1,5,4,6,6,4,4,10,5,5,2,17,2,9,2,1,C03,7,9,1,9,2,12,,84,84,1,6,4,120.66762,24.193039,2
7846,66000,387130000C,(04)23274275,(04)23288582,2025,12,18,9,55,臺中市,北區,0,1,0,7,2,6,50,5,1,1,5,4,6,6,1,1,10,5,5,2,16,2,8,1,1,C03,7,6,1,10,2,14,,11,11,1,12,4,120.686292,24.154706,2
7847,66000,387130000C,(04)23274275,(04)23288582,2025,12,18,10,0,臺中市,太平區,0,1,0,7,2,6,30,3,2,1,5,4,6,6,4,4,9,5,5,1,14,3,10,3,1,B02,7,2,1,8,2,7,,49,49,1,12,4,120.711493,24.123184,2
7848,66000,387130000C,(04)23274275,(04)23288582,2025,12,18,10,3,臺中市,沙鹿區,0,1,0,7,2,6,50,4,2,1,5,4,6,6,1,1,3,3,3,1,17,3,10,5,4,B03,7,5,1,8,2,2,,11,11,1,13,4,120.566928,24.229277,2
7849,66000,387130000C,(04)23274275,(04)23288582,2025,12,18,10,5,臺中市,西區,0,0,0,7,,,50,,,,,,,,,,,,,,16,,,,,B03,,,1,,1,,,47,47,1,12,4,120.666726,24.141243,3
7850,66000,387130000C,(04)23274275,(04)23288582,2025,12,18,10,6,臺中市,大甲區,0,0,0,7,,,50,,,,,,,,,,,,,,11,,,,,B03,,,1,,2,,,8,8,2,12,4,120.631431,24.347202,3
7851,66000,387130000C,(04)23274275,(04)23288582,2025,12,18,10,7,臺中市,北區,0,0,0,7,,,50,,,,,,,,,,,,,,17,,,,,B03,,,1,,1,,,8,8,1,13,4,120.684054,24.154645,3
7852,66000,387130000C,(04)23274275,(04)23288582,2025,12,18,10,9,臺中市,北區,0,0,0,7,2,6,50,4,2,1,5,4,6,6,4,4,5,5,5,2,17,3,10,3,1,B03,7,1,1,8,2,8,,51,51,1,12,4,120.684074,24.154631,3
7853,66000,387130000C,(04)23274275,(04)23288582,2025,12,18,10,10,臺中市,大雅區,0,0,0,7,,,30,,,,,,,,,,,,,,,,,,,C03,,,1,,1,,,14,14,1,13,4,120.650407,24.219283,3
7854,66000,387130000C,(04)23274275,(04)23288582,2025,12,18,10,12,臺中市,西屯區,0,1,0,7,2,6,50,13,8,1,5,4,6,6,4,4,1,4,1,2,12,3,10,5,4,B12,7,9,1,8,2,2,,8,8,1,13,4,120.631211,24.168736,2
7855,66000,387130000C,(04)23274275,(04)23288582,2025,12,18,10,15,臺中市,后里區,0,1,0,7,3,6,50,13,9,1,5,4,6,6,4,4,5,5,5,1,13,2,9,6,1,F02,7,9,7,21,2,11,,84,84,1,12,4,120.717627,24.307329,2
7856,66000,387130000C,(04)23274275,(04)23288582,2025,12,18,10,18,臺中市,東區,0,0,0,7,,,0,,,,,,,,,,,,,,17,,,,,C03,,,1,,1,,,84,84,1,13,4,120.684224,24.135122,3
7857,66000,387130000C,(04)23274275,(04)23288582,2025,12,18,10,24,臺中市,西區,0,1,0,7,2,6,50,4,1,1,5,4,6,6,2,3,5,5,5,2,15,2,7,2,1,C03,7,9,1,10,11,12,,12,12,2,12,4,120.660316,24.149097,2
7858,66000,387130000C,(04)23274275,(04)23288582,2025,12,18,10,30,臺中市,太平區,0,0,0,7,2,6,30,13,14,1,5,4,6,6,4,4,10,5,5,2,14,,,,,C03,,,1,,2,,,84,84,1,12,4,120.710048,24.127485,3
7859,66000,387130000C,(04)23274275,(04)23288582,2025,12,18,10,32,臺中市,中區,0,3,0,7,2,6,50,13,9,1,5,4,6,6,1,1,5,2,5,2,13,2,7,3,1,B01,7,9,1,4,2,1,,84,84,1,13,4,120.680189,24.13771,2
7860,66000,387130000C,(04)23274275,(04)23288582,2025,12,18,10,34,臺中市,大里區,0,0,0,7,,,50,,,,,,,,,,,,,,13,,,,,B12,,,1,,1,,,7,7,1,12,4,120.692287,24.094706,3
7861,66000,387130000C,(04)23274275,(04)23288582,2025,12,18,10,35,臺中市,西區,0,0,0,7,,,50,,,,,,,,,,,,,,15,,,,,C03,,,1,,1,,,15,15,1,13,4,120.671199,24.146959,3
7862,66000,387130000C,(04)23274275,(04)23288582,2025,12,18,10,36,臺中市,梧棲區,0,1,0,7,3,6,50,13,9,1,5,4,6,6,1,1,5,5,5,1,16,3,10,3,1,B12,7,1,1,8,2,8,,51,51,1,6,4,120.528345,24.221789,2
7863,66000,387130000C,(04)23274275,(04)23288582,2025,12,18,10,38,臺中市,西屯區,0,1,0,6,2,6,60,13,7,1,5,4,6,6,4,4,1,4,1,2,13,2,9,5,4,B03,7,9,1,8,2,1,,59,59,1,12,4,120.649163,24.162943,2
7864,66000,387130000C,(04)23274275,(04)23288582,2025,12,18,10,42,臺中市,大雅區,0,0,0,7,,,50,,,,,,,,,,,,,,,,,,,B03,,,1,,1,,,84,84,1,13,4,120.669545,24.214142,3
7865,66000,387130000C,(04)23274275,(04)23288582,2025,12,18,10,43,臺中市,南屯區,0,1,0,7,3,6,50,4,2,1,5,4,6,6,1,1,5,2,5,2,13,2,9,2,1,C03,7,9,1,10,2,11,,58,58,1,12,4,120.649697,24.153171,2
7866,66000,387130000C,(04)23274275,(04)23288582,2025,12,18,10,43,臺中市,烏日區,0,0,0,7,,,50,,,,,,,,,,,,,,11,,,,,B03,,,1,,1,,,40,40,1,13,4,120.642073,24.109222,3
7867,66000,387130000C,(04)23274275,(04)23288582,2025,12,18,10,45,臺中市,西區,0,1,0,7,3,6,50,3,1,1,5,4,6,6,1,1,10,5,5,2,17,2,9,1,1,C03,7,9,1,10,2,11,,84,84,1,12,4,120.671275,24.14259,2
7868,66000,387130000C,(04)23274275,(04)23288582,2025,12,18,10,52,臺中市,潭子區,0,1,0,7,3,6,50,13,9,1,5,4,6,6,4,4,10,5,5,1,18,2,9,2,1,C03,7,9,1,10,2,14,,59,59,1,12,4,120.715866,24.212336,2
7869,66000,387130000C,(04)23274275,(04)23288582,2025,12,18,10,55,臺中市,北屯區,0,0,0,7,,,50,,,,,,,,,,,,,,13,,,,,B12,,,5,19,2,,,7,7,1,6,4,120.737371,24.178446,3
7870,66000,387130000C,(04)23274275,(04)23288582,2025,12,18,10,55,臺中市,東勢區,0,0,0,7,,,60,,,,,,,,,,,,,,,,,,,A11,,,1,,1,,,49,49,1,12,4,120.836359,24.231694,3
7871,66000,387130000C,(04)23274275,(04)23288582,2025,12,18,11,0,臺中市,北屯區,0,0,0,7,,,50,,,,,,,,,,,,,,12,,,,,B12,,,1,,1,,,84,84,1,6,4,120.693563,24.185452,3
7872,66000,387130000C,(04)23274275,(04)23288582,2025,12,18,11,6,臺中市,南區,0,0,0,7,,,50,,,,,,,,,,,,,,,,,,,B01,,,1,,1,,,84,84,1,12,4,120.66817,24.116034,3
7873,66000,387130000C,(04)23274275,(04)23288582,2025,12,18,11,13,臺中市,北屯區,0,1,0,7,2,6,50,4,1,1,5,4,6,6,2,1,10,5,5,1,12,3,10,3,1,B03,7,5,1,8,1,6,,11,11,1,6,4,120.705695,24.164861,2
7874,66000,387130000C,(04)23274275,(04)23288582,2025,12,18,11,14,臺中市,北屯區,0,2,0,7,1,6,50,3,2,1,5,4,6,6,1,1,5,4,5,2,11,2,9,1,1,C03,7,6,5,19,2,11,,65,65,1,13,4,120.664804,24.186038,2
7875,66000,387130000C,(04)23274275,(04)23288582,2025,12,18,11,14,臺中市,神岡區,0,1,0,7,2,6,30,4,1,1,5,4,6,6,4,4,10,5,5,2,15,3,10,5,4,B03,7,9,1,8,2,1,,12,12,1,12,4,120.685725,24.251438,2
7876,66000,387130000C,(04)23274275,(04)23288582,2025,12,18,11,17,臺中市,西區,0,1,0,7,2,6,50,3,2,1,5,4,6,6,4,4,5,4,4,2,13,2,8,2,1,C03,7,9,1,10,2,11,,7,7,1,12,4,120.670064,24.14352,2
7877,66000,387130000C,(04)23274275,(04)23288582,2025,12,18,11,17,臺中市,大里區,0,0,0,7,,,50,,,,,,,,,,,,,,17,,,,,B03,,,1,,1,,,7,7,1,6,4,120.676651,24.100662,3
7878,66000,387130000C,(04)23274275,(04)23288582,2025,12,18,11,18,臺中市,豐原區,0,1,0,7,2,6,50,4,1,1,5,4,6,6,1,1,10,5,5,2,17,3,10,3,1,B03,7,9,1,8,2,5,,7,7,1,13,4,120.712954,24.255633,2
7879,66000,387130000C,(04)23274275,(04)23288582,2025,12,18,11,20,臺中市,北屯區,0,1,0,7,2,6,50,13,9,1,5,4,6,6,4,4,1,4,5,2,17,2,1,1,1,C03,7,1,1,10,2,11,,51,51,1,6,4,120.700854,24.179033,2
7880,66000,387130000C,(04)23274275,(04)23288582,2025,12,18,11,24,臺中市,北區,0,2,0,7,3,6,50,3,2,1,5,4,6,6,4,4,5,4,5,2,17,2,9,5,4,C03,7,11,1,10,2,14,,45,45,1,13,4,120.682875,24.152138,2
7881,66000,387130000C,(04)23274275,(04)23288582,2025,12,18,11,24,臺中市,東勢區,0,0,0,7,,,50,,,,,,,,,,,,,,,,,,,B03,,,1,,1,,,7,7,1,12,4,120.829646,24.253536,3
7882,66000,387130000C,(04)23274275,(04)23288582,2025,12,18,11,30,臺中市,沙鹿區,0,0,0,7,2,6,60,3,7,1,5,4,6,6,1,1,1,3,1,2,12,,,,,A41,,,1,,1,,,7,7,1,12,4,120.583323,24.25012,3
7883,66000,387130000C,(04)23274275,(04)23288582,2025,12,18,11,30,臺中市,清水區,0,1,0,7,3,6,50,13,7,1,5,4,6,6,4,4,5,4,4,2,16,3,10,3,1,B03,7,6,1,10,2,8,,48,48,1,12,4,120.571057,24.276469,2
7884,66000,387130000C,(04)23274275,(04)23288582,2025,12,18,11,32,臺中市,太平區,0,1,0,7,2,6,40,4,1,1,5,4,6,6,1,1,10,5,5,2,16,3,10,3,1,B12,7,6,1,8,2,6,,48,48,1,12,4,120.724025,24.111108,2
7885,66000,387130000C,(04)23274275,(04)23288582,2025,12,18,11,45,臺中市,北區,0,1,0,7,2,6,50,4,1,1,5,4,6,6,1,1,10,5,5,2,17,2,9,1,1,C03,7,9,1,10,2,14,,84,84,1,12,4,120.682325,24.159092,2
7886,66000,387130000C,(04)23274275,(04)23288582,2025,12,18,11,47,臺中市,大里區,0,0,0,7,,,50,,,,,,,,,,,,,,,,,,,C03,,,1,,1,,,84,84,2,13,4,120.695181,24.096781,3
7887,66000,387130000C,(04)23274275,(04)23288582,2025,12,18,11,48,臺中市,南屯區,0,2,0,7,2,6,50,3,1,1,5,4,6,6,4,4,10,5,5,2,17,3,10,3,1,B03,7,6,1,8,2,5,,84,84,1,12,4,120.634485,24.156549,2
7888,66000,387130000C,(04)23274275,(04)23288582,2025,12,18,11,49,臺中市,太平區,0,2,0,7,2,6,50,3,2,1,5,4,6,6,4,4,5,4,5,1,13,2,9,1,1,C03,7,9,1,10,2,11,,84,84,1,12,4,120.716111,24.12751,2
7889,66000,387130000C,(04)23274275,(04)23288582,2025,12,18,11,50,臺中市,西屯區,0,0,0,7,,,60,,,,,,,,,,,,,,13,,,,,B03,,,1,,1,,,7,7,1,12,4,120.617285,24.182125,3
7890,66000,387130000C,(04)23274275,(04)23288582,2025,12,18,11,50,臺中市,大里區,0,1,0,7,3,6,30,13,9,1,5,4,6,6,4,4,10,5,5,2,12,2,8,1,1,C03,7,9,1,10,2,12,,8,8,1,12,4,120.694771,24.117539,2
7891,66000,387130000C,(04)23274275,(04)23288582,2025,12,18,11,50,臺中市,后里區,0,1,0,7,2,6,50,3,1,1,5,4,6,6,4,4,10,5,5,2,16,2,8,1,1,C03,7,6,1,10,2,11,12,14,14,1,6,4,120.691522,24.307775,2
7892,66000,387130000C,(04)23274275,(04)23288582,2025,12,18,11,53,臺中市,南屯區,0,1,0,7,2,6,50,13,9,1,5,4,6,6,2,1,1,4,5,2,13,2,8,2,1,C03,7,9,1,10,1,11,,7,7,1,13,4,120.642683,24.140777,2
7893,66000,387130000C,(04)23274275,(04)23288582,2025,12,18,11,57,臺中市,西屯區,0,0,0,7,,,50,,,,,,,,,,,,,,17,,,,,B03,,,1,,1,,,51,51,1,12,4,120.616057,24.185977,3
7894,66000,387130000C,(04)23274275,(04)23288582,2025,12,18,12,0,臺中市,西屯區,0,1,0,7,2,6,50,13,9,1,5,4,6,6,4,4,5,4,5,1,14,3,10,5,4,B02,7,2,1,6,2,7,,49,49,1,13,4,120.635565,24.158233,2
7895,66000,387130000C,(04)23274275,(04)23288582,2025,12,18,12,0,臺中市,霧峰區,0,2,0,7,3,6,50,4,2,1,5,4,6,6,4,4,5,5,4,2,13,2,9,1,1,C03,7,9,1,10,2,11,12,7,7,1,12,4,120.697077,24.063928,2
7896,66000,387130000C,(04)23274275,(04)23288582,2025,12,18,12,1,臺中市,西屯區,0,1,0,7,1,6,50,4,1,1,5,4,6,6,2,1,5,4,5,2,11,3,10,5,4,B12,7,6,1,8,2,5,,11,11,1,13,4,120.621921,24.186373,2
7897,66000,387130000C,(04)23274275,(04)23288582,2025,12,18,12,6,臺中市,北屯區,0,1,0,7,2,6,50,4,1,1,5,4,6,6,2,1,4,3,5,2,18,2,9,1,1,C03,7,12,1,10,2,12,,6,6,1,6,4,120.705941,24.169537,2
7898,66000,387130000C,(04)23274275,(04)23288582,2025,12,18,12,6,臺中市,大甲區,0,2,0,7,2,6,50,4,9,1,5,4,6,6,1,1,6,3,5,1,11,2,9,1,1,C03,7,6,1,10,2,11,,11,11,1,12,4,120.621558,24.34778,2
7899,66000,387130000C,(04)23274275,(04)23288582,2025,12,18,12,8,臺中市,西屯區,0,0,0,7,,,50,,,,,,,,,,,,,,14,,,,,B12,,,1,,1,,,49,49,1,13,4,120.61393,24.174897,4
7900,66000,387130000C,(04)23274275,(04)23288582,2025,12,18,12,10,臺中市,大里區,0,0,0,7,,,50,,,,,,,,,,,,,,,,,,,B03,,,1,,1,,,39,39,1,12,4,120.67921,24.107248,3
7901,66000,387130000C,(04)23274275,(04)23288582,2025,12,18,12,10,臺中市,烏日區,0,1,0,7,3,6,50,4,1,1,5,4,6,6,4,4,10,5,5,2,15,3,10,1,1,C03,7,9,1,10,2,12,,15,15,1,6,4,120.630191,24.102841,2
7902,66000,387130000C,(04)23274275,(04)23288582,2025,12,18,12,14,臺中市,西屯區,0,0,0,7,,,50,,,,,,,,,,,,,,12,,,,,B12,,,1,,1,,,40,40,1,12,4,120.6567,24.200959,3
7903,66000,387130000C,(04)23274275,(04)23288582,2025,12,18,12,14,臺中市,豐原區,0,2,0,7,2,6,50,4,1,1,5,4,6,6,4,4,5,5,5,2,15,3,10,5,4,B03,7,9,1,8,2,2,,13,13,1,13,4,120.71588,24.26201,2
7904,66000,387130000C,(04)23274275,(04)23288582,2025,12,18,12,16,臺中市,西屯區,0,0,0,7,,,30,,,,,,,,,,,,,,14,,,,,B03,,,1,,2,,,49,49,1,12,4,120.627073,24.159661,3
7905,66000,387130000C,(04)23274275,(04)23288582,2025,12,18,12,21,臺中市,北區,0,0,0,7,,,,,,,,,,,,,,,,,,,,,,C03,,,,,,,,84,84,1,,,120.698372,24.156729,3
7906,66000,387130000C,(04)23274275,(04)23288582,2025,12,18,12,24,臺中市,南屯區,0,2,0,7,3,6,30,3,1,1,5,4,6,6,4,4,10,5,5,2,17,2,9,2,1,C03,7,6,1,10,2,14,,12,12,1,13,4,120.638085,24.141028,2
7907,66000,387130000C,(04)23274275,(04)23288582,2025,12,18,12,26,臺中市,北區,0,2,0,7,2,6,50,4,4,1,5,4,6,6,1,1,5,4,5,2,13,3,10,3,1,B03,7,9,1,8,2,5,,84,84,1,12,4,120.679361,24.167102,2
7908,66000,387130000C,(04)23274275,(04)23288582,2025,12,18,12,28,臺中市,西區,0,0,0,7,,,50,,,,,,,,,,,,,,,,,,,B01,,,1,,2,,,49,49,1,13,4,120.65746,24.138164,3
7909,66000,387130000C,(04)23274275,(04)23288582,2025,12,18,12,29,臺中市,北區,0,0,0,7,,,30,,,,,,,,,,,,,,,,,,,B03,,,1,,2,,,49,49,1,12,4,120.672691,24.166314,3
7910,66000,387130000C,(04)23274275,(04)23288582,2025,12,18,12,30,臺中市,大肚區,0,0,0,7,,,70,,,,,,,,,,,,,,,,,,,A41,,,1,,2,,,40,40,1,6,4,120.556819,24.127997,3
7911,66000,387130000C,(04)23274275,(04)23288582,2025,12,18,12,34,臺中市,北區,0,2,0,7,3,6,50,4,2,1,5,4,6,6,4,4,5,4,5,2,15,2,8,5,4,C03,7,9,1,10,2,12,,15,15,1,13,4,120.679269,24.16029,2
7912,66000,387130000C,(04)23274275,(04)23288582,2025,12,18,12,35,臺中市,沙鹿區,0,1,0,7,2,6,50,13,9,1,5,4,6,6,4,4,1,4,5,2,18,2,9,4,1,F01,7,9,7,21,2,11,,84,84,1,12,4,120.560782,24.234137,2
7913,66000,387130000C,(04)23274275,(04)23288582,2025,12,18,12,35,臺中市,沙鹿區,0,0,0,7,,,60,,,,,,,,,,,,,,,,,,,B03,,,1,,1,,,59,59,1,13,4,120.581306,24.210048,3
7914,66000,387130000C,(04)23274275,(04)23288582,2025,12,18,12,45,臺中市,南屯區,0,1,0,7,3,6,50,5,1,1,5,4,6,6,1,1,10,5,5,2,17,3,10,3,1,B03,7,5,1,8,2,2,,47,47,1,12,4,120.628435,24.140233,2
7915,66000,387130000C,(04)23274275,(04)23288582,2025,12,18,12,45,臺中市,大里區,0,0,0,7,,3,80,,,,,,,,,,,,,,17,,,,,A11,,,1,,2,,,8,8,1,6,4,120.691347,24.099669,3
7916,66000,387130000C,(04)23274275,(04)23288582,2025,12,18,12,49,臺中市,北屯區,0,0,0,7,,,30,,,,,,,,,,,,,,30,,,,,B03,,,1,8,2,,,49,49,1,6,4,120.694421,24.163316,3
7917,66000,387130000C,(04)23274275,(04)23288582,2025,12,18,12,50,臺中市,北屯區,0,1,0,7,3,6,50,13,7,1,5,4,6,6,4,4,5,2,4,2,13,2,9,2,1,C03,7,9,1,10,2,11,,55,55,1,6,4,120.733829,24.171357,2
7918,66000,387130000C,(04)23274275,(04)23288582,2025,12,18,12,51,臺中市,中區,0,0,0,7,,,50,,,,,,,,,,,,,,14,,,,,B03,,,1,,1,,,49,49,1,13,4,120.6811,24.142417,3
7919,66000,387130000C,(04)23274275,(04)23288582,2025,12,18,12,58,臺中市,梧棲區,0,0,0,7,,,50,,,,,,,,,,,,,,12,,,,,B12,,,1,,2,,,82,82,1,12,4,120.538137,24.247168,3
7920,66000,387130000C,(04)23274275,(04)23288582,2025,12,18,12,58,臺中市,東勢區,0,2,0,7,3,6,30,4,1,1,5,4,6,6,3,1,5,5,5,1,15,2,9,2,1,C03,7,9,1,10,2,11,,24,24,1,6,4,120.835438,24.249097,2
7921,66000,387130000C,(04)23274275,(04)23288582,2025,12,18,13,0,臺中市,西屯區,0,0,0,7,,,50,,,,,,,,,,,,,,13,,,,,B03,,,1,,11,,,7,7,2,13,4,120.634614,24.172278,3
7922,66000,387130000C,(04)23274275,(04)23288582,2025,12,18,13,1,臺中市,大肚區,0,0,0,7,,,50,,,,,,,,,,,,,,,,,,,B03,,,1,,2,,,40,40,1,6,4,120.566949,24.122311,3
7923,66000,387130000C,(04)23274275,(04)23288582,2025,12,18,13,4,臺中市,烏日區,0,0,0,7,,,50,,,,,,,,,,,,,,35,,,,,B12,,,1,,1,,,59,59,1,13,4,120.617111,24.116206,3
7924,66000,387130000C,(04)23274275,(04)23288582,2025,12,18,13,7,臺中市,西屯區,0,1,0,7,2,6,50,13,9,1,5,4,6,6,1,1,3,2,5,1,13,2,7,2,1,C02,7,9,1,10,2,11,,7,7,1,12,4,120.606343,24.192812,2
7925,66000,387130000C,(04)23274275,(04)23288582,2025,12,18,13,11,臺中市,豐原區,0,1,0,7,2,6,50,13,14,1,5,4,6,6,4,4,1,2,5,1,17,2,9,1,1,C03,7,9,3,19,2,11,,59,59,1,13,4,120.721601,24.243386,2
7926,66000,387130000C,(04)23274275,(04)23288582,2025,12,18,13,17,臺中市,北區,0,0,0,7,,,30,,,,,,,,,,,,,,,,,,,C03,,,1,,1,,,41,41,1,12,4,120.674152,24.162579,3
7927,66000,387130000C,(04)23274275,(04)23288582,2025,12,18,13,22,臺中市,北區,0,2,0,7,2,6,30,4,1,1,5,4,6,6,4,4,5,5,5,2,15,2,9,1,1,C03,7,9,1,10,2,11,,20,20,1,12,4,120.681906,24.166504,2
7928,66000,387130000C,(04)23274275,(04)23288582,2025,12,18,13,30,臺中市,北屯區,0,0,0,7,,3,80,,,,,,,,,,,,,,,,,,,A42,,,1,,2,,,68,68,1,12,4,120.701648,24.20119,3
7929,66000,387130000C,(04)23274275,(04)23288582,2025,12,18,13,33,臺中市,龍井區,0,0,0,7,,,50,,,,,,,,,,,,,,,,,,,B03,,,1,,1,,,7,7,1,12,4,120.5926,24.181542,3
7930,66000,387130000C,(04)23274275,(04)23288582,2025,12,18,13,35,臺中市,北區,0,1,0,7,3,6,50,3,2,1,5,4,6,6,4,4,9,4,5,2,2,3,10,5,4,B03,7,9,1,8,2,1,,84,84,1,13,4,120.674633,24.151757,2
7931,66000,387130000C,(04)23274275,(04)23288582,2025,12,18,13,43,臺中市,南區,0,1,0,7,2,6,50,13,8,1,5,4,6,6,4,4,5,4,4,2,17,3,10,3,1,B03,7,3,1,8,2,7,,50,50,1,5,4,120.674095,24.124052,2