序號,縣市別代碼,機關代碼,市話,傳真,年,月,日,時,分,縣市,區,死亡數量,受傷數量,2-30,天候,道路照明設備,道路類別,道路速限,道路型態,事故位置,路面鋪裝,路面狀態,路面缺陷,障礙物,視距,號誌種類,號誌動作,分向設施,快車道或一般車道間,快慢車道間,路面邊線,事故類型及型態,受傷程度,主要傷處,保護裝備,行動電話或功能裝置,當事者區分(類別),車輛用途,當事者行動狀態,駕照狀態,駕照種類,飲酒情形,車輛撞擊部位最初,車輛撞擊部位其他,肇事因素個別,肇事因素主要,肇事逃逸,職業,共享經濟或外送平台,GPS座標X,GPS座標Y,事故類別
7932,66000,387130000C,(04)23274275,(04)23288582,2025,12,18,13,45,臺中市,霧峰區,0,0,0,7,,,50,,,,,,,,,,,,,,16,,,,,A12,,,1,,2,,,84,84,1,6,4,120.699401,24.068775,3
7933,66000,387130000C,(04)23274275,(04)23288582,2025,12,18,13,46,臺中市,石岡區,0,0,0,7,,,50,,,,,,,,,,,,,,12,,,,,B03,,,1,,2,,,84,84,1,5,4,120.764319,24.277102,3
7934,66000,387130000C,(04)23274275,(04)23288582,2025,12,18,13,49,臺中市,西屯區,0,0,0,7,,,50,,,,,,,,,,,,,,12,,,,,B03,,,1,,2,,,11,11,1,12,4,120.665356,24.166801,3
7935,66000,387130000C,(04)23274275,(04)23288582,2025,12,18,13,52,臺中市,豐原區,0,0,0,7,,,30,,,,,,,,,,,,,,,,,,,B03,,,1,,2,,,49,49,1,13,4,120.725971,24.261254,3
7936,66000,387130000C,(04)23274275,(04)23288582,2025,12,18,13,55,臺中市,烏日區,0,0,0,7,,,50,,,,,,,,,,,,,,14,,,,,B12,,,1,,1,,,49,49,1,6,4,120.618638,24.113628,3
7937,66000,387130000C,(04)23274275,(04)23288582,2025,12,18,14,7,臺中市,神岡區,0,0,0,7,,,50,,,,,,,,,,,,,,13,,,,,B03,,,1,,2,,,59,59,1,12,4,120.692025,24.248092,3
7938,66000,387130000C,(04)23274275,(04)23288582,2025,12,18,14,8,臺中市,大甲區,0,1,0,7,3,6,50,4,1,1,5,4,6,6,4,4,10,5,5,2,16,2,9,1,1,F03,7,5,7,21,2,14,,14,14,1,12,4,120.642684,24.40602,2
7939,66000,387130000C,(04)23274275,(04)23288582,2025,12,18,14,12,臺中市,南屯區,0,1,0,7,3,6,50,13,8,1,5,4,6,6,4,4,1,4,1,2,18,2,9,1,1,C03,7,9,1,10,2,11,,59,59,1,12,4,120.622617,24.139677,2
7940,66000,387130000C,(04)23274275,(04)23288582,2025,12,18,14,21,臺中市,西區,0,0,0,7,,,50,,,,,,,,,,,,,,13,,,,,B03,,,1,,1,,,7,7,1,12,4,120.673532,24.136676,3
7941,66000,387130000C,(04)23274275,(04)23288582,2025,12,18,14,21,臺中市,太平區,0,2,0,7,2,6,50,3,1,1,5,4,6,6,2,1,5,5,5,2,18,2,9,1,1,C03,7,5,1,10,2,11,,84,84,1,12,4,120.733144,24.150813,2
7942,66000,387130000C,(04)23274275,(04)23288582,2025,12,18,14,22,臺中市,南屯區,0,0,0,7,,,50,,,,,,,,,,,,,,13,,,,,B03,,,1,,1,,,7,7,1,6,4,120.64131,24.134838,3
7943,66000,387130000C,(04)23274275,(04)23288582,2025,12,18,14,24,臺中市,西區,0,1,0,7,3,6,30,13,9,1,5,4,3,6,4,4,10,5,5,2,11,2,9,1,1,C03,7,9,1,10,2,11,,84,84,1,6,4,120.680103,24.137139,2
7944,66000,387130000C,(04)23274275,(04)23288582,2025,12,18,14,24,臺中市,太平區,0,0,0,7,,,50,,,,,,,,,,,,,,,,,,,B03,,,1,,2,,,49,49,1,12,4,120.724466,24.141372,3
7945,66000,387130000C,(04)23274275,(04)23288582,2025,12,18,14,26,臺中市,沙鹿區,0,2,0,7,3,6,70,13,9,1,5,4,6,6,4,4,1,4,4,1,12,3,10,3,1,A11,7,7,1,1,2,5,,40,40,1,12,4,120.616167,24.24349,2
7946,66000,387130000C,(04)23274275,(04)23288582,2025,12,18,14,30,臺中市,西區,0,1,0,7,2,6,50,4,1,1,5,4,6,6,2,1,7,4,4,2,12,3,10,3,1,B03,7,6,1,8,2,4,,84,84,1,13,4,120.665583,24.132164,2
7947,66000,387130000C,(04)23274275,(04)23288582,2025,12,18,14,30,臺中市,大甲區,0,0,0,7,,,50,,,,,,,,,,,,,,,,,,,B03,,,1,,1,,,49,49,1,12,4,120.625703,24.342635,4
7948,66000,387130000C,(04)23274275,(04)23288582,2025,12,18,14,37,臺中市,太平區,0,0,0,7,2,6,50,3,2,1,5,4,6,6,4,4,5,5,5,2,11,,,,,A12,,,1,,2,,,39,39,1,12,4,120.714204,24.148096,3
7949,66000,387130000C,(04)23274275,(04)23288582,2025,12,18,14,42,臺中市,西屯區,0,1,0,7,2,6,50,13,9,1,5,4,6,6,4,4,5,5,5,2,16,3,10,5,4,B01,7,11,1,4,2,1,,45,45,1,13,4,120.61838,24.187428,2
7950,66000,387130000C,(04)23274275,(04)23288582,2025,12,18,14,44,臺中市,大里區,0,1,0,7,2,6,50,3,1,1,5,4,6,6,4,4,1,4,4,1,17,3,10,3,1,B12,7,6,1,8,2,2,,14,14,1,12,4,120.694873,24.089131,2
7951,66000,387130000C,(04)23274275,(04)23288582,2025,12,18,14,47,臺中市,北區,0,1,0,7,2,6,40,4,2,1,5,4,6,6,4,4,5,5,4,2,17,2,9,2,1,C03,7,9,1,10,9,11,,59,59,1,12,4,120.678243,24.148354,2
7952,66000,387130000C,(04)23274275,(04)23288582,2025,12,18,14,48,臺中市,梧棲區,0,0,0,7,,,50,,,,,,,,,,,,,,14,,,,,B03,,,1,,1,,,49,49,1,12,4,120.528191,24.254703,3
7953,66000,387130000C,(04)23274275,(04)23288582,2025,12,18,14,49,臺中市,大雅區,0,1,0,7,3,6,30,4,2,1,5,4,6,6,4,4,10,5,5,2,17,2,9,1,1,C03,7,9,1,10,2,12,,15,15,1,12,4,120.668948,24.233498,2
7954,66000,387130000C,(04)23274275,(04)23288582,2025,12,18,14,49,臺中市,北屯區,0,0,0,7,,,50,,,,,,,,,,,,,,17,,,,,,,,,,,,,85,85,1,,,120.720963,24.16987,4
7955,66000,387130000C,(04)23274275,(04)23288582,2025,12,18,14,55,臺中市,大里區,0,1,0,7,2,6,50,13,8,1,5,4,6,6,4,4,4,4,4,1,18,2,9,2,1,C03,7,9,3,19,2,14,,84,84,1,13,4,120.692286,24.073839,2
7956,66000,387130000C,(04)23274275,(04)23288582,2025,12,18,15,0,臺中市,大雅區,0,1,0,7,1,6,60,3,1,1,5,4,6,6,1,1,10,4,5,1,17,3,10,3,1,B03,7,5,1,8,2,2,,20,20,1,12,4,120.65005,24.212034,2
7957,66000,387130000C,(04)23274275,(04)23288582,2025,12,18,15,9,臺中市,西屯區,0,0,0,7,,,40,,,,,,,,,,,,,,12,,,,,B03,,,1,,1,,,7,7,1,12,4,120.644897,24.164995,3
7958,66000,387130000C,(04)23274275,(04)23288582,2025,12,18,15,13,臺中市,潭子區,0,0,0,7,,,50,,,,,,,,,,,,,,,,,,,B03,,,1,,2,,,84,84,1,13,4,120.703062,24.200858,3
7959,66000,387130000C,(04)23274275,(04)23288582,2025,12,18,15,13,臺中市,霧峰區,0,1,0,7,2,6,40,4,1,1,5,4,6,6,1,1,10,5,5,2,15,3,10,3,1,B03,7,9,3,19,2,5,,21,21,1,6,4,120.694892,24.06597,2
7960,66000,387130000C,(04)23274275,(04)23288582,2025,12,18,15,18,臺中市,西屯區,0,0,0,7,,,50,,,,,,,,,,,,,,11,,,,,B03,,,1,,1,,,39,39,1,12,4,120.589342,24.175765,3
7961,66000,387130000C,(04)23274275,(04)23288582,2025,12,18,15,19,臺中市,西區,0,0,0,7,,,50,,,,,,,,,,,,,,17,,,,,B03,,,1,,1,,,8,8,1,12,4,120.659793,24.146611,3
7962,66000,387130000C,(04)23274275,(04)23288582,2025,12,18,15,22,臺中市,外埔區,0,1,0,7,2,6,50,3,1,1,5,4,6,6,4,4,10,5,5,2,16,3,10,3,1,B03,7,6,1,8,1,8,,14,14,1,12,4,120.68874,24.321848,2
7963,66000,387130000C,(04)23274275,(04)23288582,2025,12,18,15,23,臺中市,西屯區,0,1,0,7,2,6,50,13,7,1,5,4,6,6,2,1,1,4,1,2,13,3,10,3,1,B03,7,9,1,8,1,1,,59,59,1,12,4,120.621097,24.180137,2
7964,66000,387130000C,(04)23274275,(04)23288582,2025,12,18,15,24,臺中市,龍井區,0,0,0,7,,,30,,,,,,,,,,,,,,15,,,,,B03,,,1,,1,,,14,14,1,6,4,120.578023,24.180503,3
7965,66000,387130000C,(04)23274275,(04)23288582,2025,12,18,15,30,臺中市,梧棲區,0,1,0,7,3,6,50,13,9,1,5,4,6,6,4,4,9,5,5,1,21,2,9,3,1,B03,7,9,1,8,2,5,,59,59,1,6,4,120.536156,24.225416,2
7966,66000,387130000C,(04)23274275,(04)23288582,2025,12,18,15,31,臺中市,南區,0,0,0,7,,,50,,,,,,,,,,,,,,16,,,,,B03,,,1,,1,,,11,11,1,12,4,120.67013,24.118975,4
7967,66000,387130000C,(04)23274275,(04)23288582,2025,12,18,15,39,臺中市,西屯區,0,0,0,7,,,50,,,,,,,,,,,,,,15,,,,,B03,,,1,,1,,,21,21,1,13,4,120.655619,24.199558,3
7968,66000,387130000C,(04)23274275,(04)23288582,2025,12,18,15,40,臺中市,大雅區,0,0,0,7,,,30,,,,,,,,,,,,,,,,,,,C03,,,1,,1,,,17,17,1,12,4,120.604357,24.223072,3
7969,66000,387130000C,(04)23274275,(04)23288582,2025,12,18,15,40,臺中市,北屯區,0,1,0,7,3,6,50,13,9,1,5,4,6,6,4,4,1,4,5,2,13,2,8,1,1,C03,7,9,1,10,2,11,,84,84,1,12,4,120.686306,24.186833,2
7970,66000,387130000C,(04)23274275,(04)23288582,2025,12,18,15,43,臺中市,烏日區,0,1,0,7,3,6,40,13,8,1,5,4,6,6,4,4,1,4,4,2,26,2,9,1,1,C03,7,9,1,10,2,11,,84,84,1,6,4,120.642258,24.115638,2
7971,66000,387130000C,(04)23274275,(04)23288582,2025,12,18,15,48,臺中市,烏日區,0,0,0,7,,,30,,,,,,,,,,,,,,17,,,,,B12,,,1,,2,,,59,59,1,6,4,120.627558,24.097334,3
7972,66000,387130000C,(04)23274275,(04)23288582,2025,12,18,15,50,臺中市,北區,0,1,0,7,2,6,50,3,1,1,5,4,6,6,1,1,10,5,5,2,3,3,10,5,4,B03,7,9,1,8,2,1,,21,21,1,13,4,120.681097,24.157585,2
7973,66000,387130000C,(04)23274275,(04)23288582,2025,12,18,15,50,臺中市,太平區,0,1,0,7,2,6,50,3,1,1,5,4,6,6,4,4,10,5,5,2,14,3,10,3,1,B12,7,2,1,8,2,7,,49,49,1,12,4,120.711725,24.123386,2
7974,66000,387130000C,(04)23274275,(04)23288582,2025,12,18,15,53,臺中市,西屯區,0,1,0,7,3,6,50,13,5,1,5,4,6,6,4,4,5,4,4,2,12,3,10,5,4,B03,7,9,1,8,2,5,,8,8,1,12,4,120.644261,24.187264,2
7975,66000,387130000C,(04)23274275,(04)23288582,2025,12,18,15,55,臺中市,潭子區,0,0,0,7,,,50,,,,,,,,,,,,,,,,,,,B03,,,1,,1,,,51,51,1,12,4,120.690228,24.212645,4
7976,66000,387130000C,(04)23274275,(04)23288582,2025,12,18,15,55,臺中市,北區,0,2,0,7,3,6,50,18,24,1,5,4,6,6,4,4,10,4,5,2,17,2,8,5,4,C03,7,9,1,10,2,11,,7,7,1,13,4,120.674932,24.173502,2
7977,66000,387130000C,(04)23274275,(04)23288582,2025,12,18,15,55,臺中市,太平區,0,0,0,7,2,6,50,3,9,1,5,4,6,6,1,1,5,5,5,1,11,,,,,A05,,,1,,2,,,84,84,1,12,4,120.722239,24.11939,3
7978,66000,387130000C,(04)23274275,(04)23288582,2025,12,18,15,55,臺中市,大肚區,0,0,0,7,,,50,,,,,,,,,,,,,,,,,,,B12,,,1,,1,,,75,75,1,6,4,120.567621,24.123323,3
7979,66000,387130000C,(04)23274275,(04)23288582,2025,12,18,15,55,臺中市,烏日區,0,0,0,7,,,60,,,,,,,,,,,,,,12,,,,,B03,,,1,,2,,,40,40,1,6,4,120.616813,24.105438,3
7980,66000,387130000C,(04)23274275,(04)23288582,2025,12,18,16,0,臺中市,霧峰區,0,0,0,7,,,30,,,,,,,,,,,,,,,,,,,C03,,,1,,10,,,87,87,1,12,4,120.687525,24.044231,3
7981,66000,387130000C,(04)23274275,(04)23288582,2025,12,18,16,1,臺中市,北屯區,0,0,0,7,,,50,,,,,,,,,,,,,,17,,,,,B03,,,1,,2,,,50,50,1,12,4,120.693995,24.169326,3
7982,66000,387130000C,(04)23274275,(04)23288582,2025,12,18,16,1,臺中市,神岡區,0,1,0,7,2,6,30,4,1,1,5,4,6,6,4,4,10,5,5,2,17,3,10,3,1,B12,7,6,1,8,2,1,,14,14,1,6,4,120.66822,24.269991,2
7983,66000,387130000C,(04)23274275,(04)23288582,2025,12,18,16,4,臺中市,北區,0,0,0,7,,,50,,,,,,,,,,,,,,17,,,,,B03,,,1,,2,,,8,8,1,13,4,120.672965,24.163083,3
7984,66000,387130000C,(04)23274275,(04)23288582,2025,12,18,16,4,臺中市,南屯區,0,0,0,7,,,50,,,,,,,,,,,,,,14,,,,,B03,,,5,,2,,,50,50,1,12,4,120.644584,24.131951,3
7985,66000,387130000C,(04)23274275,(04)23288582,2025,12,18,16,4,臺中市,西屯區,0,0,0,7,,,40,,,,,,,,,,,,,,14,,,,,B03,,,1,,1,,,50,50,2,12,4,120.62616,24.184978,3
7986,66000,387130000C,(04)23274275,(04)23288582,2025,12,18,16,7,臺中市,大里區,0,2,0,7,2,6,30,4,1,1,5,4,6,6,4,4,10,5,5,2,15,2,9,5,4,C03,7,9,1,10,2,11,,15,15,1,12,4,120.698267,24.087462,2
7987,66000,387130000C,(04)23274275,(04)23288582,2025,12,18,16,8,臺中市,大里區,0,0,0,7,,,30,,,,,,,,,,,,,,11,,,,,B03,,,1,,2,,,8,8,1,12,4,120.703092,24.100418,3
7988,66000,387130000C,(04)23274275,(04)23288582,2025,12,18,16,9,臺中市,龍井區,0,0,0,7,,,50,,,,,,,,,,,,,,14,,,,,B12,,,1,,9,,,49,49,1,6,4,120.592693,24.182072,3
7989,66000,387130000C,(04)23274275,(04)23288582,2025,12,18,16,10,臺中市,大雅區,0,0,0,7,,,70,,,,,,,,,,,,,,,,,,,B03,,,1,,2,,,7,7,1,13,4,120.637227,24.234466,3
7990,66000,387130000C,(04)23274275,(04)23288582,2025,12,18,16,10,臺中市,太平區,0,0,0,7,,,50,,,,,,,,,,,,,,,,,,,C03,,,1,,1,,,11,11,1,12,4,120.714712,24.110363,3
7991,66000,387130000C,(04)23274275,(04)23288582,2025,12,18,16,11,臺中市,大里區,0,2,0,7,2,6,50,13,9,1,5,4,6,6,4,4,5,2,5,1,12,2,9,1,1,C03,7,9,1,10,2,11,,84,84,1,12,4,120.698757,24.109918,2
7992,66000,387130000C,(04)23274275,(04)23288582,2025,12,18,16,11,臺中市,龍井區,0,0,0,7,,,40,,,,,,,,,,,,,,,,,,,B03,,,1,,1,,,8,8,1,12,4,120.53459,24.214459,3
7993,66000,387130000C,(04)23274275,(04)23288582,2025,12,18,16,14,臺中市,南屯區,0,0,0,7,,,50,,,,,,,,,,,,,,9,,,,,C03,,,1,,1,,,7,7,1,12,4,120.63417,24.157618,3
7994,66000,387130000C,(04)23274275,(04)23288582,2025,12,18,16,15,臺中市,西屯區,0,0,0,7,,,30,,,,,,,,,,,,,,,,,,,B03,,,1,,2,,,8,8,1,12,4,120.616191,24.183598,3
7995,66000,387130000C,(04)23274275,(04)23288582,2025,12,18,16,15,臺中市,霧峰區,0,0,0,7,2,6,50,4,1,1,5,4,6,6,1,1,10,5,5,2,13,,,,,C03,,,1,,1,,,82,82,1,6,4,120.679977,24.070819,3
7996,66000,387130000C,(04)23274275,(04)23288582,2025,12,18,16,15,臺中市,大里區,0,0,0,7,,,50,,,,,,,,,,,,,,,,,,,B12,,,1,,1,,,59,59,1,12,4,120.690683,24.093258,3
7997,66000,387130000C,(04)23274275,(04)23288582,2025,12,18,16,18,臺中市,大里區,0,0,0,7,,,80,,,,,,,,,,,,,,,,,,,B03,,,,,,,,7,7,,,,120.682687,24.083032,3
7998,66000,387130000C,(04)23274275,(04)23288582,2025,12,18,16,19,臺中市,西區,0,1,0,7,1,6,40,13,24,1,5,4,6,6,4,4,10,5,5,2,18,2,9,5,4,F01,7,9,7,21,2,14,,84,84,1,12,4,120.66529,24.143256,2
7999,66000,387130000C,(04)23274275,(04)23288582,2025,12,18,16,20,臺中市,太平區,0,0,0,7,,,40,,,,,,,,,,,,,,,,,,,B03,,,1,,2,,,84,84,1,12,4,120.705153,24.12575,3
8000,66000,387130000C,(04)23274275,(04)23288582,2025,12,18,16,22,臺中市,北區,0,1,0,7,3,6,50,4,1,1,5,4,6,6,1,1,10,5,5,2,12,3,10,1,1,C03,7,7,3,19,2,12,,40,40,1,12,4,120.667911,24.162829,2
8001,66000,387130000C,(04)23274275,(04)23288582,2025,12,18,16,24,臺中市,大里區,0,1,0,7,2,6,50,11,8,1,5,4,6,6,4,4,5,5,4,1,16,3,10,5,4,B03,7,5,1,8,2,6,,47,47,1,12,4,120.712568,24.094015,2
8002,66000,387130000C,(04)23274275,(04)23288582,2025,12,18,16,26,臺中市,西區,0,2,0,7,1,6,50,5,1,1,5,4,6,6,2,1,1,3,4,2,16,2,9,2,1,C03,7,9,1,10,2,11,12,84,84,1,12,4,120.665797,24.135204,2
8003,66000,387130000C,(04)23274275,(04)23288582,2025,12,18,16,28,臺中市,大甲區,0,2,0,7,3,6,50,3,1,1,5,4,6,6,1,1,10,5,5,2,15,2,9,1,1,C03,7,9,1,10,2,11,,21,21,1,6,2,120.614596,24.349331,2
8004,66000,387130000C,(04)23274275,(04)23288582,2025,12,18,16,29,臺中市,霧峰區,0,1,0,7,3,6,50,13,9,1,5,4,6,6,4,4,5,5,5,1,13,2,9,1,1,C03,7,9,1,10,2,11,,7,7,1,5,4,120.704934,24.072266,2
8005,66000,387130000C,(04)23274275,(04)23288582,2025,12,18,16,35,臺中市,霧峰區,0,2,0,7,2,6,30,3,1,1,5,4,6,6,4,4,10,5,5,2,17,3,10,2,1,C03,7,6,1,10,2,14,,12,12,1,12,4,120.694568,24.069053,2
8006,66000,387130000C,(04)23274275,(04)23288582,2025,12,18,16,40,臺中市,大雅區,0,0,0,7,,,30,,,,,,,,,,,,,,,,,,,B11,,,1,,2,,,49,49,1,12,4,120.668394,24.220086,3
8007,66000,387130000C,(04)23274275,(04)23288582,2025,12,18,16,40,臺中市,北屯區,0,0,0,7,,,50,,,,,,,,,,,,,,13,,,,,B12,,,1,,2,,,7,7,1,6,4,120.72147,24.162428,3
8008,66000,387130000C,(04)23274275,(04)23288582,2025,12,18,16,43,臺中市,潭子區,0,1,0,7,3,6,0,13,9,1,5,4,6,6,4,4,5,5,5,1,17,2,7,2,1,C03,7,1,1,10,2,11,,51,51,1,13,4,120.702143,24.19439,2
8009,66000,387130000C,(04)23274275,(04)23288582,2025,12,18,16,43,臺中市,西區,0,0,0,7,,,30,,,,,,,,,,,,,,,,,,,C03,,,1,,1,,,15,15,1,6,4,120.67155,24.146588,3
8010,66000,387130000C,(04)23274275,(04)23288582,2025,12,18,16,43,臺中市,北區,0,0,0,7,,,30,,,,,,,,,,,,,,17,,,,,B03,,,1,,2,,,8,8,1,13,4,120.67852,24.157584,3
8011,66000,387130000C,(04)23274275,(04)23288582,2025,12,18,16,43,臺中市,西屯區,0,1,0,7,2,6,50,4,1,1,5,4,6,6,3,1,10,5,5,2,17,3,10,3,1,B03,7,9,1,8,2,4,,24,24,1,12,4,120.640385,24.18365,2
8012,66000,387130000C,(04)23274275,(04)23288582,2025,12,18,16,47,臺中市,北區,0,0,0,7,3,6,50,3,2,1,5,4,6,6,4,4,10,5,5,2,17,,,,,B12,,,1,,1,,,45,45,1,13,4,120.673253,24.169925,3
8013,66000,387130000C,(04)23274275,(04)23288582,2025,12,18,16,48,臺中市,太平區,0,1,0,7,2,6,50,3,9,1,5,4,6,6,4,4,5,5,5,1,16,3,10,3,1,B03,7,6,1,8,2,4,,85,85,1,12,4,120.714387,24.144186,2
8014,66000,387130000C,(04)23274275,(04)23288582,2025,12,18,16,54,臺中市,北區,0,2,0,7,2,6,0,13,22,1,5,4,6,6,4,4,1,4,5,2,17,2,8,5,4,C03,7,9,1,10,2,14,,28,28,1,13,4,120.672339,24.170855,2
8015,66000,387130000C,(04)23274275,(04)23288582,2025,12,18,16,57,臺中市,北屯區,0,1,0,7,2,6,50,4,1,1,2,4,6,6,2,1,10,5,5,2,18,2,9,1,1,C03,7,9,1,10,2,14,,84,84,1,13,4,120.668436,24.200727,2
8016,66000,387130000C,(04)23274275,(04)23288582,2025,12,18,16,57,臺中市,北屯區,0,1,0,7,2,6,40,4,1,1,5,4,6,6,1,1,10,5,5,2,16,3,10,1,1,C03,7,6,1,10,2,14,,48,48,1,6,4,120.660546,24.188796,2
8017,66000,387130000C,(04)23274275,(04)23288582,2025,12,18,16,59,臺中市,西區,0,0,0,7,,,50,,,,,,,,,,,,,,13,,,,,B03,,,1,,1,,,7,7,1,13,4,120.675422,24.133556,3
8018,66000,387130000C,(04)23274275,(04)23288582,2025,12,18,17,0,臺中市,豐原區,0,0,0,7,,,50,,,,,,,,,,,,,,14,,,,,B03,,,1,,2,,,49,49,1,12,4,120.732813,24.258586,4
8019,66000,387130000C,(04)23274275,(04)23288582,2025,12,18,17,3,臺中市,大雅區,0,0,0,7,,,50,,,,,,,,,,,,,,,,,,,B03,,,1,,2,,,84,84,1,13,4,120.650179,24.216425,3
8020,66000,387130000C,(04)23274275,(04)23288582,2025,12,18,17,4,臺中市,大肚區,0,0,0,7,,,30,,,,,,,,,,,,,,15,,,,,B03,,,1,,2,,,14,14,1,6,4,120.576194,24.174434,3
8021,66000,387130000C,(04)23274275,(04)23288582,2025,12,18,17,6,臺中市,北區,0,0,0,7,,,50,,,,,,,,,,,,,,17,,,,,B12,,,1,,2,,,84,84,1,12,4,120.675808,24.159727,3
8022,66000,387130000C,(04)23274275,(04)23288582,2025,12,18,17,8,臺中市,大雅區,0,0,0,7,,,30,,,,,,,,,,,,,,,,,,,B03,,,3,,1,,,59,59,1,12,4,120.650677,24.209223,3
8023,66000,387130000C,(04)23274275,(04)23288582,2025,12,18,17,8,臺中市,西屯區,0,1,0,7,2,6,50,3,1,1,5,4,6,6,4,4,10,5,5,2,13,2,9,5,1,C03,7,9,1,10,2,11,,7,7,1,12,4,120.656781,24.198355,2
8024,66000,387130000C,(04)23274275,(04)23288582,2025,12,18,17,9,臺中市,西屯區,0,1,0,7,1,6,30,13,9,1,5,4,6,6,4,4,10,5,5,2,17,2,9,1,1,C03,7,9,1,10,2,14,,84,84,1,12,4,120.631341,24.18089,2
8025,66000,387130000C,(04)23274275,(04)23288582,2025,12,18,17,10,臺中市,豐原區,0,1,0,7,1,9,50,13,9,1,5,4,6,6,4,4,5,4,4,2,17,3,10,3,1,B03,7,13,1,8,2,4,,76,76,1,6,4,120.7248,24.243895,2
8026,66000,387130000C,(04)23274275,(04)23288582,2025,12,18,17,12,臺中市,大里區,0,1,0,7,2,6,50,4,2,1,5,4,6,6,1,1,4,3,5,1,17,3,10,3,1,B03,7,5,1,8,2,2,,11,11,1,6,4,120.689779,24.100856,2
8027,66000,387130000C,(04)23274275,(04)23288582,2025,12,18,17,12,臺中市,大甲區,0,1,0,7,1,6,40,4,9,1,5,4,6,6,4,4,7,5,5,2,15,3,10,3,1,B03,7,9,1,8,2,8,,12,12,1,12,4,120.614858,24.356838,2
8028,66000,387130000C,(04)23274275,(04)23288582,2025,12,18,17,14,臺中市,北屯區,0,1,0,7,1,6,50,13,9,1,5,4,6,6,4,4,5,5,5,2,17,3,10,3,1,B03,7,1,1,8,2,8,,51,51,1,12,4,120.725777,24.171937,2
8029,66000,387130000C,(04)23274275,(04)23288582,2025,12,18,17,15,臺中市,西屯區,0,1,0,7,1,6,50,13,9,1,5,4,6,6,4,4,3,4,5,2,13,3,10,5,4,C03,7,9,3,19,2,11,,7,7,1,13,4,120.653232,24.166957,2
8030,66000,387130000C,(04)23274275,(04)23288582,2025,12,18,17,15,臺中市,霧峰區,0,2,0,7,2,6,50,13,7,1,5,4,6,6,4,4,5,5,4,1,17,2,8,1,1,C03,7,1,1,10,2,14,,51,51,1,6,4,120.698951,24.066475,2
8031,66000,387130000C,(04)23274275,(04)23288582,2025,12,18,17,17,臺中市,潭子區,0,0,0,6,,,50,,,,,,,,,,,,,,,,,,,B03,,,1,,2,,,8,8,1,13,4,120.705568,24.226727,3
8032,66000,387130000C,(04)23274275,(04)23288582,2025,12,18,17,17,臺中市,后里區,0,1,0,7,1,6,50,3,1,1,5,4,6,6,4,4,10,5,5,2,16,3,10,1,1,C03,7,6,1,10,2,14,,14,14,1,12,4,120.714865,24.30318,2
8033,66000,387130000C,(04)23274275,(04)23288582,2025,12,18,17,18,臺中市,大甲區,0,0,0,7,,,40,,,,,,,,,,,,,,13,3,10,3,1,B03,7,6,1,8,1,5,,7,7,1,13,4,120.624358,24.340653,3
8034,66000,387130000C,(04)23274275,(04)23288582,2025,12,18,17,20,臺中市,大里區,0,1,0,7,1,6,50,3,1,1,5,4,6,6,4,4,10,5,5,1,17,3,10,1,1,C03,7,9,1,10,2,11,,8,8,1,12,4,120.689973,24.109178,2
8035,66000,387130000C,(04)23274275,(04)23288582,2025,12,18,17,20,臺中市,豐原區,0,1,0,7,1,6,30,4,1,1,5,4,6,6,3,1,10,5,5,2,15,3,10,5,4,B03,7,9,1,8,2,5,,24,24,1,13,4,120.726563,24.245835,2
8036,66000,387130000C,(04)23274275,(04)23288582,2025,12,18,17,23,臺中市,梧棲區,0,0,0,7,,,50,,,,,,,,,,,,,,11,,,,,B03,,,1,,1,,,8,8,1,6,4,120.54767,24.247851,4
8037,66000,387130000C,(04)23274275,(04)23288582,2025,12,18,17,23,臺中市,豐原區,0,2,0,7,1,6,50,4,1,1,5,4,6,6,1,1,5,5,4,1,16,2,9,1,1,C03,7,6,1,10,2,12,,48,48,1,12,4,120.727117,24.253368,2
8038,66000,387130000C,(04)23274275,(04)23288582,2025,12,18,17,26,臺中市,梧棲區,0,1,0,7,1,6,50,3,1,1,5,4,6,6,4,4,10,5,5,2,16,3,10,3,1,B03,7,5,1,8,2,5,,47,47,1,12,4,120.529343,24.242685,2
8039,66000,387130000C,(04)23274275,(04)23288582,2025,12,18,17,28,臺中市,南屯區,0,1,0,7,1,6,50,4,1,1,5,4,6,6,4,4,5,5,5,2,17,2,9,1,1,C03,7,9,1,10,2,12,,12,12,1,12,4,120.650584,24.133529,2
8040,66000,387130000C,(04)23274275,(04)23288582,2025,12,18,17,28,臺中市,后里區,0,0,0,7,1,6,50,13,14,1,,4,6,6,4,4,5,4,5,1,12,,,,,C03,,,1,,2,,,84,84,1,6,4,120.723298,24.309067,3
8041,66000,387130000C,(04)23274275,(04)23288582,2025,12,18,17,30,臺中市,大里區,0,1,0,7,1,6,50,3,1,1,5,4,6,6,4,4,10,5,5,2,17,3,10,3,1,B03,7,6,1,8,2,8,,59,59,1,12,4,120.712256,24.086016,2
8042,66000,387130000C,(04)23274275,(04)23288582,2025,12,18,17,33,臺中市,大雅區,0,1,0,7,3,6,30,3,2,1,5,4,6,6,4,4,10,5,5,2,17,3,10,3,1,B03,7,6,1,8,2,1,,14,14,1,12,4,120.665689,24.233993,2