序號,縣市別代碼,機關代碼,市話,傳真,年,月,日,時,分,縣市,區,死亡數量,受傷數量,2-30,天候,道路照明設備,道路類別,道路速限,道路型態,事故位置,路面鋪裝,路面狀態,路面缺陷,障礙物,視距,號誌種類,號誌動作,分向設施,快車道或一般車道間,快慢車道間,路面邊線,事故類型及型態,受傷程度,主要傷處,保護裝備,行動電話或功能裝置,當事者區分(類別),車輛用途,當事者行動狀態,駕照狀態,駕照種類,飲酒情形,車輛撞擊部位最初,車輛撞擊部位其他,肇事因素個別,肇事因素主要,肇事逃逸,職業,共享經濟或外送平台,GPS座標X,GPS座標Y,事故類別
8043,66000,387130000C,(04)23274275,(04)23288582,2025,12,18,17,33,臺中市,北區,0,0,0,7,,,50,,,,,,,,,,,,,,17,,,,,B01,,,1,,1,,,84,84,1,13,4,120.681097,24.157585,3
8044,66000,387130000C,(04)23274275,(04)23288582,2025,12,18,17,35,臺中市,西區,0,1,0,7,1,6,30,4,1,1,5,4,6,6,1,1,10,5,5,2,17,2,9,1,1,C03,7,9,3,19,2,14,,4,4,1,12,4,120.662906,24.150847,2
8045,66000,387130000C,(04)23274275,(04)23288582,2025,12,18,17,35,臺中市,南區,0,0,0,7,,,50,,,,,,,,,,,,,,13,,,,,B03,,,1,,1,,,7,7,1,12,4,120.655741,24.114832,3
8046,66000,387130000C,(04)23274275,(04)23288582,2025,12,18,17,35,臺中市,西屯區,0,0,0,7,,,60,,,,,,,,,,,,,,13,,,,,B03,,,1,,2,,,84,84,1,12,4,120.647382,24.161864,3
8047,66000,387130000C,(04)23274275,(04)23288582,2025,12,18,17,36,臺中市,南屯區,0,1,0,7,1,6,50,4,4,1,5,4,6,6,2,1,1,5,5,2,13,3,10,5,4,B03,7,9,1,8,2,1,,84,84,1,6,4,120.623444,24.140736,2
8048,66000,387130000C,(04)23274275,(04)23288582,2025,12,18,17,40,臺中市,西屯區,0,1,0,7,1,6,50,4,1,1,5,4,6,6,1,1,5,5,5,2,13,2,9,2,1,C03,7,9,1,10,2,12,,7,7,1,12,4,120.666876,24.171679,2
8049,66000,387130000C,(04)23274275,(04)23288582,2025,12,18,17,43,臺中市,西屯區,0,1,0,7,2,6,1,4,1,1,5,4,6,6,4,4,5,5,5,2,15,3,10,3,1,B03,7,1,1,8,2,8,,51,51,1,12,4,120.622239,24.186896,2
8050,66000,387130000C,(04)23274275,(04)23288582,2025,12,18,17,43,臺中市,霧峰區,0,0,0,7,,,50,,,,,,,,,,,,,,16,,,,,B03,,,1,,2,,,84,84,1,12,4,120.675602,24.063702,3
8051,66000,387130000C,(04)23274275,(04)23288582,2025,12,18,17,43,臺中市,梧棲區,0,0,0,7,,,50,,,,,,,,,,,,,,14,,,,,A41,,,1,,1,,,49,49,1,6,4,120.527915,24.244829,3
8052,66000,387130000C,(04)23274275,(04)23288582,2025,12,18,17,44,臺中市,東區,0,0,0,7,,,40,,,,,,,,,,,,,,12,,,,,B12,,,1,,9,,,51,51,1,12,4,120.711064,24.144574,3
8053,66000,387130000C,(04)23274275,(04)23288582,2025,12,18,17,44,臺中市,大肚區,0,0,0,7,,,30,,,,,,,,,,,,,,,,,,,B03,,,1,,2,,,8,8,1,6,4,120.534657,24.169499,3
8054,66000,387130000C,(04)23274275,(04)23288582,2025,12,18,17,45,臺中市,豐原區,0,1,0,7,1,6,50,4,1,1,5,4,6,6,1,1,5,4,4,2,3,3,10,3,1,B03,7,5,1,8,2,1,,10,10,1,6,4,120.720227,24.236722,2
8055,66000,387130000C,(04)23274275,(04)23288582,2025,12,18,17,46,臺中市,中區,0,1,0,7,1,6,50,4,1,1,5,4,6,6,1,1,10,5,5,1,17,3,10,5,4,B03,7,6,1,8,2,1,,7,7,1,12,4,120.684477,24.139388,2
8056,66000,387130000C,(04)23274275,(04)23288582,2025,12,18,17,46,臺中市,太平區,0,1,0,7,1,6,40,4,1,1,5,4,6,6,1,1,10,5,5,2,17,2,9,1,1,C03,7,9,1,10,2,14,,84,84,1,12,4,120.713467,24.160704,2
8057,66000,387130000C,(04)23274275,(04)23288582,2025,12,18,17,47,臺中市,大里區,0,1,0,7,2,6,30,13,9,1,5,4,6,6,4,4,10,5,5,2,28,,,,,,,,,,,,,118,118,1,,,120.699939,24.102812,2
8058,66000,387130000C,(04)23274275,(04)23288582,2025,12,18,17,48,臺中市,北屯區,0,0,0,7,,,50,,,,,,,,,,,,,,,,,,,B03,,,1,,2,,,49,49,1,13,4,120.686669,24.18613,3
8059,66000,387130000C,(04)23274275,(04)23288582,2025,12,18,17,49,臺中市,西屯區,0,2,0,7,1,6,50,4,1,1,5,4,6,6,1,1,10,5,5,2,17,2,9,5,1,C03,7,6,1,10,2,12,,84,84,1,12,4,120.650913,24.157399,2
8060,66000,387130000C,(04)23274275,(04)23288582,2025,12,18,17,52,臺中市,太平區,0,2,0,7,1,6,50,4,1,1,5,4,6,6,2,1,10,5,5,2,13,3,10,3,1,A05,7,9,1,6,2,1,,84,84,1,12,4,120.712548,24.157362,2
8061,66000,387130000C,(04)23274275,(04)23288582,2025,12,18,17,55,臺中市,南區,0,0,0,7,,,50,,,,,,,,,,,,,,12,,,,,B03,,,1,,1,,,84,84,1,12,4,120.668987,24.128568,3
8062,66000,387130000C,(04)23274275,(04)23288582,2025,12,18,17,55,臺中市,太平區,0,1,0,7,1,6,50,13,7,1,5,4,6,6,4,4,9,5,4,1,16,3,10,3,1,B03,7,11,1,8,2,4,,46,46,1,12,4,120.728852,24.098874,2
8063,66000,387130000C,(04)23274275,(04)23288582,2025,12,18,17,55,臺中市,神岡區,0,0,0,7,,,50,,,,,,,,,,,,,,25,,,,,A11,,,1,,2,,,59,59,1,13,4,120.656588,24.269166,3
8064,66000,387130000C,(04)23274275,(04)23288582,2025,12,18,17,56,臺中市,北屯區,0,0,0,7,,,40,,,,,,,,,,,,,,13,,,,,C03,,,1,,1,,,59,59,1,13,4,120.6661,24.181733,3
8065,66000,387130000C,(04)23274275,(04)23288582,2025,12,18,17,57,臺中市,潭子區,0,1,0,7,3,6,50,3,1,1,5,4,6,6,4,4,5,4,4,2,17,2,9,6,1,F01,7,6,7,21,2,11,,84,84,1,12,4,120.693722,24.218603,2
8066,66000,387130000C,(04)23274275,(04)23288582,2025,12,18,17,58,臺中市,西屯區,0,0,0,7,,3,40,,,,,,,,,,,,,,13,,,,,B03,,,1,,1,,,59,59,1,12,4,120.636275,24.183294,3
8067,66000,387130000C,(04)23274275,(04)23288582,2025,12,18,18,0,臺中市,南屯區,0,1,0,7,1,6,50,13,8,1,5,4,6,6,4,4,5,4,4,2,17,3,10,3,1,A12,7,14,1,3,2,3,,75,75,1,12,4,120.616842,24.155595,2
8068,66000,387130000C,(04)23274275,(04)23288582,2025,12,18,18,0,臺中市,北屯區,0,0,0,7,,,50,,,,,,,,,,,,,,12,,,,,C03,,,1,,1,,,40,40,1,6,4,120.681912,24.179404,3
8069,66000,387130000C,(04)23274275,(04)23288582,2025,12,18,18,1,臺中市,潭子區,0,0,0,7,,,50,,,,,,,,,,,,,,,,,,,C03,,,1,,2,,,7,7,1,12,4,120.701804,24.211749,3
8070,66000,387130000C,(04)23274275,(04)23288582,2025,12,18,18,1,臺中市,南區,0,1,0,7,1,6,50,4,1,1,5,4,6,6,4,4,5,5,5,2,13,3,10,3,1,B03,7,9,1,8,2,1,,84,84,1,13,4,120.653439,24.123773,2
8071,66000,387130000C,(04)23274275,(04)23288582,2025,12,18,18,2,臺中市,北屯區,0,0,0,7,,,50,,,,,,,,,,,,,,13,,,,,C03,,,1,,1,,,7,7,1,6,4,120.716221,24.173014,3
8072,66000,387130000C,(04)23274275,(04)23288582,2025,12,18,18,3,臺中市,西區,0,1,0,7,1,6,50,4,1,1,5,4,6,6,2,1,1,3,1,2,30,2,9,2,1,C03,7,9,1,10,2,12,,7,7,1,12,4,120.664199,24.1544,2
8073,66000,387130000C,(04)23274275,(04)23288582,2025,12,18,18,4,臺中市,大里區,0,1,0,7,1,6,50,3,1,1,5,4,6,6,1,1,10,5,5,2,15,3,10,1,1,C03,7,9,1,10,2,11,,21,21,1,13,4,120.686861,24.097406,2
8074,66000,387130000C,(04)23274275,(04)23288582,2025,12,18,18,4,臺中市,烏日區,0,0,0,7,,3,80,,,,,,,,,,,,,,13,,,,,B03,,,1,,2,,,7,7,1,13,4,120.616521,24.107356,3
8075,66000,387130000C,(04)23274275,(04)23288582,2025,12,18,18,6,臺中市,北區,0,0,0,7,3,6,50,18,24,1,5,4,6,6,4,4,3,,5,2,17,,,,,B03,,,1,,1,,,8,8,1,13,4,120.678427,24.163046,3
8076,66000,387130000C,(04)23274275,(04)23288582,2025,12,18,18,7,臺中市,北屯區,0,1,0,7,3,6,50,4,1,1,5,4,6,6,1,1,10,5,5,2,12,3,10,2,1,C03,7,5,1,10,2,13,,47,47,1,6,4,120.715311,24.164565,2
8077,66000,387130000C,(04)23274275,(04)23288582,2025,12,18,18,11,臺中市,北區,0,0,0,7,,,50,,,,,,,,,,,,,,17,,,,,A05,,,1,,2,,,76,76,1,6,4,120.668342,24.163125,3
8078,66000,387130000C,(04)23274275,(04)23288582,2025,12,18,18,11,臺中市,梧棲區,0,0,0,7,,,50,,,,,,,,,,,,,,30,,,,,B03,,,1,,1,,,87,87,1,12,4,120.535119,24.263082,3
8079,66000,387130000C,(04)23274275,(04)23288582,2025,12,18,18,13,臺中市,豐原區,0,1,0,7,1,6,50,13,7,1,5,4,3,6,4,4,1,4,4,1,12,2,9,5,4,C03,7,8,3,19,2,14,,8,8,1,13,4,120.74741,24.266131,2
8080,66000,387130000C,(04)23274275,(04)23288582,2025,12,18,18,15,臺中市,南屯區,0,0,0,7,,,50,,,,,,,,,,,,,,14,,,,,B03,,,1,,1,,,49,49,1,12,4,120.649931,24.144477,3
8081,66000,387130000C,(04)23274275,(04)23288582,2025,12,18,18,16,臺中市,西區,0,2,0,7,1,6,50,13,9,1,5,4,6,6,4,4,7,5,5,2,17,2,9,1,1,C03,7,9,1,10,2,12,,8,8,1,13,4,120.655052,24.14656,2
8082,66000,387130000C,(04)23274275,(04)23288582,2025,12,18,18,16,臺中市,北屯區,0,2,0,7,3,6,50,13,7,1,5,4,6,6,4,4,9,5,4,2,17,3,10,2,1,C03,7,9,5,10,9,11,,7,7,1,6,4,120.694223,24.176299,2
8083,66000,387130000C,(04)23274275,(04)23288582,2025,12,18,18,16,臺中市,沙鹿區,0,0,0,7,,,50,,,,,,,,,,,,,,13,,,,,B03,,,1,,2,,,59,59,1,6,4,120.565114,24.242428,3
8084,66000,387130000C,(04)23274275,(04)23288582,2025,12,18,18,18,臺中市,北屯區,0,1,0,7,3,6,50,4,1,1,5,4,6,6,1,1,10,5,5,2,15,2,9,2,1,C03,7,9,1,10,2,11,,21,21,1,6,4,120.689327,24.201289,2
8085,66000,387130000C,(04)23274275,(04)23288582,2025,12,18,18,19,臺中市,潭子區,0,0,0,6,,,60,,,,,,,,,,,,,,,,,,,B03,,,1,,2,,,45,45,1,13,4,120.710251,24.235856,3
8086,66000,387130000C,(04)23274275,(04)23288582,2025,12,18,18,20,臺中市,北屯區,0,0,0,7,,3,80,,,,,,,,,,,,,,17,,,,,B03,,,1,,1,,,40,40,1,6,4,120.720763,24.167607,3
8087,66000,387130000C,(04)23274275,(04)23288582,2025,12,18,18,20,臺中市,北屯區,0,1,0,7,1,6,50,4,2,1,5,4,6,6,4,4,5,5,5,2,16,2,9,1,1,C03,7,6,1,10,2,12,,12,12,1,13,4,120.681865,24.17633,2
8088,66000,387130000C,(04)23274275,(04)23288582,2025,12,18,18,26,臺中市,南屯區,0,0,0,7,1,6,50,13,9,1,5,4,6,6,4,4,5,5,5,2,13,,,,,B03,,,1,,2,,,85,85,1,12,4,120.645883,24.142509,3
8089,66000,387130000C,(04)23274275,(04)23288582,2025,12,18,18,26,臺中市,大里區,0,1,0,7,1,6,50,3,2,1,5,4,6,6,4,4,4,3,5,1,17,3,10,3,1,B03,7,11,1,8,2,2,,14,14,1,6,4,120.689883,24.10003,2
8090,66000,387130000C,(04)23274275,(04)23288582,2025,12,18,18,26,臺中市,神岡區,0,1,0,7,1,6,1,13,9,1,5,4,6,6,4,4,10,5,5,1,28,,,,,,,,,,,,,119,119,1,,,120.682281,24.236513,2
8091,66000,387130000C,(04)23274275,(04)23288582,2025,12,18,18,27,臺中市,后里區,0,1,0,7,1,6,50,4,1,1,5,4,6,6,4,4,10,5,5,2,3,3,10,3,1,B03,7,6,1,8,2,1,,10,10,1,12,4,120.718974,24.309323,2
8092,66000,387130000C,(04)23274275,(04)23288582,2025,12,18,18,29,臺中市,龍井區,0,2,0,7,1,6,50,3,1,1,5,4,6,6,4,4,10,5,5,2,15,2,9,1,1,C03,7,1,1,10,2,14,,51,51,1,6,4,120.581582,24.185914,2
8093,66000,387130000C,(04)23274275,(04)23288582,2025,12,18,18,30,臺中市,北屯區,0,0,0,7,,3,40,,,,,,,,,,,,,,13,,,,,B03,,,1,,2,,,59,59,1,6,4,120.668253,24.201139,3
8094,66000,387130000C,(04)23274275,(04)23288582,2025,12,18,18,30,臺中市,太平區,0,2,0,7,1,6,50,13,9,1,5,4,6,6,2,1,5,4,5,1,13,2,9,1,1,C03,7,9,1,10,2,11,,7,7,1,12,4,120.725212,24.144296,2
8095,66000,387130000C,(04)23274275,(04)23288582,2025,12,18,18,31,臺中市,北區,0,0,0,7,,,50,,,,,,,,,,,,,,13,,,,,C03,,,1,,1,,,59,59,1,12,4,120.673584,24.166711,3
8096,66000,387130000C,(04)23274275,(04)23288582,2025,12,18,18,31,臺中市,霧峰區,0,1,0,7,2,6,40,13,8,1,5,4,6,6,4,4,5,4,4,1,18,2,9,1,1,C03,7,9,1,10,2,14,,84,84,1,5,4,120.715824,24.071225,2
8097,66000,387130000C,(04)23274275,(04)23288582,2025,12,18,18,32,臺中市,東區,0,0,0,7,,,50,,,,,,,,,,,,,,16,,,,,B03,,,1,,1,,,11,11,1,12,4,120.701447,24.138891,3
8098,66000,387130000C,(04)23274275,(04)23288582,2025,12,18,18,32,臺中市,西屯區,0,0,0,7,,,30,,,,,,,,,,,,,,15,,,,,B03,,,1,,2,,,15,15,1,12,4,120.613161,24.184913,3
8099,66000,387130000C,(04)23274275,(04)23288582,2025,12,18,18,34,臺中市,南屯區,0,0,0,6,,,50,,,,,,,,,,,,,,13,,,,,B03,,,1,,1,,,59,59,1,6,4,120.63363,24.148275,3
8100,66000,387130000C,(04)23274275,(04)23288582,2025,12,18,18,40,臺中市,北區,0,1,0,7,1,6,50,13,7,1,5,4,6,6,4,4,1,4,4,2,13,2,8,5,4,C03,7,15,1,10,2,11,,7,7,1,13,4,120.678689,24.152372,2
8101,66000,387130000C,(04)23274275,(04)23288582,2025,12,18,18,41,臺中市,西屯區,0,1,0,7,1,6,50,4,1,1,5,4,6,6,2,1,10,5,5,2,23,2,9,1,1,C03,7,9,1,10,2,11,,59,59,1,12,4,120.647863,24.195896,2
8102,66000,387130000C,(04)23274275,(04)23288582,2025,12,18,18,42,臺中市,太平區,0,0,0,7,,,50,,,,,,,,,,,,,,,,,,,C03,,,1,,1,,,11,11,1,12,4,120.718799,24.148895,3
8103,66000,387130000C,(04)23274275,(04)23288582,2025,12,18,18,45,臺中市,南屯區,0,0,0,7,,,50,,,,,,,,,,,,,,,,,,,A04,,,1,,2,,,48,48,1,12,4,120.610317,24.138513,3
8104,66000,387130000C,(04)23274275,(04)23288582,2025,12,18,18,50,臺中市,西屯區,0,1,0,7,1,6,50,3,1,1,5,4,6,6,4,4,3,2,4,2,17,2,9,4,1,F01,7,6,7,21,2,11,,20,20,1,12,4,120.641372,24.159706,2
8105,66000,387130000C,(04)23274275,(04)23288582,2025,12,18,18,51,臺中市,大里區,0,0,0,7,,,50,,,,,,,,,,,,,,,,,,,B03,,,1,,2,,,84,84,1,12,4,120.68663,24.095552,3
8106,66000,387130000C,(04)23274275,(04)23288582,2025,12,18,18,58,臺中市,大里區,0,0,0,7,2,6,50,4,19,1,5,4,6,6,1,1,5,5,4,2,3,3,10,3,1,B12,7,6,1,8,2,1,,10,10,1,13,4,120.689938,24.107801,3
8107,66000,387130000C,(04)23274275,(04)23288582,2025,12,18,18,59,臺中市,西區,0,0,0,7,,,50,,,,,,,,,,,,,,,,,,,B03,,,1,,1,,,49,49,1,12,4,120.660047,24.153701,3
8108,66000,387130000C,(04)23274275,(04)23288582,2025,12,18,18,59,臺中市,南區,0,0,0,7,,,50,,,,,,,,,,,,,,12,,,,,B03,,,1,,1,,,35,35,1,12,4,120.661485,24.109166,3
8109,66000,387130000C,(04)23274275,(04)23288582,2025,12,18,19,7,臺中市,東區,0,0,0,7,,,50,,,,,,,,,,,,,,,,,,,B01,,,1,,1,,,49,49,1,12,4,120.688163,24.135848,3
8110,66000,387130000C,(04)23274275,(04)23288582,2025,12,18,19,8,臺中市,北區,0,1,0,7,3,6,50,4,2,1,5,4,6,6,2,1,10,5,5,2,17,3,10,5,4,B03,7,9,1,10,2,1,,7,7,1,13,4,120.667561,24.153802,2
8111,66000,387130000C,(04)23274275,(04)23288582,2025,12,18,19,8,臺中市,北屯區,0,0,0,7,,,50,,,,,,,,,,,,,,12,,,,,B03,,,1,,2,,,40,40,1,12,4,120.692109,24.162547,3
8112,66000,387130000C,(04)23274275,(04)23288582,2025,12,18,19,11,臺中市,南區,0,0,0,7,,,50,,,,,,,,,,,,,,12,,,,,F03,,,7,,2,,,48,48,1,13,4,120.646565,24.1106,3
8113,66000,387130000C,(04)23274275,(04)23288582,2025,12,18,19,14,臺中市,沙鹿區,0,1,0,6,1,6,60,13,7,1,5,4,6,6,4,4,1,4,4,1,13,2,3,3,1,B03,7,9,1,8,2,1,,7,7,1,12,4,120.612411,24.244804,2
8114,66000,387130000C,(04)23274275,(04)23288582,2025,12,18,19,14,臺中市,后里區,0,0,0,7,,,30,,,,,,,,,,,,,,17,,,,,B02,,,1,,1,,,87,87,1,6,4,120.693114,24.314038,3
8115,66000,387130000C,(04)23274275,(04)23288582,2025,12,18,19,15,臺中市,北屯區,0,2,0,7,1,6,50,4,2,1,5,4,6,6,1,1,3,4,5,2,12,2,9,1,1,C03,7,9,1,10,2,14,,84,84,1,13,4,120.671283,24.173913,2
8116,66000,387130000C,(04)23274275,(04)23288582,2025,12,18,19,21,臺中市,西屯區,0,0,0,7,,,40,,,,,,,,,,,,,,13,,,,,C03,,,1,,1,,,7,7,1,12,4,120.603306,24.182738,3
8117,66000,387130000C,(04)23274275,(04)23288582,2025,12,18,19,25,臺中市,南屯區,0,2,0,7,1,6,50,13,9,1,5,4,6,6,4,4,1,4,5,2,12,3,10,1,1,C03,7,9,1,10,2,13,,85,85,1,12,4,120.628712,24.148343,2
8118,66000,387130000C,(04)23274275,(04)23288582,2025,12,18,19,28,臺中市,豐原區,0,0,0,7,,,50,,,,,,,,,,,,,,17,,,,,B03,,,1,,9,,,84,84,1,12,4,120.733877,24.253117,4
8119,66000,387130000C,(04)23274275,(04)23288582,2025,12,18,19,30,臺中市,大雅區,0,0,0,7,,,50,,,,,,,,,,,,,,,,,,,B03,,,1,,2,,,48,48,1,13,4,120.625833,24.230186,3
8120,66000,387130000C,(04)23274275,(04)23288582,2025,12,18,19,30,臺中市,烏日區,0,1,0,7,1,6,50,13,8,1,5,4,6,6,4,4,1,4,4,1,17,3,10,3,1,B03,7,1,1,8,2,4,,51,51,1,6,4,120.598684,24.111145,2
8121,66000,387130000C,(04)23274275,(04)23288582,2025,12,18,19,33,臺中市,大雅區,0,1,0,7,3,6,50,3,2,1,5,4,6,6,3,1,5,5,4,1,17,3,10,5,4,B03,7,1,5,19,2,8,,51,51,1,12,4,120.63003,24.209764,2
8122,66000,387130000C,(04)23274275,(04)23288582,2025,12,18,19,35,臺中市,南屯區,0,0,0,7,1,6,40,13,8,1,5,4,6,6,1,1,3,5,3,2,30,,,,,C03,,,1,,2,,,87,87,1,12,4,120.612525,24.150477,3
8123,66000,387130000C,(04)23274275,(04)23288582,2025,12,18,19,36,臺中市,北屯區,0,0,0,7,,,40,,,,,,,,,,,,,,12,,,,,B03,,,1,,1,,,50,50,1,13,4,120.71179,24.175533,3
8124,66000,387130000C,(04)23274275,(04)23288582,2025,12,18,19,37,臺中市,西屯區,0,0,0,7,,,50,,,,,,,,,,,,,,16,,,,,B03,,,1,,1,,,59,59,1,13,4,120.648526,24.16179,4
8125,66000,387130000C,(04)23274275,(04)23288582,2025,12,18,19,39,臺中市,霧峰區,0,2,0,7,1,6,40,4,1,1,5,4,6,6,1,1,10,5,5,2,13,2,9,5,4,C03,7,9,1,10,2,15,,6,6,1,12,4,120.693224,24.058881,2
8126,66000,387130000C,(04)23274275,(04)23288582,2025,12,18,19,40,臺中市,西屯區,0,2,0,7,1,6,50,4,1,1,5,4,6,6,1,1,5,4,4,2,13,3,10,5,4,C03,7,5,1,10,2,12,,84,84,1,12,4,120.609003,24.170002,2
8127,66000,387130000C,(04)23274275,(04)23288582,2025,12,18,19,47,臺中市,南屯區,0,1,0,7,1,6,50,4,1,1,5,4,6,6,2,1,10,5,5,2,16,2,7,2,4,C03,7,6,1,10,1,11,,7,7,1,6,4,120.635009,24.152533,2
8128,66000,387130000C,(04)23274275,(04)23288582,2025,12,18,19,52,臺中市,潭子區,0,1,0,7,1,6,50,4,1,1,5,4,6,6,2,1,10,5,5,2,16,3,10,3,1,B03,7,6,1,8,2,2,,11,11,1,12,4,120.719861,24.22886,2
8129,66000,387130000C,(04)23274275,(04)23288582,2025,12,18,19,52,臺中市,后里區,0,1,0,7,1,6,50,4,4,1,5,4,6,6,1,1,3,4,4,1,13,2,9,1,1,C03,7,9,1,10,2,11,12,7,7,1,6,4,120.679612,24.301576,2
8130,66000,387130000C,(04)23274275,(04)23288582,2025,12,18,19,53,臺中市,潭子區,0,2,0,6,3,6,50,5,1,1,5,4,6,6,1,1,5,4,4,2,17,2,9,2,1,C03,7,6,1,10,2,14,,20,20,1,13,4,120.686781,24.210318,2
8131,66000,387130000C,(04)23274275,(04)23288582,2025,12,18,20,3,臺中市,大里區,0,4,0,7,1,6,30,4,1,1,5,4,6,6,4,4,10,5,5,2,15,2,9,1,1,C03,7,9,1,10,2,11,,15,15,1,12,4,120.693006,24.123523,2
8132,66000,387130000C,(04)23274275,(04)23288582,2025,12,18,20,5,臺中市,豐原區,0,1,0,7,1,6,50,4,1,1,5,4,6,6,1,1,5,4,4,2,17,2,9,1,1,C03,7,6,1,10,2,13,,48,48,1,6,4,120.708857,24.245609,2
8133,66000,387130000C,(04)23274275,(04)23288582,2025,12,18,20,7,臺中市,南屯區,0,1,0,7,1,6,50,4,1,1,5,4,6,6,2,1,5,4,5,2,16,2,9,2,1,C03,7,6,1,10,2,11,,11,11,1,12,4,120.643976,24.132103,2
8134,66000,387130000C,(04)23274275,(04)23288582,2025,12,18,20,8,臺中市,西屯區,0,1,0,7,1,6,50,13,9,1,5,4,6,6,4,4,5,5,5,2,17,2,8,2,1,C03,7,9,1,10,2,11,,59,59,1,12,4,120.617544,24.175312,2
8135,66000,387130000C,(04)23274275,(04)23288582,2025,12,18,20,10,臺中市,豐原區,0,3,0,7,2,6,50,3,2,1,5,4,6,6,4,4,5,5,5,2,17,3,10,5,4,B03,7,1,1,8,2,5,,51,51,1,13,4,120.714655,24.248069,2
8136,66000,387130000C,(04)23274275,(04)23288582,2025,12,18,20,12,臺中市,西屯區,0,0,0,7,,,50,,,,,,,,,,,,,,14,,,,,B03,,,1,,1,,,49,49,1,12,4,120.593044,24.183185,4
8137,66000,387130000C,(04)23274275,(04)23288582,2025,12,18,20,12,臺中市,大里區,0,0,0,7,1,6,50,13,9,1,5,4,6,6,1,1,5,5,5,1,13,,,,,B03,,,1,,2,,,51,51,1,13,4,120.69999,24.102104,3
8138,66000,387130000C,(04)23274275,(04)23288582,2025,12,18,20,14,臺中市,西屯區,0,1,0,7,1,6,50,3,1,1,5,4,6,6,4,4,5,4,5,2,16,2,8,2,1,C03,7,6,1,10,2,14,,48,48,1,12,4,120.593637,24.179915,2
8139,66000,387130000C,(04)23274275,(04)23288582,2025,12,18,20,16,臺中市,北區,0,0,0,7,,,50,,,,,,,,,,,,,,17,,,,,B03,,,1,,1,,,84,84,1,13,4,120.682356,24.153633,3
8140,66000,387130000C,(04)23274275,(04)23288582,2025,12,18,20,19,臺中市,西屯區,0,0,0,7,,,50,,,,,,,,,,,,,,12,,,,,C03,,,1,,2,,,4,4,1,13,4,120.661801,24.163918,3
8141,66000,387130000C,(04)23274275,(04)23288582,2025,12,18,20,25,臺中市,大雅區,0,2,0,7,3,6,30,4,1,1,5,4,6,6,3,1,10,5,4,2,18,2,5,1,4,C03,7,5,1,10,2,12,,84,84,1,12,4,120.667242,24.23952,2
8142,66000,387130000C,(04)23274275,(04)23288582,2025,12,18,20,26,臺中市,南區,0,2,0,7,1,6,50,4,1,1,5,4,6,6,1,1,10,5,5,2,16,2,8,5,4,C03,7,6,1,10,2,12,,11,11,1,12,4,120.648879,24.119266,2
8143,66000,387130000C,(04)23274275,(04)23288582,2025,12,18,20,27,臺中市,大肚區,0,1,0,7,1,6,50,13,9,1,5,4,6,6,1,1,4,3,5,2,3,3,10,6,5,H01,8,18,7,21,10,17,,95,95,1,6,5,120.545431,24.15094,2
8144,66000,387130000C,(04)23274275,(04)23288582,2025,12,18,20,41,臺中市,北屯區,0,0,0,7,,,50,,,,,,,,,,,,,,13,,,,,B03,,,1,,2,,,11,11,1,6,4,120.691164,24.170907,4
8145,66000,387130000C,(04)23274275,(04)23288582,2025,12,18,20,44,臺中市,南區,0,1,0,7,1,6,50,13,9,1,5,4,6,6,2,1,10,5,5,2,3,2,9,6,5,H01,8,16,7,21,10,17,,96,96,1,13,5,120.683911,24.120631,2
8146,66000,387130000C,(04)23274275,(04)23288582,2025,12,18,20,44,臺中市,太平區,0,0,0,7,,,50,,,,,,,,,,,,,,16,,,,,C03,,,1,,2,,,47,47,1,12,4,120.716041,24.148872,3
8147,66000,387130000C,(04)23274275,(04)23288582,2025,12,18,20,44,臺中市,龍井區,0,0,0,7,,,50,,,,,,,,,,,,,,12,,,,,C03,,,1,,2,,,84,84,1,5,4,120.582127,24.176548,3
8148,66000,387130000C,(04)23274275,(04)23288582,2025,12,18,20,45,臺中市,太平區,0,1,0,7,1,6,50,4,1,1,5,4,6,6,2,1,10,5,5,2,16,3,10,3,1,B03,7,6,1,8,2,5,,11,11,1,12,4,120.722486,24.14243,2
8149,66000,387130000C,(04)23274275,(04)23288582,2025,12,18,20,56,臺中市,西區,0,0,0,7,,,50,,,,,,,,,,,,,,14,,,,,B03,,,1,,1,,,49,49,1,12,4,120.66286,24.155948,3
8150,66000,387130000C,(04)23274275,(04)23288582,2025,12,18,20,57,臺中市,豐原區,0,0,0,7,,,50,,,,,,,,,,,,,,13,,,,,C03,,,1,,1,,,7,7,1,12,4,120.728249,24.245194,3
8151,66000,387130000C,(04)23274275,(04)23288582,2025,12,18,21,0,臺中市,西屯區,0,2,0,7,1,6,50,3,1,1,5,4,6,6,1,1,5,5,4,2,12,2,7,2,1,C03,7,1,1,10,2,14,,51,51,1,12,4,120.592731,24.179045,2
8152,66000,387130000C,(04)23274275,(04)23288582,2025,12,18,21,3,臺中市,烏日區,0,1,0,7,1,6,50,4,2,1,5,4,6,6,1,1,10,5,5,2,13,2,9,2,1,C03,7,9,1,10,2,11,,7,7,1,6,4,120.634041,24.106216,2
8153,66000,387130000C,(04)23274275,(04)23288582,2025,12,18,21,8,臺中市,南區,0,1,0,7,1,6,50,13,9,1,5,4,6,6,4,4,1,4,5,1,12,3,10,3,1,B03,7,9,1,8,2,2,,84,84,1,12,4,120.679379,24.122706,2