序號,縣市別代碼,機關代碼,市話,傳真,年,月,日,時,分,縣市,區,死亡數量,受傷數量,2-30,天候,道路照明設備,道路類別,道路速限,道路型態,事故位置,路面鋪裝,路面狀態,路面缺陷,障礙物,視距,號誌種類,號誌動作,分向設施,快車道或一般車道間,快慢車道間,路面邊線,事故類型及型態,受傷程度,主要傷處,保護裝備,行動電話或功能裝置,當事者區分(類別),車輛用途,當事者行動狀態,駕照狀態,駕照種類,飲酒情形,車輛撞擊部位最初,車輛撞擊部位其他,肇事因素個別,肇事因素主要,肇事逃逸,職業,共享經濟或外送平台,GPS座標X,GPS座標Y,事故類別
8154,66000,387130000C,(04)23274275,(04)23288582,2025,12,18,21,10,臺中市,北屯區,0,0,0,7,,,50,,,,,,,,,,,,,,11,,,,,B03,,,1,,1,,,34,34,1,6,4,120.709569,24.17619,3
8155,66000,387130000C,(04)23274275,(04)23288582,2025,12,18,21,14,臺中市,南屯區,0,0,0,7,,,50,,,,,,,,,,,,,,13,,,,,B03,,,1,,1,,,56,56,1,12,4,120.65002,24.143452,3
8156,66000,387130000C,(04)23274275,(04)23288582,2025,12,18,21,16,臺中市,霧峰區,0,0,0,7,,6,50,,,,,,,,,,,,,,17,,,,,B12,,,1,8,2,,,84,84,1,13,4,120.707446,24.076254,3
8157,66000,387130000C,(04)23274275,(04)23288582,2025,12,18,21,18,臺中市,梧棲區,0,0,0,7,,,50,,,,,,,,,,,,,,17,,,,,B03,,,1,,1,,,59,59,1,6,4,120.534619,24.262273,3
8158,66000,387130000C,(04)23274275,(04)23288582,2025,12,18,21,22,臺中市,大甲區,0,1,0,7,1,6,50,4,2,1,5,4,6,6,4,4,10,5,5,1,16,2,9,1,1,C03,7,6,1,10,2,12,,12,12,1,6,4,120.615815,24.347524,2
8159,66000,387130000C,(04)23274275,(04)23288582,2025,12,18,21,42,臺中市,南屯區,0,0,0,7,,,50,,,,,,,,,,,,,,,,,,,B12,,,1,,2,,,49,49,1,12,4,120.645009,24.153785,3
8160,66000,387130000C,(04)23274275,(04)23288582,2025,12,18,21,48,臺中市,南區,0,2,0,5,1,6,50,4,1,1,4,4,6,6,1,1,10,5,5,2,13,2,8,5,4,C03,7,9,1,10,2,11,,84,84,1,12,4,120.670061,24.119029,2
8161,66000,387130000C,(04)23274275,(04)23288582,2025,12,18,21,55,臺中市,西屯區,0,0,0,7,,,40,,,,,,,,,,,,,,12,,,,,C03,,,1,,1,,,40,40,1,12,4,120.65188,24.161819,3
8162,66000,387130000C,(04)23274275,(04)23288582,2025,12,18,22,16,臺中市,西屯區,0,1,0,5,1,6,30,3,1,1,4,4,6,6,4,4,10,5,5,2,16,2,9,2,1,C03,7,9,1,10,2,12,,84,84,1,5,4,120.644223,24.177354,2
8163,66000,387130000C,(04)23274275,(04)23288582,2025,12,18,22,20,臺中市,神岡區,0,1,0,7,2,6,30,13,9,1,5,4,6,6,4,4,10,5,5,2,17,2,9,5,4,C03,7,9,1,10,8,11,12,53,53,1,13,4,120.674322,24.251673,2
8164,66000,387130000C,(04)23274275,(04)23288582,2025,12,18,22,25,臺中市,西屯區,0,0,0,7,,,0,,,,,,,,,,,,,,17,,,,,B03,,,1,,1,,,49,49,1,12,4,120.635034,24.173777,3
8165,66000,387130000C,(04)23274275,(04)23288582,2025,12,18,22,30,臺中市,豐原區,0,1,0,7,1,6,50,3,1,1,5,4,6,6,3,1,5,4,4,2,17,3,10,3,1,B03,7,1,1,8,2,1,,51,51,1,6,4,120.724887,24.252262,2
8166,66000,387130000C,(04)23274275,(04)23288582,2025,12,18,22,36,臺中市,西屯區,0,0,0,7,,,50,,,,,,,,,,,,,,16,,,,,B03,,,1,,1,,,84,84,1,13,4,120.63713,24.179279,3
8167,66000,387130000C,(04)23274275,(04)23288582,2025,12,18,22,41,臺中市,北屯區,0,2,0,7,1,6,50,4,1,1,5,4,6,6,2,1,10,5,5,2,23,2,4,3,1,B03,7,6,1,8,2,1,,59,59,1,12,4,120.671232,24.19306,2
8168,66000,387130000C,(04)23274275,(04)23288582,2025,12,18,22,56,臺中市,西屯區,0,0,0,7,,,50,,,,,,,,,,,,,,17,,,,,B01,,,1,,9,,,50,50,1,12,4,120.65114,24.165317,3
8169,66000,387130000C,(04)23274275,(04)23288582,2025,12,18,23,9,臺中市,南屯區,0,0,0,7,,,50,,,,,,,,,,,,,,16,,,,,C03,,,1,,2,,,48,48,1,6,4,120.646791,24.153634,3
8170,66000,387130000C,(04)23274275,(04)23288582,2025,12,18,23,19,臺中市,西屯區,0,2,0,5,1,6,50,4,1,1,4,4,6,6,1,1,10,5,5,2,16,2,9,3,1,B03,7,6,1,2,2,8,,11,11,1,12,4,120.647239,24.172796,2
8171,66000,387130000C,(04)23274275,(04)23288582,2025,12,18,23,25,臺中市,南屯區,1,0,0,7,1,6,50,13,8,1,5,4,6,6,4,4,1,4,1,2,26,1,9,2,1,C03,7,15,1,10,2,11,,59,59,1,12,4,120.631395,24.126103,1
8172,66000,387130000C,(04)23274275,(04)23288582,2025,12,18,23,34,臺中市,沙鹿區,0,0,0,7,,,50,,,,,,,,,,,,,,17,,,,,C03,,,1,,2,,,7,7,1,5,4,120.577136,24.223533,3
8173,66000,387130000C,(04)23274275,(04)23288582,2025,12,18,23,39,臺中市,后里區,0,1,0,7,1,6,50,3,1,1,5,4,6,6,4,4,10,5,5,2,16,3,10,3,1,B03,7,6,1,8,2,4,,12,12,1,6,4,120.689411,24.321914,2
8174,66000,387130000C,(04)23274275,(04)23288582,2025,12,18,23,51,臺中市,西區,0,2,0,7,1,6,50,4,2,1,5,4,6,6,2,1,1,4,4,1,13,2,9,2,1,C03,7,9,1,10,2,11,,7,7,1,13,4,120.657206,24.139285,2
8175,66000,387130000C,(04)23274275,(04)23288582,2025,12,19,0,0,臺中市,西屯區,0,1,0,6,1,6,40,3,1,1,5,4,6,6,2,1,10,5,5,2,16,2,9,1,1,C03,7,6,1,10,2,14,,25,25,1,5,4,120.619045,24.181178,2
8176,66000,387130000C,(04)23274275,(04)23288582,2025,12,19,0,20,臺中市,豐原區,0,0,0,7,,,40,,,,,,,,,,,,,,13,,,,,C03,,,1,,2,,,7,7,1,12,4,120.725389,24.233649,4
8177,66000,387130000C,(04)23274275,(04)23288582,2025,12,19,0,30,臺中市,北區,0,0,0,7,,,30,,,,,,,,,,,,,,17,,,,,B03,,,1,,9,,,26,26,2,13,4,120.678757,24.149845,3
8178,66000,387130000C,(04)23274275,(04)23288582,2025,12,19,0,30,臺中市,霧峰區,0,0,0,7,,,50,,,,,,,,,,,,,,17,,,,,B03,,,1,,2,,,51,51,1,12,4,120.686389,24.049408,3
8179,66000,387130000C,(04)23274275,(04)23288582,2025,12,19,0,36,臺中市,西屯區,1,0,0,7,1,6,50,13,9,1,5,4,6,6,3,1,5,5,5,2,30,1,1,1,1,C03,7,9,1,10,9,11,,59,59,1,12,4,120.60578,24.189274,1
8180,66000,387130000C,(04)23274275,(04)23288582,2025,12,19,0,59,臺中市,烏日區,0,1,0,7,1,6,70,3,2,1,5,4,6,6,1,1,1,4,4,1,13,2,9,2,1,C03,7,9,1,10,2,11,,7,7,1,6,4,120.594596,24.112731,2
8181,66000,387130000C,(04)23274275,(04)23288582,2025,12,19,1,10,臺中市,西區,0,0,0,6,,,50,,,,,,,,,,,,,,,,,,,A05,,,1,,1,,,8,8,1,12,4,120.668902,24.142815,3
8182,66000,387130000C,(04)23274275,(04)23288582,2025,12,19,1,29,臺中市,清水區,0,0,0,7,,,50,,,,,,,,,,,,,,,,,,,B03,,,1,,2,,,58,58,1,12,4,120.572945,24.263397,3
8183,66000,387130000C,(04)23274275,(04)23288582,2025,12,19,2,49,臺中市,清水區,0,0,0,7,1,6,50,3,2,1,5,4,6,6,4,4,1,4,4,2,23,3,10,3,1,B03,7,5,1,8,7,8,,53,53,1,12,4,120.53797,24.266586,3
8184,66000,387130000C,(04)23274275,(04)23288582,2025,12,19,4,0,臺中市,北屯區,0,0,0,7,,,50,,,,,,,,,,,,,,9,,,,,C03,,,1,8,2,,,55,55,1,12,4,120.771633,24.199854,3
8185,66000,387130000C,(04)23274275,(04)23288582,2025,12,19,5,4,臺中市,北屯區,0,0,0,7,,,50,,,,,,,,,,,,,,12,,,,,B03,,,1,,1,,,7,7,1,13,4,120.686868,24.188318,3
8186,66000,387130000C,(04)23274275,(04)23288582,2025,12,19,5,23,臺中市,大里區,0,2,0,7,1,6,50,3,1,1,5,4,6,6,4,4,10,5,5,2,17,2,9,1,1,C03,7,9,5,19,2,11,,7,7,1,12,4,120.698746,24.123157,2
8187,66000,387130000C,(04)23274275,(04)23288582,2025,12,19,5,33,臺中市,西區,0,0,0,7,,,50,,,,,,,,,,,,,,15,,,,,B12,,,1,,1,,,21,21,1,12,4,120.664105,24.139272,3
8188,66000,387130000C,(04)23274275,(04)23288582,2025,12,19,5,51,臺中市,西屯區,0,1,0,7,1,6,50,3,1,1,5,4,6,6,4,4,5,5,5,2,17,2,9,1,1,C03,7,9,1,10,2,14,,84,84,1,12,4,120.644667,24.173737,2
8189,66000,387130000C,(04)23274275,(04)23288582,2025,12,19,6,9,臺中市,北屯區,0,1,0,7,1,6,40,3,1,1,5,4,6,6,2,1,10,5,5,2,12,3,10,3,1,B03,7,6,1,8,9,4,,23,23,1,12,4,120.696669,24.164922,2
8190,66000,387130000C,(04)23274275,(04)23288582,2025,12,19,6,12,臺中市,太平區,0,0,0,7,2,6,30,3,9,1,5,4,6,6,4,4,10,5,5,2,14,,,,,B03,,,1,,2,,,49,49,1,12,4,120.716587,24.139279,3
8191,66000,387130000C,(04)23274275,(04)23288582,2025,12,19,6,28,臺中市,太平區,0,1,0,7,2,6,50,4,1,1,5,4,6,6,1,1,10,5,5,2,16,3,10,3,1,B03,7,11,5,8,2,4,,45,45,1,13,4,120.712583,24.152615,2
8192,66000,387130000C,(04)23274275,(04)23288582,2025,12,19,6,40,臺中市,沙鹿區,0,0,0,7,,,50,,,,,,,,,,,,,,,,,,,B03,,,1,,2,,,40,40,1,12,4,120.563807,24.233038,3
8193,66000,387130000C,(04)23274275,(04)23288582,2025,12,19,6,50,臺中市,梧棲區,0,1,0,7,2,6,50,4,1,1,5,4,6,6,4,4,10,5,5,2,15,3,10,3,1,B12,7,9,1,8,2,5,,15,15,1,12,4,120.547183,24.255809,2
8194,66000,387130000C,(04)23274275,(04)23288582,2025,12,19,6,54,臺中市,西屯區,0,0,0,7,2,6,50,13,9,1,5,4,6,6,4,4,5,4,5,2,17,3,10,5,4,C03,7,5,3,10,7,11,,51,51,1,12,4,120.64466,24.171659,3
8195,66000,387130000C,(04)23274275,(04)23288582,2025,12,19,6,59,臺中市,西屯區,0,0,0,7,2,6,50,13,8,1,5,4,6,6,1,1,1,4,1,2,12,,,,,B12,,,1,,2,,,40,40,1,13,4,120.657,24.200507,3
8196,66000,387130000C,(04)23274275,(04)23288582,2025,12,19,7,12,臺中市,北屯區,0,0,0,6,2,6,50,13,9,1,5,4,6,6,,4,10,5,5,2,18,3,10,1,1,C03,7,9,1,10,8,12,,59,59,1,12,4,120.702669,24.167382,3
8197,66000,387130000C,(04)23274275,(04)23288582,2025,12,19,7,14,臺中市,南區,0,0,0,7,,,50,,,,,,,,,,,,,,17,,,,,C03,,,1,,9,,,84,84,1,12,4,120.65722,24.13384,3
8198,66000,387130000C,(04)23274275,(04)23288582,2025,12,19,7,14,臺中市,北屯區,0,0,0,7,,,60,,,,,,,,,,,,,,13,,,,,B03,,,1,8,2,,,84,84,1,6,4,120.715533,24.163955,3
8199,66000,387130000C,(04)23274275,(04)23288582,2025,12,19,7,20,臺中市,西區,0,2,0,7,2,6,50,4,1,1,5,4,6,6,1,1,10,5,5,2,16,3,10,1,1,C03,7,5,3,19,1,12,,47,47,2,13,4,120.66166,24.152547,2
8200,66000,387130000C,(04)23274275,(04)23288582,2025,12,19,7,22,臺中市,西屯區,0,1,0,6,2,6,50,13,9,1,5,4,6,6,4,4,5,4,5,1,12,3,10,5,4,A04,7,9,1,2,2,6,,84,84,1,12,4,120.645755,24.172131,2
8201,66000,387130000C,(04)23274275,(04)23288582,2025,12,19,7,22,臺中市,梧棲區,0,2,0,7,2,6,70,4,1,1,5,4,6,6,1,1,10,5,5,2,16,2,9,1,1,C03,7,7,1,10,2,12,,40,40,1,12,4,120.545884,24.228934,2
8202,66000,387130000C,(04)23274275,(04)23288582,2025,12,19,7,25,臺中市,北屯區,0,1,0,7,3,6,50,4,1,1,5,4,6,6,1,1,10,5,5,2,15,3,10,3,1,B12,7,9,1,8,2,5,,21,21,1,6,4,120.687031,24.18554,2
8203,66000,387130000C,(04)23274275,(04)23288582,2025,12,19,7,27,臺中市,西區,0,1,0,6,2,6,50,4,1,1,5,4,6,6,2,1,5,4,4,2,11,2,9,2,1,C03,7,8,1,10,2,14,,40,40,1,12,4,120.666711,24.141039,2
8204,66000,387130000C,(04)23274275,(04)23288582,2025,12,19,7,28,臺中市,北區,0,0,0,7,,,50,,,,,,,,,,,,,,13,,,,,B03,,,1,,2,,,7,7,1,13,4,120.698346,24.156373,3
8205,66000,387130000C,(04)23274275,(04)23288582,2025,12,19,7,29,臺中市,大里區,0,0,0,7,,,30,,,,,,,,,,,,,,,,,,,C03,,,1,,1,,,7,7,1,13,4,120.710878,24.086216,3
8206,66000,387130000C,(04)23274275,(04)23288582,2025,12,19,7,30,臺中市,北屯區,0,2,0,7,1,6,50,4,2,1,5,4,6,6,1,1,5,4,5,2,13,2,9,1,1,C03,7,9,1,10,2,11,,7,7,1,13,4,120.703967,24.181929,2
8207,66000,387130000C,(04)23274275,(04)23288582,2025,12,19,7,30,臺中市,豐原區,0,0,0,7,,,50,,,,,,,,,,,,,,13,,,,,B03,,,1,,2,,,7,7,1,6,4,120.724274,24.247041,3
8208,66000,387130000C,(04)23274275,(04)23288582,2025,12,19,7,31,臺中市,南屯區,0,0,0,7,,,30,,,,,,,,,,,,,,13,,,,,C03,,,1,,1,,,7,7,1,12,4,120.609628,24.130203,3
8209,66000,387130000C,(04)23274275,(04)23288582,2025,12,19,7,31,臺中市,烏日區,0,2,0,7,3,6,50,13,7,1,5,4,6,6,4,4,1,4,4,2,12,2,9,1,1,C03,7,9,1,10,2,11,14,8,8,1,6,4,120.644913,24.117303,2
8210,66000,387130000C,(04)23274275,(04)23288582,2025,12,19,7,31,臺中市,沙鹿區,0,0,0,7,,,50,,,,,,,,,,,,,,13,,,,,B03,,,1,,1,,,59,59,1,6,4,120.561513,24.20834,3
8211,66000,387130000C,(04)23274275,(04)23288582,2025,12,19,7,34,臺中市,南區,0,0,0,7,,,50,,,,,,,,,,,,,,17,,,,,C03,,,1,,1,,,48,48,1,12,4,120.648413,24.122722,3
8212,66000,387130000C,(04)23274275,(04)23288582,2025,12,19,7,40,臺中市,太平區,0,1,0,7,3,6,40,4,1,1,5,4,6,6,1,1,10,5,5,2,16,3,10,1,1,C03,7,5,1,10,2,13,,11,11,1,6,4,120.7159,24.13478,2
8213,66000,387130000C,(04)23274275,(04)23288582,2025,12,19,7,40,臺中市,清水區,0,0,0,7,,,50,,,,,,,,,,,,,,,,,,,B03,,,1,,2,,,45,45,1,12,4,120.599253,24.305188,3
8214,66000,387130000C,(04)23274275,(04)23288582,2025,12,19,7,43,臺中市,西屯區,0,0,0,7,,,50,,,,,,,,,,,,,,17,,,,,B03,,,1,,2,,,40,40,1,12,4,120.619952,24.169908,3
8215,66000,387130000C,(04)23274275,(04)23288582,2025,12,19,7,45,臺中市,太平區,0,1,0,7,3,6,30,4,1,1,5,4,6,6,4,4,10,5,5,2,17,3,10,1,1,C03,7,6,3,19,2,11,,48,48,1,6,4,120.731129,24.12948,2
8216,66000,387130000C,(04)23274275,(04)23288582,2025,12,19,7,45,臺中市,太平區,0,0,0,7,,,50,,,,,,,,,,,,,,13,,,,,B03,,,1,,1,,,84,84,1,13,4,120.712121,24.141022,3
8217,66000,387130000C,(04)23274275,(04)23288582,2025,12,19,7,46,臺中市,北區,0,0,0,7,2,6,50,13,9,1,5,4,6,6,4,4,1,4,5,1,12,3,10,1,1,C03,7,9,5,10,1,14,,8,8,1,12,4,120.678369,24.163216,3
8218,66000,387130000C,(04)23274275,(04)23288582,2025,12,19,7,47,臺中市,大雅區,0,0,0,6,,,60,,,,,,,,,,,,,,12,,,,,B03,,,1,,2,,,40,40,1,12,4,120.646703,24.222424,3
8219,66000,387130000C,(04)23274275,(04)23288582,2025,12,19,7,47,臺中市,大雅區,0,1,0,6,3,6,50,3,2,1,5,4,6,6,4,4,5,2,5,1,18,2,9,1,1,C03,7,9,1,10,2,12,,84,84,1,12,4,120.601341,24.216149,2
8220,66000,387130000C,(04)23274275,(04)23288582,2025,12,19,7,48,臺中市,西區,0,0,0,7,,,50,,,,,,,,,,,,,,,,,,,B03,,,1,8,1,,,40,40,1,13,4,120.669778,24.147867,3
8221,66000,387130000C,(04)23274275,(04)23288582,2025,12,19,7,48,臺中市,北區,0,0,0,7,,,50,,,,,,,,,,,,,,,,,,,A12,,,1,,1,,,84,84,1,13,4,120.671081,24.170945,3
8222,66000,387130000C,(04)23274275,(04)23288582,2025,12,19,7,48,臺中市,南屯區,0,0,0,7,,,40,,,,,,,,,,,,,,,,,,,C03,,,5,,2,,,84,84,1,12,4,120.64079,24.148842,3
8223,66000,387130000C,(04)23274275,(04)23288582,2025,12,19,7,48,臺中市,南屯區,0,0,0,7,,,50,,,,,,,,,,,,,,,,,,,B03,,,1,,1,,,84,84,1,12,4,120.633952,24.148373,3
8224,66000,387130000C,(04)23274275,(04)23288582,2025,12,19,7,48,臺中市,北屯區,0,0,0,7,,,0,,,,,,,,,,,,,,11,,,,,B03,,,1,8,1,,,84,84,1,6,4,120.722668,24.16662,3
8225,66000,387130000C,(04)23274275,(04)23288582,2025,12,19,7,49,臺中市,潭子區,0,1,0,7,3,6,50,3,2,1,5,4,6,6,3,1,5,4,4,2,17,2,9,2,1,C03,7,11,1,10,2,12,,39,39,1,13,4,120.692217,24.222954,2
8226,66000,387130000C,(04)23274275,(04)23288582,2025,12,19,7,50,臺中市,北屯區,0,0,0,7,,,50,,,,,,,,,,,,,,,,,,,B03,,,1,,11,,,85,85,1,12,4,120.710761,24.18234,4
8227,66000,387130000C,(04)23274275,(04)23288582,2025,12,19,7,50,臺中市,北屯區,0,1,0,7,3,6,50,4,1,1,5,4,6,6,1,1,10,5,5,2,15,3,10,1,1,C03,7,9,1,10,1,11,,21,21,1,6,4,120.689895,24.16691,2
8228,66000,387130000C,(04)23274275,(04)23288582,2025,12,19,7,50,臺中市,大里區,0,1,0,6,2,6,50,4,1,1,5,4,6,6,1,1,10,5,5,2,9,3,10,3,1,B03,7,6,1,8,2,8,,84,84,1,13,4,120.697563,24.082752,2
8229,66000,387130000C,(04)23274275,(04)23288582,2025,12,19,7,50,臺中市,太平區,0,2,0,7,2,6,50,13,9,1,5,4,6,6,4,4,5,4,5,1,13,2,9,2,1,C03,7,9,1,10,2,11,,7,7,1,13,4,120.724177,24.133793,2
8230,66000,387130000C,(04)23274275,(04)23288582,2025,12,19,7,51,臺中市,西屯區,0,1,0,7,2,6,30,3,1,1,5,4,6,6,4,4,10,5,5,2,16,3,10,1,1,C03,7,4,1,10,2,13,,1,1,1,13,4,120.643892,24.196792,2
8231,66000,387130000C,(04)23274275,(04)23288582,2025,12,19,7,54,臺中市,龍井區,0,1,0,7,2,6,50,3,2,1,5,4,6,6,4,4,5,5,5,1,13,2,9,5,4,F03,7,9,7,21,2,11,,7,7,1,12,4,120.586251,24.187336,2
8232,66000,387130000C,(04)23274275,(04)23288582,2025,12,19,7,56,臺中市,北屯區,0,0,0,7,,,,,,,,,,,,,,,,,,,,,,,,,,,,,,119,119,1,,,120.704235,24.184094,3
8233,66000,387130000C,(04)23274275,(04)23288582,2025,12,19,7,56,臺中市,北屯區,0,2,0,6,2,6,50,4,1,1,5,4,6,6,4,4,10,5,5,2,15,2,8,1,1,C03,7,9,1,10,2,14,,12,12,1,6,4,120.689182,24.163825,2
8234,66000,387130000C,(04)23274275,(04)23288582,2025,12,19,7,58,臺中市,南區,0,1,0,7,2,6,50,4,1,1,5,4,6,6,1,1,10,5,5,2,18,2,9,2,1,C03,7,9,1,10,2,12,,82,82,1,13,4,120.651767,24.117018,2
8235,66000,387130000C,(04)23274275,(04)23288582,2025,12,19,8,0,臺中市,大里區,0,1,0,7,2,6,50,13,9,1,5,4,6,6,4,4,9,4,5,1,17,2,8,2,1,C03,7,9,1,10,2,11,,84,84,1,12,4,120.697894,24.096677,2
8236,66000,387130000C,(04)23274275,(04)23288582,2025,12,19,8,0,臺中市,外埔區,0,0,0,7,,,50,,,,,,,,,,,,,,11,,,,,B12,,,1,,2,,,51,51,1,12,4,120.641163,24.340904,3
8237,66000,387130000C,(04)23274275,(04)23288582,2025,12,19,8,1,臺中市,大里區,0,0,0,7,,,50,,,,,,,,,,,,,,,,,,,C03,,,1,,2,,,84,84,1,12,4,120.694343,24.10053,3
8238,66000,387130000C,(04)23274275,(04)23288582,2025,12,19,8,1,臺中市,大甲區,0,1,0,7,3,6,50,13,9,1,5,4,6,6,4,4,10,5,5,2,18,2,9,1,1,C03,7,9,1,10,2,12,,7,7,1,6,4,120.63727,24.356725,2
8239,66000,387130000C,(04)23274275,(04)23288582,2025,12,19,8,2,臺中市,北區,0,1,0,7,2,6,50,13,9,1,5,4,6,6,4,4,9,5,5,2,16,3,10,1,1,C03,7,6,1,10,2,14,,65,65,1,12,4,120.678699,24.153889,2
8240,66000,387130000C,(04)23274275,(04)23288582,2025,12,19,8,3,臺中市,南屯區,0,0,0,7,,,50,,,,,,,,,,,,,,12,,,,,B03,,,1,,1,,,26,26,1,13,4,120.646654,24.150884,3
8241,66000,387130000C,(04)23274275,(04)23288582,2025,12,19,8,4,臺中市,大甲區,0,1,0,7,1,6,60,4,1,1,5,4,6,6,1,1,1,4,5,1,16,3,10,3,1,B03,7,5,1,8,2,2,,84,84,1,12,4,120.618081,24.415572,2
8242,66000,387130000C,(04)23274275,(04)23288582,2025,12,19,8,6,臺中市,西屯區,0,0,0,7,,,50,,,,,,,,,,,,,,14,,,,,A41,,,1,,2,,,50,50,1,13,4,120.58852,24.16949,3
8243,66000,387130000C,(04)23274275,(04)23288582,2025,12,19,8,8,臺中市,北屯區,0,0,0,7,,,50,,,,,,,,,,,,,,13,,,,,B03,,,1,,1,,,84,84,1,6,4,120.664727,24.184604,3
8244,66000,387130000C,(04)23274275,(04)23288582,2025,12,19,8,13,臺中市,神岡區,0,0,0,7,,,50,,,,,,,,,,,,,,17,,,,,C03,,,1,,2,,,26,26,1,13,4,120.690746,24.247732,3
8245,66000,387130000C,(04)23274275,(04)23288582,2025,12,19,8,15,臺中市,潭子區,0,0,0,7,,3,80,,,,,,,,,,,,,,,,,,,B03,,,1,,2,,,40,40,1,13,4,120.720064,24.195968,3
8246,66000,387130000C,(04)23274275,(04)23288582,2025,12,19,8,15,臺中市,西屯區,0,0,0,7,,,50,,,,,,,,,,,,,,17,,,,,B03,,,1,,1,,,49,49,1,12,4,120.603197,24.161201,3
8247,66000,387130000C,(04)23274275,(04)23288582,2025,12,19,8,20,臺中市,大雅區,0,1,0,6,3,6,50,3,2,1,5,4,6,6,4,4,5,2,5,1,17,2,9,1,1,C03,7,9,1,10,2,12,,6,6,1,12,4,120.649123,24.225003,2
8248,66000,387130000C,(04)23274275,(04)23288582,2025,12,19,8,20,臺中市,沙鹿區,0,0,0,7,2,6,50,3,8,1,5,4,6,6,1,1,1,3,4,2,12,,,,,B02,,,1,,2,,,11,11,1,12,4,120.556135,24.220955,3
8249,66000,387130000C,(04)23274275,(04)23288582,2025,12,19,8,21,臺中市,北屯區,0,2,0,6,3,6,30,4,1,1,5,4,6,6,4,4,10,5,5,2,15,3,10,3,1,B03,7,9,1,8,2,8,,12,12,1,6,4,120.687077,24.178193,2
8250,66000,387130000C,(04)23274275,(04)23288582,2025,12,19,8,24,臺中市,大雅區,0,1,0,7,1,6,50,4,1,1,5,4,6,6,1,1,10,5,5,2,16,3,10,3,1,B13,7,5,1,8,2,2,,11,11,1,12,4,120.633018,24.21266,2
8251,66000,387130000C,(04)23274275,(04)23288582,2025,12,19,8,24,臺中市,外埔區,0,1,0,7,2,6,50,4,1,1,5,4,6,6,1,1,10,5,5,2,21,2,9,1,1,C03,7,6,3,19,2,11,,4,4,1,12,4,120.651966,24.331166,2
8252,66000,387130000C,(04)23274275,(04)23288582,2025,12,19,8,25,臺中市,北屯區,0,0,0,7,,,50,,,,,,,,,,,,,,11,,,,,C03,,,1,,2,,,4,4,1,6,4,120.698503,24.172211,3
8253,66000,387130000C,(04)23274275,(04)23288582,2025,12,19,8,25,臺中市,太平區,0,1,0,7,3,6,50,3,19,1,5,4,6,6,4,4,10,5,5,2,3,3,10,3,1,B03,7,6,1,10,2,1,,58,58,1,6,4,120.712876,24.149717,2
8254,66000,387130000C,(04)23274275,(04)23288582,2025,12,19,8,30,臺中市,南屯區,0,0,0,7,,,50,,,,,,,,,,,,,,12,,,,,B03,,,1,,1,,,49,49,1,12,4,120.643319,24.15086,3
8255,66000,387130000C,(04)23274275,(04)23288582,2025,12,19,8,32,臺中市,西區,0,1,0,7,1,6,50,3,1,1,5,4,6,6,4,4,5,4,4,2,12,3,10,3,1,B03,7,9,1,8,2,2,,59,59,1,13,4,120.668974,24.139192,2
8256,66000,387130000C,(04)23274275,(04)23288582,2025,12,19,8,32,臺中市,西屯區,0,1,0,7,2,6,50,5,1,1,5,4,6,6,1,1,10,5,5,2,16,3,10,3,1,B03,7,6,1,8,2,8,,11,11,1,12,4,120.616285,24.191011,2
8257,66000,387130000C,(04)23274275,(04)23288582,2025,12,19,8,33,臺中市,大里區,0,1,0,6,3,6,50,13,9,1,5,4,6,6,4,4,5,5,5,1,18,2,8,1,1,C03,7,9,1,10,2,12,,59,59,1,12,4,120.67628,24.107908,2
8258,66000,387130000C,(04)23274275,(04)23288582,2025,12,19,8,35,臺中市,南屯區,0,1,0,7,2,6,50,4,1,1,5,4,6,6,1,1,10,5,5,2,17,3,10,3,1,B03,7,6,1,8,2,16,,85,85,1,12,4,120.653023,24.137821,2
8259,66000,387130000C,(04)23274275,(04)23288582,2025,12,19,8,40,臺中市,北區,0,2,0,7,2,6,50,13,9,1,5,4,6,6,4,4,3,4,5,2,17,2,9,1,1,C03,7,9,1,10,2,14,,8,8,1,12,4,120.684937,24.160054,2
8260,66000,387130000C,(04)23274275,(04)23288582,2025,12,19,8,40,臺中市,南屯區,0,1,0,7,2,6,50,13,7,1,5,4,6,6,4,4,5,5,4,2,13,2,9,2,1,C03,7,9,1,10,2,11,,84,84,1,12,4,120.614902,24.145423,2
8261,66000,387130000C,(04)23274275,(04)23288582,2025,12,19,8,46,臺中市,西屯區,0,1,0,7,2,6,30,11,9,1,5,4,6,6,4,4,10,5,5,2,12,3,10,5,4,C03,7,9,1,10,2,11,,59,59,1,13,4,120.645414,24.173737,2
8262,66000,387130000C,(04)23274275,(04)23288582,2025,12,19,8,51,臺中市,大里區,0,0,0,6,,,50,,,,,,,,,,,,,,,,,,,B03,,,1,,2,,,8,8,1,13,4,120.689798,24.087378,3
8263,66000,387130000C,(04)23274275,(04)23288582,2025,12,19,8,53,臺中市,大里區,0,0,0,7,2,6,50,13,9,1,5,4,6,6,4,4,1,4,5,2,17,,,,,B03,,,1,,1,,,82,82,1,6,4,120.715881,24.09587,3
8264,66000,387130000C,(04)23274275,(04)23288582,2025,12,19,9,1,臺中市,西區,0,0,0,7,,,50,,,,,,,,,,,,,,,,,,,B03,,,1,,1,,,84,84,1,13,4,120.672849,24.150349,3