序號,縣市別代碼,機關代碼,市話,傳真,年,月,日,時,分,縣市,區,死亡數量,受傷數量,2-30,天候,道路照明設備,道路類別,道路速限,道路型態,事故位置,路面鋪裝,路面狀態,路面缺陷,障礙物,視距,號誌種類,號誌動作,分向設施,快車道或一般車道間,快慢車道間,路面邊線,事故類型及型態,受傷程度,主要傷處,保護裝備,行動電話或功能裝置,當事者區分(類別),車輛用途,當事者行動狀態,駕照狀態,駕照種類,飲酒情形,車輛撞擊部位最初,車輛撞擊部位其他,肇事因素個別,肇事因素主要,肇事逃逸,職業,共享經濟或外送平台,GPS座標X,GPS座標Y,事故類別
8265,66000,387130000C,(04)23274275,(04)23288582,2025,12,19,9,2,臺中市,西屯區,0,0,0,5,,,50,,,,,,,,,,,,,,12,,,,,B03,,,1,,2,,,59,59,1,12,4,120.611632,24.186717,3
8266,66000,387130000C,(04)23274275,(04)23288582,2025,12,19,9,3,臺中市,豐原區,0,0,0,6,2,6,50,13,9,1,5,4,6,6,4,4,5,4,4,1,17,3,10,2,1,C03,7,9,1,10,7,12,,51,51,1,13,4,120.724418,24.252245,3
8267,66000,387130000C,(04)23274275,(04)23288582,2025,12,19,9,4,臺中市,太平區,0,2,0,7,2,6,50,3,1,1,5,4,6,6,4,4,10,5,5,2,13,2,9,2,1,C03,7,9,1,10,2,11,,7,7,1,13,4,120.733499,24.154605,2
8268,66000,387130000C,(04)23274275,(04)23288582,2025,12,19,9,6,臺中市,神岡區,0,1,0,6,2,6,50,13,9,1,5,4,6,6,4,4,5,5,5,1,13,2,9,2,1,C03,7,9,3,19,2,11,,7,7,1,6,4,120.683996,24.268923,2
8269,66000,387130000C,(04)23274275,(04)23288582,2025,12,19,9,8,臺中市,太平區,0,0,0,7,2,6,50,13,14,1,5,4,6,6,4,4,5,5,5,1,13,,,,,B03,,,1,,2,,,50,50,1,12,4,120.732511,24.138177,3
8270,66000,387130000C,(04)23274275,(04)23288582,2025,12,19,9,12,臺中市,西屯區,0,0,0,7,,,40,,,,,,,,,,,,,,12,,,,,B03,,,1,,2,,,8,8,1,12,4,120.637409,24.174288,3
8271,66000,387130000C,(04)23274275,(04)23288582,2025,12,19,9,14,臺中市,北屯區,0,0,0,7,,,50,,,,,,,,,,,,,,,,,,,B12,,,1,,1,,,84,84,1,13,4,120.711865,24.182074,3
8272,66000,387130000C,(04)23274275,(04)23288582,2025,12,19,9,19,臺中市,豐原區,0,1,0,6,2,6,50,4,2,1,5,4,6,6,1,1,4,5,4,2,18,2,8,1,1,C03,7,15,1,10,2,14,,82,82,1,13,4,120.745174,24.255365,2
8273,66000,387130000C,(04)23274275,(04)23288582,2025,12,19,9,20,臺中市,大里區,0,1,0,7,3,6,50,3,2,1,5,4,6,6,4,4,5,4,5,1,16,3,10,5,4,B03,7,6,1,8,2,5,,14,14,1,13,4,120.688805,24.103747,2
8274,66000,387130000C,(04)23274275,(04)23288582,2025,12,19,9,23,臺中市,北屯區,0,1,0,6,2,6,40,13,8,1,5,4,6,6,4,4,1,4,4,2,13,3,10,1,1,C03,7,9,1,10,2,11,,7,7,1,6,4,120.686092,24.184177,2
8275,66000,387130000C,(04)23274275,(04)23288582,2025,12,19,9,23,臺中市,西屯區,0,0,0,7,,,30,,,,,,,,,,,,,,13,,,,,B03,,,1,,1,,,58,58,1,13,4,120.629819,24.165377,3
8276,66000,387130000C,(04)23274275,(04)23288582,2025,12,19,9,26,臺中市,豐原區,0,2,0,6,2,6,30,11,9,1,5,4,6,6,4,4,10,5,5,1,11,2,9,2,1,C03,7,9,1,10,2,11,14,8,8,1,6,4,120.740289,24.265719,2
8277,66000,387130000C,(04)23274275,(04)23288582,2025,12,19,9,26,臺中市,豐原區,0,0,0,6,,,30,,,,,,,,,,,,,,,,,,,B12,,,1,,2,,,49,49,1,13,4,120.745454,24.263496,3
8278,66000,387130000C,(04)23274275,(04)23288582,2025,12,19,9,27,臺中市,北屯區,0,0,0,7,,,50,,,,,,,,,,,,,,13,,,,,B03,,,1,8,1,,,7,7,1,5,4,120.685957,24.201456,3
8279,66000,387130000C,(04)23274275,(04)23288582,2025,12,19,9,27,臺中市,西屯區,0,0,0,7,,,50,,,,,,,,,,,,,,17,,,,,B03,,,1,,1,,,59,59,1,12,4,120.64524,24.172797,3
8280,66000,387130000C,(04)23274275,(04)23288582,2025,12,19,9,29,臺中市,西屯區,0,0,0,7,,,50,,,,,,,,,,,,,,13,,,,,B03,,,1,,1,,,7,7,1,13,4,120.653942,24.202774,3
8281,66000,387130000C,(04)23274275,(04)23288582,2025,12,19,9,30,臺中市,南區,0,0,0,6,,,50,,,,,,,,,,,,,,,,,,,B03,,,1,,1,,,87,87,1,12,4,120.673607,24.13064,3
8282,66000,387130000C,(04)23274275,(04)23288582,2025,12,19,9,30,臺中市,北屯區,0,0,0,7,,,50,,,,,,,,,,,,,,13,,,,,C03,,,1,,1,,,7,7,1,6,4,120.733325,24.170166,3
8283,66000,387130000C,(04)23274275,(04)23288582,2025,12,19,9,33,臺中市,東區,0,0,0,7,,,50,,,,,,,,,,,,,,17,,,,,C04,,,1,,1,,,51,51,1,12,4,120.705491,24.130176,3
8284,66000,387130000C,(04)23274275,(04)23288582,2025,12,19,9,35,臺中市,潭子區,0,1,0,7,3,6,50,4,1,1,5,4,6,6,4,4,5,4,4,2,17,3,10,2,1,C03,7,6,1,10,9,14,,85,85,1,13,4,120.693498,24.218218,2
8285,66000,387130000C,(04)23274275,(04)23288582,2025,12,19,9,36,臺中市,北區,0,2,0,7,2,6,50,5,2,1,5,4,6,6,2,1,10,5,5,2,17,2,9,2,1,C03,7,9,3,19,2,11,,7,7,1,13,4,120.683595,24.148102,2
8286,66000,387130000C,(04)23274275,(04)23288582,2025,12,19,9,39,臺中市,中區,0,1,0,7,2,6,50,4,2,1,5,4,6,6,2,1,5,2,5,2,12,2,9,2,1,C03,7,8,3,19,2,14,,85,85,1,12,4,120.67873,24.141662,2
8287,66000,387130000C,(04)23274275,(04)23288582,2025,12,19,9,39,臺中市,南區,0,1,0,7,3,6,50,3,1,1,5,4,6,6,4,4,10,5,5,2,16,3,10,3,1,B03,7,5,1,8,2,2,,14,14,1,12,4,120.654393,24.121788,2
8288,66000,387130000C,(04)23274275,(04)23288582,2025,12,19,9,40,臺中市,東區,0,0,0,7,,,50,,,,,,,,,,,,,,17,,,,,C03,,,1,,1,,,94,94,1,12,4,120.694942,24.135201,3
8289,66000,387130000C,(04)23274275,(04)23288582,2025,12,19,9,41,臺中市,西區,0,1,0,7,2,6,50,3,1,1,5,4,6,6,2,1,1,3,4,2,13,2,9,2,1,C03,7,9,1,10,1,11,12,7,7,1,12,4,120.657199,24.152469,2
8290,66000,387130000C,(04)23274275,(04)23288582,2025,12,19,9,45,臺中市,南屯區,0,0,0,7,,,50,,,,,,,,,,,,,,13,,,,,B03,,,1,,1,,,7,7,1,13,4,120.611739,24.135839,3
8291,66000,387130000C,(04)23274275,(04)23288582,2025,12,19,9,46,臺中市,北區,0,0,0,7,2,6,50,4,2,1,5,4,6,6,1,1,2,4,4,2,16,3,10,3,1,B03,7,7,1,8,1,5,,43,43,1,12,4,120.687243,24.155694,3
8292,66000,387130000C,(04)23274275,(04)23288582,2025,12,19,9,49,臺中市,中區,0,2,0,7,2,6,50,4,1,1,5,4,6,6,1,1,10,5,5,2,16,2,9,1,1,C03,7,6,3,19,2,14,,48,48,1,13,4,120.683617,24.141493,2
8293,66000,387130000C,(04)23274275,(04)23288582,2025,12,19,9,49,臺中市,南區,0,1,0,6,2,6,50,13,9,1,5,4,6,6,4,4,5,5,5,2,17,3,10,3,1,B03,7,11,1,8,2,5,,39,39,1,12,4,120.648595,24.122837,2
8294,66000,387130000C,(04)23274275,(04)23288582,2025,12,19,9,50,臺中市,南屯區,0,1,0,7,2,6,50,4,1,1,5,4,6,6,1,1,9,4,5,2,12,3,10,3,1,B03,7,5,1,8,2,2,,47,47,1,12,4,120.64377,24.146938,2
8295,66000,387130000C,(04)23274275,(04)23288582,2025,12,19,9,50,臺中市,西屯區,0,0,0,7,,,50,,,,,,,,,,,,,,13,,,,,B03,,,1,,2,,,7,7,1,12,4,120.629456,24.163991,3
8296,66000,387130000C,(04)23274275,(04)23288582,2025,12,19,9,50,臺中市,霧峰區,0,1,0,7,2,6,50,13,8,1,5,4,6,6,4,4,9,5,4,2,13,2,9,2,1,C03,7,9,1,10,2,11,,84,84,1,5,4,120.70295,24.075947,2
8297,66000,387130000C,(04)23274275,(04)23288582,2025,12,19,9,50,臺中市,豐原區,0,0,0,7,,,50,,,,,,,,,,,,,,17,,,,,B03,,,1,,2,,,8,8,1,13,4,120.717346,24.244578,3
8298,66000,387130000C,(04)23274275,(04)23288582,2025,12,19,9,53,臺中市,西區,0,1,0,7,2,6,50,3,1,1,5,4,6,6,1,1,10,5,5,2,17,3,10,5,4,B03,7,11,1,8,2,8,,45,45,1,13,4,120.667389,24.129939,2
8299,66000,387130000C,(04)23274275,(04)23288582,2025,12,19,9,55,臺中市,大雅區,0,1,0,6,3,6,70,3,2,1,5,4,6,6,1,1,5,2,5,1,17,2,9,1,1,C03,7,11,1,10,2,14,,48,48,1,12,4,120.636613,24.234705,2
8300,66000,387130000C,(04)23274275,(04)23288582,2025,12,19,9,57,臺中市,南區,0,0,0,7,,,50,,,,,,,,,,,,,,13,,,,,C03,,,1,,2,,,7,7,1,13,4,120.67926,24.122456,3
8301,66000,387130000C,(04)23274275,(04)23288582,2025,12,19,10,1,臺中市,西區,0,0,0,7,,,50,,,,,,,,,,,,,,17,,,,,B03,,,1,,9,,,85,85,1,13,4,120.669155,24.139732,3
8302,66000,387130000C,(04)23274275,(04)23288582,2025,12,19,10,3,臺中市,潭子區,0,1,0,6,2,6,50,4,1,1,5,4,6,6,2,1,5,4,5,1,17,2,9,1,1,C03,7,6,1,10,2,12,,23,23,1,13,4,120.722645,24.204094,2
8303,66000,387130000C,(04)23274275,(04)23288582,2025,12,19,10,5,臺中市,西屯區,0,1,0,7,2,6,30,11,9,1,5,4,6,6,4,4,10,5,5,2,11,3,10,5,4,C03,7,9,1,10,2,14,,84,84,1,13,4,120.633782,24.183579,2
8304,66000,387130000C,(04)23274275,(04)23288582,2025,12,19,10,9,臺中市,西屯區,0,0,0,7,,,40,,,,,,,,,,,,,,14,,,,,B12,,,1,,1,,,49,49,1,12,4,120.63176,24.162376,3
8305,66000,387130000C,(04)23274275,(04)23288582,2025,12,19,10,9,臺中市,豐原區,0,0,0,7,,,50,,,,,,,,,,,,,,12,,,,,B03,,,1,,2,,,50,50,1,12,4,120.71484,24.244745,3
8306,66000,387130000C,(04)23274275,(04)23288582,2025,12,19,10,15,臺中市,南區,0,1,0,7,2,6,50,13,9,1,5,4,6,6,4,4,9,5,5,2,17,3,10,3,1,B12,7,13,5,19,2,4,,76,76,1,6,4,120.660565,24.108966,2
8307,66000,387130000C,(04)23274275,(04)23288582,2025,12,19,10,16,臺中市,西屯區,0,0,0,7,,,50,,,,,,,,,,,,,,13,,,,,B03,,,1,,1,,,84,84,1,13,4,120.609744,24.186429,3
8308,66000,387130000C,(04)23274275,(04)23288582,2025,12,19,10,16,臺中市,沙鹿區,0,1,0,7,2,6,40,3,1,1,5,4,6,6,1,1,10,5,5,2,17,2,9,2,1,C03,7,9,1,10,2,11,,84,84,1,12,4,120.580407,24.21906,2
8309,66000,387130000C,(04)23274275,(04)23288582,2025,12,19,10,18,臺中市,龍井區,0,0,0,7,,,30,,,,,,,,,,,,,,,,,,,B03,,,1,,1,,,7,7,1,12,4,120.580157,24.189864,3
8310,66000,387130000C,(04)23274275,(04)23288582,2025,12,19,10,19,臺中市,大里區,0,0,0,6,,,50,,,,,,,,,,,,,,17,,,,,C03,,,1,,2,,,8,8,1,6,4,120.678435,24.097361,3
8311,66000,387130000C,(04)23274275,(04)23288582,2025,12,19,10,21,臺中市,西屯區,0,0,0,7,,,50,,,,,,,,,,,,,,17,,,,,B03,,,1,,2,,,84,84,1,13,4,120.656106,24.161263,3
8312,66000,387130000C,(04)23274275,(04)23288582,2025,12,19,10,22,臺中市,大雅區,0,2,0,6,1,6,50,13,14,4,5,4,6,6,4,4,9,5,5,1,16,2,8,2,1,C03,7,6,1,10,2,12,,20,20,1,12,4,120.649631,24.223392,2
8313,66000,387130000C,(04)23274275,(04)23288582,2025,12,19,10,33,臺中市,南屯區,0,1,0,7,2,6,50,4,1,1,5,4,6,6,1,1,10,5,5,2,17,3,10,3,1,B12,7,6,1,8,2,8,,11,11,1,12,4,120.653303,24.128663,2
8314,66000,387130000C,(04)23274275,(04)23288582,2025,12,19,10,36,臺中市,西屯區,0,1,0,7,2,6,30,3,2,1,5,4,6,6,4,4,10,5,5,2,16,3,10,3,1,B03,7,6,1,8,2,1,,48,48,1,12,4,120.642733,24.171593,2
8315,66000,387130000C,(04)23274275,(04)23288582,2025,12,19,10,36,臺中市,霧峰區,0,1,0,6,2,6,50,3,1,1,5,4,6,6,4,4,5,5,5,1,16,3,10,3,1,B03,7,5,1,8,2,6,,84,84,1,13,4,120.675479,24.056828,2
8316,66000,387130000C,(04)23274275,(04)23288582,2025,12,19,10,38,臺中市,太平區,0,0,0,7,2,6,30,13,9,1,5,4,6,6,4,4,10,5,5,2,25,,,,,B12,,,1,,2,,,84,84,1,12,4,120.729621,24.129707,3
8317,66000,387130000C,(04)23274275,(04)23288582,2025,12,19,10,40,臺中市,北屯區,0,0,0,7,,,50,,,,,,,,,,,,,,13,,,,,B03,,,1,,1,,,7,7,1,6,4,120.674606,24.202955,3
8318,66000,387130000C,(04)23274275,(04)23288582,2025,12,19,10,42,臺中市,大里區,0,2,0,7,2,6,50,4,2,1,5,4,6,6,4,4,10,5,5,2,15,2,9,2,1,C03,7,9,1,10,2,11,,84,84,1,12,4,120.686102,24.109713,2
8319,66000,387130000C,(04)23274275,(04)23288582,2025,12,19,10,45,臺中市,大雅區,0,2,0,6,3,6,50,13,9,1,5,4,6,6,4,4,5,2,5,1,17,3,10,3,1,B03,7,6,1,8,2,1,,85,85,1,12,4,120.671863,24.228566,2
8320,66000,387130000C,(04)23274275,(04)23288582,2025,12,19,10,46,臺中市,中區,0,0,0,7,,,50,,,,,,,,,,,,,,,,,,,B03,,,1,8,1,,,49,49,2,13,4,120.68266,24.139436,3
8321,66000,387130000C,(04)23274275,(04)23288582,2025,12,19,10,58,臺中市,太平區,0,1,0,7,3,6,50,13,14,1,5,4,6,6,4,4,9,4,5,1,17,2,8,1,1,C03,7,9,1,10,2,12,,58,58,1,6,4,120.71559,24.110684,2
8322,66000,387130000C,(04)23274275,(04)23288582,2025,12,19,11,0,臺中市,西區,0,1,0,7,1,6,50,13,8,1,5,4,6,6,4,4,5,4,4,2,12,2,9,1,1,C03,7,9,1,10,2,12,,59,59,1,13,4,120.670465,24.143298,2
8323,66000,387130000C,(04)23274275,(04)23288582,2025,12,19,11,0,臺中市,霧峰區,0,0,0,5,,,40,,,,,,,,,,,,,,,,,,,B03,,,1,,1,,,51,51,1,6,4,120.680471,24.069524,3
8324,66000,387130000C,(04)23274275,(04)23288582,2025,12,19,11,0,臺中市,太平區,0,1,0,7,2,6,50,4,1,1,5,4,6,6,4,4,10,5,5,2,16,3,10,3,1,B03,7,5,1,8,2,4,,14,14,1,13,4,120.712817,24.141182,2
8325,66000,387130000C,(04)23274275,(04)23288582,2025,12,19,11,2,臺中市,和平區,0,0,0,7,,,50,,,,,,,,,,,,,,13,,,,,C02,,,1,,2,,,7,7,1,12,4,120.88358,24.174388,3
8326,66000,387130000C,(04)23274275,(04)23288582,2025,12,19,11,6,臺中市,北區,0,1,0,7,3,6,50,5,2,1,5,4,6,6,1,1,5,2,5,2,12,2,9,5,4,C03,7,9,3,19,2,14,,8,8,1,13,4,120.685395,24.152786,2
8327,66000,387130000C,(04)23274275,(04)23288582,2025,12,19,11,9,臺中市,南區,0,1,0,7,3,6,50,4,1,1,5,4,6,6,1,1,10,5,5,2,13,2,9,2,1,C03,7,9,1,10,2,11,,84,84,1,12,4,120.65998,24.126436,2
8328,66000,387130000C,(04)23274275,(04)23288582,2025,12,19,11,11,臺中市,梧棲區,0,0,0,7,,,50,,,,,,,,,,,,,,17,,,,,B03,,,1,,2,,,50,50,1,6,4,120.529818,24.257657,3
8329,66000,387130000C,(04)23274275,(04)23288582,2025,12,19,11,13,臺中市,南屯區,0,0,0,7,,,50,,,,,,,,,,,,,,16,,,,,C03,,,1,,1,,,14,14,1,13,4,120.610235,24.138511,3
8330,66000,387130000C,(04)23274275,(04)23288582,2025,12,19,11,20,臺中市,大雅區,0,0,0,7,,,50,,,,,,,,,,,,,,,,,,,B03,,,1,,2,,,50,50,1,13,4,120.654739,24.224425,3
8331,66000,387130000C,(04)23274275,(04)23288582,2025,12,19,11,24,臺中市,東區,0,0,0,7,,,50,,,,,,,,,,,,,,17,,,,,B02,,,1,,2,,,45,45,1,12,4,120.697758,24.127133,3
8332,66000,387130000C,(04)23274275,(04)23288582,2025,12,19,11,24,臺中市,霧峰區,0,0,0,7,,,50,,,,,,,,,,,,,,,,,,,B03,,,1,,2,,,12,12,1,12,4,120.699494,24.071142,3
8333,66000,387130000C,(04)23274275,(04)23288582,2025,12,19,11,26,臺中市,西屯區,0,0,0,7,2,6,50,13,8,1,5,4,6,6,1,1,1,5,1,2,13,,,,,B03,,,1,,1,,,7,7,1,13,4,120.623984,24.17861,3
8334,66000,387130000C,(04)23274275,(04)23288582,2025,12,19,11,27,臺中市,北屯區,0,1,0,5,3,6,50,13,8,1,4,4,6,6,4,4,1,4,4,2,16,3,10,3,1,B03,7,7,1,8,2,3,,85,85,1,6,4,120.680572,24.182407,2
8335,66000,387130000C,(04)23274275,(04)23288582,2025,12,19,11,29,臺中市,大里區,0,0,0,5,,,50,,,,,,,,,,,,,,,,,,,C03,,,5,,2,,,51,51,1,13,4,120.709354,24.088677,3
8336,66000,387130000C,(04)23274275,(04)23288582,2025,12,19,11,30,臺中市,東區,0,0,0,7,,,50,,,,,,,,,,,,,,13,,,,,B03,,,1,,1,,,7,7,1,13,4,120.702846,24.139041,3
8337,66000,387130000C,(04)23274275,(04)23288582,2025,12,19,11,30,臺中市,北屯區,0,1,0,7,3,6,50,4,1,1,5,4,6,6,1,1,10,5,5,2,16,3,10,3,1,B03,7,6,1,2,2,1,,11,11,1,6,4,120.721003,24.175968,2
8338,66000,387130000C,(04)23274275,(04)23288582,2025,12,19,11,31,臺中市,太平區,0,0,0,7,,,30,,,,,,,,,,,,,,17,,,,,A11,,,1,,2,,,8,8,2,13,4,120.706377,24.112215,3
8339,66000,387130000C,(04)23274275,(04)23288582,2025,12,19,11,35,臺中市,烏日區,0,0,0,7,,,30,,,,,,,,,,,,,,14,,,,,B12,,,1,,9,,,49,49,1,6,4,120.634662,24.109772,3
8340,66000,387130000C,(04)23274275,(04)23288582,2025,12,19,11,36,臺中市,東勢區,0,0,0,6,,,50,,,,,,,,,,,,,,,,,,,B03,,,1,,2,,,50,50,1,12,4,120.829394,24.255032,3
8341,66000,387130000C,(04)23274275,(04)23288582,2025,12,19,11,38,臺中市,南屯區,0,1,0,7,2,6,50,4,1,1,5,4,6,6,1,1,9,4,4,2,11,2,9,1,1,C03,7,6,1,10,2,11,,11,11,1,12,4,120.630048,24.12275,2
8342,66000,387130000C,(04)23274275,(04)23288582,2025,12,19,11,38,臺中市,霧峰區,0,2,0,6,2,6,30,13,9,1,5,4,6,6,4,4,10,5,5,1,17,2,9,2,1,C03,7,11,1,10,2,12,,20,20,1,12,4,120.665642,24.071951,2
8343,66000,387130000C,(04)23274275,(04)23288582,2025,12,19,11,40,臺中市,西屯區,0,0,0,7,,,50,,,,,,,,,,,,,,17,,,,,C03,,,1,,2,,,59,59,1,12,4,120.624589,24.179016,3
8344,66000,387130000C,(04)23274275,(04)23288582,2025,12,19,11,40,臺中市,清水區,0,1,0,7,3,6,50,13,9,1,5,4,6,6,4,4,5,4,5,2,17,3,10,3,1,B03,7,13,1,8,2,4,,76,76,1,12,4,120.574317,24.272151,2
8345,66000,387130000C,(04)23274275,(04)23288582,2025,12,19,11,44,臺中市,西區,0,0,0,7,,,50,,,,,,,,,,,,,,,,,,,A12,,,1,3,2,,,84,84,1,13,4,120.662649,24.158169,3
8346,66000,387130000C,(04)23274275,(04)23288582,2025,12,19,11,45,臺中市,北屯區,0,2,0,5,2,6,50,13,9,1,4,4,6,6,4,4,1,4,5,2,12,2,5,1,1,C03,7,1,1,10,2,14,,51,51,1,6,4,120.696801,24.168848,2
8347,66000,387130000C,(04)23274275,(04)23288582,2025,12,19,11,45,臺中市,大里區,0,0,0,6,3,6,50,11,14,1,5,4,6,6,4,4,10,5,5,1,17,,,,,B03,,,1,,2,,,59,59,1,12,4,120.668142,24.108157,3
8348,66000,387130000C,(04)23274275,(04)23288582,2025,12,19,11,47,臺中市,大里區,0,1,0,7,3,6,50,4,2,1,5,4,6,6,1,1,3,4,4,1,16,3,10,5,4,C03,7,5,1,10,2,12,,11,11,1,12,4,120.679325,24.116639,2
8349,66000,387130000C,(04)23274275,(04)23288582,2025,12,19,11,51,臺中市,豐原區,0,0,0,6,,,50,,,,,,,,,,,,,,,,,,,C03,,,1,,2,,,58,58,1,13,4,120.718598,24.249386,3
8350,66000,387130000C,(04)23274275,(04)23288582,2025,12,19,11,53,臺中市,西屯區,0,1,0,6,2,6,50,3,1,1,4,4,6,6,4,4,10,5,5,2,16,3,10,5,4,B01,7,6,1,4,2,4,,42,42,1,12,4,120.645116,24.177919,2
8351,66000,387130000C,(04)23274275,(04)23288582,2025,12,19,11,53,臺中市,大里區,0,0,0,6,,,30,,,,,,,,,,,,,,,,,,,B12,,,1,,2,,,84,84,1,13,4,120.701081,24.09137,3
8352,66000,387130000C,(04)23274275,(04)23288582,2025,12,19,11,55,臺中市,大里區,0,1,0,6,2,6,50,11,14,1,4,4,6,6,4,4,9,4,5,1,17,3,10,3,1,B12,7,1,1,8,2,16,,85,85,1,12,4,120.718986,24.096751,2
8353,66000,387130000C,(04)23274275,(04)23288582,2025,12,19,11,55,臺中市,太平區,0,0,0,7,,,30,,,,,,,,,,,,,,11,,,,,B12,,,1,,2,,,84,84,1,6,4,120.785087,24.088052,3
8354,66000,387130000C,(04)23274275,(04)23288582,2025,12,19,11,55,臺中市,龍井區,0,1,0,7,2,6,60,13,7,1,5,4,6,6,4,4,1,4,1,2,30,2,9,5,4,A12,7,15,1,1,2,15,,78,78,1,6,4,120.57377,24.189079,2
8355,66000,387130000C,(04)23274275,(04)23288582,2025,12,19,11,55,臺中市,大甲區,0,2,0,7,3,6,50,3,1,1,5,4,6,6,3,1,10,5,5,2,16,2,2,3,1,B03,7,6,1,8,2,1,,59,59,1,6,4,120.622266,24.355948,2
8356,66000,387130000C,(04)23274275,(04)23288582,2025,12,19,11,57,臺中市,南屯區,0,0,0,7,,,50,,,,,,,,,,,,,,,,,,,B03,,,1,,2,,,59,59,1,12,4,120.649055,24.154534,3
8357,66000,387130000C,(04)23274275,(04)23288582,2025,12,19,11,58,臺中市,東區,0,0,0,7,,,50,,,,,,,,,,,,,,,,,,,B03,,,1,,2,,,84,84,1,6,4,120.69485,24.12707,3
8358,66000,387130000C,(04)23274275,(04)23288582,2025,12,19,12,0,臺中市,東區,0,0,0,7,1,6,,4,1,1,5,4,6,6,1,1,10,5,5,2,17,,,,,,,,,,,,,87,87,1,12,,120.704769,24.130631,3
8359,66000,387130000C,(04)23274275,(04)23288582,2025,12,19,12,0,臺中市,南區,0,0,0,7,,,50,,,,,,,,,,,,,,17,,,,,C03,,,1,,1,,,85,85,1,12,4,120.67415,24.124619,3
8360,66000,387130000C,(04)23274275,(04)23288582,2025,12,19,12,0,臺中市,豐原區,0,1,0,7,1,6,50,13,9,1,5,4,6,6,4,4,1,4,4,1,17,3,10,1,1,C03,7,1,1,10,2,11,,51,51,1,6,4,120.728004,24.249617,2
8361,66000,387130000C,(04)23274275,(04)23288582,2025,12,19,12,1,臺中市,北屯區,0,0,0,7,,,50,,,,,,,,,,,,,,,,,,,B03,,,1,,1,,,40,40,1,13,4,120.66905,24.177994,3
8362,66000,387130000C,(04)23274275,(04)23288582,2025,12,19,12,1,臺中市,北屯區,0,0,0,7,,,50,,,,,,,,,,,,,,,,,,,B03,,,1,,1,,,8,8,1,12,4,120.708668,24.170824,3
8363,66000,387130000C,(04)23274275,(04)23288582,2025,12,19,12,1,臺中市,西屯區,0,0,0,7,,,70,,,,,,,,,,,,,,12,,,,,B03,,,1,,1,,,20,20,1,12,4,120.619063,24.181032,3
8364,66000,387130000C,(04)23274275,(04)23288582,2025,12,19,12,4,臺中市,太平區,0,2,0,7,2,6,50,13,9,1,5,4,6,6,4,4,9,5,5,2,16,2,9,2,1,C04,7,5,1,11,2,12,,47,47,1,13,4,120.721091,24.130096,2
8365,66000,387130000C,(04)23274275,(04)23288582,2025,12,19,12,6,臺中市,龍井區,0,1,0,7,2,6,30,3,1,1,5,4,6,6,4,4,10,5,5,2,16,3,10,5,4,B02,7,6,1,4,2,4,,48,48,1,6,4,120.590094,24.179142,2
8366,66000,387130000C,(04)23274275,(04)23288582,2025,12,19,12,7,臺中市,西屯區,0,0,0,7,,,30,,,,,,,,,,,,,,17,,,,,A11,,,1,,1,,,8,8,1,13,4,120.651571,24.162474,3
8367,66000,387130000C,(04)23274275,(04)23288582,2025,12,19,12,8,臺中市,中區,0,0,0,7,,,50,,,,,,,,,,,,,,,,,,,B03,,,1,,1,,,39,39,2,13,4,120.677111,24.144534,3
8368,66000,387130000C,(04)23274275,(04)23288582,2025,12,19,12,8,臺中市,太平區,0,1,0,7,2,6,50,4,1,1,5,4,6,6,4,4,10,5,5,2,15,3,10,1,1,C03,7,9,1,10,2,14,,12,12,1,12,4,120.707577,24.151056,2
8369,66000,387130000C,(04)23274275,(04)23288582,2025,12,19,12,10,臺中市,北屯區,0,1,0,6,2,6,50,5,1,1,5,4,6,6,1,1,10,5,5,2,13,2,8,1,1,C03,7,9,1,10,2,11,,7,7,1,6,4,120.676865,24.176945,2
8370,66000,387130000C,(04)23274275,(04)23288582,2025,12,19,12,12,臺中市,大里區,0,0,0,7,,,50,,,,,,,,,,,,,,17,,,,,C03,,,1,,2,,,84,84,1,6,4,120.671985,24.104213,3
8371,66000,387130000C,(04)23274275,(04)23288582,2025,12,19,12,13,臺中市,大雅區,0,0,0,6,,,50,,,,,,,,,,,,,,,,,,,A12,,,1,,1,,,49,49,1,12,4,120.671929,24.228684,3
8372,66000,387130000C,(04)23274275,(04)23288582,2025,12,19,12,13,臺中市,南屯區,0,1,0,7,2,6,50,3,1,1,5,4,6,6,2,1,5,5,4,2,17,3,10,3,1,B12,7,6,1,2,2,1,,11,11,1,13,4,120.60882,24.136735,2
8373,66000,387130000C,(04)23274275,(04)23288582,2025,12,19,12,15,臺中市,北區,0,1,0,5,2,6,30,4,1,1,4,4,6,6,4,4,10,5,5,2,15,2,9,5,4,C03,7,9,1,10,2,12,,15,15,1,13,4,120.669992,24.167426,2
8374,66000,387130000C,(04)23274275,(04)23288582,2025,12,19,12,18,臺中市,西區,0,1,0,7,2,6,50,3,2,1,5,4,6,6,2,1,1,4,4,2,13,2,8,2,1,C03,7,9,1,10,2,11,,7,7,1,12,4,120.665766,24.14009,2
8375,66000,387130000C,(04)23274275,(04)23288582,2025,12,19,12,20,臺中市,太平區,0,1,0,7,3,6,50,4,1,1,5,4,6,6,4,4,10,5,5,2,13,2,9,1,1,C03,7,9,1,10,2,11,,58,58,1,6,4,120.721067,24.157713,2