序號,縣市別代碼,機關代碼,市話,傳真,年,月,日,時,分,縣市,區,死亡數量,受傷數量,2-30,天候,道路照明設備,道路類別,道路速限,道路型態,事故位置,路面鋪裝,路面狀態,路面缺陷,障礙物,視距,號誌種類,號誌動作,分向設施,快車道或一般車道間,快慢車道間,路面邊線,事故類型及型態,受傷程度,主要傷處,保護裝備,行動電話或功能裝置,當事者區分(類別),車輛用途,當事者行動狀態,駕照狀態,駕照種類,飲酒情形,車輛撞擊部位最初,車輛撞擊部位其他,肇事因素個別,肇事因素主要,肇事逃逸,職業,共享經濟或外送平台,GPS座標X,GPS座標Y,事故類別
8376,66000,387130000C,(04)23274275,(04)23288582,2025,12,19,12,22,臺中市,大里區,0,0,0,7,,,50,,,,,,,,,,,,,,,,,,,C03,,,1,,2,,,84,84,1,12,4,120.69063,24.103772,3
8377,66000,387130000C,(04)23274275,(04)23288582,2025,12,19,12,24,臺中市,和平區,0,0,0,7,,,40,,,,,,,,,,,,,,11,,,,,B12,,,1,,2,,,49,49,1,7,4,121.254026,24.255789,3
8378,66000,387130000C,(04)23274275,(04)23288582,2025,12,19,12,25,臺中市,北屯區,0,2,0,6,3,6,50,4,1,1,5,4,6,6,2,1,10,5,5,2,13,2,8,2,1,C03,7,9,1,10,1,11,,7,7,1,6,4,120.710719,24.18224,2
8379,66000,387130000C,(04)23274275,(04)23288582,2025,12,19,12,29,臺中市,北區,0,0,0,7,,,50,,,,,,,,,,,,,,17,,,,,B01,,,1,,1,,,84,84,1,13,4,120.686409,24.147292,3
8380,66000,387130000C,(04)23274275,(04)23288582,2025,12,19,12,32,臺中市,南屯區,0,2,0,7,3,6,50,4,1,1,5,4,6,6,1,1,10,5,5,2,16,2,9,2,1,C03,7,6,1,10,2,12,,11,11,1,13,4,120.611483,24.1384,2
8381,66000,387130000C,(04)23274275,(04)23288582,2025,12,19,12,32,臺中市,大里區,0,0,0,7,,,50,,,,,,,,,,,,,,,,,,,B03,,,1,,2,,,84,84,1,6,4,120.69207,24.091035,3
8382,66000,387130000C,(04)23274275,(04)23288582,2025,12,19,12,33,臺中市,北區,0,1,0,7,2,6,50,4,1,1,5,4,6,6,3,1,5,5,5,2,15,3,10,3,1,B03,7,9,1,8,2,8,,24,24,1,12,4,120.695941,24.159882,2
8383,66000,387130000C,(04)23274275,(04)23288582,2025,12,19,12,34,臺中市,北區,0,0,0,7,,,50,,,,,,,,,,,,,,,,,,,B03,,,1,,1,,,84,84,1,13,4,120.671979,24.167221,3
8384,66000,387130000C,(04)23274275,(04)23288582,2025,12,19,12,34,臺中市,烏日區,0,1,0,7,2,6,50,13,9,1,5,4,3,3,4,4,5,4,5,1,17,3,10,5,4,A31,7,14,1,1,2,7,,75,75,1,13,4,120.641247,24.095975,2
8385,66000,387130000C,(04)23274275,(04)23288582,2025,12,19,12,35,臺中市,西屯區,0,0,0,7,2,6,50,13,8,1,5,4,6,6,4,4,1,4,1,2,13,,,,,B03,,,1,,1,,,7,7,1,13,4,120.64499,24.164938,3
8386,66000,387130000C,(04)23274275,(04)23288582,2025,12,19,12,40,臺中市,大甲區,0,0,0,7,,,50,,,,,,,,,,,,,,,,,,,B03,,,1,,2,,,7,7,1,6,4,120.617474,24.34358,3
8387,66000,387130000C,(04)23274275,(04)23288582,2025,12,19,12,42,臺中市,西屯區,0,0,0,7,,,50,,,,,,,,,,,,,,11,,,,,B03,,,1,,1,,,59,59,1,12,4,120.63581,24.168467,3
8388,66000,387130000C,(04)23274275,(04)23288582,2025,12,19,12,50,臺中市,南區,0,0,0,7,,,50,,,,,,,,,,,,,,17,,,,,C04,,,1,,2,,,84,84,1,13,4,120.651246,24.114986,4
8389,66000,387130000C,(04)23274275,(04)23288582,2025,12,19,12,50,臺中市,霧峰區,0,0,0,7,,,30,,,,,,,,,,,,,,,,,,,B03,,,1,,1,,,49,49,1,12,4,120.710634,24.080226,3
8390,66000,387130000C,(04)23274275,(04)23288582,2025,12,19,12,52,臺中市,南屯區,0,1,0,7,2,6,50,4,1,1,5,4,6,6,4,4,9,4,5,2,12,3,10,3,1,B03,7,5,1,8,2,2,,14,14,1,12,4,120.644045,24.14155,2
8391,66000,387130000C,(04)23274275,(04)23288582,2025,12,19,12,54,臺中市,西屯區,0,1,0,7,2,6,0,13,21,1,5,4,6,6,4,4,10,5,5,2,16,3,10,5,4,B03,7,1,1,8,2,5,,51,51,1,13,4,120.623447,24.179511,2
8392,66000,387130000C,(04)23274275,(04)23288582,2025,12,19,12,54,臺中市,西屯區,0,0,0,7,,,50,,,,,,,,,,,,,,15,,,,,B03,,,1,,2,,,14,14,1,12,4,120.627734,24.183533,3
8393,66000,387130000C,(04)23274275,(04)23288582,2025,12,19,13,0,臺中市,沙鹿區,0,0,0,7,,,50,,,,,,,,,,,,,,19,,,,,B03,,,5,,2,,,59,59,1,12,4,120.563279,24.234692,3
8394,66000,387130000C,(04)23274275,(04)23288582,2025,12,19,13,0,臺中市,后里區,0,2,0,7,2,6,50,13,7,1,5,4,6,6,4,4,1,4,4,1,13,2,8,1,1,C03,7,9,1,10,2,11,,7,7,1,12,4,120.722121,24.303441,2
8395,66000,387130000C,(04)23274275,(04)23288582,2025,12,19,13,1,臺中市,北屯區,0,1,0,7,2,6,50,4,1,1,5,4,6,6,1,1,5,5,4,2,15,3,10,3,1,B03,7,9,1,8,2,6,,21,21,1,12,4,120.695738,24.185357,2
8396,66000,387130000C,(04)23274275,(04)23288582,2025,12,19,13,1,臺中市,西屯區,0,1,0,7,2,6,50,4,1,1,5,4,6,6,1,1,10,5,5,2,16,3,10,3,1,B03,7,5,1,8,2,5,,38,38,1,12,4,120.624275,24.17846,2
8397,66000,387130000C,(04)23274275,(04)23288582,2025,12,19,13,2,臺中市,北區,0,1,0,6,2,6,50,4,9,1,5,4,6,6,1,1,1,4,5,2,17,3,10,5,4,B01,7,1,1,4,2,7,,51,51,1,13,4,120.677156,24.150952,2
8398,66000,387130000C,(04)23274275,(04)23288582,2025,12,19,13,11,臺中市,豐原區,0,0,0,7,2,6,50,13,9,2,5,4,6,6,4,4,10,5,5,2,14,3,10,3,1,B03,7,2,1,8,2,3,,49,49,1,12,4,120.727424,24.226354,3
8399,66000,387130000C,(04)23274275,(04)23288582,2025,12,19,13,14,臺中市,北屯區,0,0,0,7,,,50,,,,,,,,,,,,,,,,,,,B03,,,1,,1,,,84,84,1,13,4,120.719123,24.161895,3
8400,66000,387130000C,(04)23274275,(04)23288582,2025,12,19,13,15,臺中市,大里區,0,0,0,7,,,40,,,,,,,,,,,,,,,,,,,B03,,,1,,2,,,84,84,1,6,4,120.691,24.092262,3
8401,66000,387130000C,(04)23274275,(04)23288582,2025,12,19,13,19,臺中市,西屯區,0,0,0,7,,,40,,,,,,,,,,,,,,13,,,,,C03,,,1,,2,,,7,7,1,12,4,120.623194,24.179357,3
8402,66000,387130000C,(04)23274275,(04)23288582,2025,12,19,13,19,臺中市,大里區,0,0,0,7,,,40,,,,,,,,,,,,,,11,,,,,C03,,,3,,2,,,84,84,1,5,4,120.693051,24.090555,3
8403,66000,387130000C,(04)23274275,(04)23288582,2025,12,19,13,21,臺中市,北區,0,0,0,7,,,50,,,,,,,,,,,,,,11,,,,,B03,,,1,,2,,,84,84,1,13,4,120.686909,24.162006,3
8404,66000,387130000C,(04)23274275,(04)23288582,2025,12,19,13,21,臺中市,梧棲區,0,0,0,7,,,40,,,,,,,,,,,,,,12,,,,,A31,,,1,,1,,,8,8,1,12,4,120.53806,24.2491,3
8405,66000,387130000C,(04)23274275,(04)23288582,2025,12,19,13,33,臺中市,北區,0,0,0,7,,,50,,,,,,,,,,,,,,17,,,,,B03,,,1,,9,,,8,8,2,13,4,120.674803,24.15175,3
8406,66000,387130000C,(04)23274275,(04)23288582,2025,12,19,13,35,臺中市,南屯區,0,0,0,7,,,50,,,,,,,,,,,,,,,,,,,B03,,,1,,1,,,7,7,1,12,4,120.625233,24.148943,3
8407,66000,387130000C,(04)23274275,(04)23288582,2025,12,19,13,45,臺中市,北區,0,0,0,7,2,6,40,13,21,4,5,4,6,6,4,4,5,5,5,2,14,3,10,3,1,B03,7,2,1,8,1,3,,49,49,1,12,4,120.671744,24.171563,4
8408,66000,387130000C,(04)23274275,(04)23288582,2025,12,19,13,45,臺中市,南區,0,1,0,7,1,6,50,4,1,1,5,4,6,6,1,1,10,4,5,2,17,2,8,1,1,C03,7,9,1,10,1,14,,84,84,1,12,4,120.653289,24.121969,2
8409,66000,387130000C,(04)23274275,(04)23288582,2025,12,19,13,45,臺中市,北屯區,0,0,0,7,,,50,,,,,,,,,,,,,,,,,,,A04,,,1,,1,,,8,8,1,12,4,120.692713,24.161545,3
8410,66000,387130000C,(04)23274275,(04)23288582,2025,12,19,13,49,臺中市,南屯區,0,0,0,7,3,6,50,13,9,1,5,4,6,6,4,4,5,5,5,2,30,,,,,C03,,,1,,9,,,87,87,1,12,4,120.63712,24.147169,3
8411,66000,387130000C,(04)23274275,(04)23288582,2025,12,19,13,50,臺中市,東勢區,0,0,0,7,,,50,,,,,,,,,,,,,,,,,,,B03,,,1,,2,,,4,4,1,12,4,120.839801,24.200421,3
8412,66000,387130000C,(04)23274275,(04)23288582,2025,12,19,13,51,臺中市,沙鹿區,0,0,0,7,,,50,,,,,,,,,,,,,,13,,,,,B03,,,1,,1,,,59,59,1,6,4,120.606291,24.247005,3
8413,66000,387130000C,(04)23274275,(04)23288582,2025,12,19,14,2,臺中市,西屯區,0,0,0,7,,3,80,,,,,,,,,,,,,,13,,,,,B03,,,1,,1,,,7,7,1,12,4,120.651306,24.197916,3
8414,66000,387130000C,(04)23274275,(04)23288582,2025,12,19,14,4,臺中市,西屯區,0,1,0,7,2,6,50,13,9,1,5,4,6,6,4,4,1,4,5,2,12,3,10,5,4,B03,7,11,1,8,2,8,,45,45,1,13,4,120.616461,24.188737,2
8415,66000,387130000C,(04)23274275,(04)23288582,2025,12,19,14,16,臺中市,豐原區,0,0,0,7,,,50,,,,,,,,,,,,,,13,,,,,C03,,,1,,2,,,7,7,1,12,4,120.720554,24.240203,3
8416,66000,387130000C,(04)23274275,(04)23288582,2025,12,19,14,20,臺中市,北區,0,0,0,6,,,50,,,,,,,,,,,,,,17,,,,,C03,,,1,,2,,,8,8,1,13,4,120.68355,24.147894,3
8417,66000,387130000C,(04)23274275,(04)23288582,2025,12,19,14,22,臺中市,西區,0,0,0,7,,,50,,,,,,,,,,,,,,,,,,,C03,,,1,10,2,,,84,84,1,13,4,120.675695,24.13873,3
8418,66000,387130000C,(04)23274275,(04)23288582,2025,12,19,14,24,臺中市,西屯區,0,1,0,7,2,6,50,4,1,1,5,4,6,6,4,4,10,5,5,2,17,3,10,5,4,B03,7,5,1,8,2,5,,59,59,1,12,4,120.646492,24.171371,2
8419,66000,387130000C,(04)23274275,(04)23288582,2025,12,19,14,24,臺中市,豐原區,0,2,0,7,2,6,30,3,1,1,5,4,6,6,4,4,5,4,4,2,15,2,7,2,1,C03,7,9,1,10,2,11,,13,13,1,6,4,120.719363,24.23873,2
8420,66000,387130000C,(04)23274275,(04)23288582,2025,12,19,14,27,臺中市,大里區,0,0,0,6,3,6,30,11,9,1,5,4,6,6,4,4,10,5,5,2,11,,,,,B12,,,1,,2,,,84,84,1,12,4,120.694063,24.123896,3
8421,66000,387130000C,(04)23274275,(04)23288582,2025,12,19,14,29,臺中市,大里區,0,0,0,7,,,50,,,,,,,,,,,,,,,,,,,B03,,,1,,2,,,21,21,1,12,4,120.688325,24.120091,3
8422,66000,387130000C,(04)23274275,(04)23288582,2025,12,19,14,32,臺中市,南屯區,0,0,0,7,3,6,60,13,9,1,5,4,6,6,1,1,3,4,2,2,23,,,,,B03,,,1,,2,,,59,59,1,12,4,120.598422,24.155204,3
8423,66000,387130000C,(04)23274275,(04)23288582,2025,12,19,14,35,臺中市,大安區,0,1,0,6,3,6,50,13,9,1,5,4,6,6,4,4,10,5,5,2,10,3,10,3,1,B03,7,9,1,8,2,1,,85,85,1,6,4,120.583599,24.353837,2
8424,66000,387130000C,(04)23274275,(04)23288582,2025,12,19,14,35,臺中市,神岡區,0,0,0,7,,,50,,,,,,,,,,,,,,13,,,,,A12,,,1,,2,,,7,7,1,13,4,120.671035,24.256258,3
8425,66000,387130000C,(04)23274275,(04)23288582,2025,12,19,14,36,臺中市,潭子區,0,1,0,6,3,6,50,4,1,1,5,4,6,6,1,1,5,4,4,2,17,3,10,3,1,B03,7,6,1,8,2,16,,11,11,1,13,4,120.692363,24.224851,2
8426,66000,387130000C,(04)23274275,(04)23288582,2025,12,19,14,36,臺中市,龍井區,0,0,0,7,,,,,,,,,,,,,,,,,,,,,,,,,,,,,,86,86,1,,,120.512845,24.226206,3
8427,66000,387130000C,(04)23274275,(04)23288582,2025,12,19,14,37,臺中市,南屯區,0,0,0,7,,,50,,,,,,,,,,,,,,12,,,,,B03,,,1,,1,,,84,84,1,6,4,120.641931,24.1469,3
8428,66000,387130000C,(04)23274275,(04)23288582,2025,12,19,14,40,臺中市,大里區,0,0,0,7,2,6,50,4,2,1,5,4,6,6,3,1,5,5,5,1,17,,,,,A05,,,1,,2,,,84,84,1,13,4,120.666203,24.112065,3
8429,66000,387130000C,(04)23274275,(04)23288582,2025,12,19,14,41,臺中市,西屯區,0,0,0,7,,,40,,,,,,,,,,,,,,13,,,,,B03,,,1,,1,,,84,84,1,13,4,120.635897,24.181704,3
8430,66000,387130000C,(04)23274275,(04)23288582,2025,12,19,14,43,臺中市,西區,0,0,0,7,,,50,,,,,,,,,,,,,,13,,,,,B03,,,1,,1,,,78,78,1,12,4,120.672597,24.146935,3
8431,66000,387130000C,(04)23274275,(04)23288582,2025,12,19,14,48,臺中市,和平區,0,0,0,7,2,6,50,13,9,1,5,4,6,6,4,4,8,3,5,2,12,3,10,5,4,B03,7,9,1,8,2,5,,84,84,1,13,4,121.010795,24.204169,3
8432,66000,387130000C,(04)23274275,(04)23288582,2025,12,19,14,49,臺中市,南屯區,0,0,0,7,,,50,,,,,,,,,,,,,,35,,,,,B03,,,1,,1,,,8,8,1,12,4,120.638041,24.141761,3
8433,66000,387130000C,(04)23274275,(04)23288582,2025,12,19,14,50,臺中市,大雅區,0,0,0,7,,,0,,,,,,,,,,,,,,,,,,,C03,,,1,,2,,,50,50,1,12,4,120.652923,24.221437,3
8434,66000,387130000C,(04)23274275,(04)23288582,2025,12,19,14,52,臺中市,太平區,0,2,0,7,2,6,50,5,1,1,5,4,6,6,2,1,10,5,5,2,15,2,9,1,1,C03,7,9,1,10,2,14,,21,21,1,12,4,120.720745,24.130528,2
8435,66000,387130000C,(04)23274275,(04)23288582,2025,12,19,14,52,臺中市,豐原區,0,0,0,6,,,50,,,,,,,,,,,,,,,,,,,B03,,,1,,2,,,8,8,1,13,4,120.725587,24.245765,3
8436,66000,387130000C,(04)23274275,(04)23288582,2025,12,19,14,54,臺中市,沙鹿區,0,0,0,7,,,50,,,,,,,,,,,,,,17,,,,,C03,,,1,,2,,,48,48,1,6,4,120.560423,24.240138,3
8437,66000,387130000C,(04)23274275,(04)23288582,2025,12,19,14,55,臺中市,豐原區,0,1,0,7,2,6,50,3,1,1,5,4,6,6,2,1,5,5,4,2,12,3,10,3,1,B02,7,9,1,8,2,2,,87,87,1,12,4,120.720027,24.251717,2
8438,66000,387130000C,(04)23274275,(04)23288582,2025,12,19,15,0,臺中市,豐原區,0,0,0,7,,,50,,,,,,,,,,,,,,17,,,,,C03,,,1,,2,,,20,20,1,6,4,120.720597,24.258917,3
8439,66000,387130000C,(04)23274275,(04)23288582,2025,12,19,15,5,臺中市,西屯區,0,0,0,7,,,60,,,,,,,,,,,,,,12,,,,,B03,,,1,,1,,,40,40,1,12,4,120.653115,24.16092,3
8440,66000,387130000C,(04)23274275,(04)23288582,2025,12,19,15,15,臺中市,南屯區,0,1,0,7,3,6,40,5,1,1,5,4,6,6,1,1,5,5,4,2,15,3,10,1,1,C03,7,9,1,10,2,12,,21,21,1,12,4,120.610659,24.131943,2
8441,66000,387130000C,(04)23274275,(04)23288582,2025,12,19,15,18,臺中市,大里區,0,0,0,7,,,30,,,,,,,,,,,,,,,,,,,B03,,,1,,2,,,49,49,1,12,4,120.683695,24.093254,3
8442,66000,387130000C,(04)23274275,(04)23288582,2025,12,19,15,20,臺中市,北屯區,0,0,0,7,,3,40,,,,,,,,,,,,,,13,,,,,A11,,,1,,2,,,7,7,1,12,4,120.666547,24.200856,3
8443,66000,387130000C,(04)23274275,(04)23288582,2025,12,19,15,20,臺中市,霧峰區,0,1,0,7,2,6,30,13,9,1,5,4,6,6,4,4,10,5,5,2,9,3,10,3,1,B03,7,1,1,8,2,16,,51,51,1,8,4,120.755887,24.03826,2
8444,66000,387130000C,(04)23274275,(04)23288582,2025,12,19,15,24,臺中市,南屯區,0,1,0,7,3,6,50,13,8,1,5,4,6,6,4,4,1,4,1,2,12,3,10,3,1,B03,7,5,1,8,2,2,,20,20,1,12,4,120.622951,24.145561,2
8445,66000,387130000C,(04)23274275,(04)23288582,2025,12,19,15,25,臺中市,北屯區,0,0,0,6,,3,80,,,,,,,,,,,,,,13,,,,,B03,,,1,,1,,,84,84,1,6,4,120.722295,24.187,3
8446,66000,387130000C,(04)23274275,(04)23288582,2025,12,19,15,26,臺中市,大雅區,0,1,0,6,2,6,50,3,1,1,5,4,6,6,3,1,10,4,5,1,17,3,10,1,1,C03,7,5,1,10,2,14,,24,24,1,12,4,120.623993,24.233968,2
8447,66000,387130000C,(04)23274275,(04)23288582,2025,12,19,15,26,臺中市,太平區,0,1,0,6,2,6,50,3,1,1,5,4,6,6,1,1,5,5,5,2,16,3,10,1,1,C03,7,6,1,8,2,12,,11,11,1,12,4,120.713251,24.131667,2
8448,66000,387130000C,(04)23274275,(04)23288582,2025,12,19,15,27,臺中市,后里區,0,0,0,7,2,6,50,13,9,1,5,4,6,6,4,4,5,4,5,1,14,,,,,B03,,,1,,2,,,59,59,1,6,4,120.724203,24.308858,3
8449,66000,387130000C,(04)23274275,(04)23288582,2025,12,19,15,28,臺中市,西屯區,0,1,0,6,2,6,40,13,7,1,5,4,6,6,4,4,5,4,4,2,12,2,8,1,4,C03,7,8,1,10,2,14,,40,40,1,12,4,120.635694,24.168895,2
8450,66000,387130000C,(04)23274275,(04)23288582,2025,12,19,15,29,臺中市,北區,0,0,0,7,,,50,,,,,,,,,,,,,,35,,,,,B11,,,1,,1,,,59,59,1,13,4,120.671317,24.173709,3
8451,66000,387130000C,(04)23274275,(04)23288582,2025,12,19,15,32,臺中市,霧峰區,0,0,0,7,,,50,,,,,,,,,,,,,,,,,,,C03,,,1,,2,,,48,48,1,12,4,120.710838,24.080201,3
8452,66000,387130000C,(04)23274275,(04)23288582,2025,12,19,15,34,臺中市,大肚區,0,1,0,7,3,6,50,4,2,1,5,4,6,6,1,1,4,4,5,1,13,2,3,3,1,B03,7,1,1,8,2,1,,84,84,1,6,4,120.543893,24.159309,2
8453,66000,387130000C,(04)23274275,(04)23288582,2025,12,19,15,36,臺中市,南屯區,0,0,0,7,,,50,,,,,,,,,,,,,,13,,,,,B03,,,1,,1,,,7,7,1,6,4,120.620678,24.139923,3
8454,66000,387130000C,(04)23274275,(04)23288582,2025,12,19,15,40,臺中市,豐原區,0,0,0,7,,,50,,,,,,,,,,,,,,14,,,,,B02,,,1,,2,,,49,49,1,12,4,120.719277,24.258308,3
8455,66000,387130000C,(04)23274275,(04)23288582,2025,12,19,15,43,臺中市,梧棲區,0,1,0,7,2,6,40,4,1,1,5,4,6,6,1,1,10,5,5,2,3,2,9,6,5,H01,8,16,7,21,10,17,,95,95,1,12,5,120.55162,24.244146,2
8456,66000,387130000C,(04)23274275,(04)23288582,2025,12,19,15,49,臺中市,大里區,0,0,0,7,,,50,,,,,,,,,,,,,,13,,,,,C03,,,1,,2,,,7,7,1,13,4,120.67845,24.114927,3
8457,66000,387130000C,(04)23274275,(04)23288582,2025,12,19,15,49,臺中市,大甲區,0,0,0,7,,,50,,,,,,,,,,,,,,14,,,,,B03,,,1,,2,,,49,49,1,12,4,120.622558,24.350998,3
8458,66000,387130000C,(04)23274275,(04)23288582,2025,12,19,15,57,臺中市,北區,0,1,0,7,2,6,50,13,9,1,5,4,6,6,4,4,10,4,5,2,17,2,9,5,4,C03,7,8,1,10,2,14,,40,40,1,13,4,120.686215,24.164776,2
8459,66000,387130000C,(04)23274275,(04)23288582,2025,12,19,15,59,臺中市,南屯區,0,1,0,7,2,6,30,4,1,1,5,4,6,6,4,4,10,4,5,2,15,3,10,3,1,B12,7,9,1,8,2,1,,12,12,1,12,4,120.636072,24.1394,2
8460,66000,387130000C,(04)23274275,(04)23288582,2025,12,19,16,0,臺中市,沙鹿區,0,0,0,7,,,50,,,,,,,,,,,,,,16,,,,,B03,,,1,,2,,,11,11,1,13,4,120.561625,24.243495,3
8461,66000,387130000C,(04)23274275,(04)23288582,2025,12,19,16,3,臺中市,中區,0,1,0,7,2,6,50,4,2,1,5,4,6,6,4,4,5,4,5,2,18,2,9,2,1,C03,7,9,1,10,2,14,,84,84,1,13,4,120.680943,24.141297,2
8462,66000,387130000C,(04)23274275,(04)23288582,2025,12,19,16,5,臺中市,東區,0,1,0,7,1,6,50,4,1,1,5,4,6,6,4,4,9,4,5,2,15,3,10,1,1,C03,7,9,1,10,1,11,,84,84,1,12,4,120.693533,24.126594,2
8463,66000,387130000C,(04)23274275,(04)23288582,2025,12,19,16,5,臺中市,北屯區,0,1,0,7,2,6,50,13,9,1,5,4,6,6,4,4,9,5,5,2,17,3,10,3,1,B03,7,1,1,8,2,5,,51,51,1,6,4,120.725469,24.160267,2
8464,66000,387130000C,(04)23274275,(04)23288582,2025,12,19,16,6,臺中市,后里區,0,0,0,7,3,6,40,13,9,1,5,4,6,6,,4,5,5,5,1,14,3,10,3,1,B12,7,2,1,8,1,7,,49,49,1,6,4,120.723611,24.294725,3
8465,66000,387130000C,(04)23274275,(04)23288582,2025,12,19,16,14,臺中市,后里區,0,0,0,7,2,6,50,11,7,1,5,4,6,6,4,4,5,4,4,1,11,,,,,B03,,,1,,2,,,4,4,2,6,4,120.715796,24.310072,3
8466,66000,387130000C,(04)23274275,(04)23288582,2025,12,19,16,17,臺中市,西屯區,0,1,0,7,1,6,50,3,19,1,5,4,6,6,2,1,10,5,5,2,3,3,10,3,1,B03,7,6,1,8,2,8,,10,10,1,12,4,120.614095,24.175064,2
8467,66000,387130000C,(04)23274275,(04)23288582,2025,12,19,16,18,臺中市,南屯區,0,1,0,7,3,6,50,13,9,1,5,4,6,6,4,4,5,4,5,2,12,3,10,1,1,C03,7,9,1,10,1,12,,85,85,1,12,4,120.649833,24.150648,2
8468,66000,387130000C,(04)23274275,(04)23288582,2025,12,19,16,19,臺中市,大肚區,0,3,0,7,3,6,30,4,1,1,5,4,6,6,4,4,10,5,5,2,15,2,9,3,1,B03,7,9,1,8,2,5,,15,15,1,6,4,120.536841,24.168903,2
8469,66000,387130000C,(04)23274275,(04)23288582,2025,12,19,16,27,臺中市,北屯區,0,0,0,7,,,50,,,,,,,,,,,,,,11,,,,,,,,,,,,,119,119,1,,,120.670193,24.184559,4
8470,66000,387130000C,(04)23274275,(04)23288582,2025,12,19,16,28,臺中市,東區,0,0,0,7,,,50,,,,,,,,,,,,,,13,,,,,B03,,,1,,1,,,84,84,1,12,4,120.695835,24.140479,3
8471,66000,387130000C,(04)23274275,(04)23288582,2025,12,19,16,31,臺中市,西屯區,0,1,0,7,2,6,1,13,9,1,5,4,6,6,4,4,5,4,5,2,16,3,10,2,1,C03,7,5,1,10,2,14,,28,28,1,12,4,120.645402,24.172162,2
8472,66000,387130000C,(04)23274275,(04)23288582,2025,12,19,16,36,臺中市,西屯區,0,2,0,7,2,6,40,13,9,1,5,4,6,6,1,1,10,5,5,2,13,2,8,5,1,C03,7,9,1,10,1,11,,7,7,1,12,4,120.643737,24.187295,2
8473,66000,387130000C,(04)23274275,(04)23288582,2025,12,19,16,42,臺中市,北屯區,0,1,0,7,2,6,50,4,2,1,5,4,6,6,4,4,5,4,5,2,17,2,9,2,1,C03,7,5,1,10,2,11,,82,82,1,12,4,120.719256,24.177969,2
8474,66000,387130000C,(04)23274275,(04)23288582,2025,12,19,16,42,臺中市,梧棲區,0,1,0,7,3,6,50,4,1,1,5,4,6,6,4,4,10,5,5,2,15,3,10,3,1,B03,7,9,1,8,2,1,,15,15,1,6,4,120.547095,24.24165,2
8475,66000,387130000C,(04)23274275,(04)23288582,2025,12,19,16,43,臺中市,大雅區,0,2,0,7,3,6,50,13,9,1,5,4,6,6,4,4,5,4,5,1,2,2,7,6,5,H01,8,16,7,21,10,17,,109,109,1,12,5,120.654002,24.229089,2
8476,66000,387130000C,(04)23274275,(04)23288582,2025,12,19,16,43,臺中市,東區,0,0,0,7,,,50,,,,,,,,,,,,,,13,,,,,B03,,,1,,1,,,7,7,1,12,4,120.690455,24.131376,3
8477,66000,387130000C,(04)23274275,(04)23288582,2025,12,19,16,44,臺中市,北區,0,0,0,7,3,6,50,4,2,1,5,4,6,6,2,1,10,5,5,2,17,,,,,C03,,,1,,1,,,7,7,1,13,4,120.674693,24.162996,3
8478,66000,387130000C,(04)23274275,(04)23288582,2025,12,19,16,48,臺中市,太平區,0,1,0,7,2,6,50,13,9,1,5,4,6,6,3,1,5,5,5,2,12,3,10,3,1,B03,7,4,1,8,2,2,,39,39,1,12,4,120.724135,24.146809,2
8479,66000,387130000C,(04)23274275,(04)23288582,2025,12,19,16,51,臺中市,南屯區,0,0,0,7,,,50,,,,,,,,,,,,,,16,,,,,B03,,,1,,2,,,11,11,1,6,4,120.627614,24.117936,3
8480,66000,387130000C,(04)23274275,(04)23288582,2025,12,19,16,53,臺中市,西區,0,0,0,7,,,50,,,,,,,,,,,,,,12,,,,,B11,,,1,,1,,,84,84,1,12,4,120.679104,24.138564,3
8481,66000,387130000C,(04)23274275,(04)23288582,2025,12,19,16,54,臺中市,東區,0,0,0,7,,,50,,,,,,,,,,,,,,,,,,,C03,,,1,,1,,,7,7,1,13,4,120.691106,24.147635,3
8482,66000,387130000C,(04)23274275,(04)23288582,2025,12,19,16,54,臺中市,沙鹿區,0,2,0,7,2,6,40,3,19,1,5,4,6,6,1,1,10,5,5,2,3,2,9,6,5,H01,8,18,7,21,10,17,,96,96,1,12,5,120.580642,24.217059,2
8483,66000,387130000C,(04)23274275,(04)23288582,2025,12,19,16,57,臺中市,西屯區,0,1,0,7,2,6,50,8,9,1,5,4,6,6,4,4,1,4,5,2,13,3,10,3,1,B03,7,9,1,8,2,1,,59,59,1,12,4,120.629864,24.171234,2
8484,66000,387130000C,(04)23274275,(04)23288582,2025,12,19,17,5,臺中市,大雅區,0,0,0,7,,,50,,,,,,,,,,,,,,,,,,,B03,,,1,,2,,,8,8,1,12,4,120.614181,24.236038,3
8485,66000,387130000C,(04)23274275,(04)23288582,2025,12,19,17,8,臺中市,東區,0,0,0,7,,,50,,,,,,,,,,,,,,16,,,,,C03,,,1,,1,,,84,84,1,12,4,120.700409,24.133621,3
8486,66000,387130000C,(04)23274275,(04)23288582,2025,12,19,17,13,臺中市,北屯區,0,1,0,7,3,6,50,4,1,1,5,4,6,6,4,4,10,5,5,2,17,2,9,1,1,C03,7,9,1,10,2,12,,84,84,1,6,4,120.725296,24.170671,2
8487,66000,387130000C,(04)23274275,(04)23288582,2025,12,19,17,14,臺中市,大里區,0,0,0,7,,,50,,,,,,,,,,,,,,17,,,,,B03,,,1,,2,,,8,8,1,6,4,120.675955,24.102982,3
8488,66000,387130000C,(04)23274275,(04)23288582,2025,12,19,17,15,臺中市,太平區,0,1,0,7,1,6,50,3,1,1,5,4,6,6,3,1,10,5,5,2,16,2,9,1,1,C03,7,6,1,10,2,11,,24,24,1,12,4,120.724551,24.133205,2