序號,縣市別代碼,機關代碼,市話,傳真,年,月,日,時,分,縣市,區,死亡數量,受傷數量,2-30,天候,道路照明設備,道路類別,道路速限,道路型態,事故位置,路面鋪裝,路面狀態,路面缺陷,障礙物,視距,號誌種類,號誌動作,分向設施,快車道或一般車道間,快慢車道間,路面邊線,事故類型及型態,受傷程度,主要傷處,保護裝備,行動電話或功能裝置,當事者區分(類別),車輛用途,當事者行動狀態,駕照狀態,駕照種類,飲酒情形,車輛撞擊部位最初,車輛撞擊部位其他,肇事因素個別,肇事因素主要,肇事逃逸,職業,共享經濟或外送平台,GPS座標X,GPS座標Y,事故類別
8489,66000,387130000C,(04)23274275,(04)23288582,2025,12,19,17,17,臺中市,西屯區,0,0,0,6,,,50,,,,,,,,,,,,,,13,,,,,B03,,,1,,1,,,84,84,1,12,4,120.644271,24.17138,3
8490,66000,387130000C,(04)23274275,(04)23288582,2025,12,19,17,18,臺中市,東區,0,0,0,7,,,50,,,,,,,,,,,,,,,,,,,B12,,,1,,1,,,40,40,1,12,4,120.698021,24.147943,3
8491,66000,387130000C,(04)23274275,(04)23288582,2025,12,19,17,19,臺中市,烏日區,0,0,0,7,,,50,,,,,,,,,,,,,,17,,,,,B03,,,1,,2,,,59,59,1,13,4,120.648734,24.110934,3
8492,66000,387130000C,(04)23274275,(04)23288582,2025,12,19,17,19,臺中市,烏日區,0,0,0,7,,,30,,,,,,,,,,,,,,15,,,,,C03,,,1,,2,,,15,15,1,6,4,120.639712,24.104126,3
8493,66000,387130000C,(04)23274275,(04)23288582,2025,12,19,17,21,臺中市,大安區,0,1,0,7,1,6,50,3,1,1,5,4,6,6,4,4,10,5,5,2,16,2,8,1,1,C03,7,6,1,10,2,11,,14,14,1,6,4,120.587933,24.344674,2
8494,66000,387130000C,(04)23274275,(04)23288582,2025,12,19,17,22,臺中市,烏日區,0,0,0,7,,,50,,,,,,,,,,,,,,13,,,,,B03,,,1,,2,,,84,84,1,6,4,120.646528,24.110521,3
8495,66000,387130000C,(04)23274275,(04)23288582,2025,12,19,17,25,臺中市,北屯區,0,2,0,7,1,6,30,4,1,1,5,4,6,6,4,4,10,5,5,2,15,2,8,1,1,C03,7,9,1,10,2,12,,12,12,1,12,4,120.663304,24.19835,2
8496,66000,387130000C,(04)23274275,(04)23288582,2025,12,19,17,27,臺中市,北屯區,0,0,0,7,,3,40,,,,,,,,,,,,,,13,,,,,B03,,,1,,1,,,7,7,1,12,4,120.691542,24.200891,3
8497,66000,387130000C,(04)23274275,(04)23288582,2025,12,19,17,27,臺中市,石岡區,0,0,0,7,,,70,,,,,,,,,,,,,,,,,,,B03,,,1,,2,,,7,7,1,12,4,120.770668,24.27535,3
8498,66000,387130000C,(04)23274275,(04)23288582,2025,12,19,17,28,臺中市,南屯區,0,0,0,5,1,6,50,13,9,1,5,4,6,6,1,1,5,4,5,2,12,,,,,C03,,,1,,1,,,84,84,1,12,4,120.632435,24.145607,3
8499,66000,387130000C,(04)23274275,(04)23288582,2025,12,19,17,30,臺中市,北區,0,1,0,7,1,6,50,3,1,1,5,4,6,6,4,4,9,5,5,2,16,3,10,5,4,C03,7,9,1,10,9,12,,84,84,2,13,4,120.695395,24.159968,2
8500,66000,387130000C,(04)23274275,(04)23288582,2025,12,19,17,30,臺中市,北屯區,0,1,0,7,3,6,50,13,9,1,5,4,6,6,4,4,1,5,5,2,12,2,9,2,1,C03,7,9,1,10,2,14,,8,8,1,6,4,120.693543,24.163384,2
8501,66000,387130000C,(04)23274275,(04)23288582,2025,12,19,17,30,臺中市,霧峰區,0,2,0,7,1,6,30,3,1,1,5,4,6,6,4,4,10,5,5,2,16,2,8,1,1,C03,7,6,3,19,2,14,,14,14,1,6,4,120.692264,24.072084,2
8502,66000,387130000C,(04)23274275,(04)23288582,2025,12,19,17,30,臺中市,大里區,0,1,0,6,1,6,30,4,2,1,5,4,6,6,4,4,5,5,4,1,16,2,8,1,1,C03,7,6,1,10,2,12,,12,12,1,12,4,120.704153,24.095008,2
8503,66000,387130000C,(04)23274275,(04)23288582,2025,12,19,17,32,臺中市,南屯區,0,0,0,7,1,6,50,13,9,1,5,4,6,6,1,1,3,4,5,2,12,,,,,B03,,,1,,1,,,8,8,1,12,4,120.626071,24.148601,3
8504,66000,387130000C,(04)23274275,(04)23288582,2025,12,19,17,32,臺中市,北屯區,0,1,0,7,1,6,50,13,9,1,5,4,6,6,4,4,1,4,5,1,17,3,10,3,1,B03,7,14,1,8,2,2,,77,77,1,6,4,120.663784,24.200746,2
8505,66000,387130000C,(04)23274275,(04)23288582,2025,12,19,17,35,臺中市,東區,0,1,0,7,1,6,40,4,1,1,5,4,6,6,2,1,10,5,5,2,30,2,9,2,1,C03,7,9,1,10,2,11,14,84,84,1,12,4,120.689562,24.133002,2
8506,66000,387130000C,(04)23274275,(04)23288582,2025,12,19,17,38,臺中市,南區,0,0,0,7,,,50,,,,,,,,,,,,,,15,,,,,F01,,,7,,1,,,20,20,1,12,4,120.651684,24.114904,3
8507,66000,387130000C,(04)23274275,(04)23288582,2025,12,19,17,38,臺中市,太平區,0,0,0,7,,,30,,,,,,,,,,,,,,17,,,,,B03,,,1,,1,,,8,8,1,12,4,120.713278,24.132912,3
8508,66000,387130000C,(04)23274275,(04)23288582,2025,12,19,17,38,臺中市,梧棲區,0,1,0,7,1,6,50,13,9,1,5,4,6,6,4,4,9,5,5,2,17,3,10,1,1,C03,7,9,1,10,2,16,,68,68,1,6,4,120.540649,24.264808,2
8509,66000,387130000C,(04)23274275,(04)23288582,2025,12,19,17,38,臺中市,沙鹿區,0,1,0,6,1,6,60,3,2,1,5,4,6,6,1,1,1,4,4,1,17,3,10,3,1,B03,7,5,1,8,2,2,,47,47,1,12,4,120.579083,24.250091,2
8510,66000,387130000C,(04)23274275,(04)23288582,2025,12,19,17,39,臺中市,南屯區,0,0,0,7,,,50,,,,,,,,,,,,,,13,,,,,B03,,,1,,1,,,7,7,1,6,4,120.646851,24.140287,3
8511,66000,387130000C,(04)23274275,(04)23288582,2025,12,19,17,42,臺中市,西屯區,0,1,0,7,1,6,30,13,9,1,5,4,6,6,4,4,10,5,5,2,16,2,9,2,1,C03,7,9,1,10,1,12,,84,84,1,12,4,120.637997,24.178992,2
8512,66000,387130000C,(04)23274275,(04)23288582,2025,12,19,17,43,臺中市,南屯區,0,0,0,7,,,50,,,,,,,,,,,,,,12,,,,,B03,,,1,,2,,,8,8,1,12,4,120.646303,24.137486,3
8513,66000,387130000C,(04)23274275,(04)23288582,2025,12,19,17,43,臺中市,大肚區,0,0,0,7,,,30,,,,,,,,,,,,,,16,,,,,B03,,,1,,2,,,14,14,1,6,4,120.581398,24.171342,3
8514,66000,387130000C,(04)23274275,(04)23288582,2025,12,19,17,44,臺中市,南區,0,0,0,5,,,50,,,,,,,,,,,,,,13,,,,,B03,,,1,,1,,,84,84,1,12,4,120.670029,24.125631,3
8515,66000,387130000C,(04)23274275,(04)23288582,2025,12,19,17,44,臺中市,東區,0,1,0,7,1,6,50,13,9,1,5,4,6,6,4,4,9,5,5,2,12,3,10,3,1,B03,7,5,1,8,2,2,,47,47,1,13,4,120.686449,24.136058,2
8516,66000,387130000C,(04)23274275,(04)23288582,2025,12,19,17,45,臺中市,西屯區,0,0,0,7,,,1,,,,,,,,,,,,,,16,,,,,B03,,,1,,1,,,51,51,1,12,4,120.656863,24.20124,4
8517,66000,387130000C,(04)23274275,(04)23288582,2025,12,19,17,45,臺中市,霧峰區,0,0,0,7,,,70,,,,,,,,,,,,,,,,,,,B03,,,1,,2,,,40,40,1,12,4,120.686191,24.027215,3
8518,66000,387130000C,(04)23274275,(04)23288582,2025,12,19,17,46,臺中市,沙鹿區,0,1,0,7,1,6,50,4,1,1,5,4,6,6,2,1,10,5,5,2,13,3,10,3,1,B03,7,9,5,19,2,5,,84,84,1,12,4,120.564793,24.248844,2
8519,66000,387130000C,(04)23274275,(04)23288582,2025,12,19,17,47,臺中市,大里區,0,0,0,7,,,50,,,,,,,,,,,,,,,,,,,C03,,,1,,1,,,7,7,1,12,4,120.698887,24.093544,3
8520,66000,387130000C,(04)23274275,(04)23288582,2025,12,19,17,50,臺中市,潭子區,0,1,0,6,1,6,30,4,1,1,5,4,6,6,3,1,10,5,5,2,16,3,10,3,1,B03,7,6,1,7,2,8,,24,24,1,12,4,120.698202,24.223087,2
8521,66000,387130000C,(04)23274275,(04)23288582,2025,12,19,17,50,臺中市,神岡區,0,1,0,7,1,6,50,3,4,1,5,4,6,6,1,1,5,4,5,1,12,3,10,5,4,B03,7,9,3,19,2,5,,84,84,1,12,4,120.698045,24.259055,2
8522,66000,387130000C,(04)23274275,(04)23288582,2025,12,19,17,51,臺中市,北屯區,0,0,0,7,,,50,,,,,,,,,,,,,,16,,,,,B03,,,1,,2,,,59,59,1,12,4,120.700398,24.178525,3
8523,66000,387130000C,(04)23274275,(04)23288582,2025,12,19,17,53,臺中市,大甲區,0,0,0,7,,,50,,,,,,,,,,,,,,13,,,,,B12,,,1,,2,,,7,7,1,12,4,120.639579,24.363487,3
8524,66000,387130000C,(04)23274275,(04)23288582,2025,12,19,17,54,臺中市,大雅區,0,0,0,7,,,0,,,,,,,,,,,,,,,,,,,A05,,,1,,2,,,8,8,1,12,4,120.648394,24.221437,3
8525,66000,387130000C,(04)23274275,(04)23288582,2025,12,19,17,56,臺中市,太平區,0,1,0,7,2,6,50,13,9,1,5,4,6,6,4,4,5,5,5,1,3,2,9,6,5,H01,8,18,7,21,9,17,,95,95,1,12,5,120.720869,24.133512,2
8526,66000,387130000C,(04)23274275,(04)23288582,2025,12,19,17,57,臺中市,豐原區,0,3,0,6,1,6,50,5,19,1,5,4,6,6,3,1,5,5,4,1,3,3,10,5,4,B03,7,6,1,8,2,1,,10,10,1,12,4,120.714179,24.25247,2
8527,66000,387130000C,(04)23274275,(04)23288582,2025,12,19,17,59,臺中市,北屯區,0,0,0,7,,,40,,,,,,,,,,,,,,12,,,,,B03,,,1,,2,,,20,20,1,12,4,120.682575,24.186208,3
8528,66000,387130000C,(04)23274275,(04)23288582,2025,12,19,18,0,臺中市,北區,0,2,0,7,2,6,50,13,8,1,5,4,6,6,4,4,5,4,4,2,17,2,9,5,1,C03,7,1,1,10,2,14,,51,51,1,13,4,120.694558,24.158827,2
8529,66000,387130000C,(04)23274275,(04)23288582,2025,12,19,18,0,臺中市,南屯區,0,2,0,5,1,6,50,13,9,1,4,4,6,6,2,1,5,5,5,2,17,2,9,1,1,C04,7,8,1,8,2,13,,42,42,1,12,4,120.652665,24.141026,2
8530,66000,387130000C,(04)23274275,(04)23288582,2025,12,19,18,1,臺中市,東區,0,1,0,7,1,6,50,13,9,1,5,4,6,6,4,4,9,4,5,2,12,2,9,1,1,C03,7,9,1,10,2,11,,7,7,1,12,4,120.698844,24.138778,2
8531,66000,387130000C,(04)23274275,(04)23288582,2025,12,19,18,2,臺中市,大里區,0,1,0,6,1,6,50,4,1,1,5,4,6,6,1,1,10,4,5,2,13,3,10,3,1,B03,7,1,1,8,2,8,,84,84,1,13,4,120.677641,24.094094,2
8532,66000,387130000C,(04)23274275,(04)23288582,2025,12,19,18,4,臺中市,北屯區,0,0,0,7,,,50,,,,,,,,,,,,,,13,,,,,B03,,,1,,1,,,7,7,1,6,4,120.685277,24.175204,3
8533,66000,387130000C,(04)23274275,(04)23288582,2025,12,19,18,5,臺中市,南屯區,0,1,0,5,1,6,50,13,9,1,4,4,6,6,1,1,5,2,5,2,13,2,9,1,1,C03,7,8,1,10,2,11,,7,7,1,12,4,120.653023,24.137783,2
8534,66000,387130000C,(04)23274275,(04)23288582,2025,12,19,18,5,臺中市,大肚區,0,1,0,7,1,6,30,13,9,1,5,4,6,6,4,4,10,5,5,2,28,2,9,2,1,C03,7,9,1,10,2,14,,87,87,1,6,4,120.56696,24.123172,2
8535,66000,387130000C,(04)23274275,(04)23288582,2025,12,19,18,7,臺中市,北屯區,0,0,0,7,,,50,,,,,,,,,,,,,,,,,,,B03,,,1,,1,,,7,7,1,12,4,120.700136,24.164975,3
8536,66000,387130000C,(04)23274275,(04)23288582,2025,12,19,18,8,臺中市,西屯區,0,0,0,7,,,50,,,,,,,,,,,,,,13,,,,,C03,,,1,,2,,,7,7,1,12,4,120.61852,24.177984,3
8537,66000,387130000C,(04)23274275,(04)23288582,2025,12,19,18,9,臺中市,北屯區,0,0,0,7,,,50,,,,,,,,,,,,,,13,,,,,B03,,,1,,1,,,59,59,1,12,4,120.721372,24.177626,3
8538,66000,387130000C,(04)23274275,(04)23288582,2025,12,19,18,9,臺中市,霧峰區,0,1,0,6,1,6,40,3,2,1,5,4,6,6,3,1,5,5,5,1,16,3,10,3,1,A41,7,5,1,1,2,2,,84,84,1,12,4,120.663688,24.079758,2
8539,66000,387130000C,(04)23274275,(04)23288582,2025,12,19,18,10,臺中市,沙鹿區,0,0,0,7,,,30,,,,,,,,,,,,,,16,,,,,B03,,,1,,2,,,12,12,1,6,4,120.562336,24.239863,3
8540,66000,387130000C,(04)23274275,(04)23288582,2025,12,19,18,12,臺中市,大里區,0,1,0,7,1,6,60,11,12,1,5,4,6,6,4,4,1,2,4,1,17,3,10,3,1,B12,7,7,1,8,2,6,,35,35,1,12,4,120.672675,24.102302,2
8541,66000,387130000C,(04)23274275,(04)23288582,2025,12,19,18,15,臺中市,梧棲區,0,0,0,7,,,50,,,,,,,,,,,,,,17,,,,,B03,,,1,,1,,,87,87,1,12,4,120.533099,24.253992,3
8542,66000,387130000C,(04)23274275,(04)23288582,2025,12,19,18,17,臺中市,大里區,0,0,0,7,,,50,,,,,,,,,,,,,,16,,,,,C03,,,6,,9,,,14,14,2,13,4,120.7008,24.102998,3
8543,66000,387130000C,(04)23274275,(04)23288582,2025,12,19,18,19,臺中市,沙鹿區,0,0,0,7,,,60,,,,,,,,,,,,,,14,,,,,B03,,,1,,2,,,82,82,1,12,4,120.563492,24.206423,3
8544,66000,387130000C,(04)23274275,(04)23288582,2025,12,19,18,23,臺中市,太平區,0,2,0,7,1,6,50,13,9,1,5,4,6,6,4,4,5,4,5,1,17,2,8,2,1,C03,7,9,2,19,11,12,,84,84,1,13,4,120.719689,24.121043,2
8545,66000,387130000C,(04)23274275,(04)23288582,2025,12,19,18,24,臺中市,南屯區,0,2,0,7,1,6,50,13,9,1,4,4,6,6,4,4,1,4,5,2,13,2,9,2,4,C03,7,9,1,10,2,11,,84,84,1,6,4,120.646795,24.141196,2
8546,66000,387130000C,(04)23274275,(04)23288582,2025,12,19,18,26,臺中市,南屯區,0,1,0,5,1,6,50,4,1,1,4,4,6,6,1,1,5,4,4,2,16,3,10,3,1,B03,7,6,1,8,2,5,,11,11,1,12,4,120.635015,24.146315,2
8547,66000,387130000C,(04)23274275,(04)23288582,2025,12,19,18,27,臺中市,北屯區,0,0,0,7,,,,,,,,,,,,,,,,,17,,,,,,,,,,,,,119,119,1,,,120.686424,24.190484,3
8548,66000,387130000C,(04)23274275,(04)23288582,2025,12,19,18,28,臺中市,大里區,0,0,0,7,,,40,,,,,,,,,,,,,,,,,,,B03,,,1,,9,,,87,87,1,12,4,120.696686,24.110825,3
8549,66000,387130000C,(04)23274275,(04)23288582,2025,12,19,18,29,臺中市,北屯區,0,0,0,5,,,50,,,,,,,,,,,,,,13,,,,,C03,,,2,,1,,,7,7,1,6,4,120.685577,24.174551,3
8550,66000,387130000C,(04)23274275,(04)23288582,2025,12,19,18,30,臺中市,南區,0,2,0,7,1,6,50,4,1,1,5,4,6,6,2,1,10,5,5,2,3,2,9,2,1,C03,7,9,1,10,2,11,,5,5,1,12,4,120.659825,24.126357,2
8551,66000,387130000C,(04)23274275,(04)23288582,2025,12,19,18,30,臺中市,南屯區,0,0,0,5,,,50,,,,,,,,,,,,,,17,,,,,C03,,,1,,1,,,40,40,1,5,4,120.637532,24.149814,4
8552,66000,387130000C,(04)23274275,(04)23288582,2025,12,19,18,33,臺中市,西屯區,0,0,0,6,,,50,,,,,,,,,,,,,,13,,,,,B03,,,1,,1,,,56,56,1,12,4,120.615744,24.189428,3
8553,66000,387130000C,(04)23274275,(04)23288582,2025,12,19,18,34,臺中市,石岡區,0,0,0,5,,,50,,,,,,,,,,,,,,,,,,,B03,,,1,,2,,,7,7,1,12,4,120.818593,24.260517,3
8554,66000,387130000C,(04)23274275,(04)23288582,2025,12,19,18,35,臺中市,北屯區,0,0,0,7,,,40,,,,,,,,,,,,,,17,,,,,B03,,,1,,9,,,84,84,2,12,4,120.686,24.186598,3
8555,66000,387130000C,(04)23274275,(04)23288582,2025,12,19,18,37,臺中市,西區,0,0,0,7,,,50,,,,,,,,,,,,,,,,,,,B03,,,1,,1,,,84,84,1,6,4,120.665871,24.139861,3
8556,66000,387130000C,(04)23274275,(04)23288582,2025,12,19,18,38,臺中市,烏日區,0,1,0,6,1,6,60,13,7,1,4,4,6,6,4,4,1,4,4,1,18,2,9,1,1,C03,7,12,1,10,2,12,11,84,84,1,6,4,120.623025,24.104421,2
8557,66000,387130000C,(04)23274275,(04)23288582,2025,12,19,18,40,臺中市,北區,0,1,0,5,1,6,50,4,1,1,4,4,6,6,4,4,10,5,5,2,18,2,9,5,4,C03,7,12,1,10,2,12,,84,84,1,13,4,120.68075,24.162595,2
8558,66000,387130000C,(04)23274275,(04)23288582,2025,12,19,18,42,臺中市,北區,0,0,0,5,1,6,50,4,1,1,4,4,6,6,3,1,10,5,5,2,17,,,,,B03,,,1,,1,,,49,49,1,13,4,120.675469,24.166076,3
8559,66000,387130000C,(04)23274275,(04)23288582,2025,12,19,18,43,臺中市,沙鹿區,0,2,0,7,1,6,50,3,1,1,5,4,6,6,4,4,10,5,5,2,13,2,8,2,1,C03,7,9,1,10,2,11,,7,7,1,6,4,120.567721,24.229574,2
8560,66000,387130000C,(04)23274275,(04)23288582,2025,12,19,18,45,臺中市,北屯區,0,0,0,7,,,40,,,,,,,,,,,,,,17,,,,,B03,,,1,,1,,,59,59,1,12,4,120.697288,24.185458,4
8561,66000,387130000C,(04)23274275,(04)23288582,2025,12,19,18,45,臺中市,大里區,0,1,0,7,1,6,50,4,1,1,5,4,6,6,1,1,10,5,5,2,16,2,9,1,1,C03,7,9,1,10,2,11,,84,84,1,6,4,120.714309,24.09605,2
8562,66000,387130000C,(04)23274275,(04)23288582,2025,12,19,18,45,臺中市,豐原區,0,1,0,7,1,6,50,4,1,1,5,4,6,6,1,1,5,4,4,2,17,3,10,3,1,B03,7,6,1,8,2,6,,11,11,1,6,4,120.710962,24.248936,2
8563,66000,387130000C,(04)23274275,(04)23288582,2025,12,19,18,46,臺中市,南屯區,0,0,0,5,1,6,50,13,9,1,4,4,6,6,1,1,5,2,5,2,18,,,,,C03,,,1,,1,,,59,59,1,12,4,120.653169,24.136785,3
8564,66000,387130000C,(04)23274275,(04)23288582,2025,12,19,18,49,臺中市,沙鹿區,0,1,0,7,1,6,40,13,8,1,5,4,6,6,4,4,1,5,5,1,23,2,9,2,1,C03,7,9,1,10,2,14,,59,59,1,6,4,120.595299,24.24993,2
8565,66000,387130000C,(04)23274275,(04)23288582,2025,12,19,18,50,臺中市,大雅區,0,0,0,7,,,60,,,,,,,,,,,,,,,,,,,B03,,,1,,2,,,7,7,1,13,4,120.64696,24.221634,3
8566,66000,387130000C,(04)23274275,(04)23288582,2025,12,19,18,50,臺中市,豐原區,0,0,0,7,,,50,,,,,,,,,,,,,,30,,,,,C03,,,1,,11,,,87,87,1,12,4,120.706011,24.249574,3
8567,66000,387130000C,(04)23274275,(04)23288582,2025,12,19,18,54,臺中市,北區,0,0,0,7,,,50,,,,,,,,,,,,,,14,,,,,B03,,,1,,2,3,,49,49,1,12,4,120.694326,24.155623,3
8568,66000,387130000C,(04)23274275,(04)23288582,2025,12,19,18,54,臺中市,西屯區,0,0,0,7,,,50,,,,,,,,,,,,,,14,,,,,B03,,,1,,2,,,49,49,1,12,4,120.609717,24.18832,3
8569,66000,387130000C,(04)23274275,(04)23288582,2025,12,19,18,55,臺中市,西屯區,0,0,0,7,,,50,,,,,,,,,,,,,,17,,,,,B03,,,1,,1,,,85,85,1,12,4,120.640262,24.170918,3
8570,66000,387130000C,(04)23274275,(04)23288582,2025,12,19,18,57,臺中市,南屯區,0,1,0,5,1,6,50,13,8,1,4,4,6,6,4,4,5,5,4,2,18,2,9,1,1,C03,7,9,1,10,7,12,,59,59,1,12,4,120.632836,24.120104,2
8571,66000,387130000C,(04)23274275,(04)23288582,2025,12,19,18,57,臺中市,豐原區,0,0,0,7,1,6,50,4,9,1,5,4,6,6,2,1,1,2,5,2,12,3,10,3,1,B03,7,7,1,8,2,5,,8,8,1,12,4,120.713927,24.245112,3
8572,66000,387130000C,(04)23274275,(04)23288582,2025,12,19,19,0,臺中市,大里區,0,1,0,5,2,6,50,4,1,1,4,4,6,6,1,1,1,4,5,1,16,3,10,3,1,B03,7,6,1,8,2,5,,11,11,1,13,4,120.679335,24.116548,2
8573,66000,387130000C,(04)23274275,(04)23288582,2025,12,19,19,2,臺中市,西屯區,0,1,0,6,1,6,30,4,1,1,5,4,6,6,1,1,10,5,5,2,13,3,10,5,4,B03,7,9,1,8,2,5,,84,84,1,12,4,120.643193,24.176767,2
8574,66000,387130000C,(04)23274275,(04)23288582,2025,12,19,19,3,臺中市,南屯區,0,0,0,5,,,50,,,,,,,,,,,,,,13,,,,,B01,,,1,,2,,,59,59,1,6,4,120.646214,24.127202,3
8575,66000,387130000C,(04)23274275,(04)23288582,2025,12,19,19,4,臺中市,北屯區,0,0,0,6,,,50,,,,,,,,,,,,,,12,,,,,B03,,,3,,2,,,61,61,1,12,4,120.68108,24.175996,3
8576,66000,387130000C,(04)23274275,(04)23288582,2025,12,19,19,8,臺中市,潭子區,0,1,0,7,1,6,30,3,1,1,5,4,6,6,4,4,10,5,5,2,16,3,10,3,1,B03,7,5,1,8,2,8,,14,14,1,12,4,120.713615,24.20522,2
8577,66000,387130000C,(04)23274275,(04)23288582,2025,12,19,19,8,臺中市,南區,0,0,0,5,,,40,,,,,,,,,,,,,,16,,,,,C03,,,1,,2,,,36,36,1,12,4,120.668778,24.125827,3
8578,66000,387130000C,(04)23274275,(04)23288582,2025,12,19,19,8,臺中市,南區,0,0,0,7,,,50,,,,,,,,,,,,,,12,,,,,C03,,,1,,1,,,85,85,1,12,4,120.650544,24.120277,4
8579,66000,387130000C,(04)23274275,(04)23288582,2025,12,19,19,11,臺中市,霧峰區,0,0,0,6,,,40,,,,,,,,,,,,,,13,,,,,C03,,,1,,2,,,7,7,1,12,4,120.663523,24.076973,3
8580,66000,387130000C,(04)23274275,(04)23288582,2025,12,19,19,15,臺中市,大雅區,0,1,0,7,1,6,50,3,1,1,5,4,6,6,1,1,4,5,5,1,17,3,10,5,4,B03,7,6,1,8,2,6,,11,11,1,13,4,120.670128,24.224239,2
8581,66000,387130000C,(04)23274275,(04)23288582,2025,12,19,19,15,臺中市,龍井區,0,2,0,6,1,6,50,13,9,1,5,4,6,6,4,4,9,5,5,1,17,2,7,2,1,C03,7,11,1,10,2,11,,45,45,1,6,4,120.582641,24.178176,2
8582,66000,387130000C,(04)23274275,(04)23288582,2025,12,19,19,16,臺中市,北區,0,1,0,7,1,6,50,3,1,1,5,4,6,6,4,4,5,4,5,2,17,3,10,5,1,B03,7,6,1,8,2,8,,59,59,1,13,4,120.689674,24.154878,2
8583,66000,387130000C,(04)23274275,(04)23288582,2025,12,19,19,16,臺中市,北區,0,0,0,7,,,50,,,,,,,,,,,,,,17,,,,,C03,,,1,,1,,,40,40,1,13,4,120.671313,24.162654,3
8584,66000,387130000C,(04)23274275,(04)23288582,2025,12,19,19,16,臺中市,北屯區,0,2,0,6,1,6,50,4,1,1,4,4,6,6,2,1,10,5,5,2,12,2,8,2,1,C03,7,6,1,10,2,13,,48,48,1,6,4,120.691334,24.170456,2
8585,66000,387130000C,(04)23274275,(04)23288582,2025,12,19,19,18,臺中市,北屯區,0,1,0,6,1,6,50,4,1,1,5,4,6,6,1,1,10,5,5,2,16,3,10,3,1,B03,7,5,1,8,2,5,,20,20,1,6,4,120.676072,24.201314,2
8586,66000,387130000C,(04)23274275,(04)23288582,2025,12,19,19,20,臺中市,太平區,0,0,0,7,,,50,,,,,,,,,,,,,,16,,,,,C03,,,2,,2,,,84,84,1,12,4,120.722891,24.119655,3
8587,66000,387130000C,(04)23274275,(04)23288582,2025,12,19,19,20,臺中市,豐原區,0,0,0,7,,,0,,,,,,,,,,,,,,17,,,,,C03,,,1,,11,,,87,87,1,12,4,120.708559,24.250192,3
8588,66000,387130000C,(04)23274275,(04)23288582,2025,12,19,19,21,臺中市,烏日區,0,0,0,7,,,50,,,,,,,,,,,,,,12,,,,,B03,,,1,,1,,,8,8,1,6,4,120.61706,24.116162,3
8589,66000,387130000C,(04)23274275,(04)23288582,2025,12,19,19,23,臺中市,南區,0,1,0,7,1,6,50,4,1,1,5,4,6,6,4,4,9,4,5,2,18,2,9,1,1,C03,7,9,1,10,2,12,,20,20,1,12,4,120.66308,24.119504,2
8590,66000,387130000C,(04)23274275,(04)23288582,2025,12,19,19,23,臺中市,西屯區,0,1,0,7,1,6,40,3,1,1,5,4,6,6,2,1,10,5,5,2,16,3,10,3,1,B03,7,5,1,8,2,2,,47,47,1,12,4,120.615356,24.18323,2
8591,66000,387130000C,(04)23274275,(04)23288582,2025,12,19,19,23,臺中市,南屯區,0,2,0,7,1,6,40,4,4,1,5,4,6,6,1,1,5,5,4,2,13,2,9,2,1,C03,7,9,1,10,2,12,,7,7,1,12,4,120.617617,24.159571,2
8592,66000,387130000C,(04)23274275,(04)23288582,2025,12,19,19,26,臺中市,北屯區,0,0,0,7,,,40,,,,,,,,,,,,,,13,,,,,B03,,,1,,1,,,7,7,1,12,4,120.720779,24.176109,3
8593,66000,387130000C,(04)23274275,(04)23288582,2025,12,19,19,27,臺中市,豐原區,0,0,0,7,,,50,,,,,,,,,,,,,,17,,,,,B03,,,1,,2,,,8,8,1,12,4,120.723512,24.247321,3
8594,66000,387130000C,(04)23274275,(04)23288582,2025,12,19,19,29,臺中市,西屯區,0,0,0,7,,,50,,,,,,,,,,,,,,13,,,,,C03,,,1,,1,,,84,84,1,12,4,120.66675,24.178157,3
8595,66000,387130000C,(04)23274275,(04)23288582,2025,12,19,19,30,臺中市,西屯區,0,0,0,7,,,50,,,,,,,,,,,,,,,,,,,A04,,,1,,9,,,85,85,1,12,4,120.638732,24.168485,3
8596,66000,387130000C,(04)23274275,(04)23288582,2025,12,19,19,30,臺中市,大里區,0,1,0,5,1,6,40,4,2,1,4,4,6,6,1,1,1,5,5,1,13,2,9,1,1,C03,7,1,1,10,2,11,,84,84,1,13,4,120.67145,24.107928,2
8597,66000,387130000C,(04)23274275,(04)23288582,2025,12,19,19,34,臺中市,北區,0,1,0,7,1,6,50,18,24,1,5,4,6,6,4,4,3,4,5,2,13,3,10,5,4,B12,7,9,1,7,2,1,,59,59,1,13,4,120.684884,24.146304,2
8598,66000,387130000C,(04)23274275,(04)23288582,2025,12,19,19,44,臺中市,南區,0,1,0,6,1,6,50,4,1,1,4,4,6,6,4,4,10,5,5,2,30,2,9,2,1,C03,7,9,1,10,2,12,,6,6,1,12,4,120.667303,24.114312,2
8599,66000,387130000C,(04)23274275,(04)23288582,2025,12,19,19,45,臺中市,北區,0,0,0,5,,,50,,,,,,,,,,,,,,17,,,,,B03,,,1,,1,,,84,84,1,13,4,120.688408,24.15203,3