序號,縣市別代碼,機關代碼,市話,傳真,年,月,日,時,分,縣市,區,死亡數量,受傷數量,2-30,天候,道路照明設備,道路類別,道路速限,道路型態,事故位置,路面鋪裝,路面狀態,路面缺陷,障礙物,視距,號誌種類,號誌動作,分向設施,快車道或一般車道間,快慢車道間,路面邊線,事故類型及型態,受傷程度,主要傷處,保護裝備,行動電話或功能裝置,當事者區分(類別),車輛用途,當事者行動狀態,駕照狀態,駕照種類,飲酒情形,車輛撞擊部位最初,車輛撞擊部位其他,肇事因素個別,肇事因素主要,肇事逃逸,職業,共享經濟或外送平台,GPS座標X,GPS座標Y,事故類別
8600,66000,387130000C,(04)23274275,(04)23288582,2025,12,19,19,48,臺中市,大里區,0,1,0,5,1,6,30,3,1,1,4,4,6,6,4,4,10,5,5,2,17,3,10,3,1,B03,7,6,1,8,2,8,,59,59,1,6,4,120.71255,24.083426,2
8601,66000,387130000C,(04)23274275,(04)23288582,2025,12,19,19,49,臺中市,中區,0,0,0,5,,,50,,,,,,,,,,,,,,13,,,,,C03,,,1,,1,,,58,58,1,13,4,120.67757,24.140452,3
8602,66000,387130000C,(04)23274275,(04)23288582,2025,12,19,19,50,臺中市,西屯區,0,0,0,7,,,50,,,,,,,,,,,,,,12,,,,,C03,,,1,,1,,,8,8,1,13,4,120.641982,24.17812,3
8603,66000,387130000C,(04)23274275,(04)23288582,2025,12,19,19,51,臺中市,北屯區,0,0,0,6,,,30,,,,,,,,,,,,,,11,,,,,B03,,,1,,2,,,59,59,1,12,4,120.679946,24.16919,3
8604,66000,387130000C,(04)23274275,(04)23288582,2025,12,19,19,53,臺中市,北區,0,1,0,7,2,6,50,4,1,1,5,4,6,6,1,1,5,5,5,2,17,3,10,5,1,B03,7,9,1,8,1,1,,7,7,1,13,4,120.682583,24.153366,2
8605,66000,387130000C,(04)23274275,(04)23288582,2025,12,19,19,55,臺中市,西區,0,1,0,6,1,6,50,13,9,1,5,4,6,6,4,4,1,4,5,2,17,3,10,3,1,B03,7,1,1,8,2,1,,51,51,1,13,4,120.653578,24.150705,2
8606,66000,387130000C,(04)23274275,(04)23288582,2025,12,19,19,55,臺中市,北屯區,0,0,0,7,,,50,,,,,,,,,,,,,,17,,,,,,,,,,,,,86,86,1,,,120.679565,24.171602,3
8607,66000,387130000C,(04)23274275,(04)23288582,2025,12,19,19,55,臺中市,烏日區,0,3,0,7,1,6,30,4,1,1,4,4,6,6,3,1,10,5,5,2,15,3,10,3,1,B03,7,9,1,8,2,1,,20,20,1,6,4,120.648784,24.073116,2
8608,66000,387130000C,(04)23274275,(04)23288582,2025,12,19,19,56,臺中市,大里區,0,0,0,7,,,50,,,,,,,,,,,,,,,,,,,B03,,,1,,2,,,50,50,1,12,4,120.697175,24.103846,3
8609,66000,387130000C,(04)23274275,(04)23288582,2025,12,19,19,58,臺中市,南屯區,0,1,0,7,1,6,50,3,24,1,5,4,6,6,4,4,5,4,5,2,17,2,8,2,1,C03,7,1,1,10,2,11,,51,51,1,12,4,120.645394,24.147745,2
8610,66000,387130000C,(04)23274275,(04)23288582,2025,12,19,19,58,臺中市,西屯區,0,0,0,7,,,40,,,,,,,,,,,,,,17,,,,,C03,,,1,,2,,,50,50,1,12,4,120.60958,24.185928,3
8611,66000,387130000C,(04)23274275,(04)23288582,2025,12,19,20,1,臺中市,北區,0,1,0,7,1,6,50,4,19,1,5,4,6,6,1,1,10,5,5,2,3,3,10,5,4,B03,7,6,1,8,2,5,,10,10,1,13,4,120.682425,24.162994,2
8612,66000,387130000C,(04)23274275,(04)23288582,2025,12,19,20,3,臺中市,太平區,0,3,0,7,1,6,50,13,9,1,5,4,6,6,4,4,5,4,5,2,12,2,7,3,1,B03,7,15,1,8,2,5,,57,57,1,12,4,120.703714,24.154482,2
8613,66000,387130000C,(04)23274275,(04)23288582,2025,12,19,20,4,臺中市,霧峰區,0,0,0,5,,,50,,,,,,,,,,,,,,,,,,,B13,,,1,,2,,,84,84,1,12,4,120.699772,24.066137,3
8614,66000,387130000C,(04)23274275,(04)23288582,2025,12,19,20,8,臺中市,烏日區,0,0,0,6,,,50,,,,,,,,,,,,,,9,,,,,B03,,,1,,1,,,84,84,1,6,4,120.617645,24.113703,3
8615,66000,387130000C,(04)23274275,(04)23288582,2025,12,19,20,10,臺中市,南屯區,0,0,0,7,,,50,,,,,,,,,,,,,,,,,,,B12,,,1,,11,,,59,59,1,12,4,120.626818,24.151498,3
8616,66000,387130000C,(04)23274275,(04)23288582,2025,12,19,20,12,臺中市,西屯區,0,0,0,6,,,50,,,,,,,,,,,,,,13,,,,,B03,,,1,,1,,,59,59,1,12,4,120.636573,24.175632,3
8617,66000,387130000C,(04)23274275,(04)23288582,2025,12,19,20,16,臺中市,后里區,0,0,0,7,,,50,,,,,,,,,,,,,,16,,,,,B02,,,1,,2,,,14,14,1,6,4,120.716792,24.326851,3
8618,66000,387130000C,(04)23274275,(04)23288582,2025,12,19,20,21,臺中市,太平區,0,0,0,6,,,50,,,,,,,,,,,,,,17,,,,,B03,,,1,,1,,,50,50,1,12,4,120.715753,24.147774,3
8619,66000,387130000C,(04)23274275,(04)23288582,2025,12,19,20,23,臺中市,東區,0,1,0,5,1,6,50,3,1,1,4,4,6,6,4,4,10,5,5,2,16,3,10,3,1,B03,7,5,1,8,1,2,,14,14,1,12,4,120.685764,24.131198,2
8620,66000,387130000C,(04)23274275,(04)23288582,2025,12,19,20,23,臺中市,大里區,0,1,0,5,1,6,30,5,1,1,4,4,6,6,3,1,10,5,5,2,15,2,9,1,1,C03,7,15,1,10,2,11,,20,20,1,13,2,120.680247,24.115075,2
8621,66000,387130000C,(04)23274275,(04)23288582,2025,12,19,20,25,臺中市,烏日區,0,0,0,7,,,60,,,,,,,,,,,,,,13,,,,,B03,,,1,,2,,,84,84,1,6,4,120.614827,24.106262,3
8622,66000,387130000C,(04)23274275,(04)23288582,2025,12,19,20,26,臺中市,太平區,0,1,0,7,1,6,50,13,12,1,5,4,6,6,2,1,5,5,4,1,16,3,10,3,1,B03,7,5,1,8,2,6,,47,47,1,12,4,120.720331,24.158855,2
8623,66000,387130000C,(04)23274275,(04)23288582,2025,12,19,20,27,臺中市,沙鹿區,0,0,0,7,,,50,,,,,,,,,,,,,,16,,,,,C03,,,1,,2,,,11,11,1,6,4,120.559324,24.236441,3
8624,66000,387130000C,(04)23274275,(04)23288582,2025,12,19,20,31,臺中市,大里區,0,1,0,7,1,6,50,4,1,1,5,4,6,6,4,4,10,5,5,2,30,2,9,1,1,C03,7,9,1,10,2,11,,15,15,1,12,4,120.700425,24.108828,2
8625,66000,387130000C,(04)23274275,(04)23288582,2025,12,19,20,34,臺中市,后里區,0,2,0,7,1,6,40,13,8,1,5,4,6,6,1,1,1,4,4,1,13,2,8,1,1,C03,7,9,1,11,2,11,,7,7,1,6,4,120.722796,24.284049,2
8626,66000,387130000C,(04)23274275,(04)23288582,2025,12,19,20,35,臺中市,東區,0,0,0,5,,,50,,,,,,,,,,,,,,17,,,,,C03,,,1,,2,,,84,84,1,12,4,120.688201,24.135126,3
8627,66000,387130000C,(04)23274275,(04)23288582,2025,12,19,20,44,臺中市,北屯區,0,0,0,7,,,30,,,,,,,,,,,,,,14,,,,,B12,,,1,,1,,,49,49,1,12,4,120.711972,24.164083,3
8628,66000,387130000C,(04)23274275,(04)23288582,2025,12,19,20,46,臺中市,沙鹿區,0,0,0,7,,,50,,,,,,,,,,,,,,17,,,,,B03,,,1,,2,,,8,8,1,6,4,120.560192,24.206922,3
8629,66000,387130000C,(04)23274275,(04)23288582,2025,12,19,20,48,臺中市,南屯區,0,1,0,6,1,6,50,4,1,1,5,4,6,6,2,1,10,5,5,2,16,3,10,3,1,B03,7,6,1,8,2,8,,20,20,1,6,4,120.63672,24.145355,2
8630,66000,387130000C,(04)23274275,(04)23288582,2025,12,19,20,54,臺中市,南屯區,0,3,0,5,1,6,50,4,1,1,4,4,6,6,1,1,5,5,4,2,16,2,9,1,1,C03,7,6,1,10,2,12,,11,11,1,12,4,120.640619,24.153702,2
8631,66000,387130000C,(04)23274275,(04)23288582,2025,12,19,21,5,臺中市,大里區,0,0,0,5,,,50,,,,,,,,,,,,,,17,,,,,C03,,,1,,2,,,20,20,1,12,4,120.687666,24.085798,3
8632,66000,387130000C,(04)23274275,(04)23288582,2025,12,19,21,10,臺中市,烏日區,0,0,0,7,,,60,,,,,,,,,,,,,,13,,,,,B03,,,1,,2,,,7,7,1,6,4,120.619013,24.105988,3
8633,66000,387130000C,(04)23274275,(04)23288582,2025,12,19,21,10,臺中市,豐原區,0,0,0,7,,,50,,,,,,,,,,,,,,12,,,,,B02,,,1,,2,,,40,40,1,12,4,120.719931,24.263247,3
8634,66000,387130000C,(04)23274275,(04)23288582,2025,12,19,21,11,臺中市,西區,0,0,0,7,,,50,,,,,,,,,,,,,,,,,,,H03,,,1,,1,,,102,102,1,12,4,120.671326,24.138114,3
8635,66000,387130000C,(04)23274275,(04)23288582,2025,12,19,21,11,臺中市,大里區,0,1,0,5,1,6,30,4,1,1,4,4,6,6,4,4,10,5,5,2,16,3,10,3,1,B03,7,6,1,8,2,2,,14,14,1,13,4,120.692063,24.112094,2
8636,66000,387130000C,(04)23274275,(04)23288582,2025,12,19,21,12,臺中市,南屯區,0,0,0,7,,,60,,,,,,,,,,,,,,17,,,,,B03,,,1,,1,,,40,40,1,5,4,120.652169,24.135869,3
8637,66000,387130000C,(04)23274275,(04)23288582,2025,12,19,21,14,臺中市,西屯區,0,0,0,6,,,50,,,,,,,,,,,,,,12,,,,,B03,,,1,,1,,,42,42,1,12,4,120.658245,24.164745,3
8638,66000,387130000C,(04)23274275,(04)23288582,2025,12,19,21,17,臺中市,大里區,0,1,0,5,1,6,40,4,2,1,4,4,6,6,1,1,10,5,5,1,17,2,9,1,1,C03,7,9,1,10,2,12,,84,84,1,12,4,120.681827,24.109905,2
8639,66000,387130000C,(04)23274275,(04)23288582,2025,12,19,21,18,臺中市,南區,0,1,0,5,1,6,50,4,2,1,4,4,6,6,1,1,9,4,5,2,12,2,9,1,1,C03,7,9,1,10,2,11,12,7,7,1,12,4,120.682933,24.134434,2
8640,66000,387130000C,(04)23274275,(04)23288582,2025,12,19,21,19,臺中市,西區,0,0,0,7,,,50,,,,,,,,,,,,,,17,,,,,B03,,,1,,1,,,21,21,1,13,4,120.661663,24.136563,4
8641,66000,387130000C,(04)23274275,(04)23288582,2025,12,19,21,22,臺中市,西屯區,0,1,0,7,1,6,50,4,1,1,5,4,6,6,4,4,10,5,5,2,16,3,10,5,4,B03,7,5,1,8,2,2,,14,14,1,12,4,120.63351,24.182195,2
8642,66000,387130000C,(04)23274275,(04)23288582,2025,12,19,21,27,臺中市,南區,0,0,0,5,,,50,,,,,,,,,,,,,,14,,,,,B03,,,1,,1,,,49,49,1,12,4,120.679422,24.125595,3
8643,66000,387130000C,(04)23274275,(04)23288582,2025,12,19,21,32,臺中市,烏日區,0,2,0,5,1,6,50,4,1,1,4,4,6,6,1,1,10,5,5,2,16,2,9,2,1,C03,7,6,3,19,2,12,,11,11,1,6,4,120.644234,24.087901,2
8644,66000,387130000C,(04)23274275,(04)23288582,2025,12,19,21,33,臺中市,西屯區,0,1,0,7,1,6,50,13,7,1,5,4,6,6,4,4,1,4,4,2,17,2,9,1,1,C03,7,9,1,10,2,11,,87,87,1,12,4,120.640358,24.166947,2
8645,66000,387130000C,(04)23274275,(04)23288582,2025,12,19,21,34,臺中市,北區,0,0,0,7,1,6,50,18,24,1,5,4,6,6,4,4,3,5,5,2,17,,,,,B12,,,1,,1,,,8,8,1,13,4,120.673973,24.162767,3
8646,66000,387130000C,(04)23274275,(04)23288582,2025,12,19,21,35,臺中市,龍井區,0,2,0,7,1,6,50,13,9,1,5,4,6,6,4,4,8,5,5,1,13,2,9,2,1,C03,7,9,1,10,2,11,,84,84,1,6,4,120.544862,24.179879,2
8647,66000,387130000C,(04)23274275,(04)23288582,2025,12,19,21,35,臺中市,神岡區,0,0,0,7,,,50,,,,,,,,,,,,,,1,,,,,B03,,,1,,2,,,8,8,1,12,4,120.66122,24.260554,3
8648,66000,387130000C,(04)23274275,(04)23288582,2025,12,19,21,38,臺中市,北屯區,0,1,0,7,1,6,50,3,1,1,5,4,6,6,4,4,10,5,5,2,16,3,10,3,1,B03,7,6,1,8,2,8,,59,59,1,12,4,120.698261,24.16825,2
8649,66000,387130000C,(04)23274275,(04)23288582,2025,12,19,21,41,臺中市,南區,0,0,0,5,,,50,,,,,,,,,,,,,,13,,,,,B03,,,1,,1,,,7,7,1,12,4,120.679891,24.118852,3
8650,66000,387130000C,(04)23274275,(04)23288582,2025,12,19,21,45,臺中市,北屯區,0,0,0,7,,,40,,,,,,,,,,,,,,9,,,,,B12,,,1,,9,,,8,8,1,12,4,120.695273,24.181886,3
8651,66000,387130000C,(04)23274275,(04)23288582,2025,12,19,21,49,臺中市,東區,0,1,0,5,1,6,50,5,2,1,4,4,6,6,1,1,10,5,5,2,16,3,10,5,4,B12,7,5,1,8,2,2,,11,11,1,12,4,120.706196,24.148536,2
8652,66000,387130000C,(04)23274275,(04)23288582,2025,12,19,21,50,臺中市,南屯區,0,1,0,7,1,6,50,13,9,1,5,4,6,6,4,4,5,4,4,2,17,2,9,2,1,C03,7,9,1,10,2,11,,59,59,1,12,4,120.613303,24.140506,2
8653,66000,387130000C,(04)23274275,(04)23288582,2025,12,19,22,1,臺中市,豐原區,0,0,0,7,,,50,,,,,,,,,,,,,,2,,,,,B03,,,1,,2,,,84,84,1,12,4,120.729826,24.243399,3
8654,66000,387130000C,(04)23274275,(04)23288582,2025,12,19,22,4,臺中市,北屯區,0,0,0,7,,,40,,,,,,,,,,,,,,17,,,,,C03,,,1,,9,,,84,84,2,12,4,120.690319,24.173898,3
8655,66000,387130000C,(04)23274275,(04)23288582,2025,12,19,22,4,臺中市,豐原區,0,0,0,7,,,50,,,,,,,,,,,,,,17,,,,,B03,,,1,,2,,,8,8,1,12,4,120.730252,24.250449,3
8656,66000,387130000C,(04)23274275,(04)23288582,2025,12,19,22,10,臺中市,北屯區,0,1,0,6,1,6,50,13,9,1,5,4,6,6,4,4,9,5,5,2,18,2,9,2,1,C03,7,12,1,10,2,16,,82,82,1,6,4,120.68904,24.170464,2
8657,66000,387130000C,(04)23274275,(04)23288582,2025,12,19,22,12,臺中市,大里區,0,0,0,7,,,50,,,,,,,,,,,,,,,,,,,B03,,,1,,1,,,49,49,1,12,4,120.700652,24.090458,4
8658,66000,387130000C,(04)23274275,(04)23288582,2025,12,19,22,13,臺中市,東區,0,1,0,5,1,6,50,3,1,1,4,4,6,6,4,4,9,4,5,2,18,2,9,1,1,C03,7,5,1,10,2,12,,84,84,1,12,4,120.694576,24.151377,2
8659,66000,387130000C,(04)23274275,(04)23288582,2025,12,19,22,20,臺中市,西屯區,0,0,0,6,,,30,,,,,,,,,,,,,,17,,,,,B03,,,1,,2,,,43,43,1,12,4,120.643713,24.181625,3
8660,66000,387130000C,(04)23274275,(04)23288582,2025,12,19,22,21,臺中市,太平區,0,0,0,5,,,50,,,,,,,,,,,,,,,,,,,B03,,,1,,2,,,49,49,1,12,4,120.723279,24.131344,3
8661,66000,387130000C,(04)23274275,(04)23288582,2025,12,19,22,22,臺中市,大里區,0,0,0,5,1,6,50,5,1,1,4,4,6,6,1,1,1,4,5,1,16,,,,,C03,,,1,,9,,,84,84,1,13,4,120.680953,24.104899,3
8662,66000,387130000C,(04)23274275,(04)23288582,2025,12,19,22,23,臺中市,潭子區,0,0,0,7,,,50,,,,,,,,,,,,,,17,,,,,B03,,,1,,2,,,20,20,1,12,4,120.707164,24.210323,3
8663,66000,387130000C,(04)23274275,(04)23288582,2025,12,19,22,25,臺中市,大雅區,0,1,0,7,1,6,50,3,1,1,4,4,6,6,3,1,4,5,5,1,17,3,10,5,4,B03,7,11,1,8,2,5,,45,45,1,13,4,120.64709,24.218557,2
8664,66000,387130000C,(04)23274275,(04)23288582,2025,12,19,22,28,臺中市,西區,0,1,0,5,1,6,50,5,1,1,4,4,6,6,2,1,10,5,5,2,16,3,10,3,1,B03,7,5,1,8,6,2,,47,47,1,13,4,120.668912,24.132092,2
8665,66000,387130000C,(04)23274275,(04)23288582,2025,12,19,22,29,臺中市,大里區,0,1,0,5,1,6,50,4,1,1,4,4,6,6,1,1,10,5,5,1,17,3,10,1,1,C03,7,15,1,10,2,14,,84,84,1,12,4,120.681163,24.104459,2
8666,66000,387130000C,(04)23274275,(04)23288582,2025,12,19,22,38,臺中市,西屯區,0,0,0,7,,,50,,,,,,,,,,,,,,14,,,,,B03,,,1,,2,,,49,49,1,12,4,120.635357,24.17251,3
8667,66000,387130000C,(04)23274275,(04)23288582,2025,12,19,22,40,臺中市,大雅區,0,0,0,6,,,0,,,,,,,,,,,,,,,,,,,B03,,,1,,2,,,49,49,1,12,4,120.670326,24.237164,3
8668,66000,387130000C,(04)23274275,(04)23288582,2025,12,19,22,45,臺中市,大里區,0,0,0,5,,,50,,,,,,,,,,,,,,17,,,,,B03,,,1,,2,,,7,7,1,12,4,120.691835,24.100937,3
8669,66000,387130000C,(04)23274275,(04)23288582,2025,12,19,22,50,臺中市,北區,0,0,0,7,,,50,,,,,,,,,,,,,,17,,,,,,,,,,,,,109,109,1,,,120.685401,24.150138,3
8670,66000,387130000C,(04)23274275,(04)23288582,2025,12,19,22,54,臺中市,北屯區,0,4,0,7,1,6,50,4,1,1,5,4,6,6,1,1,10,5,5,2,16,2,9,1,1,C03,7,6,1,10,2,12,,11,11,1,5,4,120.670742,24.178697,2
8671,66000,387130000C,(04)23274275,(04)23288582,2025,12,19,22,58,臺中市,中區,0,0,0,5,,,50,,,,,,,,,,,,,,,,,,,C03,,,1,,1,,,84,84,1,12,4,120.675818,24.144653,3
8672,66000,387130000C,(04)23274275,(04)23288582,2025,12,19,22,59,臺中市,南屯區,0,2,0,7,1,6,50,4,1,1,4,4,6,6,4,4,7,4,5,2,15,2,3,3,1,B03,7,9,1,8,2,1,,12,12,1,12,4,120.641113,24.123697,2
8673,66000,387130000C,(04)23274275,(04)23288582,2025,12,19,23,0,臺中市,南屯區,0,1,0,5,1,6,50,4,2,1,4,4,6,6,2,1,5,4,4,2,18,2,9,2,1,C03,7,9,1,10,2,12,,59,59,1,12,4,120.648658,24.150778,2
8674,66000,387130000C,(04)23274275,(04)23288582,2025,12,19,23,5,臺中市,北屯區,0,1,0,5,1,6,50,4,2,1,4,4,6,6,2,1,5,5,5,2,16,2,9,2,1,C03,7,6,1,10,2,13,,11,11,1,13,4,120.703292,24.169611,2
8675,66000,387130000C,(04)23274275,(04)23288582,2025,12,19,23,27,臺中市,南屯區,0,0,0,7,,,60,,,,,,,,,,,,,,12,,,,,B12,,,1,,1,,,2,2,1,12,4,120.615231,24.147953,3
8676,66000,387130000C,(04)23274275,(04)23288582,2025,12,19,23,33,臺中市,南屯區,0,0,0,5,,,50,,,,,,,,,,,,,,12,,,,,B03,,,1,,9,,,59,59,1,12,4,120.636674,24.143031,3
8677,66000,387130000C,(04)23274275,(04)23288582,2025,12,19,23,34,臺中市,豐原區,0,2,0,5,2,6,50,4,1,1,4,4,6,6,1,1,1,2,4,2,15,2,9,2,1,C03,7,9,3,19,6,11,,53,53,1,12,4,120.737155,24.25577,2
8678,66000,387130000C,(04)23274275,(04)23288582,2025,12,19,23,36,臺中市,西區,0,1,0,5,1,6,50,4,1,1,4,4,6,6,4,4,9,5,5,1,15,2,9,2,1,C03,7,9,1,10,2,11,,12,12,1,13,4,120.657907,24.145546,2
8679,66000,387130000C,(04)23274275,(04)23288582,2025,12,19,23,40,臺中市,烏日區,0,1,0,5,2,6,50,4,2,1,4,4,6,6,3,1,5,4,4,2,17,3,10,3,1,B03,7,11,1,8,2,7,,45,45,1,6,4,120.650414,24.11068,2
8680,66000,387130000C,(04)23274275,(04)23288582,2025,12,19,23,44,臺中市,中區,0,2,0,7,1,6,30,4,1,1,4,4,6,6,4,4,10,5,5,2,15,2,9,2,1,C03,7,9,1,10,1,11,,15,15,1,13,4,120.678201,24.140119,2
8681,66000,387130000C,(04)23274275,(04)23288582,2025,12,19,23,45,臺中市,東區,0,0,0,7,1,6,40,13,8,1,4,4,6,6,4,4,5,5,4,2,17,,,,,C03,,,1,,9,,,59,59,1,12,4,120.707411,24.14467,3
8682,66000,387130000C,(04)23274275,(04)23288582,2025,12,19,23,59,臺中市,南屯區,0,0,0,5,,,50,,,,,,,,,,,,,,17,,,,,C03,,,1,,11,,,85,85,1,12,4,120.654386,24.13816,3
8683,66000,387130000C,(04)23274275,(04)23288582,2025,12,20,0,11,臺中市,潭子區,0,0,0,5,,,50,,,,,,,,,,,,,,17,,,,,C03,,,1,,2,,,51,51,1,12,4,120.709917,24.206386,3
8684,66000,387130000C,(04)23274275,(04)23288582,2025,12,20,0,17,臺中市,西屯區,0,1,0,5,1,6,50,4,1,1,4,4,6,6,1,1,10,5,5,2,16,3,10,3,1,B03,7,5,1,8,9,16,,47,47,1,12,4,120.647873,24.169797,2
8685,66000,387130000C,(04)23274275,(04)23288582,2025,12,20,0,38,臺中市,北區,0,1,0,5,1,6,50,4,1,1,4,4,6,6,3,1,10,5,5,2,18,2,9,1,1,C03,7,9,1,10,2,14,,84,84,1,12,4,120.68897,24.158985,2
8686,66000,387130000C,(04)23274275,(04)23288582,2025,12,20,0,49,臺中市,潭子區,0,1,0,5,1,6,60,3,1,1,4,4,6,6,1,1,10,5,5,2,18,2,9,2,1,C03,7,6,1,10,2,14,,84,84,1,12,4,120.702551,24.192069,2
8687,66000,387130000C,(04)23274275,(04)23288582,2025,12,20,0,56,臺中市,西區,0,1,0,5,1,6,50,13,9,1,4,4,3,6,4,4,5,5,4,1,13,2,9,2,1,C03,7,9,1,10,2,11,,84,84,1,13,4,120.65681,24.156483,2
8688,66000,387130000C,(04)23274275,(04)23288582,2025,12,20,1,34,臺中市,沙鹿區,0,1,0,7,3,6,50,13,9,1,5,4,6,6,4,4,9,5,5,1,17,2,9,2,1,C03,7,12,1,10,2,12,,82,82,1,13,4,120.577897,24.222781,2
8689,66000,387130000C,(04)23274275,(04)23288582,2025,12,20,1,53,臺中市,南屯區,0,1,0,7,1,3,90,13,14,1,5,4,6,6,4,4,1,4,5,2,17,3,10,3,1,B03,7,9,1,8,2,2,,59,59,1,12,4,120.621618,24.134699,2
8690,66000,387130000C,(04)23274275,(04)23288582,2025,12,20,2,15,臺中市,北區,0,0,0,7,,,50,,,,,,,,,,,,,,17,,,,,B03,,,1,,2,,,11,11,1,12,4,120.684985,24.167074,3
8691,66000,387130000C,(04)23274275,(04)23288582,2025,12,20,2,50,臺中市,西區,0,1,0,5,1,6,50,13,9,1,4,4,6,6,4,4,5,4,5,2,30,2,9,5,4,C02,7,9,1,9,3,14,,84,84,1,12,4,120.665766,24.14009,2
8692,66000,387130000C,(04)23274275,(04)23288582,2025,12,20,2,55,臺中市,龍井區,0,0,0,7,,,50,,,,,,,,,,,,,,,,,,,B03,,,1,,2,,,59,59,1,6,4,120.531156,24.201328,3
8693,66000,387130000C,(04)23274275,(04)23288582,2025,12,20,3,11,臺中市,大里區,0,0,0,6,,,50,,,,,,,,,,,,,,17,,,,,B03,,,1,,2,,,84,84,1,12,4,120.694063,24.120839,3
8694,66000,387130000C,(04)23274275,(04)23288582,2025,12,20,3,30,臺中市,潭子區,0,0,0,7,,,50,,,,,,,,,,,,,,9,,,,,B03,,,1,,9,,,84,84,1,12,4,120.687433,24.225626,3
8695,66000,387130000C,(04)23274275,(04)23288582,2025,12,20,3,36,臺中市,北區,0,0,0,7,,,50,,,,,,,,,,,,,,28,,,,,B03,,,1,,2,,,59,59,1,12,4,120.688498,24.152269,3
8696,66000,387130000C,(04)23274275,(04)23288582,2025,12,20,4,19,臺中市,豐原區,0,0,0,5,,,50,,,,,,,,,,,,,,17,,,,,C03,,,1,,2,,,84,84,1,6,4,120.703258,24.251619,3
8697,66000,387130000C,(04)23274275,(04)23288582,2025,12,20,5,34,臺中市,北屯區,0,0,0,5,,,50,,,,,,,,,,,,,,13,,,,,A21,,,1,,1,,,7,7,1,6,4,120.705738,24.1648,3
8698,66000,387130000C,(04)23274275,(04)23288582,2025,12,20,6,0,臺中市,石岡區,0,2,0,5,1,6,70,13,7,1,4,4,6,6,1,1,1,2,4,1,13,2,9,3,1,B03,7,9,1,8,2,1,,7,7,1,6,4,120.783609,24.274417,2
8699,66000,387130000C,(04)23274275,(04)23288582,2025,12,20,7,22,臺中市,豐原區,0,1,0,6,2,6,50,11,9,1,5,4,6,6,4,4,9,4,5,2,12,3,10,3,1,B03,7,9,1,5,2,4,,84,84,1,12,4,120.70415,24.246404,2
8700,66000,387130000C,(04)23274275,(04)23288582,2025,12,20,7,24,臺中市,北屯區,0,1,0,7,2,6,50,4,1,1,5,4,6,2,2,1,10,5,5,2,12,3,10,3,1,B03,7,5,1,8,2,2,,47,47,1,6,4,120.703886,24.159574,2
8701,66000,387130000C,(04)23274275,(04)23288582,2025,12,20,7,30,臺中市,大里區,0,0,0,6,3,6,30,13,9,1,4,4,6,3,4,4,10,5,5,2,14,,,,,B12,,,1,,2,,,49,49,1,12,4,120.702865,24.103532,3
8702,66000,387130000C,(04)23274275,(04)23288582,2025,12,20,7,30,臺中市,大里區,0,1,0,6,3,6,40,4,2,1,4,4,6,6,4,4,10,5,5,2,18,2,9,1,1,C03,7,9,1,10,9,12,,59,59,1,12,4,120.684984,24.110306,2
8703,66000,387130000C,(04)23274275,(04)23288582,2025,12,20,7,44,臺中市,大安區,0,1,0,6,2,6,50,4,2,1,5,4,6,6,1,1,5,5,5,1,13,3,10,3,1,B03,7,9,1,8,5,5,,56,56,1,6,4,120.585825,24.360616,2
8704,66000,387130000C,(04)23274275,(04)23288582,2025,12,20,7,46,臺中市,中區,0,1,0,5,2,6,50,13,9,1,4,4,6,6,4,4,9,4,5,2,13,3,10,3,1,B03,7,9,1,8,2,1,,84,84,1,12,4,120.68218,24.140794,2
8705,66000,387130000C,(04)23274275,(04)23288582,2025,12,20,7,46,臺中市,大甲區,0,0,0,7,,,50,,,,,,,,,,,,,,,,,,,B03,,,1,,2,,,51,51,1,6,4,120.650248,24.38208,3
8706,66000,387130000C,(04)23274275,(04)23288582,2025,12,20,7,47,臺中市,梧棲區,0,1,0,7,2,6,50,3,1,1,5,4,6,6,4,4,10,5,5,2,16,3,10,3,1,B03,7,5,1,8,2,8,,14,14,1,13,4,120.535613,24.263016,2
8707,66000,387130000C,(04)23274275,(04)23288582,2025,12,20,7,48,臺中市,南屯區,0,2,0,7,2,6,50,5,1,1,5,4,6,6,4,4,9,4,5,2,12,2,9,1,1,F03,7,6,7,21,2,14,,85,85,1,12,4,120.645106,24.140534,2
8708,66000,387130000C,(04)23274275,(04)23288582,2025,12,20,7,50,臺中市,后里區,0,1,0,7,2,6,50,4,1,1,5,4,6,6,4,4,10,5,5,2,16,3,10,1,1,C03,7,5,1,10,2,14,,14,14,1,12,4,120.716966,24.322491,2
8709,66000,387130000C,(04)23274275,(04)23288582,2025,12,20,7,52,臺中市,南區,0,1,0,7,2,6,50,4,1,1,5,4,6,6,2,1,10,5,5,2,16,3,10,3,1,B03,7,6,1,8,2,2,,11,11,1,12,4,120.663965,24.124944,2
8710,66000,387130000C,(04)23274275,(04)23288582,2025,12,20,7,54,臺中市,大雅區,0,1,0,6,2,6,50,3,1,1,4,4,6,6,4,4,10,4,5,1,17,3,10,3,1,B03,7,6,1,8,2,6,,12,12,1,13,4,120.671303,24.225586,2