序號,縣市別代碼,機關代碼,市話,傳真,年,月,日,時,分,縣市,區,死亡數量,受傷數量,2-30,天候,道路照明設備,道路類別,道路速限,道路型態,事故位置,路面鋪裝,路面狀態,路面缺陷,障礙物,視距,號誌種類,號誌動作,分向設施,快車道或一般車道間,快慢車道間,路面邊線,事故類型及型態,受傷程度,主要傷處,保護裝備,行動電話或功能裝置,當事者區分(類別),車輛用途,當事者行動狀態,駕照狀態,駕照種類,飲酒情形,車輛撞擊部位最初,車輛撞擊部位其他,肇事因素個別,肇事因素主要,肇事逃逸,職業,共享經濟或外送平台,GPS座標X,GPS座標Y,事故類別
8711,66000,387130000C,(04)23274275,(04)23288582,2025,12,20,8,7,臺中市,北屯區,0,1,0,7,2,6,50,4,4,1,5,4,6,6,1,1,3,4,5,2,13,3,10,3,1,B03,7,9,1,8,2,1,,7,7,1,6,4,120.700314,24.164978,2
8712,66000,387130000C,(04)23274275,(04)23288582,2025,12,20,8,10,臺中市,清水區,0,2,0,7,3,6,30,4,1,1,5,4,6,6,4,4,10,5,5,2,15,2,1,3,1,B03,7,9,1,8,2,1,,15,15,1,12,4,120.588783,24.308148,2
8713,66000,387130000C,(04)23274275,(04)23288582,2025,12,20,8,16,臺中市,南區,0,1,0,7,3,6,50,3,1,1,5,4,6,6,3,1,10,5,5,2,18,2,9,2,1,C03,7,9,1,10,2,15,,84,84,1,12,4,120.676351,24.124129,2
8714,66000,387130000C,(04)23274275,(04)23288582,2025,12,20,8,17,臺中市,大里區,0,1,0,7,3,6,50,3,2,1,5,4,6,6,4,4,5,4,4,2,18,2,9,5,4,C03,7,7,1,10,2,12,,84,84,1,13,4,120.687877,24.105769,2
8715,66000,387130000C,(04)23274275,(04)23288582,2025,12,20,8,19,臺中市,沙鹿區,0,0,0,7,,,50,,,,,,,,,,,,,,17,,,,,C03,,,1,,2,,,7,7,1,6,4,120.569354,24.255194,3
8716,66000,387130000C,(04)23274275,(04)23288582,2025,12,20,8,24,臺中市,豐原區,0,1,0,6,2,6,50,3,1,1,5,4,6,6,2,1,1,3,4,1,17,3,10,3,1,B03,7,7,1,8,2,16,,84,84,1,6,4,120.759479,24.276884,2
8717,66000,387130000C,(04)23274275,(04)23288582,2025,12,20,8,26,臺中市,烏日區,0,1,0,7,2,6,50,13,9,1,5,4,6,6,4,4,5,5,5,1,17,3,10,5,4,B01,7,7,1,4,2,2,,59,59,1,12,4,120.626071,24.112073,2
8718,66000,387130000C,(04)23274275,(04)23288582,2025,12,20,8,30,臺中市,南屯區,0,2,0,7,3,6,50,13,9,1,5,4,6,6,1,1,3,4,5,2,13,2,9,1,1,C03,7,9,1,10,2,11,,7,7,1,12,4,120.628107,24.144938,2
8719,66000,387130000C,(04)23274275,(04)23288582,2025,12,20,8,38,臺中市,神岡區,0,0,0,6,,,50,,,,,,,,,,,,,,12,,,,,B12,,,1,,2,,,87,87,2,13,4,120.69573,24.248558,3
8720,66000,387130000C,(04)23274275,(04)23288582,2025,12,20,8,40,臺中市,大里區,0,0,0,6,3,3,80,10,7,1,4,4,6,6,4,4,1,4,5,1,13,,,,,B03,,,1,,2,,,7,7,1,12,4,120.682973,24.084311,3
8721,66000,387130000C,(04)23274275,(04)23288582,2025,12,20,8,45,臺中市,南屯區,0,0,0,7,,,40,,,,,,,,,,,,,,,,,,,B03,,,3,,1,,,51,51,1,12,4,120.619581,24.152972,3
8722,66000,387130000C,(04)23274275,(04)23288582,2025,12,20,8,48,臺中市,南屯區,0,0,0,7,,,50,,,,,,,,,,,,,,,,,,,A12,,,1,,2,,,73,73,1,12,4,120.633261,24.142312,3
8723,66000,387130000C,(04)23274275,(04)23288582,2025,12,20,8,57,臺中市,北區,0,2,0,7,2,6,50,4,1,1,5,4,6,6,1,1,5,5,5,2,17,2,9,1,1,C03,7,6,1,10,2,12,,48,48,1,12,4,120.682679,24.16704,2
8724,66000,387130000C,(04)23274275,(04)23288582,2025,12,20,8,59,臺中市,霧峰區,0,0,0,7,,,30,,,,,,,,,,,,,,17,,,,,B03,,,1,,9,,,84,84,2,12,4,120.701311,24.066597,3
8725,66000,387130000C,(04)23274275,(04)23288582,2025,12,20,9,0,臺中市,清水區,0,0,0,7,,,60,,,,,,,,,,,,,,,,,,,A12,,,1,,2,,,58,58,1,12,4,120.565156,24.297328,3
8726,66000,387130000C,(04)23274275,(04)23288582,2025,12,20,9,3,臺中市,龍井區,0,0,0,7,,,50,,,,,,,,,,,,,,,,,,,B03,,,3,,9,,,51,51,2,12,4,120.525733,24.214429,3
8727,66000,387130000C,(04)23274275,(04)23288582,2025,12,20,9,4,臺中市,西區,0,0,0,7,,,50,,,,,,,,,,,,,,,,,,,C03,,,1,10,1,,,84,84,1,13,4,120.675855,24.133176,3
8728,66000,387130000C,(04)23274275,(04)23288582,2025,12,20,9,8,臺中市,大甲區,0,3,0,7,3,6,50,13,9,1,5,4,6,6,4,4,10,5,5,2,17,2,9,1,1,C03,7,1,1,10,2,14,,51,51,1,6,4,120.643744,24.384564,2
8729,66000,387130000C,(04)23274275,(04)23288582,2025,12,20,9,10,臺中市,西屯區,0,0,0,7,,,30,,,,,,,,,,,,,,17,,,,,B03,,,1,,9,,,50,50,1,12,4,120.651443,24.17401,3
8730,66000,387130000C,(04)23274275,(04)23288582,2025,12,20,9,14,臺中市,西屯區,0,1,0,6,2,6,40,5,1,1,5,4,6,6,2,1,10,5,5,2,13,2,8,2,4,C03,7,9,1,10,2,12,,7,7,1,13,4,120.657485,24.167837,2
8731,66000,387130000C,(04)23274275,(04)23288582,2025,12,20,9,20,臺中市,太平區,0,0,0,7,,,50,,,,,,,,,,,,,,,,,,,B11,,,1,,2,,,84,84,1,6,4,120.721312,24.10498,3
8732,66000,387130000C,(04)23274275,(04)23288582,2025,12,20,9,23,臺中市,北屯區,0,0,0,7,,,50,,,,,,,,,,,,,,17,,,,,,,,,,,,,119,119,1,,,120.691919,24.175365,3
8733,66000,387130000C,(04)23274275,(04)23288582,2025,12,20,9,25,臺中市,沙鹿區,0,1,0,7,2,6,50,3,2,1,5,4,6,6,4,4,1,4,4,2,17,2,9,1,1,C04,7,8,1,10,2,14,,84,84,1,12,4,120.56004,24.238941,2
8734,66000,387130000C,(04)23274275,(04)23288582,2025,12,20,9,28,臺中市,北屯區,0,0,0,7,,,50,,,,,,,,,,,,,,12,,,,,B03,,,1,8,1,,,40,40,1,6,4,120.693191,24.162842,3
8735,66000,387130000C,(04)23274275,(04)23288582,2025,12,20,9,28,臺中市,霧峰區,0,1,0,6,2,6,50,3,1,1,5,4,6,6,4,4,5,4,4,1,17,3,10,3,1,B03,7,11,1,8,2,8,,45,45,1,12,4,120.699142,24.068107,2
8736,66000,387130000C,(04)23274275,(04)23288582,2025,12,20,9,30,臺中市,外埔區,0,0,0,7,,,50,,,,,,,,,,,,,,12,,,,,B03,,,1,,2,,,84,84,1,12,4,120.635929,24.343436,3
8737,66000,387130000C,(04)23274275,(04)23288582,2025,12,20,9,31,臺中市,豐原區,0,1,0,6,3,6,50,3,1,1,5,4,6,6,4,4,10,5,5,2,17,3,10,2,1,C03,7,6,3,19,2,14,,42,42,1,13,4,120.720294,24.250462,2
8738,66000,387130000C,(04)23274275,(04)23288582,2025,12,20,9,35,臺中市,太平區,0,1,0,7,2,6,50,3,1,5,5,4,6,6,4,4,10,5,5,2,16,3,10,3,1,B03,7,6,1,8,2,5,,14,14,1,12,4,120.717776,24.148768,2
8739,66000,387130000C,(04)23274275,(04)23288582,2025,12,20,9,36,臺中市,大甲區,0,2,0,7,2,6,50,13,7,1,5,4,6,6,4,4,5,5,4,1,13,2,8,2,1,C03,7,9,1,10,2,11,,7,7,1,6,4,120.631621,24.355047,2
8740,66000,387130000C,(04)23274275,(04)23288582,2025,12,20,9,38,臺中市,大里區,0,0,0,7,,,50,,,,,,,,,,,,,,30,,,,,B03,,,1,,2,,,76,76,1,13,4,120.690859,24.098706,3
8741,66000,387130000C,(04)23274275,(04)23288582,2025,12,20,9,40,臺中市,北屯區,0,0,0,7,,,50,,,,,,,,,,,,,,17,,,,,B03,,,1,,1,,,8,8,1,12,4,120.730721,24.161235,4
8742,66000,387130000C,(04)23274275,(04)23288582,2025,12,20,9,41,臺中市,豐原區,0,0,0,7,2,6,50,3,8,1,5,4,6,6,4,4,5,5,4,2,12,3,10,3,1,B03,7,9,1,8,2,5,,8,8,1,12,4,120.714916,24.239279,3
8743,66000,387130000C,(04)23274275,(04)23288582,2025,12,20,9,42,臺中市,南屯區,0,0,0,7,,,40,,,,,,,,,,,,,,13,,,,,A12,,,1,,1,,,8,8,1,12,4,120.61482,24.148415,3
8744,66000,387130000C,(04)23274275,(04)23288582,2025,12,20,9,43,臺中市,北屯區,0,0,0,7,,,50,,,,,,,,,,,,,,14,,,,,B12,,,1,,9,,,49,49,1,6,4,120.702132,24.165609,3
8745,66000,387130000C,(04)23274275,(04)23288582,2025,12,20,9,47,臺中市,大雅區,0,0,0,7,,,50,,,,,,,,,,,,,,,,,,,B03,,,1,,1,,,7,7,1,13,4,120.633323,24.205108,4
8746,66000,387130000C,(04)23274275,(04)23288582,2025,12,20,9,48,臺中市,西區,0,1,0,6,2,6,50,4,1,1,5,4,6,6,2,1,5,4,4,2,13,2,9,2,1,C03,7,9,1,10,2,11,,7,7,1,12,4,120.666711,24.141039,2
8747,66000,387130000C,(04)23274275,(04)23288582,2025,12,20,9,49,臺中市,北區,0,0,0,7,,,50,,,,,,,,,,,,,,17,,,,,C03,,,3,,1,,,26,26,1,13,4,120.691843,24.15694,3
8748,66000,387130000C,(04)23274275,(04)23288582,2025,12,20,9,50,臺中市,西屯區,0,1,0,7,2,6,50,4,1,1,5,4,6,6,1,1,10,5,5,2,16,3,10,5,4,B03,7,11,1,8,2,4,,45,45,1,12,4,120.652482,24.156526,2
8749,66000,387130000C,(04)23274275,(04)23288582,2025,12,20,9,52,臺中市,南區,0,2,0,7,2,6,50,13,9,1,5,4,6,6,4,4,9,4,4,2,9,2,9,2,1,C03,7,9,1,10,2,12,,7,7,1,12,4,120.682345,24.122548,2
8750,66000,387130000C,(04)23274275,(04)23288582,2025,12,20,9,55,臺中市,神岡區,0,0,0,7,1,6,30,13,14,1,5,4,6,6,4,4,10,5,5,2,18,,,,,B03,,,1,,1,,,87,87,1,12,4,120.659512,24.256707,3
8751,66000,387130000C,(04)23274275,(04)23288582,2025,12,20,9,58,臺中市,神岡區,0,3,0,7,3,6,50,13,7,1,5,4,6,6,4,4,5,4,4,1,12,2,9,1,1,C03,7,9,1,10,2,11,,7,7,1,12,2,120.690567,24.256287,2
8752,66000,387130000C,(04)23274275,(04)23288582,2025,12,20,9,59,臺中市,南區,0,2,0,7,2,6,50,13,9,1,5,4,6,6,4,4,9,5,5,2,17,2,9,2,1,C03,7,1,1,10,2,11,,51,51,1,13,4,120.673451,24.129666,2
8753,66000,387130000C,(04)23274275,(04)23288582,2025,12,20,10,0,臺中市,東區,0,0,0,7,,,40,,,,,,,,,,,,,,14,,,,,B03,,,1,,1,,,49,49,1,12,4,120.709676,24.149509,3
8754,66000,387130000C,(04)23274275,(04)23288582,2025,12,20,10,0,臺中市,沙鹿區,0,0,0,7,2,6,50,11,9,1,5,4,6,6,4,4,4,4,5,2,14,,,,,B03,,,1,,2,,,49,49,1,12,4,120.560205,24.243035,3
8755,66000,387130000C,(04)23274275,(04)23288582,2025,12,20,10,7,臺中市,中區,0,1,0,6,2,6,50,13,9,1,5,4,6,6,4,4,10,4,5,2,17,3,10,3,1,B03,7,6,1,8,2,16,,48,48,1,12,4,120.682151,24.136602,2
8756,66000,387130000C,(04)23274275,(04)23288582,2025,12,20,10,8,臺中市,北屯區,0,2,0,6,2,6,50,4,3,1,5,4,6,6,2,1,1,3,5,2,17,2,8,1,1,C03,7,9,1,10,2,12,,8,8,1,6,4,120.671205,24.173926,2
8757,66000,387130000C,(04)23274275,(04)23288582,2025,12,20,10,11,臺中市,太平區,0,0,0,7,,,50,,,,,,,,,,,,,,,,,,,B03,,,1,,2,,,50,50,1,6,4,120.723672,24.130188,3
8758,66000,387130000C,(04)23274275,(04)23288582,2025,12,20,10,12,臺中市,霧峰區,0,1,0,7,2,6,30,3,1,1,5,4,6,6,4,4,10,5,5,1,18,2,9,2,1,C03,7,5,1,10,2,12,,84,84,1,13,4,120.670702,24.078003,2
8759,66000,387130000C,(04)23274275,(04)23288582,2025,12,20,10,15,臺中市,南屯區,0,0,0,7,3,6,40,13,9,1,5,4,6,6,4,4,3,4,5,2,23,,,,,B03,,,1,,2,,,59,59,1,12,4,120.623241,24.137107,3
8760,66000,387130000C,(04)23274275,(04)23288582,2025,12,20,10,18,臺中市,潭子區,0,0,0,7,,,60,,,,,,,,,,,,,,,,,,,B03,,,1,,9,,,94,94,2,13,4,120.705118,24.206876,3
8761,66000,387130000C,(04)23274275,(04)23288582,2025,12,20,10,31,臺中市,南屯區,0,1,0,7,2,6,30,4,1,1,5,4,6,6,4,4,1,4,5,2,15,2,9,2,1,C03,7,9,1,3,2,11,,13,13,1,13,4,120.629746,24.136836,2
8762,66000,387130000C,(04)23274275,(04)23288582,2025,12,20,10,33,臺中市,東區,0,0,0,7,,,50,,,,,,,,,,,,,,13,,,,,B03,,,1,,1,,,84,84,1,12,4,120.687312,24.130404,3
8763,66000,387130000C,(04)23274275,(04)23288582,2025,12,20,10,36,臺中市,烏日區,0,2,0,7,2,6,50,3,1,1,5,4,6,6,4,4,10,5,5,2,12,2,9,5,4,C03,7,9,1,10,2,11,,59,59,1,13,4,120.623566,24.102794,2
8764,66000,387130000C,(04)23274275,(04)23288582,2025,12,20,10,37,臺中市,太平區,0,0,0,7,,,50,,,,,,,,,,,,,,,,,,,B01,,,1,,2,,,49,49,1,12,4,120.714366,24.137841,3
8765,66000,387130000C,(04)23274275,(04)23288582,2025,12,20,10,38,臺中市,神岡區,0,0,0,7,1,6,50,13,9,1,5,4,6,6,4,4,1,5,5,2,13,,,,,C03,,,1,,2,,,59,59,1,12,4,120.698162,24.248836,3
8766,66000,387130000C,(04)23274275,(04)23288582,2025,12,20,10,42,臺中市,北屯區,0,1,0,7,2,6,50,13,8,1,5,4,6,6,4,4,1,4,4,2,13,3,10,2,1,C03,7,9,1,9,2,11,,84,84,1,6,4,120.715336,24.182191,2
8767,66000,387130000C,(04)23274275,(04)23288582,2025,12,20,10,44,臺中市,西屯區,0,0,0,7,,,40,,,,,,,,,,,,,,13,,,,,B03,,,1,,2,,,56,56,1,12,4,120.635502,24.182389,3
8768,66000,387130000C,(04)23274275,(04)23288582,2025,12,20,10,46,臺中市,南區,0,0,0,7,,,50,,,,,,,,,,,,,,17,,,,,A12,,,1,,2,,,7,7,1,12,4,120.681969,24.124759,3
8769,66000,387130000C,(04)23274275,(04)23288582,2025,12,20,10,46,臺中市,沙鹿區,0,0,0,7,,,60,,,,,,,,,,,,,,,,,,,B03,,,1,,2,,,47,47,1,12,4,120.563574,24.206532,3
8770,66000,387130000C,(04)23274275,(04)23288582,2025,12,20,10,47,臺中市,霧峰區,0,0,0,7,,,50,,,,,,,,,,,,,,17,,,,,B03,,,1,,1,,,7,7,1,12,4,120.697489,24.058325,3
8771,66000,387130000C,(04)23274275,(04)23288582,2025,12,20,10,50,臺中市,沙鹿區,0,0,0,7,,,40,,,,,,,,,,,,,,13,,,,,C03,,,1,,2,,,7,7,1,12,4,120.561622,24.233525,4
8772,66000,387130000C,(04)23274275,(04)23288582,2025,12,20,10,51,臺中市,烏日區,0,2,0,7,2,6,50,4,1,1,5,4,6,6,1,1,10,5,5,2,17,3,10,5,4,B03,7,5,1,8,2,6,,39,39,1,12,4,120.614227,24.106727,2
8773,66000,387130000C,(04)23274275,(04)23288582,2025,12,20,10,53,臺中市,西屯區,0,0,0,7,,,50,,,,,,,,,,,,,,13,,,,,B03,,,1,,1,,,7,7,1,13,4,120.641878,24.159424,3
8774,66000,387130000C,(04)23274275,(04)23288582,2025,12,20,10,53,臺中市,烏日區,0,0,0,7,,,30,,,,,,,,,,,,,,14,,,,,B03,,,1,,2,,,49,49,1,13,4,120.634351,24.110009,3
8775,66000,387130000C,(04)23274275,(04)23288582,2025,12,20,10,53,臺中市,后里區,0,0,0,7,,,50,,,,,,,,,,,,,,14,,,,,B03,,,1,,2,,,49,49,1,12,4,120.726831,24.312159,3
8776,66000,387130000C,(04)23274275,(04)23288582,2025,12,20,10,54,臺中市,北區,0,1,0,7,2,6,50,4,2,1,5,4,6,6,4,4,5,4,5,2,17,3,10,3,1,B03,7,11,1,8,2,8,,45,45,1,12,4,120.681955,24.167071,2
8777,66000,387130000C,(04)23274275,(04)23288582,2025,12,20,10,57,臺中市,太平區,0,0,0,7,,,30,,,,,,,,,,,,,,,,,,,B03,,,1,,2,,,49,49,1,6,4,120.711906,24.158489,3
8778,66000,387130000C,(04)23274275,(04)23288582,2025,12,20,10,59,臺中市,南區,0,0,0,7,,,50,,,,,,,,,,,,,,13,,,,,B03,,,1,,1,,,59,59,1,13,4,120.663121,24.126341,3
8779,66000,387130000C,(04)23274275,(04)23288582,2025,12,20,10,59,臺中市,新社區,0,1,0,6,2,6,40,13,9,1,4,4,6,6,4,4,10,5,5,2,18,2,9,1,1,C04,7,9,1,11,2,14,,59,59,1,12,4,120.784461,24.239963,2
8780,66000,387130000C,(04)23274275,(04)23288582,2025,12,20,11,6,臺中市,西區,0,2,0,7,2,6,50,4,1,1,5,4,6,6,1,1,10,5,5,2,15,2,9,1,1,C03,7,9,3,19,2,11,,21,21,1,13,4,120.670857,24.137521,2
8781,66000,387130000C,(04)23274275,(04)23288582,2025,12,20,11,9,臺中市,烏日區,0,0,0,7,,,50,,,,,,,,,,,,,,,,,,,B03,,,1,,1,,,51,51,1,13,4,120.621331,24.106419,3
8782,66000,387130000C,(04)23274275,(04)23288582,2025,12,20,11,16,臺中市,烏日區,0,0,0,7,,,40,,,,,,,,,,,,,,13,,,,,B03,,,1,,2,,,7,7,1,13,4,120.650132,24.107294,3
8783,66000,387130000C,(04)23274275,(04)23288582,2025,12,20,11,19,臺中市,西屯區,0,0,0,7,,,40,,,,,,,,,,,,,,16,,,,,B03,,,1,,1,,,11,11,1,13,4,120.653113,24.160503,3
8784,66000,387130000C,(04)23274275,(04)23288582,2025,12,20,11,21,臺中市,清水區,0,1,0,7,2,6,50,4,2,1,5,4,6,6,1,1,8,3,4,1,17,3,10,1,1,C03,7,6,1,10,2,14,,26,26,1,12,4,120.572247,24.26387,2
8785,66000,387130000C,(04)23274275,(04)23288582,2025,12,20,11,26,臺中市,大里區,0,1,0,7,3,6,50,3,2,1,5,4,6,6,1,1,5,5,5,1,12,2,8,5,4,C03,7,5,1,10,2,14,,84,84,1,13,4,120.69555,24.099626,2
8786,66000,387130000C,(04)23274275,(04)23288582,2025,12,20,11,27,臺中市,沙鹿區,0,0,0,7,,,50,,,,,,,,,,,,,,16,,,,,B03,,,1,,2,,,11,11,1,6,4,120.566694,24.204254,3
8787,66000,387130000C,(04)23274275,(04)23288582,2025,12,20,11,30,臺中市,南屯區,0,0,0,7,,,30,,,,,,,,,,,,,,14,,,,,A11,,,1,,1,,,49,49,1,13,4,120.647168,24.128345,3
8788,66000,387130000C,(04)23274275,(04)23288582,2025,12,20,11,33,臺中市,北屯區,0,0,0,7,,,30,,,,,,,,,,,,,,12,,,,,B03,,,1,8,1,,,84,84,1,6,4,120.68329,24.194744,3
8789,66000,387130000C,(04)23274275,(04)23288582,2025,12,20,11,33,臺中市,神岡區,0,1,0,7,3,6,50,4,1,1,5,4,6,6,4,4,5,5,5,1,12,2,9,1,1,C03,7,9,1,10,2,11,,7,7,1,13,4,120.683361,24.244571,2
8790,66000,387130000C,(04)23274275,(04)23288582,2025,12,20,11,34,臺中市,西區,0,1,0,7,2,6,50,13,8,1,5,4,6,6,1,1,10,5,5,2,17,3,10,1,4,C03,7,9,1,10,2,14,,84,84,1,5,4,120.657343,24.149021,2
8791,66000,387130000C,(04)23274275,(04)23288582,2025,12,20,11,40,臺中市,豐原區,0,2,0,6,3,6,50,4,1,1,5,4,6,6,1,1,10,5,5,2,17,2,9,6,1,F01,7,6,7,21,2,14,,11,11,1,13,4,120.71563,24.251408,2
8792,66000,387130000C,(04)23274275,(04)23288582,2025,12,20,11,43,臺中市,潭子區,0,1,0,6,2,6,50,13,7,1,5,4,6,6,1,1,5,4,4,2,13,2,9,2,1,C03,7,9,1,9,2,11,,7,7,1,12,4,120.701836,24.207187,2
8793,66000,387130000C,(04)23274275,(04)23288582,2025,12,20,11,43,臺中市,大里區,0,0,0,6,3,6,0,13,14,1,5,4,6,6,4,4,5,4,5,1,14,,,,,B03,,,1,,2,,,59,59,1,12,4,120.673382,24.114964,3
8794,66000,387130000C,(04)23274275,(04)23288582,2025,12,20,11,43,臺中市,大肚區,0,0,0,7,,,40,,,,,,,,,,,,,,14,,,,,B03,,,1,,1,,,49,49,1,6,4,120.555422,24.129266,3
8795,66000,387130000C,(04)23274275,(04)23288582,2025,12,20,11,45,臺中市,沙鹿區,0,0,0,7,,,70,,,,,,,,,,,,,,,,,,,B12,,,1,,1,,,82,82,1,12,4,120.600692,24.249783,3
8796,66000,387130000C,(04)23274275,(04)23288582,2025,12,20,11,51,臺中市,大雅區,0,0,0,7,,,50,,,,,,,,,,,,,,,,,,,B03,,,1,,1,,,59,59,1,12,4,120.650101,24.221358,3
8797,66000,387130000C,(04)23274275,(04)23288582,2025,12,20,11,51,臺中市,西區,0,0,0,7,,,50,,,,,,,,,,,,,,14,,,,,B03,,,1,,1,,,49,49,1,12,4,120.661495,24.145358,3
8798,66000,387130000C,(04)23274275,(04)23288582,2025,12,20,11,51,臺中市,太平區,0,1,0,7,2,6,50,3,2,1,5,4,6,6,1,1,5,5,5,2,13,3,10,2,1,C01,7,9,1,9,2,11,,7,7,1,12,4,120.715865,24.13484,2
8799,66000,387130000C,(04)23274275,(04)23288582,2025,12,20,11,53,臺中市,北屯區,0,0,0,7,,,50,,,,,,,,,,,,,,13,,,,,B03,,,1,,1,,,7,7,1,6,4,120.74499,24.188162,3
8800,66000,387130000C,(04)23274275,(04)23288582,2025,12,20,11,54,臺中市,大里區,0,1,0,7,3,6,50,5,2,1,5,4,6,6,3,1,5,4,5,1,3,3,10,5,4,B03,7,6,1,8,2,4,,10,10,1,13,4,120.68006,24.114959,2
8801,66000,387130000C,(04)23274275,(04)23288582,2025,12,20,11,55,臺中市,清水區,0,0,0,7,3,6,50,3,1,1,5,4,6,6,4,4,5,5,5,2,17,3,10,3,1,B12,7,1,1,8,9,6,,51,51,2,12,4,120.576205,24.269257,3
8802,66000,387130000C,(04)23274275,(04)23288582,2025,12,20,11,58,臺中市,北屯區,0,0,0,7,,,50,,,,,,,,,,,,,,,,,,,B03,,,1,,1,,,58,58,1,12,4,120.680994,24.17446,3
8803,66000,387130000C,(04)23274275,(04)23288582,2025,12,20,11,59,臺中市,西屯區,0,0,0,7,,,30,,,,,,,,,,,,,,15,,,,,C03,,,1,,2,,,12,12,1,13,4,120.665582,24.169835,3
8804,66000,387130000C,(04)23274275,(04)23288582,2025,12,20,12,0,臺中市,西區,0,1,0,7,2,6,50,4,1,1,5,4,6,6,1,1,10,5,5,2,16,3,10,5,4,B01,7,5,1,4,2,2,,11,11,1,13,4,120.658778,24.140141,2
8805,66000,387130000C,(04)23274275,(04)23288582,2025,12,20,12,0,臺中市,大里區,0,0,0,7,,,50,,,,,,,,,,,,,,,,,,,C04,,,1,,2,,,85,85,1,13,4,120.694953,24.091092,3
8806,66000,387130000C,(04)23274275,(04)23288582,2025,12,20,12,1,臺中市,西區,0,1,0,7,2,6,50,4,1,1,5,4,6,6,2,1,1,4,5,2,15,3,10,2,1,C03,7,9,1,10,2,11,,84,84,1,12,4,120.667712,24.130908,2
8807,66000,387130000C,(04)23274275,(04)23288582,2025,12,20,12,2,臺中市,太平區,0,1,0,7,2,6,50,4,4,1,5,4,6,6,2,1,7,5,5,2,13,3,10,1,1,C03,7,9,1,10,1,12,,84,84,1,12,4,120.709891,24.134949,2
8808,66000,387130000C,(04)23274275,(04)23288582,2025,12,20,12,3,臺中市,大里區,0,0,0,6,3,6,50,4,9,1,4,4,6,6,1,1,1,4,5,1,13,,,,,B03,,,1,,2,,,59,59,1,12,4,120.688035,24.094781,3
8809,66000,387130000C,(04)23274275,(04)23288582,2025,12,20,12,10,臺中市,西區,0,0,0,7,,,50,,,,,,,,,,,,,,,,,,,B03,,,1,,1,,,51,51,1,13,4,120.659773,24.146823,3
8810,66000,387130000C,(04)23274275,(04)23288582,2025,12,20,12,10,臺中市,北屯區,0,1,0,7,2,6,50,13,9,1,5,4,6,6,4,4,5,5,5,2,18,2,9,1,1,C03,7,15,1,10,2,12,,82,82,1,12,4,120.689033,24.17413,2
8811,66000,387130000C,(04)23274275,(04)23288582,2025,12,20,12,12,臺中市,西屯區,0,0,0,7,,,50,,,,,,,,,,,,,,13,,,,,B03,,,1,,1,,,59,59,1,12,4,120.621944,24.179753,3
8812,66000,387130000C,(04)23274275,(04)23288582,2025,12,20,12,15,臺中市,西區,0,0,0,7,,,50,,,,,,,,,,,,,,17,,,,,B03,,,1,,2,,,50,50,1,12,4,120.661548,24.157439,3
8813,66000,387130000C,(04)23274275,(04)23288582,2025,12,20,12,18,臺中市,后里區,0,0,0,7,2,6,50,13,9,1,5,4,6,6,1,1,5,4,5,1,13,,,,,B03,,,1,,1,,,59,59,1,6,4,120.707715,24.325926,3
8814,66000,387130000C,(04)23274275,(04)23288582,2025,12,20,12,21,臺中市,東區,0,2,0,7,2,6,50,3,9,1,5,4,6,6,4,4,5,4,5,2,13,2,1,2,1,C03,7,9,1,10,2,11,,7,7,1,12,4,120.683355,24.134572,2
8815,66000,387130000C,(04)23274275,(04)23288582,2025,12,20,12,22,臺中市,太平區,0,2,0,7,2,6,50,13,8,1,5,4,6,6,4,4,5,4,4,1,17,3,10,5,4,C03,7,7,1,10,2,12,,40,40,1,6,4,120.725476,24.149775,2
8816,66000,387130000C,(04)23274275,(04)23288582,2025,12,20,12,24,臺中市,北屯區,0,1,0,7,2,6,50,5,2,1,5,4,6,6,2,1,10,5,5,2,17,2,9,6,1,F01,7,6,7,21,2,14,,48,48,1,12,4,120.686561,24.188174,2
8817,66000,387130000C,(04)23274275,(04)23288582,2025,12,20,12,29,臺中市,西區,0,0,0,7,,,50,,,,,,,,,,,,,,,,,,,B12,,,1,,1,,,78,78,1,13,4,120.663102,24.156831,3
8818,66000,387130000C,(04)23274275,(04)23288582,2025,12,20,12,30,臺中市,沙鹿區,0,1,0,7,2,6,30,4,9,1,5,4,6,6,4,4,4,4,5,2,15,2,8,2,1,C03,7,9,1,10,2,11,,12,12,1,12,4,120.565136,24.250441,2
8819,66000,387130000C,(04)23274275,(04)23288582,2025,12,20,12,30,臺中市,大甲區,0,0,0,7,,,40,,,,,,,,,,,,,,,,,,,B03,,,1,,1,,,87,87,1,12,4,120.65637,24.390273,3
8820,66000,387130000C,(04)23274275,(04)23288582,2025,12,20,12,35,臺中市,沙鹿區,0,4,0,7,2,6,50,13,8,1,5,4,6,6,1,1,1,5,4,2,13,2,8,1,1,C03,7,9,1,10,2,11,,7,7,1,12,4,120.557679,24.225237,2
8821,66000,387130000C,(04)23274275,(04)23288582,2025,12,20,12,37,臺中市,南屯區,0,3,0,7,2,6,50,4,1,1,5,4,6,6,4,4,9,4,5,2,15,3,10,3,1,B03,7,9,1,8,2,2,,15,15,1,12,4,120.644833,24.121677,2
8822,66000,387130000C,(04)23274275,(04)23288582,2025,12,20,12,37,臺中市,太平區,0,0,0,7,,,30,,,,,,,,,,,,,,,,,,,B03,,,1,,2,,,56,56,1,12,4,120.718054,24.125541,3