序號,縣市別代碼,機關代碼,市話,傳真,年,月,日,時,分,縣市,區,死亡數量,受傷數量,2-30,天候,道路照明設備,道路類別,道路速限,道路型態,事故位置,路面鋪裝,路面狀態,路面缺陷,障礙物,視距,號誌種類,號誌動作,分向設施,快車道或一般車道間,快慢車道間,路面邊線,事故類型及型態,受傷程度,主要傷處,保護裝備,行動電話或功能裝置,當事者區分(類別),車輛用途,當事者行動狀態,駕照狀態,駕照種類,飲酒情形,車輛撞擊部位最初,車輛撞擊部位其他,肇事因素個別,肇事因素主要,肇事逃逸,職業,共享經濟或外送平台,GPS座標X,GPS座標Y,事故類別
8823,66000,387130000C,(04)23274275,(04)23288582,2025,12,20,12,46,臺中市,霧峰區,0,1,0,7,3,6,50,4,1,1,5,4,6,6,4,4,10,5,5,2,18,2,9,1,1,C03,7,5,1,10,2,16,,84,84,1,12,4,120.697561,24.062624,2
8824,66000,387130000C,(04)23274275,(04)23288582,2025,12,20,12,50,臺中市,烏日區,0,1,0,7,3,6,30,4,1,1,5,4,6,6,4,4,10,5,5,2,15,2,9,1,1,C03,7,9,1,10,2,12,,12,12,1,6,2,120.635019,24.11041,2
8825,66000,387130000C,(04)23274275,(04)23288582,2025,12,20,12,50,臺中市,大甲區,0,1,0,7,3,6,50,3,1,1,5,4,6,6,4,4,10,5,5,2,30,3,10,1,1,C03,7,9,1,10,2,12,,7,7,1,6,4,120.617519,24.346693,2
8826,66000,387130000C,(04)23274275,(04)23288582,2025,12,20,12,54,臺中市,太平區,0,0,0,7,,,50,,,,,,,,,,,,,,,,,,,B03,,,1,,2,,,7,7,1,6,4,120.732402,24.11496,3
8827,66000,387130000C,(04)23274275,(04)23288582,2025,12,20,12,55,臺中市,西屯區,0,1,0,7,2,6,50,13,9,1,5,4,6,6,2,1,5,4,5,2,18,2,9,5,4,C03,7,9,1,10,2,14,,84,84,1,13,4,120.63904,24.159578,2
8828,66000,387130000C,(04)23274275,(04)23288582,2025,12,20,12,56,臺中市,西區,0,1,0,7,2,6,50,4,2,1,5,4,6,6,2,1,5,4,5,2,13,2,7,2,1,C03,7,9,1,10,2,11,,7,7,1,12,4,120.663339,24.146588,2
8829,66000,387130000C,(04)23274275,(04)23288582,2025,12,20,12,58,臺中市,大里區,0,0,0,7,,,50,,,,,,,,,,,,,,13,,,,,B03,,,1,,2,,,7,7,1,12,4,120.699327,24.089306,3
8830,66000,387130000C,(04)23274275,(04)23288582,2025,12,20,13,0,臺中市,南屯區,0,0,0,7,3,6,50,13,9,1,5,4,6,6,4,4,5,5,5,2,30,,,,,B03,,,1,,1,,,87,87,1,12,4,120.6261,24.142663,3
8831,66000,387130000C,(04)23274275,(04)23288582,2025,12,20,13,0,臺中市,龍井區,0,0,0,7,,,50,,,,,,,,,,,,,,12,,,,,B03,,,1,,2,,,8,8,1,6,4,120.591279,24.181121,3
8832,66000,387130000C,(04)23274275,(04)23288582,2025,12,20,13,2,臺中市,沙鹿區,0,1,0,7,2,6,50,3,1,1,5,4,6,6,4,4,10,4,5,2,16,2,9,1,1,C03,7,6,1,10,2,12,,14,14,1,12,4,120.560052,24.238325,2
8833,66000,387130000C,(04)23274275,(04)23288582,2025,12,20,13,18,臺中市,龍井區,0,1,0,7,2,6,50,13,9,1,5,4,6,6,4,4,9,5,5,1,18,2,7,2,1,C03,7,9,1,10,9,12,,84,84,1,6,4,120.586506,24.18824,2
8834,66000,387130000C,(04)23274275,(04)23288582,2025,12,20,13,27,臺中市,潭子區,0,0,0,7,,,30,,,,,,,,,,,,,,16,,,,,C03,,,1,,2,,,20,20,1,12,4,120.696457,24.196504,3
8835,66000,387130000C,(04)23274275,(04)23288582,2025,12,20,13,31,臺中市,北屯區,0,0,0,7,,,50,,,,,,,,,,,,,,13,,,,,C03,,,1,10,2,,,7,7,1,5,2,120.69401,24.16654,3
8836,66000,387130000C,(04)23274275,(04)23288582,2025,12,20,13,37,臺中市,北區,0,1,0,7,2,6,50,4,2,1,5,4,6,6,4,4,10,5,5,2,12,3,10,3,1,B03,7,1,1,8,2,4,,84,84,1,13,4,120.684215,24.154598,2
8837,66000,387130000C,(04)23274275,(04)23288582,2025,12,20,13,39,臺中市,龍井區,0,0,0,7,,,40,,,,,,,,,,,,,,,,,,,B03,,,1,,2,,,20,20,1,12,4,120.525392,24.20885,3
8838,66000,387130000C,(04)23274275,(04)23288582,2025,12,20,13,41,臺中市,南屯區,0,4,0,7,1,6,50,4,1,1,5,4,6,6,3,1,10,5,5,2,15,2,9,5,4,C03,7,9,1,10,2,12,,20,20,1,13,4,120.640335,24.140912,2
8839,66000,387130000C,(04)23274275,(04)23288582,2025,12,20,13,50,臺中市,北屯區,0,2,0,7,3,6,50,4,1,1,5,4,6,6,4,4,10,5,5,2,13,3,10,3,1,B03,7,9,5,8,8,8,,53,53,1,6,4,120.735579,24.17778,2
8840,66000,387130000C,(04)23274275,(04)23288582,2025,12,20,14,0,臺中市,潭子區,0,0,0,7,,,50,,,,,,,,,,,,,,14,,,,,B03,,,1,,2,,,49,49,1,12,4,120.697927,24.196447,3
8841,66000,387130000C,(04)23274275,(04)23288582,2025,12,20,14,0,臺中市,沙鹿區,0,1,0,7,3,6,30,4,1,1,5,4,6,1,4,4,10,5,5,2,16,2,9,6,1,F01,7,6,7,21,9,14,,12,12,1,2,4,120.569128,24.254767,2
8842,66000,387130000C,(04)23274275,(04)23288582,2025,12,20,14,1,臺中市,南屯區,0,1,0,7,3,6,50,4,1,1,5,4,6,6,1,1,5,5,4,2,16,3,10,3,1,B03,7,6,1,8,2,2,,48,48,1,12,4,120.611721,24.135788,2
8843,66000,387130000C,(04)23274275,(04)23288582,2025,12,20,14,3,臺中市,大雅區,0,1,0,7,3,6,50,13,9,1,5,4,6,6,4,4,5,4,5,1,12,2,9,1,1,C03,7,11,3,19,2,12,,34,34,1,12,4,120.652024,24.228204,2
8844,66000,387130000C,(04)23274275,(04)23288582,2025,12,20,14,3,臺中市,南區,0,1,0,7,2,6,50,4,2,1,5,4,6,6,1,1,3,4,5,2,17,2,8,6,1,F01,7,9,7,21,2,14,,8,8,1,12,4,120.669841,24.125016,2
8845,66000,387130000C,(04)23274275,(04)23288582,2025,12,20,14,5,臺中市,大雅區,0,1,0,7,3,6,50,3,2,1,5,4,6,6,4,4,1,3,5,2,30,2,9,5,4,C03,7,5,1,10,2,12,,84,84,1,13,4,120.615663,24.219908,2
8846,66000,387130000C,(04)23274275,(04)23288582,2025,12,20,14,5,臺中市,西區,0,0,0,7,,,50,,,,,,,,,,,,,,13,,,,,B03,,,1,,1,,,7,7,1,12,4,120.666919,24.141446,3
8847,66000,387130000C,(04)23274275,(04)23288582,2025,12,20,14,6,臺中市,西屯區,0,2,0,7,2,6,50,5,1,1,5,4,6,6,4,4,10,5,5,2,15,2,1,5,2,B03,7,9,1,10,2,1,,12,12,1,13,4,120.627138,24.155961,2
8848,66000,387130000C,(04)23274275,(04)23288582,2025,12,20,14,10,臺中市,西區,0,0,0,7,,,50,,,,,,,,,,,,,,,,,,,B03,,,1,,1,,,84,84,1,13,4,120.657061,24.153137,3
8849,66000,387130000C,(04)23274275,(04)23288582,2025,12,20,14,11,臺中市,北屯區,0,0,0,7,,,50,,,,,,,,,,,,,,,,,,,B12,,,1,,1,,,7,7,1,12,4,120.660288,24.19255,3
8850,66000,387130000C,(04)23274275,(04)23288582,2025,12,20,14,12,臺中市,南屯區,0,1,0,7,3,6,50,13,9,1,5,4,6,6,1,1,5,2,5,2,9,3,10,3,1,B03,7,6,1,8,2,8,,10,10,1,12,4,120.652972,24.153555,2
8851,66000,387130000C,(04)23274275,(04)23288582,2025,12,20,14,14,臺中市,南屯區,0,2,0,7,3,6,30,13,9,1,5,4,6,6,4,4,10,5,5,2,10,2,9,2,4,C03,7,9,1,10,2,11,,41,41,1,6,4,120.638965,24.13775,2
8852,66000,387130000C,(04)23274275,(04)23288582,2025,12,20,14,15,臺中市,梧棲區,0,0,0,7,,,70,,,,,,,,,,,,,,13,,,,,A11,,,1,,1,,,59,59,1,12,4,120.556029,24.250598,4
8853,66000,387130000C,(04)23274275,(04)23288582,2025,12,20,14,16,臺中市,西區,0,0,0,7,,,50,,,,,,,,,,,,,,,,,,,B01,,,1,,1,,,84,84,1,13,4,120.664757,24.150731,3
8854,66000,387130000C,(04)23274275,(04)23288582,2025,12,20,14,16,臺中市,北屯區,0,0,0,7,,,40,,,,,,,,,,,,,,14,,,,,B03,,,1,,2,,,49,49,1,12,4,120.700575,24.166753,3
8855,66000,387130000C,(04)23274275,(04)23288582,2025,12,20,14,16,臺中市,豐原區,0,0,0,7,,,50,,,,,,,,,,,,,,13,,,,,B03,,,1,,2,,,84,84,1,12,4,120.745482,24.264845,3
8856,66000,387130000C,(04)23274275,(04)23288582,2025,12,20,14,18,臺中市,霧峰區,0,0,0,7,,,50,,,,,,,,,,,,,,,,,,,C03,,,1,,2,,,50,50,1,13,4,120.698648,24.065409,4
8857,66000,387130000C,(04)23274275,(04)23288582,2025,12,20,14,19,臺中市,豐原區,0,0,0,7,2,6,50,13,9,1,5,4,6,6,4,4,1,4,5,2,13,3,10,3,1,B03,7,9,1,8,2,1,,7,7,1,12,4,120.70782,24.250223,3
8858,66000,387130000C,(04)23274275,(04)23288582,2025,12,20,14,20,臺中市,后里區,0,3,0,7,2,6,30,13,9,1,5,4,6,6,4,4,10,5,5,2,11,2,2,1,1,C03,7,5,1,10,2,12,,20,20,1,6,2,120.714932,24.301871,2
8859,66000,387130000C,(04)23274275,(04)23288582,2025,12,20,14,23,臺中市,霧峰區,0,0,0,7,,,50,,,,,,,,,,,,,,14,,,,,B03,,,1,,2,,,49,49,1,12,4,120.696097,24.056576,3
8860,66000,387130000C,(04)23274275,(04)23288582,2025,12,20,14,27,臺中市,太平區,0,3,0,7,2,6,50,4,1,1,5,4,6,6,2,1,10,5,5,2,15,2,8,3,1,B03,7,9,1,8,2,6,,85,85,1,12,4,120.721318,24.14273,2
8861,66000,387130000C,(04)23274275,(04)23288582,2025,12,20,14,28,臺中市,南區,0,0,0,7,,,50,,,,,,,,,,,,,,12,,,,,B03,,,1,,1,,,40,40,1,13,4,120.668766,24.128427,3
8862,66000,387130000C,(04)23274275,(04)23288582,2025,12,20,14,30,臺中市,東區,0,0,0,7,,,50,,,,,,,,,,,,,,13,,,,,B02,,,1,,1,,,7,7,1,12,4,120.693162,24.133389,3
8863,66000,387130000C,(04)23274275,(04)23288582,2025,12,20,14,30,臺中市,北屯區,0,0,0,7,,,40,,,,,,,,,,,,,,17,,,,,,,,,,,,,86,,1,,,120.684093,24.173412,3
8864,66000,387130000C,(04)23274275,(04)23288582,2025,12,20,14,34,臺中市,太平區,0,0,0,7,,,30,,,,,,,,,,,,,,17,,,,,B03,,,1,,9,,,84,84,1,12,4,120.729472,24.141628,3
8865,66000,387130000C,(04)23274275,(04)23288582,2025,12,20,14,35,臺中市,西區,0,0,0,7,,,50,,,,,,,,,,,,,,,,,,,B03,,,1,,1,,,49,49,1,12,4,120.66543,24.149999,3
8866,66000,387130000C,(04)23274275,(04)23288582,2025,12,20,14,36,臺中市,東勢區,0,1,0,7,3,6,70,13,7,1,5,4,6,6,1,1,2,4,4,1,13,3,10,5,4,B12,7,9,1,8,2,1,,7,7,1,12,4,120.822505,24.261459,2
8867,66000,387130000C,(04)23274275,(04)23288582,2025,12,20,14,40,臺中市,南區,0,0,0,7,,,50,,,,,,,,,,,,,,,,,,,A12,,,1,,1,,,51,51,1,13,4,120.654086,24.124169,3
8868,66000,387130000C,(04)23274275,(04)23288582,2025,12,20,14,40,臺中市,大甲區,0,1,0,7,1,6,50,3,9,1,5,4,6,6,1,1,6,3,5,1,18,2,9,1,1,C03,7,9,3,19,8,12,,53,53,1,12,4,120.622469,24.35308,2
8869,66000,387130000C,(04)23274275,(04)23288582,2025,12,20,14,43,臺中市,梧棲區,0,1,0,7,2,6,40,3,1,1,5,4,6,6,2,1,1,4,3,1,13,2,9,2,1,C03,7,9,5,19,9,11,,7,7,1,12,4,120.547829,24.24591,2
8870,66000,387130000C,(04)23274275,(04)23288582,2025,12,20,14,45,臺中市,大雅區,0,0,0,7,,,30,,,,,,,,,,,,,,,,,,,B03,,,1,,2,,,41,41,1,13,4,120.624083,24.209466,3
8871,66000,387130000C,(04)23274275,(04)23288582,2025,12,20,14,46,臺中市,大里區,0,2,0,6,2,6,50,13,7,1,5,4,6,6,4,4,5,4,4,1,17,2,9,1,1,C03,7,9,1,10,2,11,,7,7,1,13,4,120.703222,24.090322,2
8872,66000,387130000C,(04)23274275,(04)23288582,2025,12,20,14,47,臺中市,沙鹿區,0,0,0,7,,,50,,,,,,,,,,,,,,17,,,,,B12,,,1,,2,,,14,14,1,6,4,120.567138,24.226139,4
8873,66000,387130000C,(04)23274275,(04)23288582,2025,12,20,14,49,臺中市,西屯區,0,0,0,7,,,50,,,,,,,,,,,,,,13,,,,,B03,,,1,,1,,,7,7,1,12,4,120.657005,24.192301,3
8874,66000,387130000C,(04)23274275,(04)23288582,2025,12,20,14,52,臺中市,大里區,0,0,0,7,,,50,,,,,,,,,,,,,,14,,,,,B03,,,1,,2,,,49,49,1,13,4,120.680673,24.117601,3
8875,66000,387130000C,(04)23274275,(04)23288582,2025,12,20,14,54,臺中市,南屯區,0,0,0,7,,,40,,,,,,,,,,,,,,17,,,,,B03,,,1,,2,,,50,50,1,13,4,120.637068,24.148791,3
8876,66000,387130000C,(04)23274275,(04)23288582,2025,12,20,14,56,臺中市,龍井區,0,0,0,7,,,50,,,,,,,,,,,,,,17,,,,,B12,,,1,,1,,,8,8,1,6,4,120.585039,24.181885,3
8877,66000,387130000C,(04)23274275,(04)23288582,2025,12,20,15,0,臺中市,北區,0,0,0,7,,,50,,,,,,,,,,,,,,13,,,,,B03,,,1,,1,,,84,84,1,12,4,120.688894,24.152943,3
8878,66000,387130000C,(04)23274275,(04)23288582,2025,12,20,15,2,臺中市,東區,0,0,0,7,,,50,,,,,,,,,,,,,,17,,,,,B03,,,1,,1,,,78,78,1,12,4,120.694552,24.142127,3
8879,66000,387130000C,(04)23274275,(04)23288582,2025,12,20,15,4,臺中市,東區,0,1,0,7,1,6,50,4,1,1,5,4,6,6,1,1,9,4,5,2,12,2,9,1,1,C03,7,9,1,10,2,11,12,7,7,1,12,4,120.697115,24.12961,2
8880,66000,387130000C,(04)23274275,(04)23288582,2025,12,20,15,8,臺中市,大里區,0,0,0,7,,,30,,,,,,,,,,,,,,,,,,,B03,,,1,,2,,,49,49,1,12,4,120.68015,24.10783,3
8881,66000,387130000C,(04)23274275,(04)23288582,2025,12,20,15,9,臺中市,南屯區,0,1,0,7,3,6,50,13,9,1,5,4,6,6,4,4,9,5,5,2,17,3,10,3,1,B03,7,15,1,8,1,16,,20,20,1,12,4,120.633931,24.139253,2
8882,66000,387130000C,(04)23274275,(04)23288582,2025,12,20,15,10,臺中市,大雅區,0,0,0,7,,,0,,,,,,,,,,,,,,,,,,,B03,,,1,,2,,,84,84,1,13,4,120.645429,24.221915,3
8883,66000,387130000C,(04)23274275,(04)23288582,2025,12,20,15,10,臺中市,北區,0,1,0,7,2,6,50,4,1,1,5,4,6,6,1,1,10,5,5,2,13,2,9,5,4,C04,7,12,1,10,2,11,,7,7,1,13,4,120.685901,24.155899,2
8884,66000,387130000C,(04)23274275,(04)23288582,2025,12,20,15,11,臺中市,大雅區,0,2,0,7,3,6,30,13,9,1,5,4,6,6,4,4,10,5,5,2,17,3,10,5,4,B03,7,1,1,8,2,15,,51,51,1,12,4,120.670448,24.236665,2
8885,66000,387130000C,(04)23274275,(04)23288582,2025,12,20,15,15,臺中市,北屯區,0,0,0,7,,,,,,,,,,,,,,,,,17,,,,,,,,,,,,,119,119,1,,,120.678031,24.18827,3
8886,66000,387130000C,(04)23274275,(04)23288582,2025,12,20,15,17,臺中市,龍井區,0,0,0,7,,,50,,,,,,,,,,,,,,13,,,,,B03,,,1,,1,,,7,7,1,12,4,120.575729,24.175733,4
8887,66000,387130000C,(04)23274275,(04)23288582,2025,12,20,15,21,臺中市,北區,0,1,0,7,2,6,50,13,9,1,5,4,6,6,4,4,5,5,5,2,17,3,10,1,1,C03,7,9,1,10,2,15,,39,39,1,12,4,120.68599,24.149234,2
8888,66000,387130000C,(04)23274275,(04)23288582,2025,12,20,15,27,臺中市,霧峰區,0,1,0,7,2,6,50,3,1,1,5,4,6,6,4,4,10,5,5,1,16,2,7,2,1,C03,7,6,1,10,2,11,,12,12,1,13,4,120.686264,24.049876,2
8889,66000,387130000C,(04)23274275,(04)23288582,2025,12,20,15,29,臺中市,太平區,0,1,0,7,2,6,50,3,1,1,5,4,6,6,4,4,10,5,5,2,16,3,10,1,1,F03,7,6,7,21,2,13,,14,14,1,12,4,120.720615,24.120658,2
8890,66000,387130000C,(04)23274275,(04)23288582,2025,12,20,15,30,臺中市,西區,0,0,0,7,,,50,,,,,,,,,,,,,,,,,,,B03,,,3,,1,,,7,7,1,12,4,120.662339,24.13642,3
8891,66000,387130000C,(04)23274275,(04)23288582,2025,12,20,15,34,臺中市,神岡區,0,0,0,7,,,50,,,,,,,,,,,,,,2,,,,,B03,,,1,,2,,,59,59,1,12,4,120.665006,24.273923,3
8892,66000,387130000C,(04)23274275,(04)23288582,2025,12,20,15,35,臺中市,烏日區,0,0,0,7,,,50,,,,,,,,,,,,,,,,,,,A41,,,1,,2,,,40,40,1,6,4,120.646803,24.071915,3
8893,66000,387130000C,(04)23274275,(04)23288582,2025,12,20,15,35,臺中市,神岡區,0,1,0,7,1,6,50,3,1,1,5,4,6,6,3,1,10,4,5,1,12,3,10,3,1,B03,7,5,1,8,5,6,,53,53,1,12,4,120.643816,24.253067,2
8894,66000,387130000C,(04)23274275,(04)23288582,2025,12,20,15,36,臺中市,西屯區,0,3,0,7,2,6,50,4,2,1,5,4,6,6,2,1,1,4,1,2,16,3,10,5,4,B03,7,6,1,8,2,5,,23,23,1,13,4,120.649628,24.162469,2
8895,66000,387130000C,(04)23274275,(04)23288582,2025,12,20,15,40,臺中市,神岡區,0,2,0,7,2,6,50,5,1,1,5,4,6,6,4,4,10,5,5,2,15,2,7,5,4,C03,7,9,1,10,2,11,,20,20,1,12,4,120.693711,24.26536,2
8896,66000,387130000C,(04)23274275,(04)23288582,2025,12,20,15,45,臺中市,潭子區,0,1,0,7,3,6,50,13,9,1,5,4,6,6,4,4,10,5,5,1,18,2,9,2,1,C03,7,9,2,19,2,14,,59,59,1,12,4,120.715414,24.210364,2
8897,66000,387130000C,(04)23274275,(04)23288582,2025,12,20,15,45,臺中市,東區,0,0,0,7,,,50,,,,,,,,,,,,,,13,,,,,F03,,,7,,1,,,7,7,1,12,4,120.708999,24.143854,3
8898,66000,387130000C,(04)23274275,(04)23288582,2025,12,20,15,50,臺中市,東區,0,0,0,7,,,50,,,,,,,,,,,,,,12,,,,,C03,,,1,,1,,,84,84,1,12,4,120.701372,24.125132,3
8899,66000,387130000C,(04)23274275,(04)23288582,2025,12,20,15,50,臺中市,西屯區,0,1,0,7,1,6,50,4,1,1,5,4,6,6,2,1,10,5,5,2,16,3,10,3,1,B03,7,5,1,8,1,5,,47,47,1,12,4,120.627178,24.181302,2
8900,66000,387130000C,(04)23274275,(04)23288582,2025,12,20,15,50,臺中市,沙鹿區,0,1,0,7,2,6,50,5,1,1,5,4,6,6,4,4,10,5,5,2,16,3,10,3,1,B03,7,6,1,8,2,8,,20,20,1,9,4,120.569583,24.241063,2
8901,66000,387130000C,(04)23274275,(04)23288582,2025,12,20,15,51,臺中市,梧棲區,0,1,0,7,2,6,70,3,1,1,5,4,6,6,2,1,3,4,3,1,16,3,10,3,1,B03,7,6,1,8,2,6,,11,11,1,12,4,120.546712,24.245967,2
8902,66000,387130000C,(04)23274275,(04)23288582,2025,12,20,15,53,臺中市,西屯區,0,0,0,7,,,40,,,,,,,,,,,,,,12,,,,,B03,,,1,,2,,,50,50,1,12,4,120.640702,24.157422,3
8903,66000,387130000C,(04)23274275,(04)23288582,2025,12,20,15,54,臺中市,大甲區,0,1,0,7,2,6,70,3,1,1,5,4,6,6,3,1,10,5,5,2,16,2,9,2,1,C02,7,6,1,9,2,12,,20,20,1,6,4,120.641939,24.366299,2
8904,66000,387130000C,(04)23274275,(04)23288582,2025,12,20,15,55,臺中市,西屯區,0,0,0,7,,,50,,,,,,,,,,,,,,17,,,,,C03,,,1,,1,,,51,51,1,12,4,120.663974,24.166313,3
8905,66000,387130000C,(04)23274275,(04)23288582,2025,12,20,15,59,臺中市,南屯區,0,1,0,7,3,6,50,13,9,1,5,4,6,6,4,4,9,5,5,2,17,3,10,3,1,B03,7,1,1,8,2,4,,51,51,1,12,4,120.652072,24.151833,2
8906,66000,387130000C,(04)23274275,(04)23288582,2025,12,20,16,8,臺中市,大肚區,0,1,0,7,3,6,40,4,1,1,5,4,6,6,1,1,10,5,5,2,12,2,8,2,1,C03,7,5,1,7,2,14,,2,2,1,6,4,120.53646,24.165533,2
8907,66000,387130000C,(04)23274275,(04)23288582,2025,12,20,16,8,臺中市,沙鹿區,0,0,0,7,,,60,,,,,,,,,,,,,,,,,,,B03,,,1,,2,,,82,82,1,12,4,120.556521,24.212541,3
8908,66000,387130000C,(04)23274275,(04)23288582,2025,12,20,16,10,臺中市,神岡區,0,0,0,7,,,50,,,,,,,,,,,,,,12,,,,,B03,,,1,,1,,,59,59,1,12,4,120.690148,24.266604,3
8909,66000,387130000C,(04)23274275,(04)23288582,2025,12,20,16,14,臺中市,龍井區,0,0,0,7,,,50,,,,,,,,,,,,,,14,,,,,B13,,,1,,2,,,49,49,1,6,4,120.584974,24.184359,3
8910,66000,387130000C,(04)23274275,(04)23288582,2025,12,20,16,15,臺中市,沙鹿區,0,0,0,7,,,30,,,,,,,,,,,,,,11,,,,,B03,,,1,,9,,,8,8,2,6,4,120.573743,24.221076,3
8911,66000,387130000C,(04)23274275,(04)23288582,2025,12,20,16,16,臺中市,北屯區,0,1,0,7,3,6,50,4,1,1,5,4,6,6,1,1,10,5,5,2,16,3,10,3,1,B03,7,5,1,8,2,2,,11,11,1,12,4,120.668638,24.192727,2
8912,66000,387130000C,(04)23274275,(04)23288582,2025,12,20,16,17,臺中市,北屯區,0,0,0,7,,,50,,,,,,,,,,,,,,17,,,,,B03,,,1,,1,,,54,54,1,6,4,120.696928,24.169045,3
8913,66000,387130000C,(04)23274275,(04)23288582,2025,12,20,16,19,臺中市,中區,0,1,0,7,2,6,50,4,9,1,5,4,6,6,2,1,8,3,5,2,12,2,9,3,1,B03,7,1,1,8,2,8,1,51,51,1,12,4,120.679596,24.142354,2
8914,66000,387130000C,(04)23274275,(04)23288582,2025,12,20,16,22,臺中市,南屯區,0,1,0,7,3,6,40,4,1,1,5,4,6,6,2,1,10,5,5,2,16,3,10,5,4,B03,7,5,1,8,9,5,,47,47,2,6,4,120.646855,24.148913,2
8915,66000,387130000C,(04)23274275,(04)23288582,2025,12,20,16,23,臺中市,中區,0,0,0,7,,,50,,,,,,,,,,,,,,,,,,,B03,,,1,,1,,,7,7,1,6,4,120.679136,24.142206,3
8916,66000,387130000C,(04)23274275,(04)23288582,2025,12,20,16,23,臺中市,西屯區,0,0,0,7,,,50,,,,,,,,,,,,,,13,,,,,B03,,,1,,1,,,7,7,1,12,4,120.63421,24.172321,3
8917,66000,387130000C,(04)23274275,(04)23288582,2025,12,20,16,25,臺中市,潭子區,0,0,0,7,,,50,,,,,,,,,,,,,,9,,,,,B03,,,1,,2,,,42,42,1,12,4,120.701102,24.216274,3
8918,66000,387130000C,(04)23274275,(04)23288582,2025,12,20,16,27,臺中市,南區,0,2,0,7,1,6,50,13,9,1,5,4,6,6,4,4,9,4,5,2,12,3,10,1,1,C03,7,9,1,10,2,16,,8,8,1,12,4,120.687014,24.130563,2
8919,66000,387130000C,(04)23274275,(04)23288582,2025,12,20,16,32,臺中市,梧棲區,0,0,0,7,,,50,,,,,,,,,,,,,,17,,,,,C03,,,1,,9,,,8,8,1,12,4,120.532283,24.242073,3
8920,66000,387130000C,(04)23274275,(04)23288582,2025,12,20,16,33,臺中市,豐原區,0,2,0,7,2,6,50,3,1,1,5,4,6,6,4,4,9,4,4,2,16,3,10,3,1,B03,7,6,1,8,2,1,,14,14,1,12,4,120.734829,24.256857,2
8921,66000,387130000C,(04)23274275,(04)23288582,2025,12,20,16,34,臺中市,西屯區,0,1,0,7,1,6,50,4,1,1,5,4,6,6,1,1,8,4,5,1,13,3,10,5,4,B03,7,9,1,8,2,1,,7,7,1,13,4,120.620186,24.187179,2
8922,66000,387130000C,(04)23274275,(04)23288582,2025,12,20,16,39,臺中市,南區,0,0,0,7,,,40,,,,,,,,,,,,,,,,,,,B03,,,1,,1,,,8,8,1,13,4,120.684245,24.121431,3
8923,66000,387130000C,(04)23274275,(04)23288582,2025,12,20,16,39,臺中市,霧峰區,0,1,0,7,2,6,40,4,1,1,5,4,6,6,1,1,9,4,4,1,15,3,10,3,1,B03,7,9,1,8,2,5,,21,21,1,13,4,120.694883,24.065971,2
8924,66000,387130000C,(04)23274275,(04)23288582,2025,12,20,16,55,臺中市,西區,0,0,0,7,,,50,,,,,,,,,,,,,,,,,,,B01,,,1,,2,,,7,7,1,13,4,120.658778,24.140141,3
8925,66000,387130000C,(04)23274275,(04)23288582,2025,12,20,16,55,臺中市,西屯區,0,1,0,7,1,6,50,4,7,1,5,4,6,6,2,1,4,5,4,2,13,2,8,5,4,C03,7,9,1,10,2,11,,7,7,1,13,4,120.649663,24.158081,2
8926,66000,387130000C,(04)23274275,(04)23288582,2025,12,20,16,57,臺中市,中區,0,0,0,6,,,50,,,,,,,,,,,,,,,,,,,C03,,,1,,1,,,7,7,1,12,4,120.663128,24.14306,3
8927,66000,387130000C,(04)23274275,(04)23288582,2025,12,20,16,57,臺中市,大里區,0,1,0,7,2,6,30,13,9,1,5,4,6,6,4,4,10,5,5,1,11,3,10,1,1,C03,7,15,5,19,2,14,,84,84,1,12,4,120.687849,24.113927,2
8928,66000,387130000C,(04)23274275,(04)23288582,2025,12,20,17,3,臺中市,西屯區,0,1,0,7,1,6,50,13,9,1,5,4,6,6,4,4,5,5,5,2,16,3,10,3,1,B01,7,1,1,4,2,8,,51,51,1,12,4,120.635154,24.174723,2
8929,66000,387130000C,(04)23274275,(04)23288582,2025,12,20,17,5,臺中市,大雅區,0,0,0,7,,,50,,,,,,,,,,,,,,,,,,,C03,,,1,,2,,,7,7,1,13,4,120.655068,24.22963,3
8930,66000,387130000C,(04)23274275,(04)23288582,2025,12,20,17,5,臺中市,北區,0,1,0,7,2,6,50,4,19,1,5,4,6,6,4,4,5,5,5,2,3,3,10,5,1,B13,7,9,1,8,2,2,,10,10,1,13,4,120.680124,24.149425,2
8931,66000,387130000C,(04)23274275,(04)23288582,2025,12,20,17,8,臺中市,沙鹿區,0,0,0,7,,,50,,,,,,,,,,,,,,17,,,,,C03,,,1,,2,,,8,8,1,6,4,120.573872,24.265584,4
8932,66000,387130000C,(04)23274275,(04)23288582,2025,12,20,17,11,臺中市,太平區,0,1,0,7,2,6,30,13,9,1,5,4,6,6,4,4,10,5,5,2,11,3,10,3,1,B03,7,8,1,8,2,4,,41,41,1,12,4,120.727208,24.145601,2
8933,66000,387130000C,(04)23274275,(04)23288582,2025,12,20,17,12,臺中市,神岡區,0,0,0,7,,,30,,,,,,,,,,,,,,11,,,,,B12,,,1,,1,,,8,8,1,6,4,120.69033,24.266606,3
8934,66000,387130000C,(04)23274275,(04)23288582,2025,12,20,17,13,臺中市,西區,0,0,0,7,,,50,,,,,,,,,,,,,,15,,,,,B03,,,1,,1,,,51,51,1,12,4,120.664086,24.155149,3