序號,縣市別代碼,機關代碼,市話,傳真,年,月,日,時,分,縣市,區,死亡數量,受傷數量,2-30,天候,道路照明設備,道路類別,道路速限,道路型態,事故位置,路面鋪裝,路面狀態,路面缺陷,障礙物,視距,號誌種類,號誌動作,分向設施,快車道或一般車道間,快慢車道間,路面邊線,事故類型及型態,受傷程度,主要傷處,保護裝備,行動電話或功能裝置,當事者區分(類別),車輛用途,當事者行動狀態,駕照狀態,駕照種類,飲酒情形,車輛撞擊部位最初,車輛撞擊部位其他,肇事因素個別,肇事因素主要,肇事逃逸,職業,共享經濟或外送平台,GPS座標X,GPS座標Y,事故類別
8935,66000,387130000C,(04)23274275,(04)23288582,2025,12,20,17,14,臺中市,南屯區,0,0,0,7,,,50,,,,,,,,,,,,,,13,,,,,C03,,,1,,2,,,59,59,1,13,4,120.636548,24.135712,3
8936,66000,387130000C,(04)23274275,(04)23288582,2025,12,20,17,15,臺中市,大雅區,0,2,0,7,1,6,60,5,1,1,5,4,6,6,1,1,10,5,5,2,17,2,5,2,1,C03,7,9,1,10,2,11,,7,7,1,12,4,120.650266,24.2095,2
8937,66000,387130000C,(04)23274275,(04)23288582,2025,12,20,17,15,臺中市,北屯區,0,1,0,7,3,6,50,13,9,1,5,4,6,6,4,4,10,5,5,2,17,3,10,3,1,B03,7,9,1,10,9,2,,8,8,1,12,4,120.690721,24.17609,2
8938,66000,387130000C,(04)23274275,(04)23288582,2025,12,20,17,15,臺中市,沙鹿區,0,1,0,7,2,6,50,3,1,1,5,4,6,3,4,4,10,5,5,2,17,2,7,1,1,C03,7,11,1,10,2,11,,45,45,1,6,4,120.560232,24.239156,2
8939,66000,387130000C,(04)23274275,(04)23288582,2025,12,20,17,16,臺中市,北屯區,0,0,0,7,,,50,,,,,,,,,,,,,,13,,,,,B03,,,1,,1,,,7,7,1,6,4,120.660648,24.19196,3
8940,66000,387130000C,(04)23274275,(04)23288582,2025,12,20,17,18,臺中市,大里區,0,1,0,7,2,6,50,4,1,1,5,4,6,6,1,1,5,5,5,2,16,2,8,1,1,C03,7,6,3,19,2,14,,48,48,1,13,4,120.694833,24.111461,2
8941,66000,387130000C,(04)23274275,(04)23288582,2025,12,20,17,19,臺中市,西區,0,0,0,7,,,50,,,,,,,,,,,,,,,,,,,B03,,,1,,2,,,84,84,1,6,4,120.665907,24.136546,3
8942,66000,387130000C,(04)23274275,(04)23288582,2025,12,20,17,20,臺中市,豐原區,0,1,0,7,3,6,30,3,1,1,5,4,6,6,4,4,10,5,5,2,15,2,9,1,3,C03,7,9,1,10,2,14,,84,84,1,12,4,120.718409,24.237289,2
8943,66000,387130000C,(04)23274275,(04)23288582,2025,12,20,17,22,臺中市,西區,0,0,0,6,,,50,,,,,,,,,,,,,,,,,,,B03,,,1,,1,,,7,7,1,13,4,120.667075,24.140981,3
8944,66000,387130000C,(04)23274275,(04)23288582,2025,12,20,17,22,臺中市,南屯區,0,1,0,7,1,6,40,13,9,1,5,4,6,6,1,1,3,4,5,2,12,2,9,1,1,C03,7,9,1,10,2,12,,7,7,1,12,4,120.635351,24.151356,2
8945,66000,387130000C,(04)23274275,(04)23288582,2025,12,20,17,25,臺中市,西屯區,0,0,0,7,,,60,,,,,,,,,,,,,,12,,,,,B03,,,1,,2,,,8,8,1,12,4,120.653236,24.160702,3
8946,66000,387130000C,(04)23274275,(04)23288582,2025,12,20,17,29,臺中市,西屯區,0,0,0,7,,3,80,,,,,,,,,,,,,,,,,,,B03,,,1,,1,,,59,59,1,12,4,120.631589,24.168905,3
8947,66000,387130000C,(04)23274275,(04)23288582,2025,12,20,17,29,臺中市,西屯區,0,0,0,7,,,50,,,,,,,,,,,,,,12,,,,,B02,,,1,,1,,,51,51,1,12,4,120.652619,24.156672,4
8948,66000,387130000C,(04)23274275,(04)23288582,2025,12,20,17,31,臺中市,大里區,0,0,0,7,,3,80,,,,,,,,,,,,,,13,,,,,B03,,,1,,2,,,59,59,1,12,4,120.690704,24.098029,3
8949,66000,387130000C,(04)23274275,(04)23288582,2025,12,20,17,32,臺中市,大里區,0,1,0,7,1,6,50,4,9,1,5,4,6,6,1,1,5,4,5,1,12,2,8,1,1,C03,7,9,1,10,2,11,,84,84,1,12,4,120.686053,24.115237,2
8950,66000,387130000C,(04)23274275,(04)23288582,2025,12,20,17,33,臺中市,北屯區,0,3,0,7,1,6,50,4,1,1,5,4,6,6,4,4,5,5,5,2,15,2,9,3,1,B01,7,9,1,4,2,5,,12,12,1,12,4,120.679428,24.181803,2
8951,66000,387130000C,(04)23274275,(04)23288582,2025,12,20,17,33,臺中市,太平區,0,1,0,7,1,6,50,13,9,1,5,4,6,6,4,4,1,4,5,2,12,3,10,3,1,B03,7,9,1,8,2,2,,8,8,1,12,4,120.714051,24.13909,2
8952,66000,387130000C,(04)23274275,(04)23288582,2025,12,20,17,37,臺中市,南屯區,0,3,0,7,1,6,40,13,9,1,5,4,6,6,4,4,3,4,5,2,13,2,9,3,1,B03,7,9,1,8,2,1,,7,7,1,12,4,120.623558,24.15009,2
8953,66000,387130000C,(04)23274275,(04)23288582,2025,12,20,17,37,臺中市,西屯區,0,1,0,7,1,6,40,4,1,1,5,4,6,6,1,1,8,4,5,1,16,3,10,5,4,B03,7,6,1,8,2,5,,23,23,1,13,4,120.655888,24.158869,2
8954,66000,387130000C,(04)23274275,(04)23288582,2025,12,20,17,39,臺中市,西屯區,0,2,0,7,1,6,50,3,1,1,5,4,6,6,4,4,10,5,5,2,16,2,9,2,1,C03,7,6,1,10,2,13,,14,14,1,12,4,120.658241,24.158846,2
8955,66000,387130000C,(04)23274275,(04)23288582,2025,12,20,17,43,臺中市,龍井區,0,1,0,7,2,6,50,4,1,1,5,4,6,6,4,4,10,5,4,2,11,3,10,3,1,B03,7,6,1,8,2,4,,14,14,1,12,4,120.547615,24.183628,2
8956,66000,387130000C,(04)23274275,(04)23288582,2025,12,20,17,44,臺中市,南屯區,0,1,0,7,1,6,50,4,1,1,5,4,6,6,2,1,10,5,5,2,16,3,10,5,4,B03,7,6,1,8,2,6,,11,11,1,6,4,120.635174,24.151244,2
8957,66000,387130000C,(04)23274275,(04)23288582,2025,12,20,17,47,臺中市,西屯區,0,0,0,7,,3,80,,,,,,,,,,,,,,13,,,,,B03,,,1,,1,,,7,7,1,13,4,120.630407,24.166338,3
8958,66000,387130000C,(04)23274275,(04)23288582,2025,12,20,17,47,臺中市,霧峰區,0,1,0,7,1,6,60,3,2,1,5,4,6,6,3,1,1,3,4,1,29,2,9,3,1,B03,7,9,1,8,7,1,,53,53,1,12,4,120.695994,24.017411,2
8959,66000,387130000C,(04)23274275,(04)23288582,2025,12,20,17,54,臺中市,沙鹿區,0,1,0,7,2,6,70,4,1,1,5,4,6,6,1,1,10,5,5,2,16,3,10,3,1,B03,7,5,1,8,2,2,6,38,38,1,6,4,120.564765,24.239641,2
8960,66000,387130000C,(04)23274275,(04)23288582,2025,12,20,17,55,臺中市,北區,0,2,0,7,1,6,50,13,9,1,5,4,6,6,1,1,5,5,5,1,9,2,9,6,5,H01,8,20,7,21,10,17,,99,99,1,12,5,120.669201,24.159188,2
8961,66000,387130000C,(04)23274275,(04)23288582,2025,12,20,17,55,臺中市,南屯區,0,0,0,7,1,6,50,13,7,1,5,4,6,6,4,4,3,4,4,2,13,,,,,C02,,,1,,1,,,7,7,1,12,4,120.642228,24.150899,3
8962,66000,387130000C,(04)23274275,(04)23288582,2025,12,20,17,59,臺中市,北屯區,0,0,0,7,,,50,,,,,,,,,,,,,,13,,,,,C03,,,1,,1,,,7,7,1,12,4,120.664742,24.200728,3
8963,66000,387130000C,(04)23274275,(04)23288582,2025,12,20,18,2,臺中市,北屯區,0,0,0,7,,,50,,,,,,,,,,,,,,13,,,,,B03,,,1,,1,,,7,7,1,12,4,120.721573,24.162552,3
8964,66000,387130000C,(04)23274275,(04)23288582,2025,12,20,18,3,臺中市,西區,0,0,0,6,,,50,,,,,,,,,,,,,,,,,,,B01,,,1,,1,,,7,7,1,13,4,120.658502,24.155427,3
8965,66000,387130000C,(04)23274275,(04)23288582,2025,12,20,18,3,臺中市,西屯區,0,0,0,7,,,50,,,,,,,,,,,,,,12,,,,,B01,,,1,,2,,,8,8,1,12,4,120.610271,24.186907,3
8966,66000,387130000C,(04)23274275,(04)23288582,2025,12,20,18,5,臺中市,沙鹿區,0,0,0,7,,,50,,,,,,,,,,,,,,17,,,,,B03,,,1,,2,,,20,20,1,6,4,120.566694,24.204254,3
8967,66000,387130000C,(04)23274275,(04)23288582,2025,12,20,18,6,臺中市,西屯區,0,0,0,7,,,50,,,,,,,,,,,,,,14,,,,,B03,,,1,,1,,,49,49,2,12,4,120.663762,24.167764,3
8968,66000,387130000C,(04)23274275,(04)23288582,2025,12,20,18,9,臺中市,西屯區,0,0,0,7,,,40,,,,,,,,,,,,,,12,,,,,B03,,,1,,1,,,42,42,1,12,4,120.62969,24.162423,3
8969,66000,387130000C,(04)23274275,(04)23288582,2025,12,20,18,10,臺中市,西屯區,0,1,0,6,1,6,60,4,1,1,5,4,6,6,1,1,1,4,1,2,16,3,10,3,1,B03,7,5,1,8,2,2,,38,38,1,12,4,120.636391,24.160638,2
8970,66000,387130000C,(04)23274275,(04)23288582,2025,12,20,18,13,臺中市,南屯區,0,0,0,7,,,50,,,,,,,,,,,,,,12,,,,,B03,,,1,,1,,,59,59,1,13,4,120.641884,24.146877,3
8971,66000,387130000C,(04)23274275,(04)23288582,2025,12,20,18,13,臺中市,西屯區,0,0,0,7,,,30,,,,,,,,,,,,,,,,,,,B03,,,1,,2,,,59,59,1,12,4,120.664532,24.167786,3
8972,66000,387130000C,(04)23274275,(04)23288582,2025,12,20,18,14,臺中市,西區,0,1,0,7,1,6,50,3,1,1,5,4,6,6,4,4,8,3,5,2,16,3,10,3,1,B03,7,11,1,8,2,8,,45,45,1,12,4,120.661613,24.145786,2
8973,66000,387130000C,(04)23274275,(04)23288582,2025,12,20,18,20,臺中市,潭子區,0,0,0,7,,,50,,,,,,,,,,,,,,9,,,,,B12,,,1,,2,,,84,84,1,12,4,120.691162,24.215765,3
8974,66000,387130000C,(04)23274275,(04)23288582,2025,12,20,18,21,臺中市,大里區,0,2,0,7,1,6,30,4,1,1,5,4,6,6,4,4,10,5,5,2,15,2,9,2,1,C03,7,9,1,10,2,11,,15,15,1,13,4,120.708564,24.087186,2
8975,66000,387130000C,(04)23274275,(04)23288582,2025,12,20,18,26,臺中市,北區,0,0,0,7,,,50,,,,,,,,,,,,,,17,,,,,B03,,,1,,1,,,7,7,1,13,4,120.667746,24.156992,3
8976,66000,387130000C,(04)23274275,(04)23288582,2025,12,20,18,30,臺中市,北區,0,1,0,7,1,6,50,4,1,1,5,4,6,6,1,1,10,5,5,2,17,3,10,5,4,B01,7,15,1,4,2,1,,84,84,1,13,4,120.685404,24.161944,2
8977,66000,387130000C,(04)23274275,(04)23288582,2025,12,20,18,30,臺中市,大里區,0,0,0,7,1,6,40,13,8,1,5,4,6,6,4,4,5,5,4,2,17,,,,,C03,,,1,,2,,,7,7,1,13,4,120.685545,24.095416,3
8978,66000,387130000C,(04)23274275,(04)23288582,2025,12,20,18,33,臺中市,南區,0,1,0,7,1,6,50,4,1,1,5,4,6,6,2,1,10,5,5,2,17,3,10,5,4,B03,7,6,1,8,2,8,,11,11,1,13,4,120.662514,24.127541,2
8979,66000,387130000C,(04)23274275,(04)23288582,2025,12,20,18,34,臺中市,南屯區,0,1,0,7,1,6,50,13,9,1,5,4,6,6,1,1,5,5,5,2,12,2,9,1,1,C03,7,9,1,10,2,11,,84,84,1,12,4,120.602639,24.139284,2
8980,66000,387130000C,(04)23274275,(04)23288582,2025,12,20,18,43,臺中市,大里區,0,0,0,7,,,40,,,,,,,,,,,,,,,,,,,B03,,,1,,2,,,49,49,1,12,4,120.679006,24.09867,3
8981,66000,387130000C,(04)23274275,(04)23288582,2025,12,20,18,44,臺中市,豐原區,0,2,0,7,1,6,50,4,2,1,5,4,6,6,1,1,5,5,4,2,3,2,9,6,5,H01,8,18,7,21,10,17,,95,95,1,12,5,120.710418,24.250568,2
8982,66000,387130000C,(04)23274275,(04)23288582,2025,12,20,18,48,臺中市,西屯區,0,0,0,7,,,50,,,,,,,,,,,,,,13,,,,,B03,,,1,,1,,,59,59,1,13,4,120.634257,24.176514,3
8983,66000,387130000C,(04)23274275,(04)23288582,2025,12,20,18,49,臺中市,大里區,0,1,0,7,1,6,50,4,1,1,5,4,6,6,1,1,10,5,5,2,16,3,10,3,1,B03,7,6,1,8,2,1,,48,48,1,13,4,120.706557,24.095217,2
8984,66000,387130000C,(04)23274275,(04)23288582,2025,12,20,18,49,臺中市,豐原區,0,1,0,7,1,6,50,13,7,1,5,4,6,6,4,4,5,5,4,2,17,3,10,1,1,C03,7,9,1,10,9,11,,84,84,2,12,4,120.725611,24.252992,2
8985,66000,387130000C,(04)23274275,(04)23288582,2025,12,20,18,50,臺中市,西區,0,0,0,7,,,50,,,,,,,,,,,,,,,,,,,B01,,,1,,1,,,45,45,1,6,4,120.66081,24.146714,3
8986,66000,387130000C,(04)23274275,(04)23288582,2025,12,20,18,58,臺中市,太平區,0,0,0,7,1,6,30,3,1,1,5,4,6,6,4,4,10,5,5,2,11,,,,,B03,,,1,,1,,,84,84,1,12,4,120.712765,24.155358,3
8987,66000,387130000C,(04)23274275,(04)23288582,2025,12,20,18,59,臺中市,沙鹿區,0,0,0,7,,,50,,,,,,,,,,,,,,17,,,,,B03,,,1,,1,,,45,45,1,6,4,120.557811,24.225109,3
8988,66000,387130000C,(04)23274275,(04)23288582,2025,12,20,19,0,臺中市,大安區,0,1,0,7,1,6,50,3,1,1,5,4,6,6,4,4,10,5,5,2,17,2,9,5,4,C03,7,4,1,10,2,12,,34,34,1,6,4,120.601649,24.372584,2
8989,66000,387130000C,(04)23274275,(04)23288582,2025,12,20,19,6,臺中市,北屯區,0,1,0,7,1,6,50,4,19,1,5,4,6,6,2,1,10,5,5,2,3,3,10,3,1,B03,7,6,1,8,2,4,,10,10,1,6,4,120.694785,24.176329,2
8990,66000,387130000C,(04)23274275,(04)23288582,2025,12,20,19,7,臺中市,大里區,0,0,0,7,,3,80,,,,,,,,,,,,,,12,,,,,B03,,,1,,2,,,40,40,1,12,4,120.691467,24.09961,3
8991,66000,387130000C,(04)23274275,(04)23288582,2025,12,20,19,10,臺中市,北屯區,0,0,0,7,,,50,,,,,,,,,,,,,,12,,,,,C03,,,1,,1,,,8,8,1,6,4,120.679356,24.17322,3
8992,66000,387130000C,(04)23274275,(04)23288582,2025,12,20,19,11,臺中市,豐原區,0,2,0,7,3,6,50,13,9,1,5,4,6,6,4,4,5,5,5,2,9,2,9,1,1,C03,7,9,1,10,2,11,,84,84,1,12,4,120.722002,24.246397,2
8993,66000,387130000C,(04)23274275,(04)23288582,2025,12,20,19,23,臺中市,南屯區,0,0,0,7,,,50,,,,,,,,,,,,,,12,,,,,A12,,,1,,2,,,40,40,1,6,4,120.585419,24.16624,3
8994,66000,387130000C,(04)23274275,(04)23288582,2025,12,20,19,34,臺中市,西屯區,0,0,0,7,,,50,,,,,,,,,,,,,,16,,,,,C03,,,1,,1,,,14,14,1,12,4,120.616787,24.182149,3
8995,66000,387130000C,(04)23274275,(04)23288582,2025,12,20,19,37,臺中市,西屯區,0,1,0,7,1,6,40,4,1,1,5,4,6,6,2,1,4,4,4,2,16,3,10,5,4,C03,7,5,1,10,5,13,,53,53,1,13,4,120.642257,24.177761,2
8996,66000,387130000C,(04)23274275,(04)23288582,2025,12,20,19,45,臺中市,豐原區,0,0,0,7,,,50,,,,,,,,,,,,,,14,,,,,B03,,,1,,1,,,49,49,1,12,4,120.709536,24.245074,3
8997,66000,387130000C,(04)23274275,(04)23288582,2025,12,20,19,46,臺中市,南區,0,1,0,7,1,6,50,13,9,1,5,4,6,6,4,4,9,4,4,2,12,3,10,3,1,B03,7,9,1,8,2,1,,7,7,1,12,4,120.661512,24.113105,2
8998,66000,387130000C,(04)23274275,(04)23288582,2025,12,20,19,50,臺中市,北屯區,0,2,0,7,1,6,50,13,9,1,5,4,6,6,2,1,1,4,5,2,13,2,9,1,1,C03,7,9,1,8,2,11,,58,58,1,12,4,120.681807,24.172647,2
8999,66000,387130000C,(04)23274275,(04)23288582,2025,12,20,19,57,臺中市,中區,0,3,0,6,1,6,50,13,9,1,5,4,6,6,4,4,5,4,5,2,17,2,9,1,1,C03,7,9,1,10,2,11,,59,59,1,12,4,120.676415,24.145391,2
9000,66000,387130000C,(04)23274275,(04)23288582,2025,12,20,19,58,臺中市,大安區,0,2,0,7,1,6,50,4,1,1,5,4,6,6,4,4,10,5,5,2,15,2,9,1,1,C03,7,9,5,19,2,12,,15,15,1,6,4,120.614998,24.377384,2
9001,66000,387130000C,(04)23274275,(04)23288582,2025,12,20,20,10,臺中市,西屯區,0,0,0,7,,,50,,,,,,,,,,,,,,12,,,,,B03,,,1,,2,,,40,40,1,12,4,120.638204,24.170286,3
9002,66000,387130000C,(04)23274275,(04)23288582,2025,12,20,20,22,臺中市,太平區,0,0,0,7,,,30,,,,,,,,,,,,,,15,,,,,B03,,,1,,2,,,12,12,1,12,4,120.712193,24.15763,3
9003,66000,387130000C,(04)23274275,(04)23288582,2025,12,20,20,26,臺中市,南屯區,0,0,0,7,1,6,50,13,9,1,5,4,6,6,4,4,5,5,5,2,13,,,,,B03,,,1,,1,,,59,59,1,12,4,120.649962,24.13076,3
9004,66000,387130000C,(04)23274275,(04)23288582,2025,12,20,20,26,臺中市,南屯區,0,0,0,7,,,50,,,,,,,,,,,,,,,,,,,F07,,,1,,2,,,49,49,1,13,4,120.639006,24.14175,3
9005,66000,387130000C,(04)23274275,(04)23288582,2025,12,20,20,30,臺中市,梧棲區,0,0,0,7,,,50,,,,,,,,,,,,,,26,,,,,B02,,,1,,2,,,59,59,1,12,4,120.528789,24.259729,3
9006,66000,387130000C,(04)23274275,(04)23288582,2025,12,20,20,40,臺中市,北區,0,1,0,7,1,6,50,13,9,1,5,4,6,6,4,4,9,5,5,2,17,3,10,3,1,B03,7,1,1,8,2,8,,51,51,1,12,4,120.697983,24.15331,2
9007,66000,387130000C,(04)23274275,(04)23288582,2025,12,20,20,40,臺中市,大肚區,0,1,0,7,1,6,70,13,14,1,5,4,6,6,4,4,1,4,5,1,16,3,10,3,1,B03,7,5,1,8,2,8,,47,47,1,6,4,120.549688,24.139849,2
9008,66000,387130000C,(04)23274275,(04)23288582,2025,12,20,20,40,臺中市,龍井區,0,1,0,7,1,6,50,4,1,1,5,4,6,6,4,4,10,5,5,2,15,3,10,3,1,B03,7,9,1,8,2,8,,13,13,1,6,4,120.545843,24.177228,2
9009,66000,387130000C,(04)23274275,(04)23288582,2025,12,20,20,50,臺中市,南屯區,0,0,0,7,1,6,50,13,8,1,5,4,6,6,1,1,5,5,4,2,17,,,,,B03,,,1,,1,,,84,84,1,12,4,120.649736,24.153686,3
9010,66000,387130000C,(04)23274275,(04)23288582,2025,12,20,20,50,臺中市,梧棲區,0,0,0,7,,,50,,,,,,,,,,,,,,16,,,,,C03,,,1,,1,,,1,1,1,5,4,120.528302,24.253078,3
9011,66000,387130000C,(04)23274275,(04)23288582,2025,12,20,20,51,臺中市,北屯區,0,1,0,7,1,6,30,11,9,1,5,4,6,6,4,4,10,5,5,2,20,2,9,1,1,C03,7,9,1,10,2,11,,59,59,1,4,4,120.761219,24.178766,2
9012,66000,387130000C,(04)23274275,(04)23288582,2025,12,20,20,51,臺中市,西屯區,0,0,0,7,,,50,,,,,,,,,,,,,,14,,,,,B12,,,1,,1,,,49,49,1,12,4,120.603038,24.184996,3
9013,66000,387130000C,(04)23274275,(04)23288582,2025,12,20,21,2,臺中市,北屯區,0,0,0,7,,,50,,,,,,,,,,,,,,17,,,,,B12,,,1,,1,,,51,51,1,12,4,120.704788,24.172825,3
9014,66000,387130000C,(04)23274275,(04)23288582,2025,12,20,21,2,臺中市,大里區,0,0,0,7,,,50,,,,,,,,,,,,,,14,,,,,B03,,,1,,1,,,49,49,1,12,4,120.697232,24.082912,3
9015,66000,387130000C,(04)23274275,(04)23288582,2025,12,20,21,7,臺中市,東區,0,0,0,7,,,50,,,,,,,,,,,,,,13,,,,,C03,,,1,,2,,,7,7,1,12,4,120.693065,24.133236,3
9016,66000,387130000C,(04)23274275,(04)23288582,2025,12,20,21,10,臺中市,北屯區,0,1,0,7,1,6,50,3,1,1,5,4,6,6,1,1,10,5,5,2,16,3,10,3,1,B03,7,5,1,8,2,2,,20,20,1,6,4,120.700798,24.170057,2
9017,66000,387130000C,(04)23274275,(04)23288582,2025,12,20,21,11,臺中市,大里區,0,0,0,7,,,50,,,,,,,,,,,,,,,,,,,C03,,,1,,2,,,26,26,1,12,4,120.681181,24.115112,3
9018,66000,387130000C,(04)23274275,(04)23288582,2025,12,20,21,16,臺中市,北區,0,1,0,7,1,6,50,3,9,1,5,4,6,6,4,4,5,4,5,2,17,3,10,3,1,B03,7,14,1,8,2,2,,76,76,1,12,4,120.667086,24.166589,2
9019,66000,387130000C,(04)23274275,(04)23288582,2025,12,20,21,37,臺中市,中區,0,0,0,7,,,50,,,,,,,,,,,,,,12,,,,,C03,,,1,,2,,,40,40,1,13,4,120.685395,24.137995,3
9020,66000,387130000C,(04)23274275,(04)23288582,2025,12,20,22,15,臺中市,中區,0,0,0,7,,,,,,,,,,,,,,,,,,,,,,,,,,,,,,84,84,1,,,120.684266,24.140881,3
9021,66000,387130000C,(04)23274275,(04)23288582,2025,12,20,22,18,臺中市,西屯區,0,3,0,7,1,6,30,4,1,1,5,4,6,6,4,4,10,5,5,1,15,2,9,2,1,C03,7,9,1,10,2,11,,12,12,1,12,4,120.64425,24.18016,2
9022,66000,387130000C,(04)23274275,(04)23288582,2025,12,20,22,21,臺中市,北區,0,1,0,7,1,6,50,4,2,1,5,4,6,6,1,1,3,4,5,2,13,3,10,1,1,C03,7,9,1,10,2,11,,8,8,1,12,4,120.685689,24.143155,2
9023,66000,387130000C,(04)23274275,(04)23288582,2025,12,20,22,21,臺中市,東區,0,0,0,7,,,50,,,,,,,,,,,,,,,,,,,C03,,,1,,2,,,49,49,1,12,4,120.704986,24.134148,4
9024,66000,387130000C,(04)23274275,(04)23288582,2025,12,20,22,34,臺中市,西區,0,0,0,7,,,50,,,,,,,,,,,,,,12,,,,,B03,,,1,,1,,,40,40,1,13,4,120.655424,24.15101,3
9025,66000,387130000C,(04)23274275,(04)23288582,2025,12,20,22,47,臺中市,北屯區,0,0,0,7,,,50,,,,,,,,,,,,,,13,,,,,B03,,,1,,1,,,59,59,1,12,4,120.69045,24.171704,3
9026,66000,387130000C,(04)23274275,(04)23288582,2025,12,20,22,52,臺中市,大肚區,0,0,0,7,,,50,,,,,,,,,,,,,,13,,,,,C03,,,1,,2,,,7,7,1,6,4,120.575927,24.175444,3
9027,66000,387130000C,(04)23274275,(04)23288582,2025,12,20,22,53,臺中市,北屯區,0,1,0,7,1,6,50,13,14,1,5,4,6,6,4,4,5,5,5,1,17,2,9,2,1,C03,7,4,1,10,2,12,14,1,1,1,13,4,120.675981,24.194491,2
9028,66000,387130000C,(04)23274275,(04)23288582,2025,12,20,22,55,臺中市,中區,0,1,0,7,1,6,50,4,1,1,5,4,6,6,1,1,10,5,5,1,17,3,10,5,4,B01,7,6,1,4,2,5,,11,11,1,12,4,120.682875,24.14079,2
9029,66000,387130000C,(04)23274275,(04)23288582,2025,12,20,23,12,臺中市,北區,0,0,0,7,,,50,,,,,,,,,,,,,,,,,,,B03,,,1,,1,,,49,49,1,12,4,120.676037,24.148142,3
9030,66000,387130000C,(04)23274275,(04)23288582,2025,12,20,23,21,臺中市,大里區,0,0,0,7,,,50,,,,,,,,,,,,,,,,,,,B03,,,1,,2,,,49,49,1,12,4,120.707685,24.087076,3
9031,66000,387130000C,(04)23274275,(04)23288582,2025,12,21,0,2,臺中市,中區,0,1,0,7,1,6,40,4,1,1,5,4,6,6,2,1,10,5,5,2,3,3,10,2,1,C03,7,5,1,10,2,11,,10,10,1,13,4,120.675029,24.143575,2
9032,66000,387130000C,(04)23274275,(04)23288582,2025,12,21,0,10,臺中市,北區,0,3,0,7,1,6,50,4,1,1,5,4,6,6,3,1,10,5,5,2,15,2,9,1,1,C03,7,9,1,10,2,11,,24,24,1,5,4,120.676014,24.14813,2
9033,66000,387130000C,(04)23274275,(04)23288582,2025,12,21,0,18,臺中市,北屯區,0,0,0,7,,,50,,,,,,,,,,,,,,14,,,,,B03,,,1,,1,,,49,49,1,13,4,120.686639,24.172591,3
9034,66000,387130000C,(04)23274275,(04)23288582,2025,12,21,0,37,臺中市,大雅區,0,0,0,7,,,60,,,,,,,,,,,,,,,,,,,C03,,,2,,2,,,84,84,1,12,4,120.672006,24.239437,3
9035,66000,387130000C,(04)23274275,(04)23288582,2025,12,21,0,37,臺中市,沙鹿區,0,0,0,7,,,30,,,,,,,,,,,,,,17,,,,,B01,,,1,,2,,,8,8,1,6,4,120.606838,24.245308,3
9036,66000,387130000C,(04)23274275,(04)23288582,2025,12,21,1,21,臺中市,太平區,0,1,0,7,1,6,50,13,7,1,5,4,6,6,4,4,1,4,1,2,23,2,9,3,1,B03,7,9,1,8,2,1,,84,84,1,12,4,120.716218,24.154177,2
9037,66000,387130000C,(04)23274275,(04)23288582,2025,12,21,1,29,臺中市,北屯區,0,0,0,7,,3,80,,,,,,,,,,,,,,12,,,,,B03,,,1,,1,,,40,40,1,12,4,120.720625,24.171427,3
9038,66000,387130000C,(04)23274275,(04)23288582,2025,12,21,1,44,臺中市,西屯區,0,2,0,7,1,6,50,3,2,1,5,4,6,6,2,1,10,5,5,2,16,2,9,1,1,C03,7,6,1,10,2,12,,39,39,1,12,4,120.644913,24.182215,2
9039,66000,387130000C,(04)23274275,(04)23288582,2025,12,21,2,0,臺中市,梧棲區,0,0,0,7,,,50,,,,,,,,,,,,,,17,,,,,B03,,,1,,1,,,45,45,1,6,4,120.52359,24.233829,3
9040,66000,387130000C,(04)23274275,(04)23288582,2025,12,21,3,12,臺中市,大甲區,0,1,0,7,1,6,50,13,9,1,5,4,3,6,4,4,5,5,5,1,17,2,9,5,4,C03,7,9,1,10,2,12,,84,84,1,6,4,120.619285,24.348766,2
9041,66000,387130000C,(04)23274275,(04)23288582,2025,12,21,3,51,臺中市,西屯區,0,0,0,7,,,30,,,,,,,,,,,,,,17,,,,,C03,,,1,,1,,,59,59,1,12,4,120.665082,24.171047,3
9042,66000,387130000C,(04)23274275,(04)23288582,2025,12,21,4,4,臺中市,大里區,0,1,0,7,1,9,50,13,9,1,5,4,6,6,4,4,5,4,5,2,17,2,9,1,1,C03,7,9,1,10,2,11,,84,84,1,12,4,120.685882,24.121465,2
9043,66000,387130000C,(04)23274275,(04)23288582,2025,12,21,4,28,臺中市,北區,0,1,0,7,1,6,50,13,9,1,5,4,6,6,4,4,2,4,5,2,13,2,9,1,1,C03,7,9,1,10,2,11,,84,84,1,13,4,120.684938,24.151351,2
9044,66000,387130000C,(04)23274275,(04)23288582,2025,12,21,4,59,臺中市,西屯區,0,1,0,7,1,6,0,13,21,4,5,4,6,6,4,4,10,5,5,2,17,2,7,1,4,C03,7,9,1,10,2,11,,84,84,1,12,4,120.639195,24.18956,2
9045,66000,387130000C,(04)23274275,(04)23288582,2025,12,21,6,8,臺中市,大里區,0,0,0,7,,,30,,,,,,,,,,,,,,17,,,,,B03,,,1,,9,,,84,84,2,12,4,120.699761,24.09305,3
9046,66000,387130000C,(04)23274275,(04)23288582,2025,12,21,6,21,臺中市,龍井區,0,2,0,7,2,6,50,3,2,1,5,4,6,6,4,4,10,5,5,2,16,2,9,1,1,C03,7,6,1,10,2,14,,12,12,1,6,4,120.549388,24.191129,2