序號,縣市別代碼,機關代碼,市話,傳真,年,月,日,時,分,縣市,區,死亡數量,受傷數量,2-30,天候,道路照明設備,道路類別,道路速限,道路型態,事故位置,路面鋪裝,路面狀態,路面缺陷,障礙物,視距,號誌種類,號誌動作,分向設施,快車道或一般車道間,快慢車道間,路面邊線,事故類型及型態,受傷程度,主要傷處,保護裝備,行動電話或功能裝置,當事者區分(類別),車輛用途,當事者行動狀態,駕照狀態,駕照種類,飲酒情形,車輛撞擊部位最初,車輛撞擊部位其他,肇事因素個別,肇事因素主要,肇事逃逸,職業,共享經濟或外送平台,GPS座標X,GPS座標Y,事故類別
9047,66000,387130000C,(04)23274275,(04)23288582,2025,12,21,6,29,臺中市,太平區,0,0,0,7,,,30,,,,,,,,,,,,,,14,,,,,B03,,,1,,2,,,49,49,1,12,4,120.735525,24.145502,3
9048,66000,387130000C,(04)23274275,(04)23288582,2025,12,21,6,40,臺中市,西屯區,0,0,0,7,,,50,,,,,,,,,,,,,,17,,,,,A12,,,1,,2,,,78,78,1,12,4,120.603393,24.157821,3
9049,66000,387130000C,(04)23274275,(04)23288582,2025,12,21,6,43,臺中市,龍井區,0,1,0,7,2,6,30,13,9,1,5,4,6,3,4,4,10,5,5,2,17,3,10,3,1,B03,7,1,1,8,2,1,,20,20,1,6,4,120.587726,24.178627,2
9050,66000,387130000C,(04)23274275,(04)23288582,2025,12,21,6,45,臺中市,神岡區,0,1,0,7,1,6,50,11,14,1,5,4,6,6,4,4,10,5,5,1,19,2,9,1,1,C03,7,9,1,10,8,11,,53,53,1,12,4,120.669067,24.247092,2
9051,66000,387130000C,(04)23274275,(04)23288582,2025,12,21,6,52,臺中市,梧棲區,0,1,0,7,2,6,50,13,9,1,5,4,6,6,4,4,10,5,5,2,28,2,9,1,1,C03,7,9,1,10,2,11,,58,58,1,12,4,120.543883,24.23829,2
9052,66000,387130000C,(04)23274275,(04)23288582,2025,12,21,7,3,臺中市,梧棲區,0,0,0,6,,,50,,,,,,,,,,,,,,12,,,,,B03,,,5,,2,,,51,51,1,12,4,120.536065,24.26287,3
9053,66000,387130000C,(04)23274275,(04)23288582,2025,12,21,7,10,臺中市,北屯區,0,1,0,7,1,6,50,4,2,1,5,4,6,6,1,1,3,4,4,2,13,3,10,3,1,A04,7,9,1,1,2,1,,84,84,1,13,4,120.733177,24.160971,2
9054,66000,387130000C,(04)23274275,(04)23288582,2025,12,21,7,26,臺中市,南屯區,0,1,0,7,2,6,50,4,1,1,5,4,6,6,2,1,5,5,5,2,16,2,9,1,1,C03,7,9,1,8,2,11,,59,59,1,6,4,120.63163,24.125399,2
9055,66000,387130000C,(04)23274275,(04)23288582,2025,12,21,7,27,臺中市,潭子區,0,1,0,7,2,6,40,13,9,1,5,4,6,6,1,1,10,5,5,1,13,3,10,3,1,B03,7,9,1,8,2,1,,59,59,1,13,4,120.701778,24.201139,2
9056,66000,387130000C,(04)23274275,(04)23288582,2025,12,21,7,28,臺中市,西屯區,0,1,0,7,2,6,50,13,9,1,5,4,6,6,2,1,4,5,5,1,12,2,8,1,4,C03,7,9,1,10,2,14,,8,8,1,12,4,120.657538,24.167801,2
9057,66000,387130000C,(04)23274275,(04)23288582,2025,12,21,7,34,臺中市,豐原區,0,0,0,7,,,50,,,,,,,,,,,,,,16,,,,,F01,,,7,,2,,,14,14,1,12,4,120.727448,24.238206,3
9058,66000,387130000C,(04)23274275,(04)23288582,2025,12,21,7,40,臺中市,北屯區,0,1,0,7,2,6,50,4,1,1,5,4,6,6,1,1,10,5,5,2,12,3,10,5,4,B02,7,5,6,20,11,2,,47,47,1,6,4,120.720953,24.169893,2
9059,66000,387130000C,(04)23274275,(04)23288582,2025,12,21,7,42,臺中市,龍井區,0,0,0,7,,,50,,,,,,,,,,,,,,,,,,,B03,,,1,,2,,,82,82,1,6,4,120.550047,24.19334,3
9060,66000,387130000C,(04)23274275,(04)23288582,2025,12,21,7,45,臺中市,太平區,0,0,0,7,,,50,,,,,,,,,,,,,,11,,,,,B03,,,1,,2,,,41,41,1,12,4,120.711688,24.12583,3
9061,66000,387130000C,(04)23274275,(04)23288582,2025,12,21,7,50,臺中市,南區,0,2,0,7,1,6,50,4,1,1,5,4,6,4,1,1,10,5,5,2,17,2,9,5,4,C03,7,6,1,10,2,14,,48,48,1,12,4,120.645502,24.111993,2
9062,66000,387130000C,(04)23274275,(04)23288582,2025,12,21,8,6,臺中市,東區,0,1,0,7,2,6,50,4,1,1,5,4,6,6,1,1,10,5,5,2,16,3,10,3,1,B03,7,5,1,8,2,5,,84,84,1,12,4,120.700733,24.127195,2
9063,66000,387130000C,(04)23274275,(04)23288582,2025,12,21,8,6,臺中市,大里區,0,1,0,7,3,6,50,4,1,1,5,4,6,6,1,1,10,5,5,2,16,3,10,1,1,C03,7,6,1,10,2,11,,11,11,1,12,2,120.702794,24.088348,2
9064,66000,387130000C,(04)23274275,(04)23288582,2025,12,21,8,9,臺中市,龍井區,0,1,0,7,2,6,40,13,9,1,5,4,6,6,4,4,5,5,5,2,7,3,10,3,1,B02,7,2,1,8,2,7,,84,84,1,6,4,120.530065,24.182035,2
9065,66000,387130000C,(04)23274275,(04)23288582,2025,12,21,8,17,臺中市,沙鹿區,0,0,0,7,,,50,,,,,,,,,,,,,,,,,,,B03,,,5,,1,,,49,49,1,12,4,120.554272,24.231211,3
9066,66000,387130000C,(04)23274275,(04)23288582,2025,12,21,8,25,臺中市,清水區,0,0,0,7,,,40,,,,,,,,,,,,,,17,,,,,B03,,,1,,1,,,49,49,1,12,4,120.568736,24.273182,3
9067,66000,387130000C,(04)23274275,(04)23288582,2025,12,21,8,30,臺中市,大里區,0,0,0,7,,,0,,,,,,,,,,,,,,17,,,,,,,,,,,,,109,109,1,6,4,120.676508,24.110043,3
9068,66000,387130000C,(04)23274275,(04)23288582,2025,12,21,8,42,臺中市,北區,0,2,0,7,2,6,50,4,1,1,5,4,6,6,2,1,10,5,5,2,13,2,9,1,1,C03,7,9,1,10,2,11,,84,84,1,13,4,120.677303,24.151254,2
9069,66000,387130000C,(04)23274275,(04)23288582,2025,12,21,8,44,臺中市,龍井區,0,1,0,7,2,6,50,4,9,1,5,4,6,6,4,4,5,5,5,2,12,2,9,1,1,C03,7,9,1,10,2,11,,7,7,1,12,4,120.529535,24.201658,2
9070,66000,387130000C,(04)23274275,(04)23288582,2025,12,21,8,44,臺中市,神岡區,0,2,0,7,2,6,50,13,9,1,5,4,6,6,4,4,5,5,5,2,13,2,9,5,4,C03,7,9,3,19,2,11,,59,59,1,12,4,120.656732,24.269276,2
9071,66000,387130000C,(04)23274275,(04)23288582,2025,12,21,8,47,臺中市,烏日區,0,0,0,7,,,50,,,,,,,,,,,,,,,,,,,B12,,,1,,2,,,7,7,1,13,4,120.626859,24.103804,3
9072,66000,387130000C,(04)23274275,(04)23288582,2025,12,21,9,7,臺中市,北區,0,1,0,7,2,6,50,13,9,1,5,4,6,6,4,4,3,4,5,1,17,3,10,3,1,B03,7,8,1,8,2,4,,40,40,1,12,4,120.685421,24.156283,2
9073,66000,387130000C,(04)23274275,(04)23288582,2025,12,21,9,12,臺中市,大甲區,0,0,0,7,,,50,,,,,,,,,,,,,,,,,,,B03,,,1,,6,,,7,7,1,6,4,120.6275,24.351746,3
9074,66000,387130000C,(04)23274275,(04)23288582,2025,12,21,9,13,臺中市,東勢區,0,2,0,7,2,6,50,4,1,1,5,4,6,6,1,1,10,5,5,2,17,2,8,1,1,C03,7,6,1,10,2,14,,11,11,1,12,4,120.827161,24.25999,2
9075,66000,387130000C,(04)23274275,(04)23288582,2025,12,21,9,20,臺中市,大雅區,0,0,0,7,,,70,,,,,,,,,,,,,,,,,,,B03,,,1,,2,,,50,50,1,12,4,120.632987,24.238175,3
9076,66000,387130000C,(04)23274275,(04)23288582,2025,12,21,9,26,臺中市,大里區,0,1,0,7,2,6,30,4,1,1,5,4,6,6,4,4,10,5,5,2,15,2,9,2,1,C03,7,9,1,10,2,11,,15,15,1,12,4,120.70612,24.084129,2
9077,66000,387130000C,(04)23274275,(04)23288582,2025,12,21,9,29,臺中市,大里區,0,1,0,7,3,6,30,11,9,1,5,4,6,6,4,4,10,5,5,2,11,3,10,3,1,B03,7,6,1,8,2,7,,8,8,1,12,4,120.69577,24.112411,2
9078,66000,387130000C,(04)23274275,(04)23288582,2025,12,21,9,30,臺中市,太平區,0,1,0,7,2,6,50,13,7,1,5,4,6,6,4,4,5,5,4,1,17,3,10,3,1,B12,7,1,1,8,2,8,,51,51,1,12,4,120.718677,24.129459,2
9079,66000,387130000C,(04)23274275,(04)23288582,2025,12,21,9,33,臺中市,西區,0,1,0,7,3,6,30,4,1,1,5,4,6,6,4,4,10,5,5,2,15,2,8,1,1,C03,7,9,1,10,2,11,,15,15,1,6,4,120.655824,24.135862,2
9080,66000,387130000C,(04)23274275,(04)23288582,2025,12,21,9,33,臺中市,太平區,0,0,0,7,,,30,,,,,,,,,,,,,,,,,,,B03,,,1,,2,,,41,41,1,12,4,120.728922,24.140668,3
9081,66000,387130000C,(04)23274275,(04)23288582,2025,12,21,9,40,臺中市,大里區,0,0,0,7,,,50,,,,,,,,,,,,,,17,,,,,C03,,,1,,2,,,21,21,1,13,4,120.687001,24.120996,3
9082,66000,387130000C,(04)23274275,(04)23288582,2025,12,21,9,43,臺中市,太平區,0,1,0,7,3,6,50,3,1,1,5,4,6,6,4,4,10,5,5,2,16,2,9,1,1,C03,7,11,1,10,2,14,,45,45,1,6,4,120.731202,24.140252,2
9083,66000,387130000C,(04)23274275,(04)23288582,2025,12,21,9,45,臺中市,北屯區,0,2,0,7,3,6,50,4,1,1,5,4,6,6,2,1,10,5,5,2,12,3,10,2,1,C03,7,9,1,10,2,14,,21,21,1,6,4,120.730333,24.173885,2
9084,66000,387130000C,(04)23274275,(04)23288582,2025,12,21,9,50,臺中市,西屯區,0,1,0,7,2,6,50,13,9,1,5,4,6,6,2,1,10,5,5,2,12,2,8,2,4,C03,7,8,1,10,2,14,,84,84,1,13,4,120.613711,24.173329,2
9085,66000,387130000C,(04)23274275,(04)23288582,2025,12,21,9,50,臺中市,西屯區,0,0,0,7,2,6,30,13,9,1,5,4,6,6,4,4,,5,5,2,17,,,,,B03,,,1,,9,,,8,8,1,13,4,120.647061,24.182958,3
9086,66000,387130000C,(04)23274275,(04)23288582,2025,12,21,9,58,臺中市,潭子區,0,0,0,7,,,50,,,,,,,,,,,,,,17,,,,,B03,,,1,,1,,,50,50,1,13,4,120.705933,24.201525,3
9087,66000,387130000C,(04)23274275,(04)23288582,2025,12,21,10,2,臺中市,北區,0,0,0,7,,,50,,,,,,,,,,,,,,13,,,,,C03,,,1,,1,,,84,84,1,13,4,120.666325,24.15921,3
9088,66000,387130000C,(04)23274275,(04)23288582,2025,12,21,10,4,臺中市,南屯區,0,0,0,7,,,30,,,,,,,,,,,,,,12,,,,,B03,,,1,,1,,,8,8,1,12,4,120.647866,24.148047,3
9089,66000,387130000C,(04)23274275,(04)23288582,2025,12,21,10,6,臺中市,大甲區,0,1,0,7,2,6,50,4,2,1,5,4,6,6,1,1,5,4,5,1,16,2,9,2,1,C03,7,9,1,10,2,11,,4,4,1,6,4,120.627583,24.351129,2
9090,66000,387130000C,(04)23274275,(04)23288582,2025,12,21,10,8,臺中市,北區,0,0,0,7,2,6,50,4,2,1,5,4,6,6,3,1,10,5,5,2,17,3,10,3,1,B03,7,6,1,8,2,5,,84,84,1,12,4,120.679093,24.153401,3
9091,66000,387130000C,(04)23274275,(04)23288582,2025,12,21,10,9,臺中市,神岡區,0,2,0,7,1,6,50,4,1,1,5,4,6,6,1,1,10,5,5,1,16,2,9,1,1,C03,7,1,1,10,2,14,,51,51,1,12,4,120.701199,24.251331,2
9092,66000,387130000C,(04)23274275,(04)23288582,2025,12,21,10,10,臺中市,東區,0,2,0,7,3,6,50,13,7,1,5,4,6,6,4,4,5,5,4,2,13,3,10,3,1,B12,7,9,1,4,2,1,,84,84,1,12,4,120.698826,24.139039,2
9093,66000,387130000C,(04)23274275,(04)23288582,2025,12,21,10,10,臺中市,大里區,0,2,0,7,3,3,80,13,7,1,5,4,6,6,4,4,3,4,5,1,13,3,10,3,1,B03,7,9,1,8,2,1,,7,7,1,12,4,120.683846,24.090259,2
9094,66000,387130000C,(04)23274275,(04)23288582,2025,12,21,10,10,臺中市,烏日區,0,1,0,7,2,6,30,13,9,1,5,4,6,6,4,4,10,5,5,1,18,2,9,2,1,C03,7,9,1,10,2,11,,58,58,1,6,4,120.637141,24.100917,2
9095,66000,387130000C,(04)23274275,(04)23288582,2025,12,21,10,11,臺中市,大里區,0,0,0,7,,,30,,,,,,,,,,,,,,13,,,,,C03,,,1,,1,,,7,7,1,12,4,120.707355,24.091323,3
9096,66000,387130000C,(04)23274275,(04)23288582,2025,12,21,10,17,臺中市,南屯區,0,2,0,7,3,6,50,4,1,1,5,4,6,6,1,1,5,4,5,2,16,2,9,1,1,C03,7,9,1,10,2,11,,21,21,1,12,4,120.651301,24.136742,2
9097,66000,387130000C,(04)23274275,(04)23288582,2025,12,21,10,23,臺中市,大甲區,0,0,0,7,,,70,,,,,,,,,,,,,,13,,,,,B03,,,1,,2,,,56,56,1,6,4,120.647788,24.396048,3
9098,66000,387130000C,(04)23274275,(04)23288582,2025,12,21,10,28,臺中市,西區,0,4,0,7,2,6,50,3,1,1,5,4,6,6,1,1,9,4,5,2,12,2,9,1,1,C03,7,7,1,10,2,13,,40,40,1,12,4,120.678309,24.139279,2
9099,66000,387130000C,(04)23274275,(04)23288582,2025,12,21,10,29,臺中市,大甲區,0,0,0,7,,,50,,,,,,,,,,,,,,,,,,,B03,,,1,,2,,,8,8,1,6,4,120.618191,24.343853,3
9100,66000,387130000C,(04)23274275,(04)23288582,2025,12,21,10,31,臺中市,西區,0,2,0,7,2,6,50,4,1,1,5,4,6,6,4,4,10,5,5,2,15,2,9,1,1,C03,7,9,1,10,2,11,,12,12,1,13,4,120.655243,24.138352,2
9101,66000,387130000C,(04)23274275,(04)23288582,2025,12,21,10,36,臺中市,北屯區,0,2,0,7,3,6,50,4,1,1,5,4,6,6,1,1,10,5,5,2,16,2,9,3,1,B03,7,6,1,8,2,5,,11,11,1,6,4,120.721018,24.170018,2
9102,66000,387130000C,(04)23274275,(04)23288582,2025,12,21,10,37,臺中市,南屯區,0,2,0,7,2,6,30,3,1,1,5,4,6,6,4,4,5,5,5,2,16,2,9,2,1,C03,7,6,1,10,2,11,,14,14,1,13,4,120.610971,24.13845,2
9103,66000,387130000C,(04)23274275,(04)23288582,2025,12,21,10,39,臺中市,西區,0,0,0,7,,,50,,,,,,,,,,,,,,,,,,,B01,,,1,,2,,,40,40,1,12,4,120.663488,24.141309,3
9104,66000,387130000C,(04)23274275,(04)23288582,2025,12,21,10,40,臺中市,南區,0,0,0,7,,,50,,,,,,,,,,,,,,17,,,,,B03,,,1,,2,,,7,7,1,12,4,120.670681,24.119158,3
9105,66000,387130000C,(04)23274275,(04)23288582,2025,12,21,10,40,臺中市,大里區,0,0,0,7,3,6,50,4,1,1,5,4,6,6,1,1,10,5,5,2,12,,,,,A04,,,1,,9,,,7,7,1,12,4,120.68963,24.106441,3
9106,66000,387130000C,(04)23274275,(04)23288582,2025,12,21,10,41,臺中市,西屯區,0,1,0,7,2,6,40,13,8,1,5,4,6,6,4,4,1,4,3,2,13,2,8,5,4,C03,7,9,1,10,2,11,,7,7,1,12,4,120.644976,24.165433,2
9107,66000,387130000C,(04)23274275,(04)23288582,2025,12,21,10,42,臺中市,北區,0,1,0,7,2,6,1,13,9,1,5,4,6,6,4,4,10,5,5,2,17,2,9,1,1,C03,7,1,1,10,2,11,,51,51,1,12,4,120.668019,24.170278,2
9108,66000,387130000C,(04)23274275,(04)23288582,2025,12,21,10,42,臺中市,太平區,0,0,0,7,,,50,,,,,,,,,,,,,,,,,,,B03,,,1,,1,,,78,78,1,12,4,120.716854,24.151738,3
9109,66000,387130000C,(04)23274275,(04)23288582,2025,12,21,10,43,臺中市,大里區,0,0,0,7,,,50,,,,,,,,,,,,,,14,,,,,B03,,,1,,1,,,49,49,1,12,4,120.703114,24.096088,3
9110,66000,387130000C,(04)23274275,(04)23288582,2025,12,21,10,45,臺中市,東區,0,0,0,7,,,50,,,,,,,,,,,,,,,,,,,C03,,,1,,1,,,48,48,1,12,4,120.684928,24.130795,3
9111,66000,387130000C,(04)23274275,(04)23288582,2025,12,21,10,45,臺中市,西屯區,0,0,0,7,2,6,50,4,1,1,5,4,6,6,2,1,5,5,4,2,11,,,,,C03,,,1,,1,,,11,11,1,13,4,120.650891,24.171635,3
9112,66000,387130000C,(04)23274275,(04)23288582,2025,12,21,10,45,臺中市,太平區,0,0,0,7,,3,80,,,,,,,,,,,,,,17,,,,,A12,,,1,,2,,,68,68,1,12,4,120.717246,24.155759,3
9113,66000,387130000C,(04)23274275,(04)23288582,2025,12,21,10,46,臺中市,大里區,0,1,0,7,3,6,30,4,1,1,5,4,6,6,4,4,10,5,5,2,15,2,9,1,1,C03,7,9,1,10,2,11,,15,15,1,13,4,120.692592,24.110065,2
9114,66000,387130000C,(04)23274275,(04)23288582,2025,12,21,10,48,臺中市,南屯區,0,0,0,7,,,,,,,,,,,,,,,,,,,,,,,,,,,,,,119,119,1,,,120.616775,24.156462,3
9115,66000,387130000C,(04)23274275,(04)23288582,2025,12,21,10,49,臺中市,北屯區,0,2,0,7,3,6,50,3,1,1,5,4,6,6,1,1,10,5,5,2,11,3,10,3,1,B03,7,6,1,8,2,1,,11,11,1,6,4,120.755035,24.199816,2
9116,66000,387130000C,(04)23274275,(04)23288582,2025,12,21,10,50,臺中市,西區,0,0,0,7,,,50,,,,,,,,,,,,,,,,,,,B03,,,1,,2,,,51,51,1,12,4,120.659121,24.153458,3
9117,66000,387130000C,(04)23274275,(04)23288582,2025,12,21,10,56,臺中市,后里區,0,1,0,7,2,6,50,4,1,1,5,4,6,6,3,1,10,5,5,2,15,3,10,3,1,B03,7,9,1,8,2,6,,24,24,1,12,4,120.725863,24.308988,2
9118,66000,387130000C,(04)23274275,(04)23288582,2025,12,21,10,58,臺中市,北屯區,0,1,0,7,1,6,50,4,2,1,5,4,6,6,1,1,3,4,5,2,12,3,10,1,1,C03,7,6,1,10,2,13,,48,48,1,13,4,120.694138,24.164915,2
9119,66000,387130000C,(04)23274275,(04)23288582,2025,12,21,11,0,臺中市,清水區,0,1,0,7,3,6,50,4,1,1,5,4,6,6,3,1,5,5,5,1,15,3,10,3,1,B03,7,9,1,8,2,1,,12,12,1,12,4,120.550297,24.264788,2
9120,66000,387130000C,(04)23274275,(04)23288582,2025,12,21,11,4,臺中市,西屯區,0,0,0,7,,,0,,,,,,,,,,,,,,17,,,,,B03,,,1,,1,,,76,76,1,13,4,120.634248,24.178817,3
9121,66000,387130000C,(04)23274275,(04)23288582,2025,12,21,11,7,臺中市,東區,0,0,0,7,,,50,,,,,,,,,,,,,,,,,,,B03,,,1,,11,,,49,49,1,12,4,120.706049,24.144484,3
9122,66000,387130000C,(04)23274275,(04)23288582,2025,12,21,11,7,臺中市,北屯區,0,1,0,7,2,6,50,13,9,1,5,4,6,6,4,4,7,4,5,2,13,3,10,2,1,C03,7,1,1,10,2,14,,59,59,1,6,4,120.679436,24.170815,2
9123,66000,387130000C,(04)23274275,(04)23288582,2025,12,21,11,9,臺中市,北屯區,0,1,0,7,3,6,50,13,9,1,5,4,6,6,4,4,5,4,5,2,12,2,9,2,1,C03,7,9,1,10,2,12,,84,84,1,5,4,120.707581,24.169725,2
9124,66000,387130000C,(04)23274275,(04)23288582,2025,12,21,11,9,臺中市,沙鹿區,0,1,0,7,2,6,50,4,2,1,5,4,6,6,1,1,8,3,4,1,18,2,9,5,4,C03,7,9,1,10,2,12,,54,54,1,13,4,120.560873,24.241215,2
9125,66000,387130000C,(04)23274275,(04)23288582,2025,12,21,11,10,臺中市,南區,0,1,0,7,2,6,50,4,1,1,5,4,6,6,4,4,10,5,5,2,15,2,9,2,1,C03,7,9,1,10,2,12,,12,12,1,12,4,120.646117,24.120209,2
9126,66000,387130000C,(04)23274275,(04)23288582,2025,12,21,11,12,臺中市,梧棲區,0,2,0,7,2,6,30,13,9,1,5,4,6,6,4,4,10,5,5,2,16,2,8,1,1,C03,7,5,1,10,2,12,,47,47,1,12,4,120.53921,24.245735,2
9127,66000,387130000C,(04)23274275,(04)23288582,2025,12,21,11,14,臺中市,大肚區,0,0,0,7,,,50,,,,,,,,,,,,,,14,,,,,B12,,,1,,2,,,49,49,1,6,4,120.545677,24.162275,3
9128,66000,387130000C,(04)23274275,(04)23288582,2025,12,21,11,15,臺中市,北屯區,0,0,0,7,,,50,,,,,,,,,,,,,,,,,,,B03,,,1,,1,,,49,49,1,12,4,120.797458,24.202745,3
9129,66000,387130000C,(04)23274275,(04)23288582,2025,12,21,11,17,臺中市,豐原區,0,0,0,7,2,6,50,4,9,1,5,4,6,6,2,1,1,2,5,2,13,3,10,3,1,B03,7,7,1,8,2,1,,59,59,1,12,4,120.7287,24.257307,3
9130,66000,387130000C,(04)23274275,(04)23288582,2025,12,21,11,18,臺中市,沙鹿區,0,1,0,7,2,6,30,4,1,1,5,4,6,6,4,4,10,5,5,2,15,2,8,1,1,C03,7,9,1,10,2,11,12,15,15,1,5,4,120.571125,24.224819,2
9131,66000,387130000C,(04)23274275,(04)23288582,2025,12,21,11,20,臺中市,大雅區,0,0,0,7,,,30,,,,,,,,,,,,,,,,,,,B03,,,1,,1,,,14,14,1,13,4,120.672067,24.243191,3
9132,66000,387130000C,(04)23274275,(04)23288582,2025,12,21,11,21,臺中市,北屯區,0,1,0,7,2,6,30,4,1,1,5,4,6,6,4,4,10,5,5,2,15,2,9,1,1,C03,7,9,3,19,2,11,,15,15,1,12,4,120.701881,24.167539,2
9133,66000,387130000C,(04)23274275,(04)23288582,2025,12,21,11,22,臺中市,太平區,0,0,0,7,,,30,,,,,,,,,,,,,,17,,,,,A11,,,1,,2,,,84,84,1,12,4,120.721331,24.101346,3
9134,66000,387130000C,(04)23274275,(04)23288582,2025,12,21,11,22,臺中市,沙鹿區,0,2,0,7,3,6,50,13,9,1,5,4,6,6,4,4,5,4,4,2,12,3,10,3,1,B03,7,9,1,8,2,2,,8,8,1,12,4,120.567756,24.236949,2
9135,66000,387130000C,(04)23274275,(04)23288582,2025,12,21,11,23,臺中市,西區,0,1,0,7,2,6,50,4,1,1,5,4,6,6,1,1,10,5,5,2,17,3,10,5,4,B03,7,6,1,8,2,1,,34,34,1,13,4,120.669495,24.134485,2
9136,66000,387130000C,(04)23274275,(04)23288582,2025,12,21,11,26,臺中市,北屯區,0,0,0,7,,,50,,,,,,,,,,,,,,,,,,,B03,,,1,,1,,,47,47,1,13,4,120.663979,24.200782,3
9137,66000,387130000C,(04)23274275,(04)23288582,2025,12,21,11,27,臺中市,西屯區,0,1,0,7,2,6,50,13,9,1,5,4,6,6,4,4,1,4,4,2,12,3,10,5,4,B03,7,7,1,8,2,6,,87,87,1,13,4,120.656631,24.176092,2
9138,66000,387130000C,(04)23274275,(04)23288582,2025,12,21,11,29,臺中市,西區,0,2,0,7,2,6,30,4,1,1,5,4,6,6,4,4,10,5,5,2,16,2,9,2,1,C03,7,6,3,19,2,14,,14,14,1,12,4,120.656228,24.152394,2
9139,66000,387130000C,(04)23274275,(04)23288582,2025,12,21,11,34,臺中市,霧峰區,0,2,0,7,2,6,50,4,1,1,5,4,6,6,1,1,5,5,5,2,15,2,9,2,1,C03,7,9,1,10,2,11,,21,21,1,12,4,120.697476,24.062079,2
9140,66000,387130000C,(04)23274275,(04)23288582,2025,12,21,11,35,臺中市,北區,0,1,0,7,2,6,50,4,1,1,5,4,6,6,1,1,10,5,5,2,17,2,9,1,1,C03,7,6,1,10,2,13,,84,84,1,13,4,120.669203,24.160435,2
9141,66000,387130000C,(04)23274275,(04)23288582,2025,12,21,11,35,臺中市,東區,0,1,0,7,2,6,50,3,1,1,5,4,6,6,4,4,9,5,5,2,17,3,10,3,1,B03,7,11,1,8,2,2,,45,45,1,12,4,120.71155,24.145548,2
9142,66000,387130000C,(04)23274275,(04)23288582,2025,12,21,11,35,臺中市,龍井區,0,1,0,7,1,6,30,3,1,1,5,4,6,6,4,4,10,5,5,2,16,3,10,1,1,C03,7,6,1,10,2,14,,84,84,1,6,2,120.59102,24.179719,2
9143,66000,387130000C,(04)23274275,(04)23288582,2025,12,21,11,37,臺中市,南區,0,0,0,7,,,50,,,,,,,,,,,,,,13,,,,,C03,,,1,,1,,,84,84,1,12,4,120.679363,24.122343,3
9144,66000,387130000C,(04)23274275,(04)23288582,2025,12,21,11,40,臺中市,東勢區,0,1,0,7,2,6,50,3,1,1,5,4,6,6,4,4,10,5,5,2,17,3,10,5,4,B03,7,6,1,8,2,1,,12,12,1,12,4,120.780631,24.285801,2
9145,66000,387130000C,(04)23274275,(04)23288582,2025,12,21,11,43,臺中市,大雅區,0,3,0,7,3,6,70,3,1,1,5,4,6,6,4,4,10,5,5,2,17,2,9,5,1,C03,7,9,4,10,2,11,,85,85,1,12,4,120.633296,24.238099,2
9146,66000,387130000C,(04)23274275,(04)23288582,2025,12,21,11,44,臺中市,南屯區,0,0,0,7,3,6,40,13,9,1,5,4,6,6,4,4,10,5,5,2,12,,,,,B03,,,1,,9,,,8,8,1,12,4,120.623673,24.149551,3
9147,66000,387130000C,(04)23274275,(04)23288582,2025,12,21,11,44,臺中市,太平區,0,1,0,7,3,6,50,13,9,1,5,4,6,6,4,4,5,2,5,1,17,2,9,6,1,F01,7,9,7,21,2,11,,58,58,1,12,1,120.720011,24.132309,2
9148,66000,387130000C,(04)23274275,(04)23288582,2025,12,21,11,45,臺中市,南屯區,0,0,0,7,,,50,,,,,,,,,,,,,,13,,,,,C03,,,2,,1,,,59,59,1,12,4,120.649769,24.135195,3
9149,66000,387130000C,(04)23274275,(04)23288582,2025,12,21,11,45,臺中市,后里區,0,1,0,7,2,6,40,4,1,1,5,4,6,6,3,1,10,5,5,1,17,2,8,1,1,C03,7,6,5,19,2,11,,24,24,1,6,4,120.693532,24.300537,2
9150,66000,387130000C,(04)23274275,(04)23288582,2025,12,21,11,46,臺中市,西屯區,0,1,0,7,2,6,50,5,1,1,5,4,6,6,3,1,10,5,5,2,12,3,10,3,4,B03,7,5,1,8,2,2,,11,11,1,12,4,120.660097,24.164318,2
9151,66000,387130000C,(04)23274275,(04)23288582,2025,12,21,11,49,臺中市,龍井區,0,0,0,7,,,50,,,,,,,,,,,,,,,,,,,B03,,,6,,5,,,35,35,1,12,4,120.526101,24.215188,3
9152,66000,387130000C,(04)23274275,(04)23288582,2025,12,21,11,55,臺中市,中區,0,1,0,7,3,6,40,13,8,1,5,4,6,6,4,4,5,5,4,2,18,2,9,1,1,C03,7,9,1,10,2,14,,84,84,1,6,4,120.677683,24.145837,2
9153,66000,387130000C,(04)23274275,(04)23288582,2025,12,21,12,0,臺中市,北屯區,0,0,0,7,,,50,,,,,,,,,,,,,,12,,,,,C03,,,1,,1,,,8,8,1,12,4,120.720953,24.169893,4
9154,66000,387130000C,(04)23274275,(04)23288582,2025,12,21,12,1,臺中市,南區,0,2,0,7,1,6,50,4,1,1,5,4,6,6,1,1,10,5,5,2,17,2,9,5,4,C03,7,9,1,10,2,11,,84,84,1,12,4,120.684116,24.131982,2
9155,66000,387130000C,(04)23274275,(04)23288582,2025,12,21,12,3,臺中市,太平區,0,0,0,7,,,50,,,,,,,,,,,,,,,,,,,B03,,,1,,2,,,8,8,1,12,4,120.730387,24.150129,3