序號,縣市別代碼,機關代碼,市話,傳真,年,月,日,時,分,縣市,區,死亡數量,受傷數量,2-30,天候,道路照明設備,道路類別,道路速限,道路型態,事故位置,路面鋪裝,路面狀態,路面缺陷,障礙物,視距,號誌種類,號誌動作,分向設施,快車道或一般車道間,快慢車道間,路面邊線,事故類型及型態,受傷程度,主要傷處,保護裝備,行動電話或功能裝置,當事者區分(類別),車輛用途,當事者行動狀態,駕照狀態,駕照種類,飲酒情形,車輛撞擊部位最初,車輛撞擊部位其他,肇事因素個別,肇事因素主要,肇事逃逸,職業,共享經濟或外送平台,GPS座標X,GPS座標Y,事故類別
9156,66000,387130000C,(04)23274275,(04)23288582,2025,12,21,12,6,臺中市,東區,0,0,0,7,,,50,,,,,,,,,,,,,,,,,,,B03,,,1,,1,,,49,49,1,12,4,120.695021,24.134829,3
9157,66000,387130000C,(04)23274275,(04)23288582,2025,12,21,12,12,臺中市,龍井區,0,0,0,7,,,40,,,,,,,,,,,,,,13,,,,,B03,,,1,,1,,,84,84,1,6,4,120.580065,24.188359,3
9158,66000,387130000C,(04)23274275,(04)23288582,2025,12,21,12,15,臺中市,西區,0,2,0,7,2,6,50,13,9,1,5,4,6,6,1,1,5,4,5,2,18,2,9,1,1,C04,7,9,1,10,1,12,,84,84,1,13,4,120.661642,24.150845,2
9159,66000,387130000C,(04)23274275,(04)23288582,2025,12,21,12,15,臺中市,大里區,0,0,0,7,,,50,,,,,,,,,,,,,,12,,,,,C03,,,1,,9,,,8,8,2,13,4,120.679884,24.115073,3
9160,66000,387130000C,(04)23274275,(04)23288582,2025,12,21,12,18,臺中市,西區,0,1,0,7,2,6,50,13,9,1,5,4,6,6,4,4,5,5,5,2,17,3,10,3,1,B03,7,9,1,8,2,1,,84,84,1,12,4,120.668442,24.14226,2
9161,66000,387130000C,(04)23274275,(04)23288582,2025,12,21,12,28,臺中市,南屯區,0,0,0,7,,,50,,,,,,,,,,,,,,,,,,,B03,,,1,,1,,,84,84,1,12,4,120.646673,24.151222,3
9162,66000,387130000C,(04)23274275,(04)23288582,2025,12,21,12,31,臺中市,南屯區,0,0,0,7,,,50,,,,,,,,,,,,,,,,,,,B03,,,1,,1,,,7,7,1,6,4,120.638193,24.135308,3
9163,66000,387130000C,(04)23274275,(04)23288582,2025,12,21,12,36,臺中市,大里區,0,1,0,7,3,6,50,4,1,1,5,4,6,6,1,1,10,5,5,2,15,3,10,3,1,B03,7,9,1,8,2,8,,21,21,1,12,4,120.676564,24.109315,2
9164,66000,387130000C,(04)23274275,(04)23288582,2025,12,21,12,39,臺中市,東勢區,0,2,0,7,3,6,60,13,24,1,5,4,6,6,1,1,9,4,5,1,12,2,8,5,4,C03,7,9,1,10,2,11,,7,7,1,12,4,120.811545,24.303714,2
9165,66000,387130000C,(04)23274275,(04)23288582,2025,12,21,12,42,臺中市,大里區,0,1,0,7,3,6,60,3,1,1,5,4,6,6,1,1,10,5,5,2,17,2,9,1,1,C03,7,9,1,10,2,12,,21,21,1,6,4,120.661776,24.109201,2
9166,66000,387130000C,(04)23274275,(04)23288582,2025,12,21,12,45,臺中市,烏日區,0,1,0,7,2,6,60,4,1,1,5,4,6,6,1,1,1,4,4,2,16,2,9,1,1,C03,7,9,1,10,2,11,,21,21,1,6,4,120.614085,24.106776,2
9167,66000,387130000C,(04)23274275,(04)23288582,2025,12,21,12,47,臺中市,西區,0,1,0,7,2,6,50,13,9,1,5,4,6,6,4,4,1,4,5,2,17,2,9,2,1,C03,7,9,1,10,2,11,,43,43,1,12,4,120.665157,24.128686,2
9168,66000,387130000C,(04)23274275,(04)23288582,2025,12,21,12,49,臺中市,南區,0,1,0,7,2,6,50,4,1,1,5,4,6,6,1,1,10,5,5,2,17,2,9,2,1,C03,7,6,1,10,2,13,,84,84,1,12,4,120.657797,24.116181,2
9169,66000,387130000C,(04)23274275,(04)23288582,2025,12,21,12,49,臺中市,龍井區,0,2,0,7,1,6,40,11,8,1,5,4,6,6,4,4,3,4,3,1,16,2,9,1,1,C03,7,9,1,10,2,11,,7,7,1,6,4,120.580157,24.189864,2
9170,66000,387130000C,(04)23274275,(04)23288582,2025,12,21,12,50,臺中市,北屯區,0,0,0,7,,,50,,,,,,,,,,,,,,12,,,,,B03,,,1,,1,,,40,40,1,12,4,120.66065,24.191436,3
9171,66000,387130000C,(04)23274275,(04)23288582,2025,12,21,12,51,臺中市,大里區,0,1,0,7,3,6,50,11,8,1,5,4,6,6,4,4,5,5,4,2,13,2,9,1,1,C03,7,9,1,10,2,11,,59,59,1,12,4,120.685321,24.095442,2
9172,66000,387130000C,(04)23274275,(04)23288582,2025,12,21,12,51,臺中市,龍井區,0,1,0,7,2,6,50,13,9,1,5,4,6,6,1,1,3,4,5,2,13,2,8,1,1,C03,7,9,1,10,2,11,,7,7,1,6,4,120.551167,24.211482,2
9173,66000,387130000C,(04)23274275,(04)23288582,2025,12,21,12,53,臺中市,南屯區,0,0,0,7,,,50,,,,,,,,,,,,,,13,,,,,B03,,,1,,1,,,7,7,1,12,4,120.622674,24.140692,3
9174,66000,387130000C,(04)23274275,(04)23288582,2025,12,21,12,54,臺中市,西區,0,2,0,7,3,6,50,4,2,1,5,4,6,6,1,1,5,4,5,2,13,3,10,3,1,B03,7,9,1,8,2,1,,7,7,1,6,4,120.668131,24.14671,2
9175,66000,387130000C,(04)23274275,(04)23288582,2025,12,21,12,54,臺中市,北屯區,0,0,0,7,,,50,,,,,,,,,,,,,,11,,,,,A04,,,1,2,2,,,8,8,1,6,4,120.740695,24.178378,3
9176,66000,387130000C,(04)23274275,(04)23288582,2025,12,21,13,7,臺中市,南區,0,0,0,7,,,50,,,,,,,,,,,,,,14,,,,,B03,,,1,,1,,,49,49,1,12,4,120.66988,24.117793,3
9177,66000,387130000C,(04)23274275,(04)23288582,2025,12,21,13,8,臺中市,太平區,0,2,0,7,3,6,50,4,1,1,5,4,6,6,4,4,10,5,5,2,16,2,9,1,1,C03,7,5,1,10,2,13,,14,14,1,6,4,120.722793,24.135698,2
9178,66000,387130000C,(04)23274275,(04)23288582,2025,12,21,13,9,臺中市,大里區,0,1,0,7,1,6,40,4,2,1,5,4,6,6,1,1,1,2,4,1,13,2,8,1,1,C03,7,9,1,10,2,11,,7,7,1,13,4,120.69146,24.100579,2
9179,66000,387130000C,(04)23274275,(04)23288582,2025,12,21,13,10,臺中市,沙鹿區,0,0,0,7,,,30,,,,,,,,,,,,,,17,,,,,B03,,,1,,2,,,8,8,1,12,4,120.578446,24.221079,3
9180,66000,387130000C,(04)23274275,(04)23288582,2025,12,21,13,12,臺中市,東區,0,1,0,7,1,6,50,4,1,1,5,4,6,6,1,1,10,5,4,2,17,3,10,5,4,B03,7,6,1,8,2,6,,84,84,1,12,4,120.697139,24.138875,2
9181,66000,387130000C,(04)23274275,(04)23288582,2025,12,21,13,13,臺中市,霧峰區,0,0,0,7,,,50,,,,,,,,,,,,,,16,,,,,B12,,,1,,2,,,11,11,1,12,4,120.699072,24.067596,3
9182,66000,387130000C,(04)23274275,(04)23288582,2025,12,21,13,20,臺中市,南屯區,0,1,0,7,2,6,50,4,1,1,5,4,6,6,1,1,9,4,4,2,12,3,10,3,1,B03,7,5,1,8,2,2,,11,11,1,12,4,120.651429,24.150957,2
9183,66000,387130000C,(04)23274275,(04)23288582,2025,12,21,13,23,臺中市,北區,0,0,0,7,,,50,,,,,,,,,,,,,,13,,,,,B03,,,1,,1,,,84,84,1,13,4,120.682735,24.147099,3
9184,66000,387130000C,(04)23274275,(04)23288582,2025,12,21,13,29,臺中市,西屯區,0,0,0,7,2,6,50,13,9,1,5,4,6,6,4,4,5,4,5,2,12,,,,,B12,,,1,,2,,,8,8,1,13,4,120.621076,24.174556,3
9185,66000,387130000C,(04)23274275,(04)23288582,2025,12,21,13,30,臺中市,沙鹿區,0,2,0,7,3,6,50,4,1,1,5,4,6,6,1,1,10,5,5,2,17,3,10,3,1,B03,7,5,1,8,2,6,,47,47,1,12,4,120.568054,24.253934,2
9186,66000,387130000C,(04)23274275,(04)23288582,2025,12,21,13,32,臺中市,北區,0,0,0,7,,,50,,,,,,,,,,,,,,13,,,,,B03,,,1,,1,,,59,59,1,12,4,120.67703,24.151648,4
9187,66000,387130000C,(04)23274275,(04)23288582,2025,12,21,13,33,臺中市,太平區,0,0,0,7,,3,40,,,,,,,,,,,,,,,,,,,B03,,,1,,2,,,7,7,1,12,4,120.709786,24.134714,3
9188,66000,387130000C,(04)23274275,(04)23288582,2025,12,21,13,34,臺中市,東區,0,0,0,7,,,50,,,,,,,,,,,,,,17,,,,,B03,,,1,,1,,,77,77,1,12,4,120.69719,24.140982,3
9189,66000,387130000C,(04)23274275,(04)23288582,2025,12,21,13,36,臺中市,大甲區,0,2,0,7,2,6,50,13,9,1,5,4,6,6,4,4,6,3,5,1,13,2,9,1,1,C03,7,9,1,10,2,11,,7,7,1,12,4,120.619528,24.341415,2
9190,66000,387130000C,(04)23274275,(04)23288582,2025,12,21,13,38,臺中市,大甲區,0,2,0,7,3,6,50,13,9,1,5,4,6,6,4,4,5,4,5,2,17,2,9,1,1,C03,7,9,2,19,2,14,,8,8,1,6,4,120.626845,24.340395,2
9191,66000,387130000C,(04)23274275,(04)23288582,2025,12,21,13,41,臺中市,西區,0,2,0,7,2,6,40,3,1,1,5,4,5,6,1,1,1,4,1,2,12,3,10,3,1,B01,7,5,1,4,2,2,,84,84,1,12,4,120.663768,24.154644,2
9192,66000,387130000C,(04)23274275,(04)23288582,2025,12,21,13,45,臺中市,西屯區,0,1,0,7,2,6,50,13,7,1,5,4,6,6,4,4,5,5,4,2,13,2,8,5,4,C03,7,9,1,10,2,11,,7,7,1,13,2,120.633595,24.162987,2
9193,66000,387130000C,(04)23274275,(04)23288582,2025,12,21,13,46,臺中市,太平區,0,1,0,6,2,6,50,5,1,1,5,4,6,6,2,1,10,5,5,2,16,2,9,2,1,C03,7,9,1,10,2,11,,84,84,1,12,4,120.724537,24.149742,2
9194,66000,387130000C,(04)23274275,(04)23288582,2025,12,21,13,56,臺中市,西屯區,0,0,0,7,,,50,,,,,,,,,,,,,,13,,,,,C03,,,1,,1,,,7,7,1,12,4,120.641346,24.170971,3
9195,66000,387130000C,(04)23274275,(04)23288582,2025,12,21,14,5,臺中市,北屯區,0,2,0,7,2,6,30,4,1,1,5,4,6,6,4,4,10,5,5,2,15,3,10,3,1,B03,7,9,1,8,2,5,,12,12,1,6,4,120.732369,24.172478,2
9196,66000,387130000C,(04)23274275,(04)23288582,2025,12,21,14,6,臺中市,烏日區,0,2,0,7,2,6,15,13,9,1,5,4,6,6,3,1,10,5,5,2,13,2,9,5,4,C03,7,9,1,10,2,11,,7,7,1,6,4,120.600482,24.111414,2
9197,66000,387130000C,(04)23274275,(04)23288582,2025,12,21,14,13,臺中市,南屯區,0,0,0,7,3,6,50,3,1,1,5,4,6,6,4,4,5,5,5,2,16,,,,,C03,,,2,,1,,,12,12,1,12,4,120.612008,24.14027,3
9198,66000,387130000C,(04)23274275,(04)23288582,2025,12,21,14,15,臺中市,北屯區,0,0,0,7,,,50,,,,,,,,,,,,,,,,,,,B03,,,1,,1,,,20,20,1,12,4,120.71083,24.174825,3
9199,66000,387130000C,(04)23274275,(04)23288582,2025,12,21,14,19,臺中市,中區,0,0,0,7,,,50,,,,,,,,,,,,,,17,,,,,B03,,,1,,1,,,51,51,1,12,4,120.681811,24.141191,3
9200,66000,387130000C,(04)23274275,(04)23288582,2025,12,21,14,20,臺中市,西屯區,0,1,0,7,2,6,50,3,1,1,5,4,6,6,4,4,10,5,5,2,16,2,9,2,4,C03,7,11,1,10,2,12,,45,45,1,13,4,120.620819,24.18693,2
9201,66000,387130000C,(04)23274275,(04)23288582,2025,12,21,14,23,臺中市,南屯區,0,0,0,7,3,6,50,13,9,1,5,4,6,6,1,1,5,2,5,2,12,,,,,B03,,,1,,2,,,51,51,1,12,4,120.649941,24.12933,3
9202,66000,387130000C,(04)23274275,(04)23288582,2025,12,21,14,29,臺中市,沙鹿區,0,2,0,7,2,6,50,3,2,1,5,4,6,6,1,1,3,3,3,1,17,2,9,5,4,C03,7,9,1,10,2,12,,21,21,1,13,4,120.563168,24.247442,2
9203,66000,387130000C,(04)23274275,(04)23288582,2025,12,21,14,29,臺中市,神岡區,0,0,0,7,,,30,,,,,,,,,,,,,,17,,,,,B02,,,1,,2,,,12,12,1,6,4,120.682474,24.24682,3
9204,66000,387130000C,(04)23274275,(04)23288582,2025,12,21,14,32,臺中市,神岡區,0,0,0,7,,,30,,,,,,,,,,,,,,14,,,,,B03,,,1,,1,,,49,49,1,12,4,120.699423,24.25381,3
9205,66000,387130000C,(04)23274275,(04)23288582,2025,12,21,14,34,臺中市,南區,0,0,0,7,,,50,,,,,,,,,,,,,,14,,,,,B03,,,1,,2,,,84,84,1,12,4,120.656975,24.129265,3
9206,66000,387130000C,(04)23274275,(04)23288582,2025,12,21,14,34,臺中市,南屯區,0,1,0,7,2,6,50,13,9,1,5,4,6,6,4,4,9,4,5,2,13,2,9,1,1,C03,7,9,1,10,2,11,,7,7,1,12,4,120.646411,24.149197,2
9207,66000,387130000C,(04)23274275,(04)23288582,2025,12,21,14,36,臺中市,北區,0,0,0,7,,,50,,,,,,,,,,,,,,17,,,,,B11,,,1,,2,,,84,84,1,13,4,120.666368,24.16077,3
9208,66000,387130000C,(04)23274275,(04)23288582,2025,12,21,14,38,臺中市,西區,0,2,0,7,2,6,50,13,7,1,5,4,6,6,4,4,5,5,5,2,17,2,9,1,1,C03,7,9,1,10,2,11,,7,7,1,12,4,120.66414,24.132048,2
9209,66000,387130000C,(04)23274275,(04)23288582,2025,12,21,14,38,臺中市,東勢區,0,0,0,7,,,50,,,,,,,,,,,,,,,,,,,C03,,,1,,1,,,51,51,1,12,4,120.83194,24.247677,3
9210,66000,387130000C,(04)23274275,(04)23288582,2025,12,21,14,43,臺中市,東區,0,0,0,7,,,50,,,,,,,,,,,,,,17,,,,,B03,,,1,,2,,,11,11,1,12,4,120.697139,24.138875,3
9211,66000,387130000C,(04)23274275,(04)23288582,2025,12,21,14,44,臺中市,西區,0,0,0,7,,,50,,,,,,,,,,,,,,,,,,,B03,,,1,,2,,,8,8,1,12,4,120.665258,24.132062,3
9212,66000,387130000C,(04)23274275,(04)23288582,2025,12,21,14,45,臺中市,東區,0,0,0,7,,,50,,,,,,,,,,,,,,,,,,,B03,,,1,,1,,,84,84,1,12,4,120.7044,24.138867,3
9213,66000,387130000C,(04)23274275,(04)23288582,2025,12,21,14,48,臺中市,中區,0,1,0,7,3,6,50,4,1,1,5,4,6,6,4,4,10,5,5,2,16,3,10,1,1,C03,7,6,1,10,2,13,,48,48,1,6,4,120.684439,24.140786,2
9214,66000,387130000C,(04)23274275,(04)23288582,2025,12,21,14,50,臺中市,潭子區,0,0,0,7,,,40,,,,,,,,,,,,,,9,,,,,B03,,,5,,2,,,54,54,1,12,4,120.704474,24.194421,3
9215,66000,387130000C,(04)23274275,(04)23288582,2025,12,21,14,50,臺中市,南屯區,0,0,0,7,,,60,,,,,,,,,,,,,,17,,,,,B03,,,1,,1,,,21,21,1,13,4,120.633286,24.124219,3
9216,66000,387130000C,(04)23274275,(04)23288582,2025,12,21,15,0,臺中市,外埔區,0,0,0,7,,,50,,,,,,,,,,,,,,13,,,,,B03,,,1,,1,,,59,59,1,12,4,120.639551,24.341231,3
9217,66000,387130000C,(04)23274275,(04)23288582,2025,12,21,15,1,臺中市,西區,0,0,0,7,,,50,,,,,,,,,,,,,,,,,,,B03,,,1,,2,,,49,49,1,12,4,120.665583,24.133217,3
9218,66000,387130000C,(04)23274275,(04)23288582,2025,12,21,15,6,臺中市,南區,0,0,0,7,,,50,,,,,,,,,,,,,,,,,,,B03,,,1,,2,,,7,7,1,12,4,120.64831,24.119403,3
9219,66000,387130000C,(04)23274275,(04)23288582,2025,12,21,15,8,臺中市,清水區,0,0,0,7,,,50,,,,,,,,,,,,,,,,,,,B03,,,1,,2,,,49,49,1,12,4,120.578837,24.269481,3
9220,66000,387130000C,(04)23274275,(04)23288582,2025,12,21,15,16,臺中市,北屯區,0,0,0,7,,,50,,,,,,,,,,,,,,9,,,,,B03,,,1,8,1,,,59,59,1,12,4,120.694071,24.164187,3
9221,66000,387130000C,(04)23274275,(04)23288582,2025,12,21,15,19,臺中市,北區,0,2,0,7,2,6,50,13,9,1,5,4,6,6,4,4,1,4,5,2,13,2,9,1,1,C03,7,9,1,10,2,11,,84,84,1,13,4,120.674061,24.165329,2
9222,66000,387130000C,(04)23274275,(04)23288582,2025,12,21,15,21,臺中市,西屯區,0,2,0,7,2,6,50,4,1,1,5,4,6,6,1,1,10,5,5,2,12,3,10,3,4,B12,7,5,1,8,2,2,,20,20,1,13,4,120.643003,24.176992,2
9223,66000,387130000C,(04)23274275,(04)23288582,2025,12,21,15,23,臺中市,西屯區,0,1,0,7,2,6,40,13,8,1,5,4,6,6,4,4,1,5,1,2,23,2,9,5,4,C03,7,9,3,19,2,14,,83,83,1,13,4,120.604527,24.184433,2
9224,66000,387130000C,(04)23274275,(04)23288582,2025,12,21,15,30,臺中市,中區,0,0,0,7,,,50,,,,,,,,,,,,,,,,,,,C03,,,1,,1,,,7,7,1,12,4,120.680067,24.139364,3
9225,66000,387130000C,(04)23274275,(04)23288582,2025,12,21,15,36,臺中市,南屯區,0,0,0,7,3,6,50,13,9,1,5,4,6,6,4,4,9,5,5,2,12,,,,,C03,,,1,,2,,,45,45,1,12,4,120.608874,24.135685,3
9226,66000,387130000C,(04)23274275,(04)23288582,2025,12,21,15,37,臺中市,中區,0,1,0,7,2,6,50,4,1,1,5,4,6,6,1,1,10,5,5,2,17,2,9,2,1,C03,7,6,3,19,2,14,,26,26,1,12,4,120.680848,24.145404,2
9227,66000,387130000C,(04)23274275,(04)23288582,2025,12,21,15,39,臺中市,西區,0,0,0,7,,,50,,,,,,,,,,,,,,12,,,,,B03,,,1,,1,,,7,7,1,12,4,120.655696,24.136599,3
9228,66000,387130000C,(04)23274275,(04)23288582,2025,12,21,15,39,臺中市,西屯區,0,0,0,7,,,50,,,,,,,,,,,,,,25,,,,,B03,,,1,,1,,,8,8,1,12,4,120.643789,24.166973,3
9229,66000,387130000C,(04)23274275,(04)23288582,2025,12,21,15,40,臺中市,西區,0,1,0,7,2,6,50,3,1,1,5,4,6,6,1,1,10,5,5,2,17,2,9,2,1,C03,7,9,1,10,2,12,,84,84,1,12,4,120.661598,24.160192,2
9230,66000,387130000C,(04)23274275,(04)23288582,2025,12,21,15,40,臺中市,北區,0,1,0,7,2,6,50,13,9,1,5,4,6,6,4,4,1,4,5,2,30,2,7,1,1,C03,7,9,1,10,2,14,,84,84,1,12,4,120.677787,24.17295,2
9231,66000,387130000C,(04)23274275,(04)23288582,2025,12,21,15,41,臺中市,沙鹿區,0,2,0,7,2,6,50,13,8,1,5,4,6,6,4,4,3,3,4,1,17,3,10,5,4,B03,7,7,1,8,2,2,,84,84,1,13,4,120.568658,24.224034,2
9232,66000,387130000C,(04)23274275,(04)23288582,2025,12,21,15,45,臺中市,東勢區,0,0,0,7,,,40,,,,,,,,,,,,,,,,,,,B03,,,1,,1,,,34,34,1,12,4,120.854772,24.235817,3
9233,66000,387130000C,(04)23274275,(04)23288582,2025,12,21,15,47,臺中市,中區,0,0,0,7,,,50,,,,,,,,,,,,,,,,,,,C03,,,1,,1,,,84,84,1,12,4,120.683347,24.140618,3
9234,66000,387130000C,(04)23274275,(04)23288582,2025,12,21,15,48,臺中市,西區,0,1,0,7,2,6,50,4,1,1,5,4,6,6,1,1,5,4,5,2,17,2,9,1,1,C03,7,9,1,10,2,11,,84,84,1,12,4,120.665226,24.144326,2
9235,66000,387130000C,(04)23274275,(04)23288582,2025,12,21,15,50,臺中市,沙鹿區,0,0,0,7,,,50,,,,,,,,,,,,,,13,,,,,B03,,,1,,1,,,7,7,1,12,4,120.567377,24.227006,3
9236,66000,387130000C,(04)23274275,(04)23288582,2025,12,21,15,51,臺中市,南屯區,0,1,0,7,3,6,50,3,9,1,5,4,6,6,4,4,5,5,5,2,16,2,9,1,1,C03,7,6,1,10,2,11,,14,14,1,12,4,120.609125,24.148209,2
9237,66000,387130000C,(04)23274275,(04)23288582,2025,12,21,15,51,臺中市,西屯區,0,0,0,7,,,30,,,,,,,,,,,,,,18,,,,,C01,,,1,,2,,,84,84,1,12,4,120.627477,24.163589,3
9238,66000,387130000C,(04)23274275,(04)23288582,2025,12,21,15,52,臺中市,北區,0,2,0,7,2,6,50,4,1,1,5,4,6,6,1,1,3,4,4,2,17,3,10,5,1,B03,7,5,1,8,2,5,,47,47,1,13,4,120.67192,24.171681,2
9239,66000,387130000C,(04)23274275,(04)23288582,2025,12,21,15,52,臺中市,沙鹿區,0,2,0,7,2,6,50,11,7,1,5,4,6,6,4,4,8,3,4,1,18,2,9,5,4,C03,7,9,1,10,2,12,,82,82,1,13,4,120.581741,24.241502,2
9240,66000,387130000C,(04)23274275,(04)23288582,2025,12,21,15,56,臺中市,龍井區,0,0,0,7,,,50,,,,,,,,,,,,,,,,,,,C03,,,1,,2,,,7,7,1,12,4,120.545871,24.191925,3
9241,66000,387130000C,(04)23274275,(04)23288582,2025,12,21,15,57,臺中市,大里區,0,1,0,7,2,6,50,13,7,1,5,4,6,6,4,4,5,5,4,1,12,3,10,3,1,B03,7,4,1,8,2,8,,1,1,1,12,4,120.677011,24.100007,2
9242,66000,387130000C,(04)23274275,(04)23288582,2025,12,21,16,0,臺中市,沙鹿區,0,0,0,7,,,70,,,,,,,,,,,,,,16,,,,,B03,,,1,,2,,,47,47,1,12,4,120.614596,24.244151,4
9243,66000,387130000C,(04)23274275,(04)23288582,2025,12,21,16,4,臺中市,西區,0,1,0,7,2,6,50,4,13,1,5,4,6,6,4,4,10,5,5,2,18,2,9,1,1,F01,7,9,7,21,1,12,,84,84,1,12,4,120.672648,24.131474,2
9244,66000,387130000C,(04)23274275,(04)23288582,2025,12,21,16,6,臺中市,沙鹿區,0,0,0,7,,,50,,,,,,,,,,,,,,12,,,,,B02,,,1,,1,,,40,40,1,12,4,120.599647,24.254052,3
9245,66000,387130000C,(04)23274275,(04)23288582,2025,12,21,16,8,臺中市,和平區,0,0,0,6,,,30,,,,,,,,,,,,,,14,,,,,B03,,,1,,2,,,50,50,1,13,4,121.009441,24.204958,3
9246,66000,387130000C,(04)23274275,(04)23288582,2025,12,21,16,9,臺中市,西屯區,0,1,0,7,2,6,50,5,1,1,5,4,6,6,2,1,10,5,5,2,17,3,10,3,1,B03,7,5,1,8,2,8,,84,84,1,13,4,120.665356,24.166801,2
9247,66000,387130000C,(04)23274275,(04)23288582,2025,12,21,16,14,臺中市,太平區,0,0,0,7,,,50,,,,,,,,,,,,,,,,,,,C03,,,1,,2,,,21,21,1,12,4,120.733592,24.155472,3
9248,66000,387130000C,(04)23274275,(04)23288582,2025,12,21,16,19,臺中市,大雅區,0,0,0,7,,,60,,,,,,,,,,,,,,,,,,,B03,,,1,,2,,,7,7,1,12,4,120.649995,24.21371,3
9249,66000,387130000C,(04)23274275,(04)23288582,2025,12,21,16,19,臺中市,烏日區,0,1,0,7,2,6,40,13,8,1,5,4,6,6,4,4,1,4,1,1,30,2,8,6,1,F01,7,9,7,21,1,16,,59,59,1,6,4,120.64809,24.088099,2
9250,66000,387130000C,(04)23274275,(04)23288582,2025,12,21,16,20,臺中市,東區,0,0,0,7,,,50,,,,,,,,,,,,,,12,,,,,B03,,,1,,1,,,84,84,1,12,4,120.69864,24.147917,4
9251,66000,387130000C,(04)23274275,(04)23288582,2025,12,21,16,20,臺中市,新社區,0,1,0,7,2,6,50,3,1,1,5,4,6,6,4,4,10,5,5,1,11,2,9,6,4,F01,7,6,7,21,2,11,,84,84,1,12,4,120.798717,24.259788,2
9252,66000,387130000C,(04)23274275,(04)23288582,2025,12,21,16,28,臺中市,豐原區,0,0,0,7,,,50,,,,,,,,,,,,,,17,,,,,C03,,,1,,2,,,59,59,1,12,4,120.715202,24.25606,4
9253,66000,387130000C,(04)23274275,(04)23288582,2025,12,21,16,30,臺中市,西屯區,0,0,0,7,,,60,,,,,,,,,,,,,,12,,,,,B03,,,1,,1,,,40,40,1,13,4,120.640195,24.168248,3
9254,66000,387130000C,(04)23274275,(04)23288582,2025,12,21,16,32,臺中市,西屯區,0,1,0,7,2,6,50,4,1,1,5,4,6,6,1,1,10,5,5,2,12,2,9,1,4,C03,7,9,1,10,2,12,,84,84,1,13,4,120.660414,24.162163,2
9255,66000,387130000C,(04)23274275,(04)23288582,2025,12,21,16,32,臺中市,西屯區,0,0,0,7,,,50,,,,,,,,,,,,,,17,,,,,B03,,,1,,2,,,25,25,1,13,4,120.656061,24.193914,3
9256,66000,387130000C,(04)23274275,(04)23288582,2025,12,21,16,33,臺中市,東區,0,0,0,7,,,50,,,,,,,,,,,,,,,,,,,C03,,,1,,1,,,7,7,1,12,4,120.685366,24.135643,3
9257,66000,387130000C,(04)23274275,(04)23288582,2025,12,21,16,34,臺中市,大里區,0,1,0,7,2,6,50,4,1,1,5,4,6,6,1,1,10,5,5,1,16,3,10,3,1,B03,7,5,1,8,2,5,,11,11,1,12,4,120.687696,24.094446,2
9258,66000,387130000C,(04)23274275,(04)23288582,2025,12,21,16,36,臺中市,西屯區,0,0,0,7,,,50,,,,,,,,,,,,,,13,,,,,B03,,,1,,2,,,7,7,1,12,4,120.653984,24.194431,3
9259,66000,387130000C,(04)23274275,(04)23288582,2025,12,21,16,38,臺中市,南屯區,0,0,0,7,,,40,,,,,,,,,,,,,,17,,,,,B03,,,1,,1,,,51,51,1,13,4,120.634185,24.144994,3
9260,66000,387130000C,(04)23274275,(04)23288582,2025,12,21,16,39,臺中市,北區,0,0,0,7,,,50,,,,,,,,,,,,,,13,,,,,B03,,,1,,1,,,59,59,1,13,4,120.678529,24.163339,3
9261,66000,387130000C,(04)23274275,(04)23288582,2025,12,21,16,44,臺中市,北屯區,0,1,0,7,3,6,50,13,9,1,5,4,6,6,4,4,1,4,5,2,13,3,10,3,1,B03,7,9,1,8,1,1,,59,59,1,12,4,120.701218,24.182166,2
9262,66000,387130000C,(04)23274275,(04)23288582,2025,12,21,16,45,臺中市,北屯區,0,0,0,7,,,50,,,,,,,,,,,,,,13,,,,,B03,,,1,,2,,,59,59,1,6,4,120.68669,24.200615,3
9263,66000,387130000C,(04)23274275,(04)23288582,2025,12,21,16,46,臺中市,豐原區,0,0,0,7,,,30,,,,,,,,,,,,,,13,,,,,B03,,,1,,2,,,59,59,1,12,4,120.715614,24.241015,3
9264,66000,387130000C,(04)23274275,(04)23288582,2025,12,21,16,54,臺中市,中區,0,0,0,7,,,50,,,,,,,,,,,,,,,,,,,C03,,,1,,1,,,7,7,1,12,4,120.684106,24.142168,3
9265,66000,387130000C,(04)23274275,(04)23288582,2025,12,21,16,54,臺中市,北屯區,0,0,0,7,,,50,,,,,,,,,,,,,,13,,,,,C03,,,1,,1,,,7,7,1,12,4,120.685852,24.170348,4
9266,66000,387130000C,(04)23274275,(04)23288582,2025,12,21,17,2,臺中市,北區,0,0,0,7,,,50,,,,,,,,,,,,,,13,,,,,B03,,,5,,1,,,84,84,1,13,4,120.68532,24.152891,3
9267,66000,387130000C,(04)23274275,(04)23288582,2025,12,21,17,5,臺中市,北屯區,0,1,0,7,2,6,50,13,9,1,5,4,6,6,1,1,10,5,5,2,17,3,10,5,4,B03,7,13,1,8,2,4,,76,76,1,12,4,120.684826,24.190441,2