序號,縣市別代碼,機關代碼,市話,傳真,年,月,日,時,分,縣市,區,死亡數量,受傷數量,2-30,天候,道路照明設備,道路類別,道路速限,道路型態,事故位置,路面鋪裝,路面狀態,路面缺陷,障礙物,視距,號誌種類,號誌動作,分向設施,快車道或一般車道間,快慢車道間,路面邊線,事故類型及型態,受傷程度,主要傷處,保護裝備,行動電話或功能裝置,當事者區分(類別),車輛用途,當事者行動狀態,駕照狀態,駕照種類,飲酒情形,車輛撞擊部位最初,車輛撞擊部位其他,肇事因素個別,肇事因素主要,肇事逃逸,職業,共享經濟或外送平台,GPS座標X,GPS座標Y,事故類別
9268,66000,387130000C,(04)23274275,(04)23288582,2025,12,21,17,20,臺中市,北屯區,0,0,0,7,,,50,,,,,,,,,,,,,,13,,,,,B12,,,5,,1,,,7,7,1,12,4,120.728492,24.171949,3
9269,66000,387130000C,(04)23274275,(04)23288582,2025,12,21,17,20,臺中市,豐原區,0,0,0,7,,,60,,,,,,,,,,,,,,13,,,,,B03,,,1,,2,,,84,84,1,12,4,120.703148,24.251939,3
9270,66000,387130000C,(04)23274275,(04)23288582,2025,12,21,17,26,臺中市,西區,0,0,0,7,,,50,,,,,,,,,,,,,,,,,,,A04,,,1,,1,,,8,8,1,12,4,120.68073,24.137164,3
9271,66000,387130000C,(04)23274275,(04)23288582,2025,12,21,17,27,臺中市,北屯區,0,0,0,7,,,,,,,,,,,,,,,,,17,,,,,,,,,,,,,119,119,1,,,120.724258,24.180943,3
9272,66000,387130000C,(04)23274275,(04)23288582,2025,12,21,17,27,臺中市,梧棲區,0,3,0,7,1,6,50,4,1,1,5,4,6,6,2,1,1,4,4,1,12,2,8,2,1,C03,7,5,1,10,2,12,,47,47,1,12,4,120.559057,24.258206,2
9273,66000,387130000C,(04)23274275,(04)23288582,2025,12,21,17,28,臺中市,大里區,0,2,0,7,3,6,50,5,1,1,5,4,6,6,2,1,5,4,4,1,16,2,8,5,4,C03,7,6,1,10,2,11,,11,11,1,13,4,120.689819,24.112687,2
9274,66000,387130000C,(04)23274275,(04)23288582,2025,12,21,17,34,臺中市,大甲區,0,1,0,7,1,6,50,13,9,1,5,4,6,6,4,4,6,3,5,1,3,2,9,6,5,H01,8,16,7,21,10,17,,98,98,1,12,5,120.627811,24.347907,2
9275,66000,387130000C,(04)23274275,(04)23288582,2025,12,21,17,37,臺中市,南屯區,0,2,0,7,3,6,50,13,9,1,5,4,6,6,4,4,5,5,5,2,12,2,9,1,1,C03,7,9,1,10,1,14,,20,20,1,12,4,120.640958,24.138339,2
9276,66000,387130000C,(04)23274275,(04)23288582,2025,12,21,17,37,臺中市,南屯區,0,0,0,7,1,6,50,13,9,1,5,4,6,6,4,4,5,5,5,2,30,,,,,C03,,,1,,9,,,87,87,1,12,4,120.643927,24.132043,3
9277,66000,387130000C,(04)23274275,(04)23288582,2025,12,21,17,38,臺中市,西屯區,0,2,0,7,2,6,70,4,1,1,5,4,6,6,2,1,10,5,5,2,30,2,9,3,1,B03,7,9,1,8,2,1,,84,84,1,13,4,120.613836,24.183947,2
9278,66000,387130000C,(04)23274275,(04)23288582,2025,12,21,17,42,臺中市,梧棲區,0,0,0,7,,,50,,,,,,,,,,,,,,17,,,,,B03,,,1,,2,,,51,51,1,12,4,120.528874,24.248918,3
9279,66000,387130000C,(04)23274275,(04)23288582,2025,12,21,17,44,臺中市,沙鹿區,0,0,0,7,,,50,,,,,,,,,,,,,,11,,,,,B12,,,1,,1,,,49,49,1,6,4,120.55956,24.240272,3
9280,66000,387130000C,(04)23274275,(04)23288582,2025,12,21,17,45,臺中市,清水區,0,0,0,7,,,50,,,,,,,,,,,,,,,,,,,B03,,,1,,2,,,49,49,1,12,4,120.57479,24.290844,3
9281,66000,387130000C,(04)23274275,(04)23288582,2025,12,21,17,49,臺中市,大里區,0,0,0,7,,,50,,,,,,,,,,,,,,,,,,,C03,,,1,,2,,,84,84,1,12,4,120.689696,24.115185,3
9282,66000,387130000C,(04)23274275,(04)23288582,2025,12,21,17,53,臺中市,龍井區,0,3,0,6,1,6,50,5,1,1,5,4,6,6,1,1,10,5,5,2,16,2,9,2,1,C01,7,9,1,9,2,11,,7,7,1,5,4,120.573749,24.184689,2
9283,66000,387130000C,(04)23274275,(04)23288582,2025,12,21,18,2,臺中市,沙鹿區,0,1,0,6,1,6,30,4,2,1,5,4,6,6,4,4,8,3,5,1,17,2,9,5,4,C03,7,9,1,10,2,11,,12,12,1,13,4,120.569296,24.242259,2
9284,66000,387130000C,(04)23274275,(04)23288582,2025,12,21,18,7,臺中市,豐原區,0,0,0,7,,,50,,,,,,,,,,,,,,13,,,,,B01,,,1,,2,,,59,59,1,12,4,120.717374,24.246054,4
9285,66000,387130000C,(04)23274275,(04)23288582,2025,12,21,18,12,臺中市,北區,0,2,0,7,1,6,50,4,1,1,5,4,6,6,1,1,1,4,5,2,13,2,9,1,1,C03,7,5,1,10,2,11,,7,7,1,12,4,120.677042,24.151296,2
9286,66000,387130000C,(04)23274275,(04)23288582,2025,12,21,18,15,臺中市,北屯區,0,0,0,7,,,50,,,,,,,,,,,,,,13,,,,,B03,,,1,,1,,,59,59,1,6,4,120.693791,24.163847,3
9287,66000,387130000C,(04)23274275,(04)23288582,2025,12,21,18,15,臺中市,豐原區,0,1,0,7,1,6,50,3,1,1,5,4,6,6,4,4,5,5,5,1,16,2,8,5,4,C03,7,6,1,10,2,14,,48,48,1,12,4,120.716938,24.248494,2
9288,66000,387130000C,(04)23274275,(04)23288582,2025,12,21,18,16,臺中市,西屯區,0,3,0,7,1,6,50,13,9,1,5,4,6,6,4,4,5,4,5,2,13,2,9,1,1,C03,7,9,1,10,2,13,,7,7,1,12,4,120.654746,24.164542,2
9289,66000,387130000C,(04)23274275,(04)23288582,2025,12,21,18,17,臺中市,太平區,0,2,0,7,1,6,50,13,9,1,5,4,6,6,4,4,5,5,5,1,17,2,9,6,1,F01,7,11,7,21,2,13,,39,39,1,12,4,120.714153,24.124899,2
9290,66000,387130000C,(04)23274275,(04)23288582,2025,12,21,18,19,臺中市,東區,0,2,0,7,1,6,50,4,1,1,5,4,6,6,4,4,10,5,5,2,16,2,9,2,1,C03,7,4,1,10,2,11,,85,85,1,13,4,120.684119,24.133568,2
9291,66000,387130000C,(04)23274275,(04)23288582,2025,12,21,18,20,臺中市,北屯區,0,0,0,7,,,50,,,,,,,,,,,,,,17,,,,,B01,,,1,,2,,,34,34,1,6,4,120.679272,24.197902,3
9292,66000,387130000C,(04)23274275,(04)23288582,2025,12,21,18,20,臺中市,大甲區,0,0,0,7,,,30,,,,,,,,,,,,,,25,,,,,B03,,,1,,1,,,58,58,1,6,4,120.620102,24.344232,3
9293,66000,387130000C,(04)23274275,(04)23288582,2025,12,21,18,26,臺中市,大里區,0,0,0,7,,,50,,,,,,,,,,,,,,9,,,,,B03,,,1,,9,,,51,51,2,13,4,120.689741,24.106592,3
9294,66000,387130000C,(04)23274275,(04)23288582,2025,12,21,18,29,臺中市,豐原區,0,1,0,7,1,6,50,3,1,1,5,4,6,6,4,4,5,5,4,2,3,3,10,5,4,C03,7,9,1,10,2,11,,84,84,1,12,4,120.719453,24.250608,2
9295,66000,387130000C,(04)23274275,(04)23288582,2025,12,21,18,30,臺中市,和平區,0,0,0,6,,,30,,,,,,,,,,,,,,14,,,,,B03,,,1,,2,,,49,49,1,10,4,121.010259,24.204357,3
9296,66000,387130000C,(04)23274275,(04)23288582,2025,12,21,18,31,臺中市,豐原區,0,0,0,7,,,50,,,,,,,,,,,,,,14,,,,,B03,,,1,,2,,,50,50,1,12,4,120.72692,24.24048,3
9297,66000,387130000C,(04)23274275,(04)23288582,2025,12,21,18,32,臺中市,太平區,0,0,0,7,,,50,,,,,,,,,,,,,,13,,,,,B03,,,1,,2,,,84,84,1,12,4,120.713778,24.131599,3
9298,66000,387130000C,(04)23274275,(04)23288582,2025,12,21,18,36,臺中市,太平區,0,0,0,7,,,50,,,,,,,,,,,,,,,,,,,B03,,,1,,2,,,84,84,1,12,4,120.710927,24.150645,3
9299,66000,387130000C,(04)23274275,(04)23288582,2025,12,21,18,37,臺中市,潭子區,0,3,0,6,1,6,60,13,8,1,5,4,6,6,4,4,1,4,4,1,17,2,9,1,1,C03,7,9,1,10,2,11,,85,85,1,13,4,120.689425,24.220285,2
9300,66000,387130000C,(04)23274275,(04)23288582,2025,12,21,18,41,臺中市,豐原區,0,1,0,7,1,6,50,5,1,1,5,4,6,6,1,1,5,4,4,2,16,3,10,3,1,B03,7,6,1,8,2,2,,11,11,1,12,4,120.721173,24.253873,2
9301,66000,387130000C,(04)23274275,(04)23288582,2025,12,21,18,42,臺中市,北屯區,0,1,0,7,1,6,50,4,19,1,5,4,6,6,2,1,10,5,5,2,3,3,10,1,1,C03,7,9,1,10,2,11,,10,10,1,12,4,120.682064,24.194064,2
9302,66000,387130000C,(04)23274275,(04)23288582,2025,12,21,18,43,臺中市,中區,0,1,0,7,1,6,50,4,1,1,5,4,6,6,2,1,8,3,5,2,18,2,9,2,1,C03,7,9,1,10,2,12,,84,84,1,12,4,120.684421,24.142186,2
9303,66000,387130000C,(04)23274275,(04)23288582,2025,12,21,18,43,臺中市,北屯區,0,0,0,7,,3,50,13,15,1,5,4,6,6,4,4,10,5,5,2,13,,,,,B03,,,1,8,1,,,7,7,1,12,4,120.694144,24.201018,3
9304,66000,387130000C,(04)23274275,(04)23288582,2025,12,21,18,43,臺中市,大里區,0,2,0,7,1,6,50,4,1,1,5,4,6,6,1,1,10,5,5,1,17,2,9,1,1,C03,7,6,3,19,9,12,,36,36,1,12,4,120.697,24.111291,2
9305,66000,387130000C,(04)23274275,(04)23288582,2025,12,21,18,44,臺中市,梧棲區,0,0,0,7,,,50,,,,,,,,,,,,,,17,,,,,A41,,,1,,2,,,49,49,1,12,4,120.536522,24.257923,3
9306,66000,387130000C,(04)23274275,(04)23288582,2025,12,21,18,46,臺中市,霧峰區,0,0,0,7,,,60,,,,,,,,,,,,,,,,,,,B03,,,1,,1,,,85,85,1,13,4,120.696193,24.066186,3
9307,66000,387130000C,(04)23274275,(04)23288582,2025,12,21,18,55,臺中市,北屯區,0,1,0,7,1,6,40,13,8,1,5,4,6,6,4,4,5,5,4,2,13,3,10,1,1,C03,7,9,2,19,2,11,,56,56,1,3,4,120.710796,24.191632,2
9308,66000,387130000C,(04)23274275,(04)23288582,2025,12,21,19,9,臺中市,西屯區,0,2,0,7,1,6,50,13,9,1,5,4,6,6,4,4,9,4,5,2,17,3,10,3,4,B03,7,6,1,5,2,5,,20,20,1,13,4,120.65428,24.156447,2
9309,66000,387130000C,(04)23274275,(04)23288582,2025,12,21,19,11,臺中市,潭子區,0,2,0,7,1,6,50,4,1,1,5,4,6,6,1,1,10,5,5,2,16,2,9,4,1,F01,7,6,7,21,2,11,,11,11,1,5,1,120.692401,24.224908,2
9310,66000,387130000C,(04)23274275,(04)23288582,2025,12,21,19,13,臺中市,西區,0,0,0,7,,,50,,,,,,,,,,,,,,17,,,,,B03,,,1,,2,,,40,40,1,12,4,120.667607,24.130383,3
9311,66000,387130000C,(04)23274275,(04)23288582,2025,12,21,19,15,臺中市,南區,0,1,0,7,1,6,50,4,1,1,5,4,6,6,1,1,10,5,5,2,15,,,,,,,9,,,,,,86,86,2,,,120.682559,24.124917,2
9312,66000,387130000C,(04)23274275,(04)23288582,2025,12,21,19,22,臺中市,北區,0,1,0,7,1,6,50,13,9,1,5,4,6,6,4,4,5,4,5,2,17,2,8,5,1,C03,7,9,1,10,2,12,14,84,84,1,13,4,120.677115,24.146931,2
9313,66000,387130000C,(04)23274275,(04)23288582,2025,12,21,19,38,臺中市,西區,0,0,0,6,,,50,,,,,,,,,,,,,,,,,,,B03,,,1,,1,,,7,7,1,12,4,120.664251,24.150853,3
9314,66000,387130000C,(04)23274275,(04)23288582,2025,12,21,19,39,臺中市,大甲區,0,0,0,7,,,50,,,,,,,,,,,,,,,,,,,B03,,,1,,2,,,11,11,1,6,4,120.621829,24.353426,3
9315,66000,387130000C,(04)23274275,(04)23288582,2025,12,21,19,41,臺中市,太平區,0,0,0,7,,3,80,,,,,,,,,,,,,,13,,,,,B03,,,1,,2,,,7,7,1,12,4,120.707241,24.131647,3
9316,66000,387130000C,(04)23274275,(04)23288582,2025,12,21,19,47,臺中市,梧棲區,0,0,0,7,,,50,,,,,,,,,,,,,,13,,,,,B03,,,1,,2,,,59,59,1,12,4,120.538606,24.248871,3
9317,66000,387130000C,(04)23274275,(04)23288582,2025,12,21,19,55,臺中市,西屯區,0,0,0,7,,,60,,,,,,,,,,,,,,12,,,,,B03,,,1,,1,,,39,39,1,13,4,120.62904,24.163157,3
9318,66000,387130000C,(04)23274275,(04)23288582,2025,12,21,19,55,臺中市,梧棲區,1,0,0,6,2,6,50,4,1,1,5,4,6,6,1,1,10,5,5,2,16,3,10,3,1,B03,7,6,1,8,2,5,,11,11,1,12,4,120.532236,24.258674,1
9319,66000,387130000C,(04)23274275,(04)23288582,2025,12,21,19,56,臺中市,東勢區,0,0,0,7,,,40,,,,,,,,,,,,,,,,,,,B03,,,1,,2,,,12,12,1,12,4,120.841736,24.245019,3
9320,66000,387130000C,(04)23274275,(04)23288582,2025,12,21,19,59,臺中市,太平區,0,3,0,7,1,6,50,13,9,1,5,4,6,6,4,4,5,5,5,1,2,2,7,1,1,C03,7,9,5,10,2,11,,84,84,1,12,4,120.719134,24.132252,2
9321,66000,387130000C,(04)23274275,(04)23288582,2025,12,21,20,0,臺中市,后里區,0,1,0,7,1,6,50,13,9,1,5,4,6,6,4,4,9,4,5,1,17,2,9,1,1,C03,7,9,1,10,2,14,,7,7,1,6,4,120.705448,24.324349,2
9322,66000,387130000C,(04)23274275,(04)23288582,2025,12,21,20,2,臺中市,西屯區,0,0,0,7,,,40,,,,,,,,,,,,,,12,,,,,B03,,,1,,1,,,40,40,1,12,4,120.632777,24.170583,3
9323,66000,387130000C,(04)23274275,(04)23288582,2025,12,21,20,13,臺中市,烏日區,0,1,0,7,1,3,80,13,7,1,5,4,6,6,4,4,1,4,5,1,13,3,10,3,1,B03,7,9,1,8,1,1,,7,7,1,6,4,120.616521,24.107356,2
9324,66000,387130000C,(04)23274275,(04)23288582,2025,12,21,20,15,臺中市,龍井區,0,0,0,7,,,50,,,,,,,,,,,,,,,,,,,B03,,,1,,2,,,4,4,2,6,4,120.529819,24.186439,3
9325,66000,387130000C,(04)23274275,(04)23288582,2025,12,21,20,16,臺中市,梧棲區,0,4,0,7,1,6,50,13,8,1,5,4,6,6,2,1,5,4,4,1,3,3,10,3,1,B03,7,6,3,19,2,1,,59,59,1,12,4,120.531075,24.255913,2
9326,66000,387130000C,(04)23274275,(04)23288582,2025,12,21,20,20,臺中市,太平區,0,0,0,7,,,50,,,,,,,,,,,,,,17,,,,,B12,,,1,,2,,,84,84,1,12,4,120.715155,24.158861,3
9327,66000,387130000C,(04)23274275,(04)23288582,2025,12,21,20,21,臺中市,東區,0,2,0,7,1,6,50,4,1,1,5,4,6,6,1,1,9,4,5,2,11,2,7,1,1,C03,7,6,1,10,2,11,,48,48,1,12,4,120.696201,24.14275,2
9328,66000,387130000C,(04)23274275,(04)23288582,2025,12,21,20,22,臺中市,北屯區,0,1,0,7,1,6,40,3,1,1,5,4,6,6,1,1,10,5,5,2,17,2,9,5,4,C03,7,9,1,10,2,14,,84,84,1,12,4,120.665379,24.191235,2
9329,66000,387130000C,(04)23274275,(04)23288582,2025,12,21,20,25,臺中市,后里區,0,0,0,7,1,6,30,13,9,1,5,4,6,6,4,4,10,5,5,2,17,,,,,,,,,,,,,59,59,1,,,120.700121,24.320023,3
9330,66000,387130000C,(04)23274275,(04)23288582,2025,12,21,20,26,臺中市,太平區,0,0,0,7,,,50,,,,,,,,,,,,,,15,,,,,C03,,,1,,1,,,15,15,1,12,4,120.719714,24.151635,3
9331,66000,387130000C,(04)23274275,(04)23288582,2025,12,21,20,35,臺中市,西屯區,0,2,0,7,1,6,50,4,1,1,5,4,6,6,1,1,5,5,5,2,17,2,8,2,1,C03,7,6,1,10,2,14,,87,87,1,12,4,120.642275,24.17776,2
9332,66000,387130000C,(04)23274275,(04)23288582,2025,12,21,20,36,臺中市,大里區,0,0,0,7,,,40,,,,,,,,,,,,,,13,,,,,C03,,,1,,2,,,84,84,1,13,4,120.688069,24.095433,3
9333,66000,387130000C,(04)23274275,(04)23288582,2025,12,21,20,56,臺中市,豐原區,0,2,0,7,1,6,50,13,7,1,5,4,6,6,4,4,1,4,4,1,13,3,10,3,1,B03,7,9,3,19,2,8,,7,7,1,12,4,120.752088,24.271642,2
9334,66000,387130000C,(04)23274275,(04)23288582,2025,12,21,21,0,臺中市,烏日區,0,0,0,7,,,30,,,,,,,,,,,,,,2,,,,,B03,,,1,,1,,,20,20,1,6,4,120.616342,24.110236,3
9335,66000,387130000C,(04)23274275,(04)23288582,2025,12,21,21,0,臺中市,沙鹿區,0,0,0,7,,,50,,,,,,,,,,,,,,14,,,,,B03,,,1,,2,,,50,50,1,12,4,120.567038,24.224534,3
9336,66000,387130000C,(04)23274275,(04)23288582,2025,12,21,21,3,臺中市,東區,0,0,0,7,,,50,,,,,,,,,,,,,,,,,,,B03,,,1,,2,,,7,7,1,6,4,120.705779,24.144451,3
9337,66000,387130000C,(04)23274275,(04)23288582,2025,12,21,21,17,臺中市,東區,0,0,0,7,,,50,,,,,,,,,,,,,,13,,,,,B01,,,1,,1,,,84,84,1,12,4,120.686484,24.136018,3
9338,66000,387130000C,(04)23274275,(04)23288582,2025,12,21,21,22,臺中市,大里區,0,1,0,6,1,6,40,13,9,1,5,4,6,6,4,4,5,4,5,1,17,3,10,1,1,C03,7,9,1,10,2,12,,84,84,1,13,4,120.70871,24.083991,2
9339,66000,387130000C,(04)23274275,(04)23288582,2025,12,21,21,24,臺中市,北屯區,0,0,0,7,,,50,,,,,,,,,,,,,,13,,,,,B03,,,1,,1,,,7,7,1,12,4,120.689135,24.165094,3
9340,66000,387130000C,(04)23274275,(04)23288582,2025,12,21,21,25,臺中市,大雅區,0,0,0,7,,,,,,,,,,,,,,,,,,,,,,,,,,,,,,119,119,1,,,120.665398,24.215297,3
9341,66000,387130000C,(04)23274275,(04)23288582,2025,12,21,21,30,臺中市,神岡區,0,0,0,7,,,30,,,,,,,,,,,,,,14,,,,,B03,,,1,,1,,,49,49,1,13,4,120.671324,24.266494,3
9342,66000,387130000C,(04)23274275,(04)23288582,2025,12,21,21,33,臺中市,西區,0,1,0,7,1,6,50,13,9,1,5,4,6,6,4,4,9,5,5,2,17,2,4,5,4,F01,7,9,7,21,1,12,,84,84,1,13,4,120.660701,24.144461,2
9343,66000,387130000C,(04)23274275,(04)23288582,2025,12,21,21,39,臺中市,北區,0,1,0,7,1,6,50,13,9,1,5,4,6,6,4,4,1,4,5,2,13,2,9,1,1,C03,7,9,1,10,2,11,12,7,7,1,13,4,120.685282,24.154168,2
9344,66000,387130000C,(04)23274275,(04)23288582,2025,12,21,22,6,臺中市,霧峰區,0,0,0,7,,,50,,,,,,,,,,,,,,,,,,,B03,,,1,,2,,,87,87,1,13,4,120.713146,24.077201,3
9345,66000,387130000C,(04)23274275,(04)23288582,2025,12,21,22,9,臺中市,南區,0,2,0,7,1,6,50,13,9,1,5,4,6,6,4,4,1,4,5,2,13,2,9,1,1,C03,7,9,1,10,2,11,,7,7,1,12,4,120.658434,24.127972,2
9346,66000,387130000C,(04)23274275,(04)23288582,2025,12,21,22,14,臺中市,西屯區,0,4,0,7,1,6,50,13,9,1,5,4,6,6,2,1,4,4,5,2,17,2,9,5,4,C03,7,9,1,10,2,11,,84,84,1,13,4,120.63229,24.18297,2
9347,66000,387130000C,(04)23274275,(04)23288582,2025,12,21,22,21,臺中市,大甲區,0,0,0,7,,,50,,,,,,,,,,,,,,,,,,,B03,,,1,,9,,,21,21,2,6,4,120.616022,24.335463,3
9348,66000,387130000C,(04)23274275,(04)23288582,2025,12,21,22,25,臺中市,大里區,0,0,0,7,,,50,,,,,,,,,,,,,,,,,,,B03,,,1,,2,,,84,84,1,12,4,120.698809,24.109919,3
9349,66000,387130000C,(04)23274275,(04)23288582,2025,12,21,22,30,臺中市,烏日區,0,1,0,7,2,6,50,4,1,1,5,4,6,6,2,1,5,4,5,1,13,3,10,1,1,C03,7,9,1,10,2,11,,84,84,1,6,4,120.635515,24.097314,2
9350,66000,387130000C,(04)23274275,(04)23288582,2025,12,21,22,38,臺中市,北屯區,0,1,0,7,1,6,50,4,1,1,5,4,6,6,1,1,10,5,5,2,16,3,10,3,1,B03,7,5,1,8,2,5,,11,11,1,12,4,120.724595,24.172183,2
9351,66000,387130000C,(04)23274275,(04)23288582,2025,12,21,22,38,臺中市,西屯區,0,0,0,7,,,50,,,,,,,,,,,,,,16,,,,,B02,,,1,,2,,,8,8,1,12,4,120.643525,24.176494,3
9352,66000,387130000C,(04)23274275,(04)23288582,2025,12,21,22,50,臺中市,西屯區,0,2,0,7,1,6,50,13,9,1,5,4,6,6,1,1,5,4,5,1,13,3,10,3,1,B03,7,9,1,8,2,8,,58,58,1,12,4,120.662289,24.163653,2
9353,66000,387130000C,(04)23274275,(04)23288582,2025,12,21,23,2,臺中市,大里區,0,1,0,7,1,6,50,3,1,1,5,4,6,6,1,1,5,5,5,2,16,3,10,3,1,B03,7,5,1,8,2,5,,84,84,1,12,4,120.695622,24.099634,2
9354,66000,387130000C,(04)23274275,(04)23288582,2025,12,21,23,3,臺中市,北屯區,0,1,0,7,1,6,50,13,9,1,5,4,6,6,4,4,1,4,5,2,13,3,10,3,1,B02,7,9,1,10,2,1,,82,82,1,12,4,120.69472,24.166269,2
9355,66000,387130000C,(04)23274275,(04)23288582,2025,12,21,23,4,臺中市,南屯區,0,2,0,7,1,6,50,4,1,1,5,4,6,6,2,1,10,5,5,2,16,2,7,1,1,C03,7,6,1,10,2,11,,84,84,1,13,4,120.648658,24.150778,2
9356,66000,387130000C,(04)23274275,(04)23288582,2025,12,21,23,9,臺中市,西區,0,1,0,7,1,6,50,13,9,1,5,4,6,6,4,4,5,4,5,2,13,2,9,2,1,C03,7,9,1,10,2,11,,7,7,1,13,4,120.671495,24.134823,2
9357,66000,387130000C,(04)23274275,(04)23288582,2025,12,21,23,11,臺中市,北區,0,1,0,7,1,6,50,4,1,1,5,4,6,6,3,1,5,4,4,2,15,3,10,3,1,B03,7,9,1,8,2,4,,24,24,1,13,4,120.674402,24.171548,2
9358,66000,387130000C,(04)23274275,(04)23288582,2025,12,21,23,12,臺中市,南區,0,0,0,7,,,50,,,,,,,,,,,,,,,,,,,B03,,,1,,1,,,40,40,1,13,4,120.668879,24.128925,3
9359,66000,387130000C,(04)23274275,(04)23288582,2025,12,21,23,30,臺中市,烏日區,0,0,0,7,,,30,,,,,,,,,,,,,,9,,,,,B01,,,1,,2,,,84,84,1,6,4,120.657646,24.101729,4
9360,66000,387130000C,(04)23274275,(04)23288582,2025,12,21,23,30,臺中市,梧棲區,0,0,0,7,,,30,,,,,,,,,,,,,,14,,,,,B03,,,1,,1,,,49,49,1,6,4,120.535976,24.254992,3
9361,66000,387130000C,(04)23274275,(04)23288582,2025,12,21,23,35,臺中市,大雅區,0,1,0,7,1,6,50,3,9,1,5,4,6,6,4,4,9,4,5,1,12,3,10,3,1,B03,7,9,1,8,7,5,,53,53,1,13,4,120.601224,24.215831,2
9362,66000,387130000C,(04)23274275,(04)23288582,2025,12,21,23,41,臺中市,太平區,0,0,0,7,,,50,,,,,,,,,,,,,,17,,,,,C03,,,1,,9,,,8,8,2,13,4,120.72475,24.142535,3
9363,66000,387130000C,(04)23274275,(04)23288582,2025,12,21,23,44,臺中市,潭子區,0,1,0,7,1,6,50,13,14,1,5,4,6,6,4,4,1,4,4,1,17,2,9,3,1,B03,7,15,1,8,2,5,,8,8,1,13,4,120.699346,24.216465,2
9364,66000,387130000C,(04)23274275,(04)23288582,2025,12,21,23,50,臺中市,烏日區,0,0,0,7,,,50,,,,,,,,,,,,,,12,,,,,B03,,,1,,1,,,42,42,1,6,4,120.616655,24.113803,3
9365,66000,387130000C,(04)23274275,(04)23288582,2025,12,22,0,26,臺中市,大里區,0,1,0,7,1,6,50,13,9,1,5,4,6,6,3,2,1,2,5,1,18,2,9,1,1,C03,7,9,3,19,2,12,,84,84,1,12,4,120.700147,24.117028,2
9366,66000,387130000C,(04)23274275,(04)23288582,2025,12,22,0,50,臺中市,霧峰區,0,2,0,7,1,6,60,3,2,1,5,4,6,6,1,1,9,4,4,1,17,3,10,3,1,B03,7,1,1,8,2,8,,51,51,1,13,4,120.691795,24.042747,2
9367,66000,387130000C,(04)23274275,(04)23288582,2025,12,22,1,31,臺中市,西屯區,0,0,0,7,,,50,,,,,,,,,,,,,,,,,,,B03,,,1,,2,,,59,59,1,12,4,120.642089,24.178391,3
9368,66000,387130000C,(04)23274275,(04)23288582,2025,12,22,1,32,臺中市,西屯區,0,0,0,7,,,30,,,,,,,,,,,,,,30,,,,,B03,,,1,,9,,,8,8,1,13,4,120.657469,24.164425,3
9369,66000,387130000C,(04)23274275,(04)23288582,2025,12,22,2,7,臺中市,北屯區,0,0,0,7,2,6,50,4,1,1,5,4,6,6,2,1,5,2,5,2,16,3,10,3,1,B03,7,6,3,21,1,1,,48,48,1,12,4,120.687491,24.188243,3
9370,66000,387130000C,(04)23274275,(04)23288582,2025,12,22,2,58,臺中市,西屯區,0,1,0,7,1,6,50,4,19,1,5,4,6,6,1,1,10,5,5,2,3,3,10,5,4,B03,7,6,1,8,2,1,,10,10,1,12,4,120.659971,24.164921,2
9371,66000,387130000C,(04)23274275,(04)23288582,2025,12,22,3,50,臺中市,烏日區,0,1,0,7,2,6,50,5,14,1,5,4,6,6,4,4,5,4,5,1,17,2,1,3,1,B03,7,9,1,8,2,5,,59,59,1,6,4,120.63188,24.09928,2
9372,66000,387130000C,(04)23274275,(04)23288582,2025,12,22,4,32,臺中市,北屯區,0,1,0,7,1,6,50,13,8,1,5,4,6,6,4,4,1,4,4,2,18,2,9,2,1,C03,7,9,1,10,2,14,,82,82,1,12,4,120.668121,24.179182,2
9373,66000,387130000C,(04)23274275,(04)23288582,2025,12,22,5,19,臺中市,北屯區,0,0,0,7,,,50,,,,,,,,,,,,,,14,,,,,B03,,,1,,1,,,49,49,1,12,4,120.692916,24.180762,3
9374,66000,387130000C,(04)23274275,(04)23288582,2025,12,22,5,45,臺中市,豐原區,0,1,0,7,1,6,50,13,9,1,5,4,6,6,4,4,5,2,5,2,3,3,10,1,1,C03,7,9,1,10,2,11,,7,7,1,12,4,120.70434,24.246445,2
9375,66000,387130000C,(04)23274275,(04)23288582,2025,12,22,6,20,臺中市,太平區,0,1,0,7,1,6,50,3,1,1,5,4,6,6,4,4,5,5,5,2,18,2,9,2,1,F01,7,5,7,21,2,12,,84,84,1,12,4,120.701195,24.11243,2
9376,66000,387130000C,(04)23274275,(04)23288582,2025,12,22,6,21,臺中市,西屯區,0,0,0,7,,,40,,,,,,,,,,,,,,,,,,,B03,,,1,,1,,,26,26,1,12,4,120.644251,24.194815,3
9377,66000,387130000C,(04)23274275,(04)23288582,2025,12,22,6,35,臺中市,太平區,0,2,0,7,2,6,50,13,12,1,5,4,6,6,2,1,5,5,4,1,16,2,9,1,1,C03,7,1,1,10,2,14,,51,51,1,12,4,120.71349,24.143807,2
9378,66000,387130000C,(04)23274275,(04)23288582,2025,12,22,6,38,臺中市,潭子區,0,2,0,7,2,6,30,13,9,1,5,4,6,6,4,4,10,5,5,1,17,2,9,2,1,C03,7,9,1,10,2,11,,4,4,1,13,4,120.701017,24.20668,2