序號,縣市別代碼,機關代碼,市話,傳真,年,月,日,時,分,縣市,區,死亡數量,受傷數量,2-30,天候,道路照明設備,道路類別,道路速限,道路型態,事故位置,路面鋪裝,路面狀態,路面缺陷,障礙物,視距,號誌種類,號誌動作,分向設施,快車道或一般車道間,快慢車道間,路面邊線,事故類型及型態,受傷程度,主要傷處,保護裝備,行動電話或功能裝置,當事者區分(類別),車輛用途,當事者行動狀態,駕照狀態,駕照種類,飲酒情形,車輛撞擊部位最初,車輛撞擊部位其他,肇事因素個別,肇事因素主要,肇事逃逸,職業,共享經濟或外送平台,GPS座標X,GPS座標Y,事故類別
9379,66000,387130000C,(04)23274275,(04)23288582,2025,12,22,6,50,臺中市,大甲區,0,0,0,7,,,50,,,,,,,,,,,,,,,,,,,B12,,,1,,2,,,59,59,1,6,4,120.626845,24.340395,3
9380,66000,387130000C,(04)23274275,(04)23288582,2025,12,22,6,52,臺中市,太平區,0,2,0,7,2,6,50,18,9,1,5,4,6,6,3,1,9,5,5,1,12,2,9,1,1,C03,7,8,1,10,2,14,12,40,40,1,12,4,120.733865,24.15761,2
9381,66000,387130000C,(04)23274275,(04)23288582,2025,12,22,6,53,臺中市,南區,0,1,0,7,3,6,50,3,4,1,5,4,6,6,1,1,1,5,5,2,13,3,10,3,1,B03,7,9,1,8,2,1,,39,39,1,13,4,120.651805,24.12178,2
9382,66000,387130000C,(04)23274275,(04)23288582,2025,12,22,7,0,臺中市,大雅區,0,0,0,7,,,0,,,,,,,,,,,,,,,,,,,B03,,,1,,1,,,51,51,1,13,4,120.656951,24.229498,3
9383,66000,387130000C,(04)23274275,(04)23288582,2025,12,22,7,0,臺中市,烏日區,0,1,0,7,2,6,50,4,1,1,5,4,6,6,2,1,5,5,5,1,15,2,9,1,1,F01,7,9,7,21,2,12,,85,85,1,6,4,120.638081,24.107877,2
9384,66000,387130000C,(04)23274275,(04)23288582,2025,12,22,7,5,臺中市,大雅區,0,0,0,7,,,0,,,,,,,,,,,,,,,,,,,B03,,,1,,2,,,8,8,1,13,4,120.643873,24.223491,3
9385,66000,387130000C,(04)23274275,(04)23288582,2025,12,22,7,8,臺中市,清水區,0,0,0,7,,,30,,,,,,,,,,,,,,14,,,,,B03,,,1,,2,,,49,49,1,6,4,120.579522,24.295546,3
9386,66000,387130000C,(04)23274275,(04)23288582,2025,12,22,7,8,臺中市,神岡區,0,2,0,7,1,6,50,13,9,1,5,4,6,6,4,4,5,4,4,2,13,2,9,1,4,C03,7,9,1,10,2,11,,7,7,1,12,4,120.680295,24.248039,2
9387,66000,387130000C,(04)23274275,(04)23288582,2025,12,22,7,10,臺中市,北區,0,0,0,7,,,50,,,,,,,,,,,,,,17,,,,,C03,,,1,,9,,,85,85,2,13,4,120.676567,24.160407,3
9388,66000,387130000C,(04)23274275,(04)23288582,2025,12,22,7,12,臺中市,西屯區,0,2,0,7,2,6,50,3,1,1,5,4,6,6,1,1,10,5,5,2,11,2,8,2,1,C03,7,6,1,10,2,11,,11,11,1,12,4,120.611077,24.193558,2
9389,66000,387130000C,(04)23274275,(04)23288582,2025,12,22,7,12,臺中市,烏日區,0,1,0,7,2,6,60,4,2,1,5,4,6,6,1,1,5,4,5,1,17,3,10,5,4,B12,7,11,1,7,2,8,,45,45,1,7,4,120.654974,24.056686,2
9390,66000,387130000C,(04)23274275,(04)23288582,2025,12,22,7,13,臺中市,西屯區,0,0,0,7,,,50,,,,,,,,,,,,,,13,,,,,B03,,,1,,1,,,7,7,1,12,4,120.643927,24.160552,3
9391,66000,387130000C,(04)23274275,(04)23288582,2025,12,22,7,14,臺中市,太平區,0,0,0,7,,,50,,,,,,,,,,,,,,13,,,,,C03,,,1,,2,,,7,7,1,12,4,120.729,24.104916,3
9392,66000,387130000C,(04)23274275,(04)23288582,2025,12,22,7,15,臺中市,太平區,0,0,0,7,2,6,40,,,,,,,,,,,,,,,,,,,A04,,,1,,2,2,,8,8,2,12,4,120.730378,24.121902,3
9393,66000,387130000C,(04)23274275,(04)23288582,2025,12,22,7,15,臺中市,龍井區,0,1,0,7,2,6,30,4,1,1,5,4,6,6,4,4,5,5,5,1,15,3,10,3,1,B03,7,9,1,8,2,5,,15,15,1,12,4,120.546895,24.205277,2
9394,66000,387130000C,(04)23274275,(04)23288582,2025,12,22,7,19,臺中市,南屯區,0,0,0,7,,3,80,,,,,,,,,,,,,,13,,,,,B03,,,1,,2,,,7,7,1,12,4,120.621091,24.133568,3
9395,66000,387130000C,(04)23274275,(04)23288582,2025,12,22,7,21,臺中市,西屯區,0,0,0,7,,,50,,,,,,,,,,,,,,13,,,,,C03,,,1,,1,,,7,7,1,12,4,120.622072,24.191455,3
9396,66000,387130000C,(04)23274275,(04)23288582,2025,12,22,7,22,臺中市,西屯區,0,0,0,7,,,50,,,,,,,,,,,,,,13,,,,,B03,,,1,,1,,,84,84,1,13,4,120.610897,24.191269,3
9397,66000,387130000C,(04)23274275,(04)23288582,2025,12,22,7,22,臺中市,大里區,0,2,0,7,3,6,50,4,19,1,5,4,6,6,2,1,10,5,5,2,3,2,9,1,1,F03,7,6,7,21,2,11,,10,10,1,12,4,120.680781,24.105649,2
9398,66000,387130000C,(04)23274275,(04)23288582,2025,12,22,7,24,臺中市,清水區,0,2,0,7,2,6,50,13,14,1,5,4,6,6,4,4,5,2,5,1,17,3,10,3,1,B03,7,14,1,8,2,2,,76,76,1,13,4,120.562583,24.267748,2
9399,66000,387130000C,(04)23274275,(04)23288582,2025,12,22,7,25,臺中市,南區,0,0,0,7,,,50,,,,,,,,,,,,,,13,,,,,B03,,,1,,1,,,84,84,1,13,4,120.669975,24.112791,3
9400,66000,387130000C,(04)23274275,(04)23288582,2025,12,22,7,31,臺中市,西屯區,0,0,0,7,,,40,,,,,,,,,,,,,,13,,,,,C03,,,1,,2,,,7,7,1,13,4,120.611439,24.184328,4
9401,66000,387130000C,(04)23274275,(04)23288582,2025,12,22,7,32,臺中市,烏日區,0,0,0,7,,,50,,,,,,,,,,,,,,12,,,,,B03,,,1,,1,,,40,40,1,6,4,120.624943,24.107023,3
9402,66000,387130000C,(04)23274275,(04)23288582,2025,12,22,7,32,臺中市,大甲區,0,2,0,7,3,6,50,3,1,1,5,4,6,6,4,4,10,5,5,2,17,2,9,1,1,C03,7,6,1,10,2,11,,14,14,1,6,4,120.623955,24.352963,2
9403,66000,387130000C,(04)23274275,(04)23288582,2025,12,22,7,33,臺中市,太平區,0,0,0,7,,,40,,,,,,,,,,,,,,16,,,,,C03,,,1,,2,,,40,40,1,12,4,120.724059,24.111161,3
9404,66000,387130000C,(04)23274275,(04)23288582,2025,12,22,7,34,臺中市,西屯區,0,2,0,7,2,6,40,4,4,1,5,4,6,6,1,1,1,4,1,2,13,2,7,2,1,C03,7,9,1,10,2,11,12,7,7,1,12,4,120.641262,24.167751,2
9405,66000,387130000C,(04)23274275,(04)23288582,2025,12,22,7,35,臺中市,大里區,0,0,0,7,,,50,,,,,,,,,,,,,,,,,,,C03,,,1,,2,,,84,84,1,12,4,120.699923,24.10532,3
9406,66000,387130000C,(04)23274275,(04)23288582,2025,12,22,7,35,臺中市,大肚區,0,1,0,7,2,6,30,4,1,1,5,4,6,6,4,4,10,5,5,2,16,3,10,3,1,B03,7,6,1,8,2,8,,14,14,1,6,4,120.544409,24.159024,2
9407,66000,387130000C,(04)23274275,(04)23288582,2025,12,22,7,36,臺中市,西屯區,0,0,0,7,,,,,,,,,,,,,,,,,12,,,,,,,,,,,,,8,8,1,,,120.609608,24.184261,3
9408,66000,387130000C,(04)23274275,(04)23288582,2025,12,22,7,36,臺中市,梧棲區,0,2,0,7,2,6,50,4,1,1,5,4,6,6,4,4,10,5,5,2,15,3,10,3,1,B03,7,1,1,6,2,8,,51,51,1,12,4,120.546755,24.254154,2
9409,66000,387130000C,(04)23274275,(04)23288582,2025,12,22,7,36,臺中市,豐原區,0,1,0,7,2,6,50,3,1,1,5,4,6,6,1,1,5,5,4,2,17,3,10,5,4,B03,7,11,1,8,2,8,,32,32,1,13,4,120.741359,24.255837,2
9410,66000,387130000C,(04)23274275,(04)23288582,2025,12,22,7,38,臺中市,東區,0,1,0,7,1,6,50,5,1,1,5,4,6,6,1,1,10,5,5,2,17,2,9,5,4,C03,7,5,1,10,2,15,,84,84,1,12,4,120.689223,24.143485,2
9411,66000,387130000C,(04)23274275,(04)23288582,2025,12,22,7,40,臺中市,大肚區,0,0,0,7,,,40,,,,,,,,,,,,,,13,,,,,C03,,,1,,2,,,7,7,1,6,4,120.582318,24.168073,3
9412,66000,387130000C,(04)23274275,(04)23288582,2025,12,22,7,43,臺中市,梧棲區,0,2,0,7,2,6,50,4,1,1,5,4,6,6,1,1,10,5,5,2,16,2,7,1,1,C03,7,6,1,10,2,14,,11,11,1,12,4,120.52801,24.252174,2
9413,66000,387130000C,(04)23274275,(04)23288582,2025,12,22,7,44,臺中市,西屯區,0,0,0,7,,,50,,,,,,,,,,,,,,13,,,,,C03,,,1,,1,,,7,7,1,13,4,120.645392,24.172381,3
9414,66000,387130000C,(04)23274275,(04)23288582,2025,12,22,7,45,臺中市,梧棲區,0,0,0,7,,,70,,,,,,,,,,,,,,13,,,,,B12,,,1,,1,,,84,84,1,12,4,120.546934,24.232508,3
9415,66000,387130000C,(04)23274275,(04)23288582,2025,12,22,7,45,臺中市,梧棲區,0,1,0,7,2,6,30,13,9,1,5,4,6,6,4,4,10,5,5,2,12,3,10,1,1,C03,7,9,1,10,2,11,,7,7,1,12,4,120.541091,24.234106,2
9416,66000,387130000C,(04)23274275,(04)23288582,2025,12,22,7,46,臺中市,西屯區,0,2,0,7,2,6,50,13,9,1,5,4,6,6,4,4,10,4,5,2,13,2,7,5,4,C03,7,9,1,10,2,11,,84,84,1,12,4,120.638136,24.163512,2
9417,66000,387130000C,(04)23274275,(04)23288582,2025,12,22,7,47,臺中市,西區,0,1,0,7,2,6,50,4,1,1,5,4,6,6,1,1,10,5,5,2,16,3,10,2,1,C01,7,6,1,9,2,12,,48,48,1,12,4,120.673079,24.140982,2
9418,66000,387130000C,(04)23274275,(04)23288582,2025,12,22,7,49,臺中市,太平區,0,0,0,7,2,6,50,,,,,,,,,,,,,,16,,,,,C03,,,1,,2,14,,48,48,1,12,4,120.724582,24.149538,3
9419,66000,387130000C,(04)23274275,(04)23288582,2025,12,22,7,49,臺中市,梧棲區,0,2,0,7,2,6,50,4,1,1,5,4,6,6,4,4,10,5,5,2,15,2,9,1,1,C03,7,9,2,19,2,14,,12,12,1,12,4,120.53416,24.246642,2
9420,66000,387130000C,(04)23274275,(04)23288582,2025,12,22,7,49,臺中市,后里區,0,0,0,7,2,6,50,13,9,1,5,4,6,6,4,4,9,5,5,2,17,3,10,3,1,B03,7,3,1,8,2,6,,50,50,1,12,4,120.71036,24.30379,3
9421,66000,387130000C,(04)23274275,(04)23288582,2025,12,22,7,49,臺中市,豐原區,0,2,0,7,2,6,50,4,1,1,5,4,6,6,1,1,10,5,5,2,13,2,9,1,1,C03,7,6,1,10,2,11,,7,7,1,12,4,120.712694,24.247587,2
9422,66000,387130000C,(04)23274275,(04)23288582,2025,12,22,7,50,臺中市,北屯區,0,1,0,7,3,6,50,4,1,1,5,4,6,6,1,1,10,5,5,2,13,3,10,1,1,C03,7,9,1,10,2,11,,84,84,1,6,4,120.700048,24.164786,2
9423,66000,387130000C,(04)23274275,(04)23288582,2025,12,22,7,50,臺中市,烏日區,0,1,0,7,2,6,40,13,9,1,5,4,6,6,4,4,1,4,5,2,17,3,10,5,4,C03,7,15,1,10,2,12,,84,84,1,12,4,120.647733,24.081945,2
9424,66000,387130000C,(04)23274275,(04)23288582,2025,12,22,7,53,臺中市,北屯區,0,0,0,7,,,50,,,,,,,,,,,,,,,,,,,B03,,,1,,2,,,85,85,1,6,4,120.720368,24.175798,4
9425,66000,387130000C,(04)23274275,(04)23288582,2025,12,22,7,55,臺中市,外埔區,0,1,0,7,2,6,40,3,2,1,5,4,6,6,4,4,4,5,4,1,17,2,9,2,1,F03,7,9,7,21,2,11,,84,84,1,12,4,120.636539,24.343339,2
9426,66000,387130000C,(04)23274275,(04)23288582,2025,12,22,7,56,臺中市,南區,0,0,0,7,,,50,,,,,,,,,,,,,,13,,,,,B03,,,1,,1,,,84,84,1,12,4,120.669965,24.121417,3
9427,66000,387130000C,(04)23274275,(04)23288582,2025,12,22,7,58,臺中市,北屯區,0,1,0,7,2,6,60,4,1,1,5,4,6,6,1,1,10,5,5,2,16,3,10,3,1,B02,7,6,1,8,2,2,,11,11,1,6,4,120.686606,24.205168,2
9428,66000,387130000C,(04)23274275,(04)23288582,2025,12,22,7,59,臺中市,東區,0,1,0,7,3,6,50,13,8,1,5,4,6,6,4,4,1,4,4,2,17,2,9,2,1,C03,7,9,1,10,2,11,,84,84,1,12,4,120.694259,24.150653,2
9429,66000,387130000C,(04)23274275,(04)23288582,2025,12,22,8,0,臺中市,大雅區,0,0,0,7,,,30,,,,,,,,,,,,,,,,,,,C03,,,1,,1,,,14,14,1,12,4,120.670228,24.20871,3
9430,66000,387130000C,(04)23274275,(04)23288582,2025,12,22,8,0,臺中市,南區,0,1,0,7,2,6,50,13,9,1,5,4,6,6,4,4,5,5,5,2,17,2,9,2,1,C03,7,6,1,10,2,12,,20,20,1,13,4,120.669967,24.112518,2
9431,66000,387130000C,(04)23274275,(04)23288582,2025,12,22,8,0,臺中市,北屯區,0,0,0,7,,,50,,,,,,,,,,,,,,,,,,,B03,,,1,,1,,,51,51,1,13,4,120.722489,24.172549,3
9432,66000,387130000C,(04)23274275,(04)23288582,2025,12,22,8,0,臺中市,西屯區,0,1,0,7,2,6,40,4,2,1,5,4,6,6,2,1,5,4,4,2,13,2,9,2,1,C03,7,9,1,10,2,11,,7,7,1,13,4,120.60911,24.15554,2
9433,66000,387130000C,(04)23274275,(04)23288582,2025,12,22,8,0,臺中市,神岡區,0,1,0,7,1,6,30,13,9,1,5,4,6,6,4,4,10,5,5,2,17,2,9,1,4,F03,7,12,7,21,1,14,,43,43,1,12,4,120.658067,24.267639,2
9434,66000,387130000C,(04)23274275,(04)23288582,2025,12,22,8,2,臺中市,南屯區,0,2,0,7,2,6,40,13,8,1,5,4,6,6,4,4,5,4,4,2,17,2,8,1,1,C03,7,9,1,10,2,11,,59,59,1,6,4,120.637313,24.143849,2
9435,66000,387130000C,(04)23274275,(04)23288582,2025,12,22,8,4,臺中市,北屯區,0,1,0,7,2,6,50,4,1,1,5,4,6,6,1,1,10,5,5,2,15,3,10,3,1,B03,7,9,1,8,2,1,,21,21,1,6,4,120.67228,24.187803,2
9436,66000,387130000C,(04)23274275,(04)23288582,2025,12,22,8,7,臺中市,西屯區,0,0,0,7,,,50,,,,,,,,,,,,,,17,,,,,B12,,,1,,2,,,59,59,1,12,4,120.629528,24.204473,3
9437,66000,387130000C,(04)23274275,(04)23288582,2025,12,22,8,8,臺中市,西屯區,0,0,0,7,,,50,,,,,,,,,,,,,,12,,,,,B03,,,1,,1,,,59,59,1,12,4,120.611679,24.191672,3
9438,66000,387130000C,(04)23274275,(04)23288582,2025,12,22,8,8,臺中市,大里區,0,1,0,7,2,6,30,3,2,1,5,4,6,6,4,4,10,5,5,2,11,2,8,1,1,C03,7,5,1,10,2,11,,59,59,1,6,4,120.706762,24.082362,2
9439,66000,387130000C,(04)23274275,(04)23288582,2025,12,22,8,8,臺中市,大里區,0,1,0,7,3,6,50,13,9,1,5,4,6,6,4,4,5,4,5,1,12,2,9,1,1,C03,7,1,1,10,2,14,,51,51,1,12,4,120.674638,24.111911,2
9440,66000,387130000C,(04)23274275,(04)23288582,2025,12,22,8,9,臺中市,西屯區,0,1,0,7,2,6,40,13,9,1,5,4,6,6,4,4,1,4,5,2,12,2,9,2,4,C03,7,7,1,10,2,12,,40,40,1,13,4,120.653862,24.160033,2
9441,66000,387130000C,(04)23274275,(04)23288582,2025,12,22,8,11,臺中市,北屯區,0,0,0,7,,,50,,,,,,,,,,,,,,13,,,,,B03,,,1,8,1,,,84,84,1,6,4,120.723091,24.162035,4
9442,66000,387130000C,(04)23274275,(04)23288582,2025,12,22,8,12,臺中市,南區,0,2,0,7,1,6,50,4,2,1,5,4,6,6,1,1,10,5,5,2,17,2,9,5,4,C03,7,6,3,19,11,15,,84,84,1,12,4,120.664334,24.124728,2
9443,66000,387130000C,(04)23274275,(04)23288582,2025,12,22,8,13,臺中市,大里區,0,1,0,7,2,6,50,4,1,1,5,4,6,6,1,1,10,5,5,2,16,2,9,1,1,C03,7,9,1,10,2,11,,84,84,1,12,4,120.691673,24.073999,2
9444,66000,387130000C,(04)23274275,(04)23288582,2025,12,22,8,13,臺中市,神岡區,0,1,0,7,2,6,50,4,1,1,5,4,6,6,1,1,10,5,5,2,16,3,10,5,4,C03,7,9,1,10,2,11,,21,21,1,12,4,120.686384,24.247011,2
9445,66000,387130000C,(04)23274275,(04)23288582,2025,12,22,8,14,臺中市,大雅區,0,0,0,7,,,60,,,,,,,,,,,,,,,,,,,B03,,,1,,1,,,84,84,1,13,4,120.645772,24.225003,3
9446,66000,387130000C,(04)23274275,(04)23288582,2025,12,22,8,14,臺中市,西屯區,0,1,0,7,2,6,50,4,1,1,5,4,6,6,4,4,10,5,5,2,16,3,10,5,4,C03,7,5,1,10,2,12,,47,47,1,12,2,120.593763,24.177911,2
9447,66000,387130000C,(04)23274275,(04)23288582,2025,12,22,8,14,臺中市,大肚區,0,0,0,7,,,50,,,,,,,,,,,,,,,,,,,B12,,,1,,2,,,49,49,1,6,4,120.577378,24.118405,3
9448,66000,387130000C,(04)23274275,(04)23288582,2025,12,22,8,15,臺中市,大雅區,0,2,0,7,3,6,70,3,1,1,5,4,6,6,1,1,1,3,5,1,17,2,9,5,4,C03,7,9,1,10,2,11,,21,21,1,13,4,120.636664,24.234798,2
9449,66000,387130000C,(04)23274275,(04)23288582,2025,12,22,8,15,臺中市,西屯區,0,0,0,7,,,40,,,,,,,,,,,,,,13,,,,,C03,,,1,,2,,,7,7,1,13,4,120.649308,24.162558,3
9450,66000,387130000C,(04)23274275,(04)23288582,2025,12,22,8,16,臺中市,太平區,0,1,0,7,2,6,30,4,1,1,5,4,6,6,4,4,10,5,5,2,15,3,10,2,1,C03,7,9,1,10,2,12,,15,15,1,12,4,120.728366,24.102951,2
9451,66000,387130000C,(04)23274275,(04)23288582,2025,12,22,8,17,臺中市,南區,0,0,0,7,,,50,,,,,,,,,,,,,,17,,,,,C03,,,1,,1,,,51,51,1,12,4,120.650512,24.120979,3
9452,66000,387130000C,(04)23274275,(04)23288582,2025,12,22,8,23,臺中市,大雅區,0,1,0,7,3,6,50,13,9,1,5,4,6,6,4,4,5,2,5,2,13,2,9,1,1,C03,7,9,1,10,2,11,,7,7,1,12,4,120.661815,24.219503,2
9453,66000,387130000C,(04)23274275,(04)23288582,2025,12,22,8,23,臺中市,太平區,0,0,0,7,2,6,50,,,,,,,,,,,,,,,,,,,C03,,,3,,2,12,,8,8,1,12,4,120.706906,24.129193,3
9454,66000,387130000C,(04)23274275,(04)23288582,2025,12,22,8,24,臺中市,中區,0,0,0,7,,,50,,,,,,,,,,,,,,14,,,,,C03,,,1,,1,,,51,51,1,12,4,120.681142,24.137377,3
9455,66000,387130000C,(04)23274275,(04)23288582,2025,12,22,8,24,臺中市,霧峰區,0,1,0,7,2,6,40,3,1,1,5,4,6,6,1,1,5,5,5,1,16,3,10,1,1,C03,7,5,1,10,2,12,,47,47,1,5,4,120.710129,24.07426,2
9456,66000,387130000C,(04)23274275,(04)23288582,2025,12,22,8,25,臺中市,南區,0,2,0,7,3,6,50,4,1,1,5,4,6,6,1,1,10,5,5,2,16,3,10,3,1,B03,7,6,1,8,2,5,,11,11,1,12,4,120.669938,24.122448,2
9457,66000,387130000C,(04)23274275,(04)23288582,2025,12,22,8,25,臺中市,西屯區,0,1,0,7,2,6,50,4,1,1,5,4,6,6,2,1,10,5,5,2,15,3,10,3,1,B03,7,9,1,8,2,8,,21,21,1,13,4,120.621719,24.183422,2
9458,66000,387130000C,(04)23274275,(04)23288582,2025,12,22,8,27,臺中市,南區,0,1,0,7,2,6,50,4,1,1,5,4,6,6,4,4,5,5,5,2,18,2,9,2,1,C03,7,9,1,10,2,14,,85,85,1,13,4,120.679354,24.133829,2
9459,66000,387130000C,(04)23274275,(04)23288582,2025,12,22,8,29,臺中市,北屯區,0,0,0,7,,,40,,,,,,,,,,,,,,14,,,,,B03,,,1,,1,,,49,49,1,12,4,120.722891,24.166991,3
9460,66000,387130000C,(04)23274275,(04)23288582,2025,12,22,8,30,臺中市,南屯區,0,1,0,7,3,6,50,4,1,1,5,4,6,6,1,1,10,5,5,2,15,3,10,3,1,B03,7,9,1,8,2,4,,21,21,1,13,4,120.650593,24.147749,2
9461,66000,387130000C,(04)23274275,(04)23288582,2025,12,22,8,30,臺中市,豐原區,0,1,0,7,1,6,30,13,9,1,5,4,6,6,4,4,10,5,5,2,17,2,9,1,1,C03,7,9,1,10,2,11,,7,7,1,6,4,120.730139,24.236405,2
9462,66000,387130000C,(04)23274275,(04)23288582,2025,12,22,8,32,臺中市,太平區,0,1,0,7,2,6,30,4,1,1,5,4,6,6,4,4,10,5,5,1,11,3,10,3,1,B12,7,9,1,8,2,4,,8,8,1,12,4,120.761247,24.107051,2
9463,66000,387130000C,(04)23274275,(04)23288582,2025,12,22,8,33,臺中市,豐原區,0,1,0,7,2,6,50,13,7,1,5,4,6,6,4,4,5,5,4,1,18,2,9,1,1,C03,7,12,1,10,2,13,,84,84,1,12,4,120.716601,24.243847,2
9464,66000,387130000C,(04)23274275,(04)23288582,2025,12,22,8,34,臺中市,北屯區,0,0,0,7,,,50,,,,,,,,,,,,,,14,,,,,B03,,,1,,1,,,49,49,1,6,4,120.719927,24.159245,3
9465,66000,387130000C,(04)23274275,(04)23288582,2025,12,22,8,34,臺中市,烏日區,0,1,0,7,2,6,50,13,9,1,5,4,6,6,4,4,9,5,5,2,17,3,10,3,1,B03,7,1,1,8,2,8,,51,51,1,6,4,120.602239,24.109031,2
9466,66000,387130000C,(04)23274275,(04)23288582,2025,12,22,8,36,臺中市,西屯區,0,0,0,7,,,40,,,,,,,,,,,,,,13,,,,,C03,,,1,,1,,,7,7,1,12,4,120.618413,24.18135,3
9467,66000,387130000C,(04)23274275,(04)23288582,2025,12,22,8,39,臺中市,西屯區,0,0,0,7,,,50,,,,,,,,,,,,,,13,,,,,B03,,,1,,2,,,59,59,1,12,4,120.595151,24.182332,3
9468,66000,387130000C,(04)23274275,(04)23288582,2025,12,22,8,40,臺中市,大肚區,0,1,0,7,2,6,50,4,1,1,5,4,6,6,2,1,10,5,5,2,16,2,9,1,1,C03,7,6,1,10,2,11,,11,11,1,6,4,120.549519,24.148571,2
9469,66000,387130000C,(04)23274275,(04)23288582,2025,12,22,8,41,臺中市,北屯區,0,0,0,7,,,50,,,,,,,,,,,,,,,,,,,C03,,,1,,2,,,7,7,1,13,4,120.720697,24.178815,3
9470,66000,387130000C,(04)23274275,(04)23288582,2025,12,22,8,41,臺中市,后里區,0,2,0,7,2,6,30,3,2,1,5,4,6,6,4,4,10,5,5,1,16,3,10,3,1,B03,7,5,1,8,2,4,,14,14,1,12,4,120.695902,24.308221,2
9471,66000,387130000C,(04)23274275,(04)23288582,2025,12,22,8,45,臺中市,大雅區,0,1,0,7,2,6,30,13,9,1,5,4,6,6,4,4,10,5,5,2,18,2,9,1,1,C03,7,9,1,10,2,14,,84,84,1,12,4,120.641572,24.210924,2
9472,66000,387130000C,(04)23274275,(04)23288582,2025,12,22,8,45,臺中市,南區,0,2,0,7,1,6,50,4,1,1,5,4,6,5,4,4,10,5,5,2,17,2,9,5,4,C03,7,9,1,10,2,11,,84,84,1,12,4,120.664023,24.123093,2
9473,66000,387130000C,(04)23274275,(04)23288582,2025,12,22,8,47,臺中市,南屯區,0,1,0,7,2,6,50,3,1,1,5,4,6,6,2,1,9,4,4,2,11,3,10,3,1,B02,7,6,1,8,2,1,,11,11,1,12,4,120.616372,24.152742,2
9474,66000,387130000C,(04)23274275,(04)23288582,2025,12,22,8,49,臺中市,太平區,0,0,0,7,2,6,50,,,,,,,,,,,,,,,,,,,C03,,,1,,2,14,,84,84,1,12,4,120.730155,24.109946,3
9475,66000,387130000C,(04)23274275,(04)23288582,2025,12,22,8,51,臺中市,東區,0,0,0,7,,,50,,,,,,,,,,,,,,30,,,,,C03,,,1,,1,,,84,84,1,12,4,120.699599,24.145316,3
9476,66000,387130000C,(04)23274275,(04)23288582,2025,12,22,8,51,臺中市,西屯區,0,0,0,7,,,50,,,,,,,,,,,,,,14,,,,,A05,,,1,,2,,,49,49,1,13,4,120.60532,24.162743,3
9477,66000,387130000C,(04)23274275,(04)23288582,2025,12,22,8,54,臺中市,西區,0,2,0,7,2,6,50,4,1,1,5,4,6,6,1,1,10,5,5,2,13,2,9,2,1,C03,7,9,1,10,2,11,,7,7,1,12,4,120.675473,24.141775,2
9478,66000,387130000C,(04)23274275,(04)23288582,2025,12,22,8,54,臺中市,南屯區,0,2,0,7,2,6,50,3,1,1,5,4,6,6,1,1,5,5,5,2,17,2,9,1,1,C03,7,9,1,10,2,14,,8,8,1,6,4,120.609856,24.137972,2
9479,66000,387130000C,(04)23274275,(04)23288582,2025,12,22,8,55,臺中市,清水區,0,1,0,7,2,6,30,4,2,1,5,4,6,6,4,4,9,4,4,1,17,3,10,3,1,B03,7,9,1,8,2,8,,20,20,1,12,4,120.547994,24.28626,2
9480,66000,387130000C,(04)23274275,(04)23288582,2025,12,22,8,56,臺中市,沙鹿區,0,0,0,7,,,50,,,,,,,,,,,,,,17,,,,,B03,,,1,,2,,,85,85,1,6,4,120.565614,24.211694,4
9481,66000,387130000C,(04)23274275,(04)23288582,2025,12,22,8,57,臺中市,清水區,0,1,0,7,2,6,30,4,1,1,5,4,6,6,4,4,10,5,5,1,15,2,9,1,1,C03,7,9,1,8,2,12,,15,15,1,13,4,120.582997,24.288969,2
9482,66000,387130000C,(04)23274275,(04)23288582,2025,12,22,8,59,臺中市,大里區,0,0,0,7,,,50,,,,,,,,,,,,,,,,,,,B01,,,1,,2,,,84,84,1,12,4,120.687881,24.12397,4
9483,66000,387130000C,(04)23274275,(04)23288582,2025,12,22,9,0,臺中市,北區,0,1,0,7,2,6,50,13,8,1,5,4,6,6,2,1,1,3,4,2,17,2,9,2,1,C03,7,9,1,10,2,11,,84,84,1,13,4,120.688637,24.157021,2
9484,66000,387130000C,(04)23274275,(04)23288582,2025,12,22,9,0,臺中市,北屯區,0,0,0,7,,,50,,,,,,,,,,,,,,16,,,,,C03,,,3,,1,,,24,24,1,12,4,120.727467,24.177319,3
9485,66000,387130000C,(04)23274275,(04)23288582,2025,12,22,9,9,臺中市,后里區,0,2,0,7,2,6,40,3,2,1,5,4,6,6,4,4,9,5,4,1,17,2,9,2,1,C03,7,8,5,19,2,11,,40,40,1,12,4,120.712189,24.310553,2
9486,66000,387130000C,(04)23274275,(04)23288582,2025,12,22,9,10,臺中市,大甲區,0,1,0,7,2,6,50,4,2,1,5,4,6,6,4,4,5,5,5,1,13,2,9,2,1,C03,7,9,1,10,2,11,,7,7,1,6,4,120.62012,24.353878,2
9487,66000,387130000C,(04)23274275,(04)23288582,2025,12,22,9,12,臺中市,清水區,0,1,0,7,2,6,50,4,2,1,5,4,6,6,1,1,9,3,4,1,17,2,9,1,1,C03,7,9,1,10,2,11,,58,58,1,12,4,120.56026,24.274564,2
9488,66000,387130000C,(04)23274275,(04)23288582,2025,12,22,9,13,臺中市,南屯區,0,2,0,7,2,6,50,4,1,1,5,4,6,6,1,1,1,4,5,2,12,2,9,1,1,C03,7,14,1,10,2,11,,59,59,1,12,4,120.647133,24.15091,2
9489,66000,387130000C,(04)23274275,(04)23288582,2025,12,22,9,15,臺中市,清水區,0,1,0,7,2,6,30,4,1,1,5,4,6,6,4,4,10,5,5,2,15,2,9,1,1,C03,7,9,1,10,2,12,,15,15,1,13,4,120.569047,24.290154,2