序號,縣市別代碼,機關代碼,市話,傳真,年,月,日,時,分,縣市,區,死亡數量,受傷數量,2-30,天候,道路照明設備,道路類別,道路速限,道路型態,事故位置,路面鋪裝,路面狀態,路面缺陷,障礙物,視距,號誌種類,號誌動作,分向設施,快車道或一般車道間,快慢車道間,路面邊線,事故類型及型態,受傷程度,主要傷處,保護裝備,行動電話或功能裝置,當事者區分(類別),車輛用途,當事者行動狀態,駕照狀態,駕照種類,飲酒情形,車輛撞擊部位最初,車輛撞擊部位其他,肇事因素個別,肇事因素主要,肇事逃逸,職業,共享經濟或外送平台,GPS座標X,GPS座標Y,事故類別
9490,66000,387130000C,(04)23274275,(04)23288582,2025,12,22,9,16,臺中市,烏日區,0,0,0,7,,,50,,,,,,,,,,,,,,,,,,,B03,,,1,,1,,,49,49,1,13,4,120.613876,24.109486,3
9491,66000,387130000C,(04)23274275,(04)23288582,2025,12,22,9,18,臺中市,大里區,0,1,0,7,2,6,50,13,9,1,5,4,6,6,4,4,3,4,5,1,27,2,9,2,1,C03,7,9,1,10,2,12,,84,84,1,6,4,120.697405,24.08293,2
9492,66000,387130000C,(04)23274275,(04)23288582,2025,12,22,9,19,臺中市,太平區,0,0,0,7,,,50,,,,,,,,,,,,,,13,,,,,C03,,,1,,2,,,7,7,1,12,4,120.733533,24.143018,3
9493,66000,387130000C,(04)23274275,(04)23288582,2025,12,22,9,20,臺中市,中區,0,1,0,7,3,6,50,13,9,1,5,4,6,6,4,4,5,4,5,2,17,2,7,1,1,C03,7,8,1,10,2,14,,40,40,1,12,4,120.683851,24.142735,2
9494,66000,387130000C,(04)23274275,(04)23288582,2025,12,22,9,20,臺中市,沙鹿區,0,0,0,7,,,60,,,,,,,,,,,,,,13,,,,,B03,,,1,,2,,,7,7,1,12,4,120.564691,24.23969,3
9495,66000,387130000C,(04)23274275,(04)23288582,2025,12,22,9,26,臺中市,西屯區,0,2,0,7,2,6,50,13,9,1,5,4,6,6,4,4,1,4,5,2,13,2,8,5,4,C03,7,9,1,10,2,11,,7,7,1,12,4,120.650016,24.163456,2
9496,66000,387130000C,(04)23274275,(04)23288582,2025,12,22,9,32,臺中市,太平區,0,0,0,7,2,6,50,,,,,,,,,,,,,,,,,,,A12,,,1,,2,7,,49,49,1,12,4,120.71244,24.131642,3
9497,66000,387130000C,(04)23274275,(04)23288582,2025,12,22,9,32,臺中市,大甲區,0,0,0,7,,,50,,,,,,,,,,,,,,,,,,,A12,,,1,,1,,,49,49,1,6,4,120.656235,24.389874,3
9498,66000,387130000C,(04)23274275,(04)23288582,2025,12,22,9,36,臺中市,潭子區,0,0,0,7,,,30,,,,,,,,,,,,,,14,,,,,B03,,,1,,2,,,49,49,1,13,4,120.68106,24.211376,3
9499,66000,387130000C,(04)23274275,(04)23288582,2025,12,22,9,40,臺中市,大雅區,0,0,0,7,,,30,,,,,,,,,,,,,,,,,,,B12,,,1,,2,,,7,7,1,13,4,120.651546,24.209876,3
9500,66000,387130000C,(04)23274275,(04)23288582,2025,12,22,9,44,臺中市,太平區,0,0,0,7,,,30,,,,,,,,,,,,,,16,,,,,B03,,,1,,2,,,12,12,1,12,4,120.708811,24.121693,3
9501,66000,387130000C,(04)23274275,(04)23288582,2025,12,22,9,45,臺中市,南屯區,0,0,0,7,,,50,,,,,,,,,,,,,,13,,,,,B03,,,1,,1,,,59,59,1,6,4,120.622681,24.140608,3
9502,66000,387130000C,(04)23274275,(04)23288582,2025,12,22,9,46,臺中市,西屯區,0,1,0,7,2,3,80,13,9,1,5,4,6,6,4,4,10,4,5,1,13,2,7,3,1,B03,7,9,1,8,2,5,,7,7,1,13,4,120.631297,24.168315,2
9503,66000,387130000C,(04)23274275,(04)23288582,2025,12,22,9,52,臺中市,沙鹿區,0,0,0,7,,,70,,,,,,,,,,,,,,,,,,,B03,,,1,,2,,,7,7,1,12,4,120.581489,24.209098,3
9504,66000,387130000C,(04)23274275,(04)23288582,2025,12,22,9,54,臺中市,北屯區,0,1,0,7,2,6,50,4,1,1,5,4,6,6,3,1,10,5,5,2,15,2,9,1,1,C03,7,9,1,10,2,11,,24,24,1,12,4,120.690674,24.168753,2
9505,66000,387130000C,(04)23274275,(04)23288582,2025,12,22,9,57,臺中市,后里區,0,1,0,7,2,6,50,4,1,1,5,4,6,6,3,1,5,5,4,1,15,3,10,3,1,B03,7,9,1,8,2,8,,24,24,1,12,4,120.708394,24.304515,2
9506,66000,387130000C,(04)23274275,(04)23288582,2025,12,22,9,59,臺中市,西屯區,0,0,0,7,,3,80,,,,,,,,,,,,,,13,,,,,B03,,,1,,1,,,7,7,1,12,4,120.634948,24.179291,3
9507,66000,387130000C,(04)23274275,(04)23288582,2025,12,22,9,59,臺中市,新社區,0,1,0,7,2,6,50,3,2,1,5,4,6,6,4,4,5,5,5,1,11,2,9,5,4,C03,7,9,5,19,8,11,,53,53,1,13,4,120.820153,24.215613,2
9508,66000,387130000C,(04)23274275,(04)23288582,2025,12,22,10,0,臺中市,西屯區,0,0,0,7,,,50,,,,,,,,,,,,,,12,,,,,B03,,,1,,1,,,8,8,1,13,4,120.589956,24.17785,4
9509,66000,387130000C,(04)23274275,(04)23288582,2025,12,22,10,0,臺中市,梧棲區,0,1,0,6,2,6,50,3,1,1,5,4,6,6,4,4,10,5,5,2,16,2,9,1,1,C03,7,5,1,10,2,14,,12,12,1,12,4,120.539977,24.246829,2
9510,66000,387130000C,(04)23274275,(04)23288582,2025,12,22,10,3,臺中市,西屯區,0,0,0,7,,,50,,,,,,,,,,,,,,12,,,,,C03,,,1,,1,,,7,7,1,12,4,120.65521,24.176212,3
9511,66000,387130000C,(04)23274275,(04)23288582,2025,12,22,10,3,臺中市,大甲區,0,1,0,7,3,6,50,13,9,1,5,4,6,6,3,1,10,5,5,2,17,2,9,1,1,C03,7,6,1,10,2,12,,24,24,1,6,4,120.616663,24.346616,2
9512,66000,387130000C,(04)23274275,(04)23288582,2025,12,22,10,5,臺中市,西屯區,0,1,0,7,2,6,40,3,1,1,5,4,6,6,4,4,1,4,1,2,16,3,10,3,1,B12,7,5,1,8,2,2,,47,47,1,12,4,120.63943,24.188583,2
9513,66000,387130000C,(04)23274275,(04)23288582,2025,12,22,10,5,臺中市,大甲區,0,0,0,7,1,6,40,4,14,1,5,4,6,6,1,1,8,4,4,1,13,3,10,1,1,B03,7,9,1,8,2,8,8,7,7,1,12,4,120.627738,24.346667,3
9514,66000,387130000C,(04)23274275,(04)23288582,2025,12,22,10,7,臺中市,西屯區,0,1,0,7,2,6,50,13,9,1,5,4,6,6,4,4,5,4,4,2,13,2,8,2,4,C03,7,9,1,10,1,11,,7,7,1,13,4,120.649566,24.175346,2
9515,66000,387130000C,(04)23274275,(04)23288582,2025,12,22,10,7,臺中市,西屯區,0,0,0,7,,,60,,,,,,,,,,,,,,12,,,,,B03,,,1,,1,,,40,40,2,12,4,120.640452,24.168027,3
9516,66000,387130000C,(04)23274275,(04)23288582,2025,12,22,10,7,臺中市,神岡區,0,0,0,7,,,60,,,,,,,,,,,,,,13,,,,,B03,,,1,,2,,,84,84,1,12,4,120.694204,24.232674,3
9517,66000,387130000C,(04)23274275,(04)23288582,2025,12,22,10,11,臺中市,霧峰區,0,0,0,7,,,50,,,,,,,,,,,,,,17,,,,,C03,,,1,,2,,,7,7,1,12,4,120.700312,24.065716,3
9518,66000,387130000C,(04)23274275,(04)23288582,2025,12,22,10,15,臺中市,大雅區,0,0,0,7,,,50,,,,,,,,,,,,,,,,,,,A04,,,1,,2,,,7,7,1,12,4,120.645211,24.226375,3
9519,66000,387130000C,(04)23274275,(04)23288582,2025,12,22,10,17,臺中市,東區,0,0,0,7,,,50,,,,,,,,,,,,,,17,,,,,C03,,,3,,1,,,68,68,1,13,4,120.692549,24.135757,3
9520,66000,387130000C,(04)23274275,(04)23288582,2025,12,22,10,20,臺中市,南屯區,0,0,0,7,,,50,,,,,,,,,,,,,,12,,,,,B03,,,3,,2,,,42,42,1,12,4,120.609926,24.139524,3
9521,66000,387130000C,(04)23274275,(04)23288582,2025,12,22,10,20,臺中市,北屯區,0,1,0,7,2,6,40,4,1,1,5,4,6,6,2,1,10,5,5,2,15,2,9,1,1,C03,7,9,1,10,2,11,,21,21,1,12,4,120.680488,24.189531,2
9522,66000,387130000C,(04)23274275,(04)23288582,2025,12,22,10,22,臺中市,西區,0,1,0,7,2,6,50,13,9,1,5,4,6,6,4,4,5,4,5,2,17,3,10,3,1,B01,7,1,1,4,2,1,,51,51,1,12,4,120.676846,24.140708,2
9523,66000,387130000C,(04)23274275,(04)23288582,2025,12,22,10,22,臺中市,南屯區,0,0,0,7,,,30,,,,,,,,,,,,,,17,,,,,B02,,,1,,1,,,51,51,1,13,4,120.63236,24.151834,3
9524,66000,387130000C,(04)23274275,(04)23288582,2025,12,22,10,37,臺中市,大里區,0,1,0,7,2,6,50,13,8,1,5,4,6,6,4,4,4,3,4,2,17,2,8,1,1,C03,7,9,1,10,2,11,,59,59,1,6,4,120.677185,24.098888,2
9525,66000,387130000C,(04)23274275,(04)23288582,2025,12,22,10,38,臺中市,沙鹿區,0,0,0,7,,,60,,,,,,,,,,,,,,13,,,,,B03,,,1,,2,,,7,7,1,6,4,120.580142,24.219171,3
9526,66000,387130000C,(04)23274275,(04)23288582,2025,12,22,10,41,臺中市,大里區,0,0,0,7,,,40,,,,,,,,,,,,,,,,,,,B03,,,1,,2,,,8,8,1,6,4,120.701367,24.080876,3
9527,66000,387130000C,(04)23274275,(04)23288582,2025,12,22,10,45,臺中市,南區,0,1,0,7,1,6,50,13,9,1,5,4,6,6,4,4,3,4,5,2,13,3,10,5,4,C03,7,9,1,10,2,11,,7,7,1,12,4,120.672473,24.1299,2
9528,66000,387130000C,(04)23274275,(04)23288582,2025,12,22,10,45,臺中市,清水區,0,1,0,7,2,6,50,3,1,1,5,4,6,6,4,4,9,3,4,1,17,3,10,3,1,B03,7,5,1,8,2,5,,20,20,1,12,4,120.572382,24.288605,2
9529,66000,387130000C,(04)23274275,(04)23288582,2025,12,22,10,46,臺中市,東勢區,0,0,0,7,,,50,,,,,,,,,,,,,,17,,,,,C03,,,3,11,1,,,51,51,2,13,4,120.830356,24.257354,3
9530,66000,387130000C,(04)23274275,(04)23288582,2025,12,22,10,48,臺中市,西屯區,0,2,0,7,2,6,40,4,1,1,5,4,6,6,1,1,10,5,5,2,16,2,9,2,1,C03,7,9,1,10,2,11,,25,25,1,12,4,120.626897,24.159814,2
9531,66000,387130000C,(04)23274275,(04)23288582,2025,12,22,10,49,臺中市,大里區,0,1,0,7,3,6,30,13,9,1,5,4,6,6,4,4,10,5,5,1,17,3,10,3,1,B12,7,6,1,8,2,6,,20,20,1,12,4,120.697494,24.121718,2
9532,66000,387130000C,(04)23274275,(04)23288582,2025,12,22,10,51,臺中市,西屯區,0,0,0,7,,,50,,,,,,,,,,,,,,13,,,,,A02,,,1,,2,,,84,84,1,12,4,120.657108,24.197048,3
9533,66000,387130000C,(04)23274275,(04)23288582,2025,12,22,10,51,臺中市,后里區,0,1,0,7,2,6,40,13,9,1,5,4,6,6,4,4,9,5,5,1,14,3,10,3,1,B01,7,2,1,8,2,3,,49,49,1,12,4,120.711621,24.308417,2
9534,66000,387130000C,(04)23274275,(04)23288582,2025,12,22,10,51,臺中市,大甲區,0,1,0,7,2,6,50,13,9,1,5,4,6,6,4,4,5,5,5,1,16,3,10,3,1,B03,7,1,1,8,2,1,,51,51,1,6,4,120.618402,24.352024,2
9535,66000,387130000C,(04)23274275,(04)23288582,2025,12,22,10,53,臺中市,東勢區,0,0,0,7,,,50,,,,,,,,,,,,,,,,,,,A12,,,1,,1,,,8,8,1,12,4,120.785881,24.311653,3
9536,66000,387130000C,(04)23274275,(04)23288582,2025,12,22,10,55,臺中市,龍井區,0,0,0,7,,,50,,,,,,,,,,,,,,,,,,,B03,,,1,,2,,,43,43,1,12,4,120.523637,24.202985,3
9537,66000,387130000C,(04)23274275,(04)23288582,2025,12,22,11,5,臺中市,南屯區,0,1,0,7,2,6,50,4,2,1,5,4,6,6,1,1,5,4,4,2,18,2,8,1,1,C03,7,6,1,10,2,14,,84,84,1,12,4,120.653748,24.155844,2
9538,66000,387130000C,(04)23274275,(04)23288582,2025,12,22,11,7,臺中市,清水區,0,0,0,7,,,50,,,,,,,,,,,,,,12,,,,,B03,,,1,,2,,,8,8,1,8,4,120.578758,24.271557,3
9539,66000,387130000C,(04)23274275,(04)23288582,2025,12,22,11,11,臺中市,大里區,0,1,0,7,2,6,50,3,2,1,5,4,6,6,4,4,10,5,5,2,30,2,9,2,1,C03,7,9,1,10,2,11,,87,87,1,12,4,120.704125,24.10784,2
9540,66000,387130000C,(04)23274275,(04)23288582,2025,12,22,11,12,臺中市,大里區,0,1,0,7,2,6,30,13,9,1,5,4,6,6,4,4,10,5,5,2,18,2,9,2,1,F03,7,15,7,21,1,12,,84,84,1,6,4,120.710847,24.084606,2
9541,66000,387130000C,(04)23274275,(04)23288582,2025,12,22,11,15,臺中市,霧峰區,0,0,0,7,,,50,,,,,,,,,,,,,,16,,,,,C03,,,1,,2,,,47,47,1,12,4,120.697215,24.064719,3
9542,66000,387130000C,(04)23274275,(04)23288582,2025,12,22,11,17,臺中市,北區,0,0,0,7,,,50,,,,,,,,,,,,,,17,,,,,A12,,,1,,2,,,84,84,1,13,4,120.687427,24.14626,3
9543,66000,387130000C,(04)23274275,(04)23288582,2025,12,22,11,18,臺中市,梧棲區,0,0,0,7,,,30,,,,,,,,,,,,,,17,,,,,B12,,,1,,1,,,59,59,1,6,4,120.538125,24.248158,3
9544,66000,387130000C,(04)23274275,(04)23288582,2025,12,22,11,20,臺中市,沙鹿區,0,1,0,7,2,6,50,4,1,1,5,4,6,6,2,1,1,5,5,1,13,3,10,3,1,B03,7,9,1,8,2,5,,7,7,1,12,4,120.558545,24.229425,2
9545,66000,387130000C,(04)23274275,(04)23288582,2025,12,22,11,26,臺中市,北區,0,2,0,7,2,6,50,4,1,1,5,4,6,6,2,1,10,5,5,2,17,2,9,3,1,B03,7,6,1,8,2,5,,84,84,1,13,4,120.676144,24.150298,2
9546,66000,387130000C,(04)23274275,(04)23288582,2025,12,22,11,35,臺中市,南屯區,0,1,0,7,2,6,50,13,7,1,5,4,6,6,4,4,1,4,4,2,12,2,9,3,1,B03,7,8,1,10,1,4,,40,40,1,12,4,120.639142,24.15137,2
9547,66000,387130000C,(04)23274275,(04)23288582,2025,12,22,11,38,臺中市,大肚區,0,1,0,7,1,6,50,13,9,1,5,4,6,6,4,4,9,5,5,1,17,2,8,4,1,F01,7,9,7,21,2,14,,87,87,1,6,4,120.58025,24.172183,2
9548,66000,387130000C,(04)23274275,(04)23288582,2025,12,22,11,41,臺中市,北屯區,0,0,0,7,,,50,,,,,,,,,,,,,,12,,,,,B03,,,1,,2,,,40,40,1,6,4,120.664907,24.184113,3
9549,66000,387130000C,(04)23274275,(04)23288582,2025,12,22,11,45,臺中市,西屯區,0,0,0,7,,,50,,,,,,,,,,,,,,13,,,,,B03,,,1,,2,,,7,7,1,12,4,120.604782,24.187446,3
9550,66000,387130000C,(04)23274275,(04)23288582,2025,12,22,11,45,臺中市,梧棲區,0,2,0,7,3,6,30,4,1,1,5,4,6,6,4,4,10,5,5,2,15,2,9,1,1,C03,7,9,1,10,2,11,,12,12,1,6,4,120.557915,24.241822,2
9551,66000,387130000C,(04)23274275,(04)23288582,2025,12,22,11,46,臺中市,豐原區,0,1,0,7,1,9,30,13,9,1,5,4,6,6,1,1,10,5,5,2,11,2,7,1,1,C03,7,9,1,10,2,11,,84,84,1,12,4,120.737543,24.251071,2
9552,66000,387130000C,(04)23274275,(04)23288582,2025,12,22,11,51,臺中市,西區,0,0,0,7,,,50,,,,,,,,,,,,,,15,,,,,C03,,,1,10,1,,,15,15,1,13,4,120.660815,24.146258,3
9553,66000,387130000C,(04)23274275,(04)23288582,2025,12,22,11,53,臺中市,西區,0,1,0,7,2,6,50,5,1,1,5,4,6,6,1,1,10,5,5,2,16,3,10,3,1,B03,7,6,1,2,2,6,,11,11,1,12,4,120.670492,24.153412,2
9554,66000,387130000C,(04)23274275,(04)23288582,2025,12,22,12,0,臺中市,西屯區,0,1,0,7,2,6,50,3,1,1,5,4,6,6,2,1,10,5,5,2,13,3,10,1,1,C03,7,9,1,10,2,11,,7,7,1,12,4,120.652321,24.169611,2
9555,66000,387130000C,(04)23274275,(04)23288582,2025,12,22,12,1,臺中市,南屯區,0,2,0,7,2,6,50,13,9,1,5,4,6,6,4,4,5,4,5,2,17,2,9,1,1,C03,7,11,1,10,2,14,,34,34,1,6,4,120.647479,24.132055,2
9556,66000,387130000C,(04)23274275,(04)23288582,2025,12,22,12,2,臺中市,南屯區,0,2,0,7,2,6,50,3,1,1,5,4,6,6,4,4,9,4,5,2,3,2,9,1,1,C03,7,9,3,19,2,11,,10,10,1,12,4,120.644621,24.142971,2
9557,66000,387130000C,(04)23274275,(04)23288582,2025,12,22,12,4,臺中市,北區,0,0,0,7,,,50,,,,,,,,,,,,,,13,,,,,B03,,,1,,1,,,7,7,1,12,4,120.686441,24.147247,3
9558,66000,387130000C,(04)23274275,(04)23288582,2025,12,22,12,4,臺中市,南屯區,0,0,0,7,,,50,,,,,,,,,,,,,,17,,,,,A41,,,1,,1,,,49,49,1,6,4,120.645919,24.149906,3
9559,66000,387130000C,(04)23274275,(04)23288582,2025,12,22,12,6,臺中市,南區,0,1,0,7,3,6,50,4,1,1,5,4,6,6,1,1,10,5,5,2,16,2,9,6,4,F01,7,6,7,21,2,13,,48,48,1,12,4,120.660159,24.125911,2
9560,66000,387130000C,(04)23274275,(04)23288582,2025,12,22,12,9,臺中市,清水區,0,0,0,7,,,50,,,,,,,,,,,,,,,,,,,B03,,,1,,1,,,49,49,1,12,4,120.57385,24.267645,3
9561,66000,387130000C,(04)23274275,(04)23288582,2025,12,22,12,16,臺中市,潭子區,0,2,0,7,2,6,30,3,9,1,5,4,6,6,1,1,1,4,4,1,17,2,9,2,1,C03,7,9,1,10,2,11,,41,41,1,13,4,120.693155,24.216071,2
9562,66000,387130000C,(04)23274275,(04)23288582,2025,12,22,12,16,臺中市,西屯區,0,1,0,7,2,6,50,13,9,1,5,4,6,6,4,4,1,4,5,2,18,2,8,1,1,C03,7,9,1,10,2,14,,59,59,1,13,4,120.647492,24.158985,2
9563,66000,387130000C,(04)23274275,(04)23288582,2025,12,22,12,18,臺中市,西區,0,1,0,7,2,6,50,3,1,1,5,4,6,6,1,1,1,4,4,2,15,3,10,3,1,B03,7,9,1,8,2,8,,21,21,1,12,4,120.660153,24.155285,2
9564,66000,387130000C,(04)23274275,(04)23288582,2025,12,22,12,22,臺中市,西屯區,0,0,0,7,,,50,,,,,,,,,,,,,,12,,,,,C03,,,1,,2,,,7,7,1,12,4,120.655894,24.169947,3
9565,66000,387130000C,(04)23274275,(04)23288582,2025,12,22,12,23,臺中市,霧峰區,0,0,0,7,,,50,,,,,,,,,,,,,,,,,,,B12,,,1,,11,,,85,85,1,6,4,120.700407,24.068382,3
9566,66000,387130000C,(04)23274275,(04)23288582,2025,12,22,12,26,臺中市,神岡區,0,1,0,7,2,6,50,13,14,1,5,4,6,6,1,1,2,3,4,1,22,2,9,5,4,C03,7,9,1,10,2,11,,59,59,1,12,4,120.674339,24.28269,2
9567,66000,387130000C,(04)23274275,(04)23288582,2025,12,22,12,27,臺中市,北屯區,0,0,0,7,,,50,,,,,,,,,,,,,,,,,,,B12,,,1,,2,,,49,49,1,13,4,120.700078,24.177343,3
9568,66000,387130000C,(04)23274275,(04)23288582,2025,12,22,12,31,臺中市,北屯區,0,0,0,7,,,50,,,,,,,,,,,,,,,,,,,C03,,,1,,1,,,7,7,1,12,4,120.679356,24.172862,4
9569,66000,387130000C,(04)23274275,(04)23288582,2025,12,22,12,33,臺中市,大里區,0,1,0,7,2,6,50,4,2,1,5,4,6,6,1,1,4,3,4,1,17,3,10,3,1,B03,7,5,1,8,2,2,,11,11,1,6,4,120.679071,24.114929,2
9570,66000,387130000C,(04)23274275,(04)23288582,2025,12,22,12,35,臺中市,烏日區,0,0,0,7,,,30,,,,,,,,,,,,,,16,,,,,B12,,,1,,2,,,59,59,1,6,4,120.640342,24.105326,3
9571,66000,387130000C,(04)23274275,(04)23288582,2025,12,22,12,37,臺中市,西區,0,0,0,7,,,50,,,,,,,,,,,,,,,,,,,C03,,,1,10,2,,,4,4,1,13,4,120.657713,24.139389,3
9572,66000,387130000C,(04)23274275,(04)23288582,2025,12,22,12,40,臺中市,大里區,0,0,0,7,,,50,,,,,,,,,,,,,,17,,,,,B03,,,1,,9,,,32,32,2,6,4,120.70332,24.090672,3
9573,66000,387130000C,(04)23274275,(04)23288582,2025,12,22,12,41,臺中市,南屯區,0,0,0,7,,,50,,,,,,,,,,,,,,12,,,,,A42,,,1,,1,,,40,40,1,12,4,120.632432,24.145462,3
9574,66000,387130000C,(04)23274275,(04)23288582,2025,12,22,12,41,臺中市,大甲區,0,1,0,7,2,6,40,4,9,1,5,4,6,6,4,4,7,4,5,2,11,3,10,3,1,B03,7,9,1,8,2,6,,15,15,1,12,4,120.64614,24.406558,2
9575,66000,387130000C,(04)23274275,(04)23288582,2025,12,22,12,42,臺中市,北區,0,0,0,7,,,50,,,,,,,,,,,,,,17,,,,,A12,,,1,,2,,,84,84,1,13,4,120.663707,24.162368,3
9576,66000,387130000C,(04)23274275,(04)23288582,2025,12,22,12,52,臺中市,北區,0,1,0,7,2,6,50,4,1,1,5,4,6,6,2,1,10,5,5,2,23,3,10,3,1,B01,7,6,1,4,2,8,,84,84,1,13,4,120.682344,24.163038,2
9577,66000,387130000C,(04)23274275,(04)23288582,2025,12,22,12,55,臺中市,潭子區,0,1,0,7,2,6,50,13,7,1,5,4,6,6,4,4,5,4,4,2,18,2,9,2,1,C03,7,9,1,10,2,12,,85,85,1,13,4,120.693796,24.231121,2
9578,66000,387130000C,(04)23274275,(04)23288582,2025,12,22,12,55,臺中市,南區,0,1,0,7,2,6,50,4,1,1,5,4,6,6,1,1,10,5,5,2,27,2,9,1,1,C03,7,9,3,19,2,11,,84,84,1,12,4,120.658729,24.129844,2
9579,66000,387130000C,(04)23274275,(04)23288582,2025,12,22,13,2,臺中市,西屯區,0,1,0,7,2,6,50,13,9,1,5,4,6,6,4,4,9,4,5,2,12,3,10,5,4,B03,7,5,1,8,2,6,,47,47,1,13,4,120.643214,24.199391,2
9580,66000,387130000C,(04)23274275,(04)23288582,2025,12,22,13,2,臺中市,豐原區,0,0,0,7,,,50,,,,,,,,,,,,,,13,,,,,B03,,,1,,2,,,59,59,1,12,4,120.722247,24.256792,3
9581,66000,387130000C,(04)23274275,(04)23288582,2025,12,22,13,4,臺中市,北屯區,0,0,0,7,,,60,,,,,,,,,,,,,,13,,,,,B12,,,1,,1,,,59,59,1,12,4,120.715432,24.164268,3
9582,66000,387130000C,(04)23274275,(04)23288582,2025,12,22,13,15,臺中市,西屯區,0,0,0,7,,,,,,,,,,,,,,,,,16,,,,,,,,,,,,,86,86,1,,,120.646811,24.171014,3
9583,66000,387130000C,(04)23274275,(04)23288582,2025,12,22,13,17,臺中市,西屯區,0,1,0,7,2,6,50,11,9,1,5,4,6,6,4,4,10,5,5,2,11,3,10,5,4,B03,7,6,1,8,2,8,,39,39,1,12,4,120.656069,24.195278,2
9584,66000,387130000C,(04)23274275,(04)23288582,2025,12,22,13,20,臺中市,西區,0,2,0,7,2,6,50,4,1,1,5,4,6,6,1,1,10,5,5,2,17,3,10,3,1,B03,7,9,1,8,2,1,,7,7,1,12,4,120.673636,24.1477,2
9585,66000,387130000C,(04)23274275,(04)23288582,2025,12,22,13,21,臺中市,北屯區,0,0,0,7,,3,40,,,,,,,,,,,,,,13,,,,,B03,,,1,,1,,,58,58,1,6,4,120.720554,24.166145,3
9586,66000,387130000C,(04)23274275,(04)23288582,2025,12,22,13,22,臺中市,霧峰區,0,1,0,7,2,6,50,13,7,1,5,4,6,6,4,4,5,2,4,2,12,2,8,1,1,C03,7,8,1,10,2,14,,87,87,1,12,4,120.698357,24.061698,2
9587,66000,387130000C,(04)23274275,(04)23288582,2025,12,22,13,24,臺中市,潭子區,0,0,0,7,,,40,,,,,,,,,,,,,,,,,,,B12,,,1,,2,,,49,49,1,6,4,120.73202,24.215646,3
9588,66000,387130000C,(04)23274275,(04)23288582,2025,12,22,13,25,臺中市,潭子區,0,0,0,7,,,50,,,,,,,,,,,,,,,,,,,C03,,,1,,2,,,7,7,1,13,4,120.703184,24.190809,3
9589,66000,387130000C,(04)23274275,(04)23288582,2025,12,22,13,28,臺中市,西區,0,1,0,7,2,6,50,11,9,1,5,4,6,6,4,4,5,5,5,2,17,2,9,1,1,C03,7,9,1,10,8,11,,84,84,1,12,4,120.662766,24.16122,2
9590,66000,387130000C,(04)23274275,(04)23288582,2025,12,22,13,31,臺中市,霧峰區,0,0,0,7,,,50,,,,,,,,,,,,,,17,,,,,B12,,,1,,9,,,68,68,1,6,4,120.696084,24.019681,3
9591,66000,387130000C,(04)23274275,(04)23288582,2025,12,22,13,34,臺中市,豐原區,0,0,0,7,,,50,,,,,,,,,,,,,,27,,,,,B03,,,1,,2,,,51,51,1,12,4,120.74262,24.258472,3
9592,66000,387130000C,(04)23274275,(04)23288582,2025,12,22,13,35,臺中市,南區,0,0,0,7,,,40,,,,,,,,,,,,,,,,,,,B12,,,1,,1,,,49,49,1,12,4,120.657124,24.125923,3
9593,66000,387130000C,(04)23274275,(04)23288582,2025,12,22,13,35,臺中市,烏日區,0,0,0,7,2,6,40,13,9,1,5,2,6,6,4,4,10,5,5,2,12,3,10,3,1,B03,7,1,1,8,2,2,,59,59,1,6,4,120.644632,24.033576,3
9594,66000,387130000C,(04)23274275,(04)23288582,2025,12,22,13,43,臺中市,和平區,0,0,0,7,3,9,40,,9,1,5,4,6,5,4,4,10,5,5,1,1,3,10,3,1,B12,7,6,1,8,2,4,,41,41,2,13,4,121.251316,24.250022,3
9595,66000,387130000C,(04)23274275,(04)23288582,2025,12,22,13,49,臺中市,西屯區,0,1,0,7,2,6,40,3,1,1,5,4,6,6,4,4,1,4,3,2,16,3,10,3,1,B03,7,5,1,8,2,6,,14,14,1,13,4,120.608025,24.184237,2
9596,66000,387130000C,(04)23274275,(04)23288582,2025,12,22,13,52,臺中市,大里區,0,0,0,7,,,50,,,,,,,,,,,,,,,,,,,B12,,,1,,2,,,21,21,1,12,4,120.671285,24.107913,3
9597,66000,387130000C,(04)23274275,(04)23288582,2025,12,22,13,56,臺中市,南屯區,0,2,0,7,2,6,50,4,1,1,5,4,6,6,2,1,9,4,1,2,13,2,9,1,1,C03,7,9,1,10,2,11,,7,7,1,12,4,120.646557,24.140343,2
9598,66000,387130000C,(04)23274275,(04)23288582,2025,12,22,13,57,臺中市,大甲區,0,0,0,7,,,50,,,,,,,,,,,,,,,,,,,B03,,,1,,2,,,7,7,1,6,4,120.625433,24.345936,3
9599,66000,387130000C,(04)23274275,(04)23288582,2025,12,22,14,0,臺中市,大肚區,0,0,0,7,,,30,,,,,,,,,,,,,,,,,,,A42,,,1,,2,,,7,7,1,6,4,120.529532,24.162281,3
9600,66000,387130000C,(04)23274275,(04)23288582,2025,12,22,14,5,臺中市,石岡區,0,0,0,7,,,70,,,,,,,,,,,,,,,,,,,B12,,,1,,1,,,84,84,1,12,4,120.777053,24.274143,3
9601,66000,387130000C,(04)23274275,(04)23288582,2025,12,22,14,9,臺中市,南屯區,0,0,0,7,,,30,,,,,,,,,,,,,,17,,,,,G03,,,1,,2,,,59,59,1,13,4,120.611484,24.145281,3