序號,縣市別代碼,機關代碼,市話,傳真,年,月,日,時,分,縣市,區,死亡數量,受傷數量,2-30,天候,道路照明設備,道路類別,道路速限,道路型態,事故位置,路面鋪裝,路面狀態,路面缺陷,障礙物,視距,號誌種類,號誌動作,分向設施,快車道或一般車道間,快慢車道間,路面邊線,事故類型及型態,受傷程度,主要傷處,保護裝備,行動電話或功能裝置,當事者區分(類別),車輛用途,當事者行動狀態,駕照狀態,駕照種類,飲酒情形,車輛撞擊部位最初,車輛撞擊部位其他,肇事因素個別,肇事因素主要,肇事逃逸,職業,共享經濟或外送平台,GPS座標X,GPS座標Y,事故類別
9602,66000,387130000C,(04)23274275,(04)23288582,2025,12,22,14,15,臺中市,神岡區,0,0,0,7,,,50,,,,,,,,,,,,,,12,,,,,B03,,,1,,2,,,7,7,1,13,4,120.664767,24.273183,3
9603,66000,387130000C,(04)23274275,(04)23288582,2025,12,22,14,18,臺中市,太平區,0,0,0,7,,,30,,,,,,,,,,,,,,,,,,,B12,,,1,,2,,,78,78,1,6,4,120.716693,24.138816,3
9604,66000,387130000C,(04)23274275,(04)23288582,2025,12,22,14,19,臺中市,西屯區,0,0,0,7,,,30,,,,,,,,,,,,,,16,,,,,B03,,,1,,1,,,48,48,1,12,4,120.63703,24.182457,3
9605,66000,387130000C,(04)23274275,(04)23288582,2025,12,22,14,22,臺中市,沙鹿區,0,1,0,7,2,6,50,4,1,1,5,4,6,6,4,4,10,5,5,2,16,3,10,1,1,C03,7,9,1,10,2,13,13,59,59,1,6,4,120.573329,24.22234,2
9606,66000,387130000C,(04)23274275,(04)23288582,2025,12,22,14,30,臺中市,中區,0,0,0,7,,,50,,,,,,,,,,,,,,17,,,,,B03,,,1,,1,,,51,51,1,12,4,120.677913,24.139621,3
9607,66000,387130000C,(04)23274275,(04)23288582,2025,12,22,14,30,臺中市,龍井區,0,0,0,7,,,50,,,,,,,,,,,,,,,,,,,B03,,,1,,1,,,7,7,1,12,4,120.542472,24.218475,3
9608,66000,387130000C,(04)23274275,(04)23288582,2025,12,22,14,33,臺中市,西區,0,0,0,7,,,30,,,,,,,,,,,,,,15,,,,,B03,,,1,,2,,,12,12,1,12,4,120.667154,24.142112,3
9609,66000,387130000C,(04)23274275,(04)23288582,2025,12,22,14,33,臺中市,烏日區,1,0,0,7,2,6,70,13,14,1,5,4,6,6,4,4,1,4,4,1,17,1,9,1,1,C03,7,9,1,10,2,11,,84,84,1,6,4,120.595426,24.112458,1
9610,66000,387130000C,(04)23274275,(04)23288582,2025,12,22,14,37,臺中市,北屯區,0,0,0,7,,3,40,,,,,,,,,,,,,,13,,,,,B03,,,1,,2,,,84,84,1,12,4,120.681497,24.200876,3
9611,66000,387130000C,(04)23274275,(04)23288582,2025,12,22,14,38,臺中市,大雅區,0,0,0,7,,,50,,,,,,,,,,,,,,,,,,,B03,,,1,,2,,,84,84,1,12,4,120.648355,24.221185,3
9612,66000,387130000C,(04)23274275,(04)23288582,2025,12,22,14,40,臺中市,南屯區,0,0,0,7,3,3,80,13,9,1,5,4,6,6,4,4,3,4,5,2,13,,,,,B03,,,1,,1,,,7,7,1,12,4,120.623415,24.148611,3
9613,66000,387130000C,(04)23274275,(04)23288582,2025,12,22,14,40,臺中市,南屯區,0,2,0,7,3,3,80,13,9,1,5,4,6,6,4,4,3,4,5,2,13,3,10,3,1,B12,7,9,1,8,1,1,,7,7,1,12,4,120.623363,24.147552,2
9614,66000,387130000C,(04)23274275,(04)23288582,2025,12,22,14,42,臺中市,西屯區,0,0,0,7,,3,80,,,,,,,,,,,,,,20,,,,,B03,,,1,,1,,,85,85,1,12,4,120.647064,24.196182,3
9615,66000,387130000C,(04)23274275,(04)23288582,2025,12,22,14,42,臺中市,太平區,0,0,0,7,2,6,50,,,,,,,,,,,,,,,,,,,C03,,,1,,2,11,,20,20,1,12,4,120.716651,24.15092,3
9616,66000,387130000C,(04)23274275,(04)23288582,2025,12,22,14,44,臺中市,大里區,0,0,0,7,3,6,50,13,,1,5,4,6,6,4,4,9,5,4,2,12,,,,,B03,,,1,,2,,,84,84,1,12,4,120.686294,24.100414,3
9617,66000,387130000C,(04)23274275,(04)23288582,2025,12,22,14,47,臺中市,太平區,0,0,0,7,,,30,,,,,,,,,,,,,,17,,,,,B12,,,1,,9,,,84,84,1,12,4,120.707914,24.111883,3
9618,66000,387130000C,(04)23274275,(04)23288582,2025,12,22,14,53,臺中市,潭子區,0,2,0,7,2,6,30,4,1,1,5,4,6,6,4,4,10,5,5,2,15,2,9,1,1,C03,7,9,1,10,2,12,,15,15,1,13,4,120.709499,24.203181,2
9619,66000,387130000C,(04)23274275,(04)23288582,2025,12,22,14,53,臺中市,西區,0,0,0,7,,,50,,,,,,,,,,,,,,,,,,,B12,,,1,7,1,,,84,84,1,13,4,120.667082,24.143856,3
9620,66000,387130000C,(04)23274275,(04)23288582,2025,12,22,14,56,臺中市,梧棲區,0,0,0,7,,,50,,,,,,,,,,,,,,14,,,,,B03,,,1,,1,,,49,49,1,12,4,120.533731,24.255034,3
9621,66000,387130000C,(04)23274275,(04)23288582,2025,12,22,14,58,臺中市,北區,0,0,0,7,,,30,,,,,,,,,,,,,,14,,,,,C03,,,1,,1,,,49,49,1,12,4,120.67881,24.157221,3
9622,66000,387130000C,(04)23274275,(04)23288582,2025,12,22,14,59,臺中市,中區,0,0,0,7,,,50,,,,,,,,,,,,,,,,,,,B03,,,1,,1,,,84,84,1,12,4,120.682946,24.136446,3
9623,66000,387130000C,(04)23274275,(04)23288582,2025,12,22,15,4,臺中市,西屯區,0,0,0,7,,,60,,,,,,,,,,,,,,12,,,,,B03,,,1,,1,,,8,8,1,12,4,120.652803,24.1608,3
9624,66000,387130000C,(04)23274275,(04)23288582,2025,12,22,15,5,臺中市,西屯區,0,0,0,7,,,30,,,,,,,,,,,,,,14,,,,,B03,,,1,,2,,,49,49,1,13,4,120.592206,24.186322,3
9625,66000,387130000C,(04)23274275,(04)23288582,2025,12,22,15,11,臺中市,西區,0,0,0,7,,,50,,,,,,,,,,,,,,13,,,,,C03,,,1,,1,,,7,7,1,12,4,120.65599,24.141583,3
9626,66000,387130000C,(04)23274275,(04)23288582,2025,12,22,15,13,臺中市,烏日區,0,2,0,7,2,6,60,4,1,1,5,4,6,6,1,1,1,4,1,1,16,2,3,3,1,B03,7,6,1,8,2,6,,25,25,1,6,4,120.647193,24.073134,2
9627,66000,387130000C,(04)23274275,(04)23288582,2025,12,22,15,13,臺中市,梧棲區,0,0,0,7,,,50,,,,,,,,,,,,,,17,,,,,G03,,,7,,2,,,72,72,1,12,4,120.54857,24.247935,3
9628,66000,387130000C,(04)23274275,(04)23288582,2025,12,22,15,15,臺中市,北屯區,0,0,0,7,,,50,,,,,,,,,,,,,,,,,,,F02,,,7,,11,,,85,85,1,12,4,120.687591,24.171236,4
9629,66000,387130000C,(04)23274275,(04)23288582,2025,12,22,15,16,臺中市,太平區,0,0,0,7,,,50,,,,,,,,,,,,,,,,,,,C03,,,1,,2,,,48,48,1,6,4,120.713834,24.158994,3
9630,66000,387130000C,(04)23274275,(04)23288582,2025,12,22,15,17,臺中市,北屯區,0,1,0,7,2,6,50,3,1,1,5,4,6,6,4,4,4,3,4,2,17,3,10,3,1,B03,7,6,1,8,2,4,8,14,14,1,13,4,120.667165,24.178234,2
9631,66000,387130000C,(04)23274275,(04)23288582,2025,12,22,15,20,臺中市,北區,0,0,0,7,,,50,,,,,,,,,,,,,,15,,,,,C03,,,1,,1,,,24,24,1,12,4,120.695941,24.159882,3
9632,66000,387130000C,(04)23274275,(04)23288582,2025,12,22,15,26,臺中市,龍井區,0,0,0,7,,,40,,,,,,,,,,,,,,,,,,,A41,,,1,,1,,,7,7,1,12,4,120.522041,24.216304,3
9633,66000,387130000C,(04)23274275,(04)23288582,2025,12,22,15,27,臺中市,大里區,0,1,0,7,3,6,50,13,7,1,5,4,6,6,4,4,5,4,4,1,16,2,9,5,4,C03,7,8,1,10,2,11,,40,40,1,13,4,120.681226,24.109705,2
9634,66000,387130000C,(04)23274275,(04)23288582,2025,12,22,15,28,臺中市,龍井區,0,0,0,7,,,30,,,,,,,,,,,,,,,,,,,B03,,,1,,2,,,15,15,1,12,4,120.519229,24.198565,3
9635,66000,387130000C,(04)23274275,(04)23288582,2025,12,22,15,30,臺中市,北區,0,0,0,7,,,30,,,,,,,,,,,,,,17,,,,,,,,,,,,,85,85,1,,,120.674836,24.157711,3
9636,66000,387130000C,(04)23274275,(04)23288582,2025,12,22,15,34,臺中市,東區,0,0,0,7,,,50,,,,,,,,,,,,,,13,,,,,B12,,,1,,1,,,7,7,1,12,4,120.691022,24.142788,3
9637,66000,387130000C,(04)23274275,(04)23288582,2025,12,22,15,37,臺中市,西屯區,0,1,0,7,2,6,50,4,1,1,5,4,6,6,4,4,10,5,5,2,18,2,9,5,4,C03,7,9,1,10,2,12,,59,59,1,13,4,120.656544,24.169041,2
9638,66000,387130000C,(04)23274275,(04)23288582,2025,12,22,15,38,臺中市,霧峰區,0,0,0,7,,,30,,,,,,,,,,,,,,,,,,,B03,,,1,,2,,,49,49,1,13,4,120.711963,24.071865,3
9639,66000,387130000C,(04)23274275,(04)23288582,2025,12,22,15,40,臺中市,中區,0,0,0,7,,,50,,,,,,,,,,,,,,,,,,,C03,,,1,,1,,,26,26,1,12,4,120.679861,24.139346,3
9640,66000,387130000C,(04)23274275,(04)23288582,2025,12,22,15,40,臺中市,北屯區,0,0,0,7,,,30,,,,,,,,,,,,,,9,,,,,B12,,,1,8,2,,,49,49,1,12,4,120.663221,24.197982,3
9641,66000,387130000C,(04)23274275,(04)23288582,2025,12,22,15,45,臺中市,大里區,0,0,0,7,,,60,,,,,,,,,,,,,,13,,,,,B03,,,1,,2,,,59,59,1,13,4,120.671025,24.102328,3
9642,66000,387130000C,(04)23274275,(04)23288582,2025,12,22,15,47,臺中市,霧峰區,0,1,0,7,2,6,50,4,1,1,5,4,6,6,1,1,10,5,5,2,16,3,10,3,1,B03,7,5,1,8,2,6,,11,11,1,6,4,120.679917,24.071191,2
9643,66000,387130000C,(04)23274275,(04)23288582,2025,12,22,15,50,臺中市,北屯區,0,0,0,7,,,40,,,,,,,,,,,,,,17,,,,,C03,,,1,,9,,,84,84,1,12,4,120.683281,24.176007,3
9644,66000,387130000C,(04)23274275,(04)23288582,2025,12,22,15,53,臺中市,南區,0,0,0,7,,,50,,,,,,,,,,,,,,,,,,,B03,,,1,,2,,,8,8,1,12,4,120.679362,24.126189,3
9645,66000,387130000C,(04)23274275,(04)23288582,2025,12,22,15,59,臺中市,梧棲區,0,0,0,7,,,50,,,,,,,,,,,,,,13,,,,,B03,,,1,,1,,,7,7,1,6,4,120.532159,24.260677,3
9646,66000,387130000C,(04)23274275,(04)23288582,2025,12,22,16,4,臺中市,北區,0,0,0,7,,,30,,,,,,,,,,,,,,17,,,,,F03,,,7,,2,,,85,85,1,12,4,120.674379,24.162295,4
9647,66000,387130000C,(04)23274275,(04)23288582,2025,12,22,16,5,臺中市,北屯區,0,0,0,7,,,50,,,,,,,,,,,,,,12,,,,,C03,,,1,,1,,,8,8,1,6,4,120.704994,24.16955,3
9648,66000,387130000C,(04)23274275,(04)23288582,2025,12,22,16,6,臺中市,北區,0,2,0,7,2,6,50,13,9,1,5,4,6,6,4,4,1,4,5,2,7,2,9,6,5,H02,7,19,7,21,10,17,,106,106,1,12,5,120.68594,24.144441,2
9649,66000,387130000C,(04)23274275,(04)23288582,2025,12,22,16,6,臺中市,南區,0,0,0,7,,,50,,,,,,,,,,,,,,,,,,,B03,,,1,,2,,,49,49,1,6,4,120.664189,24.125281,3
9650,66000,387130000C,(04)23274275,(04)23288582,2025,12,22,16,14,臺中市,霧峰區,0,1,0,7,2,6,40,3,2,1,5,4,6,6,1,1,5,5,5,1,17,3,10,3,1,B12,7,14,1,8,2,16,,76,76,1,13,4,120.675963,24.063975,2
9651,66000,387130000C,(04)23274275,(04)23288582,2025,12,22,16,15,臺中市,北屯區,0,0,0,7,,,50,,,,,,,,,,,,,,12,,,,,F01,,,7,,2,,,84,84,1,6,4,120.726918,24.17383,3
9652,66000,387130000C,(04)23274275,(04)23288582,2025,12,22,16,16,臺中市,太平區,0,0,0,7,,3,80,,,,,,,,,,,,,,,,,,,B03,,,1,,2,,,58,58,1,6,4,120.714069,24.148546,3
9653,66000,387130000C,(04)23274275,(04)23288582,2025,12,22,16,18,臺中市,南屯區,0,0,0,7,2,6,50,13,9,1,5,4,6,6,4,4,9,5,5,2,17,,,,,C03,,,1,,9,,,59,59,2,13,2,120.612446,24.146927,3
9654,66000,387130000C,(04)23274275,(04)23288582,2025,12,22,16,19,臺中市,西屯區,0,2,0,7,2,6,50,3,1,1,5,4,6,6,2,1,10,5,5,2,15,2,9,1,1,C03,7,9,1,8,2,11,,21,21,1,13,4,120.645191,24.162759,2
9655,66000,387130000C,(04)23274275,(04)23288582,2025,12,22,16,19,臺中市,大甲區,0,2,0,7,2,6,50,13,9,1,5,4,6,6,4,4,5,5,5,1,16,2,7,4,1,F01,7,6,7,21,2,11,,42,42,1,3,4,120.623102,24.345663,2
9656,66000,387130000C,(04)23274275,(04)23288582,2025,12,22,16,23,臺中市,烏日區,0,1,0,7,2,6,50,13,9,1,5,4,6,6,4,4,9,5,5,1,17,2,9,3,1,B03,7,9,1,8,2,5,,58,58,1,6,4,120.630084,24.072025,2
9657,66000,387130000C,(04)23274275,(04)23288582,2025,12,22,16,25,臺中市,西屯區,0,0,0,7,,3,80,,,,,,,,,,,,,,13,,,,,A31,,,1,,2,,,7,7,1,12,4,120.626552,24.158863,3
9658,66000,387130000C,(04)23274275,(04)23288582,2025,12,22,16,25,臺中市,烏日區,0,0,0,7,2,6,50,3,2,1,5,4,6,6,4,4,5,4,5,2,16,3,10,3,1,B03,7,5,1,8,1,8,,14,14,1,6,4,120.60728,24.110265,3
9659,66000,387130000C,(04)23274275,(04)23288582,2025,12,22,16,26,臺中市,梧棲區,0,0,0,7,,,50,,,,,,,,,,,,,,14,,,,,B12,,,1,,1,,,84,84,1,12,4,120.520257,24.240132,3
9660,66000,387130000C,(04)23274275,(04)23288582,2025,12,22,16,28,臺中市,大雅區,0,1,0,7,3,6,30,4,1,1,5,4,6,6,3,1,10,5,5,2,17,3,10,3,1,B03,7,9,1,8,2,2,,24,24,1,12,4,120.640194,24.207298,2
9661,66000,387130000C,(04)23274275,(04)23288582,2025,12,22,16,32,臺中市,大雅區,0,1,0,7,3,6,30,11,9,1,5,4,6,6,4,4,10,5,5,2,11,2,9,2,1,C03,7,9,1,10,2,11,,17,17,1,13,4,120.604129,24.223548,2
9662,66000,387130000C,(04)23274275,(04)23288582,2025,12,22,16,34,臺中市,南屯區,0,2,0,7,1,6,50,13,7,1,5,4,6,6,4,4,8,4,4,2,3,2,9,6,5,H01,8,16,7,21,10,17,,95,95,1,13,5,120.610333,24.134225,2
9663,66000,387130000C,(04)23274275,(04)23288582,2025,12,22,16,37,臺中市,東區,0,0,0,7,,,50,,,,,,,,,,,,,,,,,,,B03,,,1,,1,,,14,14,1,12,4,120.70443,24.14217,3
9664,66000,387130000C,(04)23274275,(04)23288582,2025,12,22,16,40,臺中市,北屯區,0,0,0,7,,,50,,,,,,,,,,,,,,,,,,,B03,,,1,,1,,,40,40,1,12,4,120.700136,24.164975,3
9665,66000,387130000C,(04)23274275,(04)23288582,2025,12,22,16,40,臺中市,烏日區,0,0,0,7,,,40,,,,,,,,,,,,,,14,,,,,B12,,,1,,1,,,49,49,1,6,4,120.647742,24.076036,3
9666,66000,387130000C,(04)23274275,(04)23288582,2025,12,22,16,45,臺中市,西屯區,0,1,0,7,2,6,50,13,9,1,5,4,6,6,4,4,4,5,5,2,18,2,9,5,4,C03,7,9,1,10,2,14,,85,85,1,13,4,120.627328,24.201239,2
9667,66000,387130000C,(04)23274275,(04)23288582,2025,12,22,16,46,臺中市,南屯區,0,1,0,7,3,6,50,5,9,1,5,4,6,6,1,1,5,5,5,2,16,3,10,1,1,C03,7,6,1,10,2,12,,11,11,1,12,4,120.646609,24.142609,2
9668,66000,387130000C,(04)23274275,(04)23288582,2025,12,22,16,48,臺中市,霧峰區,0,0,0,7,,,50,,,,,,,,,,,,,,,,,,,B03,,,1,,2,,,84,84,1,13,4,120.699089,24.072973,3
9669,66000,387130000C,(04)23274275,(04)23288582,2025,12,22,16,49,臺中市,北屯區,0,1,0,7,2,6,50,4,1,1,5,4,6,6,1,1,3,4,5,2,12,2,9,2,1,C03,7,8,1,10,2,14,,42,42,1,13,4,120.686968,24.185487,2
9670,66000,387130000C,(04)23274275,(04)23288582,2025,12,22,16,50,臺中市,北屯區,0,1,0,7,2,6,50,3,1,1,5,4,6,6,1,1,10,5,5,2,16,2,9,5,4,C03,7,9,1,10,2,14,,59,59,1,12,4,120.699384,24.17598,2
9671,66000,387130000C,(04)23274275,(04)23288582,2025,12,22,16,53,臺中市,西屯區,0,0,0,7,,,50,,,,,,,,,,,,,,16,,,,,B03,,,1,,1,,,8,8,1,12,4,120.610476,24.186974,3
9672,66000,387130000C,(04)23274275,(04)23288582,2025,12,22,16,53,臺中市,龍井區,0,3,0,7,2,6,50,3,1,1,5,4,6,6,4,4,10,5,5,2,16,2,9,2,1,C03,7,9,1,10,2,11,,4,4,1,6,4,120.592785,24.182064,2
9673,66000,387130000C,(04)23274275,(04)23288582,2025,12,22,16,55,臺中市,霧峰區,0,0,0,7,,,50,,,,,,,,,,,,,,,,,,,B03,,,1,,2,,,51,51,1,13,4,120.696338,24.060309,4
9674,66000,387130000C,(04)23274275,(04)23288582,2025,12,22,16,55,臺中市,太平區,0,0,0,7,,,30,,,,,,,,,,,,,,17,,,,,A11,,,1,,2,,,84,84,1,12,4,120.730591,24.1042,3
9675,66000,387130000C,(04)23274275,(04)23288582,2025,12,22,16,58,臺中市,南屯區,0,0,0,7,3,6,0,13,21,1,5,4,6,6,4,4,10,5,5,2,25,,,,,B03,,,1,,2,,,59,59,1,12,4,120.622703,24.144526,3
9676,66000,387130000C,(04)23274275,(04)23288582,2025,12,22,17,0,臺中市,西屯區,0,0,0,7,,,70,,,,,,,,,,,,,,17,,,,,B12,,,1,,1,,,39,39,1,13,4,120.624383,24.178531,3
9677,66000,387130000C,(04)23274275,(04)23288582,2025,12,22,17,2,臺中市,烏日區,0,0,0,7,2,6,40,13,9,1,5,4,6,6,4,4,10,5,5,2,14,3,10,5,4,B02,7,2,1,3,2,6,,49,49,1,6,4,120.639729,24.110478,3
9678,66000,387130000C,(04)23274275,(04)23288582,2025,12,22,17,4,臺中市,沙鹿區,0,1,0,7,2,6,30,13,9,1,5,4,6,6,4,4,8,3,4,1,17,2,9,5,4,C03,7,1,1,10,2,11,,51,51,1,13,4,120.565083,24.245874,2
9679,66000,387130000C,(04)23274275,(04)23288582,2025,12,22,17,6,臺中市,大雅區,0,1,0,7,3,6,50,3,9,1,5,4,6,6,4,4,9,4,5,1,16,3,10,2,1,C03,7,1,1,10,2,14,,51,51,1,13,4,120.6568,24.239989,2
9680,66000,387130000C,(04)23274275,(04)23288582,2025,12,22,17,8,臺中市,南屯區,0,0,0,7,,,0,,,,,,,,,,,,,,17,,,,,B03,,,1,,1,,,76,76,1,6,4,120.628548,24.150529,3
9681,66000,387130000C,(04)23274275,(04)23288582,2025,12,22,17,11,臺中市,南屯區,0,0,0,7,,,50,,,,,,,,,,,,,,,,,,,B03,,,1,,1,,,11,11,1,13,4,120.643893,24.138205,3
9682,66000,387130000C,(04)23274275,(04)23288582,2025,12,22,17,12,臺中市,北屯區,0,1,0,7,1,6,50,4,2,1,5,4,6,6,1,1,5,5,5,2,16,3,10,1,1,C03,7,5,1,10,2,12,,84,84,1,12,4,120.693228,24.170323,2
9683,66000,387130000C,(04)23274275,(04)23288582,2025,12,22,17,12,臺中市,后里區,0,0,0,7,2,6,30,12,9,1,5,4,6,6,4,4,10,5,5,1,11,3,10,3,1,B03,7,9,1,8,2,4,,84,84,2,12,4,120.71469,24.332056,3
9684,66000,387130000C,(04)23274275,(04)23288582,2025,12,22,17,16,臺中市,大里區,0,1,0,7,3,6,60,4,1,1,5,4,6,6,2,1,3,4,4,1,16,2,9,5,4,C03,7,9,1,10,2,12,,84,84,1,13,4,120.674656,24.102495,2
9685,66000,387130000C,(04)23274275,(04)23288582,2025,12,22,17,17,臺中市,大里區,0,0,0,7,,,40,,,,,,,,,,,,,,,,,,,B03,,,1,,2,,,8,8,1,13,4,120.73046,24.089558,3
9686,66000,387130000C,(04)23274275,(04)23288582,2025,12,22,17,17,臺中市,豐原區,0,0,0,7,,,30,,,,,,,,,,,,,,14,,,,,B03,,,1,,2,,,49,49,1,13,4,120.730267,24.248968,3
9687,66000,387130000C,(04)23274275,(04)23288582,2025,12,22,17,18,臺中市,大里區,0,0,0,7,,,40,,,,,,,,,,,,,,13,,,,,C03,,,1,,2,,,7,7,1,6,4,120.683985,24.103535,3
9688,66000,387130000C,(04)23274275,(04)23288582,2025,12,22,17,18,臺中市,太平區,0,0,0,7,,,50,,,,,,,,,,,,,,16,,,,,F03,,,7,,2,,,11,11,1,12,4,120.714696,24.110388,3
9689,66000,387130000C,(04)23274275,(04)23288582,2025,12,22,17,21,臺中市,霧峰區,0,1,0,7,1,6,25,12,8,1,5,4,6,6,4,4,5,4,4,2,17,2,9,2,1,C03,7,1,1,10,2,11,,51,51,1,13,4,120.715746,24.071008,2
9690,66000,387130000C,(04)23274275,(04)23288582,2025,12,22,17,24,臺中市,南區,0,1,0,7,2,6,50,4,4,1,5,4,6,6,2,1,5,4,5,2,13,2,9,2,1,C03,7,9,1,10,2,14,,7,7,1,5,4,120.64821,24.123008,2
9691,66000,387130000C,(04)23274275,(04)23288582,2025,12,22,17,24,臺中市,大里區,0,1,0,7,3,6,60,13,9,1,5,4,6,6,4,4,1,4,4,1,16,3,10,1,1,C03,7,7,1,10,2,12,,40,40,1,13,4,120.688994,24.07815,2
9692,66000,387130000C,(04)23274275,(04)23288582,2025,12,22,17,26,臺中市,大雅區,0,0,0,7,,,50,,,,,,,,,,,,,,13,,,,,C03,,,1,,1,,,7,7,1,12,4,120.646806,24.218875,3
9693,66000,387130000C,(04)23274275,(04)23288582,2025,12,22,17,27,臺中市,北屯區,0,1,0,7,1,6,50,13,9,1,5,4,6,6,4,4,1,4,5,1,13,2,8,2,1,C03,7,9,1,10,2,12,,59,59,1,6,4,120.67006,24.200715,2
9694,66000,387130000C,(04)23274275,(04)23288582,2025,12,22,17,28,臺中市,沙鹿區,0,0,0,7,,,60,,,,,,,,,,,,,,,,,,,B03,,,1,,2,,,59,59,1,12,4,120.563492,24.206423,3
9695,66000,387130000C,(04)23274275,(04)23288582,2025,12,22,17,29,臺中市,潭子區,0,1,0,7,1,6,40,13,7,1,5,4,6,6,4,4,1,4,4,1,12,2,9,2,1,C03,7,9,1,10,2,14,,43,43,1,6,4,120.705072,24.208046,2
9696,66000,387130000C,(04)23274275,(04)23288582,2025,12,22,17,31,臺中市,北區,0,0,0,7,,,0,,,,,,,,,,,,,,17,,,,,C03,,,1,,2,,,84,84,1,12,4,120.676751,24.150813,3
9697,66000,387130000C,(04)23274275,(04)23288582,2025,12,22,17,33,臺中市,東勢區,0,2,0,7,1,6,50,13,9,1,5,4,6,6,4,4,5,5,5,1,3,2,9,1,1,C03,7,9,1,10,2,11,,84,84,1,12,4,120.839643,24.206372,2
9698,66000,387130000C,(04)23274275,(04)23288582,2025,12,22,17,34,臺中市,大雅區,0,1,0,7,3,6,60,4,1,1,5,4,6,6,1,1,10,5,5,1,17,3,10,2,1,C03,7,9,1,10,2,11,,84,84,1,12,4,120.648913,24.218033,2
9699,66000,387130000C,(04)23274275,(04)23288582,2025,12,22,17,34,臺中市,外埔區,0,1,0,7,2,6,30,13,9,1,5,4,6,6,4,4,10,5,5,2,12,2,7,3,1,B12,7,9,1,8,2,1,,59,59,1,12,4,120.657089,24.325325,2
9700,66000,387130000C,(04)23274275,(04)23288582,2025,12,22,17,35,臺中市,北屯區,0,0,0,7,,3,50,,,,,,,,,,,,,,,,,,,B03,,,1,,2,,,7,7,1,6,4,120.670776,24.201311,3
9701,66000,387130000C,(04)23274275,(04)23288582,2025,12,22,17,35,臺中市,西屯區,0,1,0,7,1,6,50,13,9,1,5,4,6,6,4,4,5,5,5,2,12,2,1,5,4,B03,7,9,1,8,2,2,,84,84,1,13,4,120.657276,24.163888,2
9702,66000,387130000C,(04)23274275,(04)23288582,2025,12,22,17,38,臺中市,太平區,0,1,0,7,1,6,50,13,9,1,5,4,6,6,4,4,5,5,5,1,17,3,10,5,4,B03,7,9,1,8,2,1,,59,59,1,6,4,120.730328,24.112628,2
9703,66000,387130000C,(04)23274275,(04)23288582,2025,12,22,17,40,臺中市,西屯區,0,0,0,7,,,50,,,,,,,,,,,,,,12,,,,,B03,,,1,,1,,,39,39,1,12,4,120.635464,24.182007,3
9704,66000,387130000C,(04)23274275,(04)23288582,2025,12,22,17,40,臺中市,新社區,0,0,0,7,,,50,,,,,,,,,,,,,,12,,,,,B03,,,1,,2,,,8,8,1,13,4,120.807611,24.239698,3
9705,66000,387130000C,(04)23274275,(04)23288582,2025,12,22,17,43,臺中市,中區,0,0,0,6,,,50,,,,,,,,,,,,,,,,,,,C03,,,1,,1,,,7,7,1,12,4,120.678312,24.146711,3
9706,66000,387130000C,(04)23274275,(04)23288582,2025,12,22,17,44,臺中市,太平區,0,1,0,7,1,6,30,13,9,1,5,4,6,6,4,4,10,5,5,2,17,3,10,2,1,C03,7,1,3,19,2,11,,51,51,1,12,4,120.726847,24.127893,2
9707,66000,387130000C,(04)23274275,(04)23288582,2025,12,22,17,45,臺中市,太平區,0,1,0,7,1,6,50,13,9,1,5,4,6,6,4,4,5,4,5,1,13,2,7,5,4,C03,7,9,1,10,2,11,,7,7,1,6,4,120.735232,24.133967,2
9708,66000,387130000C,(04)23274275,(04)23288582,2025,12,22,17,45,臺中市,沙鹿區,0,0,0,7,,,40,,,,,,,,,,,,,,13,,,,,C03,,,1,,1,,,7,7,1,6,4,120.567604,24.205062,3
9709,66000,387130000C,(04)23274275,(04)23288582,2025,12,22,17,45,臺中市,沙鹿區,0,1,0,6,1,6,50,11,7,1,5,4,6,6,4,4,8,3,4,1,17,2,9,5,4,C03,7,9,1,10,2,14,,82,82,1,13,4,120.57796,24.221689,2
9710,66000,387130000C,(04)23274275,(04)23288582,2025,12,22,17,46,臺中市,南屯區,0,0,0,7,,,40,,,,,,,,,,,,,,13,,,,,B03,,,1,,1,,,59,59,1,13,4,120.62405,24.151916,3
9711,66000,387130000C,(04)23274275,(04)23288582,2025,12,22,17,47,臺中市,北區,0,1,0,7,2,6,50,3,1,1,5,4,6,6,4,4,5,4,5,2,12,3,10,3,1,B03,7,9,1,8,2,2,,8,8,1,13,4,120.690108,24.155826,2
9712,66000,387130000C,(04)23274275,(04)23288582,2025,12,22,17,48,臺中市,北屯區,0,1,0,7,3,6,50,4,1,1,5,4,6,6,1,1,10,5,5,2,17,3,10,3,1,B03,7,6,1,8,2,6,,11,11,1,12,4,120.694326,24.172395,2
9713,66000,387130000C,(04)23274275,(04)23288582,2025,12,22,17,51,臺中市,南屯區,0,0,0,7,1,6,50,13,9,1,5,4,6,6,4,4,3,4,5,2,12,,,,,B03,,,1,,1,,,40,40,1,12,4,120.645971,24.13983,3