序號,縣市別代碼,機關代碼,市話,傳真,年,月,日,時,分,縣市,區,死亡數量,受傷數量,2-30,天候,道路照明設備,道路類別,道路速限,道路型態,事故位置,路面鋪裝,路面狀態,路面缺陷,障礙物,視距,號誌種類,號誌動作,分向設施,快車道或一般車道間,快慢車道間,路面邊線,事故類型及型態,受傷程度,主要傷處,保護裝備,行動電話或功能裝置,當事者區分(類別),車輛用途,當事者行動狀態,駕照狀態,駕照種類,飲酒情形,車輛撞擊部位最初,車輛撞擊部位其他,肇事因素個別,肇事因素主要,肇事逃逸,職業,共享經濟或外送平台,GPS座標X,GPS座標Y,事故類別
9714,66000,387130000C,(04)23274275,(04)23288582,2025,12,22,17,51,臺中市,北屯區,0,1,0,7,1,6,50,4,1,1,5,4,6,6,2,1,4,3,4,2,16,3,10,2,1,C03,7,6,1,10,2,11,12,11,11,1,13,4,120.704508,24.186538,2
9715,66000,387130000C,(04)23274275,(04)23288582,2025,12,22,17,52,臺中市,沙鹿區,0,1,0,7,1,6,40,13,8,1,5,4,6,6,4,4,1,5,1,1,17,3,10,3,1,B03,7,1,1,8,2,8,,51,51,1,12,4,120.563815,24.239646,2
9716,66000,387130000C,(04)23274275,(04)23288582,2025,12,22,17,53,臺中市,大雅區,0,0,0,7,,,60,,,,,,,,,,,,,,,,,,,B03,,,1,,1,,,7,7,1,13,4,120.650453,24.211072,3
9717,66000,387130000C,(04)23274275,(04)23288582,2025,12,22,17,55,臺中市,北屯區,0,1,0,7,2,6,50,13,9,1,5,4,6,6,4,4,10,5,5,2,16,3,10,5,4,C03,7,5,1,10,2,11,,20,20,1,12,4,120.703905,24.170763,2
9718,66000,387130000C,(04)23274275,(04)23288582,2025,12,22,17,59,臺中市,霧峰區,0,0,0,7,,,60,,,,,,,,,,,,,,,,,,,C03,,,1,,1,,,85,85,1,13,4,120.692128,24.045012,3
9719,66000,387130000C,(04)23274275,(04)23288582,2025,12,22,18,0,臺中市,神岡區,0,2,0,7,1,6,50,5,1,1,5,4,6,6,2,1,10,5,4,1,16,2,9,1,1,C03,7,5,1,10,2,11,,20,20,1,12,4,120.694699,24.23262,2
9720,66000,387130000C,(04)23274275,(04)23288582,2025,12,22,18,1,臺中市,梧棲區,0,0,0,7,,,50,,,,,,,,,,,,,,14,,,,,B03,,,1,,1,,,49,49,1,6,4,120.552075,24.250029,3
9721,66000,387130000C,(04)23274275,(04)23288582,2025,12,22,18,3,臺中市,西屯區,0,0,0,7,,,30,,,,,,,,,,,,,,13,,,,,B03,,,1,,1,,,7,7,1,13,4,120.638851,24.180169,3
9722,66000,387130000C,(04)23274275,(04)23288582,2025,12,22,18,8,臺中市,東區,0,0,0,7,,,50,,,,,,,,,,,,,,17,,,,,B03,,,1,,1,,,40,40,1,12,4,120.701275,24.138821,3
9723,66000,387130000C,(04)23274275,(04)23288582,2025,12,22,18,8,臺中市,霧峰區,0,0,0,7,,,50,,,,,,,,,,,,,,,,,,,C03,,,1,,2,,,47,47,1,13,4,120.696356,24.055376,3
9724,66000,387130000C,(04)23274275,(04)23288582,2025,12,22,18,10,臺中市,南屯區,0,1,0,7,1,6,40,13,8,1,5,4,6,6,4,4,9,5,4,2,17,3,10,3,1,B03,7,1,4,8,1,8,,51,51,1,6,4,120.649228,24.153563,2
9725,66000,387130000C,(04)23274275,(04)23288582,2025,12,22,18,13,臺中市,南屯區,0,1,0,7,2,6,50,13,9,1,5,4,6,6,4,4,9,5,5,2,17,3,10,3,1,B03,7,7,1,8,1,5,,40,40,1,13,4,120.620854,24.13999,2
9726,66000,387130000C,(04)23274275,(04)23288582,2025,12,22,18,13,臺中市,北屯區,0,0,0,7,,,,,,,,,,,,,,,,,17,,,,,,,,,,,,,119,119,1,,,120.685498,24.172177,3
9727,66000,387130000C,(04)23274275,(04)23288582,2025,12,22,18,14,臺中市,西區,0,0,0,7,,,50,,,,,,,,,,,,,,13,,,,,C03,,,1,,1,,,7,7,1,12,4,120.662457,24.155316,3
9728,66000,387130000C,(04)23274275,(04)23288582,2025,12,22,18,19,臺中市,西屯區,0,0,0,7,,,50,,,,,,,,,,,,,,14,,,,,B03,,,1,,1,,,49,49,1,13,4,120.637597,24.178153,3
9729,66000,387130000C,(04)23274275,(04)23288582,2025,12,22,18,19,臺中市,沙鹿區,0,0,0,7,,,0,,,,,,,,,,,,,,17,,,,,C03,,,1,,1,,,51,51,1,6,4,120.574286,24.229358,3
9730,66000,387130000C,(04)23274275,(04)23288582,2025,12,22,18,20,臺中市,西區,0,2,0,7,1,6,50,4,1,1,5,4,6,6,1,1,10,5,5,2,17,2,9,2,1,C03,7,9,1,10,2,11,,7,7,1,12,4,120.657171,24.149873,2
9731,66000,387130000C,(04)23274275,(04)23288582,2025,12,22,18,22,臺中市,西屯區,0,0,0,7,,,50,,,,,,,,,,,,,,16,,,,,B03,,,1,,2,,,51,51,1,12,4,120.612471,24.191457,3
9732,66000,387130000C,(04)23274275,(04)23288582,2025,12,22,18,24,臺中市,大里區,0,0,0,7,,,30,,,,,,,,,,,,,,17,,,,,B03,,,1,,2,,,8,8,1,6,4,120.671742,24.08629,3
9733,66000,387130000C,(04)23274275,(04)23288582,2025,12,22,18,25,臺中市,西屯區,0,0,0,7,,,50,,,,,,,,,,,,,,13,,,,,C03,,,1,,1,,,7,7,1,13,4,120.661303,24.171994,3
9734,66000,387130000C,(04)23274275,(04)23288582,2025,12,22,18,25,臺中市,石岡區,0,0,0,7,,,70,,,,,,,,,,,,,,,,,,,B03,,,1,,1,,,7,7,1,12,4,120.789686,24.273425,3
9735,66000,387130000C,(04)23274275,(04)23288582,2025,12,22,18,26,臺中市,西區,0,0,0,6,,,50,,,,,,,,,,,,,,,,,,,B03,,,1,,1,,,7,7,1,13,4,120.659714,24.133622,3
9736,66000,387130000C,(04)23274275,(04)23288582,2025,12,22,18,26,臺中市,北區,0,1,0,7,1,6,50,4,1,1,5,4,6,6,1,1,1,4,5,2,13,2,9,1,1,C03,7,9,1,10,2,14,,84,84,1,12,4,120.674935,24.162924,2
9737,66000,387130000C,(04)23274275,(04)23288582,2025,12,22,18,27,臺中市,南屯區,0,0,0,7,1,6,50,13,9,1,5,4,6,6,4,4,5,5,4,2,13,,,,,B03,,,1,,1,,,7,7,1,12,4,120.631149,24.12431,3
9738,66000,387130000C,(04)23274275,(04)23288582,2025,12,22,18,29,臺中市,北區,0,1,0,7,1,6,40,4,2,1,5,4,6,6,2,1,1,4,4,2,17,3,10,1,1,C03,7,9,1,10,2,11,,7,7,1,12,4,120.675696,24.159261,2
9739,66000,387130000C,(04)23274275,(04)23288582,2025,12,22,18,30,臺中市,東區,0,0,0,7,,,30,,,,,,,,,,,,,,17,,,,,G03,,,,,1,,,85,85,1,12,4,120.707383,24.136731,4
9740,66000,387130000C,(04)23274275,(04)23288582,2025,12,22,18,30,臺中市,南屯區,0,1,0,7,1,6,50,13,8,1,5,4,6,6,4,4,1,4,1,2,13,2,9,5,4,C03,7,9,1,10,2,11,,7,7,1,13,4,120.623937,24.152455,2
9741,66000,387130000C,(04)23274275,(04)23288582,2025,12,22,18,30,臺中市,沙鹿區,0,0,0,6,,,30,,,,,,,,,,,,,,,,,,,B03,,,1,,2,,,8,8,1,13,4,120.577911,24.22144,3
9742,66000,387130000C,(04)23274275,(04)23288582,2025,12,22,18,31,臺中市,大雅區,0,0,0,7,,,30,,,,,,,,,,,,,,11,,,,,B03,,,1,,1,,,8,8,1,12,4,120.649527,24.21852,3
9743,66000,387130000C,(04)23274275,(04)23288582,2025,12,22,18,33,臺中市,北屯區,0,0,0,7,,3,80,,,,,,,,,,,,,,13,,,,,B03,,,1,,1,,,7,7,1,12,4,120.722375,24.188505,3
9744,66000,387130000C,(04)23274275,(04)23288582,2025,12,22,18,34,臺中市,北區,0,1,0,7,1,6,50,4,1,1,5,4,6,6,4,4,10,5,5,2,15,3,10,5,4,B03,7,9,1,8,2,4,,12,12,1,12,4,120.699897,24.152173,2
9745,66000,387130000C,(04)23274275,(04)23288582,2025,12,22,18,34,臺中市,南區,0,2,0,7,1,6,50,3,2,1,5,4,6,6,2,1,2,4,5,2,13,2,9,1,1,C03,7,9,1,10,2,11,,7,7,1,12,4,120.679398,24.122114,2
9746,66000,387130000C,(04)23274275,(04)23288582,2025,12,22,18,34,臺中市,西屯區,0,0,0,7,,,50,,,,,,,,,,,,,,13,,,,,C03,,,1,,1,,,7,7,1,13,4,120.62547,24.15718,3
9747,66000,387130000C,(04)23274275,(04)23288582,2025,12,22,18,35,臺中市,東區,0,0,0,7,,3,80,,,,,,,,,,,,,,,,,,,B12,,,1,,2,,,7,7,1,6,4,120.707689,24.132584,3
9748,66000,387130000C,(04)23274275,(04)23288582,2025,12,22,18,35,臺中市,北屯區,0,1,0,7,1,6,50,4,1,1,5,4,6,6,4,4,10,5,5,2,15,3,10,1,1,C03,7,9,1,10,2,11,,12,12,1,6,4,120.680364,24.179335,2
9749,66000,387130000C,(04)23274275,(04)23288582,2025,12,22,18,35,臺中市,后里區,0,1,0,7,1,6,50,3,1,1,5,4,6,6,1,1,5,5,5,1,16,2,8,4,1,F01,7,6,7,21,2,11,,11,11,1,12,4,120.719466,24.306832,2
9750,66000,387130000C,(04)23274275,(04)23288582,2025,12,22,18,36,臺中市,北區,0,0,0,7,,,50,,,,,,,,,,,,,,13,,,,,B02,,,1,,1,,,7,7,1,13,4,120.681337,24.159322,3
9751,66000,387130000C,(04)23274275,(04)23288582,2025,12,22,18,40,臺中市,北屯區,0,0,0,7,,,30,,,,,,,,,,,,,,,,,,,B03,,,1,,1,,,58,58,1,12,4,120.694088,24.178062,3
9752,66000,387130000C,(04)23274275,(04)23288582,2025,12,22,18,40,臺中市,豐原區,0,1,0,7,1,6,50,5,1,1,5,4,6,6,3,1,1,4,4,1,17,2,8,2,1,C03,7,6,1,10,2,11,,11,11,1,12,4,120.729966,24.257706,2
9753,66000,387130000C,(04)23274275,(04)23288582,2025,12,22,18,44,臺中市,東區,0,0,0,7,,,50,,,,,,,,,,,,,,,,,,,B03,,,1,,9,,,86,86,2,12,4,120.696201,24.14275,3
9754,66000,387130000C,(04)23274275,(04)23288582,2025,12,22,18,44,臺中市,西屯區,0,2,0,7,1,6,50,3,1,1,5,4,6,6,2,1,10,5,5,2,16,2,8,5,4,C03,7,6,1,8,2,11,,85,85,1,13,4,120.650149,24.181994,2
9755,66000,387130000C,(04)23274275,(04)23288582,2025,12,22,18,48,臺中市,北區,0,0,0,7,,,50,,,,,,,,,,,,,,,,,,,,,,,,,,,119,119,1,,,120.6813,24.165066,3
9756,66000,387130000C,(04)23274275,(04)23288582,2025,12,22,18,51,臺中市,北屯區,0,0,0,7,,,50,,,,,,,,,,,,,,13,,,,,C03,,,1,,1,,,7,7,1,13,4,120.677598,24.173481,3
9757,66000,387130000C,(04)23274275,(04)23288582,2025,12,22,18,51,臺中市,烏日區,0,0,0,7,,,50,,,,,,,,,,,,,,16,,,,,B03,,,1,,1,,,51,51,1,6,4,120.604195,24.106226,3
9758,66000,387130000C,(04)23274275,(04)23288582,2025,12,22,18,54,臺中市,北屯區,0,0,0,7,,3,40,,,,,,,,,,,,,,13,,,,,B03,,,1,8,2,,,7,7,1,12,4,120.694144,24.201018,3
9759,66000,387130000C,(04)23274275,(04)23288582,2025,12,22,19,0,臺中市,潭子區,0,0,0,7,,3,80,,,,,,,,,,,,,,,,,,,B03,,,1,,2,,,7,7,1,13,4,120.708467,24.200574,3
9760,66000,387130000C,(04)23274275,(04)23288582,2025,12,22,19,0,臺中市,太平區,0,1,0,7,1,6,50,4,1,1,5,4,6,6,2,1,10,5,5,2,16,3,10,3,1,B03,7,6,1,8,2,1,,11,11,1,12,4,120.715623,24.135883,2
9761,66000,387130000C,(04)23274275,(04)23288582,2025,12,22,19,0,臺中市,豐原區,0,1,0,7,2,6,50,3,1,1,5,4,6,6,1,1,1,4,5,1,16,3,10,5,4,B03,7,5,1,8,2,2,,65,65,1,12,4,120.722097,24.276855,2
9762,66000,387130000C,(04)23274275,(04)23288582,2025,12,22,19,2,臺中市,西區,0,1,0,7,1,6,50,4,2,1,5,4,6,6,1,1,4,4,5,2,11,2,9,2,1,C03,7,9,3,19,2,14,,8,8,1,12,4,120.657433,24.142953,2
9763,66000,387130000C,(04)23274275,(04)23288582,2025,12,22,19,7,臺中市,后里區,0,0,0,7,,,50,,,,,,,,,,,,,,,,,,,A21,,,1,,1,,,84,84,1,6,4,120.691443,24.31113,3
9764,66000,387130000C,(04)23274275,(04)23288582,2025,12,22,19,13,臺中市,霧峰區,0,0,0,7,,,40,,,,,,,,,,,,,,,,,,,B03,,,1,,2,,,51,51,1,13,4,120.680029,24.065088,3
9765,66000,387130000C,(04)23274275,(04)23288582,2025,12,22,19,15,臺中市,南屯區,0,0,0,7,1,6,50,13,9,1,5,4,6,6,1,1,1,2,1,2,13,,,,,C03,,,1,,1,,,7,7,1,12,4,120.62361,24.152661,3
9766,66000,387130000C,(04)23274275,(04)23288582,2025,12,22,19,18,臺中市,豐原區,0,1,0,7,1,6,50,3,1,1,5,4,6,6,1,1,1,4,4,2,15,2,8,1,1,C03,7,9,1,10,2,11,,21,21,1,12,4,120.70937,24.248246,2
9767,66000,387130000C,(04)23274275,(04)23288582,2025,12,22,19,26,臺中市,北屯區,0,0,0,7,,,50,,,,,,,,,,,,,,13,,,,,B03,,,1,,1,,,59,59,1,12,4,120.666637,24.18058,3
9768,66000,387130000C,(04)23274275,(04)23288582,2025,12,22,19,31,臺中市,中區,0,0,0,6,,,50,,,,,,,,,,,,,,,,,,,B03,,,1,,2,,,45,45,1,13,4,120.685909,24.139547,3
9769,66000,387130000C,(04)23274275,(04)23288582,2025,12,22,19,32,臺中市,南區,0,1,0,7,1,6,50,4,1,1,5,4,6,6,2,1,5,4,4,2,1,3,10,3,1,B03,7,6,1,8,2,8,,10,10,1,6,4,120.657733,24.110917,2
9770,66000,387130000C,(04)23274275,(04)23288582,2025,12,22,19,32,臺中市,烏日區,0,0,0,6,1,6,50,10,7,1,5,4,6,6,4,4,1,4,5,1,13,3,10,3,1,B03,7,9,1,8,1,1,,7,7,1,6,4,120.605503,24.110772,3
9771,66000,387130000C,(04)23274275,(04)23288582,2025,12,22,19,41,臺中市,沙鹿區,0,0,0,7,,,50,,,,,,,,,,,,,,,,,,,B03,,,1,,2,,,48,48,1,12,4,120.599309,24.25412,3
9772,66000,387130000C,(04)23274275,(04)23288582,2025,12,22,19,43,臺中市,南屯區,0,1,0,7,1,6,50,4,1,1,5,4,6,6,1,1,5,2,5,2,16,3,10,3,1,B03,7,6,1,8,2,2,,11,11,1,12,4,120.62088,24.13996,2
9773,66000,387130000C,(04)23274275,(04)23288582,2025,12,22,19,44,臺中市,北屯區,0,0,0,7,,,50,,,,,,,,,,,,,,13,,,,,B03,,,1,,1,,,7,7,1,6,4,120.70774,24.182337,3
9774,66000,387130000C,(04)23274275,(04)23288582,2025,12,22,19,45,臺中市,西屯區,0,0,0,7,,,40,,,,,,,,,,,,,,12,,,,,B03,,,1,,1,,,8,8,1,13,4,120.664595,24.166448,3
9775,66000,387130000C,(04)23274275,(04)23288582,2025,12,22,19,50,臺中市,大里區,0,0,0,7,,,30,,,,,,,,,,,,,,,,,,,B03,,,1,,2,,,84,84,1,13,4,120.698695,24.080703,3
9776,66000,387130000C,(04)23274275,(04)23288582,2025,12,22,19,55,臺中市,北屯區,0,0,0,7,,,50,,,,,,,,,,,,,,,,,,,B12,,,1,,2,,,84,84,1,6,4,120.676128,24.200254,3
9777,66000,387130000C,(04)23274275,(04)23288582,2025,12,22,19,56,臺中市,大里區,0,0,0,7,,,50,,,,,,,,,,,,,,14,,,,,B03,,,1,,2,,,49,49,1,13,4,120.691883,24.101271,3
9778,66000,387130000C,(04)23274275,(04)23288582,2025,12,22,19,57,臺中市,中區,0,1,0,7,1,6,50,3,1,1,5,4,6,6,1,1,10,5,5,2,17,3,10,2,1,C03,7,9,1,10,2,11,,7,7,1,12,2,120.677911,24.143812,2
9779,66000,387130000C,(04)23274275,(04)23288582,2025,12,22,19,58,臺中市,南屯區,0,0,0,7,,,30,,,,,,,,,,,,,,15,,,,,C03,,,1,,1,,,15,15,1,6,4,120.638395,24.138737,3
9780,66000,387130000C,(04)23274275,(04)23288582,2025,12,22,19,59,臺中市,西區,0,1,0,7,1,6,50,4,19,1,5,4,6,6,2,1,5,4,5,2,9,3,10,3,1,B03,7,6,1,8,2,8,,10,10,1,12,4,120.670882,24.137497,2
9781,66000,387130000C,(04)23274275,(04)23288582,2025,12,22,20,1,臺中市,北區,0,3,0,7,1,6,50,3,1,1,5,4,6,6,4,4,10,5,5,2,13,2,9,5,4,C03,7,9,1,10,2,11,,84,84,1,12,4,120.681428,24.151219,2
9782,66000,387130000C,(04)23274275,(04)23288582,2025,12,22,20,4,臺中市,潭子區,0,1,0,7,1,6,30,3,2,1,5,4,6,6,4,4,10,5,5,1,18,2,9,2,1,C03,7,9,1,10,2,16,,41,41,1,12,4,120.725962,24.201797,2
9783,66000,387130000C,(04)23274275,(04)23288582,2025,12,22,20,16,臺中市,北區,0,2,0,7,1,6,50,4,1,1,5,4,6,6,1,1,5,5,4,2,17,2,9,1,1,C03,7,6,1,10,2,11,,34,34,1,13,4,120.68447,24.147929,2
9784,66000,387130000C,(04)23274275,(04)23288582,2025,12,22,20,17,臺中市,西屯區,0,0,0,7,,,60,,,,,,,,,,,,,,13,,,,,B03,,,1,,2,,,58,58,1,13,4,120.639098,24.168915,3
9785,66000,387130000C,(04)23274275,(04)23288582,2025,12,22,20,18,臺中市,大里區,0,0,0,7,,,30,,,,,,,,,,,,,,14,,,,,B01,,,1,,2,,,84,84,1,6,4,120.692319,24.107846,3
9786,66000,387130000C,(04)23274275,(04)23288582,2025,12,22,20,18,臺中市,大里區,0,1,0,7,1,6,50,4,1,1,5,4,6,6,1,1,5,5,4,1,15,3,10,3,1,B03,7,9,1,8,2,1,,21,21,1,13,4,120.706611,24.095323,2
9787,66000,387130000C,(04)23274275,(04)23288582,2025,12,22,20,21,臺中市,石岡區,0,1,0,7,1,6,70,13,7,1,5,4,6,6,1,1,1,4,4,1,13,2,7,5,4,B03,7,9,1,8,2,1,,7,7,1,12,4,120.77238,24.275028,2
9788,66000,387130000C,(04)23274275,(04)23288582,2025,12,22,20,23,臺中市,后里區,0,1,0,7,1,6,50,13,9,1,5,4,6,6,4,4,5,5,5,2,11,3,10,1,1,C03,7,9,1,10,2,14,,39,39,1,6,4,120.721669,24.308685,2
9789,66000,387130000C,(04)23274275,(04)23288582,2025,12,22,20,26,臺中市,北屯區,0,1,0,7,1,6,30,3,1,1,5,4,6,6,4,4,10,5,5,2,13,3,10,5,4,C03,7,9,1,10,2,11,,7,7,1,12,4,120.694687,24.175451,2
9790,66000,387130000C,(04)23274275,(04)23288582,2025,12,22,20,27,臺中市,豐原區,0,2,0,7,1,6,50,4,2,1,5,4,6,6,1,1,5,5,5,2,17,2,9,2,1,C03,7,5,1,10,2,12,,39,39,1,13,4,120.718817,24.251873,2
9791,66000,387130000C,(04)23274275,(04)23288582,2025,12,22,20,33,臺中市,梧棲區,0,0,0,7,,,50,,,,,,,,,,,,,,17,,,,,B03,,,1,,2,,,51,51,1,12,4,120.529257,24.251298,3
9792,66000,387130000C,(04)23274275,(04)23288582,2025,12,22,20,36,臺中市,西區,0,1,0,6,1,6,50,4,1,1,5,4,6,6,1,1,10,5,5,2,17,3,10,3,1,B03,7,6,1,8,2,2,,11,11,1,13,4,120.657343,24.149501,2
9793,66000,387130000C,(04)23274275,(04)23288582,2025,12,22,20,48,臺中市,北屯區,0,1,0,7,1,6,50,13,7,1,5,4,6,6,4,4,5,5,4,2,13,3,10,1,1,C03,7,9,1,10,2,11,,7,7,1,12,4,120.676012,24.183853,2
9794,66000,387130000C,(04)23274275,(04)23288582,2025,12,22,20,53,臺中市,大雅區,0,2,0,7,1,6,30,3,1,1,5,4,6,6,4,4,10,5,5,2,11,2,9,2,1,F03,7,9,7,21,2,12,,84,84,1,12,4,120.650449,24.238489,2
9795,66000,387130000C,(04)23274275,(04)23288582,2025,12,22,20,53,臺中市,北屯區,0,1,0,7,2,6,40,3,1,1,5,4,6,6,4,4,10,5,5,2,18,2,9,5,4,C03,7,9,1,10,2,15,,59,59,1,12,4,120.686101,24.181523,2
9796,66000,387130000C,(04)23274275,(04)23288582,2025,12,22,20,54,臺中市,外埔區,0,0,0,7,,,50,,,,,,,,,,,,,,14,,,,,A02,,,1,,2,,,84,84,1,12,4,120.638696,24.341664,3
9797,66000,387130000C,(04)23274275,(04)23288582,2025,12,22,21,3,臺中市,北屯區,0,0,0,7,,3,40,,,,,,,,,,,,,,,,,,,B03,,,1,,2,,,84,84,1,6,4,120.719056,24.162023,3
9798,66000,387130000C,(04)23274275,(04)23288582,2025,12,22,21,8,臺中市,大雅區,0,0,0,7,,,30,,,,,,,,,,,,,,11,,,,,B03,,,1,,1,,,8,8,1,12,4,120.673101,24.231256,3
9799,66000,387130000C,(04)23274275,(04)23288582,2025,12,22,21,9,臺中市,外埔區,0,0,0,7,3,6,50,13,7,1,5,4,6,6,4,4,5,4,4,1,13,3,10,1,1,C03,7,9,1,10,2,11,,7,7,1,6,4,120.63801,24.342243,3
9800,66000,387130000C,(04)23274275,(04)23288582,2025,12,22,21,10,臺中市,神岡區,0,0,0,7,1,6,50,11,7,1,5,4,6,6,4,4,1,4,4,2,13,,,,,B03,,,1,,2,,,7,7,1,12,4,120.695674,24.248465,3
9801,66000,387130000C,(04)23274275,(04)23288582,2025,12,22,21,11,臺中市,北區,0,1,0,7,1,6,50,4,1,1,5,4,6,6,1,1,1,4,5,2,15,3,10,3,1,A12,7,9,1,2,2,1,,84,84,1,12,4,120.673776,24.165143,2
9802,66000,387130000C,(04)23274275,(04)23288582,2025,12,22,21,15,臺中市,南屯區,0,0,0,7,,,50,,,,,,,,,,,,,,17,,,,,B03,,,1,,2,,,8,8,1,12,4,120.608535,24.138563,3
9803,66000,387130000C,(04)23274275,(04)23288582,2025,12,22,21,20,臺中市,西屯區,0,1,0,7,1,6,50,4,2,1,5,4,6,6,1,1,10,5,5,2,13,3,10,5,4,C03,7,9,1,10,2,11,14,7,7,1,12,4,120.649474,24.16219,2
9804,66000,387130000C,(04)23274275,(04)23288582,2025,12,22,21,22,臺中市,北屯區,0,1,0,7,1,6,50,13,7,1,5,4,6,6,4,4,9,4,4,2,18,,,,,,,,,,,,,119,119,1,,,120.683789,24.171105,2
9805,66000,387130000C,(04)23274275,(04)23288582,2025,12,22,21,25,臺中市,西屯區,0,1,0,7,1,6,30,13,9,1,5,4,6,6,4,4,10,5,5,2,12,3,10,1,4,C03,7,6,1,10,2,14,,65,65,1,13,4,120.642858,24.181705,2
9806,66000,387130000C,(04)23274275,(04)23288582,2025,12,22,21,28,臺中市,中區,0,0,0,7,3,6,50,4,2,1,5,4,6,6,1,1,1,4,5,2,13,,,,,A04,,,1,,2,,,84,84,1,6,4,120.685761,24.141536,3
9807,66000,387130000C,(04)23274275,(04)23288582,2025,12,22,21,30,臺中市,北屯區,0,0,0,7,,,50,,,,,,,,,,,,,,17,,,,,C03,,,1,,1,,,59,59,1,12,4,120.678248,24.200795,3
9808,66000,387130000C,(04)23274275,(04)23288582,2025,12,22,21,31,臺中市,烏日區,0,3,0,7,1,6,30,4,1,1,5,4,6,6,4,4,10,5,5,2,16,2,9,1,1,C03,7,9,1,10,2,11,12,15,15,1,6,4,120.639233,24.111134,2
9809,66000,387130000C,(04)23274275,(04)23288582,2025,12,22,21,32,臺中市,西區,0,2,0,7,1,6,50,4,1,1,5,4,6,6,1,1,10,5,5,2,15,2,9,5,4,C03,7,9,1,10,2,12,,21,21,1,13,4,120.66167,24.147867,2
9810,66000,387130000C,(04)23274275,(04)23288582,2025,12,22,21,32,臺中市,西屯區,0,0,0,7,,,60,,,,,,,,,,,,,,12,,,,,B03,,,1,,1,,,40,40,1,13,4,120.639274,24.169125,3
9811,66000,387130000C,(04)23274275,(04)23288582,2025,12,22,21,34,臺中市,北屯區,0,1,0,7,1,9,0,18,21,4,5,4,6,6,4,4,10,5,5,2,18,2,9,1,1,F02,7,9,7,21,1,14,,85,85,1,12,4,120.680124,24.172577,2
9812,66000,387130000C,(04)23274275,(04)23288582,2025,12,22,22,10,臺中市,大里區,0,1,0,7,3,6,50,3,9,1,5,4,6,6,4,4,3,4,5,1,16,3,10,1,1,C03,7,5,1,10,2,13,,47,47,1,13,4,120.690962,24.091869,2
9813,66000,387130000C,(04)23274275,(04)23288582,2025,12,22,22,12,臺中市,大里區,0,1,0,7,3,6,50,3,2,1,5,4,6,6,1,1,5,4,5,1,13,3,10,5,4,C03,7,9,1,10,2,11,,7,7,1,13,4,120.685569,24.115232,2
9814,66000,387130000C,(04)23274275,(04)23288582,2025,12,22,22,37,臺中市,神岡區,0,2,0,7,1,6,30,3,1,1,5,4,6,6,4,4,10,5,5,1,16,2,9,1,1,C03,7,6,1,10,2,14,,12,12,1,12,4,120.693269,24.237531,2
9815,66000,387130000C,(04)23274275,(04)23288582,2025,12,22,22,42,臺中市,西屯區,0,0,0,7,,,50,,,,,,,,,,,,,,17,,,,,B03,,,1,,1,,,40,40,1,13,4,120.649864,24.163498,3
9816,66000,387130000C,(04)23274275,(04)23288582,2025,12,22,23,20,臺中市,北屯區,0,0,0,7,,,50,,,,,,,,,,,,,,17,,,,,B03,,,1,,2,,,82,82,1,6,4,120.694304,24.171667,3
9817,66000,387130000C,(04)23274275,(04)23288582,2025,12,22,23,38,臺中市,北屯區,0,0,0,7,,,50,,,,,,,,,,,,,,16,,,,,B03,,,1,,2,,,47,47,1,12,4,120.705361,24.166918,3
9818,66000,387130000C,(04)23274275,(04)23288582,2025,12,22,23,43,臺中市,太平區,0,0,0,7,,,50,,,,,,,,,,,,,,,,,,,B03,,,1,,2,,,82,82,1,12,4,120.7126,24.155692,3
9819,66000,387130000C,(04)23274275,(04)23288582,2025,12,22,23,52,臺中市,烏日區,0,0,0,7,,,50,,,,,,,,,,,,,,12,,,,,B03,,,1,,2,,,59,59,1,6,4,120.638241,24.111989,3
9820,66000,387130000C,(04)23274275,(04)23288582,2025,12,23,0,5,臺中市,南區,0,3,0,7,1,6,50,4,9,1,5,4,6,6,1,1,5,5,5,2,13,2,8,2,2,C03,7,9,1,10,2,11,,59,59,1,13,2,120.681053,24.122344,2
9821,66000,387130000C,(04)23274275,(04)23288582,2025,12,23,0,7,臺中市,西屯區,0,2,0,6,1,6,40,3,1,1,5,4,6,6,2,1,10,5,5,2,12,2,9,1,1,C03,7,5,3,19,2,12,,47,47,1,13,4,120.618958,24.181062,2
9822,66000,387130000C,(04)23274275,(04)23288582,2025,12,23,0,12,臺中市,北區,0,1,0,7,1,6,50,4,1,1,5,4,6,6,4,4,5,5,5,2,16,2,9,1,1,C03,7,6,1,10,2,14,12,14,14,1,13,4,120.67753,24.152837,2
9823,66000,387130000C,(04)23274275,(04)23288582,2025,12,23,0,20,臺中市,西屯區,0,0,0,7,,,50,,,,,,,,,,,,,,,,,,,B03,,,5,,8,,,59,59,2,12,4,120.637276,24.162029,3
9824,66000,387130000C,(04)23274275,(04)23288582,2025,12,23,0,24,臺中市,沙鹿區,0,2,0,6,1,6,40,13,8,1,5,4,6,6,4,4,3,3,3,1,17,2,9,5,4,C03,7,9,1,10,2,11,,59,59,1,13,4,120.580661,24.197583,2
9825,66000,387130000C,(04)23274275,(04)23288582,2025,12,23,0,40,臺中市,西屯區,0,0,0,6,,,50,,,,,,,,,,,,,,,,,,,B03,,,1,,1,,,47,47,1,13,4,120.610145,24.187037,3