序號,縣市別代碼,機關代碼,市話,傳真,年,月,日,時,分,縣市,區,死亡數量,受傷數量,2-30,天候,道路照明設備,道路類別,道路速限,道路型態,事故位置,路面鋪裝,路面狀態,路面缺陷,障礙物,視距,號誌種類,號誌動作,分向設施,快車道或一般車道間,快慢車道間,路面邊線,事故類型及型態,受傷程度,主要傷處,保護裝備,行動電話或功能裝置,當事者區分(類別),車輛用途,當事者行動狀態,駕照狀態,駕照種類,飲酒情形,車輛撞擊部位最初,車輛撞擊部位其他,肇事因素個別,肇事因素主要,肇事逃逸,職業,共享經濟或外送平台,GPS座標X,GPS座標Y,事故類別
9826,66000,387130000C,(04)23274275,(04)23288582,2025,12,23,1,59,臺中市,霧峰區,0,1,0,6,1,6,70,13,7,1,5,4,6,6,4,4,3,4,4,1,18,2,9,3,1,B01,7,9,1,1,2,1,,84,84,1,13,4,120.663789,24.075644,2
9827,66000,387130000C,(04)23274275,(04)23288582,2025,12,23,3,3,臺中市,清水區,0,0,0,7,,,60,,,,,,,,,,,,,,,,,,,B12,,,6,,10,,,59,59,2,12,4,120.565039,24.320287,3
9828,66000,387130000C,(04)23274275,(04)23288582,2025,12,23,5,10,臺中市,南屯區,0,0,0,7,,,50,,,,,,,,,,,,,,27,,,,,B12,,,1,,2,,,84,84,1,13,4,120.620294,24.138154,3
9829,66000,387130000C,(04)23274275,(04)23288582,2025,12,23,5,52,臺中市,南屯區,0,0,0,7,,,50,,,,,,,,,,,,,,17,,,,,B03,,,4,,2,,,59,59,1,12,4,120.617404,24.15903,3
9830,66000,387130000C,(04)23274275,(04)23288582,2025,12,23,6,26,臺中市,西區,0,2,0,7,1,6,40,13,8,1,5,4,6,6,4,4,1,4,4,2,13,2,9,1,1,C03,7,9,1,10,2,11,,84,84,1,5,4,120.658651,24.155036,2
9831,66000,387130000C,(04)23274275,(04)23288582,2025,12,23,7,10,臺中市,西屯區,0,0,0,7,,,50,,,,,,,,,,,,,,13,,,,,B03,,,1,,1,,,7,7,1,13,4,120.604772,24.187601,3
9832,66000,387130000C,(04)23274275,(04)23288582,2025,12,23,7,14,臺中市,龍井區,0,1,0,7,2,6,50,4,1,1,5,4,6,6,4,4,5,5,5,2,15,3,10,3,1,B03,7,9,1,8,2,2,,12,12,1,7,4,120.59141,24.18883,2
9833,66000,387130000C,(04)23274275,(04)23288582,2025,12,23,7,14,臺中市,龍井區,0,0,0,7,2,6,50,13,7,1,5,4,6,6,4,4,3,4,3,2,13,,,,,B03,,,1,,2,,,7,7,1,6,4,120.573376,24.188172,3
9834,66000,387130000C,(04)23274275,(04)23288582,2025,12,23,7,15,臺中市,太平區,0,0,0,7,,,50,,,,,,,,,,,,,,,,,,,A05,,,1,,2,,,39,39,1,12,4,120.71325,24.149644,3
9835,66000,387130000C,(04)23274275,(04)23288582,2025,12,23,7,16,臺中市,龍井區,0,1,0,7,2,6,50,5,1,1,5,4,6,6,4,4,5,5,5,1,16,2,8,1,1,C03,7,14,1,10,2,11,,12,12,1,12,4,120.547879,24.185992,2
9836,66000,387130000C,(04)23274275,(04)23288582,2025,12,23,7,20,臺中市,沙鹿區,0,0,0,7,,,70,,,,,,,,,,,,,,13,,,,,B03,,,1,,2,,,7,7,1,6,4,120.598069,24.250111,3
9837,66000,387130000C,(04)23274275,(04)23288582,2025,12,23,7,20,臺中市,大甲區,0,1,0,7,2,6,30,4,1,1,5,4,6,6,4,4,10,5,5,2,15,2,9,2,1,C03,7,9,1,10,2,12,,12,12,1,6,4,120.639426,24.410378,2
9838,66000,387130000C,(04)23274275,(04)23288582,2025,12,23,7,22,臺中市,太平區,0,0,0,7,,,50,,,,,,,,,,,,,,16,,,,,C03,,,1,,2,,,1,1,1,12,4,120.734304,24.150383,3
9839,66000,387130000C,(04)23274275,(04)23288582,2025,12,23,7,26,臺中市,龍井區,0,1,0,7,2,6,50,5,1,1,5,4,6,6,4,4,10,5,5,2,16,3,10,2,1,C04,7,9,1,10,2,11,14,6,6,1,6,4,120.578881,24.182722,2
9840,66000,387130000C,(04)23274275,(04)23288582,2025,12,23,7,26,臺中市,龍井區,0,0,0,7,2,6,50,13,9,1,5,4,6,6,4,4,5,5,5,1,13,,,,,B03,,,1,,1,,,87,87,1,6,4,120.575691,24.178197,3
9841,66000,387130000C,(04)23274275,(04)23288582,2025,12,23,7,28,臺中市,龍井區,0,0,0,7,2,6,50,13,8,1,5,4,6,6,4,4,1,4,3,2,13,,,,,B03,,,1,,1,,,59,59,1,6,4,120.580258,24.188986,3
9842,66000,387130000C,(04)23274275,(04)23288582,2025,12,23,7,29,臺中市,西屯區,0,1,0,7,2,6,50,13,7,1,5,4,6,6,4,4,5,4,4,2,13,2,8,2,1,C03,7,9,1,10,2,11,,7,7,1,12,4,120.62098,24.171923,2
9843,66000,387130000C,(04)23274275,(04)23288582,2025,12,23,7,29,臺中市,烏日區,0,0,0,7,2,6,50,13,24,1,5,4,6,6,4,4,10,5,5,2,14,3,10,,1,B03,7,2,1,8,1,3,,49,49,1,6,4,120.637416,24.109609,3
9844,66000,387130000C,(04)23274275,(04)23288582,2025,12,23,7,34,臺中市,南區,0,0,0,7,,,1,,,,,,,,,,,,,,9,,,,,B12,,,1,,9,,,84,84,1,12,4,120.658708,24.125939,3
9845,66000,387130000C,(04)23274275,(04)23288582,2025,12,23,7,36,臺中市,潭子區,0,1,0,7,2,6,50,5,9,1,5,4,6,6,2,1,1,4,5,1,12,3,10,3,1,B03,7,7,1,8,9,5,,40,40,1,13,4,120.703664,24.200675,2
9846,66000,387130000C,(04)23274275,(04)23288582,2025,12,23,7,37,臺中市,西區,0,1,0,7,2,6,50,4,1,1,5,4,6,6,2,1,7,4,4,2,17,3,10,1,1,C03,7,6,1,10,1,11,,84,84,1,13,4,120.673624,24.140623,2
9847,66000,387130000C,(04)23274275,(04)23288582,2025,12,23,7,38,臺中市,大肚區,0,1,0,7,2,6,50,13,9,1,5,4,6,6,4,4,5,4,5,2,13,2,8,1,1,C03,7,9,1,10,2,11,,7,7,1,6,4,120.545421,24.150728,2
9848,66000,387130000C,(04)23274275,(04)23288582,2025,12,23,7,39,臺中市,北屯區,0,1,0,7,3,6,50,4,1,1,5,4,6,6,4,4,10,5,5,2,15,2,9,2,1,C03,7,9,1,10,2,12,,15,15,1,6,4,120.726556,24.165259,2
9849,66000,387130000C,(04)23274275,(04)23288582,2025,12,23,7,40,臺中市,潭子區,0,1,0,7,2,6,60,3,1,1,5,4,6,6,2,1,1,4,4,1,15,3,10,1,1,C03,7,9,5,10,2,11,,21,21,1,13,4,120.707647,24.225748,2
9850,66000,387130000C,(04)23274275,(04)23288582,2025,12,23,7,40,臺中市,霧峰區,0,0,0,7,,,50,,,,,,,,,,,,,,17,,,,,B03,,,3,19,9,,,84,84,1,13,4,120.697449,24.057141,3
9851,66000,387130000C,(04)23274275,(04)23288582,2025,12,23,7,41,臺中市,東區,0,2,0,7,2,6,50,13,9,1,5,4,6,6,4,4,5,4,5,2,12,2,9,2,1,C03,7,12,1,4,1,11,,84,84,2,13,4,120.692231,24.13424,2
9852,66000,387130000C,(04)23274275,(04)23288582,2025,12,23,7,41,臺中市,北屯區,0,1,0,7,3,6,50,13,9,1,5,4,6,6,4,4,1,5,5,2,13,2,9,1,1,C03,7,9,1,10,2,11,,7,7,1,6,4,120.700094,24.177961,2
9853,66000,387130000C,(04)23274275,(04)23288582,2025,12,23,7,42,臺中市,南屯區,0,1,0,7,2,6,30,4,9,1,5,4,6,6,4,4,9,5,5,2,15,3,10,1,1,F03,7,9,7,21,2,11,,15,15,1,12,4,120.610985,24.139043,2
9854,66000,387130000C,(04)23274275,(04)23288582,2025,12,23,7,42,臺中市,北屯區,0,1,0,7,2,6,50,4,1,1,5,4,6,6,2,1,10,5,5,2,13,3,10,2,1,C03,7,9,1,10,2,14,,7,7,1,6,4,120.705646,24.164669,2
9855,66000,387130000C,(04)23274275,(04)23288582,2025,12,23,7,42,臺中市,大里區,0,1,0,7,2,6,50,13,9,1,5,4,6,6,4,4,10,5,5,2,17,3,10,3,1,B12,7,1,1,8,2,8,,51,51,1,12,4,120.680256,24.114533,2
9856,66000,387130000C,(04)23274275,(04)23288582,2025,12,23,7,43,臺中市,西區,0,0,0,7,,,50,,,,,,,,,,,,,,17,,,,,B03,,,1,,2,,,84,84,1,12,4,120.673569,24.140576,3
9857,66000,387130000C,(04)23274275,(04)23288582,2025,12,23,7,43,臺中市,西屯區,0,2,0,7,2,6,40,13,8,1,5,4,6,6,2,1,1,5,1,1,12,2,7,2,4,C03,7,9,1,10,2,11,,7,7,1,12,4,120.62086,24.179946,2
9858,66000,387130000C,(04)23274275,(04)23288582,2025,12,23,7,44,臺中市,西屯區,0,0,0,7,,,50,,,,,,,,,,,,,,13,,,,,C03,,,1,,1,,,84,84,1,13,4,120.651366,24.199332,3
9859,66000,387130000C,(04)23274275,(04)23288582,2025,12,23,7,46,臺中市,西區,0,0,0,7,,,50,,,,,,,,,,,,,,13,,,,,B03,,,1,,1,,,57,57,1,13,4,120.672678,24.137364,3
9860,66000,387130000C,(04)23274275,(04)23288582,2025,12,23,7,49,臺中市,潭子區,0,2,0,7,3,6,60,5,1,1,5,4,6,6,1,1,1,4,4,1,17,2,8,2,1,C03,7,9,1,10,2,14,,84,84,1,13,4,120.705749,24.218166,2
9861,66000,387130000C,(04)23274275,(04)23288582,2025,12,23,7,49,臺中市,北屯區,0,1,0,7,3,6,50,4,1,1,5,4,6,6,2,1,10,5,5,2,13,3,10,3,1,B03,7,9,1,8,1,1,,59,59,1,12,4,120.706024,24.169496,2
9862,66000,387130000C,(04)23274275,(04)23288582,2025,12,23,7,49,臺中市,大里區,0,0,0,7,,,50,,,,,,,,,,,,,,17,,,,,B03,,,1,,1,,,7,7,1,12,4,120.698988,24.109911,3
9863,66000,387130000C,(04)23274275,(04)23288582,2025,12,23,7,50,臺中市,東區,0,2,0,7,1,6,50,4,1,1,5,4,6,6,1,1,10,5,5,2,17,2,9,5,4,C03,7,6,1,10,2,11,,84,84,1,12,4,120.707122,24.138273,2
9864,66000,387130000C,(04)23274275,(04)23288582,2025,12,23,7,50,臺中市,南區,0,2,0,7,3,6,40,13,7,1,5,4,6,6,4,4,5,4,4,1,17,3,10,5,4,B03,7,1,1,8,2,8,,51,51,1,12,4,120.666132,24.113871,2
9865,66000,387130000C,(04)23274275,(04)23288582,2025,12,23,7,50,臺中市,東區,0,0,0,7,,,50,,,,,,,,,,,,,,,,,,,B03,,,1,,1,,,84,84,1,12,4,120.698875,24.128001,3
9866,66000,387130000C,(04)23274275,(04)23288582,2025,12,23,7,50,臺中市,北屯區,0,1,0,7,2,6,40,13,8,1,5,4,6,6,1,1,1,2,1,2,13,2,9,1,1,C03,7,9,1,10,2,11,,59,59,1,12,4,120.722201,24.162204,2
9867,66000,387130000C,(04)23274275,(04)23288582,2025,12,23,7,50,臺中市,沙鹿區,0,3,0,7,2,6,40,5,1,1,5,4,6,6,1,1,1,4,4,2,15,2,9,1,1,C03,7,9,1,10,2,11,12,21,21,1,12,4,120.568832,24.223575,2
9868,66000,387130000C,(04)23274275,(04)23288582,2025,12,23,7,50,臺中市,梧棲區,0,0,0,7,,,60,,,,,,,,,,,,,,12,,,,,B03,,,1,,2,,,40,40,1,12,4,120.522747,24.224181,3
9869,66000,387130000C,(04)23274275,(04)23288582,2025,12,23,7,51,臺中市,南屯區,0,0,0,7,,,50,,,,,,,,,,,,,,12,,,,,C03,,,1,,9,,,8,8,1,12,4,120.637831,24.120114,3
9870,66000,387130000C,(04)23274275,(04)23288582,2025,12,23,7,51,臺中市,北屯區,0,1,0,7,3,6,50,4,1,1,5,4,6,6,4,4,10,5,4,2,17,2,8,2,1,C03,7,9,1,10,2,12,,12,12,1,6,4,120.701169,24.185246,2
9871,66000,387130000C,(04)23274275,(04)23288582,2025,12,23,7,52,臺中市,南屯區,0,0,0,7,,,50,,,,,,,,,,,,,,13,,,,,C03,,,1,,1,,,59,59,1,12,4,120.636889,24.147042,3
9872,66000,387130000C,(04)23274275,(04)23288582,2025,12,23,7,52,臺中市,太平區,0,2,0,7,3,6,50,3,1,1,5,4,6,6,4,4,5,5,5,2,13,2,9,1,1,C03,7,9,1,10,2,11,,39,39,1,12,4,120.72888,24.10181,2
9873,66000,387130000C,(04)23274275,(04)23288582,2025,12,23,7,52,臺中市,大肚區,0,1,0,7,2,6,70,3,1,1,5,4,6,6,4,4,10,5,5,2,16,3,10,3,1,B03,7,5,1,8,2,2,,14,14,1,6,4,120.549465,24.15013,2
9874,66000,387130000C,(04)23274275,(04)23288582,2025,12,23,7,52,臺中市,烏日區,0,1,0,7,2,6,40,13,8,1,5,4,6,6,4,4,1,4,1,1,12,3,10,3,1,B03,7,5,1,8,2,2,,47,47,1,6,4,120.63447,24.094765,2
9875,66000,387130000C,(04)23274275,(04)23288582,2025,12,23,7,53,臺中市,南屯區,0,0,0,7,,,50,,,,,,,,,,,,,,,,,,,B03,,,1,,1,,,7,7,1,6,4,120.641039,24.151261,3
9876,66000,387130000C,(04)23274275,(04)23288582,2025,12,23,7,54,臺中市,西屯區,0,1,0,7,1,6,50,13,9,1,5,4,6,6,4,4,1,2,4,2,13,2,9,2,1,C03,7,9,1,10,2,11,,87,87,1,12,4,120.655854,24.199427,2
9877,66000,387130000C,(04)23274275,(04)23288582,2025,12,23,7,55,臺中市,西屯區,0,3,0,7,1,6,50,4,1,1,5,4,6,6,1,1,8,4,4,1,13,2,9,5,4,C03,7,9,1,10,2,11,,7,7,1,13,4,120.590438,24.171605,2
9878,66000,387130000C,(04)23274275,(04)23288582,2025,12,23,7,58,臺中市,中區,0,2,0,7,2,6,50,3,1,1,5,4,6,6,4,4,9,4,5,2,12,2,8,1,1,C03,7,9,1,10,2,11,,84,84,1,12,4,120.683972,24.141821,2
9879,66000,387130000C,(04)23274275,(04)23288582,2025,12,23,7,58,臺中市,西屯區,0,0,0,7,,,50,,,,,,,,,,,,,,13,,,,,C03,,,1,,1,,,7,7,1,12,4,120.613652,24.173904,3
9880,66000,387130000C,(04)23274275,(04)23288582,2025,12,23,7,59,臺中市,大甲區,0,1,0,7,3,6,50,13,9,1,5,4,6,6,4,4,5,5,5,1,17,3,10,3,1,B03,7,9,1,8,2,1,,7,7,1,6,4,120.625376,24.347448,2
9881,66000,387130000C,(04)23274275,(04)23288582,2025,12,23,8,0,臺中市,大里區,0,2,0,7,2,6,50,3,1,1,5,4,6,6,3,1,10,5,5,1,16,2,9,1,1,C03,7,6,1,10,2,11,,11,11,1,12,4,120.700161,24.109756,2
9882,66000,387130000C,(04)23274275,(04)23288582,2025,12,23,8,2,臺中市,大雅區,0,0,0,7,,,50,,,,,,,,,,,,,,,,,,,C03,,,1,,1,,,7,7,1,12,4,120.635344,24.214896,3
9883,66000,387130000C,(04)23274275,(04)23288582,2025,12,23,8,2,臺中市,神岡區,0,1,0,7,2,6,50,3,1,1,5,4,6,6,3,1,10,5,5,1,17,3,10,5,4,B03,7,5,1,8,2,7,,11,11,1,13,4,120.671426,24.257226,2
9884,66000,387130000C,(04)23274275,(04)23288582,2025,12,23,8,3,臺中市,大雅區,0,0,0,7,,,60,,,,,,,,,,,,,,,,,,,C03,,,1,,1,,,84,84,1,13,4,120.645858,24.223977,3
9885,66000,387130000C,(04)23274275,(04)23288582,2025,12,23,8,3,臺中市,西屯區,0,1,0,7,2,6,50,13,9,1,5,4,6,6,4,4,4,3,5,1,13,2,9,2,4,C03,7,9,1,10,2,11,,59,59,1,12,4,120.625848,24.196635,2
9886,66000,387130000C,(04)23274275,(04)23288582,2025,12,23,8,5,臺中市,西屯區,0,1,0,7,2,6,50,3,1,1,5,4,6,6,2,1,10,5,5,2,16,3,10,5,4,B03,7,5,1,8,9,6,,11,11,2,13,4,120.647661,24.195971,2
9887,66000,387130000C,(04)23274275,(04)23288582,2025,12,23,8,10,臺中市,北屯區,0,0,0,7,,,40,,,,,,,,,,,,,,15,,,,,B03,,,1,,1,,,20,20,1,12,4,120.693334,24.168507,3
9888,66000,387130000C,(04)23274275,(04)23288582,2025,12,23,8,11,臺中市,清水區,0,0,0,7,,,50,,,,,,,,,,,,,,11,,,,,B12,,,1,,2,,,8,8,1,6,4,120.597309,24.306232,3
9889,66000,387130000C,(04)23274275,(04)23288582,2025,12,23,8,15,臺中市,南區,0,1,0,7,2,6,50,13,9,1,5,4,6,6,2,1,5,5,5,2,13,2,9,2,1,C03,7,9,1,10,1,11,,7,7,1,12,4,120.649657,24.116655,2
9890,66000,387130000C,(04)23274275,(04)23288582,2025,12,23,8,16,臺中市,西屯區,0,0,0,7,,,50,,,,,,,,,,,,,,12,,,,,B03,,,1,,2,,,8,8,1,13,4,120.642065,24.177999,3
9891,66000,387130000C,(04)23274275,(04)23288582,2025,12,23,8,16,臺中市,太平區,0,0,0,7,,,50,,,,,,,,,,,,,,16,,,,,B03,,,1,,1,,,20,20,1,12,4,120.720502,24.149055,3
9892,66000,387130000C,(04)23274275,(04)23288582,2025,12,23,8,17,臺中市,南屯區,0,2,0,7,2,6,10,13,9,1,5,4,6,6,4,4,9,5,5,2,1,2,9,1,1,C03,7,9,1,10,2,11,,39,39,1,12,4,120.64164,24.148786,2
9893,66000,387130000C,(04)23274275,(04)23288582,2025,12,23,8,18,臺中市,烏日區,0,2,0,7,2,6,50,5,1,1,5,4,6,6,1,1,10,5,5,2,15,2,9,2,1,C03,7,9,1,10,2,11,,21,21,1,6,4,120.643585,24.081574,2
9894,66000,387130000C,(04)23274275,(04)23288582,2025,12,23,8,18,臺中市,烏日區,0,1,0,7,2,6,40,13,8,1,5,4,6,6,4,4,1,4,1,1,18,2,9,1,1,C03,7,9,1,10,2,12,,59,59,1,6,4,120.630195,24.095063,2
9895,66000,387130000C,(04)23274275,(04)23288582,2025,12,23,8,19,臺中市,西屯區,0,0,0,7,,,30,,,,,,,,,,,,,,,,,,,B12,,,1,,1,,,49,49,1,13,4,120.647284,24.166969,3
9896,66000,387130000C,(04)23274275,(04)23288582,2025,12,23,8,19,臺中市,烏日區,0,2,0,7,2,6,40,5,1,1,5,4,6,6,4,4,10,5,5,2,15,2,7,1,1,C03,7,9,1,10,2,14,,12,12,1,6,4,120.651384,24.049322,2
9897,66000,387130000C,(04)23274275,(04)23288582,2025,12,23,8,19,臺中市,沙鹿區,0,0,0,7,,,60,,,,,,,,,,,,,,17,,,,,B03,,,1,,1,,,48,48,1,6,4,120.589926,24.250033,3
9898,66000,387130000C,(04)23274275,(04)23288582,2025,12,23,8,20,臺中市,西屯區,0,0,0,7,,,50,,,,,,,,,,,,,,14,,,,,A41,,,1,,2,,,49,49,1,13,4,120.59562,24.16449,3
9899,66000,387130000C,(04)23274275,(04)23288582,2025,12,23,8,29,臺中市,北屯區,0,2,0,7,1,6,50,13,9,1,5,4,6,6,4,4,5,4,5,2,13,3,10,1,1,C03,7,9,1,10,2,11,,84,84,1,13,4,120.722797,24.175834,2
9900,66000,387130000C,(04)23274275,(04)23288582,2025,12,23,8,29,臺中市,太平區,0,2,0,7,3,6,50,3,7,1,5,4,6,6,4,4,5,5,4,1,16,3,10,3,1,B12,7,1,1,8,2,8,,51,51,1,12,4,120.729166,24.106127,2
9901,66000,387130000C,(04)23274275,(04)23288582,2025,12,23,8,30,臺中市,沙鹿區,0,0,0,7,,,50,,,,,,,,,,,,,,17,,,,,B03,,,1,,9,,,8,8,1,6,4,120.579849,24.215126,3
9902,66000,387130000C,(04)23274275,(04)23288582,2025,12,23,8,31,臺中市,大里區,0,1,0,7,2,6,50,13,9,1,5,4,6,6,4,4,5,4,5,1,17,2,8,1,1,C03,7,14,1,10,9,14,,85,85,1,12,4,120.68998,24.112194,2
9903,66000,387130000C,(04)23274275,(04)23288582,2025,12,23,8,35,臺中市,北區,0,0,0,7,,,30,,,,,,,,,,,,,,16,,,,,B03,,,1,,2,,,14,14,1,13,4,120.693778,24.159456,3
9904,66000,387130000C,(04)23274275,(04)23288582,2025,12,23,8,38,臺中市,北屯區,0,1,0,7,2,6,50,3,2,1,5,4,6,6,4,4,5,5,5,2,12,2,9,2,1,C03,7,4,1,10,2,12,,1,1,1,6,4,120.6696,24.176241,2
9905,66000,387130000C,(04)23274275,(04)23288582,2025,12,23,8,40,臺中市,西屯區,0,2,0,7,2,6,30,13,9,1,5,4,6,6,4,4,10,5,5,2,17,2,8,5,4,C03,7,9,3,19,1,12,11,59,59,1,12,4,120.640663,24.175709,2
9906,66000,387130000C,(04)23274275,(04)23288582,2025,12,23,8,41,臺中市,北屯區,0,0,0,7,,,50,,,,,,,,,,,,,,13,,,,,B12,,,1,,1,,,7,7,1,12,4,120.740028,24.178869,3
9907,66000,387130000C,(04)23274275,(04)23288582,2025,12,23,8,42,臺中市,南區,0,0,0,7,,,50,,,,,,,,,,,,,,13,,,,,C03,,,1,,2,,,83,83,1,13,4,120.655016,24.115588,3
9908,66000,387130000C,(04)23274275,(04)23288582,2025,12,23,8,42,臺中市,南區,0,2,0,7,3,6,50,5,1,1,5,4,6,6,1,1,10,5,5,2,13,3,10,5,4,B03,7,5,1,8,2,7,,7,7,1,12,4,120.684223,24.126365,2
9909,66000,387130000C,(04)23274275,(04)23288582,2025,12,23,8,42,臺中市,西屯區,0,1,0,7,2,6,40,13,8,1,5,4,6,6,4,4,1,5,1,2,12,3,10,2,1,C03,7,5,1,10,2,12,,20,20,1,12,4,120.599589,24.181745,2
9910,66000,387130000C,(04)23274275,(04)23288582,2025,12,23,8,42,臺中市,太平區,0,0,0,6,,,50,,,,,,,,,,,,,,,,,,,C03,,,1,,2,,,84,84,1,12,4,120.717811,24.103175,3
9911,66000,387130000C,(04)23274275,(04)23288582,2025,12,23,8,42,臺中市,清水區,0,3,0,7,2,6,50,3,1,1,5,4,6,6,1,1,5,2,5,1,16,2,8,2,1,C03,7,6,1,10,2,14,,85,85,1,13,4,120.603152,24.309996,2
9912,66000,387130000C,(04)23274275,(04)23288582,2025,12,23,8,43,臺中市,清水區,0,1,0,7,2,6,50,3,2,1,5,4,6,6,4,4,5,5,5,1,16,3,10,3,1,B03,7,6,1,8,2,4,,48,48,1,13,4,120.550299,24.267394,2
9913,66000,387130000C,(04)23274275,(04)23288582,2025,12,23,8,45,臺中市,北區,0,1,0,7,2,6,50,13,9,1,5,4,6,6,4,4,1,3,5,2,17,2,9,2,1,C03,7,9,1,10,2,11,,84,84,1,13,4,120.683255,24.157317,2
9914,66000,387130000C,(04)23274275,(04)23288582,2025,12,23,8,45,臺中市,太平區,0,0,0,7,,,30,,,,,,,,,,,,,,17,,,,,A12,,,1,,9,,,84,84,1,12,4,120.707917,24.111884,3
9915,66000,387130000C,(04)23274275,(04)23288582,2025,12,23,8,48,臺中市,北區,0,0,0,7,,,50,,,,,,,,,,,,,,12,,,,,C03,,,1,,1,,,84,84,1,13,4,120.682344,24.163038,3
9916,66000,387130000C,(04)23274275,(04)23288582,2025,12,23,8,48,臺中市,北區,0,2,0,7,2,6,50,4,1,1,5,4,6,6,1,1,5,5,5,2,17,2,9,1,1,C03,7,6,1,10,2,14,,23,23,1,12,4,120.689386,24.160187,2
9917,66000,387130000C,(04)23274275,(04)23288582,2025,12,23,8,50,臺中市,北屯區,0,1,0,7,2,6,40,5,8,1,5,4,6,6,2,1,5,2,5,2,18,2,9,1,1,C03,7,9,1,10,2,14,,84,84,1,12,4,120.73103,24.1772,2
9918,66000,387130000C,(04)23274275,(04)23288582,2025,12,23,8,54,臺中市,西屯區,0,2,0,7,2,6,50,5,1,1,5,4,6,6,2,1,10,5,5,2,12,2,9,2,4,C03,7,7,1,10,2,12,,8,8,1,12,4,120.634585,24.179596,2
9919,66000,387130000C,(04)23274275,(04)23288582,2025,12,23,8,55,臺中市,西屯區,0,0,0,7,,3,80,,,,,,,,,,,,,,17,,,,,B03,,,1,,1,,,7,7,1,12,4,120.650968,24.197744,3
9920,66000,387130000C,(04)23274275,(04)23288582,2025,12,23,8,56,臺中市,沙鹿區,0,2,0,7,2,6,50,13,7,1,5,4,6,6,4,4,5,5,4,2,2,2,9,2,1,C04,7,9,1,11,2,11,,59,59,1,6,4,120.565519,24.243146,2
9921,66000,387130000C,(04)23274275,(04)23288582,2025,12,23,8,57,臺中市,神岡區,0,0,0,7,,,40,,,,,,,,,,,,,,12,,,,,B12,,,1,,2,,,8,8,1,12,4,120.704996,24.261355,3
9922,66000,387130000C,(04)23274275,(04)23288582,2025,12,23,9,0,臺中市,烏日區,0,0,0,7,,,50,,,,,,,,,,,,,,13,,,,,B12,,,1,,1,,,7,7,1,6,4,120.618724,24.115942,3
9923,66000,387130000C,(04)23274275,(04)23288582,2025,12,23,9,3,臺中市,潭子區,0,0,0,7,,,60,,,,,,,,,,,,,,12,,,,,B13,,,1,,2,,,8,8,1,13,4,120.702695,24.196162,3
9924,66000,387130000C,(04)23274275,(04)23288582,2025,12,23,9,3,臺中市,北屯區,0,0,0,7,,,50,,,,,,,,,,,,,,17,,,,,B12,,,1,,1,,,84,84,1,6,4,120.698919,24.171453,3
9925,66000,387130000C,(04)23274275,(04)23288582,2025,12,23,9,6,臺中市,南屯區,0,0,0,7,,,50,,,,,,,,,,,,,,13,,,,,B02,,,1,,1,,,59,59,1,12,4,120.626944,24.148343,3
9926,66000,387130000C,(04)23274275,(04)23288582,2025,12,23,9,9,臺中市,北屯區,0,1,0,7,3,6,50,4,2,1,5,4,6,6,4,4,10,5,5,2,13,2,9,1,1,C03,7,9,1,10,2,11,,7,7,1,6,4,120.69753,24.170589,2
9927,66000,387130000C,(04)23274275,(04)23288582,2025,12,23,9,14,臺中市,西區,0,1,0,7,2,6,50,4,1,1,5,4,6,6,1,1,7,5,5,2,15,2,9,1,1,C03,7,9,1,10,2,11,,21,21,1,13,4,120.674179,24.149763,2
9928,66000,387130000C,(04)23274275,(04)23288582,2025,12,23,9,15,臺中市,北屯區,0,1,0,7,1,6,50,4,2,1,5,4,6,6,1,1,5,4,4,2,13,3,10,1,1,C03,7,9,1,8,2,11,,84,84,1,13,4,120.696814,24.164939,2
9929,66000,387130000C,(04)23274275,(04)23288582,2025,12,23,9,15,臺中市,石岡區,0,0,0,7,,,50,,,,,,,,,,,,,,17,,,,,B03,,,1,,1,,,24,24,1,13,4,120.779554,24.27536,3
9930,66000,387130000C,(04)23274275,(04)23288582,2025,12,23,9,16,臺中市,北區,0,1,0,7,2,6,50,4,1,1,5,4,6,6,2,1,1,5,5,2,11,3,10,3,1,B03,7,6,1,8,2,6,,11,11,1,12,4,120.664055,24.162156,2
9931,66000,387130000C,(04)23274275,(04)23288582,2025,12,23,9,18,臺中市,南屯區,0,0,0,7,,,50,,,,,,,,,,,,,,,,,,,B03,,,1,,2,,,84,84,1,6,4,120.647563,24.130555,3
9932,66000,387130000C,(04)23274275,(04)23288582,2025,12,23,9,18,臺中市,南屯區,0,0,0,7,,,50,,,,,,,,,,,,,,13,,,,,B03,,,1,,1,,,59,59,1,12,4,120.625881,24.148796,3
9933,66000,387130000C,(04)23274275,(04)23288582,2025,12,23,9,18,臺中市,南屯區,0,1,0,7,2,6,50,4,1,1,5,4,6,6,2,1,9,4,5,2,11,3,10,3,1,B03,7,11,1,8,2,1,,45,45,1,12,4,120.65303,24.134993,2
9934,66000,387130000C,(04)23274275,(04)23288582,2025,12,23,9,19,臺中市,西區,0,1,0,6,2,6,50,13,9,1,5,4,6,6,4,4,5,5,5,2,17,3,10,4,1,B03,7,15,1,8,2,8,,76,76,1,12,4,120.658676,24.148548,2
9935,66000,387130000C,(04)23274275,(04)23288582,2025,12,23,9,20,臺中市,北區,0,0,0,7,,,50,,,,,,,,,,,,,,17,,,,,A12,,,1,,2,,,84,84,1,13,4,120.675231,24.154511,3
9936,66000,387130000C,(04)23274275,(04)23288582,2025,12,23,9,25,臺中市,北屯區,0,1,0,7,3,6,50,13,9,1,5,4,6,6,4,4,1,4,5,2,13,2,7,3,1,B03,7,9,1,8,1,1,,59,59,1,12,4,120.686596,24.197202,2