序號,縣市別代碼,機關代碼,市話,傳真,年,月,日,時,分,縣市,區,死亡數量,受傷數量,2-30,天候,道路照明設備,道路類別,道路速限,道路型態,事故位置,路面鋪裝,路面狀態,路面缺陷,障礙物,視距,號誌種類,號誌動作,分向設施,快車道或一般車道間,快慢車道間,路面邊線,事故類型及型態,受傷程度,主要傷處,保護裝備,行動電話或功能裝置,當事者區分(類別),車輛用途,當事者行動狀態,駕照狀態,駕照種類,飲酒情形,車輛撞擊部位最初,車輛撞擊部位其他,肇事因素個別,肇事因素主要,肇事逃逸,職業,共享經濟或外送平台,GPS座標X,GPS座標Y,事故類別
9937,66000,387130000C,(04)23274275,(04)23288582,2025,12,23,9,27,臺中市,西屯區,0,0,0,7,,,50,,,,,,,,,,,,,,12,,,,,B12,,,1,,2,,,40,40,1,13,4,120.640789,24.187099,3
9938,66000,387130000C,(04)23274275,(04)23288582,2025,12,23,9,28,臺中市,東區,0,0,0,7,,,50,,,,,,,,,,,,,,17,,,,,B03,,,1,,1,,,85,85,1,12,4,120.706511,24.129577,3
9939,66000,387130000C,(04)23274275,(04)23288582,2025,12,23,9,29,臺中市,東區,0,0,0,7,,,50,,,,,,,,,,,,,,,,,,,B03,,,1,,2,,,84,84,1,12,4,120.692339,24.14897,3
9940,66000,387130000C,(04)23274275,(04)23288582,2025,12,23,9,30,臺中市,北屯區,0,1,0,7,3,6,80,13,7,1,5,4,6,6,4,4,1,4,5,1,13,3,10,3,1,B03,7,9,1,8,2,1,,7,7,1,6,4,120.694178,24.201125,2
9941,66000,387130000C,(04)23274275,(04)23288582,2025,12,23,9,30,臺中市,霧峰區,0,0,0,7,,,50,,,,,,,,,,,,,,17,,,,,B02,,,1,,2,,,84,84,1,12,4,120.698475,24.063975,3
9942,66000,387130000C,(04)23274275,(04)23288582,2025,12,23,9,31,臺中市,潭子區,0,1,0,7,3,6,60,13,8,1,5,4,6,6,4,4,1,4,4,1,17,3,10,3,1,B03,7,1,1,8,2,16,,85,85,1,13,4,120.686608,24.210971,2
9943,66000,387130000C,(04)23274275,(04)23288582,2025,12,23,9,33,臺中市,沙鹿區,0,2,0,7,2,6,50,3,1,1,5,4,6,6,4,4,10,5,5,2,16,2,8,2,1,C03,7,6,1,9,2,11,,48,48,1,6,4,120.577776,24.20888,2
9944,66000,387130000C,(04)23274275,(04)23288582,2025,12,23,9,35,臺中市,北屯區,0,1,0,7,2,3,80,13,9,1,5,4,6,6,4,4,1,4,5,2,13,3,10,3,1,B12,7,9,1,8,2,1,,7,7,1,6,4,120.679736,24.200961,2
9945,66000,387130000C,(04)23274275,(04)23288582,2025,12,23,9,36,臺中市,西區,0,0,0,7,,,50,,,,,,,,,,,,,,13,,,,,C03,,,1,,1,,,59,59,1,13,4,120.662076,24.16324,3
9946,66000,387130000C,(04)23274275,(04)23288582,2025,12,23,9,38,臺中市,大里區,0,0,0,7,,,,,,,,,,,,,,,,,30,,,,,,,,,,,,,119,119,1,,,120.689868,24.090677,3
9947,66000,387130000C,(04)23274275,(04)23288582,2025,12,23,9,43,臺中市,北區,0,1,0,7,2,6,50,4,4,1,5,4,6,6,2,1,5,4,5,2,13,3,10,3,1,B12,7,9,1,8,2,1,,84,84,1,13,4,120.663903,24.162139,2
9948,66000,387130000C,(04)23274275,(04)23288582,2025,12,23,9,45,臺中市,西區,0,0,0,7,,,50,,,,,,,,,,,,,,12,,,,,B03,,,1,,2,,,40,40,1,12,4,120.671951,24.146246,3
9949,66000,387130000C,(04)23274275,(04)23288582,2025,12,23,9,45,臺中市,西屯區,0,2,0,7,1,6,40,13,8,1,5,4,6,6,4,4,1,4,1,1,17,2,9,5,4,C03,7,9,1,10,2,11,,8,8,1,13,4,120.645959,24.16443,2
9950,66000,387130000C,(04)23274275,(04)23288582,2025,12,23,9,55,臺中市,大里區,0,1,0,7,2,6,50,4,2,1,5,4,6,6,1,1,9,4,4,2,17,3,10,6,1,F04,7,11,7,21,1,15,,59,59,1,12,4,120.716139,24.100364,2
9951,66000,387130000C,(04)23274275,(04)23288582,2025,12,23,9,56,臺中市,西屯區,0,2,0,7,2,6,50,3,1,1,5,4,6,6,1,1,10,5,5,2,13,2,8,2,4,C03,7,9,1,10,2,11,,59,59,1,12,4,120.655495,24.173977,2
9952,66000,387130000C,(04)23274275,(04)23288582,2025,12,23,9,58,臺中市,太平區,0,1,0,7,2,6,30,3,1,1,5,4,6,6,4,4,10,5,5,2,17,3,10,5,4,B03,7,6,1,8,2,1,,14,14,1,6,4,120.716747,24.12321,2
9953,66000,387130000C,(04)23274275,(04)23288582,2025,12,23,10,2,臺中市,東區,0,1,0,7,2,6,50,4,2,1,5,4,6,6,1,1,5,2,5,2,17,2,9,1,1,C03,7,11,1,10,2,12,,39,39,1,12,4,120.694722,24.147841,2
9954,66000,387130000C,(04)23274275,(04)23288582,2025,12,23,10,4,臺中市,西屯區,0,0,0,7,,,0,,,,,,,,,,,,,,17,,,,,C03,,,1,,2,,,84,84,1,13,4,120.661926,24.169941,3
9955,66000,387130000C,(04)23274275,(04)23288582,2025,12,23,10,4,臺中市,烏日區,0,1,0,7,2,6,40,11,9,1,5,4,6,6,4,4,10,5,5,1,11,3,10,3,1,B03,7,6,1,4,2,1,,59,59,1,6,4,120.587864,24.128415,2
9956,66000,387130000C,(04)23274275,(04)23288582,2025,12,23,10,6,臺中市,太平區,0,2,0,7,2,6,50,4,1,1,5,4,6,6,1,1,10,5,5,2,15,2,9,2,1,C03,7,9,1,10,2,11,,21,21,1,12,4,120.726751,24.124405,2
9957,66000,387130000C,(04)23274275,(04)23288582,2025,12,23,10,9,臺中市,南屯區,0,1,0,7,2,6,50,4,1,1,5,4,6,6,2,1,5,4,4,2,15,3,10,3,1,B03,7,9,1,8,2,2,,21,21,1,12,4,120.651389,24.153628,2
9958,66000,387130000C,(04)23274275,(04)23288582,2025,12,23,10,12,臺中市,北屯區,0,1,0,7,3,6,50,3,1,1,5,4,6,6,4,4,5,4,4,2,14,3,10,3,1,B12,7,2,1,8,2,7,,49,49,1,6,4,120.688896,24.19315,2
9959,66000,387130000C,(04)23274275,(04)23288582,2025,12,23,10,13,臺中市,太平區,0,0,0,7,,,50,,,,,,,,,,,,,,,,,,,B03,,,1,,2,,,59,59,1,12,4,120.700637,24.147709,3
9960,66000,387130000C,(04)23274275,(04)23288582,2025,12,23,10,22,臺中市,南區,0,1,0,7,2,6,50,13,9,1,5,4,6,6,4,4,1,4,5,2,13,3,10,3,1,B02,7,9,1,8,1,1,,84,84,1,13,4,120.670171,24.127461,2
9961,66000,387130000C,(04)23274275,(04)23288582,2025,12,23,10,26,臺中市,大甲區,0,1,0,7,2,6,50,4,1,1,5,4,6,6,1,1,10,5,5,2,16,3,10,3,1,B12,7,6,1,8,2,1,,20,20,1,6,4,120.622631,24.342402,2
9962,66000,387130000C,(04)23274275,(04)23288582,2025,12,23,10,28,臺中市,烏日區,0,0,0,7,,,30,,,,,,,,,,,,,,17,,,,,B12,,,1,,1,,,59,59,1,6,4,120.629586,24.099526,3
9963,66000,387130000C,(04)23274275,(04)23288582,2025,12,23,10,30,臺中市,太平區,0,1,0,7,2,6,40,13,8,1,5,4,6,6,4,4,5,4,4,1,17,3,10,5,4,B12,7,7,1,6,2,6,,40,40,1,6,4,120.728789,24.098586,2
9964,66000,387130000C,(04)23274275,(04)23288582,2025,12,23,10,32,臺中市,東區,0,0,0,7,,,50,,,,,,,,,,,,,,,,,,,C03,,,1,,2,,,84,84,1,12,4,120.68973,24.13796,4
9965,66000,387130000C,(04)23274275,(04)23288582,2025,12,23,10,32,臺中市,大安區,0,0,0,7,,3,50,,,,,,,,,,,,,,17,,,,,A21,,,1,,1,,,40,40,1,12,4,120.570468,24.337277,3
9966,66000,387130000C,(04)23274275,(04)23288582,2025,12,23,10,34,臺中市,沙鹿區,0,0,0,7,,,50,,,,,,,,,,,,,,14,,,,,B12,,,5,,2,,,49,49,1,6,4,120.563352,24.247771,3
9967,66000,387130000C,(04)23274275,(04)23288582,2025,12,23,10,35,臺中市,大甲區,0,1,0,7,2,6,50,4,9,1,5,4,6,6,4,4,6,3,5,1,11,3,10,3,1,B02,7,9,1,8,2,8,,20,20,1,12,4,120.621288,24.347173,2
9968,66000,387130000C,(04)23274275,(04)23288582,2025,12,23,10,37,臺中市,大里區,0,2,0,7,2,6,50,4,7,1,5,4,6,6,4,4,1,4,4,1,17,3,10,5,4,B03,7,5,1,8,2,6,,84,84,1,13,4,120.6921,24.091321,2
9969,66000,387130000C,(04)23274275,(04)23288582,2025,12,23,10,38,臺中市,大里區,0,2,0,7,2,6,50,3,1,1,5,4,6,6,4,4,1,3,4,1,17,2,9,1,1,C03,7,5,1,10,2,13,,14,14,1,6,4,120.683667,24.0976,2
9970,66000,387130000C,(04)23274275,(04)23288582,2025,12,23,10,40,臺中市,北屯區,0,0,0,7,,,50,,,,,,,,,,,,,,,,,,,B03,,,1,,1,,,15,15,1,13,4,120.662824,24.19934,3
9971,66000,387130000C,(04)23274275,(04)23288582,2025,12,23,10,40,臺中市,后里區,0,1,0,7,2,6,50,4,7,1,5,4,6,6,1,1,5,5,4,2,17,3,10,3,1,B12,7,9,1,8,2,5,,84,84,1,12,4,120.711812,24.304502,2
9972,66000,387130000C,(04)23274275,(04)23288582,2025,12,23,10,42,臺中市,北屯區,0,1,0,7,2,6,50,4,1,1,5,4,6,6,1,1,10,5,5,2,12,3,10,2,1,C03,7,6,1,10,1,14,,48,48,1,6,4,120.66149,24.187975,2
9973,66000,387130000C,(04)23274275,(04)23288582,2025,12,23,10,43,臺中市,南屯區,0,1,0,7,2,6,50,3,1,1,5,4,6,6,4,4,5,5,5,2,17,3,10,3,1,B03,7,6,1,8,2,8,,14,14,1,6,4,120.645331,24.153646,2
9974,66000,387130000C,(04)23274275,(04)23288582,2025,12,23,10,53,臺中市,神岡區,0,2,0,7,1,6,30,3,1,1,5,4,6,6,1,1,10,5,5,1,13,2,9,1,4,C03,7,9,1,10,2,14,,7,7,1,12,4,120.703445,24.262217,2
9975,66000,387130000C,(04)23274275,(04)23288582,2025,12,23,10,57,臺中市,北區,0,2,0,7,2,6,50,4,1,1,5,4,6,6,1,1,5,5,4,2,3,2,9,6,5,H04,8,16,7,21,2,17,,95,95,1,12,5,120.676473,24.15921,2
9976,66000,387130000C,(04)23274275,(04)23288582,2025,12,23,11,3,臺中市,大里區,0,0,0,7,2,6,50,3,1,1,5,4,6,6,1,1,10,5,5,2,17,3,10,3,1,B12,7,9,1,8,2,8,,84,84,1,12,4,120.709632,24.111179,3
9977,66000,387130000C,(04)23274275,(04)23288582,2025,12,23,11,3,臺中市,大肚區,0,1,0,7,2,6,50,13,9,1,5,4,6,6,4,4,9,5,5,1,13,2,9,2,1,C03,7,9,1,10,2,11,,84,84,1,6,4,120.57482,24.17107,2
9978,66000,387130000C,(04)23274275,(04)23288582,2025,12,23,11,6,臺中市,太平區,0,1,0,7,3,6,50,4,1,1,5,4,6,6,1,1,10,5,5,2,16,3,10,3,1,B12,7,5,1,7,2,5,,47,47,1,12,4,120.721256,24.151915,2
9979,66000,387130000C,(04)23274275,(04)23288582,2025,12,23,11,7,臺中市,北區,0,0,0,7,,,50,,,,,,,,,,,,,,17,,,,,C04,,,3,,2,,,40,40,1,13,4,120.673378,24.167073,3
9980,66000,387130000C,(04)23274275,(04)23288582,2025,12,23,11,8,臺中市,西屯區,0,0,0,7,,,50,,,,,,,,,,,,,,13,,,,,B03,,,1,,1,,,59,59,1,12,4,120.63647,24.183267,3
9981,66000,387130000C,(04)23274275,(04)23288582,2025,12,23,11,9,臺中市,北區,0,0,0,7,,,50,,,,,,,,,,,,,,13,,,,,C03,,,1,,1,,,7,7,1,13,4,120.670783,24.164787,3
9982,66000,387130000C,(04)23274275,(04)23288582,2025,12,23,11,10,臺中市,西屯區,0,1,0,7,2,6,50,13,9,1,5,4,6,6,4,4,5,5,5,2,13,2,9,2,1,C03,7,9,1,10,2,11,,7,7,1,13,4,120.636538,24.201676,2
9983,66000,387130000C,(04)23274275,(04)23288582,2025,12,23,11,10,臺中市,大里區,0,0,0,7,,,30,,,,,,,,,,,,,,,,,,,B03,,,1,,9,,,85,85,1,12,4,120.679583,24.109618,3
9984,66000,387130000C,(04)23274275,(04)23288582,2025,12,23,11,12,臺中市,神岡區,0,1,0,7,2,6,50,4,1,1,5,4,6,6,2,1,10,5,5,1,17,3,10,5,4,B03,7,5,1,8,2,6,,84,84,1,13,4,120.698858,24.235532,2
9985,66000,387130000C,(04)23274275,(04)23288582,2025,12,23,11,13,臺中市,太平區,0,1,0,7,2,6,40,13,9,1,5,4,6,6,4,4,5,5,4,2,17,2,9,2,1,C03,7,9,1,10,9,12,,84,84,2,12,4,120.717476,24.102734,2
9986,66000,387130000C,(04)23274275,(04)23288582,2025,12,23,11,17,臺中市,大里區,0,0,0,7,,,50,,,,,,,,,,,,,,17,,,,,C03,,,1,,1,,,84,84,1,6,4,120.700834,24.103061,3
9987,66000,387130000C,(04)23274275,(04)23288582,2025,12,23,11,20,臺中市,西區,0,0,0,7,,,50,,,,,,,,,,,,,,9,,,,,C03,,,1,,2,,,50,50,1,13,5,120.676286,24.138556,3
9988,66000,387130000C,(04)23274275,(04)23288582,2025,12,23,11,20,臺中市,豐原區,0,1,0,7,1,6,50,4,1,1,5,4,6,6,1,1,5,4,4,2,17,3,10,3,1,B03,7,9,1,8,2,2,,85,85,1,6,4,120.705766,24.252407,2
9989,66000,387130000C,(04)23274275,(04)23288582,2025,12,23,11,26,臺中市,沙鹿區,0,1,0,7,2,6,30,11,9,1,5,4,6,6,4,4,10,5,5,2,11,3,10,3,1,B03,7,9,1,8,2,4,,41,41,1,12,4,120.603476,24.240811,2
9990,66000,387130000C,(04)23274275,(04)23288582,2025,12,23,11,28,臺中市,東區,0,0,0,7,,,50,,,,,,,,,,,,,,,,,,,C03,,,1,,2,,,84,84,1,12,4,120.684071,24.133419,3
9991,66000,387130000C,(04)23274275,(04)23288582,2025,12,23,11,29,臺中市,西屯區,0,0,0,7,,,50,,,,,,,,,,,,,,14,,,,,B12,,,1,,2,,,49,49,1,13,4,120.637552,24.180654,3
9992,66000,387130000C,(04)23274275,(04)23288582,2025,12,23,11,30,臺中市,北屯區,0,0,0,7,,,50,,,,,,,,,,,,,,17,,,,,C03,,,1,,2,,,8,8,1,6,4,120.695475,24.174944,3
9993,66000,387130000C,(04)23274275,(04)23288582,2025,12,23,11,32,臺中市,西屯區,0,0,0,7,,,50,,,,,,,,,,,,,,13,,,,,B03,,,1,,1,,,7,7,1,12,4,120.613517,24.172724,3
9994,66000,387130000C,(04)23274275,(04)23288582,2025,12,23,11,36,臺中市,北區,0,0,0,7,,,50,,,,,,,,,,,,,,17,,,,,B03,,,1,,1,,,84,84,1,13,4,120.671639,24.173359,3
9995,66000,387130000C,(04)23274275,(04)23288582,2025,12,23,11,38,臺中市,霧峰區,0,0,0,7,,,40,,,,,,,,,,,,,,18,,,,,A12,,,1,,1,,,84,84,1,12,4,120.654425,24.082916,3
9996,66000,387130000C,(04)23274275,(04)23288582,2025,12,23,11,40,臺中市,北區,0,2,0,7,2,6,30,4,1,1,5,4,6,6,4,4,10,5,5,2,15,2,9,1,1,C03,7,9,1,10,2,12,,15,15,1,12,2,120.669808,24.156638,2
9997,66000,387130000C,(04)23274275,(04)23288582,2025,12,23,11,40,臺中市,神岡區,0,1,0,7,1,6,50,3,1,1,5,4,6,6,4,4,5,5,5,1,16,3,10,1,4,C03,7,5,1,10,2,12,,47,47,1,12,2,120.693244,24.237571,2
9998,66000,387130000C,(04)23274275,(04)23288582,2025,12,23,11,42,臺中市,大里區,0,2,0,7,2,6,50,13,9,1,5,4,6,6,1,1,5,4,5,1,17,2,9,1,1,C03,7,9,1,10,2,11,,7,7,1,12,4,120.687793,24.100134,2
9999,66000,387130000C,(04)23274275,(04)23288582,2025,12,23,11,46,臺中市,西屯區,0,1,0,7,2,6,0,13,21,4,5,4,6,6,4,4,10,5,5,2,9,3,10,5,4,B11,7,9,1,7,2,1,,59,59,1,12,4,120.653942,24.199351,2
10000,66000,387130000C,(04)23274275,(04)23288582,2025,12,23,11,46,臺中市,梧棲區,0,1,0,7,3,6,40,3,8,1,5,4,6,6,4,4,1,4,1,1,17,2,9,1,1,C03,7,9,1,10,1,16,,6,6,1,6,4,120.548856,24.245191,2
10001,66000,387130000C,(04)23274275,(04)23288582,2025,12,23,11,50,臺中市,北屯區,0,1,0,7,1,6,50,13,9,1,5,4,6,6,4,4,3,4,5,2,13,3,10,1,1,C03,7,9,1,10,2,11,,84,84,1,12,4,120.700685,24.17948,2
10002,66000,387130000C,(04)23274275,(04)23288582,2025,12,23,11,51,臺中市,大雅區,0,0,0,7,,,50,,,,,,,,,,,,,,,,,,,A11,,,1,,1,,,11,11,1,13,4,120.668289,24.218592,3
10003,66000,387130000C,(04)23274275,(04)23288582,2025,12,23,11,53,臺中市,南屯區,0,0,0,7,,,50,,,,,,,,,,,,,,17,,,,,B12,,,1,,2,,,59,59,1,12,4,120.625102,24.146972,3
10004,66000,387130000C,(04)23274275,(04)23288582,2025,12,23,11,58,臺中市,大雅區,0,2,0,7,3,6,50,4,1,1,5,4,6,6,1,1,10,5,5,2,17,2,9,2,1,C03,7,6,1,10,2,11,,48,48,1,12,4,120.646704,24.226083,2
10005,66000,387130000C,(04)23274275,(04)23288582,2025,12,23,11,58,臺中市,烏日區,0,0,0,7,2,6,60,13,14,1,5,4,6,6,4,4,1,4,4,1,17,3,10,5,4,C03,7,15,1,10,1,12,,78,78,1,6,4,120.638687,24.108145,3
10006,66000,387130000C,(04)23274275,(04)23288582,2025,12,23,11,59,臺中市,霧峰區,0,2,0,7,2,6,50,3,1,1,5,4,6,6,3,1,10,5,5,2,16,2,9,2,1,C03,7,6,1,10,2,14,,11,11,1,6,4,120.682242,24.065271,2
10007,66000,387130000C,(04)23274275,(04)23288582,2025,12,23,12,0,臺中市,北區,0,1,0,7,2,6,50,4,1,1,5,4,6,6,1,1,10,5,5,2,16,3,10,5,4,B03,7,5,1,8,2,6,,47,47,1,13,4,120.685419,24.166871,2
10008,66000,387130000C,(04)23274275,(04)23288582,2025,12,23,12,1,臺中市,大里區,0,0,0,7,,,50,,,,,,,,,,,,,,,,,,,B03,,,1,,2,,,59,59,1,12,4,120.677634,24.103678,3
10009,66000,387130000C,(04)23274275,(04)23288582,2025,12,23,12,3,臺中市,北屯區,0,1,0,7,2,6,50,4,2,1,5,4,6,6,2,1,10,5,5,2,12,3,10,2,1,C03,7,5,1,10,2,12,,47,47,1,6,4,120.678356,24.184126,2
10010,66000,387130000C,(04)23274275,(04)23288582,2025,12,23,12,3,臺中市,清水區,0,1,0,7,2,6,50,13,9,1,5,4,6,6,4,4,9,4,5,1,17,3,10,3,1,B12,7,3,1,8,2,4,,50,50,1,6,4,120.557789,24.263258,2
10011,66000,387130000C,(04)23274275,(04)23288582,2025,12,23,12,4,臺中市,南屯區,0,1,0,7,2,6,50,4,1,1,5,4,6,6,1,1,9,4,4,2,12,3,10,3,1,B03,7,6,1,8,2,2,,11,11,1,12,4,120.613078,24.140026,2
10012,66000,387130000C,(04)23274275,(04)23288582,2025,12,23,12,4,臺中市,西屯區,0,1,0,7,2,6,50,13,9,1,5,4,6,6,2,1,5,4,5,2,13,3,10,5,4,B03,7,9,1,8,2,1,,59,59,1,13,4,120.656079,24.196186,2
10013,66000,387130000C,(04)23274275,(04)23288582,2025,12,23,12,7,臺中市,南屯區,0,1,0,7,2,6,50,4,1,1,5,4,6,6,2,1,5,5,5,2,16,2,9,1,1,C03,7,9,1,10,2,11,,34,34,1,12,4,120.643902,24.138199,2
10014,66000,387130000C,(04)23274275,(04)23288582,2025,12,23,12,7,臺中市,西屯區,0,0,0,7,,,50,,,,,,,,,,,,,,12,,,,,B02,,,1,,1,,,84,84,2,12,4,120.637103,24.182862,3
10015,66000,387130000C,(04)23274275,(04)23288582,2025,12,23,12,8,臺中市,潭子區,0,2,0,7,3,6,50,4,7,1,5,4,6,6,4,4,5,5,4,2,13,2,8,2,1,C03,7,9,1,10,2,11,,85,85,1,13,4,120.709224,24.229856,2
10016,66000,387130000C,(04)23274275,(04)23288582,2025,12,23,12,8,臺中市,大里區,0,0,0,7,,,30,,,,,,,,,,,,,,17,,,,,B12,,,1,,2,,,77,77,1,6,4,120.704398,24.110586,3
10017,66000,387130000C,(04)23274275,(04)23288582,2025,12,23,12,9,臺中市,南屯區,0,2,0,6,2,6,50,4,1,1,5,4,6,6,2,1,1,5,5,2,13,2,9,1,1,C03,7,9,1,10,2,11,,7,7,1,6,4,120.640388,24.141553,2
10018,66000,387130000C,(04)23274275,(04)23288582,2025,12,23,12,10,臺中市,北屯區,0,0,0,7,,,50,,,,,,,,,,,,,,14,,,,,B03,,,1,,1,,,49,49,1,12,4,120.706459,24.181493,3
10019,66000,387130000C,(04)23274275,(04)23288582,2025,12,23,12,10,臺中市,西屯區,0,0,0,7,,,50,,,,,,,,,,,,,,14,,,,,B02,,,1,,1,,,49,49,1,12,4,120.621002,24.184991,3
10020,66000,387130000C,(04)23274275,(04)23288582,2025,12,23,12,14,臺中市,西屯區,0,1,0,7,2,6,50,13,8,1,5,4,6,6,4,4,1,4,4,2,13,3,10,2,1,C03,7,5,1,10,2,13,,42,42,1,13,4,120.644832,24.162346,2
10021,66000,387130000C,(04)23274275,(04)23288582,2025,12,23,12,16,臺中市,太平區,0,0,0,7,,,40,,,,,,,,,,,,,,,,,,,B03,,,1,,2,,,8,8,1,6,4,120.717141,24.151793,3
10022,66000,387130000C,(04)23274275,(04)23288582,2025,12,23,12,24,臺中市,太平區,0,1,0,7,3,6,40,13,8,1,5,4,6,6,4,4,5,5,4,1,13,2,8,1,1,C03,7,9,1,10,2,11,,7,7,1,12,4,120.729634,24.150327,2
10023,66000,387130000C,(04)23274275,(04)23288582,2025,12,23,12,26,臺中市,豐原區,0,0,0,7,,,50,,,,,,,,,,,,,,17,,,,,B12,,,1,,2,,,84,84,1,12,4,120.719514,24.24342,3
10024,66000,387130000C,(04)23274275,(04)23288582,2025,12,23,12,30,臺中市,東勢區,0,0,0,7,,,30,,,,,,,,,,,,,,30,,,,,B03,,,1,,1,,,87,87,1,13,4,120.839178,24.244497,3
10025,66000,387130000C,(04)23274275,(04)23288582,2025,12,23,12,35,臺中市,西屯區,0,0,0,7,,3,80,,,,,,,,,,,,,,13,,,,,B03,,,1,,1,,,84,84,1,13,4,120.629463,24.164129,3
10026,66000,387130000C,(04)23274275,(04)23288582,2025,12,23,12,36,臺中市,南屯區,0,0,0,7,2,6,50,4,1,1,5,4,6,6,1,1,9,4,4,2,12,,,,,B03,,,1,,1,,,51,51,1,12,4,120.633669,24.141488,3
10027,66000,387130000C,(04)23274275,(04)23288582,2025,12,23,12,40,臺中市,西屯區,0,0,0,7,,,50,,,,,,,,,,,,,,13,,,,,B03,,,1,,1,,,84,84,1,12,4,120.642421,24.159054,3
10028,66000,387130000C,(04)23274275,(04)23288582,2025,12,23,12,42,臺中市,大里區,0,1,0,7,2,6,50,13,9,1,5,4,6,6,4,4,5,4,5,1,17,3,10,1,1,C03,7,6,1,10,2,11,,39,39,1,12,4,120.683083,24.115171,2
10029,66000,387130000C,(04)23274275,(04)23288582,2025,12,23,12,43,臺中市,烏日區,0,0,0,7,,,40,,,,,,,,,,,,,,17,,,,,B12,,,1,,1,,,48,48,1,6,4,120.64039,24.116686,3
10030,66000,387130000C,(04)23274275,(04)23288582,2025,12,23,12,47,臺中市,北區,0,0,0,7,,,50,,,,,,,,,,,,,,17,,,,,A11,,,1,,2,,,84,84,1,13,4,120.668967,24.169203,3
10031,66000,387130000C,(04)23274275,(04)23288582,2025,12,23,12,48,臺中市,西屯區,0,0,0,7,,,,,,,,,,,,,,,,,35,,,,,,,,,,,,,85,85,1,,,120.657905,24.170417,3
10032,66000,387130000C,(04)23274275,(04)23288582,2025,12,23,12,50,臺中市,西區,0,0,0,7,,,50,,,,,,,,,,,,,,13,,,,,B03,,,1,,1,,,84,84,1,13,4,120.676893,24.139808,3
10033,66000,387130000C,(04)23274275,(04)23288582,2025,12,23,12,50,臺中市,北區,0,0,0,7,,,50,,,,,,,,,,,,,,17,,,,,B03,,,1,,1,,,84,84,1,13,4,120.68037,24.163313,3
10034,66000,387130000C,(04)23274275,(04)23288582,2025,12,23,12,52,臺中市,大里區,0,0,0,7,,,30,,,,,,,,,,,,,,,,,,,B03,,,1,,2,,,85,85,1,12,4,120.684562,24.110223,3
10035,66000,387130000C,(04)23274275,(04)23288582,2025,12,23,12,55,臺中市,大里區,0,2,0,7,2,6,50,13,7,1,5,4,6,6,4,4,5,5,4,2,17,3,10,3,1,B03,7,9,1,8,2,1,,7,7,1,12,4,120.677357,24.099234,2
10036,66000,387130000C,(04)23274275,(04)23288582,2025,12,23,12,56,臺中市,北屯區,0,1,0,7,3,6,50,4,1,1,5,4,6,6,2,1,10,5,5,2,17,3,10,2,1,C03,7,5,1,10,2,12,,42,42,1,6,4,120.700782,24.169999,2
10037,66000,387130000C,(04)23274275,(04)23288582,2025,12,23,13,0,臺中市,新社區,0,0,0,7,,,30,,,,,,,,,,,,,,11,,,,,B02,,,1,,1,,,84,84,1,13,4,120.841691,24.151102,3
10038,66000,387130000C,(04)23274275,(04)23288582,2025,12,23,13,3,臺中市,西屯區,0,0,0,7,,,50,,,,,,,,,,,,,,14,,,,,B03,,,1,,2,,,49,49,1,13,4,120.661258,24.171143,3
10039,66000,387130000C,(04)23274275,(04)23288582,2025,12,23,13,5,臺中市,潭子區,0,0,0,7,,,50,,,,,,,,,,,,,,,,,,,B12,,,5,,2,,,4,4,2,13,4,120.70342,24.200466,3
10040,66000,387130000C,(04)23274275,(04)23288582,2025,12,23,13,8,臺中市,大肚區,0,0,0,7,,,30,,,,,,,,,,,,,,,,,,,A11,,,1,,2,,,8,8,1,6,4,120.551914,24.13794,3
10041,66000,387130000C,(04)23274275,(04)23288582,2025,12,23,13,10,臺中市,烏日區,0,1,0,7,2,6,30,3,1,1,5,4,6,6,4,4,1,4,4,1,9,2,9,2,1,C03,7,9,1,10,1,11,,59,59,1,6,4,120.642819,24.109371,2
10042,66000,387130000C,(04)23274275,(04)23288582,2025,12,23,13,11,臺中市,豐原區,0,0,0,7,,,50,,,,,,,,,,,,,,13,,,,,A12,,,1,,1,,,88,88,1,12,4,120.759631,24.277026,3
10043,66000,387130000C,(04)23274275,(04)23288582,2025,12,23,13,14,臺中市,北屯區,0,1,0,7,3,6,30,3,1,1,5,4,6,6,4,4,10,5,5,2,16,3,10,3,1,B03,7,6,1,8,2,8,,48,48,1,7,4,120.726776,24.189855,2
10044,66000,387130000C,(04)23274275,(04)23288582,2025,12,23,13,14,臺中市,西屯區,0,1,0,7,2,6,50,3,1,1,5,4,6,6,4,4,10,5,5,2,16,2,9,2,1,C03,7,6,1,10,2,14,,13,13,1,12,4,120.615148,24.182358,2
10045,66000,387130000C,(04)23274275,(04)23288582,2025,12,23,13,14,臺中市,清水區,0,1,0,7,3,6,50,3,1,1,5,4,6,6,1,1,5,5,5,1,16,3,10,3,1,A12,7,6,1,7,2,8,,11,11,1,12,4,120.596677,24.30601,2
10046,66000,387130000C,(04)23274275,(04)23288582,2025,12,23,13,22,臺中市,西區,0,0,0,7,,,50,,,,,,,,,,,,,,17,,,,,B03,,,1,,9,,,49,49,2,12,4,120.659642,24.146661,3