序號,縣市別代碼,機關代碼,市話,傳真,年,月,日,時,分,縣市,區,死亡數量,受傷數量,2-30,天候,道路照明設備,道路類別,道路速限,道路型態,事故位置,路面鋪裝,路面狀態,路面缺陷,障礙物,視距,號誌種類,號誌動作,分向設施,快車道或一般車道間,快慢車道間,路面邊線,事故類型及型態,受傷程度,主要傷處,保護裝備,行動電話或功能裝置,當事者區分(類別),車輛用途,當事者行動狀態,駕照狀態,駕照種類,飲酒情形,車輛撞擊部位最初,車輛撞擊部位其他,肇事因素個別,肇事因素主要,肇事逃逸,職業,共享經濟或外送平台,GPS座標X,GPS座標Y,事故類別
10047,66000,387130000C,(04)23274275,(04)23288582,2025,12,23,13,30,臺中市,西屯區,0,1,0,7,2,6,50,4,1,1,5,4,6,6,1,1,8,4,5,1,17,2,9,5,4,C04,7,6,1,11,2,13,,36,36,1,13,4,120.655091,24.176112,2
10048,66000,387130000C,(04)23274275,(04)23288582,2025,12,23,13,35,臺中市,霧峰區,0,0,0,7,,6,30,,,,,,,,,,,,,,17,,,,,B12,,,1,8,1,,,84,84,1,13,4,120.71345,24.079569,3
10049,66000,387130000C,(04)23274275,(04)23288582,2025,12,23,13,37,臺中市,東區,0,0,0,7,,,50,,,,,,,,,,,,,,15,,,,,C03,,,1,,1,,,15,15,1,12,4,120.684078,24.133354,4
10050,66000,387130000C,(04)23274275,(04)23288582,2025,12,23,13,38,臺中市,西屯區,0,1,0,7,1,6,50,4,4,1,5,4,6,6,1,1,5,4,5,2,12,3,10,3,1,B03,7,9,1,8,2,2,,7,7,1,12,4,120.655319,24.164268,2
10051,66000,387130000C,(04)23274275,(04)23288582,2025,12,23,13,42,臺中市,西屯區,0,0,0,7,,,50,,,,,,,,,,,,,,13,,,,,B12,,,1,,1,,,59,59,1,12,4,120.615468,24.189164,3
10052,66000,387130000C,(04)23274275,(04)23288582,2025,12,23,13,48,臺中市,北屯區,0,0,0,7,,,50,,,,,,,,,,,,,,,,,,,B01,,,1,,1,,,49,49,1,13,4,120.716031,24.179955,3
10053,66000,387130000C,(04)23274275,(04)23288582,2025,12,23,13,50,臺中市,西區,0,0,0,7,,,40,,,,,,,,,,,,,,,,,,,C03,,,1,,1,,,7,7,1,13,4,120.661491,24.147766,3
10054,66000,387130000C,(04)23274275,(04)23288582,2025,12,23,13,57,臺中市,南屯區,0,2,0,7,2,6,50,4,1,1,5,4,6,6,2,1,9,4,1,2,17,2,9,1,1,C04,7,9,1,8,2,11,,21,21,1,12,4,120.623115,24.14959,2
10055,66000,387130000C,(04)23274275,(04)23288582,2025,12,23,14,0,臺中市,大甲區,0,1,0,7,2,6,50,13,9,1,5,4,6,6,4,4,6,3,5,1,27,2,9,1,1,C03,7,9,1,10,1,11,,8,8,1,12,4,120.612718,24.341078,2
10056,66000,387130000C,(04)23274275,(04)23288582,2025,12,23,14,4,臺中市,龍井區,0,1,0,7,2,6,60,4,1,1,5,4,6,6,1,1,1,3,5,2,21,2,9,3,1,B11,7,9,1,4,2,2,,93,93,1,6,4,120.539354,24.218967,2
10057,66000,387130000C,(04)23274275,(04)23288582,2025,12,23,14,13,臺中市,太平區,0,0,0,7,,,40,,,,,,,,,,,,,,,,,,,B12,,,1,,2,,,51,51,1,6,4,120.717245,24.105293,3
10058,66000,387130000C,(04)23274275,(04)23288582,2025,12,23,14,13,臺中市,豐原區,0,0,0,7,,,50,,,,,,,,,,,,,,17,,,,,F03,,,1,,2,,,20,20,1,13,4,120.718855,24.251802,4
10059,66000,387130000C,(04)23274275,(04)23288582,2025,12,23,14,15,臺中市,西區,0,0,0,7,,,50,,,,,,,,,,,,,,12,,,,,B03,,,1,,1,,,59,59,1,13,4,120.650593,24.145001,3
10060,66000,387130000C,(04)23274275,(04)23288582,2025,12,23,14,15,臺中市,南區,0,2,0,7,2,6,50,3,1,1,5,4,1,6,4,4,5,5,4,2,16,2,9,2,1,C03,7,5,1,10,2,11,,13,13,1,13,4,120.66224,24.122571,2
10061,66000,387130000C,(04)23274275,(04)23288582,2025,12,23,14,16,臺中市,潭子區,0,1,0,7,2,6,50,13,7,1,5,4,6,6,4,4,5,5,4,2,18,2,9,2,1,C03,7,9,1,10,2,16,,59,59,1,13,4,120.678892,24.205716,2
10062,66000,387130000C,(04)23274275,(04)23288582,2025,12,23,14,17,臺中市,大里區,0,0,0,7,,,50,,,,,,,,,,,,,,17,,,,,B03,,,1,,1,,,87,87,1,12,4,120.678808,24.114906,3
10063,66000,387130000C,(04)23274275,(04)23288582,2025,12,23,14,19,臺中市,北屯區,0,0,0,7,,,50,,,,,,,,,,,,,,12,,,,,B03,,,1,,1,,,59,59,1,12,4,120.68606,24.183265,3
10064,66000,387130000C,(04)23274275,(04)23288582,2025,12,23,14,23,臺中市,北區,0,1,0,7,2,6,30,4,2,1,5,4,6,6,4,4,10,5,5,2,11,2,9,2,1,C03,7,9,1,10,2,11,,58,58,1,13,4,120.700984,24.155104,2
10065,66000,387130000C,(04)23274275,(04)23288582,2025,12,23,14,24,臺中市,沙鹿區,0,0,0,7,,,30,,,,,,,,,,,,,,11,,,,,C03,,,1,,2,,,41,41,1,6,4,120.574561,24.25193,3
10066,66000,387130000C,(04)23274275,(04)23288582,2025,12,23,14,33,臺中市,大里區,0,0,0,6,,,30,,,,,,,,,,,,,,,,,,,B03,,,1,,2,,,49,49,1,12,4,120.677621,24.098046,3
10067,66000,387130000C,(04)23274275,(04)23288582,2025,12,23,14,40,臺中市,西屯區,0,0,0,7,,,50,,,,,,,,,,,,,,13,,,,,A11,,,5,,2,,,84,84,1,13,4,120.613418,24.172172,3
10068,66000,387130000C,(04)23274275,(04)23288582,2025,12,23,14,43,臺中市,西屯區,0,0,0,7,,,50,,,,,,,,,,,,,,12,,,,,B03,,,1,,1,,,40,40,1,12,4,120.64989,24.163143,3
10069,66000,387130000C,(04)23274275,(04)23288582,2025,12,23,14,44,臺中市,太平區,0,0,0,7,,,50,,,,,,,,,,,,,,,,,,,B01,,,1,,2,,,45,45,1,12,4,120.711726,24.141053,3
10070,66000,387130000C,(04)23274275,(04)23288582,2025,12,23,14,45,臺中市,西區,0,1,0,7,2,6,50,4,1,1,5,4,6,6,4,4,10,5,5,2,13,3,10,3,1,B03,7,6,1,8,2,1,,7,7,1,12,4,120.667808,24.144382,2
10071,66000,387130000C,(04)23274275,(04)23288582,2025,12,23,14,49,臺中市,太平區,0,0,0,7,,,30,,,,,,,,,,,,,,,,,,,G03,,,1,,2,,,49,49,1,6,4,120.729423,24.127754,3
10072,66000,387130000C,(04)23274275,(04)23288582,2025,12,23,14,50,臺中市,北屯區,0,1,0,7,3,6,50,4,1,1,5,4,6,6,4,4,10,5,5,2,16,3,10,3,1,B03,7,6,1,8,2,5,,14,14,1,12,4,120.673285,24.181465,2
10073,66000,387130000C,(04)23274275,(04)23288582,2025,12,23,14,54,臺中市,大里區,0,0,0,7,,,50,,,,,,,,,,,,,,17,,,,,B12,,,1,,2,,,8,8,1,12,4,120.671814,24.086882,3
10074,66000,387130000C,(04)23274275,(04)23288582,2025,12,23,14,57,臺中市,清水區,0,0,0,6,,,50,,,,,,,,,,,,,,,,,,,B01,,,1,,1,,,58,58,1,12,4,120.575283,24.278435,3
10075,66000,387130000C,(04)23274275,(04)23288582,2025,12,23,15,0,臺中市,西屯區,0,0,0,7,,,50,,,,,,,,,,,,,,13,,,,,B03,,,1,,1,,,59,59,1,12,4,120.602978,24.184734,3
10076,66000,387130000C,(04)23274275,(04)23288582,2025,12,23,15,0,臺中市,沙鹿區,0,0,0,7,,,50,,,,,,,,,,,,,,17,,,,,B12,,,1,,1,,,84,84,1,12,4,120.559136,24.238327,3
10077,66000,387130000C,(04)23274275,(04)23288582,2025,12,23,15,4,臺中市,北屯區,0,1,0,7,2,6,50,4,2,1,5,4,6,6,2,1,3,3,5,2,13,2,9,2,1,C03,7,9,1,10,2,11,14,7,7,1,13,4,120.721808,24.182057,2
10078,66000,387130000C,(04)23274275,(04)23288582,2025,12,23,15,4,臺中市,北屯區,0,1,0,7,2,6,40,4,1,1,5,4,6,6,2,1,10,5,5,2,18,2,9,2,1,C03,7,12,1,10,2,11,,59,59,1,12,4,120.677591,24.183441,2
10079,66000,387130000C,(04)23274275,(04)23288582,2025,12,23,15,9,臺中市,東勢區,0,1,0,7,2,6,30,13,9,2,5,4,6,6,4,4,10,5,5,2,18,2,9,5,4,C03,7,9,1,10,2,16,,59,59,1,13,4,120.857426,24.164169,2
10080,66000,387130000C,(04)23274275,(04)23288582,2025,12,23,15,10,臺中市,大肚區,0,0,0,7,,,30,,,,,,,,,,,,,,,,,,,B03,,,1,,1,,,50,50,1,6,4,120.571231,24.121163,3
10081,66000,387130000C,(04)23274275,(04)23288582,2025,12,23,15,10,臺中市,豐原區,0,1,0,7,1,6,50,13,9,1,5,4,6,6,4,4,10,5,5,2,26,,,,,,,,,,,,,115,115,1,,,120.720047,24.278354,2
10082,66000,387130000C,(04)23274275,(04)23288582,2025,12,23,15,11,臺中市,北屯區,0,0,0,7,,,40,,,,,,,,,,,,,,9,,,,,C03,,,1,10,1,,,7,7,1,12,4,120.669374,24.177434,3
10083,66000,387130000C,(04)23274275,(04)23288582,2025,12,23,15,12,臺中市,太平區,0,3,0,7,2,6,50,3,1,1,5,4,6,6,4,4,10,5,5,2,17,2,9,2,1,C03,7,6,1,10,2,14,,14,14,1,12,2,120.704744,24.154838,2
10084,66000,387130000C,(04)23274275,(04)23288582,2025,12,23,15,14,臺中市,北屯區,0,0,0,7,,,50,,,,,,,,,,,,,,13,,,,,B03,,,1,,1,,,59,59,1,6,4,120.713622,24.161051,3
10085,66000,387130000C,(04)23274275,(04)23288582,2025,12,23,15,14,臺中市,北屯區,0,0,0,7,,,50,,,,,,,,,,,,,,17,,,,,B03,,,1,,1,,,51,51,1,12,4,120.734103,24.176899,3
10086,66000,387130000C,(04)23274275,(04)23288582,2025,12,23,15,18,臺中市,豐原區,0,0,0,7,,,30,,,,,,,,,,,,,,17,,,,,B03,,,1,,2,,,8,8,1,12,4,120.752537,24.272489,3
10087,66000,387130000C,(04)23274275,(04)23288582,2025,12,23,15,28,臺中市,北區,0,0,0,7,,,50,,,,,,,,,,,,,,17,,,,,B03,,,1,,1,,,59,59,2,12,4,120.676394,24.150804,3
10088,66000,387130000C,(04)23274275,(04)23288582,2025,12,23,15,33,臺中市,西區,0,2,0,7,2,6,50,4,2,1,5,4,6,6,2,1,5,4,5,1,13,2,9,2,1,C03,7,9,1,10,2,11,,7,7,1,13,4,120.666711,24.141039,2
10089,66000,387130000C,(04)23274275,(04)23288582,2025,12,23,15,36,臺中市,西區,0,0,0,7,,,50,,,,,,,,,,,,,,17,,,,,B03,,,1,,2,,,8,8,1,12,4,120.660294,24.158257,3
10090,66000,387130000C,(04)23274275,(04)23288582,2025,12,23,15,36,臺中市,大里區,0,1,0,7,3,6,60,5,1,1,5,4,6,6,1,1,10,5,5,2,17,3,10,3,1,B03,7,6,1,8,2,5,,84,84,1,13,4,120.681204,24.104808,2
10091,66000,387130000C,(04)23274275,(04)23288582,2025,12,23,15,39,臺中市,北屯區,0,1,0,7,3,6,50,3,1,1,5,4,6,6,1,1,10,5,5,2,17,3,10,3,1,B03,7,6,1,8,1,1,,12,12,1,12,4,120.69032,24.17635,2
10092,66000,387130000C,(04)23274275,(04)23288582,2025,12,23,15,40,臺中市,南屯區,0,2,0,7,3,6,50,3,1,1,5,4,6,6,4,4,10,5,5,2,17,2,9,1,1,C04,7,9,1,11,2,14,,42,42,1,12,4,120.63308,24.152274,2
10093,66000,387130000C,(04)23274275,(04)23288582,2025,12,23,15,41,臺中市,北區,0,0,0,7,,,50,,,,,,,,,,,,,,12,,,,,B03,,,1,,1,,,84,84,2,12,4,120.686019,24.146356,3
10094,66000,387130000C,(04)23274275,(04)23288582,2025,12,23,15,44,臺中市,烏日區,0,0,0,7,,,50,,,,,,,,,,,,,,17,,,,,B01,,,1,,1,,,87,87,1,6,4,120.650393,24.110763,4
10095,66000,387130000C,(04)23274275,(04)23288582,2025,12,23,15,45,臺中市,西屯區,0,0,0,7,,,50,,,,,,,,,,,,,,13,,,,,B03,,,1,,1,,,59,59,1,12,4,120.637087,24.172495,3
10096,66000,387130000C,(04)23274275,(04)23288582,2025,12,23,15,47,臺中市,后里區,0,1,0,7,2,6,30,3,2,1,5,4,6,6,4,4,10,5,5,2,24,2,9,1,1,C03,7,9,1,10,2,14,,59,59,1,12,4,120.726947,24.312691,2
10097,66000,387130000C,(04)23274275,(04)23288582,2025,12,23,15,49,臺中市,北屯區,0,1,0,7,2,6,30,3,1,1,5,4,6,6,4,4,10,5,5,2,16,3,10,1,1,C03,7,6,1,10,2,11,,14,14,1,12,4,120.696765,24.164154,2
10098,66000,387130000C,(04)23274275,(04)23288582,2025,12,23,15,50,臺中市,東區,0,2,0,7,3,6,50,4,9,1,5,4,6,6,4,4,5,5,5,2,16,2,9,5,4,C03,7,6,1,10,2,12,,20,20,1,6,4,120.684558,24.132331,2
10099,66000,387130000C,(04)23274275,(04)23288582,2025,12,23,16,0,臺中市,潭子區,0,1,0,7,3,6,30,4,1,1,5,4,6,6,4,4,10,5,5,2,17,2,9,2,1,F01,7,5,7,21,9,12,,84,84,1,13,4,120.677632,24.203622,2
10100,66000,387130000C,(04)23274275,(04)23288582,2025,12,23,16,0,臺中市,北屯區,0,0,0,7,,3,80,,,,,,,,,,,,,,13,,,,,B03,,,1,,1,,,7,7,1,13,4,120.678587,24.200942,3
10101,66000,387130000C,(04)23274275,(04)23288582,2025,12,23,16,0,臺中市,后里區,0,1,0,7,2,6,60,4,9,1,5,4,6,6,1,1,1,2,5,1,13,3,10,3,1,B03,7,9,1,8,2,1,,84,84,1,12,4,120.717398,24.321883,2
10102,66000,387130000C,(04)23274275,(04)23288582,2025,12,23,16,1,臺中市,南區,0,1,0,7,2,6,50,13,9,1,5,4,6,6,4,4,5,5,5,2,13,2,7,1,1,C03,7,9,1,10,2,11,,84,84,1,12,4,120.659126,24.130408,2
10103,66000,387130000C,(04)23274275,(04)23288582,2025,12,23,16,2,臺中市,大里區,0,2,0,7,2,6,30,4,1,1,5,4,6,6,1,1,10,5,5,2,13,2,8,1,1,C03,7,9,1,10,2,12,,7,7,1,5,4,120.702369,24.097533,2
10104,66000,387130000C,(04)23274275,(04)23288582,2025,12,23,16,5,臺中市,北屯區,0,0,0,7,,,50,,,,,,,,,,,,,,9,,,,,B03,,,1,8,1,,,49,49,1,12,4,120.704597,24.171323,3
10105,66000,387130000C,(04)23274275,(04)23288582,2025,12,23,16,10,臺中市,東勢區,0,0,0,7,,,50,,,,,,,,,,,,,,17,,,,,B03,,,1,,1,,,13,13,1,13,4,120.82275,24.261143,3
10106,66000,387130000C,(04)23274275,(04)23288582,2025,12,23,16,14,臺中市,沙鹿區,0,0,0,7,,,60,,,,,,,,,,,,,,13,,,,,B03,,,1,,1,,,84,84,1,6,4,120.562231,24.240145,3
10107,66000,387130000C,(04)23274275,(04)23288582,2025,12,23,16,15,臺中市,南屯區,0,0,0,7,,,50,,,,,,,,,,,,,,12,,,,,C03,,,1,,2,,,59,59,1,12,4,120.636844,24.15128,3
10108,66000,387130000C,(04)23274275,(04)23288582,2025,12,23,16,20,臺中市,西區,0,1,0,7,2,6,50,4,1,1,5,4,6,6,1,1,10,5,5,2,18,2,9,2,1,C03,7,9,1,10,2,12,,84,84,1,12,4,120.67122,24.14549,2
10109,66000,387130000C,(04)23274275,(04)23288582,2025,12,23,16,21,臺中市,西屯區,0,1,0,7,2,6,50,4,1,1,5,4,6,6,1,1,10,5,5,2,16,3,10,3,1,B03,7,6,1,8,1,5,,11,11,1,13,4,120.651133,24.1669,2
10110,66000,387130000C,(04)23274275,(04)23288582,2025,12,23,16,22,臺中市,西屯區,0,0,0,7,,,50,,,,,,,,,,,,,,13,,,,,A11,,,1,,1,,,59,59,1,12,4,120.648282,24.196835,3
10111,66000,387130000C,(04)23274275,(04)23288582,2025,12,23,16,22,臺中市,太平區,0,1,0,7,3,6,50,4,1,1,5,4,6,6,2,1,10,5,5,2,16,2,8,1,1,C03,7,6,1,10,2,11,,48,48,1,12,4,120.720557,24.159051,2
10112,66000,387130000C,(04)23274275,(04)23288582,2025,12,23,16,23,臺中市,大里區,0,0,0,7,,,50,,,,,,,,,,,,,,17,,,,,B03,,,1,,2,,,59,59,1,12,4,120.712692,24.103333,3
10113,66000,387130000C,(04)23274275,(04)23288582,2025,12,23,16,23,臺中市,沙鹿區,0,1,0,7,2,6,60,13,8,1,5,4,6,6,4,4,3,3,3,1,18,2,9,5,4,C03,7,9,1,10,2,14,,84,84,1,13,4,120.55832,24.210846,2
10114,66000,387130000C,(04)23274275,(04)23288582,2025,12,23,16,24,臺中市,北屯區,0,0,0,7,,,50,,,,,,,,,,,,,,14,,,,,B12,,,1,,1,,,49,49,1,12,4,120.715302,24.175169,3
10115,66000,387130000C,(04)23274275,(04)23288582,2025,12,23,16,24,臺中市,西屯區,0,2,0,7,2,6,50,4,1,1,5,4,6,6,1,1,10,5,5,2,15,2,9,5,4,C03,7,9,1,10,2,11,12,21,21,1,12,4,120.653436,24.195321,2
10116,66000,387130000C,(04)23274275,(04)23288582,2025,12,23,16,25,臺中市,南屯區,0,1,0,6,2,6,40,13,8,1,5,4,6,6,4,4,9,4,4,2,12,2,9,1,1,C03,7,9,1,10,2,12,,59,59,1,12,4,120.628928,24.145016,2
10117,66000,387130000C,(04)23274275,(04)23288582,2025,12,23,16,34,臺中市,豐原區,0,0,0,7,,,50,,,,,,,,,,,,,,12,,,,,B03,,,1,8,2,,,34,34,1,13,4,120.717582,24.24821,3
10118,66000,387130000C,(04)23274275,(04)23288582,2025,12,23,16,38,臺中市,西屯區,0,1,0,7,2,6,50,13,9,1,5,4,6,6,4,4,1,4,5,2,13,2,9,5,4,C03,7,9,1,10,2,11,,7,7,1,13,4,120.594939,24.190675,2
10119,66000,387130000C,(04)23274275,(04)23288582,2025,12,23,16,40,臺中市,新社區,0,1,0,7,2,6,50,13,7,1,5,4,6,6,4,4,5,4,4,2,11,3,10,5,4,C03,7,6,1,10,2,12,,39,39,1,13,4,120.807314,24.239545,2
10120,66000,387130000C,(04)23274275,(04)23288582,2025,12,23,16,42,臺中市,西屯區,0,0,0,7,,,50,,,,,,,,,,,,,,14,,,,,B03,,,1,,2,,,49,49,1,12,4,120.621981,24.180495,3
10121,66000,387130000C,(04)23274275,(04)23288582,2025,12,23,16,45,臺中市,西區,0,1,0,7,3,6,50,4,1,1,5,4,6,6,1,1,10,5,5,2,30,2,8,1,1,C03,7,6,1,10,9,16,,84,84,1,12,4,120.66656,24.146703,2
10122,66000,387130000C,(04)23274275,(04)23288582,2025,12,23,16,55,臺中市,南屯區,0,2,0,7,3,6,50,13,9,1,5,4,6,6,4,4,9,5,5,2,13,2,9,1,1,C03,7,9,1,10,2,11,,7,7,1,12,4,120.643931,24.131448,2
10123,66000,387130000C,(04)23274275,(04)23288582,2025,12,23,16,59,臺中市,北屯區,0,0,0,7,,3,80,,,,,,,,,,,,,,13,,,,,C02,,,1,,2,,,7,7,1,6,4,120.701285,24.201544,3
10124,66000,387130000C,(04)23274275,(04)23288582,2025,12,23,16,59,臺中市,豐原區,0,1,0,7,2,6,50,13,9,1,5,4,6,6,4,4,1,4,5,2,13,2,9,2,1,C03,7,9,1,10,2,14,,58,58,1,13,4,120.706876,24.250136,2
10125,66000,387130000C,(04)23274275,(04)23288582,2025,12,23,17,0,臺中市,北屯區,0,1,0,7,3,6,50,4,1,1,5,4,6,6,1,1,10,5,5,2,17,3,10,3,1,B12,7,9,1,8,2,1,,59,59,1,12,4,120.690448,24.173976,2
10126,66000,387130000C,(04)23274275,(04)23288582,2025,12,23,17,1,臺中市,東區,0,0,0,7,,,50,,,,,,,,,,,,,,,,,,,B03,,,1,,1,,,84,84,1,12,4,120.691596,24.133621,3
10127,66000,387130000C,(04)23274275,(04)23288582,2025,12,23,17,1,臺中市,后里區,0,1,0,7,2,6,30,5,2,1,5,4,6,6,4,4,10,5,5,2,11,2,9,1,1,C03,7,5,1,10,2,14,,59,59,1,12,4,120.677347,24.313201,2
10128,66000,387130000C,(04)23274275,(04)23288582,2025,12,23,17,3,臺中市,西屯區,0,0,0,7,,,50,,,,,,,,,,,,,,13,,,,,B03,,,1,,1,,,7,7,1,12,4,120.65785,24.184851,3
10129,66000,387130000C,(04)23274275,(04)23288582,2025,12,23,17,5,臺中市,西區,0,0,0,7,,,,,,,,,,,,,,,,,,,,,,,,,,,,,,119,119,1,,,120.657467,24.144753,3
10130,66000,387130000C,(04)23274275,(04)23288582,2025,12,23,17,9,臺中市,北屯區,0,1,0,7,2,6,50,3,2,1,5,4,6,6,3,1,4,3,4,2,13,3,10,2,1,C03,7,9,1,10,1,11,,7,7,1,13,4,120.707586,24.173565,2
10131,66000,387130000C,(04)23274275,(04)23288582,2025,12,23,17,9,臺中市,西屯區,0,0,0,7,,,40,,,,,,,,,,,,,,13,,,,,B03,,,1,,1,,,59,59,1,13,4,120.655912,24.200007,3
10132,66000,387130000C,(04)23274275,(04)23288582,2025,12,23,17,11,臺中市,大雅區,0,1,0,7,1,6,50,3,19,1,5,4,6,6,1,1,10,5,5,2,3,3,10,3,1,B03,7,9,1,8,2,2,,10,10,1,12,4,120.650771,24.216423,2
10133,66000,387130000C,(04)23274275,(04)23288582,2025,12,23,17,14,臺中市,沙鹿區,0,1,0,7,1,6,40,13,9,1,5,4,6,6,4,4,1,4,5,1,13,2,9,1,1,C03,7,9,1,10,2,11,,7,7,1,5,4,120.597851,24.251575,2
10134,66000,387130000C,(04)23274275,(04)23288582,2025,12,23,17,14,臺中市,大甲區,0,1,0,7,1,6,40,13,9,1,5,4,6,6,4,4,6,3,5,1,1,3,10,3,1,B03,7,9,1,8,2,5,,84,84,1,12,4,120.625424,24.41912,2
10135,66000,387130000C,(04)23274275,(04)23288582,2025,12,23,17,17,臺中市,烏日區,0,1,0,7,2,6,50,13,9,1,5,4,6,6,4,4,5,4,5,1,12,3,10,3,1,B03,7,9,1,8,2,1,,59,59,1,6,4,120.638195,24.096678,2
10136,66000,387130000C,(04)23274275,(04)23288582,2025,12,23,17,22,臺中市,南屯區,0,0,0,7,,,50,,,,,,,,,,,,,,,,,,,B03,,,1,,1,,,59,59,1,13,4,120.59755,24.154866,3
10137,66000,387130000C,(04)23274275,(04)23288582,2025,12,23,17,25,臺中市,北屯區,0,1,0,7,1,6,50,3,1,1,5,4,6,6,1,1,10,5,5,2,13,3,10,5,4,C03,7,9,1,10,2,11,,84,84,1,12,4,120.697047,24.169516,2
10138,66000,387130000C,(04)23274275,(04)23288582,2025,12,23,17,27,臺中市,北屯區,0,0,0,7,,,50,,,,,,,,,,,,,,13,,,,,B03,,,1,,1,,,7,7,1,12,4,120.685965,24.181479,3
10139,66000,387130000C,(04)23274275,(04)23288582,2025,12,23,17,28,臺中市,北屯區,0,0,0,7,,,50,,,,,,,,,,,,,,13,,,,,B12,,,1,,2,,,7,7,1,6,4,120.720464,24.162869,3
10140,66000,387130000C,(04)23274275,(04)23288582,2025,12,23,17,28,臺中市,烏日區,0,1,0,7,1,6,30,3,2,1,5,4,6,6,1,1,5,4,5,2,13,3,10,3,1,B03,7,9,1,8,2,1,,7,7,1,6,4,120.616227,24.110292,2
10141,66000,387130000C,(04)23274275,(04)23288582,2025,12,23,17,28,臺中市,東勢區,0,0,0,7,,,50,,,,,,,,,,,,,,11,,,,,B03,,,1,,1,,,34,34,1,13,4,120.839439,24.206962,3
10142,66000,387130000C,(04)23274275,(04)23288582,2025,12,23,17,30,臺中市,西屯區,0,1,0,7,1,6,50,4,1,1,5,4,6,6,1,1,10,5,5,2,15,3,10,5,4,B03,7,9,1,8,2,5,,21,21,1,12,4,120.643006,24.177029,2
10143,66000,387130000C,(04)23274275,(04)23288582,2025,12,23,17,30,臺中市,大肚區,0,0,0,7,,,50,,,,,,,,,,,,,,16,,,,,B03,,,1,,2,,,14,14,1,6,4,120.572651,24.155938,3
10144,66000,387130000C,(04)23274275,(04)23288582,2025,12,23,17,30,臺中市,神岡區,0,2,0,7,2,6,50,3,1,1,5,4,6,6,4,4,10,5,5,2,17,3,10,5,4,B03,7,1,1,8,2,6,,51,51,1,12,4,120.683144,24.24792,2
10145,66000,387130000C,(04)23274275,(04)23288582,2025,12,23,17,35,臺中市,后里區,0,1,0,7,1,6,50,13,9,1,5,4,6,6,4,4,9,5,5,1,12,2,7,2,1,C03,7,9,1,10,2,14,,84,84,1,12,4,120.687207,24.314813,2
10146,66000,387130000C,(04)23274275,(04)23288582,2025,12,23,17,37,臺中市,北區,0,0,0,7,,,50,,,,,,,,,,,,,,13,,,,,B03,,,1,,1,,,84,84,1,13,4,120.688879,24.153524,3
10147,66000,387130000C,(04)23274275,(04)23288582,2025,12,23,17,37,臺中市,大里區,0,1,0,7,1,6,50,5,1,1,5,4,6,6,1,1,10,5,5,2,16,2,9,5,4,C03,7,6,1,10,2,12,,11,11,1,12,4,120.691628,24.073952,2
10148,66000,387130000C,(04)23274275,(04)23288582,2025,12,23,17,37,臺中市,東勢區,0,0,0,7,,,60,,,,,,,,,,,,,,12,,,,,A06,,,1,,9,,,51,51,1,13,4,120.829714,24.249207,3
10149,66000,387130000C,(04)23274275,(04)23288582,2025,12,23,17,38,臺中市,沙鹿區,0,0,0,7,,,60,,,,,,,,,,,,,,,,,,,B03,,,1,,2,,,82,82,1,12,4,120.596851,24.250007,3
10150,66000,387130000C,(04)23274275,(04)23288582,2025,12,23,17,40,臺中市,西區,0,0,0,7,,,50,,,,,,,,,,,,,,15,,,,,C03,,,1,,2,,,15,15,1,13,4,120.668896,24.147853,3
10151,66000,387130000C,(04)23274275,(04)23288582,2025,12,23,17,40,臺中市,西屯區,0,1,0,7,1,6,50,3,1,1,5,4,6,6,4,4,1,5,5,2,12,3,10,3,4,B03,7,7,1,8,1,5,,40,40,1,13,4,120.649023,24.161552,2
10152,66000,387130000C,(04)23274275,(04)23288582,2025,12,23,17,41,臺中市,西屯區,0,0,0,7,,,50,,,,,,,,,,,,,,13,,,,,B03,,,1,,1,,,84,84,1,13,4,120.621045,24.186828,3
10153,66000,387130000C,(04)23274275,(04)23288582,2025,12,23,17,43,臺中市,豐原區,0,1,0,7,1,6,50,11,14,1,5,4,6,6,4,4,1,4,4,1,17,2,7,5,4,C03,7,9,1,10,2,12,,59,59,1,12,4,120.701171,24.237208,2
10154,66000,387130000C,(04)23274275,(04)23288582,2025,12,23,17,44,臺中市,后里區,0,1,0,7,1,6,50,13,9,1,5,4,6,6,4,4,5,5,5,1,16,3,10,3,1,B03,7,11,1,8,2,16,,46,46,1,12,4,120.720856,24.306292,2
10155,66000,387130000C,(04)23274275,(04)23288582,2025,12,23,17,45,臺中市,北屯區,0,2,0,7,3,6,50,4,1,1,5,4,6,6,1,1,10,5,5,2,17,2,9,1,1,C03,7,11,1,10,2,12,,45,45,1,12,4,120.702967,24.178229,2
10156,66000,387130000C,(04)23274275,(04)23288582,2025,12,23,17,45,臺中市,梧棲區,0,0,0,7,,,70,,,,,,,,,,,,,,13,,,,,B03,,,1,,1,,,7,7,1,6,4,120.518209,24.23863,3
10157,66000,387130000C,(04)23274275,(04)23288582,2025,12,23,17,48,臺中市,豐原區,0,1,0,7,1,6,50,3,1,1,5,4,6,6,1,1,5,5,5,2,16,2,9,1,4,C03,7,6,5,10,2,12,,84,84,1,12,4,120.720102,24.262181,2