序號,縣市別代碼,機關代碼,市話,傳真,年,月,日,時,分,縣市,區,死亡數量,受傷數量,2-30,天候,道路照明設備,道路類別,道路速限,道路型態,事故位置,路面鋪裝,路面狀態,路面缺陷,障礙物,視距,號誌種類,號誌動作,分向設施,快車道或一般車道間,快慢車道間,路面邊線,事故類型及型態,受傷程度,主要傷處,保護裝備,行動電話或功能裝置,當事者區分(類別),車輛用途,當事者行動狀態,駕照狀態,駕照種類,飲酒情形,車輛撞擊部位最初,車輛撞擊部位其他,肇事因素個別,肇事因素主要,肇事逃逸,職業,共享經濟或外送平台,GPS座標X,GPS座標Y,事故類別
10158,66000,387130000C,(04)23274275,(04)23288582,2025,12,23,17,49,臺中市,豐原區,0,0,0,7,,,50,,,,,,,,,,,,,,13,,,,,A11,,,1,,1,,,58,58,1,13,4,120.728254,24.276028,3
10159,66000,387130000C,(04)23274275,(04)23288582,2025,12,23,17,50,臺中市,西屯區,0,2,0,7,1,6,50,4,1,1,5,4,6,6,4,4,10,5,5,2,16,2,9,1,1,C03,7,6,1,10,2,12,,14,14,1,12,4,120.601239,24.174603,2
10160,66000,387130000C,(04)23274275,(04)23288582,2025,12,23,17,51,臺中市,東區,0,2,0,7,2,6,40,13,7,1,5,4,6,6,4,4,9,4,4,2,17,2,8,2,1,C03,7,1,1,10,2,13,12,51,51,1,12,4,120.703207,24.138567,2
10161,66000,387130000C,(04)23274275,(04)23288582,2025,12,23,17,52,臺中市,南區,0,0,0,7,,,50,,,,,,,,,,,,,,,,,,,C03,,,1,,2,,,7,7,1,6,4,120.679344,24.124062,3
10162,66000,387130000C,(04)23274275,(04)23288582,2025,12,23,17,53,臺中市,西屯區,0,1,0,7,1,6,50,4,1,1,5,4,6,6,1,1,10,5,5,2,13,2,9,1,1,C03,7,9,1,10,2,14,,59,59,1,13,4,120.624978,24.19611,2
10163,66000,387130000C,(04)23274275,(04)23288582,2025,12,23,17,55,臺中市,北屯區,0,1,0,7,3,6,40,3,2,1,5,4,6,6,2,1,10,5,5,2,17,3,10,3,1,B03,7,5,1,8,2,5,,85,85,1,6,4,120.728952,24.160995,2
10164,66000,387130000C,(04)23274275,(04)23288582,2025,12,23,17,55,臺中市,龍井區,0,2,0,7,1,6,50,4,1,1,5,4,6,6,4,4,10,5,5,2,15,2,8,2,1,F01,7,9,7,21,2,11,,15,15,1,13,4,120.524097,24.192968,2
10165,66000,387130000C,(04)23274275,(04)23288582,2025,12,23,17,55,臺中市,沙鹿區,0,0,0,6,,,50,,,,,,,,,,,,,,,,,,,C03,,,1,,2,,,84,84,1,13,4,120.565651,24.233607,3
10166,66000,387130000C,(04)23274275,(04)23288582,2025,12,23,17,57,臺中市,南屯區,0,0,0,7,,3,80,,,,,,,,,,,,,,13,,,,,B03,,,1,,1,,,7,7,1,13,4,120.624815,24.155316,3
10167,66000,387130000C,(04)23274275,(04)23288582,2025,12,23,17,57,臺中市,西屯區,1,0,0,7,1,6,40,13,9,1,5,4,6,6,4,4,10,4,5,2,17,1,9,2,1,C03,7,1,1,10,9,11,14,51,51,1,12,4,120.659103,24.200417,1
10168,66000,387130000C,(04)23274275,(04)23288582,2025,12,23,17,58,臺中市,東區,0,1,0,7,1,6,50,4,1,1,5,4,6,6,2,1,10,5,5,2,17,2,9,1,1,C03,7,9,1,10,2,13,,42,42,1,12,4,120.683234,24.134417,2
10169,66000,387130000C,(04)23274275,(04)23288582,2025,12,23,17,58,臺中市,南屯區,0,0,0,7,,,50,,,,,,,,,,,,,,13,,,,,B03,,,1,,1,,,7,7,1,6,4,120.622811,24.140534,3
10170,66000,387130000C,(04)23274275,(04)23288582,2025,12,23,17,59,臺中市,大里區,0,1,0,7,3,6,30,13,9,1,5,4,6,6,4,4,10,5,5,1,9,3,10,3,1,B01,7,9,1,8,2,2,,84,84,1,12,4,120.708428,24.090506,2
10171,66000,387130000C,(04)23274275,(04)23288582,2025,12,23,18,0,臺中市,北區,0,0,0,7,,,50,,,,,,,,,,,,,,,,,,,B03,,,1,,2,,,51,51,1,13,4,120.68295,24.162942,3
10172,66000,387130000C,(04)23274275,(04)23288582,2025,12,23,18,1,臺中市,西屯區,0,0,0,7,,,50,,,,,,,,,,,,,,17,,,,,B03,,,1,,1,,,84,84,1,13,4,120.619115,24.181337,3
10173,66000,387130000C,(04)23274275,(04)23288582,2025,12,23,18,1,臺中市,龍井區,0,0,0,7,,,60,,,,,,,,,,,,,,,,,,,B03,,,1,,2,,,84,84,1,6,4,120.537642,24.199901,3
10174,66000,387130000C,(04)23274275,(04)23288582,2025,12,23,18,3,臺中市,北區,0,1,0,7,1,6,50,4,1,1,5,4,6,6,1,1,10,5,5,2,16,2,9,1,1,C03,7,5,1,10,2,12,,20,20,1,12,4,120.667117,24.171648,2
10175,66000,387130000C,(04)23274275,(04)23288582,2025,12,23,18,4,臺中市,南屯區,0,0,0,7,,,50,,,,,,,,,,,,,,13,,,,,C03,,,1,,1,,,7,7,1,12,4,120.64163,24.146875,3
10176,66000,387130000C,(04)23274275,(04)23288582,2025,12,23,18,5,臺中市,東區,0,0,0,7,,,50,,,,,,,,,,,,,,,,,,,C03,,,1,,2,,,7,7,1,12,4,120.70134,24.132063,3
10177,66000,387130000C,(04)23274275,(04)23288582,2025,12,23,18,11,臺中市,西區,0,0,0,6,,,50,,,,,,,,,,,,,,,,,,,B03,,,1,,2,,,7,7,1,13,4,120.657894,24.146943,3
10178,66000,387130000C,(04)23274275,(04)23288582,2025,12,23,18,12,臺中市,大里區,0,1,0,7,1,6,50,4,2,1,5,4,6,6,1,1,4,3,4,1,17,2,9,2,1,C03,7,9,1,10,2,11,,7,7,1,6,4,120.690111,24.121333,2
10179,66000,387130000C,(04)23274275,(04)23288582,2025,12,23,18,15,臺中市,南屯區,0,0,0,7,,,50,,,,,,,,,,,,,,,,,,,B03,,,1,,1,,,40,40,1,13,4,120.610472,24.151424,3
10180,66000,387130000C,(04)23274275,(04)23288582,2025,12,23,18,16,臺中市,西區,0,1,0,7,1,6,50,3,1,1,5,4,6,6,4,4,10,5,5,2,3,3,10,3,1,B03,7,6,1,8,2,1,,10,10,1,13,4,120.668149,24.151017,2
10181,66000,387130000C,(04)23274275,(04)23288582,2025,12,23,18,17,臺中市,北區,0,0,0,7,,,50,,,,,,,,,,,,,,13,,,,,B03,,,1,,1,,,84,84,1,12,4,120.683128,24.162938,4
10182,66000,387130000C,(04)23274275,(04)23288582,2025,12,23,18,17,臺中市,大肚區,0,0,0,7,,,50,,,,,,,,,,,,,,,,,,,B03,,,1,,1,,,11,11,1,6,4,120.561201,24.125374,3
10183,66000,387130000C,(04)23274275,(04)23288582,2025,12,23,18,18,臺中市,西屯區,0,1,0,7,1,6,50,4,1,1,5,4,6,6,2,1,4,4,5,2,13,2,9,5,4,C03,7,9,1,10,2,11,,7,7,1,13,4,120.647894,24.174161,2
10184,66000,387130000C,(04)23274275,(04)23288582,2025,12,23,18,19,臺中市,潭子區,0,1,0,7,1,6,40,4,1,1,5,4,6,6,1,1,5,5,4,2,13,2,9,2,1,C03,7,9,1,9,2,11,,7,7,1,13,4,120.702914,24.21403,2
10185,66000,387130000C,(04)23274275,(04)23288582,2025,12,23,18,19,臺中市,西屯區,0,3,0,7,1,6,50,4,1,1,5,4,6,6,2,1,10,5,5,2,16,2,9,1,1,C03,7,6,1,10,2,11,,11,11,1,12,4,120.65614,24.193888,2
10186,66000,387130000C,(04)23274275,(04)23288582,2025,12,23,18,22,臺中市,霧峰區,0,0,0,7,,,50,,,,,,,,,,,,,,,,,,,B03,,,1,,1,,,7,7,1,12,4,120.70253,24.070417,3
10187,66000,387130000C,(04)23274275,(04)23288582,2025,12,23,18,24,臺中市,北屯區,0,0,0,7,,,30,,,,,,,,,,,,,,12,,,,,B03,,,1,,2,,,7,7,1,13,4,120.695808,24.168812,3
10188,66000,387130000C,(04)23274275,(04)23288582,2025,12,23,18,24,臺中市,龍井區,0,2,0,7,2,6,30,13,9,1,5,4,6,6,4,4,8,5,5,1,17,2,9,2,4,C03,7,21,1,10,2,15,,87,87,1,6,4,120.515649,24.208406,2
10189,66000,387130000C,(04)23274275,(04)23288582,2025,12,23,18,26,臺中市,西屯區,0,1,0,7,1,6,50,13,9,1,5,4,6,6,4,4,3,4,5,2,17,2,9,1,1,C03,7,9,1,10,2,12,,8,8,1,13,4,120.641963,24.172712,2
10190,66000,387130000C,(04)23274275,(04)23288582,2025,12,23,18,30,臺中市,北區,0,2,0,7,1,6,50,4,1,1,5,4,6,6,4,4,10,5,5,2,15,2,9,1,1,C03,7,9,1,10,2,12,,15,15,1,13,4,120.669372,24.173013,2
10191,66000,387130000C,(04)23274275,(04)23288582,2025,12,23,18,30,臺中市,北屯區,0,0,0,7,,,50,,,,,,,,,,,,,,9,,,,,B12,,,3,,1,,,20,20,1,12,4,120.722861,24.164395,3
10192,66000,387130000C,(04)23274275,(04)23288582,2025,12,23,18,30,臺中市,霧峰區,0,1,0,7,1,6,40,13,7,1,5,4,6,6,4,4,5,5,4,1,12,2,9,5,4,C03,7,8,1,10,2,14,,40,40,1,12,4,120.699019,24.067321,2
10193,66000,387130000C,(04)23274275,(04)23288582,2025,12,23,18,32,臺中市,南屯區,0,0,0,7,1,6,50,13,8,1,5,4,6,6,4,4,5,4,4,2,12,,,,,B03,,,1,,1,,,20,20,1,12,4,120.633532,24.149409,3
10194,66000,387130000C,(04)23274275,(04)23288582,2025,12,23,18,39,臺中市,東區,0,0,0,7,,,50,,,,,,,,,,,,,,,,,,,B03,,,1,,2,,,7,7,1,6,4,120.696397,24.135421,3
10195,66000,387130000C,(04)23274275,(04)23288582,2025,12,23,18,40,臺中市,豐原區,0,2,0,7,1,6,50,4,1,1,5,4,6,6,4,4,10,5,5,2,16,2,9,2,1,C03,7,6,1,10,2,12,,48,48,1,13,4,120.705728,24.252366,2
10196,66000,387130000C,(04)23274275,(04)23288582,2025,12,23,18,42,臺中市,西屯區,0,1,0,7,1,6,50,4,1,1,5,4,6,6,4,4,10,5,5,2,30,,,,,,,,,,,,,119,119,1,,,120.650977,24.158819,2
10197,66000,387130000C,(04)23274275,(04)23288582,2025,12,23,18,43,臺中市,大里區,0,2,0,7,1,6,50,13,9,1,5,4,6,6,4,4,5,5,5,2,12,2,9,3,1,B03,7,9,1,8,2,5,,8,8,1,12,4,120.695216,24.111355,2
10198,66000,387130000C,(04)23274275,(04)23288582,2025,12,23,18,46,臺中市,神岡區,0,1,0,7,1,6,40,5,1,1,5,4,6,6,1,1,10,5,5,2,16,2,9,5,4,C03,7,9,1,10,2,11,,21,21,1,12,4,120.705598,24.275116,2
10199,66000,387130000C,(04)23274275,(04)23288582,2025,12,23,18,47,臺中市,大雅區,0,0,0,7,,,50,,,,,,,,,,,,,,13,,,,,C03,,,1,,2,,,7,7,1,13,4,120.646993,24.229252,3
10200,66000,387130000C,(04)23274275,(04)23288582,2025,12,23,18,53,臺中市,北屯區,0,0,0,7,,,30,,,,,,,,,,,,,,17,,,,,B03,,,1,,1,,,59,59,1,12,4,120.702409,24.170371,3
10201,66000,387130000C,(04)23274275,(04)23288582,2025,12,23,18,57,臺中市,大里區,0,1,0,7,1,6,50,4,1,1,5,4,6,6,1,1,10,5,5,2,17,3,10,3,1,B03,7,6,1,8,2,16,,11,11,1,12,4,120.713703,24.094291,2
10202,66000,387130000C,(04)23274275,(04)23288582,2025,12,23,18,58,臺中市,大里區,0,0,0,7,,,40,,,,,,,,,,,,,,16,,,,,B03,,,1,,2,,,20,20,1,12,4,120.671232,24.101167,3
10203,66000,387130000C,(04)23274275,(04)23288582,2025,12,23,18,58,臺中市,沙鹿區,0,0,0,7,,,50,,,,,,,,,,,,,,17,,,,,C03,,,1,,2,,,84,84,1,6,4,120.563318,24.205771,3
10204,66000,387130000C,(04)23274275,(04)23288582,2025,12,23,18,59,臺中市,北屯區,0,0,0,7,,,50,,,,,,,,,,,,,,13,,,,,B03,,,1,,1,,,84,84,1,6,4,120.723091,24.162035,3
10205,66000,387130000C,(04)23274275,(04)23288582,2025,12,23,19,0,臺中市,北區,0,2,0,7,1,6,50,4,2,1,5,4,6,6,4,4,5,2,5,2,1,2,9,5,4,C03,7,9,1,10,2,11,,10,10,1,13,4,120.681029,24.157933,2
10206,66000,387130000C,(04)23274275,(04)23288582,2025,12,23,19,6,臺中市,西屯區,0,1,0,7,1,6,50,3,2,1,5,4,6,6,4,4,1,4,5,2,13,2,4,1,1,C03,7,9,1,10,2,11,,7,7,1,12,4,120.662662,24.171991,2
10207,66000,387130000C,(04)23274275,(04)23288582,2025,12,23,19,9,臺中市,潭子區,0,1,0,6,1,6,50,3,1,1,5,4,6,6,4,4,5,4,4,2,17,3,10,2,1,C03,7,6,1,10,2,11,,14,14,1,13,4,120.707818,24.213338,2
10208,66000,387130000C,(04)23274275,(04)23288582,2025,12,23,19,9,臺中市,沙鹿區,0,1,0,7,1,6,50,4,1,1,5,4,6,6,4,4,10,5,5,2,15,2,9,1,1,C03,7,9,1,10,2,12,,15,15,1,12,4,120.571488,24.212547,2
10209,66000,387130000C,(04)23274275,(04)23288582,2025,12,23,19,18,臺中市,霧峰區,0,1,0,7,1,6,40,3,1,1,5,4,6,6,1,1,10,5,5,2,13,2,9,5,4,C03,7,9,1,10,2,11,,7,7,1,12,4,120.714155,24.075567,2
10210,66000,387130000C,(04)23274275,(04)23288582,2025,12,23,19,19,臺中市,太平區,0,0,0,7,,,50,,,,,,,,,,,,,,13,,,,,B03,,,1,,2,,,84,84,1,12,4,120.711713,24.150072,3
10211,66000,387130000C,(04)23274275,(04)23288582,2025,12,23,19,20,臺中市,西區,0,0,0,7,,,50,,,,,,,,,,,,,,17,,,,,B03,,,1,,9,,,49,49,1,13,4,120.672746,24.148367,3
10212,66000,387130000C,(04)23274275,(04)23288582,2025,12,23,19,20,臺中市,南屯區,0,2,0,7,2,6,50,13,9,1,5,4,6,6,4,4,9,5,5,2,13,3,10,3,1,B03,7,9,1,8,2,1,,59,59,1,12,4,120.651082,24.149008,2
10213,66000,387130000C,(04)23274275,(04)23288582,2025,12,23,19,22,臺中市,北區,0,0,0,7,,,50,,,,,,,,,,,,,,13,,,,,B03,,,1,,1,,,59,59,1,12,4,120.669528,24.163089,3
10214,66000,387130000C,(04)23274275,(04)23288582,2025,12,23,19,30,臺中市,西屯區,0,2,0,7,1,6,50,13,9,1,5,4,6,6,4,4,5,4,5,2,17,2,9,1,1,C03,7,9,1,10,2,14,,7,7,1,13,4,120.645161,24.176283,2
10215,66000,387130000C,(04)23274275,(04)23288582,2025,12,23,19,33,臺中市,大里區,0,2,0,7,1,6,50,3,1,1,5,4,6,6,4,4,5,5,5,1,15,2,9,1,1,C03,7,1,1,10,2,11,,51,51,1,6,4,120.697425,24.080273,2
10216,66000,387130000C,(04)23274275,(04)23288582,2025,12,23,19,37,臺中市,南屯區,0,1,0,7,1,6,50,4,1,1,5,4,6,6,4,4,10,5,5,2,3,3,10,3,1,B03,7,6,1,8,2,8,,10,10,1,6,4,120.64735,24.135893,2
10217,66000,387130000C,(04)23274275,(04)23288582,2025,12,23,19,41,臺中市,西區,0,0,0,7,,,50,,,,,,,,,,,,,,13,,,,,C03,,,1,,1,,,7,7,1,12,4,120.665887,24.134648,3
10218,66000,387130000C,(04)23274275,(04)23288582,2025,12,23,19,41,臺中市,東區,0,0,0,7,,,50,,,,,,,,,,,,,,,,,,,B12,,,1,,9,,,84,84,1,6,4,120.684991,24.125646,3
10219,66000,387130000C,(04)23274275,(04)23288582,2025,12,23,19,41,臺中市,南屯區,0,0,0,7,,,50,,,,,,,,,,,,,,,,,,,C03,,,1,,2,,,11,11,1,13,4,120.648619,24.153615,3
10220,66000,387130000C,(04)23274275,(04)23288582,2025,12,23,19,44,臺中市,豐原區,0,0,0,7,,,30,,,,,,,,,,,,,,17,,,,,C03,,,1,,2,,,8,8,1,12,4,120.708424,24.250106,3
10221,66000,387130000C,(04)23274275,(04)23288582,2025,12,23,19,45,臺中市,清水區,0,0,1,7,1,6,40,13,8,1,5,4,6,6,4,4,1,4,4,1,12,5,9,2,1,C03,7,9,1,10,2,11,,84,84,1,12,4,120.586898,24.290604,2
10222,66000,387130000C,(04)23274275,(04)23288582,2025,12,23,19,53,臺中市,北區,0,1,0,7,1,6,50,4,1,1,5,4,6,6,3,1,10,5,5,2,15,2,9,5,4,B03,7,9,1,8,2,7,,24,24,1,12,4,120.695941,24.159882,2
10223,66000,387130000C,(04)23274275,(04)23288582,2025,12,23,19,54,臺中市,東區,0,1,0,7,1,6,50,3,1,1,5,4,6,6,1,1,10,5,5,2,18,2,9,2,1,C03,7,9,1,10,2,12,,84,84,1,12,4,120.701377,24.137915,2
10224,66000,387130000C,(04)23274275,(04)23288582,2025,12,23,19,56,臺中市,北屯區,0,0,0,7,,,50,,,,,,,,,,,,,,13,,,,,B03,,,1,,1,,,59,59,1,13,4,120.689685,24.188228,3
10225,66000,387130000C,(04)23274275,(04)23288582,2025,12,23,20,0,臺中市,大里區,0,0,0,7,,,50,,,,,,,,,,,,,,,,,,,B03,,,5,,11,,,59,59,1,12,4,120.728597,24.091443,3
10226,66000,387130000C,(04)23274275,(04)23288582,2025,12,23,20,3,臺中市,東區,0,2,0,7,2,6,50,4,1,1,5,4,6,6,1,1,10,5,5,2,17,2,9,1,1,C03,7,11,1,10,2,13,12,45,45,1,12,4,120.701656,24.13184,2
10227,66000,387130000C,(04)23274275,(04)23288582,2025,12,23,20,5,臺中市,北屯區,0,0,0,7,,,50,,,,,,,,,,,,,,9,,,,,B03,,,1,8,1,,,84,84,1,12,4,120.689303,24.162828,3
10228,66000,387130000C,(04)23274275,(04)23288582,2025,12,23,20,6,臺中市,北區,0,0,0,7,,,50,,,,,,,,,,,,,,17,,,,,B03,,,1,,2,,,84,84,1,13,4,120.690246,24.157525,3
10229,66000,387130000C,(04)23274275,(04)23288582,2025,12,23,20,6,臺中市,北區,0,2,0,7,3,6,50,4,2,1,5,4,6,6,4,4,5,5,5,2,12,2,9,5,4,C04,7,9,1,10,2,14,,7,7,1,13,4,120.67997,24.149634,2
10230,66000,387130000C,(04)23274275,(04)23288582,2025,12,23,20,7,臺中市,西區,0,0,0,7,,,50,,,,,,,,,,,,,,17,,,,,C03,,,1,,11,,,84,84,1,12,4,120.653396,24.149821,3
10231,66000,387130000C,(04)23274275,(04)23288582,2025,12,23,20,12,臺中市,霧峰區,0,2,0,7,1,6,30,3,1,1,5,4,6,6,4,4,5,5,5,1,13,2,9,2,1,C03,7,4,1,9,2,11,,7,7,1,12,4,120.694521,24.069036,2
10232,66000,387130000C,(04)23274275,(04)23288582,2025,12,23,20,15,臺中市,北區,0,0,0,7,,,50,,,,,,,,,,,,,,13,,,,,C03,,,1,,2,,,59,59,1,12,4,120.679926,24.149649,4
10233,66000,387130000C,(04)23274275,(04)23288582,2025,12,23,20,21,臺中市,西屯區,0,0,0,7,,,50,,,,,,,,,,,,,,16,,,,,C01,,,1,,10,,,7,7,1,12,4,120.653533,24.16727,3
10234,66000,387130000C,(04)23274275,(04)23288582,2025,12,23,20,26,臺中市,北屯區,0,0,0,7,,,30,,,,,,,,,,,,,,17,,,,,B12,,,1,,2,,,8,8,1,6,4,120.665968,24.183777,3
10235,66000,387130000C,(04)23274275,(04)23288582,2025,12,23,20,28,臺中市,西屯區,0,0,0,7,,,50,,,,,,,,,,,,,,14,,,,,B03,,,1,,2,,,49,49,1,13,4,120.661386,24.1726,3
10236,66000,387130000C,(04)23274275,(04)23288582,2025,12,23,20,34,臺中市,北區,0,0,0,7,,,50,,,,,,,,,,,,,,23,,,,,B03,,,1,,2,,,84,84,1,12,4,120.682344,24.163038,3
10237,66000,387130000C,(04)23274275,(04)23288582,2025,12,23,20,34,臺中市,北屯區,0,0,0,7,,,50,,,,,,,,,,,,,,,,,,,B03,,,1,,1,,,59,59,1,12,4,120.686216,24.181487,3
10238,66000,387130000C,(04)23274275,(04)23288582,2025,12,23,20,34,臺中市,西屯區,0,3,0,7,1,6,40,13,8,1,5,4,6,6,4,4,1,5,1,2,13,2,9,5,4,C03,7,9,1,10,2,11,,59,59,1,13,4,120.603448,24.180994,2
10239,66000,387130000C,(04)23274275,(04)23288582,2025,12,23,20,34,臺中市,清水區,0,0,0,7,,,40,,,,,,,,,,,,,,,,,,,B03,,,1,,2,,,40,40,1,12,4,120.568975,24.27329,3
10240,66000,387130000C,(04)23274275,(04)23288582,2025,12,23,20,35,臺中市,烏日區,0,0,0,7,,,50,,,,,,,,,,,,,,12,,,,,A04,,,1,,2,,,8,8,1,6,4,120.614296,24.107059,3
10241,66000,387130000C,(04)23274275,(04)23288582,2025,12,23,20,36,臺中市,烏日區,0,0,0,7,,,30,,,,,,,,,,,,,,17,,,,,C03,,,1,,9,,,50,50,1,6,4,120.638149,24.085132,3
10242,66000,387130000C,(04)23274275,(04)23288582,2025,12,23,20,40,臺中市,北屯區,0,1,0,7,1,6,50,4,1,1,5,4,6,6,2,1,10,5,5,2,16,3,10,2,1,C03,7,6,1,10,2,14,,36,36,1,12,4,120.66065,24.191436,2
10243,66000,387130000C,(04)23274275,(04)23288582,2025,12,23,20,43,臺中市,北屯區,0,0,0,7,,,40,,,,,,,,,,,,,,,,,,,C03,,,1,,9,,,50,50,2,6,4,120.686659,24.197154,3
10244,66000,387130000C,(04)23274275,(04)23288582,2025,12,23,20,44,臺中市,清水區,0,0,0,7,,,50,,,,,,,,,,,,,,,,,,,B03,,,1,,2,,,49,49,1,12,4,120.577621,24.270279,3
10245,66000,387130000C,(04)23274275,(04)23288582,2025,12,23,20,46,臺中市,北屯區,0,1,0,7,1,6,50,13,9,1,5,4,6,6,4,4,4,3,5,2,13,2,9,2,1,C03,7,6,1,10,2,11,12,7,7,1,13,4,120.729346,24.157828,2
10246,66000,387130000C,(04)23274275,(04)23288582,2025,12,23,20,46,臺中市,西屯區,0,0,0,7,,,50,,,,,,,,,,,,,,16,,,,,B03,,,1,,1,,,84,84,1,12,4,120.654614,24.156929,3
10247,66000,387130000C,(04)23274275,(04)23288582,2025,12,23,20,46,臺中市,神岡區,0,0,0,7,1,6,50,4,1,1,5,4,6,6,1,1,10,4,5,2,13,,,,,B03,,,1,,2,,,84,84,1,12,4,120.696387,24.248559,3
10248,66000,387130000C,(04)23274275,(04)23288582,2025,12,23,21,0,臺中市,北屯區,0,0,0,7,,3,40,,,,,,,,,,,,,,13,,,,,B03,,,1,8,1,,,84,84,1,12,4,120.718969,24.1636,3
10249,66000,387130000C,(04)23274275,(04)23288582,2025,12,23,21,8,臺中市,西屯區,0,2,0,7,1,6,50,3,1,1,5,4,6,6,4,4,5,4,5,2,12,2,9,5,4,C03,7,9,1,10,2,11,,7,7,1,12,4,120.644283,24.166398,2
10250,66000,387130000C,(04)23274275,(04)23288582,2025,12,23,21,13,臺中市,東區,0,0,0,7,,,50,,,,,,,,,,,,,,,,,,,B03,,,1,,2,,,11,11,1,12,4,120.700143,24.132504,3
10251,66000,387130000C,(04)23274275,(04)23288582,2025,12,23,21,15,臺中市,西屯區,0,0,0,7,,,50,,,,,,,,,,,,,,17,,,,,B03,,,1,,11,,,84,84,2,13,4,120.650172,24.167162,3
10252,66000,387130000C,(04)23274275,(04)23288582,2025,12,23,21,24,臺中市,北屯區,0,1,0,7,1,6,40,4,1,1,5,4,6,6,2,1,10,5,5,2,16,3,10,3,1,B03,7,5,1,8,2,15,,65,65,1,6,4,120.702141,24.184685,2
10253,66000,387130000C,(04)23274275,(04)23288582,2025,12,23,21,30,臺中市,南屯區,0,0,0,7,,,,,,,,,,,,,,,,,17,,,,,,,,,,,,,119,119,1,,,120.647225,24.147672,3
10254,66000,387130000C,(04)23274275,(04)23288582,2025,12,23,21,41,臺中市,北屯區,0,3,0,7,1,6,40,4,2,1,5,4,6,6,1,1,5,5,4,2,17,3,10,1,1,C03,7,2,1,10,2,13,,84,84,1,12,4,120.692835,24.168127,2
10255,66000,387130000C,(04)23274275,(04)23288582,2025,12,23,21,44,臺中市,神岡區,0,0,0,7,,,50,,,,,,,,,,,,,,17,,,,,C03,,,1,,1,,,78,78,1,12,4,120.657844,24.271401,3
10256,66000,387130000C,(04)23274275,(04)23288582,2025,12,23,21,45,臺中市,北屯區,0,1,0,7,1,6,50,4,1,1,5,4,6,6,1,1,4,3,5,2,16,3,10,2,1,C03,7,9,1,10,2,12,,7,7,1,13,4,120.726714,24.171816,2
10257,66000,387130000C,(04)23274275,(04)23288582,2025,12,23,21,48,臺中市,北屯區,0,1,0,7,2,6,50,3,1,1,5,4,6,6,1,1,10,5,5,2,17,3,10,5,4,C03,7,5,1,10,2,11,,59,59,1,12,4,120.735966,24.175173,2
10258,66000,387130000C,(04)23274275,(04)23288582,2025,12,23,21,50,臺中市,大雅區,0,0,0,7,,,30,,,,,,,,,,,,,,17,,,,,B03,,,1,,1,,,84,84,1,13,4,120.653943,24.216248,3
10259,66000,387130000C,(04)23274275,(04)23288582,2025,12,23,21,57,臺中市,大里區,0,0,0,7,,,50,,,,,,,,,,,,,,13,,,,,C03,,,1,,2,,,7,7,1,13,4,120.689584,24.117765,3
10260,66000,387130000C,(04)23274275,(04)23288582,2025,12,23,21,57,臺中市,太平區,0,1,0,7,1,6,50,5,1,1,5,4,6,6,2,1,10,5,5,2,16,3,10,3,1,B03,7,6,1,8,2,2,,11,11,1,12,4,120.724717,24.149736,2
10261,66000,387130000C,(04)23274275,(04)23288582,2025,12,23,21,59,臺中市,北區,0,2,0,7,1,6,50,13,9,1,5,4,6,6,4,4,1,4,5,2,12,2,9,1,1,C03,7,7,1,10,2,12,,40,40,1,13,4,120.670695,24.173595,2
10262,66000,387130000C,(04)23274275,(04)23288582,2025,12,23,22,5,臺中市,北區,0,0,0,7,,,50,,,,,,,,,,,,,,15,,,,,C03,,,1,,1,,,15,15,1,12,4,120.666755,24.160421,3
10263,66000,387130000C,(04)23274275,(04)23288582,2025,12,23,22,11,臺中市,東區,0,2,0,7,1,6,50,4,1,1,5,4,6,6,4,4,9,5,5,2,15,2,9,2,1,C03,7,1,1,10,2,14,,51,51,1,6,4,120.686847,24.1338,2
10264,66000,387130000C,(04)23274275,(04)23288582,2025,12,23,22,14,臺中市,烏日區,0,2,0,7,1,6,50,3,2,1,5,4,6,6,4,4,5,2,5,2,16,2,9,1,1,C03,7,6,5,10,3,11,14,4,4,1,6,4,120.630886,24.105263,2
10265,66000,387130000C,(04)23274275,(04)23288582,2025,12,23,22,25,臺中市,西區,0,1,0,7,1,6,50,4,1,1,5,4,6,6,1,1,10,5,5,2,16,3,10,3,1,B12,7,5,1,8,1,6,,11,11,2,6,4,120.667332,24.131646,2
10266,66000,387130000C,(04)23274275,(04)23288582,2025,12,23,22,25,臺中市,南屯區,0,0,0,7,,,50,,,,,,,,,,,,,,17,,,,,C03,,,1,,1,,,7,7,1,12,4,120.612953,24.138764,3
10267,66000,387130000C,(04)23274275,(04)23288582,2025,12,23,22,29,臺中市,霧峰區,0,0,0,7,,,50,,,,,,,,,,,,,,17,,,,,B03,,,5,,2,,,56,56,1,12,4,120.671779,24.062516,3
10268,66000,387130000C,(04)23274275,(04)23288582,2025,12,23,22,40,臺中市,霧峰區,0,1,0,7,1,6,50,3,1,1,5,4,6,6,4,4,5,5,5,1,11,3,10,3,1,B03,7,6,1,8,2,6,,39,39,1,6,4,120.699614,24.064259,2
10269,66000,387130000C,(04)23274275,(04)23288582,2025,12,23,22,43,臺中市,西屯區,0,0,0,7,,,50,,,,,,,,,,,,,,12,,,,,B03,,,1,,2,,,40,40,1,13,4,120.622826,24.185833,3