序號,縣市別代碼,機關代碼,市話,傳真,年,月,日,時,分,縣市,區,死亡數量,受傷數量,2-30,天候,道路照明設備,道路類別,道路速限,道路型態,事故位置,路面鋪裝,路面狀態,路面缺陷,障礙物,視距,號誌種類,號誌動作,分向設施,快車道或一般車道間,快慢車道間,路面邊線,事故類型及型態,受傷程度,主要傷處,保護裝備,行動電話或功能裝置,當事者區分(類別),車輛用途,當事者行動狀態,駕照狀態,駕照種類,飲酒情形,車輛撞擊部位最初,車輛撞擊部位其他,肇事因素個別,肇事因素主要,肇事逃逸,職業,共享經濟或外送平台,GPS座標X,GPS座標Y,事故類別
10490,66000,387130000C,(04)23274275,(04)23288582,2025,12,24,13,21,臺中市,中區,0,0,0,7,,,50,,,,,,,,,,,,,,13,,,,,C03,,,1,,1,,,7,7,1,12,4,120.678267,24.146725,3
10491,66000,387130000C,(04)23274275,(04)23288582,2025,12,24,13,21,臺中市,北屯區,0,0,0,7,,,50,,,,,,,,,,,,,,,,,,,B03,,,1,,1,,,7,7,1,13,4,120.693694,24.164595,3
10492,66000,387130000C,(04)23274275,(04)23288582,2025,12,24,13,22,臺中市,豐原區,0,0,0,7,,,30,,,,,,,,,,,,,,14,,,,,B02,,,1,,2,,,49,49,1,13,4,120.729743,24.235248,3
10493,66000,387130000C,(04)23274275,(04)23288582,2025,12,24,13,24,臺中市,北屯區,0,0,0,7,,,50,,,,,,,,,,,,,,9,,,,,C03,,,1,10,9,,,8,8,1,12,4,120.694672,24.16561,3
10494,66000,387130000C,(04)23274275,(04)23288582,2025,12,24,13,28,臺中市,北區,0,1,0,7,2,6,50,3,2,1,5,4,6,6,4,4,10,5,5,2,13,3,10,2,1,C03,7,9,1,10,2,11,,7,7,1,13,4,120.671909,24.172452,2
10495,66000,387130000C,(04)23274275,(04)23288582,2025,12,24,13,28,臺中市,后里區,0,1,0,7,2,6,50,4,1,1,5,4,6,6,1,1,1,4,4,1,16,3,10,3,1,B03,7,5,5,19,2,6,,11,11,1,12,4,120.72214,24.304437,2
10496,66000,387130000C,(04)23274275,(04)23288582,2025,12,24,13,30,臺中市,北屯區,0,1,0,7,2,6,50,13,9,1,5,4,6,6,4,4,9,5,5,2,16,3,10,3,1,B03,7,5,1,8,2,5,,20,20,1,6,4,120.706276,24.197116,2
10497,66000,387130000C,(04)23274275,(04)23288582,2025,12,24,13,31,臺中市,北區,0,2,0,7,2,6,50,4,1,1,5,4,6,6,1,1,10,5,5,2,16,2,9,5,4,C01,7,5,1,9,2,13,,47,47,1,13,4,120.672723,24.167017,2
10498,66000,387130000C,(04)23274275,(04)23288582,2025,12,24,13,36,臺中市,北屯區,0,0,0,7,,,50,,,,,,,,,,,,,,12,,,,,B03,,,1,,1,,,51,51,1,6,4,120.683144,24.170467,3
10499,66000,387130000C,(04)23274275,(04)23288582,2025,12,24,13,38,臺中市,西屯區,0,0,0,7,,,50,,,,,,,,,,,,,,13,,,,,B03,,,1,,1,,,59,59,1,13,4,120.608806,24.169717,3
10500,66000,387130000C,(04)23274275,(04)23288582,2025,12,24,13,42,臺中市,西區,0,0,0,7,,,50,,,,,,,,,,,,,,12,,,,,C03,,,1,,1,,,8,8,1,13,4,120.675896,24.138592,4
10501,66000,387130000C,(04)23274275,(04)23288582,2025,12,24,13,45,臺中市,南屯區,0,0,0,7,,,50,,,,,,,,,,,,,,13,,,,,B03,,,1,,1,,,59,59,1,12,4,120.622394,24.150192,3
10502,66000,387130000C,(04)23274275,(04)23288582,2025,12,24,13,49,臺中市,西區,0,2,0,7,2,6,50,4,2,1,5,4,6,6,2,1,5,4,4,1,16,2,9,2,1,C03,7,5,3,19,2,11,,65,65,1,13,4,120.665234,24.15085,2
10503,66000,387130000C,(04)23274275,(04)23288582,2025,12,24,13,54,臺中市,北屯區,0,0,0,7,,,50,,,,,,,,,,,,,,17,,,,,B03,,,1,,1,,,42,42,1,6,4,120.699113,24.175867,3
10504,66000,387130000C,(04)23274275,(04)23288582,2025,12,24,13,55,臺中市,大雅區,0,0,0,7,,,50,,,,,,,,,,,,,,30,,,,,A12,,,1,,2,,,8,8,1,12,4,120.629686,24.208664,3
10505,66000,387130000C,(04)23274275,(04)23288582,2025,12,24,14,7,臺中市,西屯區,0,0,0,7,,,50,,,,,,,,,,,,,,12,,,,,B03,,,1,,2,,,8,8,1,12,4,120.623581,24.176904,3
10506,66000,387130000C,(04)23274275,(04)23288582,2025,12,24,14,12,臺中市,南區,0,1,0,7,3,6,40,4,1,1,5,4,6,6,1,1,10,5,5,2,3,3,10,5,4,C03,7,5,1,10,2,11,,10,10,1,12,4,120.679099,24.126956,2
10507,66000,387130000C,(04)23274275,(04)23288582,2025,12,24,14,13,臺中市,豐原區,0,0,0,7,,,50,,,,,,,,,,,,,,16,,,,,C03,,,1,,9,,,51,51,2,13,4,120.718774,24.244753,3
10508,66000,387130000C,(04)23274275,(04)23288582,2025,12,24,14,14,臺中市,南區,0,0,0,7,,,50,,,,,,,,,,,,,,13,,,,,B03,,,1,,2,,,35,35,1,13,4,120.684859,24.128955,3
10509,66000,387130000C,(04)23274275,(04)23288582,2025,12,24,14,15,臺中市,西區,0,0,0,7,,,50,,,,,,,,,,,,,,17,,,,,B03,,,1,,2,,,84,84,1,12,4,120.654035,24.146445,3
10510,66000,387130000C,(04)23274275,(04)23288582,2025,12,24,14,16,臺中市,大甲區,0,0,0,7,,,50,,,,,,,,,,,,,,,,,,,B12,,,1,,2,,,7,7,1,6,4,120.617774,24.426161,3
10511,66000,387130000C,(04)23274275,(04)23288582,2025,12,24,14,17,臺中市,西區,0,3,0,7,3,6,50,3,1,1,5,4,6,6,4,4,10,4,5,2,16,2,9,1,1,C03,7,5,1,10,2,12,,47,47,1,6,4,120.665909,24.150851,2
10512,66000,387130000C,(04)23274275,(04)23288582,2025,12,24,14,18,臺中市,北區,0,0,0,7,,,50,,,,,,,,,,,,,,14,,,,,B11,,,1,,1,7,,49,49,1,12,4,120.681056,24.160121,3
10513,66000,387130000C,(04)23274275,(04)23288582,2025,12,24,14,20,臺中市,北屯區,0,0,0,7,,,40,,,,,,,,,,,,,,17,,,,,B03,,,1,,1,,,8,8,2,6,4,120.660024,24.192363,3
10514,66000,387130000C,(04)23274275,(04)23288582,2025,12,24,14,20,臺中市,烏日區,0,2,0,7,3,6,30,3,1,1,5,4,6,6,4,4,10,5,5,1,15,3,10,3,1,B03,7,9,1,8,2,2,,20,20,1,6,4,120.649424,24.051586,2
10515,66000,387130000C,(04)23274275,(04)23288582,2025,12,24,14,23,臺中市,西屯區,0,1,0,7,2,6,50,4,1,1,5,4,6,6,4,4,10,5,5,2,15,3,10,5,4,B03,7,9,1,8,2,4,,12,12,1,12,4,120.642559,24.160383,2
10516,66000,387130000C,(04)23274275,(04)23288582,2025,12,24,14,30,臺中市,清水區,0,0,0,7,2,6,70,13,6,1,5,4,6,6,1,1,8,3,4,1,13,,,,,B12,,,1,,2,,,7,7,1,12,4,120.536452,24.281275,3
10517,66000,387130000C,(04)23274275,(04)23288582,2025,12,24,14,40,臺中市,沙鹿區,0,0,0,7,,,50,,,,,,,,,,,,,,,,,,,C03,,,1,,2,,,85,85,1,12,4,120.555777,24.21282,3
10518,66000,387130000C,(04)23274275,(04)23288582,2025,12,24,14,44,臺中市,南屯區,0,0,0,7,,,50,,,,,,,,,,,,,,,,,,,B03,,,1,,1,,,59,59,1,13,4,120.634231,24.144374,3
10519,66000,387130000C,(04)23274275,(04)23288582,2025,12,24,14,45,臺中市,北屯區,0,0,0,7,,,50,,,,,,,,,,,,,,,,,,,C03,,,1,,1,,,7,7,1,13,4,120.697745,24.170349,3
10520,66000,387130000C,(04)23274275,(04)23288582,2025,12,24,14,48,臺中市,龍井區,0,1,0,7,2,6,50,4,1,1,5,4,6,6,4,4,10,5,5,2,15,3,10,3,1,B03,7,9,1,8,2,2,,12,12,1,6,4,120.547713,24.193672,2
10521,66000,387130000C,(04)23274275,(04)23288582,2025,12,24,14,50,臺中市,北屯區,0,0,0,7,,,30,,,,,,,,,,,,,,17,,,,,B03,,,1,,1,,,59,59,1,6,4,120.692563,24.176806,3
10522,66000,387130000C,(04)23274275,(04)23288582,2025,12,24,14,50,臺中市,神岡區,0,0,0,7,,,50,,,,,,,,,,,,,,17,,,,,B03,,,1,,2,,,20,20,1,12,4,120.659328,24.276837,3
10523,66000,387130000C,(04)23274275,(04)23288582,2025,12,24,14,51,臺中市,豐原區,0,0,0,7,,,50,,,,,,,,,,,,,,17,,,,,C03,,,1,,9,,,84,84,2,12,4,120.732783,24.258841,3
10524,66000,387130000C,(04)23274275,(04)23288582,2025,12,24,14,55,臺中市,北區,0,2,0,7,3,6,50,13,9,1,5,4,6,6,4,4,5,4,5,2,3,2,9,6,5,H01,8,16,7,21,1,17,,95,95,1,12,5,120.675421,24.145736,2
10525,66000,387130000C,(04)23274275,(04)23288582,2025,12,24,14,55,臺中市,西屯區,0,2,0,7,2,6,40,4,2,1,5,4,6,6,3,1,5,4,4,2,17,2,9,5,4,C03,7,9,1,10,2,11,14,7,7,1,13,4,120.634813,24.165798,2
10526,66000,387130000C,(04)23274275,(04)23288582,2025,12,24,14,56,臺中市,梧棲區,0,0,0,7,,,70,,,,,,,,,,,,,,16,,,,,A41,,,1,,1,,,20,20,1,6,4,120.52614,24.256997,3
10527,66000,387130000C,(04)23274275,(04)23288582,2025,12,24,15,0,臺中市,太平區,0,0,0,7,,,50,,,,,,,,,,,,,,14,,,,,B03,,,1,,2,,,49,49,2,12,4,120.722441,24.119107,3
10528,66000,387130000C,(04)23274275,(04)23288582,2025,12,24,15,0,臺中市,神岡區,0,1,0,7,2,6,50,13,9,1,5,4,6,6,4,4,5,4,5,2,17,3,10,5,4,B03,7,11,1,8,2,1,,34,34,1,12,4,120.658175,24.25717,2
10529,66000,387130000C,(04)23274275,(04)23288582,2025,12,24,15,2,臺中市,西區,0,1,0,7,1,6,50,13,9,1,5,4,6,6,1,1,5,4,5,2,17,2,9,5,4,C03,7,9,1,10,2,11,,84,84,1,12,4,120.660142,24.146701,2
10530,66000,387130000C,(04)23274275,(04)23288582,2025,12,24,15,5,臺中市,北區,0,0,0,7,,,30,,,,,,,,,,,,,,14,,,,,A11,,,1,,2,,,49,49,1,12,4,120.679629,24.157645,3
10531,66000,387130000C,(04)23274275,(04)23288582,2025,12,24,15,5,臺中市,北區,0,0,0,7,,,50,,,,,,,,,,,,,,17,,,,,B03,,,1,,2,,,50,50,1,12,4,120.670632,24.165492,3
10532,66000,387130000C,(04)23274275,(04)23288582,2025,12,24,15,5,臺中市,東區,0,1,0,7,2,6,50,4,4,1,5,4,6,6,4,4,1,4,5,2,13,2,9,2,1,C03,7,9,1,10,2,11,,7,7,1,12,4,120.698757,24.132983,2
10533,66000,387130000C,(04)23274275,(04)23288582,2025,12,24,15,6,臺中市,太平區,0,0,0,7,,,50,,,,,,,,,,,,,,17,,,,,B03,,,1,,2,,,51,51,1,12,4,120.725301,24.134232,3
10534,66000,387130000C,(04)23274275,(04)23288582,2025,12,24,15,7,臺中市,太平區,0,2,0,7,2,6,50,13,7,1,5,4,6,6,4,4,5,5,4,1,16,2,8,2,1,C03,7,6,1,10,2,11,,34,34,1,12,4,120.734238,24.121917,2
10535,66000,387130000C,(04)23274275,(04)23288582,2025,12,24,15,9,臺中市,清水區,0,1,0,7,3,6,50,4,2,1,5,4,6,6,2,1,1,4,4,2,17,3,10,3,1,B03,7,11,1,8,2,5,,11,11,1,12,4,120.574243,24.266231,2
10536,66000,387130000C,(04)23274275,(04)23288582,2025,12,24,15,19,臺中市,北區,0,2,0,7,3,6,50,13,8,1,5,4,6,6,4,4,3,4,4,2,13,3,10,1,1,C03,7,9,1,10,2,12,,8,8,1,12,4,120.688113,24.146587,2
10537,66000,387130000C,(04)23274275,(04)23288582,2025,12,24,15,19,臺中市,南區,0,0,0,7,,,50,,,,,,,,,,,,,,,,,,,A12,,,1,,2,,,50,50,1,6,4,120.65053,24.119512,3
10538,66000,387130000C,(04)23274275,(04)23288582,2025,12,24,15,19,臺中市,北屯區,0,0,0,7,,,40,,,,,,,,,,,,,,12,,,,,B03,,,1,,1,,,8,8,1,13,4,120.694941,24.18019,3
10539,66000,387130000C,(04)23274275,(04)23288582,2025,12,24,15,19,臺中市,烏日區,0,0,0,7,,,50,,,,,,,,,,,,,,,,,,,B03,,,1,,1,,,7,7,1,13,4,120.62734,24.10404,3
10540,66000,387130000C,(04)23274275,(04)23288582,2025,12,24,15,28,臺中市,南區,0,0,0,7,,,50,,,,,,,,,,,,,,17,,,,,B03,,,1,,2,,,85,85,1,12,4,120.676439,24.1317,4
10541,66000,387130000C,(04)23274275,(04)23288582,2025,12,24,15,33,臺中市,東區,0,0,0,7,,,50,,,,,,,,,,,,,,,,,,,B03,,,1,,1,,,7,7,1,12,4,120.705511,24.130165,3
10542,66000,387130000C,(04)23274275,(04)23288582,2025,12,24,15,37,臺中市,大雅區,0,0,0,7,,,0,,,,,,,,,,,,,,13,,,,,B03,,,1,,1,,,7,7,1,13,4,120.650793,24.209377,3
10543,66000,387130000C,(04)23274275,(04)23288582,2025,12,24,15,38,臺中市,西區,0,0,0,7,,,50,,,,,,,,,,,,,,17,,,,,C03,,,1,,1,,,15,15,1,13,4,120.655908,24.138557,4
10544,66000,387130000C,(04)23274275,(04)23288582,2025,12,24,15,42,臺中市,南區,0,0,0,7,,,50,,,,,,,,,,,,,,13,,,,,B03,,,1,,1,,,59,59,1,13,4,120.670223,24.123694,3
10545,66000,387130000C,(04)23274275,(04)23288582,2025,12,24,15,44,臺中市,西屯區,0,1,0,7,2,6,50,3,1,1,5,4,6,6,4,4,10,5,5,2,16,3,10,5,4,B02,7,6,1,8,2,16,,48,48,1,12,4,120.649467,24.172831,2
10546,66000,387130000C,(04)23274275,(04)23288582,2025,12,24,15,45,臺中市,大里區,0,1,0,7,2,6,50,13,8,1,5,4,6,6,1,1,9,4,4,2,13,2,9,2,1,C03,7,9,1,10,2,12,,7,7,1,12,4,120.67976,24.104345,2
10547,66000,387130000C,(04)23274275,(04)23288582,2025,12,24,15,48,臺中市,龍井區,0,1,0,7,2,6,50,4,1,1,5,4,6,6,2,1,10,5,5,2,17,3,10,1,1,C03,7,9,1,11,2,12,,21,21,1,6,4,120.581398,24.175646,2
10548,66000,387130000C,(04)23274275,(04)23288582,2025,12,24,15,48,臺中市,豐原區,0,1,0,7,2,6,50,3,1,1,5,4,6,6,1,1,10,5,5,2,17,2,9,2,1,C03,7,6,1,10,2,13,,84,84,1,13,4,120.715935,24.239388,2
10549,66000,387130000C,(04)23274275,(04)23288582,2025,12,24,15,50,臺中市,北屯區,0,0,0,7,,,50,,,,,,,,,,,,,,12,,,,,B03,,,1,,1,,,8,8,1,6,4,120.719315,24.175426,3
10550,66000,387130000C,(04)23274275,(04)23288582,2025,12,24,15,51,臺中市,南屯區,0,0,0,7,,,50,,,,,,,,,,,,,,13,,,,,B03,,,5,,1,,,7,7,1,12,4,120.620647,24.113294,3
10551,66000,387130000C,(04)23274275,(04)23288582,2025,12,24,15,53,臺中市,霧峰區,0,0,0,7,,,50,,,,,,,,,,,,,,17,,,,,B13,,,1,,2,,,84,84,1,12,4,120.698362,24.062988,3
10552,66000,387130000C,(04)23274275,(04)23288582,2025,12,24,15,56,臺中市,中區,0,1,0,7,2,6,50,3,1,1,5,4,6,6,4,4,1,4,5,2,17,3,10,3,1,B03,7,5,1,8,2,5,,14,14,1,12,4,120.685885,24.139825,2
10553,66000,387130000C,(04)23274275,(04)23288582,2025,12,24,16,0,臺中市,神岡區,0,0,0,7,,,50,,,,,,,,,,,,,,17,,,,,B03,,,1,,2,,,8,8,1,12,4,120.686193,24.241371,3
10554,66000,387130000C,(04)23274275,(04)23288582,2025,12,24,16,1,臺中市,東區,0,1,0,7,2,8,50,13,9,1,5,4,6,6,4,4,9,5,5,2,17,3,10,3,1,B03,7,6,1,8,2,2,,42,42,1,6,4,120.699944,24.140706,2
10555,66000,387130000C,(04)23274275,(04)23288582,2025,12,24,16,3,臺中市,北區,0,0,0,7,,,40,,,,,,,,,,,,,,17,,,,,B03,,,1,,9,,,50,50,2,13,4,120.677467,24.151804,3
10556,66000,387130000C,(04)23274275,(04)23288582,2025,12,24,16,6,臺中市,西區,0,0,0,7,,,50,,,,,,,,,,,,,,17,,,,,B03,,,1,,1,,,7,7,1,12,4,120.659266,24.156458,3
10557,66000,387130000C,(04)23274275,(04)23288582,2025,12,24,16,6,臺中市,大里區,0,1,0,7,3,6,30,3,1,1,5,4,6,6,4,4,10,5,5,2,16,3,10,3,1,B12,7,5,1,8,2,8,,14,14,1,13,4,120.664227,24.092297,2
10558,66000,387130000C,(04)23274275,(04)23288582,2025,12,24,16,9,臺中市,北屯區,0,0,0,7,,,50,,,,,,,,,,,,,,17,,,,,C03,,,1,,1,,,45,84,1,13,4,120.689856,24.17554,3
10559,66000,387130000C,(04)23274275,(04)23288582,2025,12,24,16,10,臺中市,西屯區,0,3,0,7,2,6,50,13,9,1,5,4,6,6,4,4,1,4,5,2,12,2,9,1,4,C03,7,5,1,10,2,12,,84,84,1,13,4,120.644929,24.170168,2
10560,66000,387130000C,(04)23274275,(04)23288582,2025,12,24,16,11,臺中市,東區,0,2,0,7,3,6,50,13,9,1,5,4,6,6,4,4,5,5,5,2,9,2,9,5,4,C03,7,9,1,10,2,11,,84,84,1,6,4,120.68628,24.129029,2
10561,66000,387130000C,(04)23274275,(04)23288582,2025,12,24,16,12,臺中市,南屯區,0,0,0,7,,,50,,,,,,,,,,,,,,12,,,,,B03,,,1,,1,,,8,8,1,12,4,120.65101,24.150037,3
10562,66000,387130000C,(04)23274275,(04)23288582,2025,12,24,16,14,臺中市,潭子區,0,0,0,7,,,50,,,,,,,,,,,,,,,,,,,B02,,,1,,2,,,59,59,1,12,4,120.693499,24.221502,3
10563,66000,387130000C,(04)23274275,(04)23288582,2025,12,24,16,16,臺中市,西屯區,0,0,0,7,,,50,,,,,,,,,,,,,,12,,,,,A04,,,1,,1,,,8,8,1,12,4,120.646886,24.15706,3
10564,66000,387130000C,(04)23274275,(04)23288582,2025,12,24,16,19,臺中市,大雅區,0,2,0,7,1,6,50,4,1,1,5,4,6,6,1,1,10,5,5,2,15,2,9,2,1,C03,7,9,1,10,2,12,,21,21,1,12,4,120.644564,24.234918,2
10565,66000,387130000C,(04)23274275,(04)23288582,2025,12,24,16,22,臺中市,北屯區,0,0,0,7,,,50,,,,,,,,,,,,,,13,,,,,B03,,,1,,1,,,7,7,1,13,4,120.685456,24.181275,3
10566,66000,387130000C,(04)23274275,(04)23288582,2025,12,24,16,23,臺中市,潭子區,0,2,0,7,2,6,50,4,1,1,5,4,6,6,2,1,5,4,5,1,16,2,9,2,1,C03,7,6,1,10,2,11,,11,11,1,13,4,120.700605,24.211668,2
10567,66000,387130000C,(04)23274275,(04)23288582,2025,12,24,16,23,臺中市,西屯區,0,1,0,7,2,6,40,13,8,1,5,4,6,6,4,4,1,4,4,2,17,2,9,1,1,C03,7,9,1,10,2,14,,84,84,1,12,4,120.615362,24.188244,2
10568,66000,387130000C,(04)23274275,(04)23288582,2025,12,24,16,25,臺中市,西區,0,0,0,7,,,50,,,,,,,,,,,,,,,,,,,B03,,,1,,1,,,8,8,1,12,4,120.656702,24.145528,3
10569,66000,387130000C,(04)23274275,(04)23288582,2025,12,24,16,26,臺中市,潭子區,0,0,0,7,,,50,,,,,,,,,,,,,,,,,,,B03,,,1,,2,,,26,26,1,13,4,120.709553,24.200359,3
10570,66000,387130000C,(04)23274275,(04)23288582,2025,12,24,16,26,臺中市,西屯區,0,2,0,7,2,6,30,4,1,1,5,4,6,6,1,1,10,5,5,2,16,2,8,1,1,C03,7,6,1,10,1,12,,11,11,1,13,4,120.642539,24.181542,2
10571,66000,387130000C,(04)23274275,(04)23288582,2025,12,24,16,28,臺中市,南屯區,0,1,0,7,3,6,50,4,1,1,5,4,6,6,2,1,10,5,5,2,16,3,10,3,1,B03,7,11,1,8,2,5,,45,45,1,6,4,120.648604,24.15096,2
10572,66000,387130000C,(04)23274275,(04)23288582,2025,12,24,16,30,臺中市,豐原區,0,0,0,7,,,50,,,,,,,,,,,,,,,,,,,B12,,,1,,2,,,50,50,1,13,4,120.726094,24.245648,3
10573,66000,387130000C,(04)23274275,(04)23288582,2025,12,24,16,35,臺中市,北區,0,0,0,7,,,50,,,,,,,,,,,,,,17,,,,,C03,,,2,,9,,,85,85,1,13,4,120.691738,24.160486,3
10574,66000,387130000C,(04)23274275,(04)23288582,2025,12,24,16,35,臺中市,大甲區,0,1,0,7,2,6,50,3,1,1,5,4,6,6,4,4,10,5,5,2,16,2,9,2,1,C03,7,6,1,10,2,12,,14,14,1,6,4,120.627711,24.347175,2
10575,66000,387130000C,(04)23274275,(04)23288582,2025,12,24,16,37,臺中市,南屯區,0,1,0,7,2,6,50,13,9,1,5,4,6,6,4,4,9,5,5,2,17,3,10,3,1,B03,7,1,1,8,2,4,,51,51,1,13,4,120.632416,24.155807,2
10576,66000,387130000C,(04)23274275,(04)23288582,2025,12,24,16,37,臺中市,太平區,0,1,0,7,2,6,40,4,2,1,5,4,6,6,2,1,5,5,4,2,13,3,10,1,1,C03,7,9,1,10,2,11,12,7,7,1,12,4,120.723851,24.111204,2
10577,66000,387130000C,(04)23274275,(04)23288582,2025,12,24,16,40,臺中市,北屯區,0,0,0,7,,,50,,,,,,,,,,,,,,9,,,,,C04,,,1,,2,,,85,85,1,12,4,120.690731,24.182297,3
10578,66000,387130000C,(04)23274275,(04)23288582,2025,12,24,16,40,臺中市,大里區,0,0,0,7,,,50,,,,,,,,,,,,,,,,,,,B03,,,6,,11,,,84,84,1,13,4,120.702957,24.096256,3
10579,66000,387130000C,(04)23274275,(04)23288582,2025,12,24,16,42,臺中市,西屯區,0,1,0,7,2,6,50,3,2,1,5,4,6,6,4,4,10,5,5,2,30,2,9,2,1,C03,7,9,1,10,2,12,,7,7,1,12,4,120.625132,24.183275,2
10580,66000,387130000C,(04)23274275,(04)23288582,2025,12,24,16,50,臺中市,西屯區,0,0,0,7,,,40,,,,,,,,,,,,,,12,,,,,C03,,,1,,2,,,48,48,1,13,4,120.665356,24.166801,3
10581,66000,387130000C,(04)23274275,(04)23288582,2025,12,24,16,58,臺中市,南屯區,0,0,0,7,,3,50,,,,,,,,,,,,,,13,,,,,B12,,,1,,1,,,7,7,1,12,4,120.620673,24.132339,3
10582,66000,387130000C,(04)23274275,(04)23288582,2025,12,24,17,3,臺中市,北屯區,0,1,0,7,2,6,50,4,1,1,5,4,6,6,2,1,10,5,5,2,16,3,10,3,1,B03,7,6,1,8,2,5,,11,11,1,12,4,120.721573,24.162555,2
10583,66000,387130000C,(04)23274275,(04)23288582,2025,12,24,17,3,臺中市,西屯區,0,0,0,7,,,50,,,,,,,,,,,,,,13,,,,,B03,,,1,,1,,,7,7,1,12,4,120.624921,24.182931,3
10584,66000,387130000C,(04)23274275,(04)23288582,2025,12,24,17,5,臺中市,西屯區,0,1,0,7,2,6,50,3,1,1,5,4,6,6,1,1,10,5,5,2,16,3,10,5,1,B01,7,5,1,4,2,5,,11,11,1,12,4,120.659035,24.166026,2
10585,66000,387130000C,(04)23274275,(04)23288582,2025,12,24,17,5,臺中市,大里區,0,0,0,7,,,50,,,,,,,,,,,,,,17,,,,,B03,,,1,,2,,,84,84,1,6,4,120.680044,24.095618,3
10586,66000,387130000C,(04)23274275,(04)23288582,2025,12,24,17,7,臺中市,大甲區,0,2,0,7,2,6,50,4,9,1,5,4,6,6,1,1,6,3,5,1,13,2,9,1,1,C03,7,9,1,10,2,11,,4,4,1,12,4,120.650075,24.40606,2
10587,66000,387130000C,(04)23274275,(04)23288582,2025,12,24,17,8,臺中市,西區,0,0,0,7,,,50,,,,,,,,,,,,,,13,,,,,B03,,,1,,1,,,7,7,1,13,4,120.671053,24.145866,4
10588,66000,387130000C,(04)23274275,(04)23288582,2025,12,24,17,8,臺中市,東區,0,1,0,7,2,6,50,4,1,1,5,4,6,6,1,1,10,5,5,2,15,3,10,1,1,C03,7,9,1,10,2,11,14,21,21,1,12,4,120.688686,24.132422,2
10589,66000,387130000C,(04)23274275,(04)23288582,2025,12,24,17,11,臺中市,南區,0,0,0,7,,,50,,,,,,,,,,,,,,,,,,,C03,,,1,,1,,,7,7,1,12,4,120.670225,24.114977,3
10590,66000,387130000C,(04)23274275,(04)23288582,2025,12,24,17,11,臺中市,豐原區,0,0,0,7,,,50,,,,,,,,,,,,,,13,,,,,B01,,,1,,2,,,59,59,1,12,4,120.703171,24.244458,3
10591,66000,387130000C,(04)23274275,(04)23288582,2025,12,24,17,12,臺中市,太平區,0,1,0,7,1,6,50,13,9,1,5,4,6,3,4,4,5,5,5,1,17,3,10,2,1,C03,7,1,1,10,2,14,,51,51,1,6,4,120.714455,24.143775,2
10592,66000,387130000C,(04)23274275,(04)23288582,2025,12,24,17,12,臺中市,大甲區,0,0,0,7,,,30,,,,,,,,,,,,,,9,,,,,F03,,,1,,1,,,14,14,1,12,4,120.626173,24.347498,3
10593,66000,387130000C,(04)23274275,(04)23288582,2025,12,24,17,13,臺中市,太平區,0,0,0,7,,,50,,,,,,,,,,,,,,17,,,,,B12,,,1,,2,,,7,7,1,12,4,120.705097,24.158596,3
10594,66000,387130000C,(04)23274275,(04)23288582,2025,12,24,17,14,臺中市,北區,0,0,0,7,,,50,,,,,,,,,,,,,,14,,,,,B03,,,1,,2,,,50,50,1,12,4,120.673056,24.156355,3
10595,66000,387130000C,(04)23274275,(04)23288582,2025,12,24,17,15,臺中市,潭子區,0,0,0,7,,,60,,,,,,,,,,,,,,,,,,,B03,,,1,,2,,,59,59,1,12,4,120.686793,24.211759,3
10596,66000,387130000C,(04)23274275,(04)23288582,2025,12,24,17,15,臺中市,西屯區,0,1,0,7,2,6,50,3,1,1,5,4,6,6,4,4,10,4,4,2,16,3,10,3,1,B12,7,5,1,8,2,2,,47,47,1,12,4,120.630627,24.180429,2
10597,66000,387130000C,(04)23274275,(04)23288582,2025,12,24,17,15,臺中市,烏日區,0,0,0,7,,,50,,,,,,,,,,,,,,12,,,,,B03,,,1,,1,,,8,8,1,6,4,120.618303,24.105824,4
10598,66000,387130000C,(04)23274275,(04)23288582,2025,12,24,17,18,臺中市,南區,0,1,0,7,1,6,50,4,1,1,5,4,1,6,1,1,10,5,5,2,16,3,10,3,1,B03,7,5,1,8,2,5,,84,84,1,13,4,120.665831,24.123461,2
10599,66000,387130000C,(04)23274275,(04)23288582,2025,12,24,17,20,臺中市,東區,0,1,0,7,1,6,30,4,1,1,5,4,6,6,4,4,10,5,5,2,15,3,10,2,1,C03,7,9,1,10,2,11,,15,15,1,6,4,120.687027,24.13254,2
10600,66000,387130000C,(04)23274275,(04)23288582,2025,12,24,17,20,臺中市,太平區,0,0,0,7,,,50,,,,,,,,,,,,,,13,,,,,C03,,,1,,2,,,84,84,1,12,4,120.716685,24.132124,3
10601,66000,387130000C,(04)23274275,(04)23288582,2025,12,24,17,21,臺中市,神岡區,0,1,0,7,1,6,50,13,9,1,5,4,6,6,4,4,5,4,4,2,16,3,10,1,4,C03,7,1,1,10,2,11,,51,51,1,12,4,120.679723,24.248866,2