序號,縣市別代碼,機關代碼,市話,傳真,年,月,日,時,分,縣市,區,死亡數量,受傷數量,2-30,天候,道路照明設備,道路類別,道路速限,道路型態,事故位置,路面鋪裝,路面狀態,路面缺陷,障礙物,視距,號誌種類,號誌動作,分向設施,快車道或一般車道間,快慢車道間,路面邊線,事故類型及型態,受傷程度,主要傷處,保護裝備,行動電話或功能裝置,當事者區分(類別),車輛用途,當事者行動狀態,駕照狀態,駕照種類,飲酒情形,車輛撞擊部位最初,車輛撞擊部位其他,肇事因素個別,肇事因素主要,肇事逃逸,職業,共享經濟或外送平台,GPS座標X,GPS座標Y,事故類別
10602,66000,387130000C,(04)23274275,(04)23288582,2025,12,24,17,23,臺中市,西區,0,0,0,7,,,60,,,,,,,,,,,,,,17,,,,,B03,,,1,,1,,,20,20,1,12,4,120.659639,24.156871,3
10603,66000,387130000C,(04)23274275,(04)23288582,2025,12,24,17,23,臺中市,北區,0,2,0,7,1,6,50,13,8,1,5,4,6,6,4,4,5,5,4,2,17,2,9,5,4,C03,7,15,3,19,2,12,,39,39,1,12,4,120.676051,24.171868,2
10604,66000,387130000C,(04)23274275,(04)23288582,2025,12,24,17,24,臺中市,烏日區,0,0,0,7,,,40,,,,,,,,,,,,,,9,,,,,A41,,,1,,9,,,63,63,1,6,4,120.593724,24.113362,3
10605,66000,387130000C,(04)23274275,(04)23288582,2025,12,24,17,25,臺中市,西區,0,1,0,7,1,6,50,4,1,1,5,4,6,6,4,4,10,5,5,2,17,3,10,2,1,C03,7,9,1,10,2,14,13,20,20,1,12,4,120.655073,24.149937,2
10606,66000,387130000C,(04)23274275,(04)23288582,2025,12,24,17,25,臺中市,大里區,0,0,0,7,,,50,,,,,,,,,,,,,,,,,,,B03,,,1,,1,,,84,84,1,12,4,120.695118,24.110974,3
10607,66000,387130000C,(04)23274275,(04)23288582,2025,12,24,17,29,臺中市,西區,0,2,0,7,1,6,50,4,2,1,5,4,6,6,2,1,1,4,5,1,17,2,9,2,1,C03,7,9,1,10,2,11,,21,21,1,13,4,120.652953,24.150884,2
10608,66000,387130000C,(04)23274275,(04)23288582,2025,12,24,17,29,臺中市,東區,0,0,0,7,,,50,,,,,,,,,,,,,,,,,,,C03,,,2,,1,,,7,7,1,4,4,120.707895,24.149012,3
10609,66000,387130000C,(04)23274275,(04)23288582,2025,12,24,17,29,臺中市,太平區,0,0,0,7,,,30,,,,,,,,,,,,,,17,,,,,B12,,,1,,2,,,78,78,1,12,4,120.721545,24.118705,3
10610,66000,387130000C,(04)23274275,(04)23288582,2025,12,24,17,30,臺中市,南屯區,0,0,0,7,,,50,,,,,,,,,,,,,,16,,,,,A04,,,1,,1,,,8,8,1,6,4,120.635003,24.152535,3
10611,66000,387130000C,(04)23274275,(04)23288582,2025,12,24,17,30,臺中市,太平區,0,1,0,7,3,6,50,3,1,1,5,4,6,6,4,4,10,5,5,2,16,3,10,2,1,F03,7,6,7,21,2,11,,14,14,1,12,4,120.729671,24.108809,2
10612,66000,387130000C,(04)23274275,(04)23288582,2025,12,24,17,30,臺中市,神岡區,0,1,0,7,1,6,50,4,1,1,5,4,6,6,1,1,10,5,5,2,16,3,10,5,4,B12,7,6,1,8,2,6,,11,11,1,12,4,120.658619,24.25901,2
10613,66000,387130000C,(04)23274275,(04)23288582,2025,12,24,17,31,臺中市,西區,0,0,0,7,,,50,,,,,,,,,,,,,,,,,,,C03,,,1,,1,,,7,7,1,12,4,120.662583,24.155647,3
10614,66000,387130000C,(04)23274275,(04)23288582,2025,12,24,17,31,臺中市,東區,0,0,0,7,,,50,,,,,,,,,,,,,,30,,,,,B03,,,1,,1,,,85,85,1,12,4,120.706322,24.129636,3
10615,66000,387130000C,(04)23274275,(04)23288582,2025,12,24,17,32,臺中市,北區,0,1,0,7,1,6,40,3,2,1,5,4,6,6,4,4,1,4,4,2,17,3,10,1,1,C03,7,4,1,10,2,13,,1,1,1,12,4,120.674082,24.164112,2
10616,66000,387130000C,(04)23274275,(04)23288582,2025,12,24,17,32,臺中市,大甲區,0,0,0,1,,,70,,,,,,,,,,,,,,2,3,10,1,1,C03,7,1,1,10,1,11,,58,58,1,6,4,120.648565,24.376794,3
10617,66000,387130000C,(04)23274275,(04)23288582,2025,12,24,17,35,臺中市,北屯區,0,0,0,7,,,50,,,,,,,,,,,,,,13,,,,,B03,,,1,,1,,,7,7,1,13,4,120.70623,24.169453,3
10618,66000,387130000C,(04)23274275,(04)23288582,2025,12,24,17,35,臺中市,沙鹿區,0,0,0,7,,,50,,,,,,,,,,,,,,13,,,,,B03,,,1,,1,,,7,7,1,6,4,120.553711,24.214136,3
10619,66000,387130000C,(04)23274275,(04)23288582,2025,12,24,17,36,臺中市,西屯區,0,2,0,7,1,6,30,4,9,1,5,4,6,6,4,4,10,5,5,2,15,2,9,1,4,C03,7,9,1,10,1,12,,12,12,1,13,4,120.644431,24.179917,2
10620,66000,387130000C,(04)23274275,(04)23288582,2025,12,24,17,39,臺中市,西屯區,0,1,0,7,1,6,50,4,1,1,5,4,6,6,1,1,10,5,5,2,16,3,10,5,1,B03,7,6,1,8,2,5,,11,11,1,12,4,120.657651,24.171365,2
10621,66000,387130000C,(04)23274275,(04)23288582,2025,12,24,17,39,臺中市,后里區,0,1,0,7,1,6,50,13,9,1,5,4,6,6,4,4,9,4,4,2,30,2,9,1,1,C03,7,9,1,10,2,12,,84,84,1,6,4,120.707565,24.306084,2
10622,66000,387130000C,(04)23274275,(04)23288582,2025,12,24,17,40,臺中市,大里區,0,0,0,7,,,50,,,,,,,,,,,,,,,,,,,B03,,,1,,2,,,84,84,1,12,4,120.68994,24.092523,3
10623,66000,387130000C,(04)23274275,(04)23288582,2025,12,24,17,40,臺中市,烏日區,0,0,0,7,,,50,,,,,,,,,,,,,,12,,,,,B02,,,1,,1,,,39,39,1,6,4,120.618724,24.115942,3
10624,66000,387130000C,(04)23274275,(04)23288582,2025,12,24,17,42,臺中市,西屯區,0,1,0,7,1,6,50,4,1,1,5,4,6,6,2,1,10,5,5,2,16,3,10,3,1,B03,7,6,1,8,1,8,,48,48,1,12,4,120.654533,24.156896,2
10625,66000,387130000C,(04)23274275,(04)23288582,2025,12,24,17,42,臺中市,沙鹿區,0,0,0,7,,,40,,,,,,,,,,,,,,,,,,,C03,,,1,,1,,,7,7,1,12,4,120.574559,24.228919,3
10626,66000,387130000C,(04)23274275,(04)23288582,2025,12,24,17,44,臺中市,南屯區,0,0,0,7,,,50,,,,,,,,,,,,,,13,,,,,B03,,,1,,1,,,59,59,1,12,4,120.646731,24.153168,3
10627,66000,387130000C,(04)23274275,(04)23288582,2025,12,24,17,46,臺中市,霧峰區,0,0,0,7,1,6,50,3,2,1,5,4,6,6,4,4,3,4,4,2,17,3,10,3,1,B03,7,9,1,8,8,5,,84,84,1,12,4,120.695223,24.052169,3
10628,66000,387130000C,(04)23274275,(04)23288582,2025,12,24,17,46,臺中市,大甲區,0,1,0,7,1,6,30,3,1,1,5,4,6,6,4,4,10,5,5,2,16,3,10,3,1,B03,7,6,1,8,2,1,,14,14,1,6,4,120.618895,24.342291,2
10629,66000,387130000C,(04)23274275,(04)23288582,2025,12,24,17,48,臺中市,大雅區,0,1,0,7,2,6,50,13,9,1,5,4,6,6,4,4,9,5,5,1,13,3,10,2,1,C03,7,11,1,10,2,12,,87,87,1,13,4,120.648453,24.225672,2
10630,66000,387130000C,(04)23274275,(04)23288582,2025,12,24,17,49,臺中市,北區,0,1,0,7,2,6,50,5,1,1,5,4,6,6,1,1,5,5,5,2,16,3,10,1,1,C03,7,6,1,10,2,13,,11,11,1,12,4,120.670506,24.155745,2
10631,66000,387130000C,(04)23274275,(04)23288582,2025,12,24,17,49,臺中市,西屯區,0,0,0,7,,,50,,,,,,,,,,,,,,12,,,,,B03,,,1,,11,,,59,59,1,12,4,120.607627,24.157148,3
10632,66000,387130000C,(04)23274275,(04)23288582,2025,12,24,17,49,臺中市,太平區,0,1,0,7,1,6,50,13,9,1,5,4,6,6,1,1,5,4,5,1,13,2,9,2,1,C03,7,9,1,10,2,11,,58,58,1,6,4,120.710546,24.122275,2
10633,66000,387130000C,(04)23274275,(04)23288582,2025,12,24,17,50,臺中市,南屯區,0,0,0,7,,,50,,,,,,,,,,,,,,13,,,,,B03,,,1,,1,,,7,7,1,12,4,120.634885,24.136378,3
10634,66000,387130000C,(04)23274275,(04)23288582,2025,12,24,17,51,臺中市,北屯區,0,1,0,7,1,6,50,4,1,1,5,4,6,6,1,1,1,3,5,2,16,3,10,3,1,B03,7,5,1,8,2,2,,84,84,1,13,4,120.721183,24.176727,2
10635,66000,387130000C,(04)23274275,(04)23288582,2025,12,24,17,52,臺中市,北屯區,0,0,0,7,,,50,,,,,,,,,,,,,,14,,,,,B12,,,1,,1,,,49,49,1,6,4,120.717187,24.175232,3
10636,66000,387130000C,(04)23274275,(04)23288582,2025,12,24,17,54,臺中市,北區,0,1,0,7,1,6,50,4,1,1,5,4,6,6,1,1,10,5,5,2,16,3,10,3,1,B03,7,6,1,8,2,1,,20,20,1,12,4,120.669203,24.160435,2
10637,66000,387130000C,(04)23274275,(04)23288582,2025,12,24,17,54,臺中市,西屯區,0,0,0,7,,,30,,,,,,,,,,,,,,17,,,,,B03,,,1,,1,,,85,85,1,13,4,120.650356,24.166892,4
10638,66000,387130000C,(04)23274275,(04)23288582,2025,12,24,18,0,臺中市,北屯區,0,0,0,7,,,50,,,,,,,,,,,,,,9,,,,,C03,,,1,10,9,,,40,40,2,12,4,120.679636,24.172614,3
10639,66000,387130000C,(04)23274275,(04)23288582,2025,12,24,18,0,臺中市,沙鹿區,0,0,0,7,,,50,,,,,,,,,,,,,,13,,,,,B03,,,1,,1,,,7,7,1,6,4,120.553375,24.21441,3
10640,66000,387130000C,(04)23274275,(04)23288582,2025,12,24,18,1,臺中市,西屯區,0,0,0,7,,,50,,,,,,,,,,,,,,16,,,,,C03,,,1,,1,,,11,11,1,12,4,120.655132,24.164343,3
10641,66000,387130000C,(04)23274275,(04)23288582,2025,12,24,18,1,臺中市,豐原區,0,1,0,7,1,6,50,13,7,1,5,4,6,6,4,4,5,5,4,2,13,2,9,2,1,C03,7,9,1,10,2,11,,7,7,1,13,4,120.705675,24.242061,2
10642,66000,387130000C,(04)23274275,(04)23288582,2025,12,24,18,2,臺中市,西屯區,0,1,0,7,1,6,50,3,2,1,5,4,6,6,4,4,10,5,5,2,17,3,10,5,4,B03,7,11,1,8,2,8,,45,45,1,12,4,120.663125,24.173125,2
10643,66000,387130000C,(04)23274275,(04)23288582,2025,12,24,18,3,臺中市,豐原區,0,2,0,7,1,6,60,13,7,1,5,4,6,6,4,4,1,4,4,1,17,2,9,2,1,C03,7,9,1,10,2,14,,84,84,1,13,4,120.731488,24.246294,2
10644,66000,387130000C,(04)23274275,(04)23288582,2025,12,24,18,4,臺中市,東區,0,0,0,7,,,30,,,,,,,,,,,,,,,,,,,B03,,,1,,2,,,84,84,1,12,4,120.692855,24.147412,3
10645,66000,387130000C,(04)23274275,(04)23288582,2025,12,24,18,4,臺中市,太平區,0,0,0,7,,3,80,,,,,,,,,,,,,,13,,,,,B03,,,1,,1,,,7,7,1,12,4,120.714097,24.14843,3
10646,66000,387130000C,(04)23274275,(04)23288582,2025,12,24,18,5,臺中市,沙鹿區,0,0,0,7,1,6,50,3,7,1,5,4,6,6,1,1,4,3,4,2,13,,,,,B03,,,1,,2,,,7,7,1,12,4,120.579431,24.218484,3
10647,66000,387130000C,(04)23274275,(04)23288582,2025,12,24,18,5,臺中市,大甲區,0,1,0,7,1,6,50,13,9,1,5,4,6,6,1,1,6,3,5,1,13,2,9,1,1,C03,7,9,1,10,2,11,,7,7,1,12,4,120.627697,24.345897,2
10648,66000,387130000C,(04)23274275,(04)23288582,2025,12,24,18,6,臺中市,龍井區,0,1,0,7,1,6,50,4,1,1,5,4,6,6,2,1,10,5,5,2,15,2,9,1,1,C03,7,1,1,10,2,11,,51,51,1,6,4,120.585332,24.186961,2
10649,66000,387130000C,(04)23274275,(04)23288582,2025,12,24,18,8,臺中市,北區,0,0,0,7,,,50,,,,,,,,,,,,,,13,,,,,B03,,,1,,1,,,84,84,1,12,4,120.674063,24.164699,3
10650,66000,387130000C,(04)23274275,(04)23288582,2025,12,24,18,8,臺中市,南屯區,0,1,0,7,1,6,50,3,1,1,5,4,6,6,2,1,10,5,5,2,16,2,7,6,1,F01,7,6,7,21,1,14,,48,48,1,12,4,120.653211,24.156142,2
10651,66000,387130000C,(04)23274275,(04)23288582,2025,12,24,18,8,臺中市,霧峰區,0,2,0,7,1,6,30,4,1,1,5,4,6,6,4,4,10,5,5,2,11,2,9,1,1,C03,7,6,1,10,2,11,,14,14,1,5,4,120.698422,24.062438,2
10652,66000,387130000C,(04)23274275,(04)23288582,2025,12,24,18,9,臺中市,西區,0,2,0,6,1,6,50,13,9,1,5,4,6,6,4,4,5,4,5,2,17,2,9,2,1,C04,7,11,1,10,2,11,,45,45,1,12,4,120.666589,24.152452,2
10653,66000,387130000C,(04)23274275,(04)23288582,2025,12,24,18,9,臺中市,大里區,0,1,0,7,1,6,50,4,1,1,5,4,6,6,1,1,10,5,5,2,16,3,10,1,1,C03,7,5,1,10,2,12,,47,47,1,13,4,120.689183,24.119355,2
10654,66000,387130000C,(04)23274275,(04)23288582,2025,12,24,18,9,臺中市,沙鹿區,0,0,0,7,,,40,,,,,,,,,,,,,,,,,,,C03,,,1,,1,,,7,7,1,12,4,120.578995,24.221971,3
10655,66000,387130000C,(04)23274275,(04)23288582,2025,12,24,18,10,臺中市,中區,0,2,0,7,1,6,50,4,1,1,5,4,6,6,1,1,10,5,5,2,17,2,9,2,1,C03,7,8,3,19,2,14,,35,35,1,12,4,120.683628,24.141528,2
10656,66000,387130000C,(04)23274275,(04)23288582,2025,12,24,18,10,臺中市,烏日區,0,0,0,7,,,50,,,,,,,,,,,,,,,,,,,C03,,,1,,1,,,7,7,1,13,4,120.607519,24.121471,3
10657,66000,387130000C,(04)23274275,(04)23288582,2025,12,24,18,13,臺中市,東區,0,1,0,7,1,6,30,13,9,1,5,4,6,6,4,4,10,5,5,2,13,3,10,2,1,C03,7,9,1,10,2,11,,84,84,1,13,4,120.68651,24.138115,2
10658,66000,387130000C,(04)23274275,(04)23288582,2025,12,24,18,14,臺中市,北區,0,0,0,7,1,6,50,13,9,1,5,4,6,6,4,4,1,4,5,2,12,3,10,1,1,C03,7,7,1,10,1,14,,84,84,1,12,4,120.67214,24.170009,3
10659,66000,387130000C,(04)23274275,(04)23288582,2025,12,24,18,15,臺中市,南區,0,0,0,7,,,50,,,,,,,,,,,,,,16,,,,,B03,,,1,,1,,,40,40,1,6,4,120.656657,24.129724,3
10660,66000,387130000C,(04)23274275,(04)23288582,2025,12,24,18,17,臺中市,潭子區,0,2,0,7,1,6,50,3,2,1,5,4,6,6,2,1,5,5,4,2,13,2,9,2,1,C03,7,9,1,10,2,11,,59,59,1,13,2,120.703595,24.213556,2
10661,66000,387130000C,(04)23274275,(04)23288582,2025,12,24,18,20,臺中市,太平區,0,0,0,7,,,50,,,,,,,,,,,,,,13,,,,,B03,,,1,,2,,,84,84,1,12,4,120.709466,24.135657,3
10662,66000,387130000C,(04)23274275,(04)23288582,2025,12,24,18,22,臺中市,北屯區,0,0,0,7,,,40,,,,,,,,,,,,,,17,,,,,B03,,,1,,2,,,84,84,1,13,4,120.690359,24.18591,3
10663,66000,387130000C,(04)23274275,(04)23288582,2025,12,24,18,25,臺中市,大里區,0,0,0,7,,3,80,,,,,,,,,,,,,,,,,,,B03,,,1,,1,,,7,7,1,12,4,120.688259,24.072936,3
10664,66000,387130000C,(04)23274275,(04)23288582,2025,12,24,18,26,臺中市,大里區,0,0,0,7,1,6,50,13,9,1,5,4,6,6,4,4,5,5,5,1,13,,,,,B03,,,1,,2,,,82,82,1,6,4,120.697507,24.09495,3
10665,66000,387130000C,(04)23274275,(04)23288582,2025,12,24,18,27,臺中市,龍井區,0,0,0,7,,,70,,,,,,,,,,,,,,,,,,,,,,,,,,,8,8,1,,4,120.54605,24.217655,3
10666,66000,387130000C,(04)23274275,(04)23288582,2025,12,24,18,28,臺中市,大里區,0,1,0,7,1,6,30,13,9,1,5,4,6,6,4,4,10,5,5,2,17,3,10,3,1,B02,7,5,1,8,2,1,,84,84,1,6,4,120.692589,24.111145,2
10667,66000,387130000C,(04)23274275,(04)23288582,2025,12,24,18,29,臺中市,太平區,0,1,0,7,1,6,50,13,7,1,5,4,6,6,4,4,5,5,4,1,17,2,8,1,1,C03,7,11,1,10,2,13,,34,34,1,12,4,120.715296,24.147329,2
10668,66000,387130000C,(04)23274275,(04)23288582,2025,12,24,18,35,臺中市,清水區,0,0,0,7,1,6,60,13,7,1,5,4,6,6,1,1,8,3,4,1,13,,,,,B03,,,6,,2,,,7,7,1,12,4,120.602018,24.310473,3
10669,66000,387130000C,(04)23274275,(04)23288582,2025,12,24,18,35,臺中市,豐原區,0,0,0,7,,,50,,,,,,,,,,,,,,14,,,,,B03,,,1,,9,,,82,82,2,13,4,120.758952,24.276502,3
10670,66000,387130000C,(04)23274275,(04)23288582,2025,12,24,18,36,臺中市,豐原區,0,2,0,7,2,6,50,4,1,1,5,4,6,6,1,1,5,4,5,1,17,2,9,5,4,C03,7,6,1,10,2,11,,11,11,1,12,4,120.720226,24.264699,2
10671,66000,387130000C,(04)23274275,(04)23288582,2025,12,24,18,37,臺中市,潭子區,0,1,0,6,1,6,30,3,1,1,5,4,6,6,4,4,10,5,5,2,17,3,10,3,1,B03,7,5,1,8,2,7,,84,84,1,13,4,120.705836,24.209961,2
10672,66000,387130000C,(04)23274275,(04)23288582,2025,12,24,18,39,臺中市,梧棲區,0,1,0,7,1,6,50,4,1,1,5,4,6,6,4,4,10,5,5,2,15,2,9,1,1,C03,7,9,1,10,2,11,,15,15,1,6,4,120.536375,24.244246,2
10673,66000,387130000C,(04)23274275,(04)23288582,2025,12,24,18,41,臺中市,大里區,0,3,0,7,1,6,50,3,2,1,5,4,6,6,1,1,5,4,5,2,16,2,9,2,1,C03,7,11,2,19,2,14,,45,45,1,12,4,120.694245,24.111581,2
10674,66000,387130000C,(04)23274275,(04)23288582,2025,12,24,18,42,臺中市,西區,0,1,0,7,1,6,50,4,1,1,5,4,6,6,1,1,10,5,5,2,17,3,10,5,4,B03,7,6,1,8,9,2,,39,39,1,12,4,120.665234,24.15085,2
10675,66000,387130000C,(04)23274275,(04)23288582,2025,12,24,18,45,臺中市,北屯區,0,1,0,7,1,6,40,13,8,1,5,4,6,6,4,4,5,5,4,2,17,2,9,2,1,C03,7,12,1,10,2,11,,59,59,1,12,4,120.710258,24.186888,2
10676,66000,387130000C,(04)23274275,(04)23288582,2025,12,24,18,46,臺中市,北屯區,0,1,0,7,1,6,50,4,1,1,5,4,6,6,2,1,3,3,5,2,16,3,10,3,1,B03,7,6,1,6,2,1,,11,11,1,13,4,120.703763,24.174619,2
10677,66000,387130000C,(04)23274275,(04)23288582,2025,12,24,18,48,臺中市,神岡區,0,1,0,7,1,6,1,4,9,1,5,4,6,6,1,1,5,5,5,1,14,3,10,5,4,B03,7,2,1,8,2,3,,49,49,1,12,4,120.661315,24.263345,2
10678,66000,387130000C,(04)23274275,(04)23288582,2025,12,24,18,51,臺中市,南屯區,0,0,0,7,,,50,,,,,,,,,,,,,,17,,,,,B03,,,1,,2,,,50,50,1,12,4,120.627315,24.144746,3
10679,66000,387130000C,(04)23274275,(04)23288582,2025,12,24,18,52,臺中市,霧峰區,0,1,0,7,1,6,50,3,1,1,5,4,6,6,4,4,5,5,5,1,13,2,5,1,1,C03,7,9,1,10,2,12,,7,7,1,5,4,120.710799,24.0769,2
10680,66000,387130000C,(04)23274275,(04)23288582,2025,12,24,18,53,臺中市,西屯區,0,0,0,7,,,50,,,,,,,,,,,,,,12,,,,,B03,,,1,,1,,,20,20,1,13,4,120.611316,24.165879,3
10681,66000,387130000C,(04)23274275,(04)23288582,2025,12,24,18,53,臺中市,太平區,0,0,0,7,,,50,,,,,,,,,,,,,,17,,,,,C03,,,1,,2,,,78,78,1,12,4,120.708854,24.153933,3
10682,66000,387130000C,(04)23274275,(04)23288582,2025,12,24,18,57,臺中市,西區,0,0,0,7,,,50,,,,,,,,,,,,,,14,,,,,B03,,,1,,2,,,84,84,1,12,4,120.657883,24.135136,3
10683,66000,387130000C,(04)23274275,(04)23288582,2025,12,24,18,57,臺中市,西區,0,1,0,7,2,6,50,11,9,1,5,4,6,6,4,4,10,5,5,1,13,2,9,2,1,C03,7,9,1,10,3,11,,84,84,1,13,4,120.659695,24.157292,2
10684,66000,387130000C,(04)23274275,(04)23288582,2025,12,24,18,59,臺中市,北屯區,0,1,0,7,1,6,50,3,1,1,5,4,6,6,4,4,10,5,5,2,16,3,10,3,1,B03,7,5,1,8,2,2,,85,85,1,12,4,120.689742,24.162885,2
10685,66000,387130000C,(04)23274275,(04)23288582,2025,12,24,19,0,臺中市,大里區,0,2,0,7,1,6,30,13,9,1,5,4,6,6,4,4,10,5,5,2,11,2,8,1,1,C03,7,9,1,10,2,14,,41,41,1,12,4,120.712327,24.086474,2
10686,66000,387130000C,(04)23274275,(04)23288582,2025,12,24,19,1,臺中市,北屯區,0,0,0,7,,,50,,,,,,,,,,,,,,9,,,,,B03,,,1,8,2,,,7,7,1,12,4,120.671727,24.173955,3
10687,66000,387130000C,(04)23274275,(04)23288582,2025,12,24,19,3,臺中市,大里區,0,0,0,7,,,50,,,,,,,,,,,,,,16,,,,,B03,,,1,,2,,,39,39,1,13,4,120.688404,24.120222,3
10688,66000,387130000C,(04)23274275,(04)23288582,2025,12,24,19,6,臺中市,霧峰區,0,0,0,7,,,30,,,,,,,,,,,,,,,,,,,B03,,,1,,2,,,49,49,1,6,4,120.713525,24.07215,3
10689,66000,387130000C,(04)23274275,(04)23288582,2025,12,24,19,7,臺中市,西區,0,0,0,7,,,50,,,,,,,,,,,,,,17,,,,,B03,,,1,,2,,,7,7,1,12,4,120.660949,24.156436,3
10690,66000,387130000C,(04)23274275,(04)23288582,2025,12,24,19,10,臺中市,西區,0,0,0,7,,,30,,,,,,,,,,,,,,17,,,,,C03,,,1,,9,,,84,84,2,12,4,120.67234,24.146863,3
10691,66000,387130000C,(04)23274275,(04)23288582,2025,12,24,19,12,臺中市,西屯區,0,2,0,7,1,6,50,3,1,1,5,4,6,6,1,1,10,5,5,2,16,2,9,5,1,C03,7,6,1,10,2,14,,48,48,1,12,4,120.655014,24.200277,2
10692,66000,387130000C,(04)23274275,(04)23288582,2025,12,24,19,13,臺中市,北屯區,0,0,0,7,,,50,,,,,,,,,,,,,,13,,,,,B03,,,1,,1,,,59,59,1,13,4,120.66712,24.18018,3
10693,66000,387130000C,(04)23274275,(04)23288582,2025,12,24,19,14,臺中市,北區,0,2,0,7,1,6,50,4,1,1,5,4,6,6,4,4,10,5,5,2,15,2,9,1,1,C03,7,9,1,10,2,12,,6,6,1,12,4,120.685948,24.162113,2
10694,66000,387130000C,(04)23274275,(04)23288582,2025,12,24,19,15,臺中市,北屯區,0,0,0,7,,,50,,,,,,,,,,,,,,13,,,,,B03,,,1,,2,,,7,7,1,6,4,120.69296,24.163272,3
10695,66000,387130000C,(04)23274275,(04)23288582,2025,12,24,19,19,臺中市,霧峰區,0,0,0,7,,,50,,,,,,,,,,,,,,17,,,,,B03,,,1,,2,,,84,84,1,12,4,120.698934,24.064959,3
10696,66000,387130000C,(04)23274275,(04)23288582,2025,12,24,19,20,臺中市,沙鹿區,0,0,0,7,1,6,60,13,7,1,5,4,6,6,4,4,1,3,1,2,13,,,,,B03,,,1,,2,,,7,7,1,12,4,120.570993,24.235405,3
10697,66000,387130000C,(04)23274275,(04)23288582,2025,12,24,19,23,臺中市,神岡區,0,2,0,7,1,6,50,13,9,1,5,4,6,6,4,4,9,5,5,1,16,2,9,5,4,C03,7,6,1,10,2,11,,88,88,1,12,4,120.687997,24.240289,2
10698,66000,387130000C,(04)23274275,(04)23288582,2025,12,24,19,25,臺中市,西屯區,0,2,0,7,1,6,50,4,1,1,5,4,6,6,2,1,10,5,5,2,15,2,9,1,1,C03,7,9,1,10,2,11,12,21,21,1,12,4,120.646909,24.17486,2
10699,66000,387130000C,(04)23274275,(04)23288582,2025,12,24,19,25,臺中市,太平區,0,0,0,7,,,50,,,,,,,,,,,,,,,,,,,B03,,,1,,2,,,39,39,1,12,4,120.726954,24.115533,3
10700,66000,387130000C,(04)23274275,(04)23288582,2025,12,24,19,28,臺中市,北屯區,0,0,0,7,,,50,,,,,,,,,,,,,,13,,,,,B03,,,1,,1,,,7,7,1,13,4,120.669421,24.177257,3
10701,66000,387130000C,(04)23274275,(04)23288582,2025,12,24,19,32,臺中市,北區,0,1,0,7,1,6,40,3,4,1,5,4,6,6,1,1,3,4,4,2,13,3,10,5,4,G06,7,9,7,21,2,17,,84,84,1,12,4,120.689055,24.153601,2
10702,66000,387130000C,(04)23274275,(04)23288582,2025,12,24,19,32,臺中市,北屯區,0,1,0,7,1,6,50,4,19,1,5,4,6,6,2,1,10,5,5,2,1,3,10,3,1,B03,7,6,1,8,2,4,,10,10,1,12,4,120.683666,24.193646,2
10703,66000,387130000C,(04)23274275,(04)23288582,2025,12,24,19,32,臺中市,北屯區,0,0,0,7,,,50,,,,,,,,,,,,,,9,,,,,B03,,,1,8,1,,,39,39,1,12,4,120.701671,24.182071,3
10704,66000,387130000C,(04)23274275,(04)23288582,2025,12,24,19,34,臺中市,大里區,0,0,0,7,,,50,,,,,,,,,,,,,,,,,,,B03,,,1,,2,,,7,7,1,12,4,120.690909,24.100987,3
10705,66000,387130000C,(04)23274275,(04)23288582,2025,12,24,19,35,臺中市,龍井區,0,2,0,7,1,6,50,4,1,1,5,4,6,6,2,1,10,5,5,2,16,3,10,3,1,B03,7,6,1,8,2,8,,11,11,1,6,4,120.58302,24.178835,2
10706,66000,387130000C,(04)23274275,(04)23288582,2025,12,24,19,39,臺中市,沙鹿區,0,2,0,7,2,6,30,3,1,1,1,4,6,6,4,4,10,5,5,2,16,2,8,1,1,C03,7,6,1,10,2,11,14,14,14,1,5,4,120.553169,24.230777,2
10707,66000,387130000C,(04)23274275,(04)23288582,2025,12,24,19,40,臺中市,南屯區,0,1,0,7,1,6,50,13,9,1,5,4,6,6,4,4,5,5,5,2,17,3,10,3,1,B03,7,14,1,8,2,2,,76,76,1,12,4,120.637557,24.145534,2
10708,66000,387130000C,(04)23274275,(04)23288582,2025,12,24,19,42,臺中市,西屯區,0,2,0,7,1,6,30,4,1,1,5,4,6,6,3,1,10,5,5,2,9,2,9,6,5,H01,8,16,7,21,10,17,,95,95,1,13,5,120.636945,24.181501,2
10709,66000,387130000C,(04)23274275,(04)23288582,2025,12,24,19,43,臺中市,霧峰區,0,1,0,7,1,6,60,3,1,1,5,4,6,6,1,1,10,5,5,2,16,3,10,3,1,B03,7,6,1,8,2,2,,11,11,1,6,4,120.695301,24.061126,2
10710,66000,387130000C,(04)23274275,(04)23288582,2025,12,24,19,45,臺中市,沙鹿區,0,2,0,7,1,6,40,13,8,1,5,4,6,6,4,4,1,4,1,2,17,2,9,1,1,C03,7,1,1,10,2,14,,51,51,1,12,4,120.576588,24.226438,2
10711,66000,387130000C,(04)23274275,(04)23288582,2025,12,24,19,49,臺中市,大里區,0,0,0,7,,,50,,,,,,,,,,,,,,,,,,,B03,,,1,,2,,,7,7,1,6,4,120.696895,24.084858,3