序號,縣市別代碼,機關代碼,市話,傳真,年,月,日,時,分,縣市,區,死亡數量,受傷數量,2-30,天候,道路照明設備,道路類別,道路速限,道路型態,事故位置,路面鋪裝,路面狀態,路面缺陷,障礙物,視距,號誌種類,號誌動作,分向設施,快車道或一般車道間,快慢車道間,路面邊線,事故類型及型態,受傷程度,主要傷處,保護裝備,行動電話或功能裝置,當事者區分(類別),車輛用途,當事者行動狀態,駕照狀態,駕照種類,飲酒情形,車輛撞擊部位最初,車輛撞擊部位其他,肇事因素個別,肇事因素主要,肇事逃逸,職業,共享經濟或外送平台,GPS座標X,GPS座標Y,事故類別
10712,66000,387130000C,(04)23274275,(04)23288582,2025,12,24,19,50,臺中市,潭子區,0,0,0,7,,,40,,,,,,,,,,,,,,,,,,,B03,,,1,,9,,,59,59,1,12,4,120.707418,24.201012,3
10713,66000,387130000C,(04)23274275,(04)23288582,2025,12,24,19,51,臺中市,西區,0,1,0,7,1,6,50,13,9,1,5,4,6,6,4,4,1,4,5,2,17,3,10,5,4,B03,7,5,1,8,2,16,,84,84,1,12,4,120.659327,24.156093,2
10714,66000,387130000C,(04)23274275,(04)23288582,2025,12,24,19,52,臺中市,西屯區,0,1,0,7,1,6,0,4,1,1,5,4,6,6,1,1,1,4,1,2,16,2,9,5,4,F01,7,9,7,21,2,14,,39,39,1,12,1,120.649435,24.162791,2
10715,66000,387130000C,(04)23274275,(04)23288582,2025,12,24,19,53,臺中市,西屯區,0,0,0,7,,,40,,,,,,,,,,,,,,12,,,,,B03,,,1,,2,,,51,51,1,13,4,120.644554,24.165068,3
10716,66000,387130000C,(04)23274275,(04)23288582,2025,12,24,19,53,臺中市,西屯區,0,0,0,7,,,50,,,,,,,,,,,,,,12,,,,,C03,,,1,,1,,,35,35,1,12,4,120.64693,24.168943,3
10717,66000,387130000C,(04)23274275,(04)23288582,2025,12,24,20,0,臺中市,南區,0,0,0,7,,,40,,,,,,,,,,,,,,17,,,,,,,,,,,,,85,85,1,,,120.677313,24.130779,3
10718,66000,387130000C,(04)23274275,(04)23288582,2025,12,24,20,1,臺中市,太平區,0,0,0,7,,,30,,,,,,,,,,,,,,17,,,,,B03,,,1,,2,,,8,8,1,6,4,120.708237,24.112156,3
10719,66000,387130000C,(04)23274275,(04)23288582,2025,12,24,20,5,臺中市,東區,0,0,0,7,,,50,,,,,,,,,,,,,,,,,,,B03,,,1,,2,,,49,49,1,6,4,120.694735,24.140494,3
10720,66000,387130000C,(04)23274275,(04)23288582,2025,12,24,20,9,臺中市,北屯區,0,2,0,7,1,6,40,13,7,1,5,4,6,6,4,4,9,5,4,2,17,3,10,1,1,C03,7,1,3,19,2,14,,51,51,1,13,4,120.694792,24.177155,2
10721,66000,387130000C,(04)23274275,(04)23288582,2025,12,24,20,10,臺中市,北區,0,1,0,7,1,6,50,4,1,1,5,4,6,6,1,1,10,5,5,2,16,3,10,3,1,B03,7,6,1,4,2,1,,11,11,1,12,4,120.682335,24.153988,2
10722,66000,387130000C,(04)23274275,(04)23288582,2025,12,24,20,10,臺中市,沙鹿區,0,0,0,7,2,6,50,13,7,1,5,4,6,6,1,1,1,3,4,2,13,,,,,B03,,,1,,2,,,7,7,1,12,4,120.570329,24.218248,3
10723,66000,387130000C,(04)23274275,(04)23288582,2025,12,24,20,15,臺中市,西屯區,0,2,0,7,1,6,40,3,1,1,5,4,6,6,2,1,10,5,5,2,16,3,10,3,1,B03,7,5,3,19,2,5,,84,84,1,13,4,120.609677,24.184638,2
10724,66000,387130000C,(04)23274275,(04)23288582,2025,12,24,20,25,臺中市,北屯區,0,1,0,7,1,6,50,4,1,1,5,4,6,6,2,1,4,3,4,2,16,3,10,2,1,C03,7,1,1,10,2,14,12,51,51,1,13,4,120.690373,24.175466,2
10725,66000,387130000C,(04)23274275,(04)23288582,2025,12,24,20,30,臺中市,中區,0,0,0,7,,,50,,,,,,,,,,,,,,14,,,,,B03,,,1,,1,,,49,49,1,13,4,120.67615,24.142078,3
10726,66000,387130000C,(04)23274275,(04)23288582,2025,12,24,20,35,臺中市,北屯區,0,1,0,7,1,6,50,13,9,1,5,4,6,6,4,4,10,5,5,2,13,3,10,5,4,C03,7,9,1,10,2,11,,7,7,1,12,4,120.701857,24.182629,2
10727,66000,387130000C,(04)23274275,(04)23288582,2025,12,24,20,39,臺中市,后里區,0,0,0,7,1,6,50,13,14,1,5,4,6,6,4,4,4,4,4,1,17,3,10,1,1,C03,7,3,1,10,1,11,,84,84,2,6,4,120.710133,24.310846,3
10728,66000,387130000C,(04)23274275,(04)23288582,2025,12,24,20,40,臺中市,西屯區,0,1,0,7,1,6,50,4,1,1,5,4,6,6,1,1,10,5,5,2,17,3,10,3,1,B03,7,6,1,8,1,16,,11,11,1,12,4,120.655842,24.17046,2
10729,66000,387130000C,(04)23274275,(04)23288582,2025,12,24,20,42,臺中市,霧峰區,0,1,0,7,1,6,30,13,9,1,5,4,6,6,4,4,10,5,5,1,11,2,9,1,1,C03,7,9,1,10,2,11,,82,82,1,5,4,120.676064,24.073147,2
10730,66000,387130000C,(04)23274275,(04)23288582,2025,12,24,20,45,臺中市,西屯區,0,0,0,7,,3,50,,,,,,,,,,,,,,13,,,,,B03,,,1,,1,,,7,7,1,12,4,120.6067,24.169135,3
10731,66000,387130000C,(04)23274275,(04)23288582,2025,12,24,20,48,臺中市,西屯區,0,0,0,7,,,0,,,,,,,,,,,,,,17,,,,,,,,,,,,,118,118,1,,,120.629456,24.163991,4
10732,66000,387130000C,(04)23274275,(04)23288582,2025,12,24,20,52,臺中市,北區,0,0,0,7,,,50,,,,,,,,,,,,,,13,,,,,C03,,,1,,2,,,84,84,1,12,4,120.66918,24.159179,3
10733,66000,387130000C,(04)23274275,(04)23288582,2025,12,24,20,53,臺中市,沙鹿區,0,0,0,7,,,30,,,,,,,,,,,,,,11,,,,,B03,,,1,,2,,,8,8,1,6,4,120.560244,24.223077,3
10734,66000,387130000C,(04)23274275,(04)23288582,2025,12,24,21,6,臺中市,西區,0,1,0,7,1,6,50,4,1,1,5,4,6,6,1,1,1,4,4,2,12,3,10,3,1,B03,7,5,1,8,2,6,,47,47,1,13,4,120.658859,24.140238,2
10735,66000,387130000C,(04)23274275,(04)23288582,2025,12,24,21,10,臺中市,北區,0,1,0,7,1,6,50,13,9,1,5,4,6,6,4,4,5,5,5,2,17,3,10,5,4,B01,7,9,1,4,2,5,,84,84,1,12,4,120.686722,24.148917,2
10736,66000,387130000C,(04)23274275,(04)23288582,2025,12,24,21,14,臺中市,北屯區,0,1,0,7,1,6,50,4,1,1,5,4,6,6,2,1,10,5,5,2,15,2,8,1,1,C03,7,9,1,10,2,11,,21,21,1,13,4,120.694319,24.172365,2
10737,66000,387130000C,(04)23274275,(04)23288582,2025,12,24,21,20,臺中市,大雅區,0,2,0,7,1,6,0,13,9,1,5,4,6,6,1,1,5,5,5,1,17,2,9,1,1,C03,7,1,1,10,2,14,,51,51,1,13,4,120.648733,24.225629,2
10738,66000,387130000C,(04)23274275,(04)23288582,2025,12,24,21,20,臺中市,西區,0,0,0,7,,,50,,,,,,,,,,,,,,,,,,,B03,,,1,,1,,,6,6,1,12,4,120.676564,24.137993,3
10739,66000,387130000C,(04)23274275,(04)23288582,2025,12,24,21,24,臺中市,沙鹿區,0,0,0,7,,,40,,,,,,,,,,,,,,,,,,,B03,,,1,,2,,,49,49,1,12,4,120.567863,24.227176,3
10740,66000,387130000C,(04)23274275,(04)23288582,2025,12,24,21,27,臺中市,北區,0,1,0,7,1,6,50,13,9,1,5,4,6,6,4,4,1,4,5,2,13,3,10,3,1,B03,7,9,1,8,2,1,,7,7,1,12,4,120.676202,24.15021,2
10741,66000,387130000C,(04)23274275,(04)23288582,2025,12,24,21,31,臺中市,北屯區,0,1,0,7,2,6,50,13,9,1,5,4,6,6,4,4,1,2,5,2,12,3,10,3,1,B01,7,9,1,4,2,5,,8,8,1,12,4,120.68524,24.172639,2
10742,66000,387130000C,(04)23274275,(04)23288582,2025,12,24,21,38,臺中市,大甲區,0,0,0,7,,,50,,,,,,,,,,,,,,,,,,,B03,,,1,,1,,,59,59,1,6,4,120.61797,24.34746,3
10743,66000,387130000C,(04)23274275,(04)23288582,2025,12,24,21,40,臺中市,西屯區,0,0,0,7,,,50,,,,,,,,,,,,,,17,,,,,B12,,,1,,1,,,51,51,2,12,4,120.612891,24.190292,3
10744,66000,387130000C,(04)23274275,(04)23288582,2025,12,24,21,47,臺中市,大肚區,0,2,0,7,1,6,40,13,11,1,5,4,6,6,4,4,10,5,5,2,10,2,9,1,1,C03,7,9,2,19,2,11,,4,4,1,4,4,120.578162,24.117715,2
10745,66000,387130000C,(04)23274275,(04)23288582,2025,12,24,21,54,臺中市,南屯區,0,0,0,7,,,50,,,,,,,,,,,,,,,,,,,B12,,,1,,1,,,59,59,1,12,4,120.646474,24.14261,3
10746,66000,387130000C,(04)23274275,(04)23288582,2025,12,24,22,0,臺中市,西區,0,0,0,7,,,50,,,,,,,,,,,,,,15,,,,,B03,,,1,,1,,,85,85,1,12,4,120.682212,24.135899,3
10747,66000,387130000C,(04)23274275,(04)23288582,2025,12,24,22,0,臺中市,北區,0,0,0,7,,,50,,,,,,,,,,,,,,,,,,,B03,,,1,,1,,,84,84,1,12,4,120.67807,24.163021,3
10748,66000,387130000C,(04)23274275,(04)23288582,2025,12,24,22,0,臺中市,西屯區,0,1,0,7,1,6,40,4,2,1,5,4,6,6,2,1,1,4,4,2,18,2,9,6,1,F01,7,9,7,21,2,14,,84,84,1,3,4,120.636683,24.156261,2
10749,66000,387130000C,(04)23274275,(04)23288582,2025,12,24,22,14,臺中市,西屯區,0,0,0,7,,,50,,,,,,,,,,,,,,12,,,,,B03,,,1,,2,,,20,20,1,13,4,120.660361,24.164453,3
10750,66000,387130000C,(04)23274275,(04)23288582,2025,12,24,22,14,臺中市,西屯區,0,1,0,7,1,6,30,13,9,1,5,4,6,6,4,4,10,5,5,2,12,3,10,5,4,B03,7,1,1,8,2,8,,51,51,1,12,4,120.643501,24.1773,2
10751,66000,387130000C,(04)23274275,(04)23288582,2025,12,24,22,28,臺中市,北屯區,0,0,0,7,,,50,,,,,,,,,,,,,,,,,,,B03,,,1,,9,,,84,84,2,13,4,120.684109,24.168432,3
10752,66000,387130000C,(04)23274275,(04)23288582,2025,12,24,22,30,臺中市,沙鹿區,0,2,0,7,1,6,40,13,8,1,5,4,6,6,4,4,1,3,1,1,13,2,9,2,1,C03,7,4,3,19,2,12,,7,7,1,12,4,120.574128,24.229515,2
10753,66000,387130000C,(04)23274275,(04)23288582,2025,12,24,22,36,臺中市,西屯區,0,0,0,7,,,30,,,,,,,,,,,,,,17,,,,,B03,,,1,,2,,,51,51,1,12,4,120.655121,24.156456,3
10754,66000,387130000C,(04)23274275,(04)23288582,2025,12,24,22,41,臺中市,西屯區,0,2,0,7,1,6,30,4,1,1,5,4,6,6,4,4,10,5,5,2,15,2,7,5,4,C03,7,9,1,10,2,11,,15,15,1,12,4,120.645307,24.166685,2
10755,66000,387130000C,(04)23274275,(04)23288582,2025,12,24,22,46,臺中市,南屯區,0,1,0,7,1,6,50,4,1,1,5,4,6,6,1,1,10,5,5,2,17,3,10,3,1,B03,7,5,1,8,2,16,,85,85,1,13,4,120.630633,24.138996,2
10756,66000,387130000C,(04)23274275,(04)23288582,2025,12,24,22,50,臺中市,沙鹿區,0,0,0,7,1,6,60,4,7,1,5,4,6,6,1,1,1,3,1,2,11,,,,,B03,,,1,,2,,,45,45,1,12,4,120.581421,24.209662,3
10757,66000,387130000C,(04)23274275,(04)23288582,2025,12,24,22,53,臺中市,東區,0,2,0,7,1,6,50,4,1,1,5,4,6,6,2,1,10,5,5,2,13,3,10,3,1,B03,7,9,1,8,2,1,,59,59,1,12,4,120.68983,24.132925,2
10758,66000,387130000C,(04)23274275,(04)23288582,2025,12,24,22,55,臺中市,西屯區,0,3,0,7,1,6,40,13,8,1,5,4,6,6,4,4,3,5,3,2,13,2,8,5,4,C03,7,5,1,10,2,13,,59,59,1,13,4,120.588013,24.192864,2
10759,66000,387130000C,(04)23274275,(04)23288582,2025,12,24,23,0,臺中市,北區,0,1,0,7,1,6,40,3,12,1,5,4,6,6,4,4,5,4,4,2,17,2,9,1,1,C03,7,9,1,10,2,16,14,84,84,1,12,4,120.678419,24.148113,2
10760,66000,387130000C,(04)23274275,(04)23288582,2025,12,24,23,0,臺中市,西屯區,0,1,0,7,1,6,50,4,1,1,5,4,6,6,2,1,10,5,5,2,16,2,9,1,1,C03,7,9,1,10,2,11,,1,1,1,12,4,120.64142,24.182277,2
10761,66000,387130000C,(04)23274275,(04)23288582,2025,12,24,23,10,臺中市,南屯區,0,2,0,7,1,6,50,4,4,1,5,4,6,6,1,1,10,5,5,2,13,2,9,1,1,C03,7,9,1,10,2,11,,59,59,1,12,4,120.646336,24.134909,2
10762,66000,387130000C,(04)23274275,(04)23288582,2025,12,24,23,14,臺中市,沙鹿區,0,0,0,7,,,30,,,,,,,,,,,,,,14,,,,,B12,,,1,,2,,,49,49,1,6,4,120.575011,24.231826,3
10763,66000,387130000C,(04)23274275,(04)23288582,2025,12,24,23,15,臺中市,豐原區,0,1,0,7,1,6,40,11,9,1,5,4,6,6,4,4,4,4,5,1,17,,,,,,,9,,,,,,86,86,2,,,120.725596,24.234356,2
10764,66000,387130000C,(04)23274275,(04)23288582,2025,12,24,23,20,臺中市,北屯區,0,0,0,7,,,50,,,,,,,,,,,,,,12,,,,,C03,,,1,,2,,,84,84,1,6,4,120.688587,24.171557,3
10765,66000,387130000C,(04)23274275,(04)23288582,2025,12,24,23,29,臺中市,大里區,0,0,0,7,,,50,,,,,,,,,,,,,,12,,,,,B03,,,1,,9,,,57,57,1,12,4,120.672591,24.089241,3
10766,66000,387130000C,(04)23274275,(04)23288582,2025,12,24,23,37,臺中市,豐原區,0,1,0,7,1,6,30,11,9,1,5,4,6,6,4,4,10,5,5,2,17,3,10,3,1,B03,7,9,1,8,2,4,,84,84,1,13,4,120.731278,24.271061,2
10767,66000,387130000C,(04)23274275,(04)23288582,2025,12,24,23,38,臺中市,西區,0,1,0,7,1,6,50,3,1,1,5,4,6,6,4,4,5,4,5,2,12,3,10,3,1,B01,7,7,1,4,2,5,,40,40,1,13,4,120.667553,24.146708,2
10768,66000,387130000C,(04)23274275,(04)23288582,2025,12,24,23,45,臺中市,西區,0,1,0,7,1,6,50,4,1,1,5,4,6,6,1,1,10,5,5,2,12,3,10,3,1,B03,7,9,1,8,2,5,,8,8,1,12,4,120.672973,24.150015,2
10769,66000,387130000C,(04)23274275,(04)23288582,2025,12,24,23,50,臺中市,北屯區,0,1,0,7,1,6,50,4,1,1,5,4,6,6,2,1,10,5,5,2,18,2,9,1,1,C03,7,5,1,10,2,12,,85,85,1,6,4,120.6979,24.170468,2
10770,66000,387130000C,(04)23274275,(04)23288582,2025,12,24,23,53,臺中市,北屯區,0,0,0,7,,,50,,,,,,,,,,,,,,17,,,,,B12,,,1,,2,,,59,59,1,6,4,120.707735,24.197144,3
10771,66000,387130000C,(04)23274275,(04)23288582,2025,12,24,23,53,臺中市,西屯區,0,2,0,7,1,6,0,3,2,1,5,4,6,6,2,1,10,5,5,2,17,2,8,1,1,C03,7,13,1,10,2,13,,84,84,1,12,4,120.642212,24.169377,2
10772,66000,387130000C,(04)23274275,(04)23288582,2025,12,25,0,9,臺中市,南區,0,3,0,7,1,6,50,4,1,1,5,4,6,6,2,1,10,5,5,2,17,2,9,2,1,C03,7,4,1,10,2,14,12,1,1,1,12,4,120.679175,24.126871,2
10773,66000,387130000C,(04)23274275,(04)23288582,2025,12,25,0,10,臺中市,中區,0,0,0,7,,,50,,,,,,,,,,,,,,17,,,,,C03,,,1,,9,,,59,59,1,13,4,120.680995,24.142507,3
10774,66000,387130000C,(04)23274275,(04)23288582,2025,12,25,0,10,臺中市,西屯區,0,0,0,7,,,50,,,,,,,,,,,,,,16,,,,,B03,,,1,,2,,,59,59,1,13,4,120.593516,24.191252,3
10775,66000,387130000C,(04)23274275,(04)23288582,2025,12,25,0,15,臺中市,南屯區,0,1,0,7,1,6,50,13,9,1,5,4,6,6,4,4,1,4,5,2,17,3,10,3,1,B03,7,1,1,8,2,8,,51,51,1,12,4,120.646823,24.149269,2
10776,66000,387130000C,(04)23274275,(04)23288582,2025,12,25,0,20,臺中市,南區,0,0,0,7,,,50,,,,,,,,,,,,,,13,,,,,B03,,,1,,1,,,51,51,1,6,4,120.658077,24.130111,3
10777,66000,387130000C,(04)23274275,(04)23288582,2025,12,25,0,51,臺中市,中區,0,1,0,7,1,6,50,13,9,1,5,4,6,6,4,4,5,4,5,2,12,3,10,3,1,B03,7,1,1,8,2,16,,51,51,1,13,4,120.684225,24.142197,2
10778,66000,387130000C,(04)23274275,(04)23288582,2025,12,25,0,54,臺中市,大里區,0,0,0,7,,,30,,,,,,,,,,,,,,17,,,,,C03,,,1,,2,,,84,84,1,12,4,120.708535,24.090371,3
10779,66000,387130000C,(04)23274275,(04)23288582,2025,12,25,1,40,臺中市,霧峰區,0,1,0,7,1,6,30,13,9,1,5,4,6,6,4,4,10,5,5,2,18,2,9,5,4,C03,7,9,1,10,2,15,,84,84,1,12,4,120.68509,24.051295,2
10780,66000,387130000C,(04)23274275,(04)23288582,2025,12,25,1,48,臺中市,北區,0,2,0,7,3,6,50,4,2,1,5,4,6,6,1,1,5,4,5,2,17,2,9,5,4,B02,7,11,1,8,2,4,,45,45,1,13,4,120.682229,24.16553,2
10781,66000,387130000C,(04)23274275,(04)23288582,2025,12,25,1,53,臺中市,南屯區,0,0,0,7,,,50,,,,,,,,,,,,,,14,,,,,B12,,,1,,2,,,49,49,1,13,4,120.628187,24.144042,3
10782,66000,387130000C,(04)23274275,(04)23288582,2025,12,25,1,59,臺中市,西屯區,0,2,0,7,1,6,50,4,1,1,5,4,6,6,2,1,10,5,5,2,16,2,9,5,4,C03,7,6,1,10,2,13,,59,59,1,13,4,120.662111,24.165386,2
10783,66000,387130000C,(04)23274275,(04)23288582,2025,12,25,2,20,臺中市,沙鹿區,0,0,0,7,,,30,,,,,,,,,,,,,,17,,,,,C03,,,1,,2,,,78,78,1,6,4,120.602134,24.232139,3
10784,66000,387130000C,(04)23274275,(04)23288582,2025,12,25,2,30,臺中市,南屯區,0,1,0,7,1,6,40,13,8,1,5,4,6,6,4,4,1,4,3,2,17,2,9,2,1,C03,7,9,1,10,2,11,,59,59,1,12,4,120.634163,24.12255,2
10785,66000,387130000C,(04)23274275,(04)23288582,2025,12,25,2,31,臺中市,東區,0,0,0,7,,,50,,,,,,,,,,,,,,,,,,,B03,,,1,,2,,,50,50,1,12,4,120.696612,24.134992,3
10786,66000,387130000C,(04)23274275,(04)23288582,2025,12,25,2,38,臺中市,霧峰區,0,2,0,7,1,6,40,13,9,1,5,4,6,6,4,4,5,5,5,1,13,2,9,5,4,C03,7,9,1,10,2,11,,7,7,1,12,4,120.710366,24.074339,2
10787,66000,387130000C,(04)23274275,(04)23288582,2025,12,25,4,26,臺中市,霧峰區,0,1,0,7,1,6,30,13,9,1,5,4,6,6,4,4,10,5,5,2,9,3,10,5,4,C03,7,9,1,10,2,11,,84,84,1,12,2,120.713793,24.072714,2
10788,66000,387130000C,(04)23274275,(04)23288582,2025,12,25,5,28,臺中市,大里區,0,2,0,7,1,6,40,4,2,1,5,4,6,6,1,1,1,2,5,1,13,2,9,1,1,F03,7,9,7,21,2,11,,59,59,1,12,4,120.68991,24.092744,2
10789,66000,387130000C,(04)23274275,(04)23288582,2025,12,25,5,55,臺中市,中區,0,1,0,7,1,6,50,4,1,1,5,4,6,6,1,1,10,5,5,2,18,2,8,2,1,C03,7,9,1,10,1,12,,59,59,1,12,4,120.67725,24.145704,2
10790,66000,387130000C,(04)23274275,(04)23288582,2025,12,25,6,30,臺中市,大甲區,0,2,0,7,1,6,50,13,9,1,5,4,6,6,4,4,5,5,5,1,13,2,9,1,1,C03,7,9,1,10,2,11,,7,7,1,12,4,120.626266,24.349185,2
10791,66000,387130000C,(04)23274275,(04)23288582,2025,12,25,6,57,臺中市,北屯區,0,0,0,7,,,50,,,,,,,,,,,,,,17,,,,,B03,,,1,,2,,,25,25,1,6,4,120.686768,24.201269,3
10792,66000,387130000C,(04)23274275,(04)23288582,2025,12,25,7,2,臺中市,烏日區,0,0,0,7,,,50,,,,,,,,,,,,,,,,,,,B03,,,1,,1,,,40,40,1,13,4,120.644175,24.087597,4
10793,66000,387130000C,(04)23274275,(04)23288582,2025,12,25,7,10,臺中市,烏日區,0,1,0,7,2,6,50,3,1,1,5,4,6,6,2,1,5,4,5,1,17,3,10,3,1,B03,7,11,1,8,2,7,,45,45,1,6,4,120.634729,24.097605,2
10794,66000,387130000C,(04)23274275,(04)23288582,2025,12,25,7,18,臺中市,梧棲區,0,1,0,1,2,6,60,4,1,1,5,4,6,6,2,1,10,5,5,2,16,3,10,3,1,B03,7,9,1,8,2,5,,21,21,1,12,4,120.529666,24.234237,2
10795,66000,387130000C,(04)23274275,(04)23288582,2025,12,25,7,30,臺中市,豐原區,0,1,0,7,2,6,50,3,2,1,5,4,6,6,2,1,1,4,5,1,17,3,10,2,1,C03,7,11,1,10,11,16,,45,45,2,12,4,120.727762,24.249389,2
10796,66000,387130000C,(04)23274275,(04)23288582,2025,12,25,7,32,臺中市,西屯區,0,0,0,7,,,50,,,,,,,,,,,,,,12,,,,,A04,,,1,,1,,,8,8,1,12,4,120.656973,24.200859,3
10797,66000,387130000C,(04)23274275,(04)23288582,2025,12,25,7,36,臺中市,西屯區,0,2,0,7,2,6,40,13,8,1,5,4,6,6,4,4,1,4,1,2,17,2,9,5,4,C03,7,9,1,10,6,11,,84,84,1,13,4,120.597245,24.182109,2
10798,66000,387130000C,(04)23274275,(04)23288582,2025,12,25,7,36,臺中市,梧棲區,0,0,0,7,,,50,,,,,,,,,,,,,,17,,,,,B03,,,1,,2,,,55,55,1,6,4,120.529153,24.242006,3
10799,66000,387130000C,(04)23274275,(04)23288582,2025,12,25,7,49,臺中市,北屯區,0,1,0,7,3,6,50,4,1,1,5,4,6,6,2,1,10,5,5,2,17,3,10,2,1,C03,7,9,1,10,2,12,,21,21,1,6,4,120.730414,24.173784,2
10800,66000,387130000C,(04)23274275,(04)23288582,2025,12,25,7,57,臺中市,沙鹿區,0,0,0,7,,,30,,,,,,,,,,,,,,11,,,,,C03,,,1,,2,,,71,71,1,6,4,120.561798,24.241474,3
10801,66000,387130000C,(04)23274275,(04)23288582,2025,12,25,8,4,臺中市,北屯區,0,1,0,7,3,6,50,3,2,1,5,4,6,6,1,1,5,4,4,2,17,3,10,1,1,C03,7,5,1,10,2,13,,47,47,1,6,4,120.696512,24.164862,2
10802,66000,387130000C,(04)23274275,(04)23288582,2025,12,25,8,7,臺中市,西屯區,0,0,0,7,,,50,,,,,,,,,,,,,,15,,,,,B03,,,1,,2,,,21,21,1,13,4,120.659971,24.164921,3
10803,66000,387130000C,(04)23274275,(04)23288582,2025,12,25,8,19,臺中市,西區,0,0,0,7,,,50,,,,,,,,,,,,,,17,,,,,C03,,,1,,1,,,7,7,1,12,4,120.66007,24.136584,3
10804,66000,387130000C,(04)23274275,(04)23288582,2025,12,25,8,22,臺中市,東區,0,2,0,7,2,6,50,4,2,1,5,4,6,6,1,1,10,5,5,2,18,2,9,2,1,C03,7,6,1,10,2,14,,84,84,1,12,4,120.692984,24.126426,2
10805,66000,387130000C,(04)23274275,(04)23288582,2025,12,25,8,30,臺中市,豐原區,0,2,0,7,3,6,50,5,1,1,5,4,6,6,1,1,5,5,4,2,13,2,9,1,1,C03,7,9,1,10,2,11,,84,84,1,12,4,120.70602,24.242795,2
10806,66000,387130000C,(04)23274275,(04)23288582,2025,12,25,8,31,臺中市,霧峰區,0,1,0,7,2,6,50,13,9,1,5,4,6,6,4,4,9,4,5,1,17,3,10,3,1,B03,7,11,1,8,2,4,,45,45,1,13,4,120.681815,24.049875,2
10807,66000,387130000C,(04)23274275,(04)23288582,2025,12,25,8,31,臺中市,大里區,0,1,0,7,2,6,50,13,9,1,5,4,6,6,4,4,10,5,5,1,10,3,10,1,1,C03,7,9,1,10,2,11,,4,4,1,12,4,120.702579,24.087664,2
10808,66000,387130000C,(04)23274275,(04)23288582,2025,12,25,8,31,臺中市,沙鹿區,0,0,0,7,,,50,,,,,,,,,,,,,,,,,,,B03,,,1,,2,,,7,7,1,6,4,120.564972,24.241809,3
10809,66000,387130000C,(04)23274275,(04)23288582,2025,12,25,8,36,臺中市,北區,0,0,0,6,,,50,,,,,,,,,,,,,,13,,,,,B03,,,1,,1,,,7,7,1,13,4,120.69432,24.160476,3
10810,66000,387130000C,(04)23274275,(04)23288582,2025,12,25,8,37,臺中市,西屯區,0,1,0,7,2,6,40,4,9,1,5,4,6,6,4,4,5,5,5,2,13,2,8,2,1,C03,7,9,1,10,2,11,,7,7,1,12,4,120.644883,24.173191,2
10811,66000,387130000C,(04)23274275,(04)23288582,2025,12,25,8,40,臺中市,烏日區,0,1,0,6,2,6,50,4,1,1,5,4,6,6,1,1,1,4,5,2,15,2,9,1,1,C03,7,9,1,10,2,12,,21,21,1,6,4,120.616604,24.11386,2
10812,66000,387130000C,(04)23274275,(04)23288582,2025,12,25,8,48,臺中市,北屯區,0,0,0,7,,,50,,,,,,,,,,,,,,,,,,,B03,,,1,,2,,,84,84,1,13,4,120.670219,24.181735,3
10813,66000,387130000C,(04)23274275,(04)23288582,2025,12,25,8,52,臺中市,大雅區,0,1,0,7,1,6,0,3,1,1,5,4,6,6,4,4,5,5,5,1,12,3,10,3,1,B03,7,1,1,8,2,8,,51,51,1,12,4,120.649496,24.225153,2
10814,66000,387130000C,(04)23274275,(04)23288582,2025,12,25,8,52,臺中市,北屯區,0,1,0,7,2,6,50,4,1,1,5,4,6,6,2,1,10,5,5,2,16,3,10,3,1,B03,7,5,1,8,1,6,,20,20,1,12,4,120.690342,24.188318,2
10815,66000,387130000C,(04)23274275,(04)23288582,2025,12,25,8,52,臺中市,北屯區,0,1,0,7,1,6,50,11,9,1,5,4,6,6,4,4,3,4,5,2,18,2,9,5,1,F01,7,9,7,21,2,12,,84,84,1,13,4,120.785349,24.20478,2
10816,66000,387130000C,(04)23274275,(04)23288582,2025,12,25,8,55,臺中市,北區,0,1,0,7,3,6,50,3,1,1,5,4,6,6,2,1,10,5,5,2,9,3,10,5,4,B03,7,6,1,8,2,8,,10,10,1,13,4,120.682248,24.15231,2
10817,66000,387130000C,(04)23274275,(04)23288582,2025,12,25,9,0,臺中市,豐原區,0,1,0,7,1,6,50,13,9,1,5,4,6,6,4,4,1,4,5,2,17,3,10,3,1,B03,7,7,1,8,2,2,,40,40,1,6,4,120.75892,24.27632,2
10818,66000,387130000C,(04)23274275,(04)23288582,2025,12,25,9,8,臺中市,北區,0,2,0,6,2,6,50,3,4,1,5,4,6,6,1,1,1,5,5,2,17,2,9,5,4,C03,7,9,1,10,2,12,,84,84,1,13,4,120.670579,24.166978,2
10819,66000,387130000C,(04)23274275,(04)23288582,2025,12,25,9,10,臺中市,新社區,0,0,0,7,,,30,,,,,,,,,,,,,,14,,,,,B03,,,1,,2,,,49,49,1,6,4,120.808205,24.248542,3
10820,66000,387130000C,(04)23274275,(04)23288582,2025,12,25,9,11,臺中市,北屯區,0,1,0,7,3,6,50,4,1,1,5,4,6,6,2,1,10,5,5,2,17,3,10,2,1,C03,7,9,1,10,2,12,,84,84,1,6,4,120.721022,24.176677,2