序號,縣市別代碼,機關代碼,市話,傳真,年,月,日,時,分,縣市,區,死亡數量,受傷數量,2-30,天候,道路照明設備,道路類別,道路速限,道路型態,事故位置,路面鋪裝,路面狀態,路面缺陷,障礙物,視距,號誌種類,號誌動作,分向設施,快車道或一般車道間,快慢車道間,路面邊線,事故類型及型態,受傷程度,主要傷處,保護裝備,行動電話或功能裝置,當事者區分(類別),車輛用途,當事者行動狀態,駕照狀態,駕照種類,飲酒情形,車輛撞擊部位最初,車輛撞擊部位其他,肇事因素個別,肇事因素主要,肇事逃逸,職業,共享經濟或外送平台,GPS座標X,GPS座標Y,事故類別
10821,66000,387130000C,(04)23274275,(04)23288582,2025,12,25,9,14,臺中市,東勢區,0,1,0,7,3,6,30,13,9,1,5,4,6,6,4,4,5,5,5,2,2,3,10,6,5,H04,8,16,7,21,2,17,,109,109,1,6,5,120.828479,24.255488,2
10822,66000,387130000C,(04)23274275,(04)23288582,2025,12,25,9,16,臺中市,潭子區,0,1,0,7,3,6,50,3,1,1,5,4,6,6,3,1,5,5,5,1,17,3,10,3,1,B03,7,5,1,8,2,5,,84,84,1,13,4,120.697944,24.194648,2
10823,66000,387130000C,(04)23274275,(04)23288582,2025,12,25,9,17,臺中市,大甲區,0,1,0,7,3,6,50,13,9,1,5,4,6,6,4,4,10,5,5,2,2,3,10,1,1,C03,7,9,1,10,2,11,,7,7,1,6,4,120.622989,24.344396,2
10824,66000,387130000C,(04)23274275,(04)23288582,2025,12,25,9,18,臺中市,北區,0,2,0,7,2,6,50,4,2,1,5,4,6,6,4,4,10,5,5,2,11,3,10,3,1,B03,7,6,1,8,2,1,,6,6,1,13,4,120.697326,24.159886,2
10825,66000,387130000C,(04)23274275,(04)23288582,2025,12,25,9,21,臺中市,西屯區,0,0,0,7,2,6,50,3,2,1,5,4,6,6,2,1,1,4,1,2,13,,,,,B03,,,1,,1,,,8,8,1,13,4,120.609633,24.185346,3
10826,66000,387130000C,(04)23274275,(04)23288582,2025,12,25,9,22,臺中市,東區,0,0,0,7,,,50,,,,,,,,,,,,,,17,,,,,B03,,,1,,2,,,45,45,1,12,4,120.697139,24.138875,3
10827,66000,387130000C,(04)23274275,(04)23288582,2025,12,25,9,23,臺中市,北屯區,0,0,0,7,,3,40,,,,,,,,,,,,,,13,,,,,B03,,,1,,1,,,7,7,1,6,4,120.72102,24.172691,3
10828,66000,387130000C,(04)23274275,(04)23288582,2025,12,25,9,24,臺中市,南屯區,0,1,0,7,3,6,50,4,1,1,5,4,6,6,4,4,5,2,5,2,15,3,10,3,1,B03,7,9,1,8,2,6,,12,12,1,12,4,120.64163,24.146875,2
10829,66000,387130000C,(04)23274275,(04)23288582,2025,12,25,9,25,臺中市,東區,0,0,0,7,,,50,,,,,,,,,,,,,,14,,,,,A41,,,1,,2,,,49,49,1,12,4,120.692191,24.14203,3
10830,66000,387130000C,(04)23274275,(04)23288582,2025,12,25,9,25,臺中市,太平區,0,1,0,7,3,6,30,11,9,1,5,4,6,6,4,4,10,5,5,1,11,2,9,1,1,C03,7,5,1,10,2,11,,84,84,1,12,4,120.729025,24.140683,2
10831,66000,387130000C,(04)23274275,(04)23288582,2025,12,25,9,27,臺中市,后里區,0,1,0,7,2,6,30,12,9,2,5,4,6,6,4,4,10,5,5,2,20,2,9,1,1,F01,7,9,7,21,2,11,,84,84,1,12,4,120.740179,24.319847,2
10832,66000,387130000C,(04)23274275,(04)23288582,2025,12,25,9,30,臺中市,清水區,0,1,0,7,3,6,50,3,1,1,5,4,6,6,4,4,5,5,5,1,17,2,9,2,1,C03,7,9,1,10,2,11,,7,7,1,12,4,120.572094,24.269546,2
10833,66000,387130000C,(04)23274275,(04)23288582,2025,12,25,9,33,臺中市,沙鹿區,0,1,0,7,3,6,50,4,1,1,5,4,6,5,4,4,10,5,5,2,15,3,10,3,1,B03,7,9,1,8,2,1,,19,19,1,6,4,120.560963,24.237811,2
10834,66000,387130000C,(04)23274275,(04)23288582,2025,12,25,9,38,臺中市,潭子區,0,0,0,7,,,50,,,,,,,,,,,,,,9,,,,,C03,,,1,,2,,,59,59,1,12,4,120.712583,24.229601,3
10835,66000,387130000C,(04)23274275,(04)23288582,2025,12,25,9,42,臺中市,神岡區,0,2,0,7,2,6,15,13,9,1,5,4,6,6,4,4,9,5,5,2,3,2,9,2,1,F01,7,9,7,21,1,11,,59,59,1,3,4,120.674283,24.248038,2
10836,66000,387130000C,(04)23274275,(04)23288582,2025,12,25,9,45,臺中市,西區,0,1,0,7,2,6,50,4,1,1,5,4,6,6,2,1,5,4,5,2,17,3,10,3,1,B03,7,9,1,8,2,7,,21,21,1,13,4,120.664145,24.150882,2
10837,66000,387130000C,(04)23274275,(04)23288582,2025,12,25,9,50,臺中市,北屯區,0,0,0,7,,,50,,,,,,,,,,,,,,,,,,,B03,,,1,,1,,,84,84,1,13,4,120.704208,24.183987,3
10838,66000,387130000C,(04)23274275,(04)23288582,2025,12,25,9,50,臺中市,西屯區,0,1,0,7,2,6,60,13,7,1,5,4,6,6,4,4,1,2,1,2,12,3,10,5,4,B03,7,7,1,8,2,5,,35,35,1,12,4,120.61871,24.181269,2
10839,66000,387130000C,(04)23274275,(04)23288582,2025,12,25,9,54,臺中市,石岡區,0,2,0,7,3,6,70,4,1,1,5,4,6,6,2,1,1,4,4,1,16,3,10,3,1,B12,7,5,1,8,2,5,,11,11,1,6,4,120.776943,24.274366,2
10840,66000,387130000C,(04)23274275,(04)23288582,2025,12,25,9,57,臺中市,南區,0,1,0,7,2,6,50,4,1,1,5,4,6,6,1,1,1,2,4,2,16,3,10,3,1,B02,7,6,1,8,2,6,,11,11,1,13,4,120.681065,24.11905,2
10841,66000,387130000C,(04)23274275,(04)23288582,2025,12,25,10,1,臺中市,南區,0,1,0,7,2,6,50,4,1,1,5,4,6,6,1,1,10,5,5,2,16,3,10,3,1,B11,7,5,1,4,2,6,,84,84,1,12,4,120.652782,24.110883,2
10842,66000,387130000C,(04)23274275,(04)23288582,2025,12,25,10,1,臺中市,大里區,0,1,0,7,3,6,0,4,1,1,5,4,6,6,1,1,10,5,5,1,16,2,8,1,1,C03,7,9,3,19,2,14,,2,2,1,12,4,120.698986,24.096554,2
10843,66000,387130000C,(04)23274275,(04)23288582,2025,12,25,10,10,臺中市,沙鹿區,0,1,0,7,2,6,50,3,1,1,5,4,6,6,4,4,10,5,5,2,17,2,8,1,1,C03,7,9,1,10,2,11,,59,59,1,6,4,120.573104,24.226778,2
10844,66000,387130000C,(04)23274275,(04)23288582,2025,12,25,10,11,臺中市,大里區,0,2,0,7,2,6,50,4,1,1,5,4,6,6,1,1,1,4,5,1,17,3,10,3,1,B03,7,5,1,8,2,7,,47,47,1,13,4,120.679294,24.114907,2
10845,66000,387130000C,(04)23274275,(04)23288582,2025,12,25,10,14,臺中市,北屯區,0,1,0,7,1,6,50,3,2,1,5,4,6,6,4,4,3,4,5,2,12,3,10,3,1,B03,7,5,1,8,2,2,,20,20,1,13,4,120.729449,24.172951,2
10846,66000,387130000C,(04)23274275,(04)23288582,2025,12,25,10,15,臺中市,潭子區,0,0,0,7,,3,80,,,,,,,,,,,,,,,,,,,B03,,,1,,2,,,7,7,1,13,4,120.722472,24.190962,3
10847,66000,387130000C,(04)23274275,(04)23288582,2025,12,25,10,16,臺中市,中區,0,0,0,7,,,50,,,,,,,,,,,,,,17,,,,,B03,,,1,,2,,,84,84,1,12,4,120.680853,24.139791,3
10848,66000,387130000C,(04)23274275,(04)23288582,2025,12,25,10,18,臺中市,北屯區,0,0,0,7,,,50,,,,,,,,,,,,,,17,,,,,B12,,,5,,2,,,76,76,1,6,4,120.668606,24.180822,3
10849,66000,387130000C,(04)23274275,(04)23288582,2025,12,25,10,22,臺中市,南屯區,0,1,0,7,3,6,50,13,9,1,5,4,6,6,4,4,5,4,5,2,16,3,10,5,4,B03,7,11,1,8,2,7,,39,39,1,6,4,120.650806,24.134752,2
10850,66000,387130000C,(04)23274275,(04)23288582,2025,12,25,10,25,臺中市,大里區,0,0,0,7,,,50,,,,,,,,,,,,,,,,,,,B03,,,1,,1,,,8,8,1,12,4,120.701128,24.088781,3
10851,66000,387130000C,(04)23274275,(04)23288582,2025,12,25,10,26,臺中市,大雅區,0,2,0,7,1,6,50,4,1,1,5,4,6,6,4,4,10,5,5,2,15,2,9,2,1,F03,7,9,7,21,2,12,,15,15,1,12,4,120.646466,24.226693,2
10852,66000,387130000C,(04)23274275,(04)23288582,2025,12,25,10,26,臺中市,潭子區,0,0,0,7,,3,80,,,,,,,,,,,,,,,,,,,B03,,,1,,2,,,40,40,1,13,4,120.721814,24.193795,3
10853,66000,387130000C,(04)23274275,(04)23288582,2025,12,25,10,28,臺中市,南區,0,1,0,7,2,6,30,13,9,1,4,4,6,6,4,4,10,5,5,2,18,2,9,1,1,C03,7,9,1,10,2,12,,84,84,1,12,4,120.650463,24.114218,2
10854,66000,387130000C,(04)23274275,(04)23288582,2025,12,25,10,29,臺中市,北區,0,0,0,7,,,50,,,,,,,,,,,,,,15,,,,,C03,,,1,,2,,,12,12,1,13,4,120.695215,24.155609,3
10855,66000,387130000C,(04)23274275,(04)23288582,2025,12,25,10,29,臺中市,沙鹿區,0,1,0,6,2,6,50,13,7,1,5,4,6,6,1,1,3,4,4,2,13,3,10,3,1,B03,7,9,1,8,2,1,,59,59,1,6,4,120.564931,24.232605,2
10856,66000,387130000C,(04)23274275,(04)23288582,2025,12,25,10,30,臺中市,北屯區,0,1,0,7,3,6,50,4,2,1,5,4,6,6,1,1,5,4,5,2,13,3,10,1,1,C03,7,9,1,10,2,11,,7,7,1,10,4,120.705875,24.165021,2
10857,66000,387130000C,(04)23274275,(04)23288582,2025,12,25,10,32,臺中市,北區,0,0,0,7,3,6,50,4,2,1,5,4,6,6,4,4,10,5,5,2,30,,,,,B03,,,1,,2,,,87,87,1,13,4,120.685689,24.148235,3
10858,66000,387130000C,(04)23274275,(04)23288582,2025,12,25,10,37,臺中市,北屯區,0,1,0,7,1,6,50,4,2,1,5,4,6,6,1,1,3,4,4,2,13,3,10,3,1,B03,7,6,1,8,2,3,,48,48,1,13,4,120.727099,24.160936,2
10859,66000,387130000C,(04)23274275,(04)23288582,2025,12,25,10,38,臺中市,西屯區,0,0,0,7,,,50,,,,,,,,,,,,,,17,,,,,B03,,,1,,1,,,76,76,1,12,4,120.644864,24.169311,3
10860,66000,387130000C,(04)23274275,(04)23288582,2025,12,25,10,49,臺中市,西屯區,0,1,0,7,2,6,40,3,1,1,5,4,6,6,4,4,3,5,3,2,16,2,8,1,1,C03,7,9,1,10,2,11,,7,7,1,12,4,120.617469,24.182191,2
10861,66000,387130000C,(04)23274275,(04)23288582,2025,12,25,10,50,臺中市,北區,0,1,0,7,2,6,40,3,7,1,5,4,6,6,4,4,9,5,4,2,16,3,10,5,4,B03,7,6,1,8,2,5,,14,14,1,13,4,120.668876,24.170019,2
10862,66000,387130000C,(04)23274275,(04)23288582,2025,12,25,10,50,臺中市,南屯區,0,0,0,7,,,50,,,,,,,,,,,,,,,,,,,B03,,,1,,2,,,51,51,1,12,4,120.626061,24.148516,3
10863,66000,387130000C,(04)23274275,(04)23288582,2025,12,25,10,50,臺中市,豐原區,0,0,0,7,,,50,,,,,,,,,,,,,,23,,,,,B03,,,1,,2,,,84,84,1,12,4,120.74932,24.268659,4
10864,66000,387130000C,(04)23274275,(04)23288582,2025,12,25,10,52,臺中市,神岡區,0,0,0,7,,,50,,,,,,,,,,,,,,14,,,,,B03,,,1,,2,,,49,49,1,12,4,120.682289,24.245759,3
10865,66000,387130000C,(04)23274275,(04)23288582,2025,12,25,10,55,臺中市,太平區,0,0,0,7,,,30,,,,,,,,,,,,,,14,,,,,B01,,,1,,2,,,49,49,1,12,4,120.735445,24.1186,3
10866,66000,387130000C,(04)23274275,(04)23288582,2025,12,25,10,57,臺中市,北屯區,0,0,0,7,,,50,,,,,,,,,,,,,,,,,,,B03,,,1,,1,,,84,84,1,13,4,120.673104,24.17592,3
10867,66000,387130000C,(04)23274275,(04)23288582,2025,12,25,10,57,臺中市,神岡區,0,1,0,7,2,6,50,13,9,1,5,4,6,6,1,1,1,4,5,2,13,2,8,2,1,C03,7,9,1,10,2,11,,7,7,1,6,4,120.664996,24.27366,2
10868,66000,387130000C,(04)23274275,(04)23288582,2025,12,25,10,58,臺中市,南屯區,0,0,0,7,,3,80,,,,,,,,,,,,,,17,,,,,A12,,,1,,2,,,84,84,1,13,4,120.62049,24.131704,3
10869,66000,387130000C,(04)23274275,(04)23288582,2025,12,25,10,58,臺中市,北屯區,0,1,0,7,2,6,50,4,1,1,5,4,6,6,4,4,4,5,5,2,12,2,7,1,1,C03,7,4,1,10,2,12,,1,1,1,12,4,120.696296,24.163434,2
10870,66000,387130000C,(04)23274275,(04)23288582,2025,12,25,11,0,臺中市,南區,0,0,0,7,,,40,,,,,,,,,,,,,,17,,,,,B12,,,1,,2,,,84,84,1,12,4,120.669877,24.114462,3
10871,66000,387130000C,(04)23274275,(04)23288582,2025,12,25,11,0,臺中市,大里區,0,0,0,7,,,50,,,,,,,,,,,,,,,,,,,C03,,,1,,2,,,84,84,1,12,4,120.682363,24.115139,3
10872,66000,387130000C,(04)23274275,(04)23288582,2025,12,25,11,10,臺中市,北屯區,0,1,0,7,2,6,50,4,1,1,5,4,6,6,4,4,10,5,5,2,15,3,10,3,1,B03,7,9,1,8,2,1,,21,21,1,12,4,120.688504,24.17895,2
10873,66000,387130000C,(04)23274275,(04)23288582,2025,12,25,11,15,臺中市,烏日區,0,0,0,7,,,60,,,,,,,,,,,,,,,,,,,B03,,,1,,1,,,40,40,1,13,4,120.650119,24.11158,3
10874,66000,387130000C,(04)23274275,(04)23288582,2025,12,25,11,15,臺中市,豐原區,0,1,0,7,1,6,50,13,8,1,5,4,6,6,4,4,5,4,4,2,17,2,9,1,1,C03,7,9,1,10,2,16,,84,84,1,6,4,120.732882,24.258413,2
10875,66000,387130000C,(04)23274275,(04)23288582,2025,12,25,11,16,臺中市,北屯區,0,0,0,7,,,50,,,,,,,,,,,,,,14,,,,,B03,,,1,,1,,,49,49,1,6,4,120.663084,24.187737,3
10876,66000,387130000C,(04)23274275,(04)23288582,2025,12,25,11,18,臺中市,大雅區,0,0,0,7,,,60,,,,,,,,,,,,,,13,,,,,B03,,,1,,1,,,78,78,1,13,4,120.649411,24.215764,3
10877,66000,387130000C,(04)23274275,(04)23288582,2025,12,25,11,30,臺中市,北屯區,0,0,0,7,,,50,,,,,,,,,,,,,,13,,,,,C03,,,1,,1,,,7,7,1,6,4,120.66623,24.20131,3
10878,66000,387130000C,(04)23274275,(04)23288582,2025,12,25,11,30,臺中市,西屯區,0,0,0,7,,,30,,,,,,,,,,,,,,17,,,,,B03,,,1,,1,,,8,8,1,12,4,120.641469,24.181981,3
10879,66000,387130000C,(04)23274275,(04)23288582,2025,12,25,11,34,臺中市,潭子區,0,1,0,7,3,6,50,4,1,1,5,4,6,6,1,1,5,5,5,1,15,3,10,3,1,B03,7,9,4,19,2,5,,21,21,1,13,4,120.702513,24.194427,2
10880,66000,387130000C,(04)23274275,(04)23288582,2025,12,25,11,35,臺中市,北屯區,0,0,0,7,,,50,,,,,,,,,,,,,,,,,,,B03,,,1,,1,,,11,11,1,13,4,120.720953,24.169893,3
10881,66000,387130000C,(04)23274275,(04)23288582,2025,12,25,11,35,臺中市,西屯區,0,0,0,7,,,50,,,,,,,,,,,,,,13,,,,,B03,,,1,,2,,,84,84,1,12,4,120.63421,24.172321,3
10882,66000,387130000C,(04)23274275,(04)23288582,2025,12,25,11,36,臺中市,北區,0,0,0,7,,,0,,,,,,,,,,,,,,17,,,,,C03,,,1,,2,,,84,84,1,13,4,120.678975,24.152142,3
10883,66000,387130000C,(04)23274275,(04)23288582,2025,12,25,11,36,臺中市,南屯區,0,2,0,7,3,6,40,13,7,1,5,4,6,6,4,4,3,4,4,2,12,3,10,3,1,B12,7,1,1,8,2,7,,51,51,1,12,4,120.638016,24.149046,2
10884,66000,387130000C,(04)23274275,(04)23288582,2025,12,25,11,38,臺中市,中區,0,0,0,7,,,50,,,,,,,,,,,,,,17,,,,,B03,,,1,,1,,,7,7,1,12,4,120.680106,24.139614,3
10885,66000,387130000C,(04)23274275,(04)23288582,2025,12,25,11,38,臺中市,豐原區,0,0,0,7,,,50,,,,,,,,,,,,,,13,,,,,B12,,,1,,2,,,7,7,1,12,4,120.710455,24.255225,3
10886,66000,387130000C,(04)23274275,(04)23288582,2025,12,25,11,39,臺中市,太平區,0,1,0,7,2,6,30,11,9,1,5,4,6,6,4,4,10,5,5,1,18,2,9,1,1,C03,7,9,1,10,2,12,,84,84,1,12,4,120.791629,24.047295,2
10887,66000,387130000C,(04)23274275,(04)23288582,2025,12,25,11,40,臺中市,西屯區,0,0,0,7,2,3,80,13,9,1,5,4,6,6,4,4,1,4,5,2,13,,,,,B03,,,1,,1,,,7,7,1,13,4,120.6344,24.178552,3
10888,66000,387130000C,(04)23274275,(04)23288582,2025,12,25,11,40,臺中市,烏日區,0,0,0,7,,,60,,,,,,,,,,,,,,13,,,,,B03,,,1,,2,,,7,7,1,6,4,120.647169,24.073153,3
10889,66000,387130000C,(04)23274275,(04)23288582,2025,12,25,11,44,臺中市,西屯區,0,2,0,7,2,6,50,13,9,1,5,4,6,6,4,4,10,5,5,2,16,2,9,5,4,C03,7,11,1,9,2,13,,45,45,1,12,4,120.663577,24.163721,2
10890,66000,387130000C,(04)23274275,(04)23288582,2025,12,25,11,48,臺中市,太平區,0,0,0,7,,,50,,,,,,,,,,,,,,,,,,,C03,,,1,,2,,,48,48,1,12,4,120.718374,24.15381,3
10891,66000,387130000C,(04)23274275,(04)23288582,2025,12,25,11,52,臺中市,北屯區,0,1,0,7,2,6,30,4,1,1,5,4,6,6,4,4,10,5,5,2,15,3,10,3,1,B03,7,9,1,8,2,1,,15,15,1,12,4,120.66532,24.188714,2
10892,66000,387130000C,(04)23274275,(04)23288582,2025,12,25,11,56,臺中市,北屯區,0,0,0,7,,,50,,,,,,,,,,,,,,17,,,,,B13,,,1,,1,,,50,50,1,6,4,120.67867,24.187495,3
10893,66000,387130000C,(04)23274275,(04)23288582,2025,12,25,11,57,臺中市,南屯區,0,1,0,7,3,6,50,4,1,1,5,4,6,6,2,1,10,5,5,2,13,2,9,2,2,C03,7,5,1,10,2,11,,62,62,1,6,4,120.612832,24.138535,2
10894,66000,387130000C,(04)23274275,(04)23288582,2025,12,25,12,3,臺中市,后里區,0,1,0,7,2,6,50,5,1,1,5,4,6,6,1,1,3,4,4,1,16,3,10,1,1,C03,7,6,1,10,2,11,,48,48,1,6,4,120.693769,24.31808,2
10895,66000,387130000C,(04)23274275,(04)23288582,2025,12,25,12,10,臺中市,西區,0,1,0,1,2,6,50,4,2,1,5,4,6,6,3,1,5,5,4,2,17,3,10,5,1,B03,7,9,1,8,8,1,,55,55,1,6,4,120.660683,24.132655,2
10896,66000,387130000C,(04)23274275,(04)23288582,2025,12,25,12,10,臺中市,東區,0,1,0,7,2,6,50,4,1,1,5,4,6,6,4,4,10,5,5,2,15,3,10,2,1,C03,7,9,1,10,2,13,,15,15,1,13,4,120.70979,24.146853,2
10897,66000,387130000C,(04)23274275,(04)23288582,2025,12,25,12,10,臺中市,西屯區,0,1,0,7,2,6,50,4,2,1,5,4,6,6,1,1,5,4,5,2,17,2,9,1,1,C03,7,5,1,10,2,15,,84,84,1,12,4,120.63745,24.175863,2
10898,66000,387130000C,(04)23274275,(04)23288582,2025,12,25,12,15,臺中市,北區,0,0,0,7,,,50,,,,,,,,,,,,,,17,,,,,B03,,,6,,1,,,85,85,1,13,4,120.675767,24.158774,4
10899,66000,387130000C,(04)23274275,(04)23288582,2025,12,25,12,15,臺中市,西屯區,0,0,0,7,,,40,,,,,,,,,,,,,,17,,,,,B03,,,1,,1,,,84,84,1,13,4,120.617862,24.18196,3
10900,66000,387130000C,(04)23274275,(04)23288582,2025,12,25,12,16,臺中市,太平區,0,1,0,7,2,6,40,13,9,1,5,4,6,6,4,4,9,5,5,2,12,3,10,3,1,B12,7,4,1,8,2,6,,1,1,1,12,4,120.702559,24.115968,2
10901,66000,387130000C,(04)23274275,(04)23288582,2025,12,25,12,17,臺中市,大甲區,0,1,0,7,2,6,50,13,9,1,5,4,6,6,4,4,6,3,5,1,11,3,10,1,1,C03,7,11,1,10,2,11,,2,2,1,12,4,120.619995,24.34744,2
10902,66000,387130000C,(04)23274275,(04)23288582,2025,12,25,12,18,臺中市,南區,0,0,0,7,,,50,,,,,,,,,,,,,,17,,,,,C03,,,1,,1,,,48,48,1,12,4,120.657407,24.125094,3
10903,66000,387130000C,(04)23274275,(04)23288582,2025,12,25,12,20,臺中市,西屯區,0,0,0,7,,,40,,,,,,,,,,,,,,17,,,,,C03,,,1,,2,,,50,50,1,13,4,120.658344,24.194915,3
10904,66000,387130000C,(04)23274275,(04)23288582,2025,12,25,12,21,臺中市,西屯區,0,2,0,7,2,6,50,3,1,1,5,4,6,6,1,1,10,5,5,2,12,2,9,2,1,C03,7,7,1,10,2,12,,84,84,1,12,4,120.619448,24.168518,2
10905,66000,387130000C,(04)23274275,(04)23288582,2025,12,25,12,22,臺中市,大里區,0,2,0,7,3,6,50,4,1,1,5,4,6,6,1,1,10,5,5,2,15,2,9,1,1,C03,7,9,1,10,2,11,,21,21,1,12,4,120.69911,24.11016,2
10906,66000,387130000C,(04)23274275,(04)23288582,2025,12,25,12,25,臺中市,霧峰區,0,0,0,7,,,30,,,,,,,,,,,,,,17,,,,,C03,,,1,,2,,,7,7,1,13,4,120.713232,24.077371,3
10907,66000,387130000C,(04)23274275,(04)23288582,2025,12,25,12,27,臺中市,北屯區,0,1,0,7,3,6,50,3,1,1,5,4,6,6,4,4,10,5,5,2,16,2,9,1,1,C03,7,6,1,9,2,11,,14,14,1,6,4,120.710033,24.183902,2
10908,66000,387130000C,(04)23274275,(04)23288582,2025,12,25,12,29,臺中市,西屯區,0,1,0,7,2,6,50,3,1,1,5,4,6,6,2,1,1,4,5,2,11,2,7,5,4,C03,7,5,1,10,2,13,,8,8,1,13,4,120.645172,24.162846,2
10909,66000,387130000C,(04)23274275,(04)23288582,2025,12,25,12,29,臺中市,西屯區,0,0,0,7,,,50,,,,,,,,,,,,,,13,,,,,C03,,,1,,1,,,59,59,2,13,4,120.629552,24.184122,3
10910,66000,387130000C,(04)23274275,(04)23288582,2025,12,25,12,34,臺中市,南屯區,0,0,0,7,,,50,,,,,,,,,,,,,,,,,,,A11,,,1,,2,,,51,51,1,12,4,120.615004,24.147136,3
10911,66000,387130000C,(04)23274275,(04)23288582,2025,12,25,12,36,臺中市,梧棲區,0,0,0,7,,,30,,,,,,,,,,,,,,14,,,,,B03,,,1,,1,,,49,49,1,6,4,120.548132,24.233271,3
10912,66000,387130000C,(04)23274275,(04)23288582,2025,12,25,12,37,臺中市,南區,0,1,0,7,2,6,50,4,4,1,5,4,6,6,2,1,10,5,5,2,13,3,10,2,1,C03,7,9,1,10,2,14,,7,7,1,12,4,120.670129,24.118854,2
10913,66000,387130000C,(04)23274275,(04)23288582,2025,12,25,12,37,臺中市,新社區,0,0,0,7,,,50,,,,,,,,,,,,,,,,,,,B12,,,1,,9,,,8,8,1,12,4,120.800022,24.229545,3
10914,66000,387130000C,(04)23274275,(04)23288582,2025,12,25,12,45,臺中市,西屯區,0,0,0,7,,,50,,,,,,,,,,,,,,12,,,,,A12,,,1,,2,,,40,40,1,12,4,120.619752,24.1873,3
10915,66000,387130000C,(04)23274275,(04)23288582,2025,12,25,12,45,臺中市,豐原區,0,0,0,7,,,50,,,,,,,,,,,,,,17,,,,,B03,,,1,,2,,,50,50,1,13,4,120.707381,24.251842,3
10916,66000,387130000C,(04)23274275,(04)23288582,2025,12,25,12,46,臺中市,西屯區,0,1,0,7,2,6,60,4,1,1,5,4,6,6,2,1,10,5,5,2,16,3,10,5,4,B03,7,5,1,8,2,2,,38,38,1,12,4,120.643695,24.156246,2
10917,66000,387130000C,(04)23274275,(04)23288582,2025,12,25,12,47,臺中市,北區,0,0,0,7,,,50,,,,,,,,,,,,,,14,,,,,B03,,,1,,1,,,49,49,1,13,4,120.694589,24.153801,3
10918,66000,387130000C,(04)23274275,(04)23288582,2025,12,25,12,52,臺中市,梧棲區,0,0,0,1,,,50,,,,,,,,,,,,,,14,,,,,B03,,,1,,1,,,49,49,1,12,4,120.532828,24.260025,3
10919,66000,387130000C,(04)23274275,(04)23288582,2025,12,25,12,53,臺中市,龍井區,0,2,0,7,2,6,40,4,4,1,5,4,6,6,2,1,3,4,3,2,13,2,7,2,1,C03,7,9,1,10,2,11,,7,7,1,6,4,120.592577,24.182928,2
10920,66000,387130000C,(04)23274275,(04)23288582,2025,12,25,12,55,臺中市,沙鹿區,0,0,0,7,,,50,,,,,,,,,,,,,,13,,,,,B03,,,1,,2,,,57,57,1,12,4,120.561301,24.242652,3
10921,66000,387130000C,(04)23274275,(04)23288582,2025,12,25,12,57,臺中市,北屯區,0,2,0,7,1,6,50,3,2,1,5,4,6,6,4,4,5,4,5,2,17,3,10,3,1,B03,7,5,1,8,2,1,,12,12,1,12,4,120.720602,24.180135,2
10922,66000,387130000C,(04)23274275,(04)23288582,2025,12,25,13,0,臺中市,西屯區,0,2,0,7,1,6,50,3,9,1,5,4,6,6,1,1,3,4,5,2,17,3,10,3,1,B03,7,11,1,8,2,2,,45,45,1,12,4,120.651824,24.185361,2
10923,66000,387130000C,(04)23274275,(04)23288582,2025,12,25,13,3,臺中市,西區,0,0,0,7,,,50,,,,,,,,,,,,,,,,,,,B03,,,1,,1,,,84,84,1,12,4,120.663415,24.136668,3
10924,66000,387130000C,(04)23274275,(04)23288582,2025,12,25,13,5,臺中市,西屯區,0,0,0,7,,,50,,,,,,,,,,,,,,17,,,,,C04,,,1,,1,,,68,68,1,13,4,120.658939,24.200402,3
10925,66000,387130000C,(04)23274275,(04)23288582,2025,12,25,13,6,臺中市,南屯區,0,0,0,7,,,50,,,,,,,,,,,,,,14,,,,,B03,,,1,,1,,,49,49,1,12,4,120.645067,24.131232,4
10926,66000,387130000C,(04)23274275,(04)23288582,2025,12,25,13,8,臺中市,豐原區,0,2,0,6,2,6,50,3,1,1,5,4,6,6,3,1,10,5,5,2,17,2,9,2,1,C03,7,6,3,19,9,13,,48,48,1,13,4,120.716826,24.256565,2
10927,66000,387130000C,(04)23274275,(04)23288582,2025,12,25,13,12,臺中市,西屯區,0,2,0,7,2,6,50,3,1,1,5,4,6,6,4,4,8,5,5,1,17,3,10,5,4,C03,7,9,1,10,2,15,,75,75,1,13,4,120.659035,24.166026,2
10928,66000,387130000C,(04)23274275,(04)23288582,2025,12,25,13,13,臺中市,東區,0,0,0,7,,,40,,,,,,,,,,,,,,12,,,,,C03,,,1,,1,,,85,85,1,12,4,120.699388,24.146075,3
10929,66000,387130000C,(04)23274275,(04)23288582,2025,12,25,13,14,臺中市,大雅區,0,0,0,7,,,30,,,,,,,,,,,,,,30,,,,,B03,,,1,,2,,,87,87,1,13,4,120.643274,24.219452,3
10930,66000,387130000C,(04)23274275,(04)23288582,2025,12,25,13,17,臺中市,東勢區,0,1,0,7,2,6,50,3,1,1,5,4,6,6,4,4,10,5,5,2,17,3,10,3,1,B12,7,11,1,8,2,8,,45,45,1,12,4,120.823916,24.265694,2
10931,66000,387130000C,(04)23274275,(04)23288582,2025,12,25,13,20,臺中市,沙鹿區,0,1,0,7,2,6,30,4,9,1,5,4,6,6,4,4,4,4,5,2,15,2,9,2,1,C03,7,9,1,8,2,11,,12,12,1,12,4,120.56881,24.230644,2