序號,縣市別代碼,機關代碼,市話,傳真,年,月,日,時,分,縣市,區,死亡數量,受傷數量,2-30,天候,道路照明設備,道路類別,道路速限,道路型態,事故位置,路面鋪裝,路面狀態,路面缺陷,障礙物,視距,號誌種類,號誌動作,分向設施,快車道或一般車道間,快慢車道間,路面邊線,事故類型及型態,受傷程度,主要傷處,保護裝備,行動電話或功能裝置,當事者區分(類別),車輛用途,當事者行動狀態,駕照狀態,駕照種類,飲酒情形,車輛撞擊部位最初,車輛撞擊部位其他,肇事因素個別,肇事因素主要,肇事逃逸,職業,共享經濟或外送平台,GPS座標X,GPS座標Y,事故類別
10932,66000,387130000C,(04)23274275,(04)23288582,2025,12,25,13,22,臺中市,豐原區,0,0,0,7,,,50,,,,,,,,,,,,,,12,,,,,B03,,,1,,1,,,40,40,1,12,4,120.706498,24.250186,3
10933,66000,387130000C,(04)23274275,(04)23288582,2025,12,25,13,30,臺中市,神岡區,0,1,0,7,1,6,50,3,1,1,5,4,6,6,1,1,5,5,5,1,18,2,9,1,4,F03,7,5,7,21,2,12,,84,84,1,12,4,120.695565,24.239739,2
10934,66000,387130000C,(04)23274275,(04)23288582,2025,12,25,13,31,臺中市,西屯區,0,2,0,7,1,6,50,13,8,1,5,4,6,6,4,4,5,4,4,2,18,2,9,2,1,C04,7,9,1,10,2,14,12,59,59,1,12,4,120.659312,24.163945,2
10935,66000,387130000C,(04)23274275,(04)23288582,2025,12,25,13,35,臺中市,西區,0,1,0,7,2,6,50,4,1,1,5,4,6,6,4,4,5,5,5,1,15,2,9,2,1,C03,7,9,1,10,2,11,,15,15,1,13,4,120.658847,24.152543,2
10936,66000,387130000C,(04)23274275,(04)23288582,2025,12,25,13,36,臺中市,北區,0,0,0,7,3,6,50,4,1,1,5,4,6,6,2,1,10,5,5,2,17,,,,,C03,,,1,,2,,,7,7,1,13,4,120.677303,24.151254,3
10937,66000,387130000C,(04)23274275,(04)23288582,2025,12,25,13,36,臺中市,東區,0,1,0,7,3,6,50,4,1,1,5,4,6,6,1,1,10,5,5,2,13,3,10,5,4,C03,7,9,1,10,2,11,,7,7,1,12,4,120.700282,24.132595,2
10938,66000,387130000C,(04)23274275,(04)23288582,2025,12,25,13,38,臺中市,北區,0,1,0,7,3,6,50,4,1,1,5,4,6,6,4,4,10,5,5,2,17,3,10,5,4,C03,7,5,5,19,2,11,,14,14,1,13,4,120.676588,24.148696,2
10939,66000,387130000C,(04)23274275,(04)23288582,2025,12,25,13,40,臺中市,北屯區,0,1,0,7,3,6,50,4,1,1,5,4,6,6,2,1,10,5,5,2,12,3,10,2,1,C03,7,9,1,10,2,14,,25,25,1,6,4,120.730333,24.173885,2
10940,66000,387130000C,(04)23274275,(04)23288582,2025,12,25,13,40,臺中市,大甲區,0,0,0,7,,,50,,,,,,,,,,,,,,,,,,,B03,,,1,,2,,,8,8,1,12,4,120.624031,24.342432,3
10941,66000,387130000C,(04)23274275,(04)23288582,2025,12,25,13,42,臺中市,北屯區,0,0,0,7,,,50,,,,,,,,,,,,,,,,,,,C03,,,1,,1,,,7,7,1,13,4,120.68065,24.171251,3
10942,66000,387130000C,(04)23274275,(04)23288582,2025,12,25,13,44,臺中市,西屯區,0,2,0,7,2,6,40,4,2,1,5,4,6,6,2,1,1,4,1,2,13,2,9,5,4,C03,7,9,1,10,2,11,,7,7,1,13,4,120.61499,24.183061,2
10943,66000,387130000C,(04)23274275,(04)23288582,2025,12,25,13,46,臺中市,北區,0,0,0,7,,,30,,,,,,,,,,,,,,17,,,,,C03,,,6,,1,,,85,85,1,13,4,120.685046,24.150222,4
10944,66000,387130000C,(04)23274275,(04)23288582,2025,12,25,13,46,臺中市,太平區,0,1,0,7,2,6,50,3,2,1,5,4,6,6,4,4,5,5,4,2,13,2,9,2,1,C03,7,9,1,10,2,11,,7,7,1,12,4,120.711357,24.14086,2
10945,66000,387130000C,(04)23274275,(04)23288582,2025,12,25,13,47,臺中市,西屯區,0,1,0,7,2,6,50,3,1,1,5,4,6,6,4,4,10,5,5,2,13,3,10,5,4,B03,7,9,1,8,2,5,,59,59,1,12,4,120.653885,24.166093,2
10946,66000,387130000C,(04)23274275,(04)23288582,2025,12,25,13,49,臺中市,北屯區,0,0,0,7,,,50,,,,,,,,,,,,,,14,,,,,C03,,,1,,1,,,84,84,1,12,4,120.714186,24.173557,3
10947,66000,387130000C,(04)23274275,(04)23288582,2025,12,25,13,49,臺中市,太平區,0,0,0,7,,,50,,,,,,,,,,,,,,,,,,,B12,,,1,,2,,,49,49,1,12,4,120.714921,24.111674,3
10948,66000,387130000C,(04)23274275,(04)23288582,2025,12,25,13,50,臺中市,大雅區,0,0,0,7,,,60,,,,,,,,,,,,,,,,,,,A41,,,1,,2,,,40,40,1,13,4,120.646701,24.222415,3
10949,66000,387130000C,(04)23274275,(04)23288582,2025,12,25,13,50,臺中市,北區,0,0,0,7,,,50,,,,,,,,,,,,,,17,,,,,B03,,,1,,2,,,84,84,1,13,4,120.670359,24.162687,3
10950,66000,387130000C,(04)23274275,(04)23288582,2025,12,25,13,50,臺中市,沙鹿區,0,1,0,6,2,6,50,13,9,1,5,4,6,6,4,4,9,5,5,2,17,3,10,3,1,B03,7,1,1,8,2,4,,51,51,1,6,4,120.565625,24.248109,2
10951,66000,387130000C,(04)23274275,(04)23288582,2025,12,25,13,52,臺中市,梧棲區,0,0,0,7,,,50,,,,,,,,,,,,,,16,,,,,B03,,,1,,1,,,12,12,1,6,4,120.538534,24.259811,3
10952,66000,387130000C,(04)23274275,(04)23288582,2025,12,25,13,53,臺中市,潭子區,0,1,0,7,3,6,50,11,9,1,5,4,6,6,4,4,10,5,5,1,18,2,9,1,1,C03,7,6,1,10,2,11,,59,59,1,13,4,120.677966,24.209701,2
10953,66000,387130000C,(04)23274275,(04)23288582,2025,12,25,13,54,臺中市,北區,0,0,0,7,3,6,50,18,24,1,5,4,6,6,4,4,3,4,4,2,17,,,,,C03,,,1,,1,,,73,73,1,13,4,120.6805,24.152277,3
10954,66000,387130000C,(04)23274275,(04)23288582,2025,12,25,14,0,臺中市,南區,0,0,0,7,,,30,,,,,,,,,,,,,,12,,,,,B03,,,1,,2,,,84,84,1,13,4,120.659376,24.117253,3
10955,66000,387130000C,(04)23274275,(04)23288582,2025,12,25,14,2,臺中市,北屯區,0,1,0,7,3,6,50,13,9,1,5,4,6,6,4,4,5,4,5,2,17,3,10,2,1,C03,7,4,1,10,2,14,,84,84,1,6,4,120.728602,24.176902,2
10956,66000,387130000C,(04)23274275,(04)23288582,2025,12,25,14,4,臺中市,北屯區,0,2,0,7,3,3,80,13,7,1,5,4,6,6,4,4,1,3,5,1,13,3,10,3,1,B12,7,9,1,8,2,1,,7,7,1,6,4,120.675863,24.200917,2
10957,66000,387130000C,(04)23274275,(04)23288582,2025,12,25,14,5,臺中市,北區,0,3,0,7,2,6,50,13,8,1,5,4,6,6,4,4,1,4,4,2,17,2,9,5,4,C03,7,7,1,10,2,12,,40,40,1,13,4,120.676787,24.155403,2
10958,66000,387130000C,(04)23274275,(04)23288582,2025,12,25,14,5,臺中市,南區,0,0,0,7,,,50,,,,,,,,,,,,,,17,,,,,B03,,,1,,1,,,7,7,1,12,4,120.67926,24.119028,3
10959,66000,387130000C,(04)23274275,(04)23288582,2025,12,25,14,6,臺中市,大里區,0,1,0,7,2,6,50,13,9,1,5,4,6,6,4,4,10,5,5,1,3,3,10,1,1,C03,7,9,1,10,2,11,,84,84,1,12,4,120.701465,24.084183,2
10960,66000,387130000C,(04)23274275,(04)23288582,2025,12,25,14,11,臺中市,北屯區,0,0,0,7,,,50,,,,,,,,,,,,,,14,,,,,B03,,,1,8,1,,,49,49,1,6,4,120.683398,24.170702,3
10961,66000,387130000C,(04)23274275,(04)23288582,2025,12,25,14,14,臺中市,北區,0,0,0,7,,,50,,,,,,,,,,,,,,,,,,,B03,,,1,,1,,,7,7,1,12,4,120.664837,24.164832,3
10962,66000,387130000C,(04)23274275,(04)23288582,2025,12,25,14,16,臺中市,西屯區,0,0,0,7,,,60,,,,,,,,,,,,,,13,,,,,B03,,,1,,1,,,59,59,1,12,4,120.635713,24.160675,3
10963,66000,387130000C,(04)23274275,(04)23288582,2025,12,25,14,20,臺中市,西屯區,0,1,0,7,2,6,50,4,1,1,5,4,6,6,1,1,3,4,3,2,17,2,9,1,1,C03,7,9,1,10,2,16,,6,6,1,12,4,120.657713,24.158068,2
10964,66000,387130000C,(04)23274275,(04)23288582,2025,12,25,14,20,臺中市,梧棲區,0,0,0,7,,,30,,,,,,,,,,,,,,14,,,,,B03,,,1,,2,,,49,49,1,6,4,120.550455,24.246144,3
10965,66000,387130000C,(04)23274275,(04)23288582,2025,12,25,14,21,臺中市,北區,0,1,0,7,2,6,50,4,1,1,5,4,6,6,2,1,10,5,5,2,23,2,3,3,1,B03,7,6,1,8,2,8,,59,59,1,12,4,120.682344,24.163038,2
10966,66000,387130000C,(04)23274275,(04)23288582,2025,12,25,14,22,臺中市,西屯區,0,0,0,7,,,30,,,,,,,,,,,,,,15,,,,,C03,,,1,,1,,,12,12,1,13,4,120.653107,24.175464,3
10967,66000,387130000C,(04)23274275,(04)23288582,2025,12,25,14,23,臺中市,大甲區,0,0,0,7,,,50,,,,,,,,,,,,,,,,,,,B03,,,1,,1,,,49,49,1,6,4,120.624944,24.340546,3
10968,66000,387130000C,(04)23274275,(04)23288582,2025,12,25,14,24,臺中市,西區,0,0,0,7,,,50,,,,,,,,,,,,,,17,,,,,B03,,,1,,1,,,8,8,1,12,4,120.662541,24.147883,3
10969,66000,387130000C,(04)23274275,(04)23288582,2025,12,25,14,26,臺中市,大里區,0,1,0,7,2,6,50,3,1,1,5,4,6,6,1,1,5,4,5,1,12,2,9,1,1,C03,7,8,1,10,2,14,,40,40,1,13,4,120.68692,24.120989,2
10970,66000,387130000C,(04)23274275,(04)23288582,2025,12,25,14,27,臺中市,西屯區,0,0,0,7,,,,,,,,,,,,,,,,,17,,,,,,,,,,,,,116,116,1,,,120.64499,24.164876,3
10971,66000,387130000C,(04)23274275,(04)23288582,2025,12,25,14,31,臺中市,南區,0,1,0,7,2,6,50,13,9,1,5,4,6,6,4,4,9,5,5,2,12,2,9,2,1,C03,7,9,1,10,2,11,12,84,84,1,12,4,120.660584,24.122379,2
10972,66000,387130000C,(04)23274275,(04)23288582,2025,12,25,14,31,臺中市,北屯區,0,1,0,7,1,6,50,13,7,1,5,4,6,6,4,4,5,4,4,2,13,2,9,1,1,C03,7,9,1,10,2,11,,84,84,1,13,4,120.662906,24.186175,2
10973,66000,387130000C,(04)23274275,(04)23288582,2025,12,25,14,32,臺中市,北屯區,0,0,0,7,,,50,,,,,,,,,,,,,,13,,,,,B01,,,1,,1,,,84,84,1,6,4,120.703528,24.178214,3
10974,66000,387130000C,(04)23274275,(04)23288582,2025,12,25,14,33,臺中市,潭子區,0,2,0,7,3,6,60,5,1,1,5,4,6,6,1,1,1,4,5,1,17,2,9,2,1,C03,7,9,1,10,2,12,,7,7,1,13,4,120.703413,24.200444,2
10975,66000,387130000C,(04)23274275,(04)23288582,2025,12,25,14,33,臺中市,霧峰區,0,0,0,7,,,50,,,,,,,,,,,,,,15,,,,,A41,,,1,,2,,,21,21,1,12,4,120.66316,24.062062,3
10976,66000,387130000C,(04)23274275,(04)23288582,2025,12,25,14,38,臺中市,沙鹿區,0,0,0,7,,,50,,,,,,,,,,,,,,12,,,,,B03,,,1,,2,,,8,8,1,6,4,120.597545,24.249581,3
10977,66000,387130000C,(04)23274275,(04)23288582,2025,12,25,14,40,臺中市,沙鹿區,0,0,0,7,,,40,,,,,,,,,,,,,,12,,,,,C03,,,1,,1,,,8,8,1,12,4,120.570544,24.216469,4
10978,66000,387130000C,(04)23274275,(04)23288582,2025,12,25,14,43,臺中市,西區,0,0,0,7,,,50,,,,,,,,,,,,,,,,,,,B03,,,1,,1,,,7,7,1,6,4,120.660677,24.14668,3
10979,66000,387130000C,(04)23274275,(04)23288582,2025,12,25,14,45,臺中市,西區,0,0,0,7,,,50,,,,,,,,,,,,,,16,,,,,B03,,,1,,2,,,12,12,1,13,4,120.666557,24.14437,3
10980,66000,387130000C,(04)23274275,(04)23288582,2025,12,25,14,48,臺中市,清水區,0,2,0,7,2,6,60,5,1,1,5,4,6,6,1,1,8,3,4,1,16,2,9,1,1,C03,7,9,1,10,2,14,,26,26,1,12,4,120.567431,24.270147,2
10981,66000,387130000C,(04)23274275,(04)23288582,2025,12,25,14,50,臺中市,豐原區,0,0,0,7,,,50,,,,,,,,,,,,,,,,,,,B03,,,1,,2,,,42,42,1,13,4,120.720298,24.249344,3
10982,66000,387130000C,(04)23274275,(04)23288582,2025,12,25,14,53,臺中市,太平區,0,1,0,7,2,6,50,3,2,1,5,4,6,6,4,4,9,5,4,1,12,3,10,3,1,B12,7,4,1,8,2,6,,85,85,1,12,4,120.729131,24.103361,2
10983,66000,387130000C,(04)23274275,(04)23288582,2025,12,25,14,54,臺中市,東區,0,0,0,7,,,50,,,,,,,,,,,,,,16,,,,,B03,,,1,,2,,,11,11,1,12,4,120.685882,24.135716,3
10984,66000,387130000C,(04)23274275,(04)23288582,2025,12,25,14,55,臺中市,太平區,0,1,0,7,3,6,50,5,9,1,5,4,6,6,4,4,9,5,5,2,24,2,9,6,1,F01,7,15,7,21,9,11,,56,56,1,12,4,120.719672,24.127296,2
10985,66000,387130000C,(04)23274275,(04)23288582,2025,12,25,14,56,臺中市,北屯區,0,1,0,7,2,6,50,3,1,1,5,4,6,6,1,1,10,5,5,2,16,3,10,3,1,B03,7,6,1,8,2,5,,11,11,1,12,4,120.720883,24.166932,2
10986,66000,387130000C,(04)23274275,(04)23288582,2025,12,25,14,58,臺中市,東區,0,0,0,7,,,50,,,,,,,,,,,,,,,,,,,C03,,,1,,9,,,50,50,1,13,4,120.695322,24.142793,3
10987,66000,387130000C,(04)23274275,(04)23288582,2025,12,25,14,58,臺中市,外埔區,0,2,0,6,2,6,40,13,9,1,5,4,6,6,4,4,10,5,5,1,12,2,7,1,1,C03,7,6,1,10,2,14,,20,20,1,6,4,120.664679,24.3493,2
10988,66000,387130000C,(04)23274275,(04)23288582,2025,12,25,15,4,臺中市,大肚區,0,1,0,7,3,6,30,11,9,1,5,4,6,6,4,4,10,5,5,2,12,2,7,2,1,C03,7,6,1,10,2,13,,48,48,1,6,4,120.58087,24.120286,2
10989,66000,387130000C,(04)23274275,(04)23288582,2025,12,25,15,10,臺中市,和平區,0,2,0,6,3,9,30,11,9,1,5,4,6,6,4,4,10,5,5,1,10,4,11,5,4,B12,7,9,6,20,9,1,,87,87,2,13,4,121.253254,24.250972,2
10990,66000,387130000C,(04)23274275,(04)23288582,2025,12,25,15,12,臺中市,西區,0,0,0,7,,,50,,,,,,,,,,,,,,,,,,,B03,,,1,,1,,,87,87,1,12,4,120.666711,24.141039,3
10991,66000,387130000C,(04)23274275,(04)23288582,2025,12,25,15,14,臺中市,太平區,0,1,0,7,2,6,40,3,2,1,5,4,6,6,4,4,5,5,4,1,13,2,8,2,1,C03,7,9,1,10,2,11,13,7,7,1,12,4,120.717668,24.148737,2
10992,66000,387130000C,(04)23274275,(04)23288582,2025,12,25,15,15,臺中市,西區,0,0,0,7,,,50,,,,,,,,,,,,,,16,,,,,B03,,,1,,1,,,14,14,1,13,4,120.673242,24.148836,3
10993,66000,387130000C,(04)23274275,(04)23288582,2025,12,25,15,17,臺中市,西屯區,0,0,0,7,,,40,,,,,,,,,,,,,,13,,,,,C03,,,1,,1,,,7,7,1,12,4,120.614716,24.183186,3
10994,66000,387130000C,(04)23274275,(04)23288582,2025,12,25,15,25,臺中市,豐原區,0,0,0,7,,,50,,,,,,,,,,,,,,17,,,,,B03,,,1,,2,,,49,49,1,6,4,120.719763,24.25163,3
10995,66000,387130000C,(04)23274275,(04)23288582,2025,12,25,15,27,臺中市,潭子區,0,3,0,6,3,6,50,4,1,1,5,4,6,6,1,1,5,4,4,2,17,2,9,2,1,C03,7,5,1,10,2,14,,47,47,1,13,4,120.709939,24.206354,2
10996,66000,387130000C,(04)23274275,(04)23288582,2025,12,25,15,30,臺中市,大里區,0,1,0,7,2,6,30,4,1,1,5,4,6,6,4,4,10,5,5,2,17,2,6,5,4,F01,7,6,7,21,2,11,,84,84,1,13,4,120.692676,24.080755,2
10997,66000,387130000C,(04)23274275,(04)23288582,2025,12,25,15,31,臺中市,大肚區,0,1,0,7,2,6,40,3,1,1,5,4,6,6,2,1,10,5,5,2,12,2,9,1,1,C03,7,9,1,10,2,14,,7,7,1,6,4,120.582561,24.167999,2
10998,66000,387130000C,(04)23274275,(04)23288582,2025,12,25,15,32,臺中市,西屯區,0,0,0,7,,,50,,,,,,,,,,,,,,13,,,,,B12,,,1,,1,,,59,59,1,12,4,120.62164,24.186389,3
10999,66000,387130000C,(04)23274275,(04)23288582,2025,12,25,15,32,臺中市,清水區,0,0,0,7,2,6,50,13,7,1,5,4,6,6,1,1,8,4,4,2,14,,,,,B03,,,1,,9,,,49,49,1,12,4,120.574497,24.265129,3
11000,66000,387130000C,(04)23274275,(04)23288582,2025,12,25,15,35,臺中市,新社區,0,2,0,7,2,6,50,3,2,1,5,4,6,6,4,4,5,5,5,1,12,2,9,1,1,F01,7,9,7,21,2,12,,84,84,1,3,4,120.802444,24.197189,2
11001,66000,387130000C,(04)23274275,(04)23288582,2025,12,25,15,37,臺中市,西區,0,0,0,7,,,50,,,,,,,,,,,,,,13,,,,,C04,,,1,,1,,,7,7,1,12,3,120.665693,24.141865,3
11002,66000,387130000C,(04)23274275,(04)23288582,2025,12,25,15,40,臺中市,豐原區,0,0,0,7,,,50,,,,,,,,,,,,,,17,,,,,B03,,,1,,2,,,50,50,1,12,4,120.721989,24.257004,3
11003,66000,387130000C,(04)23274275,(04)23288582,2025,12,25,15,43,臺中市,北區,0,2,0,7,2,6,50,4,19,1,5,4,6,6,1,1,10,5,5,2,3,2,9,6,5,H01,8,16,7,21,10,17,,96,96,1,13,5,120.686437,24.16536,2
11004,66000,387130000C,(04)23274275,(04)23288582,2025,12,25,15,44,臺中市,霧峰區,0,0,0,7,,,50,,,,,,,,,,,,,,13,,,,,C03,,,2,,2,,,7,7,1,12,4,120.661962,24.068484,3
11005,66000,387130000C,(04)23274275,(04)23288582,2025,12,25,15,46,臺中市,北屯區,0,0,0,7,,,50,,,,,,,,,,,,,,16,,,,,F01,,,7,,1,,,11,11,1,13,4,120.703741,24.176002,3
11006,66000,387130000C,(04)23274275,(04)23288582,2025,12,25,15,46,臺中市,西屯區,0,2,0,7,3,6,40,3,2,1,5,4,6,6,4,4,1,4,1,2,12,2,7,5,4,C03,7,9,1,10,2,12,,84,84,1,12,4,120.64449,24.1657,2
11007,66000,387130000C,(04)23274275,(04)23288582,2025,12,25,15,47,臺中市,北區,0,1,0,7,3,6,50,4,1,1,5,4,6,6,1,1,5,4,5,2,17,3,10,3,1,B03,7,5,1,8,2,2,,47,47,1,12,4,120.666157,24.159167,2
11008,66000,387130000C,(04)23274275,(04)23288582,2025,12,25,15,48,臺中市,太平區,0,1,0,6,2,6,40,13,12,1,5,4,6,6,4,4,5,5,4,1,13,2,9,1,1,C03,7,9,1,10,2,11,,7,7,1,12,4,120.718847,24.129224,2
11009,66000,387130000C,(04)23274275,(04)23288582,2025,12,25,15,50,臺中市,大甲區,0,0,0,7,,,70,,,,,,,,,,,,,,,,,,,B03,,,1,,2,,,8,8,1,12,4,120.654581,24.372476,3
11010,66000,387130000C,(04)23274275,(04)23288582,2025,12,25,15,52,臺中市,西屯區,0,0,0,7,,,30,,,,,,,,,,,,,,17,,,,,B03,,,3,,11,,,86,86,1,12,4,120.63488,24.192198,3
11011,66000,387130000C,(04)23274275,(04)23288582,2025,12,25,15,53,臺中市,南區,0,1,0,7,3,6,50,4,9,1,5,4,6,6,1,1,5,5,5,2,17,3,10,5,4,B03,7,5,1,8,2,3,,87,87,1,6,4,120.68104,24.126354,2
11012,66000,387130000C,(04)23274275,(04)23288582,2025,12,25,15,54,臺中市,沙鹿區,0,1,0,7,2,6,70,13,8,1,5,4,6,6,4,4,1,5,3,1,17,3,10,3,1,B03,7,5,1,8,2,16,,47,47,1,7,4,120.573102,24.230911,2
11013,66000,387130000C,(04)23274275,(04)23288582,2025,12,25,15,56,臺中市,南區,0,0,0,7,,,30,,,,,,,,,,,,,,14,,,,,B03,,,1,,2,,,49,49,1,6,4,120.671298,24.123284,3
11014,66000,387130000C,(04)23274275,(04)23288582,2025,12,25,15,56,臺中市,大里區,0,1,0,7,3,9,30,4,1,1,5,4,6,6,4,4,10,5,5,2,15,2,9,1,1,C03,7,9,1,10,2,11,,15,15,1,12,4,120.706708,24.083453,2
11015,66000,387130000C,(04)23274275,(04)23288582,2025,12,25,15,58,臺中市,大雅區,0,1,0,6,1,6,30,5,2,1,5,4,6,6,1,1,3,5,5,1,17,3,10,3,1,B03,7,11,1,8,2,5,,83,83,1,13,4,120.651286,24.209678,2
11016,66000,387130000C,(04)23274275,(04)23288582,2025,12,25,15,59,臺中市,西區,0,0,0,7,,,50,,,,,,,,,,,,,,,,,,,B03,,,1,,1,,,84,84,1,12,4,120.657353,24.146702,3
11017,66000,387130000C,(04)23274275,(04)23288582,2025,12,25,16,0,臺中市,西區,0,0,0,7,,,40,,,,,,,,,,,,,,13,,,,,B03,,,1,,1,,,59,59,1,13,4,120.665214,24.150692,3
11018,66000,387130000C,(04)23274275,(04)23288582,2025,12,25,16,0,臺中市,豐原區,0,1,0,7,2,6,30,5,1,1,5,4,6,6,2,1,1,5,5,1,16,3,10,3,1,B03,7,5,1,8,2,5,,11,11,1,12,4,120.703287,24.246643,2
11019,66000,387130000C,(04)23274275,(04)23288582,2025,12,25,16,2,臺中市,太平區,0,0,0,7,2,3,80,,,,,,,,,,,,,,,,,,,B03,,,1,,1,1,,7,7,1,12,4,120.714092,24.151064,3
11020,66000,387130000C,(04)23274275,(04)23288582,2025,12,25,16,3,臺中市,西屯區,0,0,0,7,,,40,,,,,,,,,,,,,,14,,,,,B03,,,1,,1,,,49,49,1,12,4,120.592982,24.180073,3
11021,66000,387130000C,(04)23274275,(04)23288582,2025,12,25,16,3,臺中市,太平區,0,2,0,7,3,6,30,11,9,1,5,4,6,6,4,4,4,5,5,1,18,2,9,1,1,C03,7,5,1,10,2,12,,5,5,1,12,4,120.816384,24.087871,2
11022,66000,387130000C,(04)23274275,(04)23288582,2025,12,25,16,4,臺中市,西屯區,0,1,0,7,2,6,50,13,9,1,5,4,6,6,4,4,5,4,5,2,13,2,8,2,1,C03,7,9,1,10,2,12,,7,7,1,12,4,120.642194,24.169637,2
11023,66000,387130000C,(04)23274275,(04)23288582,2025,12,25,16,9,臺中市,西區,0,2,0,7,2,6,50,4,2,1,5,4,6,6,4,4,5,4,5,1,15,2,9,2,1,C03,7,9,1,10,2,12,,12,12,1,13,4,120.660847,24.15085,2
11024,66000,387130000C,(04)23274275,(04)23288582,2025,12,25,16,14,臺中市,大肚區,0,1,0,7,2,6,50,13,9,1,5,4,6,6,4,4,9,5,5,1,17,2,8,1,1,C03,7,9,1,10,2,15,,43,43,1,6,4,120.581381,24.174656,2
11025,66000,387130000C,(04)23274275,(04)23288582,2025,12,25,16,15,臺中市,南屯區,0,0,0,7,,,40,,,,,,,,,,,,,,14,,,,,B03,,,1,,2,,,49,49,1,6,4,120.636821,24.154203,3
11026,66000,387130000C,(04)23274275,(04)23288582,2025,12,25,16,19,臺中市,北屯區,0,1,0,7,2,6,50,13,9,1,5,4,6,6,4,4,10,5,5,2,13,3,10,5,4,B03,7,9,1,8,2,5,,59,59,1,12,4,120.71857,24.175909,2
11027,66000,387130000C,(04)23274275,(04)23288582,2025,12,25,16,22,臺中市,北屯區,0,1,0,7,2,6,50,4,1,1,5,4,6,6,2,1,4,3,4,2,16,3,10,3,1,B03,7,5,1,8,2,6,,11,11,1,13,4,120.663539,24.185316,2
11028,66000,387130000C,(04)23274275,(04)23288582,2025,12,25,16,24,臺中市,太平區,0,0,0,6,,,50,,,,,,,,,,,,,,12,,,,,B03,,,1,,2,,,58,58,1,12,4,120.703868,24.114509,3
11029,66000,387130000C,(04)23274275,(04)23288582,2025,12,25,16,27,臺中市,大甲區,0,1,0,7,3,6,50,4,1,1,5,4,6,6,1,1,10,5,5,2,17,2,9,1,1,F01,7,9,7,21,2,11,,7,7,1,6,4,120.623232,24.345583,2
11030,66000,387130000C,(04)23274275,(04)23288582,2025,12,25,16,30,臺中市,烏日區,0,0,0,7,,,70,,,,,,,,,,,,,,16,,,,,B03,,,1,,1,,,11,11,1,6,4,120.598176,24.111297,3
11031,66000,387130000C,(04)23274275,(04)23288582,2025,12,25,16,30,臺中市,龍井區,0,2,0,6,2,6,30,4,1,1,5,4,6,6,4,4,10,5,5,2,15,2,8,2,1,C03,7,9,1,10,2,12,,39,39,1,5,2,120.589208,24.189233,2
11032,66000,387130000C,(04)23274275,(04)23288582,2025,12,25,16,30,臺中市,梧棲區,0,0,0,7,,,30,,,,,,,,,,,,,,17,,,,,B03,,,1,,1,,,50,50,1,6,4,120.548681,24.234705,3
11033,66000,387130000C,(04)23274275,(04)23288582,2025,12,25,16,35,臺中市,西區,0,2,0,7,2,6,50,4,2,1,5,4,6,6,2,1,5,4,5,2,17,2,9,2,1,C03,7,9,1,10,2,14,,84,84,1,12,4,120.657457,24.150869,2
11034,66000,387130000C,(04)23274275,(04)23288582,2025,12,25,16,35,臺中市,北區,0,0,0,7,,,50,,,,,,,,,,,,,,17,,,,,B03,,,1,,9,,,8,8,2,13,4,120.674056,24.16524,3
11035,66000,387130000C,(04)23274275,(04)23288582,2025,12,25,16,38,臺中市,南屯區,0,2,0,7,2,6,50,4,1,1,5,4,6,6,4,4,7,4,5,2,16,3,10,3,1,B03,7,6,1,8,2,5,,14,14,1,12,4,120.642397,24.141428,2
11036,66000,387130000C,(04)23274275,(04)23288582,2025,12,25,16,38,臺中市,太平區,0,1,0,7,3,6,50,4,1,1,5,4,6,6,2,1,10,5,5,2,15,3,10,3,1,B03,7,9,1,2,2,2,,21,21,1,12,4,120.712888,24.144499,2
11037,66000,387130000C,(04)23274275,(04)23288582,2025,12,25,16,40,臺中市,北屯區,0,1,0,7,2,6,50,4,1,1,5,4,6,6,1,1,10,5,5,2,16,3,10,5,4,C03,7,6,1,10,2,11,,11,11,1,12,4,120.705794,24.178224,2
11038,66000,387130000C,(04)23274275,(04)23288582,2025,12,25,16,42,臺中市,北屯區,0,0,0,7,,,50,,,,,,,,,,,,,,12,,,,,B03,,,1,8,2,,,85,85,1,6,4,120.738148,24.178409,3
11039,66000,387130000C,(04)23274275,(04)23288582,2025,12,25,16,47,臺中市,南區,0,0,0,7,,,50,,,,,,,,,,,,,,,,,,,B03,,,1,,9,,,8,8,2,13,4,120.655567,24.12391,3
11040,66000,387130000C,(04)23274275,(04)23288582,2025,12,25,16,47,臺中市,大里區,0,1,0,7,1,6,50,5,1,1,5,4,6,6,1,1,10,5,5,2,16,3,10,3,1,B03,7,5,1,8,2,5,,47,47,1,12,4,120.689884,24.113093,2
11041,66000,387130000C,(04)23274275,(04)23288582,2025,12,25,16,50,臺中市,南區,0,0,0,7,,,30,,,,,,,,,,,,,,13,,,,,C03,,,1,,1,,,7,7,1,12,4,120.671499,24.124831,3