序號,縣市別代碼,機關代碼,市話,傳真,年,月,日,時,分,縣市,區,死亡數量,受傷數量,2-30,天候,道路照明設備,道路類別,道路速限,道路型態,事故位置,路面鋪裝,路面狀態,路面缺陷,障礙物,視距,號誌種類,號誌動作,分向設施,快車道或一般車道間,快慢車道間,路面邊線,事故類型及型態,受傷程度,主要傷處,保護裝備,行動電話或功能裝置,當事者區分(類別),車輛用途,當事者行動狀態,駕照狀態,駕照種類,飲酒情形,車輛撞擊部位最初,車輛撞擊部位其他,肇事因素個別,肇事因素主要,肇事逃逸,職業,共享經濟或外送平台,GPS座標X,GPS座標Y,事故類別
11042,66000,387130000C,(04)23274275,(04)23288582,2025,12,25,16,53,臺中市,南屯區,0,0,0,7,,,50,,,,,,,,,,,,,,17,,,,,A12,,,1,,1,,,51,51,1,12,4,120.633587,24.148957,4
11043,66000,387130000C,(04)23274275,(04)23288582,2025,12,25,16,53,臺中市,西屯區,0,1,0,7,2,6,50,13,9,1,5,4,6,6,4,4,10,5,5,2,13,2,9,1,1,C03,7,9,1,10,2,11,,7,7,1,13,4,120.615443,24.184163,2
11044,66000,387130000C,(04)23274275,(04)23288582,2025,12,25,16,55,臺中市,北屯區,0,1,0,7,3,6,30,13,9,1,5,4,6,6,4,4,10,5,5,2,17,3,10,3,1,B03,7,1,1,8,2,8,,51,51,1,6,4,120.666892,24.19069,2
11045,66000,387130000C,(04)23274275,(04)23288582,2025,12,25,16,56,臺中市,北區,0,0,0,7,,,50,,,,,,,,,,,,,,17,,,,,,,,,,,,,86,86,1,,,120.666349,24.159089,4
11046,66000,387130000C,(04)23274275,(04)23288582,2025,12,25,17,2,臺中市,北屯區,0,0,0,7,,,30,,,,,,,,,,,,,,17,,,,,B03,,,1,,1,,,84,84,1,13,4,120.738028,24.175623,3
11047,66000,387130000C,(04)23274275,(04)23288582,2025,12,25,17,2,臺中市,西屯區,0,0,0,7,,,40,,,,,,,,,,,,,,13,,,,,B03,,,1,,1,,,7,7,1,12,4,120.640982,24.167464,3
11048,66000,387130000C,(04)23274275,(04)23288582,2025,12,25,17,4,臺中市,大里區,0,0,0,7,3,6,50,11,9,1,5,4,6,6,4,4,1,4,5,1,12,,,,,B03,,,1,,2,,,47,47,1,12,4,120.687504,24.094933,3
11049,66000,387130000C,(04)23274275,(04)23288582,2025,12,25,17,5,臺中市,北區,0,1,0,7,2,6,50,4,2,1,5,4,6,6,2,1,10,5,5,2,12,3,10,3,1,B03,7,5,1,8,2,5,,84,84,1,13,4,120.684449,24.153976,2
11050,66000,387130000C,(04)23274275,(04)23288582,2025,12,25,17,9,臺中市,北屯區,0,1,0,7,1,6,50,3,1,1,5,4,6,6,4,4,10,5,5,2,16,3,10,5,4,B03,7,6,1,8,2,8,,85,85,1,12,4,120.688925,24.183003,2
11051,66000,387130000C,(04)23274275,(04)23288582,2025,12,25,17,9,臺中市,神岡區,0,2,0,7,1,6,50,4,1,1,5,4,6,6,3,1,10,5,5,1,17,2,9,5,4,C03,7,15,3,19,2,12,,84,84,1,13,4,120.653,24.258502,2
11052,66000,387130000C,(04)23274275,(04)23288582,2025,12,25,17,14,臺中市,南屯區,0,0,0,7,,,50,,,,,,,,,,,,,,17,,,,,B03,,,1,,1,,,76,76,1,12,4,120.640057,24.119387,3
11053,66000,387130000C,(04)23274275,(04)23288582,2025,12,25,17,15,臺中市,中區,0,0,0,7,,,40,,,,,,,,,,,,,,13,,,,,C03,,,1,,1,,,7,7,1,13,4,120.677702,24.146179,3
11054,66000,387130000C,(04)23274275,(04)23288582,2025,12,25,17,18,臺中市,東區,0,0,0,7,,,50,,,,,,,,,,,,,,17,,,,,B03,,,1,,1,,,7,7,1,12,4,120.68989,24.132044,3
11055,66000,387130000C,(04)23274275,(04)23288582,2025,12,25,17,20,臺中市,西屯區,0,0,0,7,,,50,,,,,,,,,,,,,,13,,,,,C03,,,2,,2,,,7,7,1,12,4,120.656153,24.192059,3
11056,66000,387130000C,(04)23274275,(04)23288582,2025,12,25,17,21,臺中市,南屯區,0,1,0,7,1,6,50,4,1,1,5,4,6,6,2,1,5,4,5,2,16,2,2,3,1,B03,7,6,1,8,2,2,,11,11,1,12,4,120.634806,24.153878,2
11057,66000,387130000C,(04)23274275,(04)23288582,2025,12,25,17,22,臺中市,西區,0,0,0,7,,,30,,,,,,,,,,,,,,,,,,,C03,,,1,,1,,,84,84,1,12,4,120.664585,24.152857,3
11058,66000,387130000C,(04)23274275,(04)23288582,2025,12,25,17,23,臺中市,太平區,0,2,0,7,2,6,50,4,1,1,5,4,6,6,1,1,10,5,5,2,16,2,9,2,1,C03,7,1,1,10,2,14,,51,51,1,12,4,120.712574,24.152649,2
11059,66000,387130000C,(04)23274275,(04)23288582,2025,12,25,17,23,臺中市,龍井區,0,2,0,7,2,6,30,4,1,1,5,4,6,6,4,4,10,5,5,2,15,2,9,1,1,C03,7,9,1,10,2,11,,6,6,1,6,4,120.578708,24.18364,2
11060,66000,387130000C,(04)23274275,(04)23288582,2025,12,25,17,25,臺中市,沙鹿區,0,0,0,7,,,50,,,,,,,,,,,,,,11,,,,,B03,,,1,,1,,,8,8,1,6,4,120.606625,24.244048,3
11061,66000,387130000C,(04)23274275,(04)23288582,2025,12,25,17,27,臺中市,西屯區,0,0,0,7,,,50,,,,,,,,,,,,,,14,,,,,B12,,,1,,1,,,8,8,1,12,4,120.593528,24.16533,3
11062,66000,387130000C,(04)23274275,(04)23288582,2025,12,25,17,30,臺中市,西屯區,0,0,0,7,,,50,,,,,,,,,,,,,,12,,,,,C03,,,1,,1,,,8,8,2,12,4,120.636243,24.169897,3
11063,66000,387130000C,(04)23274275,(04)23288582,2025,12,25,17,33,臺中市,東區,0,1,0,7,1,6,50,13,9,1,5,4,6,6,4,4,5,5,5,2,17,2,9,5,4,C03,7,9,1,10,2,11,,84,84,1,6,4,120.686424,24.143364,2
11064,66000,387130000C,(04)23274275,(04)23288582,2025,12,25,17,33,臺中市,北屯區,0,0,0,7,,,50,,,,,,,,,,,,,,2,,,,,B03,,,1,,2,,,8,8,1,13,4,120.695862,24.183112,3
11065,66000,387130000C,(04)23274275,(04)23288582,2025,12,25,17,34,臺中市,北屯區,0,0,0,7,,,50,,,,,,,,,,,,,,13,,,,,B03,,,1,8,1,,,7,7,1,12,4,120.701047,24.178336,3
11066,66000,387130000C,(04)23274275,(04)23288582,2025,12,25,17,34,臺中市,豐原區,0,0,0,7,,,30,,,,,,,,,,,,,,17,,,,,B03,,,1,,2,,,50,50,1,13,4,120.731389,24.253908,3
11067,66000,387130000C,(04)23274275,(04)23288582,2025,12,25,17,35,臺中市,大雅區,0,0,0,6,,,50,,,,,,,,,,,,,,,,,,,C03,,,1,,2,,,7,7,1,13,4,120.653585,24.22205,3
11068,66000,387130000C,(04)23274275,(04)23288582,2025,12,25,17,37,臺中市,西屯區,0,1,0,6,1,6,30,4,1,1,5,4,6,6,4,4,10,5,5,2,15,3,10,3,1,B03,7,9,1,8,2,2,,15,15,1,12,4,120.616664,24.188003,2
11069,66000,387130000C,(04)23274275,(04)23288582,2025,12,25,17,38,臺中市,南屯區,0,0,0,7,,,50,,,,,,,,,,,,,,13,,,,,B03,,,1,,1,,,59,59,1,12,4,120.632682,24.137739,3
11070,66000,387130000C,(04)23274275,(04)23288582,2025,12,25,17,39,臺中市,北屯區,0,1,0,6,1,6,50,3,1,1,5,4,6,6,4,4,10,5,5,2,13,2,8,2,1,C03,7,9,1,10,2,11,,7,7,1,6,4,120.687434,24.174333,2
11071,66000,387130000C,(04)23274275,(04)23288582,2025,12,25,17,40,臺中市,大里區,0,0,0,7,,,50,,,,,,,,,,,,,,17,,,,,B03,,,1,,2,,,84,84,1,6,4,120.683259,24.105203,3
11072,66000,387130000C,(04)23274275,(04)23288582,2025,12,25,17,42,臺中市,潭子區,0,0,0,7,,,50,,,,,,,,,,,,,,,,,,,B03,,,1,,2,,,40,40,1,13,4,120.721702,24.194556,3
11073,66000,387130000C,(04)23274275,(04)23288582,2025,12,25,17,43,臺中市,南屯區,0,0,0,7,,,60,,,,,,,,,,,,,,12,,,,,A12,,,1,,2,,,84,84,1,12,4,120.616415,24.153601,3
11074,66000,387130000C,(04)23274275,(04)23288582,2025,12,25,17,45,臺中市,西區,0,0,0,7,,,50,,,,,,,,,,,,,,13,,,,,B03,,,1,,1,,,7,7,1,13,4,120.657194,24.140026,4
11075,66000,387130000C,(04)23274275,(04)23288582,2025,12,25,17,45,臺中市,西屯區,0,1,0,7,1,6,80,13,9,1,5,4,6,6,4,4,1,4,5,1,13,2,7,3,1,B03,7,9,1,8,2,1,,7,7,1,12,4,120.632404,24.17062,2
11076,66000,387130000C,(04)23274275,(04)23288582,2025,12,25,17,46,臺中市,北屯區,0,0,0,7,,3,80,,,,,,,,,,,,,,12,,,,,A41,,,1,,2,,,1,1,1,6,4,120.722426,24.188923,3
11077,66000,387130000C,(04)23274275,(04)23288582,2025,12,25,17,47,臺中市,北區,0,1,0,7,1,6,50,13,9,1,5,4,6,6,4,4,2,4,5,2,17,3,10,3,1,B03,7,14,1,8,2,2,,76,76,1,12,4,120.683351,24.148662,2
11078,66000,387130000C,(04)23274275,(04)23288582,2025,12,25,17,48,臺中市,西屯區,0,0,0,7,,,50,,,,,,,,,,,,,,13,,,,,B03,,,1,,1,,,7,7,1,13,4,120.65675,24.184852,3
11079,66000,387130000C,(04)23274275,(04)23288582,2025,12,25,17,48,臺中市,沙鹿區,0,0,0,7,,,,,,,,,,,,,,,,,17,,,,,,,,,,,,,119,119,1,,,120.561883,24.251325,3
11080,66000,387130000C,(04)23274275,(04)23288582,2025,12,25,17,49,臺中市,東區,0,0,0,7,,,50,,,,,,,,,,,,,,18,,,,,C03,,,1,,1,,,85,85,1,12,4,120.687744,24.143178,4
11081,66000,387130000C,(04)23274275,(04)23288582,2025,12,25,17,49,臺中市,豐原區,0,1,0,7,3,6,50,13,8,1,5,4,6,6,4,4,5,4,4,2,13,2,9,2,1,C03,7,9,1,10,2,11,,84,84,1,13,4,120.705467,24.241192,2
11082,66000,387130000C,(04)23274275,(04)23288582,2025,12,25,17,53,臺中市,北區,0,1,0,7,2,6,50,4,2,1,5,4,6,6,2,1,10,5,5,2,17,3,10,2,1,C03,7,9,1,10,2,16,,68,68,1,13,4,120.691825,24.160146,2
11083,66000,387130000C,(04)23274275,(04)23288582,2025,12,25,17,55,臺中市,西區,0,0,0,6,,,40,,,,,,,,,,,,,,,,,,,B03,,,6,,11,,,8,8,2,13,4,120.657634,24.142627,3
11084,66000,387130000C,(04)23274275,(04)23288582,2025,12,25,17,55,臺中市,南屯區,0,0,0,7,,,50,,,,,,,,,,,,,,12,,,,,B12,,,1,,1,,,40,40,1,12,4,120.611197,24.134372,4
11085,66000,387130000C,(04)23274275,(04)23288582,2025,12,25,17,55,臺中市,神岡區,0,0,0,7,,,50,,,,,,,,,,,,,,12,,,,,B03,,,1,,2,,,20,20,1,12,4,120.695738,24.248499,3
11086,66000,387130000C,(04)23274275,(04)23288582,2025,12,25,17,56,臺中市,太平區,0,1,0,7,1,6,50,3,1,1,5,4,6,6,1,1,5,5,5,1,16,3,10,2,1,C03,7,6,1,10,2,13,,11,11,1,6,4,120.703574,24.112402,2
11087,66000,387130000C,(04)23274275,(04)23288582,2025,12,25,18,5,臺中市,龍井區,0,0,0,7,,,40,,,,,,,,,,,,,,,,,,,B03,,,1,,1,,,40,40,1,13,4,120.530801,24.221041,3
11088,66000,387130000C,(04)23274275,(04)23288582,2025,12,25,18,6,臺中市,北屯區,0,0,0,7,,,50,,,,,,,,,,,,,,9,,,,,B03,,,1,8,2,,,40,40,2,12,4,120.692254,24.162518,3
11089,66000,387130000C,(04)23274275,(04)23288582,2025,12,25,18,10,臺中市,北區,0,0,0,7,,,50,,,,,,,,,,,,,,13,,,,,B03,,,1,,2,1,,59,59,1,12,4,120.685696,24.153706,3
11090,66000,387130000C,(04)23274275,(04)23288582,2025,12,25,18,13,臺中市,南屯區,0,0,0,7,,,50,,,,,,,,,,,,,,18,,,,,C03,,,1,,2,,,59,59,1,12,4,120.632726,24.138063,4
11091,66000,387130000C,(04)23274275,(04)23288582,2025,12,25,18,13,臺中市,北屯區,0,0,0,7,,,50,,,,,,,,,,,,,,9,,,,,B03,,,1,8,2,,,59,59,1,12,4,120.663003,24.188884,3
11092,66000,387130000C,(04)23274275,(04)23288582,2025,12,25,18,13,臺中市,西屯區,0,0,0,7,,,50,,,,,,,,,,,,,,13,,,,,B03,,,1,,2,,,59,59,1,13,4,120.639176,24.17475,3
11093,66000,387130000C,(04)23274275,(04)23288582,2025,12,25,18,15,臺中市,梧棲區,0,1,0,7,1,6,50,13,9,1,5,4,6,6,4,4,9,5,5,1,13,3,10,3,1,B03,7,9,1,8,2,1,,84,84,1,6,4,120.538982,24.252454,2
11094,66000,387130000C,(04)23274275,(04)23288582,2025,12,25,18,15,臺中市,后里區,0,1,0,7,2,6,40,13,9,1,5,4,6,6,4,4,9,5,5,1,17,3,10,1,1,C03,7,11,1,10,2,11,,46,46,1,12,4,120.723233,24.308894,2
11095,66000,387130000C,(04)23274275,(04)23288582,2025,12,25,18,15,臺中市,豐原區,0,2,0,7,1,6,40,13,7,1,5,4,3,3,4,4,5,5,4,2,17,2,7,2,1,C03,7,11,1,10,2,11,,4,4,1,6,2,120.715184,24.248873,2
11096,66000,387130000C,(04)23274275,(04)23288582,2025,12,25,18,16,臺中市,北區,0,0,0,7,,,50,,,,,,,,,,,,,,17,,,,,B03,,,1,,2,,,59,59,1,12,4,120.679917,24.154226,3
11097,66000,387130000C,(04)23274275,(04)23288582,2025,12,25,18,16,臺中市,南屯區,0,0,0,7,,,50,,,,,,,,,,,,,,17,,,,,B03,,,1,,2,,,40,40,1,12,4,120.639029,24.141903,3
11098,66000,387130000C,(04)23274275,(04)23288582,2025,12,25,18,17,臺中市,后里區,0,2,0,6,2,6,30,13,9,1,5,4,6,6,4,4,10,5,5,2,11,2,9,1,1,C03,7,9,2,19,2,11,,84,84,1,6,4,120.713251,24.303308,2
11099,66000,387130000C,(04)23274275,(04)23288582,2025,12,25,18,19,臺中市,西區,0,0,0,5,,,50,,,,,,,,,,,,,,17,,,,,B03,,,1,,1,,,40,40,1,12,4,120.662338,24.150827,3
11100,66000,387130000C,(04)23274275,(04)23288582,2025,12,25,18,29,臺中市,東區,0,1,0,7,1,6,50,5,1,1,5,4,6,6,2,1,10,5,5,2,17,3,10,3,1,B02,7,1,1,8,2,8,,51,51,1,6,4,120.693464,24.133077,2
11101,66000,387130000C,(04)23274275,(04)23288582,2025,12,25,18,31,臺中市,西屯區,0,1,0,7,1,6,40,13,9,1,5,4,6,6,4,4,3,4,4,2,17,3,10,3,1,B03,7,8,1,8,2,7,,20,20,1,12,4,120.639436,24.165376,2
11102,66000,387130000C,(04)23274275,(04)23288582,2025,12,25,18,36,臺中市,清水區,0,1,0,6,1,6,50,13,9,1,5,4,6,6,4,4,1,4,5,1,30,2,9,2,1,C03,7,9,5,19,2,12,,58,58,1,12,4,120.546269,24.284594,2
11103,66000,387130000C,(04)23274275,(04)23288582,2025,12,25,18,36,臺中市,東勢區,0,1,0,7,1,6,60,3,1,1,5,4,6,6,1,1,10,5,5,2,28,2,9,1,1,C03,7,9,1,10,2,11,,87,87,1,12,4,120.833769,24.241513,2
11104,66000,387130000C,(04)23274275,(04)23288582,2025,12,25,18,43,臺中市,西區,0,0,0,7,,,50,,,,,,,,,,,,,,,,,,,B03,,,1,,1,,,40,40,1,12,4,120.66603,24.152593,3
11105,66000,387130000C,(04)23274275,(04)23288582,2025,12,25,18,45,臺中市,龍井區,0,1,0,7,1,6,30,13,9,1,5,4,6,6,4,4,10,5,5,2,24,2,9,2,1,C03,7,9,1,10,2,11,,59,59,1,6,4,120.546296,24.186179,2
11106,66000,387130000C,(04)23274275,(04)23288582,2025,12,25,18,48,臺中市,西區,0,2,0,7,1,6,40,4,1,1,5,4,6,6,2,1,10,5,5,2,16,2,9,2,1,C03,7,5,1,10,2,12,,42,42,1,13,4,120.667037,24.153199,2
11107,66000,387130000C,(04)23274275,(04)23288582,2025,12,25,18,52,臺中市,西屯區,0,0,0,7,1,6,50,4,2,1,5,4,6,6,4,4,10,5,5,2,12,,,,,B01,,,1,,1,,,51,51,1,12,4,120.651818,24.16005,3
11108,66000,387130000C,(04)23274275,(04)23288582,2025,12,25,18,54,臺中市,北屯區,0,2,0,7,1,6,50,11,9,1,5,4,6,6,4,4,5,5,5,2,17,3,10,3,1,B03,7,6,1,8,2,2,,34,34,1,13,4,120.676136,24.201448,2
11109,66000,387130000C,(04)23274275,(04)23288582,2025,12,25,18,55,臺中市,太平區,0,0,0,7,1,6,50,4,2,1,5,4,6,6,2,1,10,5,5,2,12,,,,,B03,,,1,,1,,,35,35,1,12,4,120.716095,24.148846,3
11110,66000,387130000C,(04)23274275,(04)23288582,2025,12,25,19,5,臺中市,東區,0,0,0,7,,,50,,,,,,,,,,,,,,,,,,,C03,,,1,,1,,,51,51,1,6,2,120.709823,24.149414,3
11111,66000,387130000C,(04)23274275,(04)23288582,2025,12,25,19,14,臺中市,西屯區,0,2,0,6,1,6,50,4,1,1,5,4,6,6,1,1,5,5,5,2,17,3,10,3,1,B03,7,9,1,8,2,5,,87,87,1,12,4,120.642257,24.177761,2
11112,66000,387130000C,(04)23274275,(04)23288582,2025,12,25,19,16,臺中市,北屯區,0,0,0,7,,,50,,,,,,,,,,,,,,17,,,,,B03,,,1,,9,,,51,51,2,6,4,120.681099,24.175036,3
11113,66000,387130000C,(04)23274275,(04)23288582,2025,12,25,19,18,臺中市,北屯區,0,1,0,7,1,6,50,13,9,1,5,4,6,6,4,4,1,3,5,2,13,2,8,2,1,C03,7,9,1,10,2,11,12,7,7,1,13,4,120.691761,24.182406,2
11114,66000,387130000C,(04)23274275,(04)23288582,2025,12,25,19,20,臺中市,烏日區,0,1,0,6,1,6,60,3,9,1,5,4,6,6,4,4,1,4,5,1,12,2,9,1,1,C03,7,8,1,10,2,14,,40,40,1,6,4,120.642736,24.109306,2
11115,66000,387130000C,(04)23274275,(04)23288582,2025,12,25,19,23,臺中市,南屯區,0,1,0,7,2,6,50,13,7,1,5,4,6,6,4,4,9,4,4,2,18,2,9,1,1,C03,7,9,1,10,2,12,,59,59,1,12,4,120.628368,24.120132,2
11116,66000,387130000C,(04)23274275,(04)23288582,2025,12,25,19,29,臺中市,清水區,0,0,0,7,1,6,50,3,1,1,5,4,6,6,4,4,8,3,4,1,16,,,,,B03,,,1,,2,,,14,14,1,12,4,120.570739,24.275948,3
11117,66000,387130000C,(04)23274275,(04)23288582,2025,12,25,19,31,臺中市,西屯區,0,1,0,7,1,6,50,4,2,1,5,4,6,6,2,1,5,5,5,2,13,3,10,3,1,B03,7,9,1,8,2,1,,59,59,1,12,4,120.656021,24.16573,2
11118,66000,387130000C,(04)23274275,(04)23288582,2025,12,25,19,32,臺中市,西區,0,0,0,7,,,50,,,,,,,,,,,,,,16,,,,,B03,,,1,,2,,,14,14,1,13,4,120.660949,24.154845,3
11119,66000,387130000C,(04)23274275,(04)23288582,2025,12,25,19,48,臺中市,中區,0,0,0,7,,,50,,,,,,,,,,,,,,13,,,,,B03,,,1,,1,,,7,7,1,12,4,120.684007,24.138554,3
11120,66000,387130000C,(04)23274275,(04)23288582,2025,12,25,19,53,臺中市,中區,0,1,0,7,1,6,50,13,9,1,5,4,6,6,4,4,10,4,5,2,17,3,10,5,4,C03,7,6,1,10,2,14,,84,84,1,12,4,120.678117,24.14241,2
11121,66000,387130000C,(04)23274275,(04)23288582,2025,12,25,19,58,臺中市,西屯區,0,0,0,7,,,50,,,,,,,,,,,,,,13,,,,,B03,,,1,,1,,,59,59,1,13,4,120.615445,24.188764,3
11122,66000,387130000C,(04)23274275,(04)23288582,2025,12,25,20,3,臺中市,西區,0,1,0,7,1,6,50,4,2,1,5,4,6,6,2,1,5,4,4,1,16,3,10,3,1,B01,7,5,1,4,2,2,,47,47,1,13,4,120.665234,24.15085,2
11123,66000,387130000C,(04)23274275,(04)23288582,2025,12,25,20,6,臺中市,北屯區,0,0,0,7,,,50,,,,,,,,,,,,,,13,,,,,,,,,,,,,86,86,1,,,120.693862,24.168721,3
11124,66000,387130000C,(04)23274275,(04)23288582,2025,12,25,20,10,臺中市,西屯區,0,0,0,7,,,50,,,,,,,,,,,,,,13,,,,,B03,,,1,,1,,,7,7,1,13,4,120.646148,24.17176,3
11125,66000,387130000C,(04)23274275,(04)23288582,2025,12,25,20,11,臺中市,西區,0,1,0,7,1,6,40,13,7,1,5,4,6,6,4,4,5,4,4,2,13,3,10,2,1,C03,7,9,1,10,2,11,,7,7,1,13,4,120.666068,24.152451,2
11126,66000,387130000C,(04)23274275,(04)23288582,2025,12,25,20,12,臺中市,大雅區,0,0,0,7,,,50,,,,,,,,,,,,,,,,,,,C03,,,1,,1,,,7,7,1,12,4,120.62941,24.208751,3
11127,66000,387130000C,(04)23274275,(04)23288582,2025,12,25,20,15,臺中市,西區,0,0,0,7,,,50,,,,,,,,,,,,,,,,,,,C03,,,1,,1,,,84,84,1,12,4,120.66692,24.153195,3
11128,66000,387130000C,(04)23274275,(04)23288582,2025,12,25,20,17,臺中市,大里區,0,0,0,7,,,50,,,,,,,,,,,,,,17,,,,,B03,,,1,8,1,,,84,84,1,13,4,120.729719,24.091996,3
11129,66000,387130000C,(04)23274275,(04)23288582,2025,12,25,20,18,臺中市,西區,0,0,0,7,,,50,,,,,,,,,,,,,,13,,,,,C03,,,1,,1,,,7,7,1,13,4,120.668346,24.129897,4
11130,66000,387130000C,(04)23274275,(04)23288582,2025,12,25,20,18,臺中市,東區,0,0,0,7,,,,,,,,,,,,,,,,,,,,,,,,,,,,,,119,119,1,,,120.694406,24.15109,3
11131,66000,387130000C,(04)23274275,(04)23288582,2025,12,25,20,22,臺中市,南屯區,0,1,0,7,1,6,50,3,1,1,5,4,6,6,4,4,10,5,5,2,16,3,10,3,1,B01,7,5,1,4,2,5,,14,14,1,6,4,120.615859,24.151332,2
11132,66000,387130000C,(04)23274275,(04)23288582,2025,12,25,20,33,臺中市,太平區,0,1,0,6,1,6,40,3,1,1,5,4,6,6,1,1,10,5,5,2,16,3,10,4,1,F01,7,6,7,21,2,13,,11,11,1,12,4,120.710306,24.159101,2
11133,66000,387130000C,(04)23274275,(04)23288582,2025,12,25,20,35,臺中市,北區,0,2,0,7,1,6,50,4,1,1,5,4,6,6,4,4,5,5,5,2,17,2,9,1,1,C03,7,9,1,10,2,11,,15,15,1,12,4,120.679976,24.151513,2
11134,66000,387130000C,(04)23274275,(04)23288582,2025,12,25,20,40,臺中市,北屯區,0,1,0,7,1,6,50,3,1,1,5,4,6,6,2,1,10,5,5,2,16,3,10,3,1,B03,7,6,1,8,2,5,,11,11,1,12,4,120.68348,24.201308,2
11135,66000,387130000C,(04)23274275,(04)23288582,2025,12,25,20,47,臺中市,北屯區,0,1,0,7,1,6,50,13,9,1,5,4,6,6,1,1,4,3,5,2,12,3,10,3,1,B03,7,14,1,8,2,2,,77,77,1,13,4,120.664983,24.186195,2
11136,66000,387130000C,(04)23274275,(04)23288582,2025,12,25,20,50,臺中市,南屯區,0,0,0,7,,,50,,,,,,,,,,,,,,17,,,,,B03,,,1,,1,,,51,51,1,12,4,120.635438,24.148573,3
11137,66000,387130000C,(04)23274275,(04)23288582,2025,12,25,21,3,臺中市,南區,0,3,0,7,1,6,50,4,1,1,5,4,6,6,2,1,5,5,5,2,13,2,9,1,1,C03,7,9,1,10,2,11,,59,59,1,12,4,120.661399,24.13241,2
11138,66000,387130000C,(04)23274275,(04)23288582,2025,12,25,21,5,臺中市,沙鹿區,0,0,0,7,,,50,,,,,,,,,,,,,,,,,,,B03,,,1,,2,,,7,7,1,12,4,120.568734,24.209379,3
11139,66000,387130000C,(04)23274275,(04)23288582,2025,12,25,21,9,臺中市,霧峰區,0,1,0,7,2,6,40,13,9,1,5,4,6,6,4,4,5,5,5,2,18,2,9,1,1,C03,7,9,1,10,2,11,,84,84,1,12,4,120.68507,24.021908,2
11140,66000,387130000C,(04)23274275,(04)23288582,2025,12,25,21,9,臺中市,大肚區,0,0,0,7,,,50,,,,,,,,,,,,,,,,,,,B03,,,1,,1,,,7,7,1,6,4,120.543895,24.156952,3
11141,66000,387130000C,(04)23274275,(04)23288582,2025,12,25,21,11,臺中市,北區,0,0,0,7,,,40,,,,,,,,,,,,,,17,,,,,B03,,,1,,1,,,51,51,1,13,4,120.683679,24.148339,3
11142,66000,387130000C,(04)23274275,(04)23288582,2025,12,25,21,14,臺中市,豐原區,0,1,0,7,1,6,60,4,1,1,5,4,6,6,1,1,10,5,5,2,17,2,8,2,1,C03,7,5,1,10,2,12,,11,11,1,13,4,120.729763,24.243619,2
11143,66000,387130000C,(04)23274275,(04)23288582,2025,12,25,21,15,臺中市,南屯區,0,0,0,7,,,0,,,,,,,,,,,,,,,,,,,,,,,,,,,119,119,1,,,120.637696,24.148405,4
11144,66000,387130000C,(04)23274275,(04)23288582,2025,12,25,21,22,臺中市,西屯區,0,1,0,7,1,6,50,3,24,1,5,4,6,6,1,1,10,5,5,2,17,2,8,2,1,C03,7,9,1,10,2,11,,59,59,1,12,4,120.654038,24.167953,2
11145,66000,387130000C,(04)23274275,(04)23288582,2025,12,25,21,26,臺中市,南屯區,0,1,0,7,2,6,50,4,1,1,5,4,6,6,2,1,1,4,5,2,16,3,10,3,1,B03,7,9,1,8,2,1,,21,21,1,12,4,120.646653,24.148886,2
11146,66000,387130000C,(04)23274275,(04)23288582,2025,12,25,21,32,臺中市,北區,0,2,0,7,1,6,50,4,1,1,5,4,6,6,1,1,10,5,5,2,17,2,9,5,4,C03,7,9,1,10,2,11,,84,84,1,13,4,120.698878,24.160605,2
11147,66000,387130000C,(04)23274275,(04)23288582,2025,12,25,21,33,臺中市,東區,0,0,0,7,,,50,,,,,,,,,,,,,,,,,,,B01,,,1,,2,,,85,85,1,6,4,120.691961,24.134799,3
11148,66000,387130000C,(04)23274275,(04)23288582,2025,12,25,21,39,臺中市,西屯區,0,1,0,7,1,6,50,4,1,1,5,4,6,6,1,1,5,5,5,2,16,2,9,2,1,C03,7,9,1,10,2,14,,7,7,1,12,4,120.643064,24.196048,2
11149,66000,387130000C,(04)23274275,(04)23288582,2025,12,25,21,40,臺中市,西屯區,0,0,0,7,,,50,,,,,,,,,,,,,,13,,,,,B03,,,1,,1,,,59,59,1,12,4,120.622031,24.186319,3
11150,66000,387130000C,(04)23274275,(04)23288582,2025,12,25,21,45,臺中市,南屯區,0,0,0,7,,,40,,,,,,,,,,,,,,17,,,,,B03,,,1,,9,,,59,59,1,13,4,120.635111,24.151679,3
11151,66000,387130000C,(04)23274275,(04)23288582,2025,12,25,21,50,臺中市,北區,0,0,0,7,,,50,,,,,,,,,,,,,,13,,,,,B03,,,1,,1,,,7,7,1,13,4,120.665215,24.154372,3
11152,66000,387130000C,(04)23274275,(04)23288582,2025,12,25,21,55,臺中市,霧峰區,0,1,0,7,1,6,30,11,9,1,5,4,6,6,4,4,10,5,5,1,18,2,9,1,1,C03,7,9,1,10,2,12,11,84,84,1,12,4,120.673209,24.076494,2
11153,66000,387130000C,(04)23274275,(04)23288582,2025,12,25,21,56,臺中市,中區,0,3,0,7,1,6,50,4,1,1,5,4,6,6,1,1,10,5,5,2,16,2,9,1,1,C03,7,6,1,10,2,14,,48,48,1,13,4,120.678728,24.14169,2