序號,縣市別代碼,機關代碼,市話,傳真,年,月,日,時,分,縣市,區,死亡數量,受傷數量,2-30,天候,道路照明設備,道路類別,道路速限,道路型態,事故位置,路面鋪裝,路面狀態,路面缺陷,障礙物,視距,號誌種類,號誌動作,分向設施,快車道或一般車道間,快慢車道間,路面邊線,事故類型及型態,受傷程度,主要傷處,保護裝備,行動電話或功能裝置,當事者區分(類別),車輛用途,當事者行動狀態,駕照狀態,駕照種類,飲酒情形,車輛撞擊部位最初,車輛撞擊部位其他,肇事因素個別,肇事因素主要,肇事逃逸,職業,共享經濟或外送平台,GPS座標X,GPS座標Y,事故類別
11154,66000,387130000C,(04)23274275,(04)23288582,2025,12,25,21,57,臺中市,西屯區,0,0,0,7,,,50,,,,,,,,,,,,,,12,,,,,B12,,,1,,1,,,40,40,1,12,4,120.633321,24.17326,3
11155,66000,387130000C,(04)23274275,(04)23288582,2025,12,25,21,58,臺中市,北區,0,2,0,7,1,6,50,3,2,1,5,4,6,6,4,4,5,5,5,2,18,2,9,1,1,C03,7,5,1,10,2,12,,84,84,1,12,4,120.693197,24.157792,2
11156,66000,387130000C,(04)23274275,(04)23288582,2025,12,25,22,15,臺中市,霧峰區,0,1,0,7,1,6,40,4,1,1,5,4,6,6,4,4,10,5,5,2,17,3,10,5,4,C03,7,5,1,10,2,12,,84,84,1,13,4,120.688801,24.043296,2
11157,66000,387130000C,(04)23274275,(04)23288582,2025,12,25,22,20,臺中市,東區,0,0,0,7,,,50,,,,,,,,,,,,,,,,,,,B03,,,1,,1,,,49,49,1,6,4,120.70288,24.133355,3
11158,66000,387130000C,(04)23274275,(04)23288582,2025,12,25,22,21,臺中市,西屯區,0,2,0,7,1,6,50,3,2,1,5,4,6,6,4,4,10,5,5,2,30,2,9,1,4,C03,7,9,1,10,2,11,,59,59,1,13,4,120.641608,24.192676,2
11159,66000,387130000C,(04)23274275,(04)23288582,2025,12,25,22,22,臺中市,烏日區,0,0,0,7,,,50,,,,,,,,,,,,,,13,,,,,B03,,,1,,2,,,59,59,1,5,4,120.629289,24.110812,3
11160,66000,387130000C,(04)23274275,(04)23288582,2025,12,25,22,23,臺中市,東區,0,0,0,7,,,50,,,,,,,,,,,,,,16,,,,,B03,,,1,,1,,,11,11,1,6,4,120.689052,24.134058,3
11161,66000,387130000C,(04)23274275,(04)23288582,2025,12,25,22,28,臺中市,北區,0,0,0,7,,,50,,,,,,,,,,,,,,13,,,,,B03,,,1,,2,,,7,7,1,13,4,120.676304,24.150176,3
11162,66000,387130000C,(04)23274275,(04)23288582,2025,12,25,22,30,臺中市,西屯區,0,0,0,7,,,50,,,,,,,,,,,,,,13,,,,,B03,,,1,,1,,,59,59,1,12,4,120.649349,24.162681,3
11163,66000,387130000C,(04)23274275,(04)23288582,2025,12,25,22,38,臺中市,北區,0,0,0,7,,,40,,,,,,,,,,,,,,17,,,,,B03,,,1,,9,,,8,8,2,13,4,120.681439,24.153108,3
11164,66000,387130000C,(04)23274275,(04)23288582,2025,12,25,22,40,臺中市,北屯區,0,0,0,7,,,50,,,,,,,,,,,,,,17,,,,,,,,,,,,,119,119,1,,,120.662016,24.188429,3
11165,66000,387130000C,(04)23274275,(04)23288582,2025,12,25,22,48,臺中市,南區,0,0,0,7,,,50,,,,,,,,,,,,,,17,,,,,B03,,,1,,1,,,85,85,1,12,4,120.657368,24.112556,4
11166,66000,387130000C,(04)23274275,(04)23288582,2025,12,25,22,55,臺中市,西屯區,0,1,0,7,1,6,50,13,7,1,5,4,6,6,4,4,5,5,4,2,13,2,7,2,1,C03,7,9,1,10,1,11,12,7,7,1,12,4,120.644778,24.178815,2
11167,66000,387130000C,(04)23274275,(04)23288582,2025,12,25,23,9,臺中市,北屯區,0,0,0,7,,,50,,,,,,,,,,,,,,17,,,,,C03,,,1,,1,,,11,11,1,6,4,120.728665,24.16911,3
11168,66000,387130000C,(04)23274275,(04)23288582,2025,12,25,23,12,臺中市,北屯區,0,1,0,7,1,6,50,4,1,1,5,4,6,6,2,1,10,5,5,2,16,3,10,3,1,B03,7,6,1,8,2,2,,11,11,1,6,4,120.720953,24.169893,2
11169,66000,387130000C,(04)23274275,(04)23288582,2025,12,25,23,17,臺中市,北屯區,0,1,0,7,1,6,30,4,1,1,5,4,6,6,4,4,10,5,5,2,16,2,9,1,1,C03,7,14,1,10,1,11,,12,12,1,6,4,120.663291,24.198364,2
11170,66000,387130000C,(04)23274275,(04)23288582,2025,12,25,23,24,臺中市,北區,0,1,0,7,3,6,50,5,19,1,5,4,6,6,1,1,5,4,4,2,3,3,10,5,4,C03,7,5,1,10,2,11,,10,10,1,13,4,120.673956,24.169202,2
11171,66000,387130000C,(04)23274275,(04)23288582,2025,12,25,23,29,臺中市,沙鹿區,0,1,0,7,3,6,30,13,9,1,5,4,6,6,4,4,10,5,5,2,18,2,9,2,4,C03,7,9,1,10,2,14,,6,6,1,12,4,120.56969,24.233558,2
11172,66000,387130000C,(04)23274275,(04)23288582,2025,12,25,23,38,臺中市,西區,0,0,0,7,,,50,,,,,,,,,,,,,,17,,,,,B03,,,5,,2,,,84,84,2,13,4,120.656285,24.134611,3
11173,66000,387130000C,(04)23274275,(04)23288582,2025,12,25,23,45,臺中市,西屯區,0,2,0,7,1,6,40,13,8,1,5,4,6,6,4,4,1,5,1,2,17,2,9,1,1,C03,7,9,1,10,2,14,,59,59,1,12,4,120.622023,24.179573,2
11174,66000,387130000C,(04)23274275,(04)23288582,2025,12,25,23,45,臺中市,西屯區,0,1,0,7,1,6,40,13,8,1,5,4,6,6,4,4,3,5,3,2,18,2,9,5,4,C03,7,9,1,10,2,12,,59,59,1,12,4,120.622214,24.178963,2
11175,66000,387130000C,(04)23274275,(04)23288582,2025,12,25,23,52,臺中市,北區,0,1,0,7,1,6,50,5,2,1,5,4,6,6,2,1,10,5,5,2,3,3,10,3,1,B02,7,5,1,8,2,4,,10,10,1,13,4,120.690207,24.156245,2
11176,66000,387130000C,(04)23274275,(04)23288582,2025,12,26,0,28,臺中市,龍井區,0,0,0,7,,,50,,,,,,,,,,,,,,,,,,,B03,,,1,,10,,,85,85,1,12,5,120.528505,24.195516,3
11177,66000,387130000C,(04)23274275,(04)23288582,2025,12,26,0,46,臺中市,大安區,0,1,0,7,1,6,50,5,1,1,5,4,6,6,1,1,10,5,5,2,30,,,,,,,,,,,,,115,115,1,,,120.591091,24.377457,2
11178,66000,387130000C,(04)23274275,(04)23288582,2025,12,26,0,50,臺中市,清水區,0,0,0,7,,,30,,,,,,,,,,,,,,,,,,,B03,,,1,,1,,,49,49,1,12,4,120.571713,24.309664,3
11179,66000,387130000C,(04)23274275,(04)23288582,2025,12,26,1,0,臺中市,西屯區,0,0,0,7,,,50,,,,,,,,,,,,,,12,,,,,B03,,,1,,2,,,8,8,1,12,4,120.638337,24.173071,3
11180,66000,387130000C,(04)23274275,(04)23288582,2025,12,26,1,4,臺中市,北區,0,0,0,7,1,6,50,13,9,1,5,4,6,6,4,4,2,4,5,2,17,3,10,6,1,F01,7,9,7,21,2,12,,84,84,1,12,4,120.685531,24.153438,3
11181,66000,387130000C,(04)23274275,(04)23288582,2025,12,26,1,6,臺中市,北屯區,0,1,0,7,1,6,50,4,1,1,5,4,6,6,2,1,10,5,5,2,15,3,10,3,1,B02,7,9,2,19,2,2,,21,21,1,6,4,120.718564,24.170161,2
11182,66000,387130000C,(04)23274275,(04)23288582,2025,12,26,2,8,臺中市,北區,0,2,0,7,3,6,50,4,2,1,5,4,6,6,1,1,5,4,5,2,18,2,9,5,4,C03,7,9,2,19,2,12,,84,84,1,13,4,120.684891,24.146079,2
11183,66000,387130000C,(04)23274275,(04)23288582,2025,12,26,2,40,臺中市,大里區,0,0,0,7,,,,,,,,,,,,,,,,,17,,,,,,,,,,,,,119,119,1,,,120.67582,24.114833,3
11184,66000,387130000C,(04)23274275,(04)23288582,2025,12,26,2,46,臺中市,北屯區,0,0,0,7,,3,80,,,,,,,,,,,,,,,,,,,,,,,,,,,119,119,1,,,120.721612,24.181842,3
11185,66000,387130000C,(04)23274275,(04)23288582,2025,12,26,3,18,臺中市,西屯區,0,0,0,7,,,40,,,,,,,,,,,,,,14,,,,,B03,,,1,,1,,,49,49,1,12,4,120.640453,24.165782,3
11186,66000,387130000C,(04)23274275,(04)23288582,2025,12,26,4,11,臺中市,北屯區,0,0,0,7,,,30,,,,,,,,,,,,,,17,,,,,A12,,,1,,2,,,78,78,1,6,4,120.714434,24.172922,3
11187,66000,387130000C,(04)23274275,(04)23288582,2025,12,26,6,32,臺中市,中區,0,2,0,7,1,6,50,4,1,1,5,4,6,6,1,1,10,5,5,2,16,2,9,1,1,C03,7,6,1,10,2,13,,48,48,1,13,4,120.679866,24.146237,2
11188,66000,387130000C,(04)23274275,(04)23288582,2025,12,26,6,35,臺中市,石岡區,0,0,0,5,,,50,,,,,,,,,,,,,,13,,,,,B03,,,1,,1,,,7,7,1,13,4,120.79132,24.272514,3
11189,66000,387130000C,(04)23274275,(04)23288582,2025,12,26,6,37,臺中市,東勢區,0,1,0,5,1,6,30,4,1,1,4,4,6,6,4,4,10,5,5,2,15,2,9,5,4,C03,7,9,3,19,2,12,,12,12,1,13,4,120.835093,24.248679,2
11190,66000,387130000C,(04)23274275,(04)23288582,2025,12,26,7,14,臺中市,大里區,0,0,0,6,,,30,,,,,,,,,,,,,,17,,,,,C03,,,1,,2,,,14,14,1,13,4,120.703067,24.09228,3
11191,66000,387130000C,(04)23274275,(04)23288582,2025,12,26,7,15,臺中市,龍井區,0,2,0,7,2,6,50,4,1,1,5,4,6,6,4,4,5,5,5,1,15,3,10,3,1,B03,7,9,1,8,2,1,,15,15,1,12,4,120.544706,24.205657,2
11192,66000,387130000C,(04)23274275,(04)23288582,2025,12,26,7,15,臺中市,后里區,0,0,0,7,,,50,,,,,,,,,,,,,,16,,,,,B03,,,1,,1,,,51,51,1,6,4,120.722356,24.308198,3
11193,66000,387130000C,(04)23274275,(04)23288582,2025,12,26,7,21,臺中市,大雅區,0,0,0,7,,,30,,,,,,,,,,,,,,12,,,,,B12,,,1,,2,,,8,8,1,13,4,120.615748,24.218398,3
11194,66000,387130000C,(04)23274275,(04)23288582,2025,12,26,7,24,臺中市,西屯區,0,0,0,7,,,50,,,,,,,,,,,,,,13,,,,,B03,,,1,,1,,,59,59,1,12,4,120.652291,24.166415,3
11195,66000,387130000C,(04)23274275,(04)23288582,2025,12,26,7,24,臺中市,大里區,0,1,0,6,3,6,40,11,8,1,5,4,6,6,4,4,1,5,4,2,17,3,10,1,1,C03,7,13,1,10,2,14,,84,84,1,13,4,120.695004,24.112356,2
11196,66000,387130000C,(04)23274275,(04)23288582,2025,12,26,7,24,臺中市,沙鹿區,0,0,0,7,,,40,,,,,,,,,,,,,,,,,,,C03,,,1,,2,,,23,23,1,13,4,120.581421,24.209662,3
11197,66000,387130000C,(04)23274275,(04)23288582,2025,12,26,7,24,臺中市,豐原區,0,2,0,6,2,6,60,4,1,1,5,4,6,6,2,1,1,4,4,1,16,2,8,1,1,C03,7,6,1,10,2,11,,11,11,1,12,4,120.703474,24.251794,2
11198,66000,387130000C,(04)23274275,(04)23288582,2025,12,26,7,28,臺中市,大甲區,0,0,0,7,,,50,,,,,,,,,,,,,,,,,,,B03,,,1,,1,,,84,84,1,6,4,120.616841,24.351899,3
11199,66000,387130000C,(04)23274275,(04)23288582,2025,12,26,7,29,臺中市,西屯區,0,1,0,7,2,6,50,4,1,1,5,4,6,6,1,1,3,4,5,2,16,3,10,1,1,C03,7,5,1,10,2,13,,47,47,1,12,4,120.657326,24.196679,2
11200,66000,387130000C,(04)23274275,(04)23288582,2025,12,26,7,30,臺中市,北區,0,1,0,7,2,6,50,3,1,1,5,4,6,6,1,1,5,5,5,2,17,3,10,5,1,C03,7,6,1,8,9,11,,39,39,1,13,4,120.68004,24.15539,2
11201,66000,387130000C,(04)23274275,(04)23288582,2025,12,26,7,31,臺中市,大里區,0,1,0,6,2,6,50,4,2,1,5,4,6,6,1,1,5,2,5,1,13,3,10,1,1,C03,7,9,1,10,2,11,,84,84,1,13,4,120.674465,24.097983,2
11202,66000,387130000C,(04)23274275,(04)23288582,2025,12,26,7,33,臺中市,大肚區,0,0,0,7,2,6,50,3,1,1,5,4,6,6,2,1,5,5,5,2,13,,,,,C03,,,1,,2,,,84,84,1,6,4,120.580413,24.168323,3
11203,66000,387130000C,(04)23274275,(04)23288582,2025,12,26,7,33,臺中市,神岡區,0,0,0,7,,,30,,,,,,,,,,,,,,12,,,,,B03,,,1,,2,,,8,8,1,13,4,120.652556,24.26381,3
11204,66000,387130000C,(04)23274275,(04)23288582,2025,12,26,7,34,臺中市,西屯區,0,1,0,7,2,6,30,3,1,1,5,4,6,6,4,4,10,5,5,2,16,2,9,5,4,C03,7,5,1,10,2,11,,14,14,1,13,4,120.666095,24.178235,2
11205,66000,387130000C,(04)23274275,(04)23288582,2025,12,26,7,36,臺中市,潭子區,0,1,0,6,3,6,50,3,1,1,5,4,6,6,3,1,5,5,5,1,17,3,10,3,1,B03,7,5,1,8,2,8,,84,84,1,13,4,120.697944,24.194648,2
11206,66000,387130000C,(04)23274275,(04)23288582,2025,12,26,7,36,臺中市,北屯區,0,1,0,7,3,6,50,4,1,1,5,4,6,6,2,1,10,5,5,2,3,3,10,3,1,B03,7,6,1,8,2,16,,10,10,1,12,4,120.681436,24.17635,2
11207,66000,387130000C,(04)23274275,(04)23288582,2025,12,26,7,36,臺中市,西屯區,0,1,0,7,2,6,50,4,1,1,5,4,6,6,3,1,1,5,5,1,15,3,10,5,4,B03,7,9,1,8,2,1,,24,24,1,13,4,120.647722,24.191913,2
11208,66000,387130000C,(04)23274275,(04)23288582,2025,12,26,7,38,臺中市,大雅區,0,1,0,7,3,6,50,13,9,1,5,4,6,6,4,4,7,5,5,1,17,3,10,2,1,C03,7,1,1,10,2,11,,51,51,1,12,4,120.655864,24.24924,2
11209,66000,387130000C,(04)23274275,(04)23288582,2025,12,26,7,38,臺中市,北屯區,0,1,0,7,1,6,50,4,2,1,5,4,6,6,4,4,5,4,5,2,17,2,8,1,1,C03,7,11,1,10,1,11,,45,45,1,12,4,120.718808,24.175702,2
11210,66000,387130000C,(04)23274275,(04)23288582,2025,12,26,7,42,臺中市,太平區,0,1,0,7,3,6,50,4,9,1,5,4,6,6,1,1,5,5,5,2,13,3,10,3,1,B02,7,9,1,8,2,1,,59,59,1,12,4,120.716157,24.14723,2
11211,66000,387130000C,(04)23274275,(04)23288582,2025,12,26,7,43,臺中市,北屯區,0,1,0,7,2,6,50,3,1,1,5,4,6,6,2,1,10,5,5,2,18,2,9,1,1,C03,7,9,1,10,1,12,,84,84,1,12,4,120.721106,24.178285,2
11212,66000,387130000C,(04)23274275,(04)23288582,2025,12,26,7,45,臺中市,北區,0,0,0,7,,,50,,,,,,,,,,,,,,17,,,,,B03,,,1,,1,,,8,8,1,13,4,120.667023,24.169424,3
11213,66000,387130000C,(04)23274275,(04)23288582,2025,12,26,7,50,臺中市,東區,0,2,0,7,1,6,50,3,1,1,5,4,6,6,4,4,9,4,5,2,12,2,9,1,1,C03,7,9,1,10,1,12,,7,7,1,12,4,120.686198,24.135836,2
11214,66000,387130000C,(04)23274275,(04)23288582,2025,12,26,7,52,臺中市,北區,0,2,0,7,3,6,50,13,24,1,5,4,6,6,4,4,5,5,5,2,17,2,9,5,4,C03,7,9,1,10,2,11,,7,7,1,13,4,120.68138,24.154309,2
11215,66000,387130000C,(04)23274275,(04)23288582,2025,12,26,7,54,臺中市,后里區,0,1,0,7,2,6,40,4,1,1,5,4,6,6,4,4,1,4,4,1,17,2,9,2,1,C03,7,9,1,9,2,12,,84,84,1,12,4,120.723717,24.313638,2
11216,66000,387130000C,(04)23274275,(04)23288582,2025,12,26,7,56,臺中市,太平區,0,1,0,7,2,6,40,13,9,1,5,4,6,6,4,4,5,5,5,1,18,2,9,2,1,C03,7,9,1,10,2,16,,84,84,1,12,4,120.726985,24.120976,2
11217,66000,387130000C,(04)23274275,(04)23288582,2025,12,26,7,58,臺中市,北屯區,0,1,0,7,3,6,50,4,1,1,5,4,6,6,1,1,10,5,5,2,18,2,9,1,1,C02,7,9,1,9,2,14,,84,84,1,6,4,120.69418,24.164905,2
11218,66000,387130000C,(04)23274275,(04)23288582,2025,12,26,8,0,臺中市,西區,0,1,0,7,2,6,50,4,1,1,5,4,6,6,4,4,10,5,5,2,17,3,10,3,1,B03,7,9,1,8,2,8,,13,13,1,12,4,120.662591,24.133882,2
11219,66000,387130000C,(04)23274275,(04)23288582,2025,12,26,8,0,臺中市,霧峰區,0,0,0,7,,,30,,,,,,,,,,,,,,17,,,,,B03,,,1,,1,,,41,41,1,13,4,120.698914,24.013015,3
11220,66000,387130000C,(04)23274275,(04)23288582,2025,12,26,8,3,臺中市,大雅區,0,2,0,6,2,6,50,4,1,1,5,4,6,6,1,1,5,5,4,1,11,2,8,2,1,C03,7,6,1,10,2,12,,11,11,1,13,4,120.654386,24.229311,2
11221,66000,387130000C,(04)23274275,(04)23288582,2025,12,26,8,3,臺中市,西區,0,0,0,7,,,50,,,,,,,,,,,,,,12,,,,,B03,,,1,,1,,,42,42,2,12,4,120.682136,24.13583,3
11222,66000,387130000C,(04)23274275,(04)23288582,2025,12,26,8,3,臺中市,南屯區,0,0,0,6,3,6,50,13,9,1,5,4,6,6,1,1,5,5,4,2,17,,,,,B03,,,1,,1,,,20,20,1,12,4,120.63752,24.138069,3
11223,66000,387130000C,(04)23274275,(04)23288582,2025,12,26,8,5,臺中市,東區,0,0,0,7,,,50,,,,,,,,,,,,,,14,,,,,B12,,,1,,2,,,49,49,1,12,4,120.688538,24.131174,3
11224,66000,387130000C,(04)23274275,(04)23288582,2025,12,26,8,11,臺中市,東區,0,1,0,7,2,6,50,4,1,1,5,4,6,6,1,1,10,5,5,2,13,3,10,3,1,B03,7,9,1,8,2,1,,7,7,1,12,4,120.70393,24.135133,2
11225,66000,387130000C,(04)23274275,(04)23288582,2025,12,26,8,11,臺中市,南屯區,0,2,0,7,3,6,50,13,9,1,5,4,6,6,1,1,3,2,5,2,13,2,9,1,1,C03,7,9,1,10,1,11,,7,7,1,12,4,120.603027,24.159499,2
11226,66000,387130000C,(04)23274275,(04)23288582,2025,12,26,8,14,臺中市,南屯區,0,1,0,7,2,6,50,13,9,1,5,4,6,6,4,4,1,4,5,2,30,2,9,2,1,C03,7,9,1,10,2,14,,87,87,1,12,4,120.619413,24.1452,2
11227,66000,387130000C,(04)23274275,(04)23288582,2025,12,26,8,15,臺中市,沙鹿區,0,0,0,7,,,60,,,,,,,,,,,,,,17,,,,,B03,,,1,,2,,,59,59,1,6,4,120.579046,24.250166,3
11228,66000,387130000C,(04)23274275,(04)23288582,2025,12,26,8,19,臺中市,南區,0,1,0,7,3,6,50,4,2,1,5,4,6,6,4,4,10,5,5,2,17,2,9,5,4,C03,7,15,1,10,2,15,,84,84,1,12,4,120.683086,24.133784,2
11229,66000,387130000C,(04)23274275,(04)23288582,2025,12,26,8,21,臺中市,南區,0,1,0,7,2,6,30,4,1,1,5,4,6,6,4,4,10,5,5,2,16,3,10,3,1,B11,7,6,1,8,2,8,,14,14,1,13,4,120.658679,24.124247,2
11230,66000,387130000C,(04)23274275,(04)23288582,2025,12,26,8,22,臺中市,豐原區,0,0,0,7,,,50,,,,,,,,,,,,,,13,,,,,C03,,,1,,2,,,7,7,1,12,4,120.711414,24.239644,3
11231,66000,387130000C,(04)23274275,(04)23288582,2025,12,26,8,23,臺中市,烏日區,0,0,0,7,,,30,,,,,,,,,,,,,,17,,,,,B03,,,1,,1,,,51,51,1,6,4,120.616468,24.112985,3
11232,66000,387130000C,(04)23274275,(04)23288582,2025,12,26,8,25,臺中市,北屯區,0,0,0,7,,,50,,,,,,,,,,,,,,13,,,,,B03,,,1,,1,,,7,7,1,5,4,120.719533,24.163539,3
11233,66000,387130000C,(04)23274275,(04)23288582,2025,12,26,8,26,臺中市,潭子區,0,1,0,7,2,6,50,3,1,1,5,4,6,6,4,4,5,5,5,1,17,3,10,3,1,B03,7,6,1,8,2,6,,14,14,1,13,4,120.673805,24.207417,2
11234,66000,387130000C,(04)23274275,(04)23288582,2025,12,26,8,30,臺中市,北屯區,0,0,0,7,,,50,,,,,,,,,,,,,,17,,,,,B03,,,1,,2,,,59,59,1,12,4,120.692185,24.200643,3
11235,66000,387130000C,(04)23274275,(04)23288582,2025,12,26,8,34,臺中市,北屯區,0,0,0,7,,,50,,,,,,,,,,,,,,12,,,,,B11,,,1,,1,,,84,84,1,12,4,120.715447,24.163802,3
11236,66000,387130000C,(04)23274275,(04)23288582,2025,12,26,8,35,臺中市,北區,0,2,0,7,2,6,50,4,1,1,5,4,6,6,4,4,10,5,5,2,15,2,9,5,4,C03,7,9,1,10,2,11,,12,12,1,13,4,120.673642,24.15845,2
11237,66000,387130000C,(04)23274275,(04)23288582,2025,12,26,8,39,臺中市,北屯區,0,1,0,7,3,6,50,3,1,1,5,4,6,6,1,1,10,5,5,1,18,2,9,2,1,C03,7,5,1,10,2,12,,84,84,1,6,4,120.678142,24.20114,2
11238,66000,387130000C,(04)23274275,(04)23288582,2025,12,26,8,40,臺中市,烏日區,0,2,0,7,2,6,50,4,1,1,5,4,6,6,2,1,1,4,5,1,12,2,9,1,1,C03,7,9,1,10,2,13,,84,84,1,6,4,120.624465,24.10412,2
11239,66000,387130000C,(04)23274275,(04)23288582,2025,12,26,8,41,臺中市,北屯區,0,1,0,7,3,6,50,4,2,1,5,4,6,6,1,1,1,4,5,2,13,2,9,1,1,C03,7,9,1,10,2,11,,7,7,1,6,2,120.685432,24.170699,2
11240,66000,387130000C,(04)23274275,(04)23288582,2025,12,26,8,43,臺中市,東區,0,0,0,7,,,50,,,,,,,,,,,,,,,,,,,C03,,,1,,2,,,7,7,1,12,4,120.704164,24.138271,3
11241,66000,387130000C,(04)23274275,(04)23288582,2025,12,26,8,44,臺中市,南屯區,0,0,0,7,,,40,,,,,,,,,,,,,,17,,,,,B12,,,1,,1,,,50,50,1,6,4,120.611403,24.145284,3
11242,66000,387130000C,(04)23274275,(04)23288582,2025,12,26,8,49,臺中市,南屯區,0,0,0,7,3,6,50,13,9,1,5,4,6,6,4,4,5,5,4,2,14,,,,,B03,,,1,,1,,,49,49,1,12,4,120.627064,24.117433,3
11243,66000,387130000C,(04)23274275,(04)23288582,2025,12,26,8,49,臺中市,大甲區,0,1,0,6,2,6,50,4,1,1,5,4,6,6,4,4,5,5,5,1,15,3,10,2,1,C03,7,9,1,10,2,12,,15,15,1,6,4,120.625824,24.347021,2
11244,66000,387130000C,(04)23274275,(04)23288582,2025,12,26,8,51,臺中市,大里區,0,0,0,7,,,30,,,,,,,,,,,,,,14,,,,,B01,,,1,,1,,,49,49,1,6,4,120.680379,24.110008,3
11245,66000,387130000C,(04)23274275,(04)23288582,2025,12,26,8,52,臺中市,神岡區,0,1,0,6,2,6,60,13,9,1,5,4,6,6,4,4,1,4,5,1,18,2,9,2,1,C03,7,12,1,10,2,14,,59,59,1,6,4,120.676893,24.24243,2
11246,66000,387130000C,(04)23274275,(04)23288582,2025,12,26,8,53,臺中市,大肚區,0,0,0,6,,,50,,,,,,,,,,,,,,13,,,,,B03,,,1,,2,,,7,7,1,6,4,120.577247,24.118337,3
11247,66000,387130000C,(04)23274275,(04)23288582,2025,12,26,8,57,臺中市,西屯區,0,0,0,7,,,50,,,,,,,,,,,,,,13,,,,,B03,,,1,,1,,,7,7,1,12,4,120.653455,24.198483,3
11248,66000,387130000C,(04)23274275,(04)23288582,2025,12,26,8,59,臺中市,大甲區,0,1,0,7,3,6,50,13,14,1,5,4,6,6,4,4,5,5,5,1,18,2,9,5,4,C03,7,1,5,19,2,12,,84,84,1,13,4,120.620746,24.346625,2
11249,66000,387130000C,(04)23274275,(04)23288582,2025,12,26,9,0,臺中市,北屯區,0,0,0,7,,,50,,,,,,,,,,,,,,17,,,,,A12,,,1,,1,,,84,84,1,6,4,120.663049,24.197747,3
11250,66000,387130000C,(04)23274275,(04)23288582,2025,12,26,9,0,臺中市,梧棲區,0,1,0,7,2,6,50,4,1,1,5,4,6,6,2,1,10,5,5,2,16,3,10,3,1,B03,7,6,1,8,2,6,,11,11,1,12,4,120.537128,24.242345,2
11251,66000,387130000C,(04)23274275,(04)23288582,2025,12,26,9,1,臺中市,北區,0,1,0,7,2,6,50,4,2,1,5,4,6,6,4,4,5,4,5,2,17,2,9,5,1,C03,7,9,1,10,2,11,,7,7,1,13,4,120.675762,24.146961,2
11252,66000,387130000C,(04)23274275,(04)23288582,2025,12,26,9,1,臺中市,北屯區,0,0,0,7,,,,,,,,,,,,,,,,,,,,,,,,,,,,,,119,119,1,,,120.698015,24.170458,4
11253,66000,387130000C,(04)23274275,(04)23288582,2025,12,26,9,1,臺中市,西屯區,0,0,0,7,,,40,,,,,,,,,,,,,,13,,,,,C03,,,1,,2,,,59,59,1,12,4,120.638644,24.158253,3
11254,66000,387130000C,(04)23274275,(04)23288582,2025,12,26,9,2,臺中市,南區,0,0,0,7,,,50,,,,,,,,,,,,,,14,,,,,B03,,,1,,1,,,49,49,1,12,4,120.661463,24.12172,3
11255,66000,387130000C,(04)23274275,(04)23288582,2025,12,26,9,2,臺中市,南屯區,0,1,0,7,3,6,50,13,9,1,5,4,6,6,4,4,5,5,5,2,12,2,9,1,1,C03,7,9,1,10,2,12,,59,59,1,12,4,120.629488,24.119219,2
11256,66000,387130000C,(04)23274275,(04)23288582,2025,12,26,9,3,臺中市,大雅區,0,1,0,6,2,6,50,3,1,1,5,4,6,6,4,4,5,5,5,1,17,2,9,2,1,C03,7,9,1,10,2,14,,6,6,1,13,4,120.666548,24.232939,2
11257,66000,387130000C,(04)23274275,(04)23288582,2025,12,26,9,3,臺中市,西屯區,0,1,0,7,2,6,50,13,9,1,5,4,6,6,4,4,5,5,5,2,13,2,8,1,1,C03,7,9,1,10,2,11,,7,7,1,12,4,120.648196,24.16942,2
11258,66000,387130000C,(04)23274275,(04)23288582,2025,12,26,9,5,臺中市,梧棲區,0,1,0,7,3,6,50,3,2,1,5,4,6,6,4,4,5,5,5,1,17,2,7,1,1,C03,7,1,1,10,2,11,,51,51,1,6,4,120.538419,24.248392,2
11259,66000,387130000C,(04)23274275,(04)23288582,2025,12,26,9,11,臺中市,北屯區,0,1,0,7,3,6,50,3,2,1,5,4,6,6,1,1,5,4,5,2,13,2,8,1,1,C03,7,9,1,10,2,11,,7,7,1,12,4,120.700991,24.17014,2
11260,66000,387130000C,(04)23274275,(04)23288582,2025,12,26,9,12,臺中市,太平區,0,1,0,7,3,6,50,3,1,1,5,4,6,6,2,1,10,5,5,2,16,2,9,1,1,C03,7,11,1,10,2,13,,11,11,1,12,4,120.711828,24.159013,2
11261,66000,387130000C,(04)23274275,(04)23288582,2025,12,26,9,16,臺中市,北屯區,0,0,0,7,,,50,,,,,,,,,,,,,,16,,,,,B02,,,1,,1,,,14,14,1,12,4,120.703972,24.181397,3
11262,66000,387130000C,(04)23274275,(04)23288582,2025,12,26,9,21,臺中市,北屯區,0,0,0,6,,,50,,,,,,,,,,,,,,12,,,,,B03,,,1,,1,,,1,1,1,6,4,120.671094,24.175055,3
11263,66000,387130000C,(04)23274275,(04)23288582,2025,12,26,9,21,臺中市,沙鹿區,0,0,0,7,,,60,,,,,,,,,,,,,,,,,,,B03,,,1,,2,,,59,59,1,6,4,120.56183,24.208285,3
11264,66000,387130000C,(04)23274275,(04)23288582,2025,12,26,9,22,臺中市,外埔區,0,1,0,7,3,6,50,4,1,1,5,4,6,6,1,1,10,5,5,2,16,2,8,1,1,C03,7,6,1,10,2,11,,20,20,1,12,4,120.648765,24.324312,2