序號,縣市別代碼,機關代碼,市話,傳真,年,月,日,時,分,縣市,區,死亡數量,受傷數量,2-30,天候,道路照明設備,道路類別,道路速限,道路型態,事故位置,路面鋪裝,路面狀態,路面缺陷,障礙物,視距,號誌種類,號誌動作,分向設施,快車道或一般車道間,快慢車道間,路面邊線,事故類型及型態,受傷程度,主要傷處,保護裝備,行動電話或功能裝置,當事者區分(類別),車輛用途,當事者行動狀態,駕照狀態,駕照種類,飲酒情形,車輛撞擊部位最初,車輛撞擊部位其他,肇事因素個別,肇事因素主要,肇事逃逸,職業,共享經濟或外送平台,GPS座標X,GPS座標Y,事故類別
11265,66000,387130000C,(04)23274275,(04)23288582,2025,12,26,9,24,臺中市,北屯區,0,0,0,7,,,50,,,,,,,,,,,,,,17,,,,,B03,,,1,,1,,,8,8,1,6,4,120.723504,24.173762,3
11266,66000,387130000C,(04)23274275,(04)23288582,2025,12,26,9,27,臺中市,沙鹿區,0,1,0,7,2,6,60,3,2,1,5,4,6,6,1,1,3,3,3,1,17,3,10,5,4,B03,7,9,1,8,2,2,,21,21,1,13,4,120.615128,24.244076,2
11267,66000,387130000C,(04)23274275,(04)23288582,2025,12,26,9,39,臺中市,豐原區,0,2,0,7,3,6,50,13,8,1,5,4,6,6,4,4,9,4,4,2,17,2,9,5,4,B03,7,9,1,8,2,5,,59,59,1,12,4,120.722437,24.238558,2
11268,66000,387130000C,(04)23274275,(04)23288582,2025,12,26,9,41,臺中市,東勢區,0,2,0,7,3,6,30,4,1,1,5,4,6,6,3,1,5,5,5,1,15,2,9,2,1,C03,7,9,5,19,2,12,,24,24,1,6,4,120.826125,24.258215,2
11269,66000,387130000C,(04)23274275,(04)23288582,2025,12,26,9,45,臺中市,西屯區,0,0,0,7,,,50,,,,,,,,,,,,,,14,,,,,B03,,,1,,1,,,49,49,1,12,4,120.615691,24.176767,3
11270,66000,387130000C,(04)23274275,(04)23288582,2025,12,26,9,45,臺中市,大甲區,0,0,0,6,,,50,,,,,,,,,,,,,,12,,,,,B03,,,1,,2,,,1,1,1,13,4,120.624889,24.347509,3
11271,66000,387130000C,(04)23274275,(04)23288582,2025,12,26,9,52,臺中市,霧峰區,0,0,0,6,,,50,,,,,,,,,,,,,,17,,,,,B12,,,1,,1,,,49,49,1,13,4,120.69706,24.063166,3
11272,66000,387130000C,(04)23274275,(04)23288582,2025,12,26,10,0,臺中市,西區,0,0,0,7,,,50,,,,,,,,,,,,,,15,3,10,3,1,B12,7,9,1,8,2,7,,15,15,1,13,4,120.673256,24.148815,3
11273,66000,387130000C,(04)23274275,(04)23288582,2025,12,26,10,0,臺中市,中區,0,0,0,7,,,50,,,,,,,,,,,,,,,,,,,B13,,,1,,1,,,49,49,1,6,4,120.683362,24.137605,3
11274,66000,387130000C,(04)23274275,(04)23288582,2025,12,26,10,0,臺中市,東勢區,0,1,0,7,3,6,60,5,1,1,5,4,6,6,1,1,5,2,5,1,16,3,10,3,1,B03,7,5,1,8,1,2,,85,85,1,6,4,120.811472,24.303926,2
11275,66000,387130000C,(04)23274275,(04)23288582,2025,12,26,10,1,臺中市,北區,0,1,0,6,2,6,50,4,1,1,5,4,6,6,4,4,10,5,5,2,15,3,10,5,4,B01,7,9,1,8,1,6,,12,12,1,13,4,120.691035,24.155857,2
11276,66000,387130000C,(04)23274275,(04)23288582,2025,12,26,10,6,臺中市,潭子區,0,1,0,7,3,6,30,13,9,1,5,4,6,6,4,4,1,5,5,1,17,3,10,3,1,B12,7,2,1,8,2,7,,49,49,1,13,4,120.714959,24.224984,2
11277,66000,387130000C,(04)23274275,(04)23288582,2025,12,26,10,10,臺中市,西區,0,1,0,7,2,6,50,4,2,1,5,4,6,6,1,1,5,2,5,2,1,2,9,6,5,H01,8,20,7,21,1,17,,95,95,1,12,5,120.672741,24.135881,2
11278,66000,387130000C,(04)23274275,(04)23288582,2025,12,26,10,12,臺中市,西屯區,0,0,0,7,,,50,,,,,,,,,,,,,,25,,,,,A11,,,1,,2,,,58,58,1,13,4,120.645755,24.175587,3
11279,66000,387130000C,(04)23274275,(04)23288582,2025,12,26,10,12,臺中市,烏日區,0,0,0,7,,3,80,,,,,,,,,,,,,,30,,,,,B12,,,1,,2,,,87,87,1,6,4,120.620745,24.113192,3
11280,66000,387130000C,(04)23274275,(04)23288582,2025,12,26,10,13,臺中市,豐原區,0,0,0,6,3,6,40,13,7,1,5,4,6,6,2,1,8,1,4,2,13,3,10,5,4,A12,7,14,1,7,2,1,1,84,84,1,12,4,120.727519,24.239309,3
11281,66000,387130000C,(04)23274275,(04)23288582,2025,12,26,10,15,臺中市,西區,0,2,0,7,2,6,50,4,1,1,5,4,6,6,1,1,8,5,5,2,16,3,10,3,1,B03,7,6,1,8,2,1,,11,11,1,12,4,120.660196,24.144327,2
11282,66000,387130000C,(04)23274275,(04)23288582,2025,12,26,10,15,臺中市,北屯區,0,1,0,6,2,6,50,13,9,1,5,4,6,6,1,1,4,3,5,2,13,2,9,1,1,F03,7,9,7,21,6,11,,84,84,1,12,4,120.693677,24.184948,2
11283,66000,387130000C,(04)23274275,(04)23288582,2025,12,26,10,15,臺中市,西屯區,0,0,0,7,,,50,,,,,,,,,,,,,,17,,,,,B03,,,1,,1,,,59,59,1,13,4,120.637327,24.175622,3
11284,66000,387130000C,(04)23274275,(04)23288582,2025,12,26,10,19,臺中市,東區,0,2,0,7,2,6,50,3,1,1,5,4,6,6,4,4,10,5,5,2,13,2,9,1,1,C03,7,9,1,10,2,11,,7,7,1,12,4,120.707015,24.136384,2
11285,66000,387130000C,(04)23274275,(04)23288582,2025,12,26,10,21,臺中市,大里區,0,0,0,7,,,,,,,,,,,,,,,,,17,,,,,,,,,,,,,119,119,1,,,120.681212,24.104103,3
11286,66000,387130000C,(04)23274275,(04)23288582,2025,12,26,10,23,臺中市,南屯區,0,1,0,7,3,6,40,3,1,1,5,4,6,6,2,1,10,5,5,2,13,2,9,2,4,C03,7,9,1,10,2,11,,59,59,1,6,4,120.615527,24.149391,2
11287,66000,387130000C,(04)23274275,(04)23288582,2025,12,26,10,26,臺中市,沙鹿區,0,0,0,7,,,50,,,,,,,,,,,,,,9,,,,,E05,,,1,,2,,,82,82,1,6,4,120.577694,24.209671,3
11288,66000,387130000C,(04)23274275,(04)23288582,2025,12,26,10,27,臺中市,北屯區,0,0,0,7,,,50,,,,,,,,,,,,,,12,,,,,B03,,,1,,1,,,59,59,1,12,4,120.747549,24.195418,3
11289,66000,387130000C,(04)23274275,(04)23288582,2025,12,26,10,28,臺中市,北區,0,1,0,7,3,6,50,4,1,1,5,4,6,6,1,1,10,5,5,2,17,2,9,5,4,C03,7,9,1,10,2,11,,8,8,1,13,4,120.682325,24.159092,2
11290,66000,387130000C,(04)23274275,(04)23288582,2025,12,26,10,29,臺中市,大里區,0,2,0,7,2,6,50,13,9,1,5,4,6,6,4,4,5,5,4,1,17,2,9,1,1,C03,7,6,1,10,2,11,,34,34,1,12,4,120.68911,24.110068,2
11291,66000,387130000C,(04)23274275,(04)23288582,2025,12,26,10,33,臺中市,東勢區,0,0,0,7,,,50,,,,,,,,,,,,,,13,,,,,B03,,,1,,1,,,7,7,1,6,4,120.792022,24.285531,3
11292,66000,387130000C,(04)23274275,(04)23288582,2025,12,26,10,36,臺中市,大里區,0,0,0,7,,,50,,,,,,,,,,,,,,13,,,,,B03,,,1,,2,,,7,7,1,6,4,120.691823,24.091691,3
11293,66000,387130000C,(04)23274275,(04)23288582,2025,12,26,10,40,臺中市,南屯區,0,0,0,7,3,6,50,3,1,1,5,4,6,6,4,4,5,5,5,2,16,,,,,B03,,,1,,1,,,20,20,1,12,4,120.609998,24.146027,3
11294,66000,387130000C,(04)23274275,(04)23288582,2025,12,26,10,41,臺中市,西區,0,1,0,7,2,6,50,4,1,1,5,4,6,6,2,1,5,4,4,2,12,3,10,1,1,C03,7,9,1,10,2,11,,84,84,1,13,4,120.664024,24.136654,2
11295,66000,387130000C,(04)23274275,(04)23288582,2025,12,26,10,45,臺中市,清水區,0,3,0,7,3,6,40,4,1,1,5,4,6,6,1,1,1,4,1,1,17,2,9,3,1,A12,7,9,1,6,2,8,,88,88,1,12,4,120.547017,24.274783,2
11296,66000,387130000C,(04)23274275,(04)23288582,2025,12,26,10,48,臺中市,中區,0,1,0,7,3,6,50,13,9,1,5,4,6,6,1,1,10,4,5,2,13,2,9,6,1,F01,7,9,7,21,2,11,,7,7,1,6,4,120.68278,24.14108,2
11297,66000,387130000C,(04)23274275,(04)23288582,2025,12,26,10,50,臺中市,北區,0,1,0,7,2,6,50,4,1,1,5,4,6,6,1,1,10,5,5,2,17,2,8,5,4,C03,7,15,1,10,2,14,,42,42,1,13,4,120.677486,24.151043,2
11298,66000,387130000C,(04)23274275,(04)23288582,2025,12,26,10,56,臺中市,豐原區,0,1,0,6,2,6,50,13,9,1,5,4,6,6,4,4,9,5,5,2,17,3,10,1,1,C03,7,9,1,10,2,13,,87,87,1,12,4,120.715751,24.250295,2
11299,66000,387130000C,(04)23274275,(04)23288582,2025,12,26,11,2,臺中市,北屯區,0,0,0,7,,,50,,,,,,,,,,,,,,16,,,,,B03,,,1,,1,,,11,11,1,12,4,120.674823,24.191153,3
11300,66000,387130000C,(04)23274275,(04)23288582,2025,12,26,11,4,臺中市,豐原區,0,0,0,7,,,50,,,,,,,,,,,,,,13,,,,,B03,,,1,,2,,,59,59,1,12,4,120.703165,24.241104,3
11301,66000,387130000C,(04)23274275,(04)23288582,2025,12,26,11,5,臺中市,大雅區,0,1,0,6,1,6,30,3,2,1,5,4,6,6,4,4,10,5,5,2,17,3,10,3,1,B03,7,2,1,8,2,7,,49,49,1,13,4,120.629734,24.240276,2
11302,66000,387130000C,(04)23274275,(04)23288582,2025,12,26,11,5,臺中市,南屯區,0,0,0,7,,,50,,,,,,,,,,,,,,,,,,,B03,,,1,,11,,,40,40,2,12,4,120.629566,24.147457,3
11303,66000,387130000C,(04)23274275,(04)23288582,2025,12,26,11,10,臺中市,烏日區,0,0,0,7,,,30,,,,,,,,,,,,,,13,,,,,B02,,,1,,1,,,7,7,1,6,4,120.607462,24.12072,3
11304,66000,387130000C,(04)23274275,(04)23288582,2025,12,26,11,10,臺中市,大甲區,0,1,0,7,2,6,50,4,1,1,5,4,6,6,4,4,10,5,5,2,15,3,10,3,1,B03,7,9,1,8,2,6,,15,15,1,6,4,120.625878,24.347026,2
11305,66000,387130000C,(04)23274275,(04)23288582,2025,12,26,11,12,臺中市,梧棲區,0,0,0,7,,,50,,,,,,,,,,,,,,12,,,,,B03,,,1,,1,,,50,50,1,12,4,120.534905,24.261196,3
11306,66000,387130000C,(04)23274275,(04)23288582,2025,12,26,11,13,臺中市,潭子區,0,2,0,7,3,6,60,4,2,1,5,4,6,6,1,1,1,4,4,1,17,2,8,2,1,C03,7,9,1,10,2,11,14,7,7,1,13,4,120.706008,24.218245,2
11307,66000,387130000C,(04)23274275,(04)23288582,2025,12,26,11,14,臺中市,龍井區,0,1,0,7,2,6,30,3,1,1,5,4,6,6,4,4,10,5,5,2,16,3,10,3,1,B03,7,5,1,8,2,8,,14,14,1,12,4,120.510025,24.203508,2
11308,66000,387130000C,(04)23274275,(04)23288582,2025,12,26,11,22,臺中市,太平區,0,1,0,7,2,6,50,13,8,1,5,4,6,6,4,4,5,5,4,2,17,2,8,3,1,B12,7,9,1,8,2,5,2,84,84,1,12,4,120.708984,24.129289,2
11309,66000,387130000C,(04)23274275,(04)23288582,2025,12,26,11,24,臺中市,大里區,0,0,0,7,,,50,,,,,,,,,,,,,,28,,,,,B03,,,1,,9,,,84,84,2,13,4,120.686071,24.121418,3
11310,66000,387130000C,(04)23274275,(04)23288582,2025,12,26,11,26,臺中市,西屯區,0,0,0,7,,3,80,,,,,,,,,,,,,,13,,,,,B01,,,1,,1,,,7,7,1,12,4,120.655246,24.199411,3
11311,66000,387130000C,(04)23274275,(04)23288582,2025,12,26,11,28,臺中市,大甲區,0,0,0,7,,,30,,,,,,,,,,,,,,,,,,,C03,,,1,,2,,,14,14,1,6,4,120.646529,24.404988,4
11312,66000,387130000C,(04)23274275,(04)23288582,2025,12,26,11,29,臺中市,北區,0,2,0,7,2,6,50,4,1,1,5,4,6,6,1,1,5,4,4,2,17,2,9,5,1,C03,7,9,1,10,2,14,,21,21,1,13,4,120.687248,24.155681,2
11313,66000,387130000C,(04)23274275,(04)23288582,2025,12,26,11,35,臺中市,北屯區,0,0,0,7,,,50,,,,,,,,,,,,,,14,,,,,B12,,,1,,2,,,49,49,1,6,4,120.684288,24.171061,3
11314,66000,387130000C,(04)23274275,(04)23288582,2025,12,26,11,35,臺中市,烏日區,0,0,0,7,,,50,,,,,,,,,,,,,,17,,,,,B03,,,1,,1,,,50,50,1,6,4,120.651618,24.09866,3
11315,66000,387130000C,(04)23274275,(04)23288582,2025,12,26,11,36,臺中市,沙鹿區,0,0,0,7,,,30,,,,,,,,,,,,,,17,,,,,C03,,,1,,9,,,8,8,2,6,4,120.560272,24.241314,3
11316,66000,387130000C,(04)23274275,(04)23288582,2025,12,26,11,39,臺中市,北區,0,2,0,7,3,6,50,4,1,1,5,4,6,6,4,4,10,5,5,2,17,2,9,5,4,C03,7,9,1,10,2,11,,15,15,1,13,4,120.695763,24.152462,2
11317,66000,387130000C,(04)23274275,(04)23288582,2025,12,26,11,45,臺中市,北屯區,0,1,0,7,3,6,50,4,1,1,5,4,6,6,2,1,10,5,5,2,16,3,10,3,1,B03,7,6,1,8,2,1,,23,23,1,12,4,120.727625,24.161064,2
11318,66000,387130000C,(04)23274275,(04)23288582,2025,12,26,11,45,臺中市,西屯區,0,1,0,6,2,6,40,4,2,1,5,4,6,6,2,1,10,5,5,2,17,3,10,5,4,C03,7,5,1,10,1,16,,42,42,1,12,4,120.646302,24.164674,2
11319,66000,387130000C,(04)23274275,(04)23288582,2025,12,26,11,48,臺中市,豐原區,0,1,0,7,3,6,50,13,7,1,5,4,6,6,4,4,1,4,4,1,13,2,9,1,4,C03,7,9,1,10,2,11,,7,7,1,12,4,120.715376,24.256112,2
11320,66000,387130000C,(04)23274275,(04)23288582,2025,12,26,11,50,臺中市,北區,0,1,0,7,2,6,50,4,1,1,5,4,6,6,4,4,10,5,5,2,15,2,9,5,4,C03,7,9,1,10,2,14,,13,13,1,13,4,120.691035,24.155857,2
11321,66000,387130000C,(04)23274275,(04)23288582,2025,12,26,11,55,臺中市,北屯區,0,0,0,7,,,50,,,,,,,,,,,,,,,,,,,B03,,,1,,1,,,84,84,1,13,4,120.675012,24.202605,3
11322,66000,387130000C,(04)23274275,(04)23288582,2025,12,26,11,56,臺中市,豐原區,0,0,0,6,,,50,,,,,,,,,,,,,,14,,,,,B03,,,1,,1,,,59,59,1,12,4,120.710957,24.246481,4
11323,66000,387130000C,(04)23274275,(04)23288582,2025,12,26,11,58,臺中市,北屯區,0,0,0,7,,,50,,,,,,,,,,,,,,15,,,,,C03,,,1,,1,,,21,21,1,12,4,120.68768,24.171883,3
11324,66000,387130000C,(04)23274275,(04)23288582,2025,12,26,12,0,臺中市,清水區,0,0,0,7,2,6,50,13,7,1,5,4,6,6,1,1,8,3,4,2,13,,,,,B03,,,1,,1,,,7,7,1,12,4,120.574718,24.26779,3
11325,66000,387130000C,(04)23274275,(04)23288582,2025,12,26,12,0,臺中市,石岡區,0,1,0,7,2,6,50,4,1,1,5,4,6,6,1,1,10,5,5,2,17,2,9,2,1,C03,7,15,1,10,2,14,,85,85,1,12,4,120.813472,24.26227,2
11326,66000,387130000C,(04)23274275,(04)23288582,2025,12,26,12,1,臺中市,南屯區,0,1,0,7,3,6,40,4,1,1,5,4,6,6,2,1,10,5,5,2,16,2,9,2,4,C03,7,9,1,10,2,12,,84,84,1,6,4,120.620848,24.139903,2
11327,66000,387130000C,(04)23274275,(04)23288582,2025,12,26,12,1,臺中市,西屯區,0,0,0,7,,,30,,,,,,,,,,,,,,14,,,,,B03,,,1,,1,,,49,49,1,12,4,120.655838,24.165335,3
11328,66000,387130000C,(04)23274275,(04)23288582,2025,12,26,12,1,臺中市,豐原區,0,1,0,6,3,6,50,5,1,1,5,4,6,6,1,1,10,5,5,2,17,3,10,3,1,B03,7,5,1,8,2,2,,11,11,1,13,4,120.709992,24.240946,2
11329,66000,387130000C,(04)23274275,(04)23288582,2025,12,26,12,4,臺中市,西屯區,0,0,0,7,,,50,,,,,,,,,,,,,,13,,,,,C03,,,1,,1,,,7,7,1,12,4,120.638851,24.180169,3
11330,66000,387130000C,(04)23274275,(04)23288582,2025,12,26,12,4,臺中市,龍井區,0,0,0,7,,,50,,,,,,,,,,,,,,,,,,,A11,,,1,,1,,,26,26,1,12,4,120.523014,24.19659,3
11331,66000,387130000C,(04)23274275,(04)23288582,2025,12,26,12,5,臺中市,北屯區,0,0,0,7,,,50,,,,,,,,,,,,,,13,,,,,C03,,,5,,1,,,7,7,1,12,4,120.669188,24.174068,3
11332,66000,387130000C,(04)23274275,(04)23288582,2025,12,26,12,8,臺中市,外埔區,0,1,0,6,2,6,50,13,8,1,5,4,6,6,4,4,5,4,4,1,12,3,10,3,1,B03,7,7,1,8,2,5,,20,20,1,6,4,120.673261,24.326176,2
11333,66000,387130000C,(04)23274275,(04)23288582,2025,12,26,12,12,臺中市,西屯區,0,3,0,5,2,6,40,13,8,1,4,4,6,6,4,4,1,4,1,2,9,2,9,6,5,H01,8,16,7,21,10,17,,95,95,1,13,5,120.609883,24.184289,2
11334,66000,387130000C,(04)23274275,(04)23288582,2025,12,26,12,13,臺中市,東勢區,0,0,0,7,,,70,,,,,,,,,,,,,,,,,,,B03,,,1,,1,,,40,40,1,12,4,120.823634,24.25984,3
11335,66000,387130000C,(04)23274275,(04)23288582,2025,12,26,12,15,臺中市,南屯區,0,0,0,7,,,50,,,,,,,,,,,,,,,,,,,B03,,,1,,1,,,7,7,1,12,4,120.630846,24.14649,3
11336,66000,387130000C,(04)23274275,(04)23288582,2025,12,26,12,15,臺中市,南屯區,0,1,0,5,3,6,50,13,9,1,4,4,6,6,2,1,3,2,5,2,18,2,9,1,1,C03,7,6,1,10,2,14,,59,59,1,12,4,120.609939,24.154958,2
11337,66000,387130000C,(04)23274275,(04)23288582,2025,12,26,12,17,臺中市,南屯區,0,1,0,5,3,6,50,13,9,1,4,4,6,6,1,1,5,5,5,2,18,2,9,1,1,C03,7,6,1,10,2,12,,59,59,1,12,4,120.60748,24.135641,2
11338,66000,387130000C,(04)23274275,(04)23288582,2025,12,26,12,17,臺中市,大里區,0,1,0,7,2,6,50,4,1,1,5,4,3,6,4,4,5,2,5,2,17,3,10,1,1,C03,7,5,3,19,2,13,,47,47,1,13,4,120.682437,24.115134,2
11339,66000,387130000C,(04)23274275,(04)23288582,2025,12,26,12,17,臺中市,后里區,0,0,0,5,2,4,50,13,2,1,4,4,6,6,1,1,4,1,5,2,11,3,10,3,1,B03,7,9,1,8,2,8,,85,85,1,6,4,120.708121,24.31821,3
11340,66000,387130000C,(04)23274275,(04)23288582,2025,12,26,12,20,臺中市,西區,0,0,0,7,,,50,,,,,,,,,,,,,,17,,,,,C03,,,1,,11,,,87,87,1,13,4,120.654921,24.151613,3
11341,66000,387130000C,(04)23274275,(04)23288582,2025,12,26,12,21,臺中市,太平區,0,1,0,7,2,6,50,3,1,1,5,4,6,6,4,4,10,5,5,2,17,2,9,1,1,C03,7,5,1,10,2,12,,84,84,1,12,4,120.717253,24.13342,2
11342,66000,387130000C,(04)23274275,(04)23288582,2025,12,26,12,21,臺中市,大肚區,0,1,0,6,2,6,30,4,1,1,5,4,6,6,4,4,10,5,5,2,15,2,9,2,1,C03,7,9,1,10,2,11,,12,12,1,5,2,120.576098,24.174593,2
11343,66000,387130000C,(04)23274275,(04)23288582,2025,12,26,12,22,臺中市,西區,0,1,0,7,2,6,50,13,8,1,5,4,6,6,4,4,8,3,1,2,16,2,9,2,1,C03,7,9,1,10,2,11,14,84,84,1,12,2,120.658395,24.157566,2
11344,66000,387130000C,(04)23274275,(04)23288582,2025,12,26,12,22,臺中市,北屯區,0,1,0,7,3,6,50,4,1,1,5,4,6,6,2,1,10,5,5,2,17,3,10,3,1,B12,7,6,1,8,2,5,,84,84,1,6,4,120.704827,24.187803,2
11345,66000,387130000C,(04)23274275,(04)23288582,2025,12,26,12,22,臺中市,梧棲區,0,0,0,7,,,40,,,,,,,,,,,,,,12,,,,,A11,,,1,,2,,,8,8,1,12,4,120.520786,24.244467,3
11346,66000,387130000C,(04)23274275,(04)23288582,2025,12,26,12,24,臺中市,潭子區,0,0,0,6,,,50,,,,,,,,,,,,,,,,,,,B03,,,1,,2,,,84,84,1,13,4,120.680862,24.207431,3
11347,66000,387130000C,(04)23274275,(04)23288582,2025,12,26,12,24,臺中市,西屯區,0,2,0,7,2,6,50,13,9,1,5,4,6,6,4,4,8,5,5,2,16,2,9,5,4,C03,7,3,1,10,2,12,,84,84,1,13,4,120.606551,24.188924,2
11348,66000,387130000C,(04)23274275,(04)23288582,2025,12,26,12,25,臺中市,大雅區,0,0,0,7,,,50,,,,,,,,,,,,,,13,,,,,C03,,,1,,2,,,7,7,1,13,4,120.647938,24.223309,3
11349,66000,387130000C,(04)23274275,(04)23288582,2025,12,26,12,26,臺中市,大雅區,0,1,0,7,3,6,30,13,9,1,5,4,6,6,4,4,10,5,5,1,17,2,8,2,1,C03,7,9,1,10,2,12,,7,7,1,12,4,120.673398,24.228217,2
11350,66000,387130000C,(04)23274275,(04)23288582,2025,12,26,12,27,臺中市,西區,0,1,0,7,3,6,40,5,2,1,5,4,6,6,4,4,1,4,1,2,18,2,9,1,1,C03,7,9,1,10,2,12,,84,84,1,6,4,120.670062,24.150523,2
11351,66000,387130000C,(04)23274275,(04)23288582,2025,12,26,12,30,臺中市,烏日區,0,1,0,7,2,6,50,13,9,1,5,4,6,6,4,4,5,4,5,2,13,2,9,1,1,C03,7,9,1,10,2,11,,7,7,1,6,4,120.625244,24.107594,2
11352,66000,387130000C,(04)23274275,(04)23288582,2025,12,26,12,30,臺中市,神岡區,0,0,0,7,,,60,,,,,,,,,,,,,,12,,,,,B03,,,1,,1,,,7,7,1,13,4,120.708836,24.259066,3
11353,66000,387130000C,(04)23274275,(04)23288582,2025,12,26,12,32,臺中市,東區,0,1,0,7,3,6,50,3,1,1,5,4,6,6,4,4,10,5,5,2,16,2,7,2,1,C03,7,6,1,10,2,14,,12,12,1,12,4,120.696818,24.151419,2
11354,66000,387130000C,(04)23274275,(04)23288582,2025,12,26,12,32,臺中市,沙鹿區,0,1,0,6,2,6,60,13,9,1,5,4,6,6,4,4,10,5,5,2,18,2,8,1,1,C03,7,6,1,10,2,12,,59,59,1,6,4,120.573493,24.231441,2
11355,66000,387130000C,(04)23274275,(04)23288582,2025,12,26,12,35,臺中市,大雅區,0,1,0,6,1,6,60,3,2,1,5,4,6,6,4,4,1,5,5,1,17,2,9,1,1,C03,7,6,1,10,2,14,12,48,48,1,13,4,120.662956,24.232696,2
11356,66000,387130000C,(04)23274275,(04)23288582,2025,12,26,12,35,臺中市,西區,0,1,0,7,2,6,40,13,8,1,5,4,6,6,4,4,1,4,4,2,17,2,9,1,1,C03,7,15,1,10,2,12,,42,42,1,12,4,120.665861,24.135657,2
11357,66000,387130000C,(04)23274275,(04)23288582,2025,12,26,12,45,臺中市,北區,0,0,0,7,,,50,,,,,,,,,,,,,,17,,,,,B03,,,1,,1,,,51,51,2,12,4,120.694584,24.155807,3
11358,66000,387130000C,(04)23274275,(04)23288582,2025,12,26,12,46,臺中市,北屯區,0,0,0,7,,,40,,,,,,,,,,,,,,17,,,,,B03,,,1,,1,,,49,49,1,6,4,120.690727,24.199314,3
11359,66000,387130000C,(04)23274275,(04)23288582,2025,12,26,12,46,臺中市,后里區,0,2,0,7,2,6,30,3,1,1,5,4,6,6,4,4,10,5,5,2,17,2,3,1,1,C03,7,6,1,10,2,11,12,14,14,1,6,4,120.718779,24.308054,2
11360,66000,387130000C,(04)23274275,(04)23288582,2025,12,26,12,48,臺中市,潭子區,0,0,0,7,,,30,,,,,,,,,,,,,,,,,,,,,,,,,,,85,85,1,,,120.710976,24.201543,3
11361,66000,387130000C,(04)23274275,(04)23288582,2025,12,26,12,49,臺中市,神岡區,0,1,0,7,2,6,50,4,1,1,5,4,6,6,2,1,10,5,5,1,17,3,10,5,4,B03,7,6,1,8,2,8,,11,11,1,13,4,120.658585,24.258951,2
11362,66000,387130000C,(04)23274275,(04)23288582,2025,12,26,12,51,臺中市,豐原區,0,0,0,6,,,50,,,,,,,,,,,,,,14,,,,,B03,,,1,,2,,,50,50,1,12,4,120.726861,24.248051,3
11363,66000,387130000C,(04)23274275,(04)23288582,2025,12,26,12,54,臺中市,烏日區,0,0,0,7,,,50,,,,,,,,,,,,,,17,,,,,B12,,,1,,2,,,8,8,1,6,4,120.643059,24.074685,3
11364,66000,387130000C,(04)23274275,(04)23288582,2025,12,26,13,0,臺中市,北區,0,0,0,7,,,50,,,,,,,,,,,,,,,,,,,B03,,,1,,11,,,50,50,2,13,4,120.677404,24.166911,3
11365,66000,387130000C,(04)23274275,(04)23288582,2025,12,26,13,7,臺中市,大雅區,0,1,0,6,1,6,50,13,8,1,5,4,6,6,4,4,5,5,4,1,17,3,10,3,1,B03,7,5,1,8,2,3,,47,47,1,13,4,120.635405,24.214935,2
11366,66000,387130000C,(04)23274275,(04)23288582,2025,12,26,13,13,臺中市,南區,0,1,0,7,2,6,50,4,1,1,5,4,6,6,4,4,10,5,5,2,30,2,9,2,2,C03,7,9,1,10,2,14,,62,62,1,12,4,120.66842,24.113993,2
11367,66000,387130000C,(04)23274275,(04)23288582,2025,12,26,13,15,臺中市,北區,0,1,0,7,2,6,40,4,1,1,5,4,6,6,1,1,5,5,5,2,17,2,9,5,1,C03,7,6,1,10,2,13,,48,48,1,13,4,120.682679,24.16704,2
11368,66000,387130000C,(04)23274275,(04)23288582,2025,12,26,13,15,臺中市,南屯區,0,0,0,6,3,6,50,13,9,1,5,4,6,6,1,1,3,4,5,2,13,,,,,B03,,,1,,1,,,82,82,1,12,4,120.635204,24.151239,3
11369,66000,387130000C,(04)23274275,(04)23288582,2025,12,26,13,19,臺中市,南屯區,0,0,0,7,3,6,50,13,9,1,5,4,6,6,1,1,1,4,5,2,13,,,,,C02,,,1,,1,,,7,7,1,12,4,120.646791,24.150733,3
11370,66000,387130000C,(04)23274275,(04)23288582,2025,12,26,13,19,臺中市,新社區,0,0,0,7,,,50,,,,,,,,,,,,,,11,,,,,A05,,,1,,2,,,34,34,1,13,4,120.821258,24.173451,3
11371,66000,387130000C,(04)23274275,(04)23288582,2025,12,26,13,20,臺中市,烏日區,0,0,0,7,,,50,,,,,,,,,,,,,,9,,,,,A11,,,1,,2,,,90,90,1,6,4,120.611163,24.113114,3
11372,66000,387130000C,(04)23274275,(04)23288582,2025,12,26,13,23,臺中市,西屯區,0,0,0,7,,,50,,,,,,,,,,,,,,17,,,,,C03,,,1,,1,,,8,8,1,13,4,120.638524,24.182231,3
11373,66000,387130000C,(04)23274275,(04)23288582,2025,12,26,13,27,臺中市,南屯區,0,0,0,7,,,50,,,,,,,,,,,,,,16,,,,,B01,,,1,,2,,,11,11,1,12,4,120.652937,24.144982,3
11374,66000,387130000C,(04)23274275,(04)23288582,2025,12,26,13,33,臺中市,南屯區,0,0,0,7,,,50,,,,,,,,,,,,,,17,,,,,A06,,,1,,9,,,84,84,2,12,4,120.62847,24.146017,3