序號,縣市別代碼,機關代碼,市話,傳真,年,月,日,時,分,縣市,區,死亡數量,受傷數量,2-30,天候,道路照明設備,道路類別,道路速限,道路型態,事故位置,路面鋪裝,路面狀態,路面缺陷,障礙物,視距,號誌種類,號誌動作,分向設施,快車道或一般車道間,快慢車道間,路面邊線,事故類型及型態,受傷程度,主要傷處,保護裝備,行動電話或功能裝置,當事者區分(類別),車輛用途,當事者行動狀態,駕照狀態,駕照種類,飲酒情形,車輛撞擊部位最初,車輛撞擊部位其他,肇事因素個別,肇事因素主要,肇事逃逸,職業,共享經濟或外送平台,GPS座標X,GPS座標Y,事故類別
11375,66000,387130000C,(04)23274275,(04)23288582,2025,12,26,13,36,臺中市,豐原區,0,1,0,7,2,6,50,4,1,1,5,4,6,6,1,1,1,2,5,1,16,2,9,5,4,C03,7,9,1,10,2,14,,84,84,1,12,4,120.72241,24.277861,2
11376,66000,387130000C,(04)23274275,(04)23288582,2025,12,26,13,38,臺中市,西屯區,0,2,0,7,2,6,30,4,1,1,5,4,6,6,4,4,10,5,5,2,16,2,7,2,1,C03,7,6,1,10,2,11,,15,15,1,12,4,120.648123,24.17603,2
11377,66000,387130000C,(04)23274275,(04)23288582,2025,12,26,13,40,臺中市,南屯區,0,2,0,7,2,6,50,13,9,1,5,4,6,6,4,4,5,4,4,2,17,2,9,2,1,C03,7,1,1,10,1,11,,51,51,1,12,4,120.637458,24.143794,2
11378,66000,387130000C,(04)23274275,(04)23288582,2025,12,26,13,46,臺中市,烏日區,0,1,0,7,3,6,50,4,1,1,5,4,6,6,1,1,10,5,5,2,17,3,10,3,1,B03,7,11,1,8,2,8,,45,45,1,6,4,120.595564,24.110692,2
11379,66000,387130000C,(04)23274275,(04)23288582,2025,12,26,13,51,臺中市,西屯區,0,0,0,7,,,50,,,,,,,,,,,,,,12,,,,,B03,,,1,,1,,,26,26,1,12,4,120.62904,24.163157,3
11380,66000,387130000C,(04)23274275,(04)23288582,2025,12,26,13,54,臺中市,西屯區,0,0,0,7,,,40,,,,,,,,,,,,,,13,,,,,C03,,,1,,1,,,59,59,1,13,4,120.634673,24.179632,3
11381,66000,387130000C,(04)23274275,(04)23288582,2025,12,26,13,54,臺中市,西屯區,0,2,0,7,2,6,30,13,9,1,5,4,6,6,4,4,10,5,5,2,17,2,9,5,4,C03,7,9,1,10,2,14,,41,41,1,13,4,120.646067,24.176267,2
11382,66000,387130000C,(04)23274275,(04)23288582,2025,12,26,13,55,臺中市,南區,0,0,0,7,,,50,,,,,,,,,,,,,,12,,,,,C03,,,1,,1,,,8,8,1,12,4,120.657119,24.132031,3
11383,66000,387130000C,(04)23274275,(04)23288582,2025,12,26,13,55,臺中市,南區,0,0,0,7,,,50,,,,,,,,,,,,,,17,,,,,B03,,,1,,2,,,84,84,1,12,4,120.679791,24.131028,3
11384,66000,387130000C,(04)23274275,(04)23288582,2025,12,26,13,57,臺中市,南屯區,0,1,0,7,3,6,50,13,9,1,5,4,6,6,1,1,5,4,5,2,12,3,10,3,1,B03,7,9,1,8,1,2,,20,20,1,12,4,120.653107,24.139155,2
11385,66000,387130000C,(04)23274275,(04)23288582,2025,12,26,14,0,臺中市,東區,0,0,0,7,,,50,,,,,,,,,,,,,,,,,,,B03,,,1,,2,,,7,7,1,12,4,120.694412,24.148003,3
11386,66000,387130000C,(04)23274275,(04)23288582,2025,12,26,14,0,臺中市,南屯區,0,0,0,7,3,6,50,13,9,1,5,4,6,6,4,4,9,5,5,2,30,,,,,C03,,,1,,9,,,87,87,1,12,4,120.636048,24.15191,3
11387,66000,387130000C,(04)23274275,(04)23288582,2025,12,26,14,0,臺中市,太平區,0,2,0,7,2,6,50,3,1,1,5,4,6,6,4,4,10,5,5,2,13,2,7,1,1,C03,7,4,1,10,2,11,12,84,84,1,12,4,120.714492,24.143335,2
11388,66000,387130000C,(04)23274275,(04)23288582,2025,12,26,14,4,臺中市,北區,0,0,0,7,,,50,,,,,,,,,,,,,,17,,,,,B03,,,1,,1,,,40,40,1,13,4,120.675129,24.162784,3
11389,66000,387130000C,(04)23274275,(04)23288582,2025,12,26,14,6,臺中市,北屯區,0,0,0,7,,,50,,,,,,,,,,,,,,,,,,,B03,,,1,,1,,,84,84,1,13,4,120.703784,24.18216,3
11390,66000,387130000C,(04)23274275,(04)23288582,2025,12,26,14,13,臺中市,西屯區,0,0,0,7,,,50,,,,,,,,,,,,,,16,,,,,C03,,,1,,2,,,14,14,1,13,4,120.593319,24.179977,3
11391,66000,387130000C,(04)23274275,(04)23288582,2025,12,26,14,14,臺中市,沙鹿區,0,2,0,7,2,6,50,13,9,1,5,4,6,6,4,4,5,5,4,2,13,3,10,3,1,B12,7,9,1,8,2,1,,7,7,1,6,4,120.566568,24.2028,2
11392,66000,387130000C,(04)23274275,(04)23288582,2025,12,26,14,26,臺中市,西屯區,0,1,0,7,2,6,50,13,7,1,5,4,6,6,4,4,9,5,5,2,17,3,10,5,4,B03,7,1,1,8,2,8,,51,51,1,12,4,120.66557,24.16758,2
11393,66000,387130000C,(04)23274275,(04)23288582,2025,12,26,14,27,臺中市,霧峰區,0,0,0,7,,,50,,,,,,,,,,,,,,17,,,,,A12,,,1,,2,,,94,94,1,13,4,120.698369,24.039787,3
11394,66000,387130000C,(04)23274275,(04)23288582,2025,12,26,14,28,臺中市,西屯區,0,0,0,7,,,30,,,,,,,,,,,,,,14,,,,,A11,,,1,,1,,,49,49,1,12,4,120.66052,24.197065,3
11395,66000,387130000C,(04)23274275,(04)23288582,2025,12,26,14,30,臺中市,南屯區,0,1,0,7,3,6,50,13,9,1,5,4,6,6,1,1,3,4,5,2,12,3,10,3,1,B03,7,5,1,8,2,6,,20,20,1,12,4,120.646829,24.14004,2
11396,66000,387130000C,(04)23274275,(04)23288582,2025,12,26,14,31,臺中市,潭子區,0,0,0,7,,,30,,,,,,,,,,,,,,,,,,,B03,,,1,,2,,,12,12,1,13,4,120.69331,24.217657,3
11397,66000,387130000C,(04)23274275,(04)23288582,2025,12,26,14,34,臺中市,大肚區,0,1,0,7,2,6,50,4,2,1,5,4,6,6,2,1,10,5,5,2,17,3,10,3,1,B03,7,1,1,8,2,8,,51,51,1,6,4,120.580726,24.172832,2
11398,66000,387130000C,(04)23274275,(04)23288582,2025,12,26,14,36,臺中市,南區,0,0,0,7,,,50,,,,,,,,,,,,,,13,,,,,B03,,,1,,2,,,84,84,1,12,4,120.670234,24.123668,3
11399,66000,387130000C,(04)23274275,(04)23288582,2025,12,26,14,36,臺中市,西屯區,0,0,0,7,,,30,,,,,,,,,,,,,,13,,,,,C03,,,1,,1,,,59,59,1,12,4,120.633202,24.175736,3
11400,66000,387130000C,(04)23274275,(04)23288582,2025,12,26,14,37,臺中市,北屯區,0,1,0,7,3,6,30,3,2,1,5,4,6,6,4,4,10,5,5,2,16,3,10,3,1,B03,7,6,1,8,2,1,,48,48,1,12,4,120.697979,24.177546,2
11401,66000,387130000C,(04)23274275,(04)23288582,2025,12,26,14,38,臺中市,西屯區,0,0,0,7,,,70,,,,,,,,,,,,,,14,,,,,B12,,,1,,1,,,84,84,1,12,4,120.615696,24.182888,3
11402,66000,387130000C,(04)23274275,(04)23288582,2025,12,26,14,38,臺中市,神岡區,0,1,0,7,3,6,30,4,1,1,5,4,6,6,1,1,3,5,5,2,16,3,10,3,1,B12,7,6,4,8,2,8,,11,11,1,13,4,120.684172,24.246813,2
11403,66000,387130000C,(04)23274275,(04)23288582,2025,12,26,14,40,臺中市,沙鹿區,0,1,0,7,2,6,50,11,9,1,5,4,6,6,4,4,8,3,5,1,18,2,9,5,4,C03,7,9,1,10,2,12,,82,82,1,13,4,120.583163,24.220134,2
11404,66000,387130000C,(04)23274275,(04)23288582,2025,12,26,14,41,臺中市,西屯區,0,2,0,7,2,3,80,13,7,1,5,4,6,6,4,4,1,4,5,1,17,2,9,5,4,B03,7,9,1,8,1,1,,7,7,1,13,4,120.630778,24.167138,2
11405,66000,387130000C,(04)23274275,(04)23288582,2025,12,26,14,48,臺中市,潭子區,0,0,0,7,,,50,,,,,,,,,,,,,,,,,,,C03,,,3,,2,,,77,77,1,12,4,120.692286,24.220246,3
11406,66000,387130000C,(04)23274275,(04)23288582,2025,12,26,14,48,臺中市,豐原區,0,1,0,7,2,6,50,3,1,1,5,4,6,6,2,1,5,5,4,2,16,3,10,3,1,B03,7,11,1,8,2,4,,11,11,1,12,4,120.708857,24.245609,2
11407,66000,387130000C,(04)23274275,(04)23288582,2025,12,26,14,50,臺中市,西區,0,0,0,7,,,50,,,,,,,,,,,,,,14,,,,,B03,,,1,,1,,,49,49,1,12,4,120.664284,24.146564,3
11408,66000,387130000C,(04)23274275,(04)23288582,2025,12,26,14,51,臺中市,北區,0,1,0,7,3,6,50,4,1,1,5,4,6,6,1,1,10,5,5,2,17,3,10,5,4,B03,7,5,1,8,2,16,,85,85,1,13,4,120.666498,24.154727,2
11409,66000,387130000C,(04)23274275,(04)23288582,2025,12,26,14,52,臺中市,太平區,0,0,0,7,,,50,,,,,,,,,,,,,,,,,,,B03,,,1,,1,,,49,49,1,12,4,120.716729,24.141596,3
11410,66000,387130000C,(04)23274275,(04)23288582,2025,12,26,14,52,臺中市,清水區,0,0,0,7,,,70,,,,,,,,,,,,,,,,,,,A31,,,1,,2,,,59,59,1,12,4,120.564446,24.296968,3
11411,66000,387130000C,(04)23274275,(04)23288582,2025,12,26,14,52,臺中市,梧棲區,0,0,0,7,,,50,,,,,,,,,,,,,,13,,,,,B03,,,1,,2,,,7,7,1,12,4,120.550345,24.241362,3
11412,66000,387130000C,(04)23274275,(04)23288582,2025,12,26,14,54,臺中市,大雅區,0,0,0,7,,,50,,,,,,,,,,,,,,,,,,,B03,,,1,,1,,,84,84,1,12,4,120.649646,24.223338,3
11413,66000,387130000C,(04)23274275,(04)23288582,2025,12,26,14,56,臺中市,烏日區,0,0,0,7,,,30,,,,,,,,,,,,,,13,,,,,C03,,,1,,1,,,7,7,1,6,4,120.604104,24.115329,3
11414,66000,387130000C,(04)23274275,(04)23288582,2025,12,26,14,57,臺中市,西屯區,0,0,0,7,,,50,,,,,,,,,,,,,,17,,,,,A12,,,1,,1,,,75,75,1,12,4,120.60386,24.186013,3
11415,66000,387130000C,(04)23274275,(04)23288582,2025,12,26,14,59,臺中市,西屯區,0,0,0,7,,3,80,,,,,,,,,,,,,,12,,,,,A41,,,1,,2,,,8,8,1,13,4,120.629034,24.163273,3
11416,66000,387130000C,(04)23274275,(04)23288582,2025,12,26,15,1,臺中市,北區,0,0,0,7,,,50,,,,,,,,,,,,,,13,,,,,C03,,,1,,1,,,7,7,1,13,4,120.671848,24.172507,3
11417,66000,387130000C,(04)23274275,(04)23288582,2025,12,26,15,2,臺中市,西區,0,0,0,7,,,50,,,,,,,,,,,,,,13,,,,,C03,,,1,,2,,,7,7,1,13,4,120.673551,24.143273,3
11418,66000,387130000C,(04)23274275,(04)23288582,2025,12,26,15,10,臺中市,北區,0,0,0,7,,,40,,,,,,,,,,,,,,,,,,,C03,,,1,,1,,,7,7,1,12,4,120.672499,24.169499,3
11419,66000,387130000C,(04)23274275,(04)23288582,2025,12,26,15,12,臺中市,北區,0,0,0,7,,,30,,,,,,,,,,,,,,30,,,,,B11,,,1,,2,,,84,84,1,13,4,120.674466,24.155157,3
11420,66000,387130000C,(04)23274275,(04)23288582,2025,12,26,15,12,臺中市,東區,0,2,0,7,1,6,30,4,1,1,5,4,6,6,4,4,10,5,5,2,15,2,9,5,4,C03,7,9,1,10,2,12,,15,15,1,13,4,120.691035,24.148673,2
11421,66000,387130000C,(04)23274275,(04)23288582,2025,12,26,15,20,臺中市,西屯區,0,1,0,7,2,6,30,13,9,1,5,4,6,6,4,4,10,5,5,2,16,3,10,3,1,B03,7,1,1,8,2,5,,51,51,1,12,4,120.638064,24.171066,2
11422,66000,387130000C,(04)23274275,(04)23288582,2025,12,26,15,23,臺中市,北屯區,0,1,0,7,3,6,50,4,1,1,5,4,6,6,1,1,10,5,5,2,17,3,10,3,1,B01,7,7,1,4,2,2,,84,84,1,6,4,120.665138,24.183921,2
11423,66000,387130000C,(04)23274275,(04)23288582,2025,12,26,15,26,臺中市,北屯區,0,0,0,7,,,50,,,,,,,,,,,,,,12,,,,,C03,,,1,,2,,,8,8,1,6,4,120.679182,24.181274,3
11424,66000,387130000C,(04)23274275,(04)23288582,2025,12,26,15,33,臺中市,西屯區,0,0,0,7,,,30,,,,,,,,,,,,,,17,,,,,B03,,,1,,2,,,8,8,1,12,4,120.649895,24.167692,3
11425,66000,387130000C,(04)23274275,(04)23288582,2025,12,26,15,34,臺中市,大里區,0,1,0,7,2,6,50,3,1,1,5,4,6,6,4,4,10,5,5,2,16,3,10,3,1,B03,7,6,1,8,2,5,,14,14,1,12,4,120.714591,24.096746,2
11426,66000,387130000C,(04)23274275,(04)23288582,2025,12,26,15,35,臺中市,南區,0,0,0,7,,,50,,,,,,,,,,,,,,13,,,,,B03,,,1,,1,,,84,84,1,6,4,120.67136,24.11915,3
11427,66000,387130000C,(04)23274275,(04)23288582,2025,12,26,15,36,臺中市,北屯區,0,0,0,7,,,30,,,,,,,,,,,,,,14,,,,,B03,,,1,,2,,,49,49,1,12,4,120.662934,24.192085,3
11428,66000,387130000C,(04)23274275,(04)23288582,2025,12,26,15,41,臺中市,西區,0,0,0,7,,,50,,,,,,,,,,,,,,,,,,,C03,,,1,,1,,,50,50,1,12,4,120.653562,24.149806,3
11429,66000,387130000C,(04)23274275,(04)23288582,2025,12,26,15,41,臺中市,西區,0,1,0,7,2,6,50,4,2,1,5,4,6,6,2,1,5,5,4,2,16,3,10,3,1,B01,7,11,1,4,2,8,,45,45,1,13,4,120.670257,24.146327,2
11430,66000,387130000C,(04)23274275,(04)23288582,2025,12,26,15,41,臺中市,北屯區,0,0,0,7,,,50,,,,,,,,,,,,,,12,,,,,C03,,,1,,1,,,84,84,1,13,4,120.697853,24.170243,3
11431,66000,387130000C,(04)23274275,(04)23288582,2025,12,26,15,43,臺中市,北屯區,0,0,0,7,,,50,,,,,,,,,,,,,,13,,,,,C03,,,1,10,1,,,7,7,1,6,4,120.690774,24.171352,4
11432,66000,387130000C,(04)23274275,(04)23288582,2025,12,26,15,44,臺中市,外埔區,0,0,0,7,,,30,,,,,,,,,,,,,,17,,,,,,,,,,,,,119,119,1,,,120.665146,24.332832,3
11433,66000,387130000C,(04)23274275,(04)23288582,2025,12,26,15,50,臺中市,沙鹿區,0,1,0,7,3,6,50,5,9,1,5,4,6,6,4,4,4,4,5,2,15,2,9,2,1,C03,7,9,1,10,2,11,,12,12,1,12,4,120.570164,24.230088,2
11434,66000,387130000C,(04)23274275,(04)23288582,2025,12,26,15,52,臺中市,烏日區,0,1,0,7,3,6,50,3,2,1,5,4,6,6,1,1,1,4,1,1,18,2,9,2,1,C02,7,5,1,9,1,16,,59,59,1,6,4,120.613345,24.102887,2
11435,66000,387130000C,(04)23274275,(04)23288582,2025,12,26,15,57,臺中市,北區,0,0,0,7,,,50,,,,,,,,,,,,,,,,,,,C03,,,3,,11,,,8,8,2,12,4,120.678176,24.148542,3
11436,66000,387130000C,(04)23274275,(04)23288582,2025,12,26,15,58,臺中市,南區,0,2,0,7,3,6,50,4,1,1,5,4,6,6,4,4,5,5,5,2,13,3,10,3,1,B03,7,9,1,8,2,1,,59,59,1,13,4,120.653367,24.123763,2
11437,66000,387130000C,(04)23274275,(04)23288582,2025,12,26,16,0,臺中市,梧棲區,0,0,0,7,,,50,,,,,,,,,,,,,,13,,,,,A21,,,1,,1,,,7,7,1,6,4,120.526344,24.222437,3
11438,66000,387130000C,(04)23274275,(04)23288582,2025,12,26,16,1,臺中市,大里區,0,2,0,7,3,6,50,3,1,1,5,4,6,6,4,4,3,4,5,1,16,2,9,5,4,C03,7,5,1,10,2,12,,14,14,1,13,4,120.683057,24.098941,2
11439,66000,387130000C,(04)23274275,(04)23288582,2025,12,26,16,2,臺中市,西區,0,0,0,7,,,50,,,,,,,,,,,,,,14,,,,,B03,,,1,,1,,,49,49,1,13,4,120.656736,24.155094,3
11440,66000,387130000C,(04)23274275,(04)23288582,2025,12,26,16,6,臺中市,豐原區,0,2,0,7,2,6,50,13,7,1,5,4,6,6,4,4,5,5,4,2,12,2,9,1,1,C03,7,11,1,10,2,12,,45,45,1,12,4,120.733651,24.255013,2
11441,66000,387130000C,(04)23274275,(04)23288582,2025,12,26,16,7,臺中市,北屯區,0,1,0,7,3,6,50,4,1,1,5,4,6,6,1,1,10,5,5,2,17,2,9,1,1,C03,7,1,1,8,2,11,,51,51,1,12,4,120.669957,24.176551,2
11442,66000,387130000C,(04)23274275,(04)23288582,2025,12,26,16,7,臺中市,大里區,0,0,0,6,,,50,,,,,,,,,,,,,,17,,,,,B03,,,1,,1,,,8,8,1,12,4,120.68692,24.114304,3
11443,66000,387130000C,(04)23274275,(04)23288582,2025,12,26,16,13,臺中市,梧棲區,0,0,0,7,,,50,,,,,,,,,,,,,,13,,,,,B03,,,1,,1,,,7,7,1,6,4,120.550416,24.241378,3
11444,66000,387130000C,(04)23274275,(04)23288582,2025,12,26,16,14,臺中市,北屯區,0,0,0,7,,,50,,,,,,,,,,,,,,,,,,,C03,,,1,,2,,,84,84,1,13,4,120.690892,24.182167,4
11445,66000,387130000C,(04)23274275,(04)23288582,2025,12,26,16,14,臺中市,大肚區,0,2,0,7,2,6,50,13,9,1,5,4,6,6,4,4,9,5,5,1,3,2,7,6,5,H01,8,16,7,21,10,17,,95,95,1,6,5,120.579132,24.169509,2
11446,66000,387130000C,(04)23274275,(04)23288582,2025,12,26,16,15,臺中市,西屯區,0,0,0,7,,,30,,,,,,,,,,,,,,17,,,,,C03,,,1,,1,,,85,85,1,13,4,120.587375,24.1759,3
11447,66000,387130000C,(04)23274275,(04)23288582,2025,12,26,16,16,臺中市,北屯區,0,0,0,7,,,50,,,,,,,,,,,,,,16,,,,,C03,,,1,,2,,,11,11,1,12,4,120.665427,24.184285,4
11448,66000,387130000C,(04)23274275,(04)23288582,2025,12,26,16,17,臺中市,沙鹿區,0,1,0,7,2,6,30,3,1,1,5,4,6,6,4,4,10,5,5,2,17,3,10,1,1,C03,7,5,1,10,2,16,,85,85,1,12,4,120.613902,24.244288,2
11449,66000,387130000C,(04)23274275,(04)23288582,2025,12,26,16,22,臺中市,西區,0,0,0,7,,,50,,,,,,,,,,,,,,17,,,,,B03,,,1,,1,,,7,7,1,12,4,120.655113,24.136562,3
11450,66000,387130000C,(04)23274275,(04)23288582,2025,12,26,16,24,臺中市,北屯區,0,1,0,7,2,6,50,4,1,1,5,4,6,6,2,1,10,5,5,2,16,3,10,1,1,C03,7,6,3,19,2,11,,11,11,1,12,4,120.668654,24.178266,2
11451,66000,387130000C,(04)23274275,(04)23288582,2025,12,26,16,29,臺中市,西區,0,1,0,7,2,6,50,4,1,1,5,4,6,6,1,1,10,5,5,2,16,3,10,5,4,C03,7,6,1,10,2,12,,11,11,1,12,4,120.667519,24.141776,2
11452,66000,387130000C,(04)23274275,(04)23288582,2025,12,26,16,31,臺中市,清水區,0,0,0,7,2,6,50,4,1,1,5,4,6,6,1,1,8,3,4,2,12,,,,,B03,,,1,,9,,,8,8,1,12,4,120.575838,24.27017,3
11453,66000,387130000C,(04)23274275,(04)23288582,2025,12,26,16,32,臺中市,西區,0,0,0,7,,,50,,,,,,,,,,,,,,17,,,,,C03,,,1,,1,,,59,59,1,13,4,120.682202,24.135736,3
11454,66000,387130000C,(04)23274275,(04)23288582,2025,12,26,16,33,臺中市,石岡區,0,0,0,7,,,50,,,,,,,,,,,,,,13,,,,,B03,,,1,,1,,,7,7,1,13,4,120.779631,24.275408,3
11455,66000,387130000C,(04)23274275,(04)23288582,2025,12,26,16,35,臺中市,梧棲區,0,0,0,7,,,50,,,,,,,,,,,,,,17,,,,,B03,,,1,,1,,,50,50,1,6,4,120.531538,24.227827,3
11456,66000,387130000C,(04)23274275,(04)23288582,2025,12,26,16,42,臺中市,沙鹿區,0,0,0,7,,,50,,,,,,,,,,,,,,,,,,,C03,,,1,,2,,,59,59,1,13,2,120.575587,24.226371,3
11457,66000,387130000C,(04)23274275,(04)23288582,2025,12,26,16,44,臺中市,南屯區,0,0,0,7,,,40,,,,,,,,,,,,,,17,,,,,B03,,,1,,2,,,59,59,1,13,4,120.635564,24.149109,3
11458,66000,387130000C,(04)23274275,(04)23288582,2025,12,26,16,46,臺中市,太平區,0,0,0,7,,,30,,,,,,,,,,,,,,12,,,,,B12,,,1,,2,,,42,42,1,6,4,120.726472,24.131218,3
11459,66000,387130000C,(04)23274275,(04)23288582,2025,12,26,16,47,臺中市,西區,0,0,0,7,,,50,,,,,,,,,,,,,,,,,,,B12,,,1,,2,,,49,49,1,12,4,120.662982,24.148509,3
11460,66000,387130000C,(04)23274275,(04)23288582,2025,12,26,16,48,臺中市,潭子區,0,2,0,7,3,6,50,3,1,1,5,4,6,6,1,1,5,4,4,2,17,2,9,2,1,C03,7,1,1,10,2,14,,51,51,1,13,4,120.708649,24.231206,2
11461,66000,387130000C,(04)23274275,(04)23288582,2025,12,26,16,48,臺中市,豐原區,0,1,0,7,2,6,50,13,8,1,5,4,6,6,4,4,1,4,4,1,17,3,10,3,1,B03,7,3,5,19,2,6,,50,50,1,13,4,120.75055,24.269223,2
11462,66000,387130000C,(04)23274275,(04)23288582,2025,12,26,16,52,臺中市,烏日區,0,2,0,7,2,6,30,4,1,1,5,4,6,6,4,4,10,5,5,2,15,2,9,2,1,C03,7,9,1,10,2,11,,20,20,1,6,4,120.634983,24.110408,2
11463,66000,387130000C,(04)23274275,(04)23288582,2025,12,26,16,52,臺中市,豐原區,0,1,0,6,2,6,50,3,9,1,5,4,6,6,4,4,5,4,5,1,17,2,9,1,1,C03,7,11,3,19,2,12,,4,4,1,12,4,120.722473,24.237139,2
11464,66000,387130000C,(04)23274275,(04)23288582,2025,12,26,17,0,臺中市,北區,0,0,0,7,,,50,,,,,,,,,,,,,,17,,,,,B03,,,1,,1,,,84,84,1,13,4,120.66938,24.171647,3
11465,66000,387130000C,(04)23274275,(04)23288582,2025,12,26,17,0,臺中市,烏日區,0,0,0,7,,,50,,,,,,,,,,,,,,2,,,,,B03,,,1,,2,,,85,85,1,6,4,120.63399,24.106398,3
11466,66000,387130000C,(04)23274275,(04)23288582,2025,12,26,17,2,臺中市,北屯區,0,0,0,7,,,50,,,,,,,,,,,,,,12,,,,,C03,,,1,,2,,,40,40,1,6,4,120.669957,24.176551,3
11467,66000,387130000C,(04)23274275,(04)23288582,2025,12,26,17,2,臺中市,西屯區,0,1,0,7,2,6,50,4,1,1,5,4,6,6,2,1,10,5,5,2,16,3,10,5,4,B03,7,5,1,8,2,5,,11,11,1,12,4,120.610021,24.185908,2
11468,66000,387130000C,(04)23274275,(04)23288582,2025,12,26,17,4,臺中市,西區,0,2,0,7,1,6,50,4,1,1,5,4,6,6,4,4,10,4,5,2,17,2,9,2,1,C03,7,9,1,10,2,12,,15,15,1,12,4,120.658043,24.155919,2
11469,66000,387130000C,(04)23274275,(04)23288582,2025,12,26,17,4,臺中市,西區,0,0,0,7,,,50,,,,,,,,,,,,,,13,,,,,B03,,,1,,2,,,7,7,1,13,4,120.653942,24.146718,3
11470,66000,387130000C,(04)23274275,(04)23288582,2025,12,26,17,5,臺中市,南屯區,0,0,0,7,,,60,,,,,,,,,,,,,,12,,,,,B03,,,1,,1,,,40,40,1,12,4,120.635735,24.143409,3
11471,66000,387130000C,(04)23274275,(04)23288582,2025,12,26,17,7,臺中市,西屯區,0,1,0,7,2,6,50,3,1,1,5,4,6,6,4,4,10,5,5,2,13,3,10,5,4,C03,7,9,1,10,2,11,,7,7,1,13,4,120.652411,24.156817,2
11472,66000,387130000C,(04)23274275,(04)23288582,2025,12,26,17,8,臺中市,清水區,0,0,0,7,,,30,,,,,,,,,,,,,,,,,,,B03,,,1,,2,,,59,59,1,12,4,120.53961,24.271719,3
11473,66000,387130000C,(04)23274275,(04)23288582,2025,12,26,17,9,臺中市,豐原區,0,1,0,7,1,6,50,4,1,1,5,4,6,6,1,1,10,5,5,2,17,3,10,3,1,B03,7,6,1,8,2,1,,11,11,1,13,4,120.70984,24.244601,2
11474,66000,387130000C,(04)23274275,(04)23288582,2025,12,26,17,10,臺中市,東勢區,0,1,0,7,3,6,50,8,9,1,5,4,6,6,4,4,9,5,5,1,13,2,9,5,4,C03,7,9,3,19,2,11,,7,7,1,12,4,120.83127,24.251507,2
11475,66000,387130000C,(04)23274275,(04)23288582,2025,12,26,17,11,臺中市,西區,0,2,0,7,2,6,50,13,9,1,5,4,6,6,4,4,5,4,5,2,13,2,9,5,4,C04,7,9,1,10,2,11,,7,7,1,13,4,120.661489,24.150601,2
11476,66000,387130000C,(04)23274275,(04)23288582,2025,12,26,17,11,臺中市,太平區,0,0,0,7,2,6,30,,,,,,,,,,,,,,,,,,,B03,,,1,,2,8,,41,41,1,12,4,120.739086,24.137641,3
11477,66000,387130000C,(04)23274275,(04)23288582,2025,12,26,17,12,臺中市,西屯區,0,0,0,7,,,50,,,,,,,,,,,,,,9,,,,,B03,,,1,,1,,,59,59,1,13,4,120.606479,24.192445,3
11478,66000,387130000C,(04)23274275,(04)23288582,2025,12,26,17,17,臺中市,西區,0,0,0,7,,,50,,,,,,,,,,,,,,14,,,,,B13,,,1,,1,,,49,49,1,13,4,120.668961,24.145144,3
11479,66000,387130000C,(04)23274275,(04)23288582,2025,12,26,17,17,臺中市,北區,0,1,0,7,2,6,50,13,7,1,5,4,6,6,4,4,5,5,4,2,13,2,9,1,1,C03,7,9,1,10,2,14,,7,7,1,12,4,120.669404,24.170033,2
11480,66000,387130000C,(04)23274275,(04)23288582,2025,12,26,17,18,臺中市,北屯區,0,1,0,6,3,6,50,13,9,1,5,4,6,6,4,4,4,4,5,2,13,2,9,2,1,C03,7,9,1,10,2,11,,7,7,1,5,4,120.710708,24.183505,2
11481,66000,387130000C,(04)23274275,(04)23288582,2025,12,26,17,19,臺中市,北屯區,0,0,0,7,,,50,,,,,,,,,,,,,,12,,,,,B03,,,1,,2,,,59,59,1,12,4,120.676129,24.199328,3
11482,66000,387130000C,(04)23274275,(04)23288582,2025,12,26,17,21,臺中市,北區,0,1,0,7,1,6,50,5,2,1,5,4,6,6,1,1,1,4,5,2,16,3,10,3,1,B03,7,5,1,8,2,2,,11,11,1,13,4,120.691035,24.158746,2
11483,66000,387130000C,(04)23274275,(04)23288582,2025,12,26,17,22,臺中市,南區,0,0,0,7,,,50,,,,,,,,,,,,,,16,,,,,B03,,,1,,2,,,20,20,1,12,4,120.67072,24.114835,3
11484,66000,387130000C,(04)23274275,(04)23288582,2025,12,26,17,22,臺中市,西屯區,0,1,0,7,1,6,50,13,9,1,5,4,6,6,1,3,10,5,5,2,17,3,10,3,1,B01,7,11,1,4,2,2,,45,45,1,12,4,120.60339,24.185623,2
11485,66000,387130000C,(04)23274275,(04)23288582,2025,12,26,17,22,臺中市,西屯區,0,0,0,7,,,50,,,,,,,,,,,,,,13,,,,,B03,,,1,,1,,,7,7,1,12,4,120.629198,24.162831,3
11486,66000,387130000C,(04)23274275,(04)23288582,2025,12,26,17,22,臺中市,霧峰區,0,0,0,7,,,50,,,,,,,,,,,,,,,,,,,C02,,,1,,1,,,84,84,1,5,4,120.69868,24.064427,3