序號,縣市別代碼,機關代碼,市話,傳真,年,月,日,時,分,縣市,區,死亡數量,受傷數量,2-30,天候,道路照明設備,道路類別,道路速限,道路型態,事故位置,路面鋪裝,路面狀態,路面缺陷,障礙物,視距,號誌種類,號誌動作,分向設施,快車道或一般車道間,快慢車道間,路面邊線,事故類型及型態,受傷程度,主要傷處,保護裝備,行動電話或功能裝置,當事者區分(類別),車輛用途,當事者行動狀態,駕照狀態,駕照種類,飲酒情形,車輛撞擊部位最初,車輛撞擊部位其他,肇事因素個別,肇事因素主要,肇事逃逸,職業,共享經濟或外送平台,GPS座標X,GPS座標Y,事故類別
11487,66000,387130000C,(04)23274275,(04)23288582,2025,12,26,17,22,臺中市,烏日區,0,0,0,7,,,50,,,,,,,,,,,,,,13,,,,,B03,,,1,,1,,,84,84,1,6,4,120.647972,24.091972,3
11488,66000,387130000C,(04)23274275,(04)23288582,2025,12,26,17,23,臺中市,南區,0,0,0,7,,,50,,,,,,,,,,,,,,,,,,,B03,,,1,,1,,,40,40,1,13,4,120.655317,24.134971,3
11489,66000,387130000C,(04)23274275,(04)23288582,2025,12,26,17,24,臺中市,西區,0,0,0,7,,,50,,,,,,,,,,,,,,16,,,,,B03,,,1,,1,,,14,14,1,13,4,120.663099,24.132667,3
11490,66000,387130000C,(04)23274275,(04)23288582,2025,12,26,17,27,臺中市,北屯區,0,0,0,7,,,50,,,,,,,,,,,,,,17,,,,,,,,,,,,,85,85,1,,,120.697919,24.186524,3
11491,66000,387130000C,(04)23274275,(04)23288582,2025,12,26,17,27,臺中市,西屯區,0,1,0,7,2,6,50,3,1,1,5,4,6,6,4,4,10,5,5,2,16,2,7,1,4,C03,7,6,1,10,1,14,,48,48,1,12,4,120.635518,24.16961,2
11492,66000,387130000C,(04)23274275,(04)23288582,2025,12,26,17,30,臺中市,西屯區,0,1,0,7,1,6,50,13,9,1,5,4,6,6,4,4,9,5,5,2,18,2,9,2,1,C03,7,9,1,10,2,16,,59,59,1,12,4,120.665276,24.173907,2
11493,66000,387130000C,(04)23274275,(04)23288582,2025,12,26,17,31,臺中市,西區,0,3,0,7,1,6,50,13,9,1,5,4,6,6,4,4,5,4,5,2,17,2,9,2,1,C03,7,9,1,10,2,11,,84,84,1,12,4,120.674161,24.134731,2
11494,66000,387130000C,(04)23274275,(04)23288582,2025,12,26,17,34,臺中市,北屯區,0,0,0,7,,3,80,,,,,,,,,,,,,,16,,,,,B03,,,1,,1,,,40,40,1,13,4,120.721312,24.166686,3
11495,66000,387130000C,(04)23274275,(04)23288582,2025,12,26,17,35,臺中市,北區,0,0,0,7,,,50,,,,,,,,,,,,,,,,,,,B03,,,1,,1,,,7,7,1,12,4,120.676438,24.158044,3
11496,66000,387130000C,(04)23274275,(04)23288582,2025,12,26,17,35,臺中市,北屯區,0,1,0,7,1,6,50,4,1,1,5,4,6,6,2,1,10,5,5,2,16,3,10,3,1,B03,7,6,1,8,2,5,,11,11,1,12,4,120.700932,24.170089,2
11497,66000,387130000C,(04)23274275,(04)23288582,2025,12,26,17,36,臺中市,大里區,0,0,0,7,,,50,,,,,,,,,,,,,,17,,,,,C03,,,1,,1,,,7,7,1,6,4,120.689786,24.112806,3
11498,66000,387130000C,(04)23274275,(04)23288582,2025,12,26,17,36,臺中市,豐原區,0,0,0,6,1,6,50,13,14,1,5,4,6,6,4,4,1,4,4,1,14,3,10,3,1,B03,7,2,1,8,2,6,,49,49,1,12,4,120.71109,24.238611,3
11499,66000,387130000C,(04)23274275,(04)23288582,2025,12,26,17,37,臺中市,北區,0,0,0,7,,,50,,,,,,,,,,,,,,17,,,,,B03,,,1,,1,,,51,51,1,13,4,120.691805,24.159411,3
11500,66000,387130000C,(04)23274275,(04)23288582,2025,12,26,17,37,臺中市,西屯區,0,1,0,7,1,6,60,5,1,1,5,4,6,6,2,1,10,5,5,2,13,3,10,5,4,B03,7,9,1,8,2,1,,7,7,1,13,4,120.64343,24.166102,2
11501,66000,387130000C,(04)23274275,(04)23288582,2025,12,26,17,37,臺中市,豐原區,0,2,0,7,1,6,50,13,9,1,5,4,6,6,4,4,1,4,5,2,17,2,9,1,1,C03,7,9,1,10,2,14,,84,84,1,12,4,120.719361,24.258076,2
11502,66000,387130000C,(04)23274275,(04)23288582,2025,12,26,17,38,臺中市,南屯區,0,0,0,7,,,50,,,,,,,,,,,,,,17,,,,,B02,,,1,,1,,,50,50,1,12,4,120.635546,24.149815,4
11503,66000,387130000C,(04)23274275,(04)23288582,2025,12,26,17,38,臺中市,沙鹿區,0,1,0,7,1,6,50,4,1,1,5,4,6,6,2,1,1,5,5,2,3,3,10,3,1,B03,7,6,1,8,2,8,,10,10,1,12,4,120.575126,24.209903,2
11504,66000,387130000C,(04)23274275,(04)23288582,2025,12,26,17,39,臺中市,西屯區,0,0,0,7,,,50,,,,,,,,,,,,,,,,,,,C03,,,1,,1,,,7,7,1,12,4,120.657663,24.15799,3
11505,66000,387130000C,(04)23274275,(04)23288582,2025,12,26,17,39,臺中市,西屯區,0,1,0,7,1,6,50,3,9,1,5,4,6,6,4,4,10,5,5,1,17,3,10,5,4,B03,7,1,1,8,2,8,,51,51,1,13,4,120.655547,24.160216,2
11506,66000,387130000C,(04)23274275,(04)23288582,2025,12,26,17,40,臺中市,大雅區,0,0,0,7,,,30,,,,,,,,,,,,,,,,,,,B03,,,1,,2,,,8,8,1,12,4,120.622565,24.2227,3
11507,66000,387130000C,(04)23274275,(04)23288582,2025,12,26,17,40,臺中市,北區,0,2,0,7,2,6,50,4,1,1,5,4,6,6,2,1,2,4,5,2,17,3,10,3,1,B03,7,11,1,8,2,6,,45,45,1,12,4,120.691672,24.160106,2
11508,66000,387130000C,(04)23274275,(04)23288582,2025,12,26,17,41,臺中市,西區,0,1,0,7,1,6,50,13,9,1,5,4,6,6,4,4,5,4,5,2,12,2,9,5,4,C04,7,8,1,8,2,13,,65,65,1,13,4,120.67244,24.136072,2
11509,66000,387130000C,(04)23274275,(04)23288582,2025,12,26,17,42,臺中市,南屯區,0,2,0,7,1,6,50,3,1,1,5,4,6,6,4,4,1,4,5,2,16,2,9,2,1,C03,7,5,1,10,2,12,,84,84,1,13,4,120.646891,24.15402,2
11510,66000,387130000C,(04)23274275,(04)23288582,2025,12,26,17,42,臺中市,西屯區,0,0,0,7,,,60,,,,,,,,,,,,,,13,,,,,B12,,,1,,1,,,59,59,1,12,4,120.638713,24.169317,3
11511,66000,387130000C,(04)23274275,(04)23288582,2025,12,26,17,44,臺中市,北屯區,0,1,0,6,1,6,50,4,1,1,5,4,6,6,2,1,10,5,5,2,13,3,10,3,1,B03,7,9,1,8,1,1,,7,7,1,6,4,120.677078,24.185883,2
11512,66000,387130000C,(04)23274275,(04)23288582,2025,12,26,17,45,臺中市,北屯區,0,0,0,7,,,50,,,,,,,,,,,,,,16,,,,,B03,,,1,,1,,,48,48,1,13,4,120.665776,24.182737,3
11513,66000,387130000C,(04)23274275,(04)23288582,2025,12,26,17,45,臺中市,后里區,0,0,0,7,,,50,,,,,,,,,,,,,,12,,,,,B03,,,1,,2,,,50,50,1,12,4,120.72557,24.309213,3
11514,66000,387130000C,(04)23274275,(04)23288582,2025,12,26,17,47,臺中市,沙鹿區,0,0,0,7,,,60,,,,,,,,,,,,,,13,,,,,B03,,,1,,2,,,7,7,1,6,4,120.560836,24.241137,3
11515,66000,387130000C,(04)23274275,(04)23288582,2025,12,26,17,48,臺中市,北區,0,0,0,7,,,50,,,,,,,,,,,,,,21,,,,,B11,,,1,,2,,,58,58,1,13,4,120.691676,24.156899,3
11516,66000,387130000C,(04)23274275,(04)23288582,2025,12,26,17,48,臺中市,北屯區,0,0,0,7,,,40,,,,,,,,,,,,,,17,,,,,C03,,,1,,9,,,84,84,2,12,4,120.681664,24.19303,3
11517,66000,387130000C,(04)23274275,(04)23288582,2025,12,26,17,48,臺中市,太平區,0,0,0,7,,,40,,,,,,,,,,,,,,13,,,,,C03,,,1,,2,,,7,7,1,5,4,120.70579,24.148486,3
11518,66000,387130000C,(04)23274275,(04)23288582,2025,12,26,17,49,臺中市,南區,0,2,0,7,1,9,50,4,1,1,5,4,6,6,1,1,10,5,5,2,17,2,9,2,1,C03,7,15,1,10,2,12,,84,84,1,6,4,120.656323,24.134394,2
11519,66000,387130000C,(04)23274275,(04)23288582,2025,12,26,17,51,臺中市,中區,0,1,0,7,1,6,50,4,1,1,5,4,6,6,2,1,10,5,5,2,16,3,10,2,1,C03,7,5,1,10,2,11,,11,11,1,13,4,120.679533,24.142583,2
11520,66000,387130000C,(04)23274275,(04)23288582,2025,12,26,17,51,臺中市,南屯區,0,1,0,7,1,6,50,4,1,1,5,4,6,6,2,1,5,4,5,2,17,3,10,3,1,B03,7,11,1,8,2,2,,45,45,1,12,4,120.65295,24.152332,2
11521,66000,387130000C,(04)23274275,(04)23288582,2025,12,26,17,54,臺中市,南區,0,0,0,7,,,50,,,,,,,,,,,,,,,,,,,B03,,,1,,1,,,49,49,1,13,4,120.657348,24.13381,3
11522,66000,387130000C,(04)23274275,(04)23288582,2025,12,26,17,54,臺中市,西屯區,0,0,0,7,,,50,,,,,,,,,,,,,,14,,,,,B03,,,1,,2,,,50,50,1,12,4,120.664054,24.166834,3
11523,66000,387130000C,(04)23274275,(04)23288582,2025,12,26,17,56,臺中市,烏日區,0,2,0,7,2,6,50,4,1,1,5,4,6,6,1,1,10,5,5,2,16,2,9,2,1,C03,7,6,1,10,2,11,,26,26,1,6,4,120.607447,24.11182,2
11524,66000,387130000C,(04)23274275,(04)23288582,2025,12,26,18,0,臺中市,大雅區,0,2,0,7,1,6,30,4,1,1,5,4,6,6,4,4,10,4,5,1,17,2,9,1,1,C03,7,9,3,19,2,11,,12,12,1,12,4,120.651156,24.245179,2
11525,66000,387130000C,(04)23274275,(04)23288582,2025,12,26,18,0,臺中市,北屯區,0,1,0,7,3,6,50,4,1,1,5,4,6,6,1,1,10,5,5,2,17,3,10,3,1,B03,7,5,1,8,2,2,,20,20,1,12,4,120.68624,24.188258,2
11526,66000,387130000C,(04)23274275,(04)23288582,2025,12,26,18,0,臺中市,西屯區,0,2,0,7,1,6,50,3,19,1,5,4,6,6,4,4,10,5,5,2,1,2,9,2,1,C03,7,9,1,10,2,11,,10,10,1,12,4,120.641298,24.176939,2
11527,66000,387130000C,(04)23274275,(04)23288582,2025,12,26,18,0,臺中市,霧峰區,0,0,0,7,,,50,,,,,,,,,,,,,,13,,,,,C03,,,1,,1,,,7,7,1,12,4,120.679956,24.070184,3
11528,66000,387130000C,(04)23274275,(04)23288582,2025,12,26,18,0,臺中市,沙鹿區,0,0,0,7,1,6,50,13,9,1,5,4,6,6,4,4,4,5,5,1,14,,,,,B03,,,1,,2,,,49,49,1,12,4,120.583248,24.224628,3
11529,66000,387130000C,(04)23274275,(04)23288582,2025,12,26,18,1,臺中市,北屯區,0,1,0,7,1,6,50,3,2,1,5,4,6,6,2,1,5,4,5,2,18,2,9,2,1,C03,7,9,1,10,2,16,,84,84,1,12,4,120.697531,24.164954,2
11530,66000,387130000C,(04)23274275,(04)23288582,2025,12,26,18,5,臺中市,北屯區,0,0,0,7,,,50,,,,,,,,,,,,,,16,,,,,B03,,,1,,2,,,40,40,1,13,4,120.721493,24.183263,3
11531,66000,387130000C,(04)23274275,(04)23288582,2025,12,26,18,5,臺中市,西屯區,0,0,0,7,,,30,,,,,,,,,,,,,,16,,,,,B03,,,1,,1,,,14,14,1,13,4,120.619776,24.196472,3
11532,66000,387130000C,(04)23274275,(04)23288582,2025,12,26,18,7,臺中市,沙鹿區,0,1,0,7,3,6,50,3,1,1,5,4,6,6,3,3,10,5,5,2,17,3,10,1,1,C03,7,6,3,19,1,12,,14,14,2,12,4,120.566019,24.234448,2
11533,66000,387130000C,(04)23274275,(04)23288582,2025,12,26,18,8,臺中市,西區,0,2,0,7,1,6,50,4,1,1,5,4,6,6,2,1,1,4,5,2,17,3,10,3,1,B03,7,6,1,8,2,2,,11,11,1,12,4,120.660928,24.159216,2
11534,66000,387130000C,(04)23274275,(04)23288582,2025,12,26,18,8,臺中市,南區,0,0,0,7,,,50,,,,,,,,,,,,,,,,,,,B03,,,1,,2,,,59,59,1,13,4,120.673498,24.130583,3
11535,66000,387130000C,(04)23274275,(04)23288582,2025,12,26,18,8,臺中市,梧棲區,0,1,0,7,1,6,70,4,1,1,5,4,6,6,1,1,10,5,5,2,16,3,10,3,1,B03,7,5,1,8,2,2,,11,11,1,6,4,120.55406,24.248302,2
11536,66000,387130000C,(04)23274275,(04)23288582,2025,12,26,18,10,臺中市,西屯區,0,1,0,7,1,6,40,13,9,1,5,4,6,6,4,4,1,5,3,2,13,2,9,2,1,C03,7,9,1,10,2,11,,7,7,1,12,4,120.606824,24.183584,2
11537,66000,387130000C,(04)23274275,(04)23288582,2025,12,26,18,10,臺中市,外埔區,0,0,0,7,1,6,50,3,7,1,5,4,6,6,1,1,5,2,4,2,12,,,,,B03,,,1,,2,,,35,35,1,6,4,120.639208,24.341259,3
11538,66000,387130000C,(04)23274275,(04)23288582,2025,12,26,18,11,臺中市,北屯區,0,0,0,7,,,50,,,,,,,,,,,,,,12,,,,,B03,,,1,,2,,,59,59,1,12,4,120.715953,24.160177,3
11539,66000,387130000C,(04)23274275,(04)23288582,2025,12,26,18,12,臺中市,北區,0,1,0,7,1,6,50,13,9,1,5,4,6,6,4,4,5,5,4,2,17,2,9,1,1,C03,7,9,1,10,2,11,,7,7,1,12,4,120.682753,24.15907,2
11540,66000,387130000C,(04)23274275,(04)23288582,2025,12,26,18,12,臺中市,大甲區,0,0,0,6,,,60,,,,,,,,,,,,,,12,,,,,B02,,,1,,1,,,8,8,1,6,4,120.617789,24.338185,3
11541,66000,387130000C,(04)23274275,(04)23288582,2025,12,26,18,13,臺中市,豐原區,0,0,0,7,,,50,,,,,,,,,,,,,,,,,,,,,,,,,,,86,86,1,,,120.721354,24.251719,3
11542,66000,387130000C,(04)23274275,(04)23288582,2025,12,26,18,17,臺中市,北屯區,0,0,0,7,,,50,,,,,,,,,,,,,,16,,,,,B03,,,1,,1,,,23,23,1,6,4,120.684699,24.200852,3
11543,66000,387130000C,(04)23274275,(04)23288582,2025,12,26,18,18,臺中市,大里區,0,1,0,7,1,6,50,13,14,1,5,4,6,6,4,4,1,4,4,1,9,3,10,1,1,C03,7,9,1,10,11,14,,39,39,2,12,4,120.691616,24.091448,2
11544,66000,387130000C,(04)23274275,(04)23288582,2025,12,26,18,20,臺中市,潭子區,0,0,0,6,,,30,,,,,,,,,,,,,,,,,,,B03,,,1,,2,,,14,14,1,13,4,120.692466,24.216758,3
11545,66000,387130000C,(04)23274275,(04)23288582,2025,12,26,18,20,臺中市,烏日區,0,1,0,7,2,6,50,13,9,1,5,4,6,6,4,4,5,5,5,1,13,3,10,3,1,B03,7,9,1,8,2,8,,7,7,1,6,4,120.636072,24.097233,2
11546,66000,387130000C,(04)23274275,(04)23288582,2025,12,26,18,21,臺中市,北屯區,0,0,0,7,,,50,,,,,,,,,,,,,,,,,,,B03,,,1,,2,,,7,7,1,12,4,120.69707,24.17042,3
11547,66000,387130000C,(04)23274275,(04)23288582,2025,12,26,18,24,臺中市,南區,0,2,0,7,1,6,50,4,9,1,5,4,6,6,4,4,5,5,5,2,17,2,9,5,4,C03,7,9,1,10,2,11,,7,7,1,6,4,120.659404,24.12556,2
11548,66000,387130000C,(04)23274275,(04)23288582,2025,12,26,18,24,臺中市,北屯區,0,0,0,7,,,50,,,,,,,,,,,,,,13,,,,,C03,,,1,,1,,,7,7,1,6,4,120.688542,24.181924,3
11549,66000,387130000C,(04)23274275,(04)23288582,2025,12,26,18,25,臺中市,西區,0,2,0,7,1,6,30,4,1,1,5,4,6,6,4,4,10,5,5,2,15,2,9,5,4,C03,7,9,1,10,2,11,,15,15,1,13,4,120.659466,24.147307,2
11550,66000,387130000C,(04)23274275,(04)23288582,2025,12,26,18,27,臺中市,西屯區,0,1,0,7,1,6,50,13,8,1,5,4,6,6,4,4,5,5,4,2,18,2,9,2,1,C03,7,9,1,10,2,14,,6,6,1,12,4,120.587032,24.173777,2
11551,66000,387130000C,(04)23274275,(04)23288582,2025,12,26,18,28,臺中市,大雅區,0,2,0,6,1,6,30,3,1,1,5,4,6,6,4,4,5,5,5,1,17,2,9,1,1,C03,7,6,1,10,2,11,,11,11,1,13,4,120.654611,24.21904,2
11552,66000,387130000C,(04)23274275,(04)23288582,2025,12,26,18,28,臺中市,西區,0,2,0,7,1,6,50,3,2,1,5,4,6,6,4,4,5,4,5,1,16,3,10,3,1,B03,7,6,1,8,2,8,,14,14,1,13,4,120.656046,24.134995,2
11553,66000,387130000C,(04)23274275,(04)23288582,2025,12,26,18,28,臺中市,太平區,0,0,0,7,1,6,50,,,,,,,,,,,,,,,,,,,B03,,,1,,1,2,,84,84,1,12,4,120.724741,24.1423,3
11554,66000,387130000C,(04)23274275,(04)23288582,2025,12,26,18,28,臺中市,太平區,0,0,0,7,,,50,,,,,,,,,,,,,,30,,,,,C03,,,1,,2,,,82,82,1,13,4,120.732654,24.134752,3
11555,66000,387130000C,(04)23274275,(04)23288582,2025,12,26,18,29,臺中市,太平區,0,1,0,7,1,6,50,3,2,1,5,4,6,6,4,4,5,5,4,2,16,3,10,3,1,B03,7,6,1,8,2,1,,11,11,1,12,4,120.716848,24.101766,2
11556,66000,387130000C,(04)23274275,(04)23288582,2025,12,26,18,30,臺中市,潭子區,0,2,0,7,1,6,50,5,1,1,5,4,6,6,1,1,10,5,5,2,16,2,9,2,1,C03,7,9,1,10,2,12,,21,21,1,12,4,120.711186,24.206975,2
11557,66000,387130000C,(04)23274275,(04)23288582,2025,12,26,18,30,臺中市,北區,0,3,0,7,2,6,50,4,1,1,5,4,6,6,1,1,5,4,5,2,16,2,9,1,1,C04,7,6,1,8,2,11,14,11,11,1,13,4,120.667507,24.16682,2
11558,66000,387130000C,(04)23274275,(04)23288582,2025,12,26,18,30,臺中市,東區,0,0,0,7,,,50,,,,,,,,,,,,,,17,,,,,,,,,,,,,86,86,1,,,120.701736,24.140021,3
11559,66000,387130000C,(04)23274275,(04)23288582,2025,12,26,18,30,臺中市,沙鹿區,0,1,0,7,2,6,50,13,7,1,5,4,6,6,4,4,5,4,4,1,13,2,8,2,1,C03,7,9,1,10,2,11,,59,59,1,6,4,120.609423,24.245887,2
11560,66000,387130000C,(04)23274275,(04)23288582,2025,12,26,18,36,臺中市,北區,0,2,0,7,1,6,50,13,9,1,5,4,6,6,4,4,1,4,5,2,17,2,9,1,1,C03,7,9,1,10,2,11,,59,59,1,12,4,120.685107,24.160714,2
11561,66000,387130000C,(04)23274275,(04)23288582,2025,12,26,18,37,臺中市,大里區,0,0,0,6,1,6,50,18,17,1,5,4,5,6,4,4,1,4,5,2,12,,,,,B03,,,1,,2,,,2,2,1,12,4,120.700205,24.11543,3
11562,66000,387130000C,(04)23274275,(04)23288582,2025,12,26,18,38,臺中市,東區,0,0,0,7,,,50,,,,,,,,,,,,,,12,,,,,B12,,,1,,1,,,1,1,1,12,4,120.708884,24.135546,3
11563,66000,387130000C,(04)23274275,(04)23288582,2025,12,26,18,39,臺中市,太平區,0,0,0,7,,,50,,,,,,,,,,,,,,13,,,,,B03,,,1,,1,,,56,56,1,12,4,120.7133,24.146397,3
11564,66000,387130000C,(04)23274275,(04)23288582,2025,12,26,18,41,臺中市,大里區,0,1,0,7,1,6,50,4,1,1,5,4,6,6,1,1,3,4,5,1,15,3,10,5,4,A12,7,9,1,3,2,2,,21,21,1,13,4,120.664054,24.086746,2
11565,66000,387130000C,(04)23274275,(04)23288582,2025,12,26,18,42,臺中市,北區,0,2,0,7,1,6,50,18,9,1,5,4,6,6,4,4,5,5,5,2,17,3,10,3,1,B03,7,6,1,8,2,1,,39,39,1,12,4,120.692601,24.159148,2
11566,66000,387130000C,(04)23274275,(04)23288582,2025,12,26,18,42,臺中市,東區,0,0,0,7,,,50,,,,,,,,,,,,,,,,,,,C03,,,1,,1,,,7,7,1,6,4,120.700558,24.147953,3
11567,66000,387130000C,(04)23274275,(04)23288582,2025,12,26,18,42,臺中市,南區,0,1,0,7,1,6,50,3,1,1,5,4,6,6,4,4,10,5,5,2,16,3,10,3,1,B03,7,6,1,8,2,8,,14,14,1,6,4,120.652274,24.107808,2
11568,66000,387130000C,(04)23274275,(04)23288582,2025,12,26,18,51,臺中市,南屯區,0,0,0,7,,,50,,,,,,,,,,,,,,13,,,,,B03,,,1,,1,,,59,59,1,12,4,120.631417,24.150648,3
11569,66000,387130000C,(04)23274275,(04)23288582,2025,12,26,18,56,臺中市,西區,0,1,0,7,1,6,40,4,1,1,5,4,6,6,2,1,10,5,5,2,16,3,10,3,1,B03,7,6,1,8,2,1,,25,25,1,13,4,120.665758,24.139253,2
11570,66000,387130000C,(04)23274275,(04)23288582,2025,12,26,18,56,臺中市,北區,0,0,0,7,,,50,,,,,,,,,,,,,,17,,,,,B03,,,1,,1,,,84,84,1,13,4,120.689278,24.153931,3
11571,66000,387130000C,(04)23274275,(04)23288582,2025,12,26,18,57,臺中市,太平區,0,1,0,7,1,6,50,3,1,1,5,4,6,6,4,4,10,5,5,2,16,3,10,3,1,B03,7,5,1,8,2,8,,13,13,1,12,4,120.713145,24.159851,2
11572,66000,387130000C,(04)23274275,(04)23288582,2025,12,26,18,58,臺中市,北屯區,0,0,0,7,,,50,,,,,,,,,,,,,,13,,,,,B03,,,1,,1,,,84,84,1,6,4,120.69497,24.183832,3
11573,66000,387130000C,(04)23274275,(04)23288582,2025,12,26,19,0,臺中市,北屯區,0,0,0,7,,,50,,,,,,,,,,,,,,13,,,,,C03,,,1,,1,,,7,7,1,13,4,120.697775,24.170578,3
11574,66000,387130000C,(04)23274275,(04)23288582,2025,12,26,19,2,臺中市,北屯區,0,0,0,7,,,30,,,,,,,,,,,,,,12,,,,,B03,,,1,,1,,,59,59,1,12,4,120.701749,24.166293,3
11575,66000,387130000C,(04)23274275,(04)23288582,2025,12,26,19,2,臺中市,太平區,0,1,0,7,1,6,30,13,9,1,5,4,6,6,4,4,10,5,5,2,17,2,9,1,1,C03,7,9,1,10,2,12,,4,4,1,13,4,120.712532,24.153432,2
11576,66000,387130000C,(04)23274275,(04)23288582,2025,12,26,19,2,臺中市,太平區,0,0,0,7,1,6,50,,,,,,,,,,,,,,,,,,,C03,,,1,,2,14,,40,40,1,12,4,120.70191,24.147959,3
11577,66000,387130000C,(04)23274275,(04)23288582,2025,12,26,19,4,臺中市,西區,0,0,0,7,,,50,,,,,,,,,,,,,,,,,,,B03,,,1,,1,,,84,84,1,12,4,120.655073,24.149937,3
11578,66000,387130000C,(04)23274275,(04)23288582,2025,12,26,19,5,臺中市,北屯區,0,1,0,7,3,6,50,3,1,1,5,4,6,6,4,4,10,5,5,2,17,3,10,3,1,B03,7,5,1,8,2,5,,20,20,1,12,4,120.699012,24.16116,2
11579,66000,387130000C,(04)23274275,(04)23288582,2025,12,26,19,5,臺中市,沙鹿區,0,0,0,7,1,6,60,13,7,1,5,4,6,6,4,4,1,3,5,2,12,,,,,B03,,,1,,1,,,40,40,1,12,4,120.591242,24.250134,3
11580,66000,387130000C,(04)23274275,(04)23288582,2025,12,26,19,6,臺中市,烏日區,0,0,0,7,,,30,,,,,,,,,,,,,,14,,,,,B03,,,1,,1,,,49,49,1,6,4,120.616372,24.110954,3
11581,66000,387130000C,(04)23274275,(04)23288582,2025,12,26,19,8,臺中市,北區,0,1,0,7,1,6,50,3,1,1,5,4,6,6,3,1,5,4,4,2,17,2,9,1,1,C03,7,6,1,10,2,12,,38,38,1,12,4,120.676266,24.159207,2
11582,66000,387130000C,(04)23274275,(04)23288582,2025,12,26,19,8,臺中市,后里區,0,0,0,7,,,50,,,,,,,,,,,,,,29,,,,,B03,,,1,,2,,,59,59,1,12,4,120.717292,24.306429,3
11583,66000,387130000C,(04)23274275,(04)23288582,2025,12,26,19,9,臺中市,南屯區,0,0,0,7,,,40,,,,,,,,,,,,,,14,,,,,B03,,,1,,1,,,49,49,1,12,4,120.627036,24.116719,3
11584,66000,387130000C,(04)23274275,(04)23288582,2025,12,26,19,10,臺中市,豐原區,0,2,0,7,1,6,50,3,8,1,5,4,6,6,3,1,1,4,4,1,12,3,10,1,1,C03,7,11,1,10,2,13,,37,37,1,12,4,120.716545,24.256503,2
11585,66000,387130000C,(04)23274275,(04)23288582,2025,12,26,19,13,臺中市,南區,0,1,0,7,1,6,50,3,1,1,5,4,6,6,4,4,10,5,5,2,17,3,10,5,4,B03,7,11,1,8,2,8,,45,45,1,13,4,120.668283,24.11334,2
11586,66000,387130000C,(04)23274275,(04)23288582,2025,12,26,19,15,臺中市,南屯區,0,0,0,7,,,50,,,,,,,,,,,,,,13,,,,,C03,,,1,,1,,,84,84,1,13,4,120.640579,24.142108,3
11587,66000,387130000C,(04)23274275,(04)23288582,2025,12,26,19,16,臺中市,西屯區,0,1,0,7,1,6,50,4,1,1,5,4,6,6,2,1,10,5,5,2,17,2,9,2,4,C03,7,9,1,10,2,13,,85,85,1,12,4,120.642681,24.172331,2
11588,66000,387130000C,(04)23274275,(04)23288582,2025,12,26,19,17,臺中市,太平區,0,0,0,7,,,50,,,,,,,,,,,,,,17,,,,,,,,,,,,,86,86,1,,,120.733528,24.153676,3
11589,66000,387130000C,(04)23274275,(04)23288582,2025,12,26,19,19,臺中市,豐原區,0,0,0,7,,,50,,,,,,,,,,,,,,,,,,,B03,,,1,,1,,,7,7,1,13,4,120.759183,24.277708,3
11590,66000,387130000C,(04)23274275,(04)23288582,2025,12,26,19,20,臺中市,太平區,0,0,0,7,1,6,50,4,1,1,5,4,6,6,4,4,10,5,5,2,16,3,10,3,1,B01,7,6,1,4,2,2,,14,14,1,13,4,120.717684,24.129379,3
11591,66000,387130000C,(04)23274275,(04)23288582,2025,12,26,19,22,臺中市,霧峰區,0,2,0,7,1,6,50,13,7,1,5,4,6,6,4,4,5,5,4,1,17,2,8,1,1,C03,7,11,1,10,2,14,,84,84,1,6,4,120.697423,24.064812,2
11592,66000,387130000C,(04)23274275,(04)23288582,2025,12,26,19,23,臺中市,北區,0,0,0,7,,,50,,,,,,,,,,,,,,13,,,,,B03,,,1,,1,,,59,59,1,13,4,120.691035,24.158746,3
11593,66000,387130000C,(04)23274275,(04)23288582,2025,12,26,19,26,臺中市,太平區,0,1,0,7,1,6,50,3,7,1,5,4,6,6,4,4,9,5,4,1,17,3,10,3,1,B03,7,9,1,8,2,1,,58,58,1,12,4,120.728843,24.103491,2
11594,66000,387130000C,(04)23274275,(04)23288582,2025,12,26,19,29,臺中市,西屯區,0,1,0,7,1,6,50,13,8,1,5,4,6,6,4,4,1,4,1,2,13,2,9,5,4,C03,7,9,1,10,2,11,,59,59,1,13,4,120.625,24.156798,2
11595,66000,387130000C,(04)23274275,(04)23288582,2025,12,26,19,30,臺中市,清水區,0,0,0,7,,,50,,,,,,,,,,,,,,,,,,,B03,,,1,,2,,,59,59,1,12,4,120.549181,24.276289,4
11596,66000,387130000C,(04)23274275,(04)23288582,2025,12,26,19,31,臺中市,南屯區,0,3,0,7,1,6,50,4,1,1,5,4,6,6,4,4,7,4,5,2,17,2,9,1,1,C04,7,15,1,10,2,11,,12,12,1,12,4,120.652503,24.149821,2