序號,縣市別代碼,機關代碼,市話,傳真,年,月,日,時,分,縣市,區,死亡數量,受傷數量,2-30,天候,道路照明設備,道路類別,道路速限,道路型態,事故位置,路面鋪裝,路面狀態,路面缺陷,障礙物,視距,號誌種類,號誌動作,分向設施,快車道或一般車道間,快慢車道間,路面邊線,事故類型及型態,受傷程度,主要傷處,保護裝備,行動電話或功能裝置,當事者區分(類別),車輛用途,當事者行動狀態,駕照狀態,駕照種類,飲酒情形,車輛撞擊部位最初,車輛撞擊部位其他,肇事因素個別,肇事因素主要,肇事逃逸,職業,共享經濟或外送平台,GPS座標X,GPS座標Y,事故類別
11597,66000,387130000C,(04)23274275,(04)23288582,2025,12,26,19,34,臺中市,大甲區,0,2,0,7,1,6,60,4,1,1,5,4,6,6,1,1,10,5,5,2,16,2,5,1,1,C03,7,6,1,10,2,13,,36,36,1,12,4,120.61799,24.341658,2
11598,66000,387130000C,(04)23274275,(04)23288582,2025,12,26,19,37,臺中市,外埔區,0,1,0,7,1,6,50,13,9,1,5,4,6,6,4,4,10,5,5,2,21,2,9,1,1,C03,7,9,1,10,2,11,,59,59,1,12,4,120.678743,24.320908,2
11599,66000,387130000C,(04)23274275,(04)23288582,2025,12,26,19,41,臺中市,西區,0,0,0,7,,,50,,,,,,,,,,,,,,13,,,,,B03,,,1,,1,,,84,84,1,13,4,120.659695,24.157292,3
11600,66000,387130000C,(04)23274275,(04)23288582,2025,12,26,19,42,臺中市,豐原區,0,2,0,7,2,6,50,13,9,1,5,4,6,6,4,4,5,5,4,2,12,2,9,1,1,F03,7,9,7,21,2,11,,7,7,1,4,4,120.722042,24.248651,2
11601,66000,387130000C,(04)23274275,(04)23288582,2025,12,26,19,43,臺中市,北屯區,0,0,0,7,,3,40,,,,,,,,,,,,,,13,,,,,B03,,,1,,1,,,84,84,1,6,4,120.691655,24.200895,3
11602,66000,387130000C,(04)23274275,(04)23288582,2025,12,26,19,43,臺中市,后里區,0,2,0,7,1,6,50,13,8,1,5,4,6,6,4,4,9,4,4,1,12,2,7,1,1,C03,7,6,1,10,2,12,,59,59,1,6,4,120.71185,24.310512,2
11603,66000,387130000C,(04)23274275,(04)23288582,2025,12,26,19,45,臺中市,西屯區,0,0,0,7,,,50,,,,,,,,,,,,,,12,,,,,A21,,,1,,2,,,47,47,1,13,4,120.61634,24.190914,3
11604,66000,387130000C,(04)23274275,(04)23288582,2025,12,26,19,46,臺中市,北屯區,0,1,0,7,1,6,50,4,1,1,5,4,6,6,4,4,10,5,5,2,16,3,10,3,1,B03,7,6,1,8,2,1,,84,84,1,13,4,120.680397,24.179378,2
11605,66000,387130000C,(04)23274275,(04)23288582,2025,12,26,19,48,臺中市,南屯區,0,2,0,7,2,6,40,4,1,1,5,4,6,6,1,1,9,4,4,2,13,2,9,1,1,C03,7,9,1,10,2,11,,7,7,1,12,4,120.640346,24.153691,2
11606,66000,387130000C,(04)23274275,(04)23288582,2025,12,26,19,49,臺中市,豐原區,0,0,0,7,,,50,,,,,,,,,,,,,,,,,,,C03,,,1,,9,,,84,84,1,13,4,120.721973,24.239185,3
11607,66000,387130000C,(04)23274275,(04)23288582,2025,12,26,19,52,臺中市,北屯區,0,1,0,7,1,6,30,4,1,1,5,4,6,6,2,1,10,5,5,2,18,2,9,2,1,C03,7,12,1,10,2,14,,59,59,1,12,4,120.66065,24.191436,2
11608,66000,387130000C,(04)23274275,(04)23288582,2025,12,26,19,56,臺中市,西區,0,0,0,7,,,50,,,,,,,,,,,,,,17,,,,,B03,,,3,,1,,,84,84,1,12,4,120.661529,24.155822,3
11609,66000,387130000C,(04)23274275,(04)23288582,2025,12,26,20,1,臺中市,北區,0,0,0,7,,,50,,,,,,,,,,,,,,,,,,,B03,,,1,,1,,,49,49,1,12,4,120.670443,24.16253,3
11610,66000,387130000C,(04)23274275,(04)23288582,2025,12,26,20,3,臺中市,太平區,0,1,0,7,2,6,50,13,9,1,5,4,6,6,4,4,5,5,5,2,17,2,8,2,1,C03,7,9,1,10,9,12,,54,54,2,12,4,120.70666,24.150421,2
11611,66000,387130000C,(04)23274275,(04)23288582,2025,12,26,20,5,臺中市,北屯區,0,0,0,7,,,50,,,,,,,,,,,,,,14,,,,,B03,,,1,,1,,,49,49,1,13,4,120.692041,24.182715,3
11612,66000,387130000C,(04)23274275,(04)23288582,2025,12,26,20,6,臺中市,西區,0,0,0,7,,,1,,,,,,,,,,,,,,9,,,,,C03,,,1,,11,,,87,87,1,13,4,120.680507,24.137605,3
11613,66000,387130000C,(04)23274275,(04)23288582,2025,12,26,20,9,臺中市,西區,0,0,0,7,,,50,,,,,,,,,,,,,,13,,,,,B12,,,1,,1,,,59,59,1,13,4,120.657227,24.136827,3
11614,66000,387130000C,(04)23274275,(04)23288582,2025,12,26,20,10,臺中市,東區,0,2,0,7,1,6,50,13,9,1,5,4,6,6,1,1,5,5,5,2,12,3,10,3,1,B03,7,11,1,8,2,8,,45,45,1,6,4,120.690026,24.13298,2
11615,66000,387130000C,(04)23274275,(04)23288582,2025,12,26,20,11,臺中市,豐原區,0,0,0,7,,,60,,,,,,,,,,,,,,13,,,,,B03,,,1,,1,,,82,82,1,6,4,120.722102,24.236482,3
11616,66000,387130000C,(04)23274275,(04)23288582,2025,12,26,20,15,臺中市,北區,0,0,0,7,,,50,,,,,,,,,,,,,,17,,,,,C03,,,1,,2,,,50,50,1,13,4,120.677043,24.166883,3
11617,66000,387130000C,(04)23274275,(04)23288582,2025,12,26,20,18,臺中市,龍井區,0,0,0,7,,,,,,,,,,,,,,,,,,,,,,,,,,,,,,86,86,1,,,120.563882,24.195728,3
11618,66000,387130000C,(04)23274275,(04)23288582,2025,12,26,20,21,臺中市,北屯區,0,0,0,7,,,30,,,,,,,,,,,,,,12,,,,,B03,,,1,,1,,,59,59,1,12,4,120.701947,24.16821,3
11619,66000,387130000C,(04)23274275,(04)23288582,2025,12,26,20,23,臺中市,沙鹿區,0,0,0,7,,,60,,,,,,,,,,,,,,,,,,,B03,,,1,,2,,,7,7,1,12,4,120.576106,24.226973,3
11620,66000,387130000C,(04)23274275,(04)23288582,2025,12,26,20,24,臺中市,大里區,0,1,0,7,1,6,50,4,1,1,5,4,6,6,1,1,10,5,5,2,3,3,10,1,1,C03,7,9,1,10,2,11,14,59,59,1,12,4,120.713734,24.094346,2
11621,66000,387130000C,(04)23274275,(04)23288582,2025,12,26,20,28,臺中市,南區,0,2,0,7,1,9,50,13,9,1,5,4,6,6,4,4,5,4,5,2,16,2,8,2,1,C03,7,6,1,10,2,14,,84,84,1,12,4,120.666932,24.114696,2
11622,66000,387130000C,(04)23274275,(04)23288582,2025,12,26,20,30,臺中市,西屯區,0,1,0,7,1,6,50,4,1,1,5,4,6,6,2,1,10,5,5,2,17,3,10,5,4,B03,7,5,1,8,2,5,,11,11,1,13,4,120.669421,24.177257,2
11623,66000,387130000C,(04)23274275,(04)23288582,2025,12,26,20,30,臺中市,梧棲區,0,1,0,7,1,6,50,4,1,1,5,4,6,6,1,1,10,5,5,2,18,2,8,1,1,C03,7,5,3,19,2,14,,87,87,1,12,4,120.528445,24.262262,2
11624,66000,387130000C,(04)23274275,(04)23288582,2025,12,26,20,35,臺中市,北屯區,0,1,0,7,3,6,50,5,1,1,5,4,6,6,4,4,10,5,5,2,9,2,9,1,1,C03,7,9,3,19,2,12,,8,8,1,12,4,120.671676,24.182727,2
11625,66000,387130000C,(04)23274275,(04)23288582,2025,12,26,20,37,臺中市,豐原區,0,0,0,7,1,6,50,4,9,1,5,4,6,6,2,1,1,3,5,1,13,3,10,3,1,A11,7,9,1,3,2,1,,7,7,1,12,4,120.746267,24.265557,3
11626,66000,387130000C,(04)23274275,(04)23288582,2025,12,26,20,39,臺中市,西區,0,0,0,7,,,50,,,,,,,,,,,,,,,,,,,B03,,,1,,1,,,35,35,1,12,4,120.675855,24.133176,3
11627,66000,387130000C,(04)23274275,(04)23288582,2025,12,26,20,49,臺中市,北屯區,0,0,0,7,,,50,,,,,,,,,,,,,,13,,,,,B03,,,1,,1,,,84,84,1,6,4,120.692794,24.162343,3
11628,66000,387130000C,(04)23274275,(04)23288582,2025,12,26,20,49,臺中市,西屯區,0,0,0,7,,,50,,,,,,,,,,,,,,13,,,,,B03,,,1,,1,,,7,7,1,13,4,120.643629,24.165637,3
11629,66000,387130000C,(04)23274275,(04)23288582,2025,12,26,20,50,臺中市,北區,0,0,0,7,,,50,,,,,,,,,,,,,,13,,,,,B03,,,1,,1,,,59,59,1,12,4,120.680829,24.167105,3
11630,66000,387130000C,(04)23274275,(04)23288582,2025,12,26,20,52,臺中市,霧峰區,0,0,0,7,,,50,,,,,,,,,,,,,,,,,,,B03,,,1,,1,,,84,84,1,12,4,120.699909,24.068591,3
11631,66000,387130000C,(04)23274275,(04)23288582,2025,12,26,20,54,臺中市,西屯區,0,1,0,7,1,6,60,13,7,1,5,4,6,6,4,4,1,4,1,2,13,3,10,5,4,B03,7,9,1,10,2,1,,84,84,1,12,4,120.649322,24.16283,2
11632,66000,387130000C,(04)23274275,(04)23288582,2025,12,26,20,55,臺中市,太平區,0,2,0,7,1,6,40,3,1,1,5,4,6,6,4,4,10,5,5,2,16,2,8,1,1,C03,7,11,1,10,2,14,,45,45,1,6,4,120.734292,24.149271,2
11633,66000,387130000C,(04)23274275,(04)23288582,2025,12,26,21,3,臺中市,大雅區,0,0,0,6,,,50,,,,,,,,,,,,,,,,,,,B03,,,1,,2,,,7,7,1,13,4,120.649737,24.223057,3
11634,66000,387130000C,(04)23274275,(04)23288582,2025,12,26,21,5,臺中市,西屯區,0,0,0,7,,,50,,,,,,,,,,,,,,9,,,,,B03,,,1,,2,,,59,59,1,13,4,120.650098,24.1765,3
11635,66000,387130000C,(04)23274275,(04)23288582,2025,12,26,21,7,臺中市,潭子區,0,1,0,7,1,6,50,4,1,1,5,4,6,6,2,1,10,5,5,2,16,2,9,2,1,C03,7,9,1,10,2,11,,59,59,1,12,4,120.703668,24.201169,2
11636,66000,387130000C,(04)23274275,(04)23288582,2025,12,26,21,14,臺中市,南區,0,1,0,7,1,6,50,13,9,1,5,4,6,6,2,1,5,5,5,2,17,2,9,5,4,C03,7,9,1,10,2,11,,84,84,1,6,4,120.653289,24.121969,2
11637,66000,387130000C,(04)23274275,(04)23288582,2025,12,26,21,14,臺中市,西屯區,0,1,0,7,1,6,50,13,9,1,5,4,6,6,4,4,5,4,5,2,17,3,10,3,1,B03,7,11,1,8,2,7,,39,39,1,12,4,120.61942,24.181906,2
11638,66000,387130000C,(04)23274275,(04)23288582,2025,12,26,21,17,臺中市,神岡區,0,1,0,7,1,6,50,13,14,1,5,4,6,6,4,4,9,5,5,1,27,2,9,5,4,C03,7,9,1,10,2,11,,59,59,1,12,4,120.691514,24.238032,2
11639,66000,387130000C,(04)23274275,(04)23288582,2025,12,26,21,19,臺中市,北屯區,0,0,0,7,,,40,,,,,,,,,,,,,,17,,,,,B03,,,1,,2,,,50,50,1,13,4,120.663955,24.18601,3
11640,66000,387130000C,(04)23274275,(04)23288582,2025,12,26,21,20,臺中市,南屯區,0,2,0,7,1,6,50,4,1,1,5,4,6,6,1,1,10,5,5,2,16,2,9,2,1,C03,7,6,1,10,2,14,,48,48,1,13,4,120.642816,24.124148,2
11641,66000,387130000C,(04)23274275,(04)23288582,2025,12,26,21,20,臺中市,太平區,0,0,0,7,,,30,,,,,,,,,,,,,,17,,,,,F01,,,7,,9,,,84,84,1,3,4,120.735576,24.147009,3
11642,66000,387130000C,(04)23274275,(04)23288582,2025,12,26,21,23,臺中市,豐原區,0,0,0,7,,,50,,,,,,,,,,,,,,13,,,,,B03,,,1,,2,,,7,7,1,6,4,120.721111,24.251796,3
11643,66000,387130000C,(04)23274275,(04)23288582,2025,12,26,21,27,臺中市,西區,0,0,0,7,,,50,,,,,,,,,,,,,,13,,,,,B03,,,1,,2,,,59,59,1,12,4,120.661728,24.144282,3
11644,66000,387130000C,(04)23274275,(04)23288582,2025,12,26,21,30,臺中市,西屯區,0,1,0,7,1,6,50,3,1,1,5,4,6,6,1,1,5,4,5,2,9,2,9,5,5,H02,7,21,7,21,10,17,,104,104,1,12,5,120.641616,24.162646,2
11645,66000,387130000C,(04)23274275,(04)23288582,2025,12,26,21,32,臺中市,西區,0,1,0,7,1,6,60,4,4,1,5,4,6,6,2,1,1,2,3,2,13,2,9,2,1,C03,7,9,1,10,2,11,,7,7,1,12,4,120.664211,24.154793,2
11646,66000,387130000C,(04)23274275,(04)23288582,2025,12,26,21,34,臺中市,西屯區,0,1,0,7,1,6,50,4,9,1,5,4,6,6,1,1,5,4,5,2,13,2,8,1,4,C03,7,9,1,10,2,11,14,42,42,1,12,4,120.626207,24.184519,2
11647,66000,387130000C,(04)23274275,(04)23288582,2025,12,26,21,35,臺中市,豐原區,0,2,0,7,1,6,50,4,9,1,5,4,6,6,4,4,10,5,5,2,17,2,8,1,1,C03,7,6,1,10,2,11,,14,14,1,12,4,120.732867,24.248413,2
11648,66000,387130000C,(04)23274275,(04)23288582,2025,12,26,21,37,臺中市,神岡區,0,1,0,7,1,6,30,4,1,1,5,4,6,6,1,1,10,5,5,2,18,2,9,5,4,C03,7,12,1,10,2,16,,59,59,1,12,4,120.684926,24.249647,2
11649,66000,387130000C,(04)23274275,(04)23288582,2025,12,26,21,40,臺中市,北屯區,0,0,0,7,,,50,,,,,,,,,,,,,,,,,,,B03,,,1,,1,,,51,51,1,12,4,120.67333,24.190365,3
11650,66000,387130000C,(04)23274275,(04)23288582,2025,12,26,21,46,臺中市,南屯區,0,1,0,7,2,6,30,3,2,1,5,4,6,6,4,4,5,5,5,2,16,3,10,3,1,B03,7,5,1,8,2,5,,84,84,1,12,4,120.610314,24.13842,2
11651,66000,387130000C,(04)23274275,(04)23288582,2025,12,26,21,53,臺中市,大里區,0,0,0,6,,,40,,,,,,,,,,,,,,,,,,,C03,,,3,,2,,,7,7,1,12,4,120.671256,24.097274,3
11652,66000,387130000C,(04)23274275,(04)23288582,2025,12,26,21,54,臺中市,西屯區,0,0,0,7,,,50,,,,,,,,,,,,,,16,,,,,A41,,,1,,1,,,40,40,1,13,4,120.656973,24.200859,3
11653,66000,387130000C,(04)23274275,(04)23288582,2025,12,26,21,56,臺中市,南區,0,1,0,7,1,6,50,13,9,1,5,4,6,6,4,4,1,4,5,2,18,2,9,5,4,C03,7,9,1,10,2,14,,84,84,1,13,4,120.658205,24.128548,2
11654,66000,387130000C,(04)23274275,(04)23288582,2025,12,26,22,5,臺中市,西屯區,0,0,0,7,,,50,,,,,,,,,,,,,,13,,,,,B03,,,1,,1,,,7,7,1,13,4,120.656817,24.197474,3
11655,66000,387130000C,(04)23274275,(04)23288582,2025,12,26,22,6,臺中市,西屯區,0,2,0,7,1,6,50,4,1,1,5,4,6,6,1,1,10,5,5,2,16,2,5,2,1,C03,7,5,1,10,2,12,,47,47,1,12,4,120.647729,24.16988,2
11656,66000,387130000C,(04)23274275,(04)23288582,2025,12,26,22,17,臺中市,北屯區,0,0,0,7,,,40,,,,,,,,,,,,,,14,,,,,B03,,,1,,9,,,49,49,2,12,4,120.66637,24.191662,3
11657,66000,387130000C,(04)23274275,(04)23288582,2025,12,26,22,22,臺中市,石岡區,0,1,0,7,1,6,70,4,1,1,5,4,6,6,1,1,1,4,4,1,17,3,10,5,4,B03,7,11,1,8,2,6,,85,85,1,13,4,120.80709,24.266149,2
11658,66000,387130000C,(04)23274275,(04)23288582,2025,12,26,22,28,臺中市,北區,0,1,0,7,1,6,50,3,2,1,5,4,6,6,1,1,5,4,5,2,18,2,9,1,1,C03,7,6,1,10,2,14,,84,84,1,12,4,120.689154,24.153683,2
11659,66000,387130000C,(04)23274275,(04)23288582,2025,12,26,22,30,臺中市,大雅區,0,3,0,7,1,6,30,4,1,1,5,4,6,6,3,1,10,5,5,2,15,2,9,1,1,C03,7,9,1,10,2,13,,20,20,1,12,4,120.65174,24.246288,2
11660,66000,387130000C,(04)23274275,(04)23288582,2025,12,26,22,30,臺中市,大雅區,0,0,0,6,,,30,,,,,,,,,,,,,,,,,,,F03,,,7,,2,,,48,48,1,12,4,120.657427,24.230921,3
11661,66000,387130000C,(04)23274275,(04)23288582,2025,12,26,22,34,臺中市,西區,0,0,0,7,,,,,,,,,,,,,,,,,,,,,,,,,,,,,,85,85,1,,,120.653712,24.151734,3
11662,66000,387130000C,(04)23274275,(04)23288582,2025,12,26,22,34,臺中市,烏日區,0,0,0,7,,,50,,,,,,,,,,,,,,12,,,,,B03,,,1,,2,,,8,8,1,6,4,120.616844,24.116186,3
11663,66000,387130000C,(04)23274275,(04)23288582,2025,12,26,22,34,臺中市,大甲區,0,0,0,7,,,50,,,,,,,,,,,,,,,,,,,B03,,,1,,1,,,49,49,1,6,4,120.621745,24.346509,3
11664,66000,387130000C,(04)23274275,(04)23288582,2025,12,26,22,36,臺中市,西區,0,2,0,6,1,6,50,4,1,1,5,4,6,6,2,1,1,4,4,2,15,2,9,2,1,C03,7,9,1,10,2,11,,21,21,1,12,4,120.681893,24.135934,2
11665,66000,387130000C,(04)23274275,(04)23288582,2025,12,26,22,39,臺中市,西屯區,0,0,0,7,,,40,,,,,,,,,,,,,,12,,,,,B03,,,1,,1,,,40,40,1,13,4,120.609608,24.184261,3
11666,66000,387130000C,(04)23274275,(04)23288582,2025,12,26,22,50,臺中市,大里區,0,0,0,7,,,50,,,,,,,,,,,,,,14,,,,,C01,,,1,,2,,,49,49,1,13,4,120.669747,24.111655,3
11667,66000,387130000C,(04)23274275,(04)23288582,2025,12,26,22,55,臺中市,太平區,0,2,0,7,1,6,50,5,4,1,5,4,6,6,2,1,5,2,5,2,13,2,8,2,1,C03,7,9,1,10,2,11,,84,84,1,12,4,120.726954,24.115414,2
11668,66000,387130000C,(04)23274275,(04)23288582,2025,12,26,23,0,臺中市,北屯區,0,0,0,7,,3,80,,,,,,,,,,,,,,20,,,,,B12,,,1,,2,,,55,55,1,6,4,120.701285,24.201544,3
11669,66000,387130000C,(04)23274275,(04)23288582,2025,12,26,23,0,臺中市,北屯區,0,1,0,7,3,6,50,13,7,1,5,4,6,6,4,4,9,5,4,2,1,3,10,3,1,B03,7,9,1,8,2,2,,84,84,1,6,4,120.661111,24.194176,2
11670,66000,387130000C,(04)23274275,(04)23288582,2025,12,26,23,10,臺中市,東區,0,0,0,7,,,50,,,,,,,,,,,,,,17,,,,,C03,,,1,,2,,,48,48,1,12,4,120.700487,24.13413,3
11671,66000,387130000C,(04)23274275,(04)23288582,2025,12,26,23,30,臺中市,西屯區,0,0,0,7,,,50,,,,,,,,,,,,,,12,,,,,C03,,,1,,2,,,8,8,1,12,4,120.622433,24.174087,3
11672,66000,387130000C,(04)23274275,(04)23288582,2025,12,26,23,33,臺中市,太平區,0,2,0,7,1,6,50,3,2,1,5,4,6,6,4,4,10,5,5,2,13,2,9,1,1,C03,7,9,1,9,2,11,,58,58,1,6,4,120.717382,24.148712,2
11673,66000,387130000C,(04)23274275,(04)23288582,2025,12,26,23,38,臺中市,北屯區,0,2,0,7,1,6,50,4,2,1,5,4,6,6,2,1,5,5,4,2,13,3,10,3,1,B03,7,9,1,8,1,5,8,59,59,1,12,4,120.6954,24.165137,2
11674,66000,387130000C,(04)23274275,(04)23288582,2025,12,26,23,47,臺中市,太平區,0,0,0,7,,,30,,,,,,,,,,,,,,,,,,,B03,,,1,,2,,,49,49,1,12,4,120.73645,24.149249,3
11675,66000,387130000C,(04)23274275,(04)23288582,2025,12,26,23,48,臺中市,太平區,0,2,0,7,1,6,50,4,4,1,5,4,6,6,1,1,10,5,5,2,13,2,8,1,1,C03,7,9,1,10,2,11,,58,58,1,6,4,120.71226,24.141127,2
11676,66000,387130000C,(04)23274275,(04)23288582,2025,12,26,23,57,臺中市,北屯區,0,1,0,7,1,6,50,4,1,1,5,4,6,6,2,1,10,5,5,2,16,3,10,3,1,B12,7,6,1,8,2,5,,48,48,1,12,4,120.662431,24.188555,2
11677,66000,387130000C,(04)23274275,(04)23288582,2025,12,27,0,0,臺中市,西屯區,0,0,0,7,,,50,,,,,,,,,,,,,,13,,,,,B03,,,1,,1,,,59,59,1,12,4,120.636528,24.170784,3
11678,66000,387130000C,(04)23274275,(04)23288582,2025,12,27,0,2,臺中市,西屯區,0,2,0,7,1,6,40,3,1,1,5,4,6,6,1,1,5,5,4,2,16,3,10,3,1,B03,7,5,1,8,2,2,,11,11,1,12,4,120.646793,24.171028,2
11679,66000,387130000C,(04)23274275,(04)23288582,2025,12,27,0,5,臺中市,北屯區,0,0,0,7,,,50,,,,,,,,,,,,,,15,,,,,B03,,,1,,2,,,24,24,1,6,4,120.705794,24.178224,3
11680,66000,387130000C,(04)23274275,(04)23288582,2025,12,27,0,12,臺中市,太平區,0,1,0,7,1,6,30,4,1,1,5,4,6,6,4,4,10,5,5,2,15,3,10,3,1,B03,7,9,1,8,2,2,,12,12,1,12,4,120.724481,24.143739,2
11681,66000,387130000C,(04)23274275,(04)23288582,2025,12,27,0,18,臺中市,沙鹿區,0,0,0,6,,,30,,,,,,,,,,,,,,17,,,,,C03,,,3,,1,,,78,78,1,12,4,120.60082,24.23258,3
11682,66000,387130000C,(04)23274275,(04)23288582,2025,12,27,0,23,臺中市,中區,0,0,0,7,,,50,,,,,,,,,,,,,,,,,,,A04,,,1,2,2,,,35,35,1,13,4,120.684283,24.137244,3
11683,66000,387130000C,(04)23274275,(04)23288582,2025,12,27,1,0,臺中市,后里區,0,0,0,6,,,50,,,,,,,,,,,,,,14,,,,,B12,,,1,,1,,,49,49,1,12,4,120.717946,24.308253,3
11684,66000,387130000C,(04)23274275,(04)23288582,2025,12,27,1,4,臺中市,中區,0,0,0,7,,,50,,,,,,,,,,,,,,,,,,,B02,,,1,,1,,,59,59,1,12,4,120.684406,24.142238,3
11685,66000,387130000C,(04)23274275,(04)23288582,2025,12,27,1,35,臺中市,西屯區,0,0,0,7,,,50,,,,,,,,,,,,,,14,,,,,B03,,,1,,2,,,49,49,1,12,4,120.648065,24.15795,3
11686,66000,387130000C,(04)23274275,(04)23288582,2025,12,27,1,50,臺中市,西區,0,0,0,7,,,50,,,,,,,,,,,,,,,,,,,B03,,,1,8,2,,,84,84,1,13,4,120.663242,24.139432,3
11687,66000,387130000C,(04)23274275,(04)23288582,2025,12,27,2,20,臺中市,北屯區,0,0,0,7,,,50,,,,,,,,,,,,,,17,,,,,B02,,,1,,2,,,45,45,1,6,4,120.723524,24.172353,3
11688,66000,387130000C,(04)23274275,(04)23288582,2025,12,27,3,1,臺中市,西區,0,0,0,6,,,30,,,,,,,,,,,,,,,,,,,B03,,,1,,1,,,49,49,2,12,4,120.654422,24.149404,3
11689,66000,387130000C,(04)23274275,(04)23288582,2025,12,27,3,3,臺中市,南區,0,2,0,7,1,6,50,4,1,1,5,4,6,6,1,1,3,4,4,2,17,2,9,2,1,C03,7,9,1,10,2,11,,7,7,1,12,4,120.67926,24.119028,2
11690,66000,387130000C,(04)23274275,(04)23288582,2025,12,27,3,43,臺中市,東區,0,1,0,5,1,6,50,4,1,1,4,4,6,6,1,1,10,5,5,2,16,3,10,2,1,C03,7,5,5,19,2,14,,22,22,1,13,4,120.699273,24.148001,2
11691,66000,387130000C,(04)23274275,(04)23288582,2025,12,27,3,50,臺中市,沙鹿區,0,1,0,5,1,6,50,13,9,1,4,4,6,6,4,4,4,4,5,1,18,2,8,1,1,C03,7,9,1,10,2,12,,82,82,1,12,4,120.588702,24.251964,2
11692,66000,387130000C,(04)23274275,(04)23288582,2025,12,27,4,15,臺中市,大甲區,0,0,0,7,,,50,,,,,,,,,,,,,,15,,,,,B12,,,1,,2,,,45,45,1,12,4,120.626427,24.349455,3
11693,66000,387130000C,(04)23274275,(04)23288582,2025,12,27,4,51,臺中市,梧棲區,0,1,0,5,1,6,40,13,8,1,4,4,6,6,4,4,3,5,3,1,18,2,9,2,1,F01,7,9,7,21,2,14,,58,58,1,12,4,120.526284,24.258035,2
11694,66000,387130000C,(04)23274275,(04)23288582,2025,12,27,5,5,臺中市,大雅區,0,0,0,7,,,0,,,,,,,,,,,,,,,,,,,B03,,,1,,2,,,87,87,1,12,4,120.645726,24.229201,3
11695,66000,387130000C,(04)23274275,(04)23288582,2025,12,27,5,39,臺中市,北屯區,0,0,0,5,,,50,,,,,,,,,,,,,,23,,,,,B03,,,1,,9,,,59,59,1,6,4,120.671321,24.193079,3
11696,66000,387130000C,(04)23274275,(04)23288582,2025,12,27,5,45,臺中市,西屯區,0,1,0,5,1,6,50,3,9,1,4,4,6,6,1,1,5,4,5,2,13,3,10,3,1,B03,7,9,1,8,2,1,,84,84,1,12,4,120.657735,24.163263,2
11697,66000,387130000C,(04)23274275,(04)23288582,2025,12,27,6,25,臺中市,大肚區,0,0,0,7,,,50,,,,,,,,,,,,,,,,,,,A41,,,1,,2,,,7,7,1,6,4,120.577046,24.118711,3
11698,66000,387130000C,(04)23274275,(04)23288582,2025,12,27,6,31,臺中市,梧棲區,0,1,0,5,2,6,50,4,1,1,4,4,6,6,1,1,10,5,5,2,18,2,9,2,1,C03,7,9,1,10,2,14,,84,84,1,12,4,120.537553,24.245494,2
11699,66000,387130000C,(04)23274275,(04)23288582,2025,12,27,6,36,臺中市,南屯區,0,0,0,5,3,6,50,13,9,1,4,4,6,6,4,4,5,5,5,2,17,,,,,A12,,,1,,2,,,78,78,1,12,4,120.644157,24.135789,3
11700,66000,387130000C,(04)23274275,(04)23288582,2025,12,27,6,36,臺中市,北屯區,0,2,0,5,3,6,50,13,9,1,4,4,6,6,4,4,9,5,5,2,13,2,9,5,4,B03,7,9,1,8,7,5,,53,53,1,6,4,120.732689,24.159908,2
11701,66000,387130000C,(04)23274275,(04)23288582,2025,12,27,6,50,臺中市,沙鹿區,0,0,0,5,,,50,,,,,,,,,,,,,,13,,,,,C03,,,1,,2,,,7,7,1,6,4,120.559828,24.238001,4
11702,66000,387130000C,(04)23274275,(04)23288582,2025,12,27,7,5,臺中市,豐原區,0,2,0,5,2,6,50,13,9,1,3,4,6,6,1,1,9,4,5,2,18,2,9,2,4,C03,7,9,1,10,2,16,,59,59,1,12,4,120.737701,24.272196,2
11703,66000,387130000C,(04)23274275,(04)23288582,2025,12,27,7,15,臺中市,潭子區,0,2,0,5,3,6,50,4,1,1,4,4,6,6,1,1,5,4,5,2,17,2,8,2,1,C03,7,6,1,10,2,11,,11,11,1,13,4,120.692415,24.224974,2
11704,66000,387130000C,(04)23274275,(04)23288582,2025,12,27,7,19,臺中市,北屯區,0,1,0,5,2,6,50,4,1,1,4,4,6,6,1,1,10,5,5,2,18,2,9,1,1,C03,7,9,1,10,2,14,,82,82,1,6,4,120.683444,24.191577,2
11705,66000,387130000C,(04)23274275,(04)23288582,2025,12,27,7,20,臺中市,豐原區,0,4,0,5,2,6,50,13,9,1,4,4,6,6,4,4,1,4,4,2,17,2,9,1,1,C03,7,9,4,19,2,11,,84,84,1,12,4,120.737369,24.272251,2
11706,66000,387130000C,(04)23274275,(04)23288582,2025,12,27,7,21,臺中市,南屯區,0,1,0,5,3,6,50,13,9,1,4,4,6,6,4,4,5,5,5,2,12,2,9,1,1,C03,7,9,3,19,2,11,,59,59,1,12,4,120.638254,24.14287,2
11707,66000,387130000C,(04)23274275,(04)23288582,2025,12,27,7,22,臺中市,太平區,0,0,0,7,,,50,,,,,,,,,,,,,,,,,,,C03,,,1,,9,,,50,50,2,12,4,120.720391,24.133738,3
11708,66000,387130000C,(04)23274275,(04)23288582,2025,12,27,7,23,臺中市,龍井區,0,0,0,7,,,50,,,,,,,,,,,,,,14,,,,,B13,,,1,,9,,,49,49,1,6,4,120.58403,24.181336,3