序號,縣市別代碼,機關代碼,市話,傳真,年,月,日,時,分,縣市,區,死亡數量,受傷數量,2-30,天候,道路照明設備,道路類別,道路速限,道路型態,事故位置,路面鋪裝,路面狀態,路面缺陷,障礙物,視距,號誌種類,號誌動作,分向設施,快車道或一般車道間,快慢車道間,路面邊線,事故類型及型態,受傷程度,主要傷處,保護裝備,行動電話或功能裝置,當事者區分(類別),車輛用途,當事者行動狀態,駕照狀態,駕照種類,飲酒情形,車輛撞擊部位最初,車輛撞擊部位其他,肇事因素個別,肇事因素主要,肇事逃逸,職業,共享經濟或外送平台,GPS座標X,GPS座標Y,事故類別
11709,66000,387130000C,(04)23274275,(04)23288582,2025,12,27,7,47,臺中市,大里區,0,2,0,5,3,6,50,4,1,1,4,4,6,6,1,1,10,5,5,2,15,2,9,1,1,C03,7,9,1,10,2,11,,21,21,1,6,4,120.68614,24.115268,2
11710,66000,387130000C,(04)23274275,(04)23288582,2025,12,27,7,47,臺中市,太平區,0,0,0,7,,,50,,,,,,,,,,,,,,,,,,,H01,,,7,,2,,,95,95,1,12,4,120.722891,24.119655,3
11711,66000,387130000C,(04)23274275,(04)23288582,2025,12,27,7,54,臺中市,西屯區,0,0,0,5,,,50,,,,,,,,,,,,,,16,,,,,B03,,,1,,1,,,8,8,1,12,4,120.638905,24.158797,3
11712,66000,387130000C,(04)23274275,(04)23288582,2025,12,27,7,55,臺中市,霧峰區,0,2,0,5,3,6,50,4,1,1,4,4,6,6,1,1,10,5,5,2,15,2,8,3,1,B03,7,9,1,8,2,5,,84,84,1,12,4,120.662464,24.072072,2
11713,66000,387130000C,(04)23274275,(04)23288582,2025,12,27,7,57,臺中市,北屯區,0,1,0,5,3,6,50,4,2,1,4,4,6,6,1,1,1,4,5,2,13,3,10,2,1,C03,7,9,1,10,2,13,,7,7,1,6,4,120.680423,24.201599,2
11714,66000,387130000C,(04)23274275,(04)23288582,2025,12,27,7,58,臺中市,北區,0,0,0,5,,,30,,,,,,,,,,,,,,17,,,,,B03,,,1,,9,,,84,84,1,13,4,120.684297,24.160847,3
11715,66000,387130000C,(04)23274275,(04)23288582,2025,12,27,8,0,臺中市,北屯區,0,1,0,5,2,6,50,13,7,1,4,4,6,6,4,4,5,5,4,2,13,2,9,1,1,C03,7,9,1,10,2,11,,84,84,1,12,4,120.690435,24.177142,2
11716,66000,387130000C,(04)23274275,(04)23288582,2025,12,27,8,5,臺中市,西屯區,0,0,0,5,,,60,,,,,,,,,,,,,,12,,,,,B03,,,1,,2,,,20,20,1,12,4,120.639244,24.169143,3
11717,66000,387130000C,(04)23274275,(04)23288582,2025,12,27,8,11,臺中市,南區,0,1,0,5,3,6,50,4,1,1,4,4,6,6,2,1,3,5,5,2,18,2,9,2,1,C03,7,9,1,10,2,16,,5,5,1,6,4,120.650225,24.120545,2
11718,66000,387130000C,(04)23274275,(04)23288582,2025,12,27,8,15,臺中市,沙鹿區,0,1,0,5,2,6,50,5,2,1,4,4,6,6,1,1,3,3,4,1,17,3,10,5,4,B03,7,1,1,8,2,16,,51,51,1,13,4,120.566681,24.251961,2
11719,66000,387130000C,(04)23274275,(04)23288582,2025,12,27,8,20,臺中市,大雅區,0,1,0,5,1,6,50,4,1,1,4,4,6,6,1,1,5,5,5,1,17,3,10,3,1,B03,7,6,1,8,2,2,,87,87,1,13,4,120.645353,24.22194,2
11720,66000,387130000C,(04)23274275,(04)23288582,2025,12,27,8,20,臺中市,北屯區,0,1,0,5,3,6,50,4,1,1,4,4,6,6,2,1,10,5,5,2,18,2,9,2,1,C03,7,15,1,10,2,14,,84,84,1,6,4,120.685796,24.177546,2
11721,66000,387130000C,(04)23274275,(04)23288582,2025,12,27,8,30,臺中市,西屯區,0,0,0,7,,,30,,,,,,,,,,,,,,14,,,,,A12,,,1,,2,,,49,49,1,12,4,120.66161,24.202691,3
11722,66000,387130000C,(04)23274275,(04)23288582,2025,12,27,8,34,臺中市,沙鹿區,0,2,0,7,2,6,50,13,7,1,4,4,6,6,4,4,9,4,4,2,17,2,8,1,1,C03,7,11,1,10,2,13,,45,45,1,6,4,120.559057,24.236534,2
11723,66000,387130000C,(04)23274275,(04)23288582,2025,12,27,8,35,臺中市,南區,0,1,0,5,2,6,30,3,1,1,4,4,6,6,4,4,10,5,5,2,16,3,10,3,1,B03,7,6,1,8,2,8,,14,14,1,12,4,120.660242,24.127391,2
11724,66000,387130000C,(04)23274275,(04)23288582,2025,12,27,8,37,臺中市,東區,0,1,0,5,1,6,50,4,1,1,4,4,6,6,1,1,9,4,5,2,12,3,10,3,1,B13,7,9,1,8,2,1,,7,7,1,12,4,120.69292,24.129608,2
11725,66000,387130000C,(04)23274275,(04)23288582,2025,12,27,8,38,臺中市,北屯區,0,0,0,5,,,50,,,,,,,,,,,,,,,,,,,C03,,,1,,2,,,7,7,1,12,4,120.71083,24.174825,3
11726,66000,387130000C,(04)23274275,(04)23288582,2025,12,27,8,42,臺中市,大里區,0,1,0,5,2,6,40,5,1,1,4,4,6,6,1,1,10,5,5,1,17,3,10,1,1,C04,7,6,1,11,11,15,,84,84,1,13,4,120.700506,24.09381,2
11727,66000,387130000C,(04)23274275,(04)23288582,2025,12,27,8,45,臺中市,霧峰區,0,1,0,5,2,6,50,13,9,1,4,4,6,6,4,4,9,4,5,1,18,2,7,1,1,C03,7,9,1,10,3,12,,84,84,1,12,4,120.715932,24.076705,2
11728,66000,387130000C,(04)23274275,(04)23288582,2025,12,27,8,53,臺中市,后里區,0,1,0,6,3,6,50,12,9,1,4,4,6,6,1,1,5,4,5,2,17,2,9,1,1,C03,7,9,1,10,2,12,,7,7,1,6,4,120.701546,24.324766,2
11729,66000,387130000C,(04)23274275,(04)23288582,2025,12,27,8,59,臺中市,南屯區,0,0,0,5,3,6,50,13,9,1,4,4,6,6,1,1,3,4,5,2,13,,,,,C03,,,1,,2,,,7,7,1,12,4,120.625691,24.144968,3
11730,66000,387130000C,(04)23274275,(04)23288582,2025,12,27,9,0,臺中市,南屯區,0,0,0,5,3,6,50,13,9,1,4,4,6,6,1,1,3,4,5,2,13,,,,,C03,,,1,,2,,,7,7,1,12,4,120.628928,24.145016,3
11731,66000,387130000C,(04)23274275,(04)23288582,2025,12,27,9,0,臺中市,北屯區,0,1,0,5,2,6,60,4,2,1,4,4,6,6,1,1,1,4,5,2,18,2,9,1,1,C03,7,9,1,10,2,12,,82,82,1,6,4,120.67959,24.173009,2
11732,66000,387130000C,(04)23274275,(04)23288582,2025,12,27,9,8,臺中市,沙鹿區,0,0,0,7,,,50,,,,,,,,,,,,,,15,,,,,B03,,,1,,2,,,12,12,1,6,4,120.562711,24.243146,3
11733,66000,387130000C,(04)23274275,(04)23288582,2025,12,27,9,10,臺中市,大雅區,0,1,0,6,1,6,50,11,9,1,4,4,6,6,4,4,5,5,5,1,17,2,9,1,1,C03,7,9,1,10,2,12,,43,43,1,13,4,120.644299,24.225003,2
11734,66000,387130000C,(04)23274275,(04)23288582,2025,12,27,9,14,臺中市,西屯區,0,1,0,6,2,6,40,13,9,1,5,4,6,6,4,4,1,5,5,2,18,2,9,2,4,C03,7,9,1,10,2,12,,82,82,1,13,4,120.61691,24.182475,2
11735,66000,387130000C,(04)23274275,(04)23288582,2025,12,27,9,15,臺中市,梧棲區,0,0,0,7,,,50,,,,,,,,,,,,,,16,,,,,B03,,,1,,2,,,12,12,1,12,4,120.533157,24.258262,3
11736,66000,387130000C,(04)23274275,(04)23288582,2025,12,27,9,17,臺中市,南屯區,0,1,0,5,3,6,50,13,8,1,4,4,6,6,1,1,3,5,2,2,13,2,9,1,1,C03,7,9,1,10,2,11,,7,7,1,12,4,120.586992,24.16123,2
11737,66000,387130000C,(04)23274275,(04)23288582,2025,12,27,9,18,臺中市,大肚區,0,2,0,7,2,6,40,13,8,1,5,4,6,6,4,4,3,4,3,2,12,2,9,1,1,C03,7,9,3,19,2,14,,42,42,1,6,4,120.583476,24.168231,2
11738,66000,387130000C,(04)23274275,(04)23288582,2025,12,27,9,20,臺中市,大雅區,0,1,0,7,3,6,50,3,2,1,4,4,6,6,1,1,4,3,4,1,17,3,10,5,4,B03,7,5,1,8,2,2,,85,85,1,13,4,120.639455,24.218696,2
11739,66000,387130000C,(04)23274275,(04)23288582,2025,12,27,9,20,臺中市,北區,0,1,0,6,2,6,40,13,8,1,4,4,6,6,4,4,1,4,4,2,18,2,9,5,1,C03,7,9,1,10,2,14,,84,84,1,13,4,120.665802,24.163039,2
11740,66000,387130000C,(04)23274275,(04)23288582,2025,12,27,9,22,臺中市,大雅區,0,0,0,6,,,70,,,,,,,,,,,,,,,,,,,B03,,,1,,9,,,8,8,1,13,4,120.643009,24.22846,3
11741,66000,387130000C,(04)23274275,(04)23288582,2025,12,27,9,29,臺中市,西屯區,0,0,0,7,,,50,,,,,,,,,,,,,,12,,,,,B03,,,1,,1,,,42,42,1,12,4,120.639098,24.168915,3
11742,66000,387130000C,(04)23274275,(04)23288582,2025,12,27,9,29,臺中市,烏日區,0,1,0,7,2,6,30,13,9,1,5,4,6,6,4,4,10,5,5,1,17,2,9,2,1,C03,7,9,1,10,2,14,,6,6,1,6,4,120.588168,24.129984,2
11743,66000,387130000C,(04)23274275,(04)23288582,2025,12,27,9,35,臺中市,沙鹿區,0,1,0,7,2,9,30,18,24,2,4,4,6,6,4,4,10,5,5,2,18,2,9,5,4,C03,7,1,1,10,2,14,,51,51,1,13,4,120.602122,24.248879,2
11744,66000,387130000C,(04)23274275,(04)23288582,2025,12,27,9,36,臺中市,東區,0,0,0,5,,,50,,,,,,,,,,,,,,16,,,,,B03,,,1,,2,,,11,11,1,12,4,120.695487,24.147934,3
11745,66000,387130000C,(04)23274275,(04)23288582,2025,12,27,9,36,臺中市,西屯區,0,1,0,7,2,6,50,13,9,1,4,4,6,6,4,4,1,4,5,2,13,2,9,5,4,C03,7,9,1,10,2,12,,7,7,1,13,4,120.653227,24.167268,2
11746,66000,387130000C,(04)23274275,(04)23288582,2025,12,27,9,36,臺中市,大里區,0,1,0,6,3,6,50,4,2,1,4,4,6,6,2,1,5,5,5,2,12,3,10,3,1,B12,7,9,1,8,2,2,,8,8,1,12,4,120.696531,24.11123,2
11747,66000,387130000C,(04)23274275,(04)23288582,2025,12,27,9,38,臺中市,大肚區,0,0,0,7,,,50,,,,,,,,,,,,,,,,,,,B03,,,1,,2,,,8,8,1,6,4,120.54473,24.153102,3
11748,66000,387130000C,(04)23274275,(04)23288582,2025,12,27,9,40,臺中市,潭子區,0,1,0,5,3,6,50,4,1,1,4,4,6,6,1,1,5,4,4,2,17,3,10,3,1,B03,7,5,1,8,2,5,,11,11,1,13,4,120.703225,24.20846,2
11749,66000,387130000C,(04)23274275,(04)23288582,2025,12,27,9,43,臺中市,西區,0,0,0,6,,,50,,,,,,,,,,,,,,,,,,,B03,,,1,,2,,,8,8,1,12,4,120.669919,24.134887,3
11750,66000,387130000C,(04)23274275,(04)23288582,2025,12,27,9,43,臺中市,北區,0,0,0,5,,,40,,,,,,,,,,,,,,17,,,,,B03,,,6,,1,,,85,85,1,13,4,120.67402,24.16398,4
11751,66000,387130000C,(04)23274275,(04)23288582,2025,12,27,9,45,臺中市,清水區,0,1,0,6,3,6,30,11,9,1,5,4,6,1,4,4,10,5,5,2,17,2,3,2,1,C03,7,9,1,10,2,11,,59,59,1,12,4,120.614812,24.296948,2
11752,66000,387130000C,(04)23274275,(04)23288582,2025,12,27,9,46,臺中市,神岡區,0,2,0,6,1,6,50,3,1,1,4,4,6,6,1,1,10,5,5,1,12,3,10,3,1,B03,7,5,1,7,2,5,,47,47,1,12,4,120.692564,24.248218,2
11753,66000,387130000C,(04)23274275,(04)23288582,2025,12,27,9,47,臺中市,南區,0,1,0,6,3,6,50,13,8,1,4,4,6,6,4,4,9,4,4,2,18,2,9,2,1,C03,7,9,1,10,2,16,,84,84,1,6,4,120.677154,24.124149,2
11754,66000,387130000C,(04)23274275,(04)23288582,2025,12,27,9,49,臺中市,西屯區,0,1,0,6,2,6,30,13,8,1,4,4,6,6,4,4,1,4,1,2,9,3,10,3,1,B03,7,5,1,8,2,1,,59,59,1,12,4,120.608672,24.184496,2
11755,66000,387130000C,(04)23274275,(04)23288582,2025,12,27,9,50,臺中市,西屯區,0,0,0,7,,,50,,,,,,,,,,,,,,13,,,,,B12,,,1,,1,,,59,59,1,12,4,120.65441,24.201602,3
11756,66000,387130000C,(04)23274275,(04)23288582,2025,12,27,9,51,臺中市,北區,0,0,0,7,3,6,50,4,1,1,5,4,6,6,2,1,10,5,5,2,18,,,,,C03,,,3,,2,,,6,6,1,13,4,120.685271,24.15282,4
11757,66000,387130000C,(04)23274275,(04)23288582,2025,12,27,9,52,臺中市,西屯區,0,0,0,6,,,50,,,,,,,,,,,,,,13,,,,,C03,,,1,,1,,,84,84,1,12,4,120.658562,24.159722,3
11758,66000,387130000C,(04)23274275,(04)23288582,2025,12,27,9,56,臺中市,大里區,0,1,0,5,3,6,50,4,2,1,4,4,6,6,1,1,3,2,5,2,18,2,9,1,1,C03,7,9,1,10,2,16,,84,84,1,12,4,120.687783,24.085782,2
11759,66000,387130000C,(04)23274275,(04)23288582,2025,12,27,9,57,臺中市,太平區,0,0,0,7,,,30,,,,,,,,,,,,,,16,,,,,B03,,,1,,1,,,14,14,1,12,4,120.705817,24.150259,3
11760,66000,387130000C,(04)23274275,(04)23288582,2025,12,27,10,0,臺中市,大里區,0,1,0,5,3,6,50,4,1,1,4,4,6,6,1,1,10,5,5,2,16,3,10,3,1,B03,7,5,1,8,2,6,,11,11,1,13,4,120.687275,24.095453,2
11761,66000,387130000C,(04)23274275,(04)23288582,2025,12,27,10,3,臺中市,北區,0,1,0,6,2,6,50,13,9,1,5,4,4,6,4,4,9,5,5,2,13,3,10,1,1,C03,7,9,1,10,2,11,,84,84,1,12,4,120.678737,24.152708,2
11762,66000,387130000C,(04)23274275,(04)23288582,2025,12,27,10,4,臺中市,潭子區,0,1,0,5,3,6,50,11,9,1,4,4,6,6,1,1,1,4,5,1,18,2,7,2,1,C03,7,9,1,10,2,14,,84,84,1,13,4,120.710607,24.192834,2
11763,66000,387130000C,(04)23274275,(04)23288582,2025,12,27,10,9,臺中市,北區,0,0,0,5,,,50,,,,,,,,,,,,,,17,,,,,B03,,,1,,2,,,84,84,1,13,4,120.674816,24.159008,3
11764,66000,387130000C,(04)23274275,(04)23288582,2025,12,27,10,14,臺中市,豐原區,0,2,0,7,2,6,50,3,19,1,5,4,6,6,4,4,5,5,5,1,3,2,9,5,4,C03,7,9,1,10,2,11,,84,84,1,12,4,120.719846,24.241543,2
11765,66000,387130000C,(04)23274275,(04)23288582,2025,12,27,10,18,臺中市,大里區,0,1,0,6,3,6,40,3,9,1,4,4,6,6,4,4,5,4,5,1,17,2,8,1,1,C04,7,1,1,10,2,14,,51,51,1,12,4,120.689406,24.11774,2
11766,66000,387130000C,(04)23274275,(04)23288582,2025,12,27,10,20,臺中市,北區,0,1,0,7,3,6,50,4,1,1,5,4,6,6,2,1,10,5,5,2,17,3,10,5,4,B12,7,5,1,8,2,2,,47,47,1,13,4,120.677416,24.165293,2
11767,66000,387130000C,(04)23274275,(04)23288582,2025,12,27,10,20,臺中市,豐原區,0,0,0,7,,,30,,,,,,,,,,,,,,14,,,,,B03,,,1,,2,,,49,49,1,12,4,120.718489,24.269498,3
11768,66000,387130000C,(04)23274275,(04)23288582,2025,12,27,10,24,臺中市,北屯區,0,1,0,7,2,6,50,4,2,1,4,4,6,6,1,1,5,5,5,2,21,3,10,3,1,B03,7,9,1,8,2,5,,59,59,1,12,4,120.696871,24.176031,2
11769,66000,387130000C,(04)23274275,(04)23288582,2025,12,27,10,24,臺中市,北屯區,0,0,0,7,,,50,,,,,,,,,,,,,,,,,,,B03,,,1,,2,,,8,8,1,12,4,120.71972,24.180454,4
11770,66000,387130000C,(04)23274275,(04)23288582,2025,12,27,10,29,臺中市,大肚區,0,0,0,7,,,70,,,,,,,,,,,,,,13,,,,,B03,,,1,,2,,,59,59,1,6,4,120.553761,24.133484,3
11771,66000,387130000C,(04)23274275,(04)23288582,2025,12,27,10,29,臺中市,梧棲區,0,0,0,7,,,30,,,,,,,,,,,,,,12,,,,,B03,,,1,,2,,,50,50,1,12,4,120.529895,24.250688,3
11772,66000,387130000C,(04)23274275,(04)23288582,2025,12,27,10,30,臺中市,北區,0,2,0,6,2,6,50,3,1,1,5,4,6,6,4,4,5,5,5,2,17,2,9,1,1,C03,7,6,3,19,2,15,,14,14,1,12,4,120.672071,24.153797,2
11773,66000,387130000C,(04)23274275,(04)23288582,2025,12,27,10,31,臺中市,大里區,0,0,0,5,,,40,,,,,,,,,,,,,,14,,,,,B03,,,1,,2,,,50,50,1,13,4,120.676822,24.106888,3
11774,66000,387130000C,(04)23274275,(04)23288582,2025,12,27,10,31,臺中市,龍井區,0,0,0,7,,,50,,,,,,,,,,,,,,12,,,,,B03,,,1,,1,,,47,47,1,6,4,120.579998,24.189156,3
11775,66000,387130000C,(04)23274275,(04)23288582,2025,12,27,10,32,臺中市,沙鹿區,0,0,0,7,,,50,,,,,,,,,,,,,,17,,,,,C03,,,1,,2,,,59,59,1,6,4,120.556278,24.209238,3
11776,66000,387130000C,(04)23274275,(04)23288582,2025,12,27,10,39,臺中市,太平區,0,1,0,7,2,3,80,13,7,1,5,4,6,6,4,4,1,4,5,1,13,3,10,3,1,B03,7,9,1,8,2,1,,7,7,1,12,4,120.717208,24.15682,2
11777,66000,387130000C,(04)23274275,(04)23288582,2025,12,27,10,42,臺中市,東區,0,0,0,7,,,50,,,,,,,,,,,,,,,,,,,B03,,,1,,2,,,7,7,1,12,4,120.697179,24.140284,3
11778,66000,387130000C,(04)23274275,(04)23288582,2025,12,27,10,42,臺中市,豐原區,0,1,0,7,2,6,30,11,9,1,5,4,6,6,4,4,10,5,5,1,17,2,7,2,1,F03,7,9,7,21,2,11,,59,59,1,12,4,120.726993,24.231086,2
11779,66000,387130000C,(04)23274275,(04)23288582,2025,12,27,10,45,臺中市,大雅區,0,0,0,7,,,40,,,,,,,,,,,,,,,,,,,C03,,,1,,1,,,7,7,1,13,4,120.639266,24.232452,3
11780,66000,387130000C,(04)23274275,(04)23288582,2025,12,27,10,45,臺中市,南屯區,0,2,0,7,1,6,50,3,1,1,5,4,6,6,4,4,5,5,5,2,12,2,6,5,4,C03,7,6,1,9,2,14,,87,87,1,13,4,120.651289,24.140974,2
11781,66000,387130000C,(04)23274275,(04)23288582,2025,12,27,10,47,臺中市,西屯區,0,0,0,7,,,50,,,,,,,,,,,,,,13,,,,,B03,,,1,,1,,,7,7,1,13,4,120.613801,24.183752,3
11782,66000,387130000C,(04)23274275,(04)23288582,2025,12,27,10,49,臺中市,北區,0,0,0,7,,,50,,,,,,,,,,,,,,17,,,,,C03,,,1,,2,,,7,7,1,13,4,120.683634,24.148924,4
11783,66000,387130000C,(04)23274275,(04)23288582,2025,12,27,10,50,臺中市,太平區,0,0,0,7,,3,80,,,,,,,,,,,,,,17,,,,,B12,,,1,,1,,,84,84,1,12,4,120.71694,24.155431,3
11784,66000,387130000C,(04)23274275,(04)23288582,2025,12,27,10,54,臺中市,北屯區,0,1,0,7,3,6,50,13,9,1,5,4,6,6,4,4,7,5,5,2,17,3,10,1,1,C03,7,9,1,10,1,11,,7,7,1,12,4,120.698421,24.184321,2
11785,66000,387130000C,(04)23274275,(04)23288582,2025,12,27,11,2,臺中市,大甲區,0,0,0,6,,,50,,,,,,,,,,,,,,,,,,,B03,,,1,,1,,,42,42,1,6,4,120.627383,24.350686,3
11786,66000,387130000C,(04)23274275,(04)23288582,2025,12,27,11,4,臺中市,龍井區,0,0,0,7,,,50,,,,,,,,,,,,,,,,,,,B03,,,1,,2,,,49,49,1,12,4,120.546224,24.194975,3
11787,66000,387130000C,(04)23274275,(04)23288582,2025,12,27,11,4,臺中市,豐原區,0,0,0,7,,,50,,,,,,,,,,,,,,13,,,,,B03,,,1,,2,,,7,84,1,12,4,120.720248,24.264972,3
11788,66000,387130000C,(04)23274275,(04)23288582,2025,12,27,11,7,臺中市,東勢區,0,0,0,7,,,50,,,,,,,,,,,,,,,,,,,H04,,,7,,1,,,95,95,1,12,4,120.840647,24.244896,3
11789,66000,387130000C,(04)23274275,(04)23288582,2025,12,27,11,9,臺中市,梧棲區,0,1,0,7,2,6,50,13,9,1,5,4,6,6,4,4,9,5,4,2,17,3,10,3,1,B03,7,1,1,8,2,8,,51,51,1,12,4,120.542794,24.246423,2
11790,66000,387130000C,(04)23274275,(04)23288582,2025,12,27,11,10,臺中市,神岡區,0,0,0,7,,,40,,,,,,,,,,,,,,16,,,,,B03,,,1,,1,,,8,8,1,13,4,120.685671,24.280352,4
11791,66000,387130000C,(04)23274275,(04)23288582,2025,12,27,11,11,臺中市,霧峰區,0,1,0,6,1,6,40,3,2,1,5,4,6,6,4,4,10,5,5,1,18,2,9,1,1,C03,7,9,1,10,2,11,,84,84,1,13,4,120.697039,24.055562,2
11792,66000,387130000C,(04)23274275,(04)23288582,2025,12,27,11,16,臺中市,北屯區,0,0,0,7,,,50,,,,,,,,,,,,,,14,,,,,B12,,,1,,1,,,49,49,1,6,4,120.725998,24.179016,3
11793,66000,387130000C,(04)23274275,(04)23288582,2025,12,27,11,21,臺中市,西區,0,2,0,7,2,6,50,4,1,1,5,4,6,6,1,1,8,3,5,2,16,2,9,2,1,C03,7,6,1,10,2,14,,48,48,1,12,4,120.671926,24.135123,2
11794,66000,387130000C,(04)23274275,(04)23288582,2025,12,27,11,23,臺中市,西屯區,0,1,0,7,2,6,50,3,1,1,5,4,6,6,4,4,10,5,5,2,16,3,10,5,4,B03,7,11,1,8,2,8,,45,45,1,12,4,120.616375,24.18029,2
11795,66000,387130000C,(04)23274275,(04)23288582,2025,12,27,11,25,臺中市,西屯區,0,0,0,7,2,6,50,4,1,1,5,4,6,6,2,1,1,4,5,2,12,,,,,B03,,,1,,1,,,8,8,1,13,4,120.64489,24.162843,3
11796,66000,387130000C,(04)23274275,(04)23288582,2025,12,27,11,28,臺中市,南屯區,0,1,0,7,3,6,0,13,21,1,5,4,6,6,4,4,10,5,5,2,9,3,10,1,1,C03,7,9,2,19,2,11,,84,84,1,12,4,120.638188,24.147152,2
11797,66000,387130000C,(04)23274275,(04)23288582,2025,12,27,11,30,臺中市,潭子區,0,2,0,7,3,6,30,13,9,1,5,4,6,6,4,4,10,5,5,2,3,2,8,2,1,C03,7,9,1,10,2,11,,84,84,1,13,4,120.706344,24.21217,2
11798,66000,387130000C,(04)23274275,(04)23288582,2025,12,27,11,36,臺中市,烏日區,0,0,0,7,,,50,,,,,,,,,,,,,,,,,,,B03,,,1,,2,,,50,50,1,12,4,120.63564,24.108491,3
11799,66000,387130000C,(04)23274275,(04)23288582,2025,12,27,11,39,臺中市,東區,0,0,0,7,,,50,,,,,,,,,,,,,,14,,,,,B03,,,1,,1,,,49,49,1,12,4,120.689139,24.131072,3
11800,66000,387130000C,(04)23274275,(04)23288582,2025,12,27,11,43,臺中市,西區,0,2,0,7,2,6,30,13,9,1,5,4,6,6,4,4,10,5,5,2,17,2,9,1,1,C03,7,6,1,10,2,14,,20,20,1,12,4,120.654032,24.145343,2
11801,66000,387130000C,(04)23274275,(04)23288582,2025,12,27,11,43,臺中市,西區,0,0,0,7,,,50,,,,,,,,,,,,,,,,,,,B02,,,1,,1,,,8,8,1,12,4,120.661422,24.154196,3
11802,66000,387130000C,(04)23274275,(04)23288582,2025,12,27,11,48,臺中市,東區,0,0,0,7,,,50,,,,,,,,,,,,,,16,,,,,A04,,,1,,2,,,22,22,1,12,4,120.68599,24.14013,3
11803,66000,387130000C,(04)23274275,(04)23288582,2025,12,27,11,49,臺中市,北屯區,0,0,0,7,,,50,,,,,,,,,,,,,,13,,,,,B03,,,3,,2,,,7,7,1,12,4,120.702688,24.164902,3
11804,66000,387130000C,(04)23274275,(04)23288582,2025,12,27,11,50,臺中市,西屯區,0,2,0,6,2,6,30,13,9,1,5,4,6,6,4,4,10,5,5,2,16,3,10,1,1,C03,7,6,1,10,2,14,,84,84,1,5,4,120.646366,24.178465,2
11805,66000,387130000C,(04)23274275,(04)23288582,2025,12,27,11,53,臺中市,大肚區,0,0,0,6,,,50,,,,,,,,,,,,,,18,,,,,C03,,,1,,2,,,56,56,1,12,4,120.579756,24.170236,3
11806,66000,387130000C,(04)23274275,(04)23288582,2025,12,27,11,53,臺中市,沙鹿區,0,0,0,7,,,50,,,,,,,,,,,,,,17,,,,,B03,,,1,,2,,,7,7,1,6,4,120.573629,24.223609,3
11807,66000,387130000C,(04)23274275,(04)23288582,2025,12,27,11,56,臺中市,南區,0,0,0,7,,,50,,,,,,,,,,,,,,,,,,,B03,,,1,,1,,,49,49,1,12,4,120.667206,24.118634,3
11808,66000,387130000C,(04)23274275,(04)23288582,2025,12,27,11,57,臺中市,西屯區,0,2,0,7,2,6,50,4,4,1,5,4,6,6,2,1,5,5,5,2,16,3,10,1,1,C03,7,5,1,10,2,13,,11,11,1,12,2,120.646722,24.17325,2
11809,66000,387130000C,(04)23274275,(04)23288582,2025,12,27,12,3,臺中市,西屯區,0,1,0,7,2,6,40,13,9,1,5,4,6,6,4,4,5,4,4,2,9,3,10,2,4,C03,7,5,3,19,1,11,,59,59,1,13,4,120.65512,24.161004,2
11810,66000,387130000C,(04)23274275,(04)23288582,2025,12,27,12,5,臺中市,西屯區,0,0,0,6,,,50,,,,,,,,,,,,,,17,,,,,B03,,,1,,1,,,45,45,1,12,4,120.616427,24.185916,3
11811,66000,387130000C,(04)23274275,(04)23288582,2025,12,27,12,10,臺中市,豐原區,0,0,0,7,,,50,,,,,,,,,,,,,,12,,,,,B03,,,1,,2,,,8,8,1,6,4,120.727006,24.249987,3
11812,66000,387130000C,(04)23274275,(04)23288582,2025,12,27,12,11,臺中市,北屯區,0,0,0,7,,,50,,,,,,,,,,,,,,,,,,,C03,,,1,,1,,,7,7,1,6,4,120.686364,24.19543,4
11813,66000,387130000C,(04)23274275,(04)23288582,2025,12,27,12,12,臺中市,北區,0,0,0,7,,,50,,,,,,,,,,,,,,16,,,,,B03,,,1,,2,,,11,11,1,13,4,120.675338,24.167122,3
11814,66000,387130000C,(04)23274275,(04)23288582,2025,12,27,12,14,臺中市,南屯區,0,1,0,7,3,6,50,13,9,1,5,4,6,6,4,4,1,4,5,2,12,3,10,1,1,C02,7,9,1,9,1,12,,7,7,1,12,4,120.647597,24.124399,2
11815,66000,387130000C,(04)23274275,(04)23288582,2025,12,27,12,23,臺中市,西屯區,0,1,0,7,2,6,50,13,9,1,5,4,6,6,4,4,1,4,5,2,13,2,1,5,4,B03,7,9,1,8,2,1,,7,7,1,12,4,120.653115,24.167226,2
11816,66000,387130000C,(04)23274275,(04)23288582,2025,12,27,12,23,臺中市,外埔區,0,0,0,7,2,6,50,3,8,1,5,4,6,6,1,1,5,4,4,2,13,,,,,B03,,,1,,11,,,7,7,1,6,4,120.639208,24.341259,3
11817,66000,387130000C,(04)23274275,(04)23288582,2025,12,27,12,30,臺中市,北區,0,0,0,7,,,40,,,,,,,,,,,,,,16,,,,,B03,,,1,,1,,,47,47,1,12,4,120.690754,24.158831,3
11818,66000,387130000C,(04)23274275,(04)23288582,2025,12,27,12,30,臺中市,北屯區,0,0,0,7,,3,80,,,,,,,,,,,,,,13,,,,,B03,,,1,,2,,,84,84,1,12,4,120.718116,24.160391,3