序號,縣市別代碼,機關代碼,市話,傳真,年,月,日,時,分,縣市,區,死亡數量,受傷數量,2-30,天候,道路照明設備,道路類別,道路速限,道路型態,事故位置,路面鋪裝,路面狀態,路面缺陷,障礙物,視距,號誌種類,號誌動作,分向設施,快車道或一般車道間,快慢車道間,路面邊線,事故類型及型態,受傷程度,主要傷處,保護裝備,行動電話或功能裝置,當事者區分(類別),車輛用途,當事者行動狀態,駕照狀態,駕照種類,飲酒情形,車輛撞擊部位最初,車輛撞擊部位其他,肇事因素個別,肇事因素主要,肇事逃逸,職業,共享經濟或外送平台,GPS座標X,GPS座標Y,事故類別
11819,66000,387130000C,(04)23274275,(04)23288582,2025,12,27,12,31,臺中市,大里區,0,0,0,6,,,30,,,,,,,,,,,,,,17,,,,,B03,,,1,,2,,,20,20,1,12,4,120.687309,24.098764,3
11820,66000,387130000C,(04)23274275,(04)23288582,2025,12,27,12,33,臺中市,北屯區,0,2,0,7,3,6,50,4,1,1,5,4,6,6,1,1,10,5,5,2,16,3,10,1,1,C03,7,6,1,10,2,14,,11,11,1,12,4,120.709918,24.180116,2
11821,66000,387130000C,(04)23274275,(04)23288582,2025,12,27,12,35,臺中市,豐原區,0,1,0,7,2,6,30,13,9,1,5,4,6,6,4,4,10,5,5,1,30,2,8,1,1,C03,7,9,1,10,2,14,,59,59,1,12,4,120.727863,24.238219,2
11822,66000,387130000C,(04)23274275,(04)23288582,2025,12,27,12,38,臺中市,東區,0,1,0,7,1,6,50,4,1,1,5,4,6,6,1,1,9,4,5,2,11,3,10,3,1,B03,7,6,1,8,2,2,,11,11,1,12,4,120.696502,24.138866,2
11823,66000,387130000C,(04)23274275,(04)23288582,2025,12,27,12,40,臺中市,北屯區,0,0,0,7,,,50,,,,,,,,,,,,,,,,,,,,,,,,,,,86,86,1,,,120.696528,24.180401,3
11824,66000,387130000C,(04)23274275,(04)23288582,2025,12,27,12,45,臺中市,北區,0,1,0,7,2,6,50,3,1,1,5,4,6,6,4,4,5,5,5,2,17,3,10,5,1,B03,7,6,1,8,2,1,,12,12,1,13,4,120.683767,24.15524,2
11825,66000,387130000C,(04)23274275,(04)23288582,2025,12,27,12,45,臺中市,東區,0,0,0,7,,,50,,,,,,,,,,,,,,13,,,,,B03,,,5,,1,,,7,7,1,12,4,120.693129,24.142987,3
11826,66000,387130000C,(04)23274275,(04)23288582,2025,12,27,12,47,臺中市,北屯區,0,0,0,7,,3,80,13,17,1,5,4,6,6,4,4,1,4,5,2,12,3,10,3,1,B12,7,9,1,10,5,8,,90,90,1,6,4,120.692677,24.201237,3
11827,66000,387130000C,(04)23274275,(04)23288582,2025,12,27,12,50,臺中市,北屯區,0,0,0,7,,,50,,,,,,,,,,,,,,17,,,,,C03,,,5,,2,,,71,71,1,6,4,120.72727,24.160298,3
11828,66000,387130000C,(04)23274275,(04)23288582,2025,12,27,12,53,臺中市,豐原區,0,0,0,6,,,50,,,,,,,,,,,,,,21,,,,,B03,,,1,,2,,,84,84,1,12,4,120.718401,24.251543,3
11829,66000,387130000C,(04)23274275,(04)23288582,2025,12,27,12,56,臺中市,北屯區,0,2,0,7,3,6,50,3,1,1,5,4,6,6,1,1,10,5,5,2,13,2,9,1,1,C03,7,9,1,10,2,11,,7,7,1,12,4,120.697869,24.173293,2
11830,66000,387130000C,(04)23274275,(04)23288582,2025,12,27,12,58,臺中市,北屯區,0,0,0,7,,,50,,,,,,,,,,,,,,12,,,,,C03,,,1,,1,,,84,84,1,12,4,120.681486,24.171139,3
11831,66000,387130000C,(04)23274275,(04)23288582,2025,12,27,13,4,臺中市,西區,0,0,0,7,,,50,,,,,,,,,,,,,,9,,,,,B03,,,1,,2,,,49,49,1,13,4,120.681413,24.146211,3
11832,66000,387130000C,(04)23274275,(04)23288582,2025,12,27,13,4,臺中市,南屯區,0,0,0,7,3,6,50,13,8,1,5,4,6,6,4,4,5,4,4,2,12,,,,,B02,,,1,,1,,,59,59,1,12,4,120.633572,24.142914,3
11833,66000,387130000C,(04)23274275,(04)23288582,2025,12,27,13,5,臺中市,沙鹿區,0,0,0,6,,,30,,,,,,,,,,,,,,,,,,,F01,,,7,,1,,,87,87,1,12,4,120.559521,24.246737,3
11834,66000,387130000C,(04)23274275,(04)23288582,2025,12,27,13,6,臺中市,北區,0,0,0,7,,,50,,,,,,,,,,,,,,15,,,,,B03,,,1,,2,,,21,21,1,13,4,120.667632,24.164823,3
11835,66000,387130000C,(04)23274275,(04)23288582,2025,12,27,13,6,臺中市,北屯區,0,0,0,7,,,50,,,,,,,,,,,,,,,,,,,F03,,,7,,1,,,59,59,1,12,4,120.68314,24.170694,3
11836,66000,387130000C,(04)23274275,(04)23288582,2025,12,27,13,8,臺中市,北屯區,0,1,0,7,3,3,80,13,17,1,5,4,6,6,4,4,1,5,5,2,13,3,10,3,1,B03,7,9,1,8,1,1,,7,7,1,6,4,120.693414,24.20122,2
11837,66000,387130000C,(04)23274275,(04)23288582,2025,12,27,13,10,臺中市,北區,0,0,0,7,,,50,,,,,,,,,,,,,,12,,,,,B12,,,1,,1,,,8,8,1,12,4,120.684142,24.153987,3
11838,66000,387130000C,(04)23274275,(04)23288582,2025,12,27,13,10,臺中市,東區,0,0,0,7,,,50,,,,,,,,,,,,,,13,,,,,B03,,,1,,1,,,84,84,1,12,4,120.704539,24.130167,3
11839,66000,387130000C,(04)23274275,(04)23288582,2025,12,27,13,10,臺中市,大里區,0,0,0,7,,,50,,,,,,,,,,,,,,,,,,,A12,,,1,,1,,,49,49,1,12,4,120.702689,24.087718,3
11840,66000,387130000C,(04)23274275,(04)23288582,2025,12,27,13,12,臺中市,太平區,0,0,0,7,,,50,,,,,,,,,,,,,,17,,,,,B12,,,1,,9,,,84,84,1,12,4,120.711042,24.151137,3
11841,66000,387130000C,(04)23274275,(04)23288582,2025,12,27,13,14,臺中市,大肚區,0,0,0,7,,,50,,,,,,,,,,,,,,,,,,,B12,,,1,,2,,,49,49,1,6,4,120.567098,24.122391,3
11842,66000,387130000C,(04)23274275,(04)23288582,2025,12,27,13,17,臺中市,南區,0,0,0,7,,,50,,,,,,,,,,,,,,,,,,,B03,,,1,,1,,,84,84,1,6,4,120.682924,24.131478,3
11843,66000,387130000C,(04)23274275,(04)23288582,2025,12,27,13,17,臺中市,東區,0,0,0,7,,,50,,,,,,,,,,,,,,,,,,,B03,,,1,,1,,,47,47,1,12,4,120.689966,24.137833,3
11844,66000,387130000C,(04)23274275,(04)23288582,2025,12,27,13,18,臺中市,西區,0,0,0,7,,,50,,,,,,,,,,,,,,15,,,,,C03,,,1,,1,,,15,15,1,13,4,120.662584,24.135164,3
11845,66000,387130000C,(04)23274275,(04)23288582,2025,12,27,13,21,臺中市,北區,0,2,0,7,2,6,50,4,1,1,5,4,6,6,1,1,5,5,5,2,17,2,9,5,1,C03,7,9,1,10,2,11,,7,7,1,13,4,120.671537,24.173613,2
11846,66000,387130000C,(04)23274275,(04)23288582,2025,12,27,13,28,臺中市,北屯區,0,0,0,7,,,40,,,,,,,,,,,,,,12,,,,,B12,,,1,,2,,,59,59,1,12,4,120.672987,24.197923,3
11847,66000,387130000C,(04)23274275,(04)23288582,2025,12,27,13,30,臺中市,大甲區,0,0,0,7,,,50,,,,,,,,,,,,,,,,,,,F03,,,7,,2,,,85,85,1,12,4,120.627797,24.34058,3
11848,66000,387130000C,(04)23274275,(04)23288582,2025,12,27,13,41,臺中市,西區,0,0,0,7,,,,,,,,,,,,,,,,,,,,,,,,,,,,,,119,119,1,,,120.657429,24.147588,3
11849,66000,387130000C,(04)23274275,(04)23288582,2025,12,27,13,43,臺中市,北屯區,0,0,0,7,,,50,,,,,,,,,,,,,,,,,,,B12,,,1,,1,,,49,49,1,12,4,120.724777,24.15857,3
11850,66000,387130000C,(04)23274275,(04)23288582,2025,12,27,13,46,臺中市,豐原區,0,1,0,6,2,8,10,13,13,1,5,4,6,6,4,4,9,5,5,1,18,2,9,6,1,F01,7,9,7,21,2,15,,84,84,1,12,4,120.744848,24.273787,2
11851,66000,387130000C,(04)23274275,(04)23288582,2025,12,27,13,55,臺中市,西區,0,0,0,7,,,50,,,,,,,,,,,,,,13,,,,,B03,,,1,,1,,,7,7,1,13,4,120.663918,24.150783,3
11852,66000,387130000C,(04)23274275,(04)23288582,2025,12,27,13,58,臺中市,西屯區,0,0,0,7,2,6,30,3,1,1,5,4,3,3,4,4,10,5,5,2,16,,,,,F01,,,7,,2,,,14,14,1,12,1,120.655143,24.162343,3
11853,66000,387130000C,(04)23274275,(04)23288582,2025,12,27,13,58,臺中市,豐原區,0,0,0,6,2,6,50,13,7,1,5,4,6,6,4,4,1,5,4,1,13,3,10,3,1,B03,7,9,1,8,1,1,,7,7,1,12,4,120.70059,24.237157,3
11854,66000,387130000C,(04)23274275,(04)23288582,2025,12,27,14,0,臺中市,中區,0,1,0,7,2,6,50,4,1,1,5,4,6,6,1,1,10,5,5,2,17,3,10,3,1,B03,7,5,1,8,2,5,,39,39,1,12,4,120.661731,24.144327,2
11855,66000,387130000C,(04)23274275,(04)23288582,2025,12,27,14,0,臺中市,南屯區,0,0,0,7,3,6,50,13,9,1,5,4,6,6,1,1,1,4,5,2,12,,,,,B03,,,1,,2,,,8,8,2,12,4,120.647824,24.12356,3
11856,66000,387130000C,(04)23274275,(04)23288582,2025,12,27,14,6,臺中市,西區,0,1,0,7,2,6,40,5,2,1,5,4,6,6,2,1,5,5,4,2,16,2,9,1,1,C03,7,6,1,10,2,14,,84,84,1,13,4,120.668078,24.132093,2
11857,66000,387130000C,(04)23274275,(04)23288582,2025,12,27,14,9,臺中市,西屯區,0,1,0,6,2,6,50,3,1,1,5,4,6,6,4,4,5,4,5,2,16,2,9,1,1,C03,7,6,1,10,2,12,,12,12,1,12,4,120.6363,24.170097,2
11858,66000,387130000C,(04)23274275,(04)23288582,2025,12,27,14,10,臺中市,南屯區,0,1,0,7,2,6,60,4,1,1,5,4,6,6,2,1,10,5,5,2,16,3,10,3,1,B03,7,5,1,8,2,3,,38,38,1,12,4,120.612329,24.150666,2
11859,66000,387130000C,(04)23274275,(04)23288582,2025,12,27,14,10,臺中市,大里區,0,0,0,7,,,50,,,,,,,,,,,,,,17,,,,,B03,,,1,,1,,,8,8,1,12,4,120.689102,24.090311,3
11860,66000,387130000C,(04)23274275,(04)23288582,2025,12,27,14,10,臺中市,沙鹿區,0,0,0,7,,,50,,,,,,,,,,,,,,,,,,,B03,,,1,,2,,,50,50,1,13,4,120.560558,24.243052,3
11861,66000,387130000C,(04)23274275,(04)23288582,2025,12,27,14,12,臺中市,烏日區,0,1,0,7,3,9,50,3,1,1,5,4,6,6,2,1,10,5,5,2,16,3,10,3,1,B02,7,5,1,8,2,5,,47,47,1,6,4,120.629727,24.109214,2
11862,66000,387130000C,(04)23274275,(04)23288582,2025,12,27,14,14,臺中市,北屯區,0,0,0,7,,,60,,,,,,,,,,,,,,13,,,,,B03,,,1,,9,,,82,82,2,6,4,120.696799,24.170508,3
11863,66000,387130000C,(04)23274275,(04)23288582,2025,12,27,14,14,臺中市,大里區,0,1,0,6,3,6,50,4,1,1,5,4,6,6,1,1,10,5,5,2,15,3,10,3,1,B03,7,9,1,8,2,2,,21,21,1,13,4,120.68165,24.100279,2
11864,66000,387130000C,(04)23274275,(04)23288582,2025,12,27,14,23,臺中市,沙鹿區,0,0,0,7,,,40,,,,,,,,,,,,,,17,,,,,B03,,,1,,2,,,50,50,1,6,4,120.567759,24.256808,3
11865,66000,387130000C,(04)23274275,(04)23288582,2025,12,27,14,27,臺中市,北屯區,0,1,0,7,3,6,50,4,1,1,5,4,6,6,2,1,10,5,5,2,13,2,7,1,1,C03,7,9,1,10,2,11,,7,7,1,12,4,120.667453,24.173412,2
11866,66000,387130000C,(04)23274275,(04)23288582,2025,12,27,14,28,臺中市,西屯區,0,2,0,7,2,6,30,4,1,1,5,4,6,6,4,4,10,5,5,2,15,2,9,5,4,C03,7,9,1,10,2,12,,12,12,1,12,4,120.644954,24.175411,2
11867,66000,387130000C,(04)23274275,(04)23288582,2025,12,27,14,30,臺中市,東區,0,0,0,7,,,,,,,,,,,,,,,,,17,,,,,,,,,,,,,86,86,1,,,120.688707,24.143104,3
11868,66000,387130000C,(04)23274275,(04)23288582,2025,12,27,14,33,臺中市,大里區,0,0,0,7,,,30,,,,,,,,,,,,,,16,,,,,C03,,,1,,2,,,11,11,1,12,4,120.698969,24.096528,3
11869,66000,387130000C,(04)23274275,(04)23288582,2025,12,27,14,36,臺中市,大肚區,0,0,0,7,,,,,,,,,,,,,,,,,,,,,,,,,,,,,,119,119,1,,,120.54682,24.152129,3
11870,66000,387130000C,(04)23274275,(04)23288582,2025,12,27,14,36,臺中市,大肚區,0,0,0,7,,,70,,,,,,,,,,,,,,13,,,,,B03,,,1,,2,,,84,84,1,6,4,120.553799,24.133275,3
11871,66000,387130000C,(04)23274275,(04)23288582,2025,12,27,14,43,臺中市,北區,0,1,0,7,2,6,50,4,7,1,5,4,6,6,4,4,5,5,4,2,17,3,10,5,4,B12,7,9,1,8,2,2,,84,84,1,13,4,120.673414,24.171577,2
11872,66000,387130000C,(04)23274275,(04)23288582,2025,12,27,14,44,臺中市,大肚區,0,0,0,7,,,30,,,,,,,,,,,,,,,,,,,B03,,,1,,2,,,51,51,1,12,4,120.578548,24.173703,3
11873,66000,387130000C,(04)23274275,(04)23288582,2025,12,27,14,48,臺中市,太平區,0,2,0,7,2,6,50,5,1,1,5,4,6,6,1,1,10,5,5,2,15,2,9,2,1,C03,7,9,1,10,2,12,,87,87,1,13,4,120.710029,24.134899,2
11874,66000,387130000C,(04)23274275,(04)23288582,2025,12,27,14,51,臺中市,南屯區,0,0,0,7,,,50,,,,,,,,,,,,,,17,,,,,B03,,,1,,2,,,58,58,1,12,4,120.649841,24.154284,3
11875,66000,387130000C,(04)23274275,(04)23288582,2025,12,27,14,51,臺中市,太平區,0,1,0,7,2,6,50,13,9,1,5,4,6,6,4,4,9,5,5,2,10,3,10,1,1,C03,7,1,1,10,2,14,,51,51,1,12,4,120.730434,24.15606,2
11876,66000,387130000C,(04)23274275,(04)23288582,2025,12,27,14,54,臺中市,豐原區,0,0,0,7,,,50,,,,,,,,,,,,,,12,,,,,B03,,,1,,1,,,20,20,1,6,4,120.706216,24.249714,4
11877,66000,387130000C,(04)23274275,(04)23288582,2025,12,27,14,56,臺中市,外埔區,0,0,0,7,,,30,,,,,,,,,,,,,,14,,,,,B12,,,1,,2,,,49,49,1,6,4,120.626454,24.334927,3
11878,66000,387130000C,(04)23274275,(04)23288582,2025,12,27,14,59,臺中市,大里區,0,0,0,7,,,50,,,,,,,,,,,,,,13,,,,,C03,,,1,,2,,,7,7,1,13,4,120.69009,24.110674,3
11879,66000,387130000C,(04)23274275,(04)23288582,2025,12,27,15,8,臺中市,烏日區,0,0,0,7,,,50,,,,,,,,,,,,,,,,,,,B03,,,1,,2,,,59,59,1,6,4,120.611538,24.11066,3
11880,66000,387130000C,(04)23274275,(04)23288582,2025,12,27,15,10,臺中市,南屯區,0,1,0,7,2,6,50,3,2,1,5,4,6,6,1,1,5,4,5,2,12,2,9,1,1,C03,7,9,1,10,2,11,,59,59,1,12,4,120.648309,24.134752,2
11881,66000,387130000C,(04)23274275,(04)23288582,2025,12,27,15,15,臺中市,潭子區,0,1,0,7,2,6,30,4,1,1,5,4,6,6,1,1,10,5,5,2,17,2,9,2,1,C03,7,5,1,10,2,12,,59,59,1,12,4,120.678349,24.215568,2
11882,66000,387130000C,(04)23274275,(04)23288582,2025,12,27,15,16,臺中市,北屯區,0,0,0,7,,,50,,,,,,,,,,,,,,23,,,,,B03,,,1,,1,,,59,59,1,12,4,120.671321,24.193079,4
11883,66000,387130000C,(04)23274275,(04)23288582,2025,12,27,15,19,臺中市,北區,0,2,0,7,2,6,40,3,1,1,5,4,6,6,4,4,10,5,5,2,16,2,9,6,1,F01,7,6,7,21,2,11,,48,48,1,13,4,120.675453,24.154833,2
11884,66000,387130000C,(04)23274275,(04)23288582,2025,12,27,15,19,臺中市,南屯區,0,1,0,7,2,6,50,4,1,1,5,4,6,6,2,1,9,4,5,2,13,3,10,3,1,B03,7,9,1,8,2,1,,7,7,1,12,4,120.649899,24.133339,2
11885,66000,387130000C,(04)23274275,(04)23288582,2025,12,27,15,26,臺中市,沙鹿區,0,0,0,7,,,50,,,,,,,,,,,,,,,,,,,B12,,,1,,2,,,7,7,1,12,4,120.568972,24.236846,3
11886,66000,387130000C,(04)23274275,(04)23288582,2025,12,27,15,29,臺中市,北區,0,2,0,7,2,6,50,4,1,1,5,4,6,6,2,1,5,4,5,2,16,3,10,1,1,C03,7,4,1,10,2,14,,1,1,1,13,4,120.684412,24.142309,2
11887,66000,387130000C,(04)23274275,(04)23288582,2025,12,27,15,29,臺中市,后里區,0,0,0,7,2,6,30,13,9,1,5,4,6,6,4,4,10,5,5,2,14,,,,,B03,,,1,,1,,,49,49,1,6,4,120.741247,24.312721,3
11888,66000,387130000C,(04)23274275,(04)23288582,2025,12,27,15,35,臺中市,沙鹿區,0,1,0,7,2,6,50,13,7,1,5,4,6,6,4,4,8,3,4,1,17,3,10,5,4,B03,7,1,1,8,2,4,,51,51,1,13,4,120.564837,24.201143,2
11889,66000,387130000C,(04)23274275,(04)23288582,2025,12,27,15,37,臺中市,北屯區,0,0,0,7,,,50,,,,,,,,,,,,,,12,,,,,B03,,,1,,2,,,8,8,1,13,4,120.679085,24.17309,3
11890,66000,387130000C,(04)23274275,(04)23288582,2025,12,27,15,40,臺中市,西屯區,0,1,0,7,2,6,50,4,1,1,5,4,6,6,2,1,10,5,5,2,16,2,8,1,1,C03,7,9,1,10,2,11,,21,21,1,13,4,120.642808,24.15891,2
11891,66000,387130000C,(04)23274275,(04)23288582,2025,12,27,15,42,臺中市,西區,0,1,0,7,1,6,50,13,9,1,5,4,6,6,4,4,1,4,5,2,17,2,9,5,4,C03,7,9,1,10,2,12,,84,84,1,12,4,120.669837,24.130709,2
11892,66000,387130000C,(04)23274275,(04)23288582,2025,12,27,15,44,臺中市,西屯區,0,1,0,7,2,6,50,13,7,1,5,4,6,6,4,4,10,4,4,1,13,2,9,1,4,C04,7,9,1,10,1,11,,7,7,1,13,4,120.657886,24.195826,2
11893,66000,387130000C,(04)23274275,(04)23288582,2025,12,27,15,47,臺中市,北屯區,0,0,0,7,,,50,,,,,,,,,,,,,,13,,,,,B12,,,1,,1,,,84,84,1,6,4,120.663049,24.197747,3
11894,66000,387130000C,(04)23274275,(04)23288582,2025,12,27,15,49,臺中市,西區,0,0,0,7,,,40,,,,,,,,,,,,,,14,,,,,B03,,,1,,1,,,49,49,1,12,4,120.663744,24.156941,3
11895,66000,387130000C,(04)23274275,(04)23288582,2025,12,27,15,52,臺中市,北屯區,0,0,0,7,,,50,,,,,,,,,,,,,,16,,,,,B03,,,1,,1,,,20,20,1,12,4,120.697379,24.161604,4
11896,66000,387130000C,(04)23274275,(04)23288582,2025,12,27,15,53,臺中市,北屯區,0,1,0,7,2,6,50,4,1,1,5,4,6,6,2,1,10,5,5,2,17,3,10,2,1,C03,7,5,1,10,2,12,,42,42,1,6,4,120.685571,24.172283,2
11897,66000,387130000C,(04)23274275,(04)23288582,2025,12,27,15,55,臺中市,西屯區,0,0,0,7,,,50,,,,,,,,,,,,,,16,,,,,B03,,,1,,1,,,47,47,1,12,4,120.65521,24.178075,3
11898,66000,387130000C,(04)23274275,(04)23288582,2025,12,27,16,0,臺中市,東區,0,0,0,7,,,50,,,,,,,,,,,,,,,,,,,B03,,,1,,2,,,49,49,1,13,4,120.68664,24.134009,3
11899,66000,387130000C,(04)23274275,(04)23288582,2025,12,27,16,2,臺中市,大雅區,0,1,0,6,3,6,30,3,2,1,5,4,6,6,4,4,10,5,5,2,17,3,10,3,1,B03,7,1,1,8,2,4,,51,51,1,12,4,120.654474,24.228039,2
11900,66000,387130000C,(04)23274275,(04)23288582,2025,12,27,16,13,臺中市,南區,0,4,0,7,2,6,50,4,1,1,5,4,6,6,2,1,10,5,5,2,16,2,9,2,1,C03,7,5,1,10,2,12,,47,47,1,4,4,120.684203,24.122355,2
11901,66000,387130000C,(04)23274275,(04)23288582,2025,12,27,16,16,臺中市,豐原區,0,2,0,6,2,6,50,13,7,1,5,4,6,6,4,4,5,5,4,2,13,2,8,1,1,C03,7,9,1,10,2,11,,7,7,1,12,2,120.717957,24.253331,2
11902,66000,387130000C,(04)23274275,(04)23288582,2025,12,27,16,17,臺中市,太平區,0,2,0,7,2,6,40,13,8,1,5,4,6,6,4,4,5,4,4,1,16,2,9,2,1,C03,7,1,3,19,2,14,,51,51,1,13,4,120.718097,24.153598,2
11903,66000,387130000C,(04)23274275,(04)23288582,2025,12,27,16,18,臺中市,東區,0,0,0,7,,,50,,,,,,,,,,,,,,,,,,,B03,,,1,,2,,,84,84,1,6,4,120.687246,24.141486,3
11904,66000,387130000C,(04)23274275,(04)23288582,2025,12,27,16,19,臺中市,龍井區,0,1,0,7,2,6,30,4,1,1,5,4,6,6,4,4,10,5,5,1,15,3,10,3,1,B03,7,9,1,8,2,2,,12,12,1,12,4,120.525576,24.198691,2
11905,66000,387130000C,(04)23274275,(04)23288582,2025,12,27,16,21,臺中市,南屯區,0,0,0,7,,,50,,,,,,,,,,,,,,14,,,,,B03,,,1,,2,,,49,49,1,13,4,120.636441,24.149702,3
11906,66000,387130000C,(04)23274275,(04)23288582,2025,12,27,16,22,臺中市,石岡區,0,0,0,7,,,70,,,,,,,,,,,,,,,,,,,B03,,,1,,1,,,7,7,1,12,4,120.784009,24.274475,3
11907,66000,387130000C,(04)23274275,(04)23288582,2025,12,27,16,28,臺中市,北區,0,2,0,7,3,6,40,13,9,1,5,4,6,6,3,1,5,5,4,2,17,2,9,1,1,C03,7,9,1,10,2,15,,84,84,1,12,4,120.684459,24.159092,2
11908,66000,387130000C,(04)23274275,(04)23288582,2025,12,27,16,39,臺中市,西區,0,0,0,7,,,50,,,,,,,,,,,,,,,,,,,B03,,,1,,2,,,50,50,1,6,4,120.656046,24.141961,3
11909,66000,387130000C,(04)23274275,(04)23288582,2025,12,27,16,39,臺中市,北區,0,0,0,7,,,50,,,,,,,,,,,,,,17,,,,,B03,,,5,,9,,,84,84,2,13,4,120.675615,24.16582,3
11910,66000,387130000C,(04)23274275,(04)23288582,2025,12,27,16,39,臺中市,豐原區,0,0,0,6,2,6,50,13,7,1,5,4,6,6,4,4,1,4,4,1,13,3,10,3,1,B03,7,9,1,8,2,1,,7,7,1,12,4,120.747997,24.266967,3
11911,66000,387130000C,(04)23274275,(04)23288582,2025,12,27,16,48,臺中市,北區,0,1,0,7,2,6,50,13,7,1,5,4,6,6,4,4,5,5,4,2,16,3,10,1,1,C03,7,1,1,10,2,14,,51,51,1,12,4,120.675308,24.171501,2
11912,66000,387130000C,(04)23274275,(04)23288582,2025,12,27,16,48,臺中市,北屯區,0,1,0,7,2,6,40,13,8,1,5,4,6,6,4,4,1,4,4,2,18,2,7,2,1,C03,7,9,1,10,2,12,,82,82,1,12,4,120.686842,24.205172,2
11913,66000,387130000C,(04)23274275,(04)23288582,2025,12,27,16,49,臺中市,北區,0,2,0,7,2,6,50,4,1,1,5,4,6,6,1,1,5,5,5,2,16,2,9,1,1,C03,7,6,1,10,2,12,14,11,11,1,13,4,120.68367,24.161579,2
11914,66000,387130000C,(04)23274275,(04)23288582,2025,12,27,17,6,臺中市,大雅區,0,1,0,7,2,6,50,13,9,1,5,4,6,6,4,4,5,4,5,1,18,2,9,1,1,C03,7,9,1,10,2,14,,84,84,1,12,4,120.649396,24.224999,2
11915,66000,387130000C,(04)23274275,(04)23288582,2025,12,27,17,7,臺中市,北屯區,0,1,0,7,2,6,50,4,1,1,5,4,6,6,2,1,10,5,5,2,16,3,10,3,1,B01,7,6,1,8,2,2,,34,34,1,6,4,120.686282,24.170802,2
11916,66000,387130000C,(04)23274275,(04)23288582,2025,12,27,17,9,臺中市,清水區,0,2,0,7,1,6,50,3,1,1,5,4,6,6,4,4,8,4,5,1,12,3,10,3,1,B03,7,11,1,8,2,8,,14,14,1,12,4,120.564289,24.295654,2
11917,66000,387130000C,(04)23274275,(04)23288582,2025,12,27,17,12,臺中市,南屯區,0,2,0,7,1,6,50,13,8,1,5,4,6,6,4,4,5,5,4,2,17,2,9,1,1,C03,7,6,1,10,2,11,,20,20,1,12,4,120.634483,24.153435,2
11918,66000,387130000C,(04)23274275,(04)23288582,2025,12,27,17,14,臺中市,南屯區,0,0,0,7,,,50,,,,,,,,,,,,,,17,,,,,C02,,,1,,1,,,58,58,1,12,4,120.653459,24.128715,3
11919,66000,387130000C,(04)23274275,(04)23288582,2025,12,27,17,14,臺中市,南屯區,0,0,0,7,,,60,,,,,,,,,,,,,,17,,,,,C03,,,1,,2,,,40,40,1,4,4,120.623241,24.137107,3
11920,66000,387130000C,(04)23274275,(04)23288582,2025,12,27,17,14,臺中市,北屯區,0,0,0,7,,,50,,,,,,,,,,,,,,12,,,,,B03,,,1,,1,,,8,8,1,6,4,120.727335,24.175938,3
11921,66000,387130000C,(04)23274275,(04)23288582,2025,12,27,17,20,臺中市,西屯區,0,0,0,7,,,50,,,,,,,,,,,,,,13,,,,,B03,,,1,,1,,,84,84,1,13,4,120.657321,24.168315,3
11922,66000,387130000C,(04)23274275,(04)23288582,2025,12,27,17,21,臺中市,豐原區,0,0,0,7,,,50,,,,,,,,,,,,,,14,,,,,B03,,,1,,2,,,49,49,1,12,4,120.762759,24.255618,3
11923,66000,387130000C,(04)23274275,(04)23288582,2025,12,27,17,24,臺中市,霧峰區,0,0,0,7,,,60,,,,,,,,,,,,,,13,,,,,B03,,,1,,2,,,40,40,1,13,4,120.692246,24.045341,3
11924,66000,387130000C,(04)23274275,(04)23288582,2025,12,27,17,27,臺中市,北區,0,1,0,7,1,6,40,4,2,1,5,4,6,6,1,1,1,4,4,2,17,3,10,3,1,B03,7,15,1,8,2,2,,84,84,1,12,4,120.676115,24.150313,2
11925,66000,387130000C,(04)23274275,(04)23288582,2025,12,27,17,37,臺中市,太平區,0,1,0,7,1,6,50,5,4,1,5,4,6,6,2,1,5,5,5,1,13,3,10,3,1,B03,7,9,1,8,2,5,,57,57,1,12,4,120.718322,24.125741,2
11926,66000,387130000C,(04)23274275,(04)23288582,2025,12,27,17,37,臺中市,太平區,0,0,0,7,1,6,50,,,,,,,,,,,,,,,,,,,B03,,,1,,2,4,,84,84,1,12,4,120.724921,24.142555,3
11927,66000,387130000C,(04)23274275,(04)23288582,2025,12,27,17,37,臺中市,烏日區,0,0,0,7,,,50,,,,,,,,,,,,,,13,,,,,B03,,,1,,1,,,7,7,1,6,4,120.641759,24.108973,3
11928,66000,387130000C,(04)23274275,(04)23288582,2025,12,27,17,45,臺中市,烏日區,0,0,0,7,,,50,,,,,,,,,,,,,,12,,,,,B03,,,1,,1,,,84,84,1,6,4,120.60728,24.110265,3
11929,66000,387130000C,(04)23274275,(04)23288582,2025,12,27,17,46,臺中市,東區,0,2,0,7,1,6,50,3,2,1,5,4,6,6,4,4,10,2,4,2,17,2,9,1,1,C03,7,6,3,19,2,14,,84,84,1,12,4,120.70686,24.136501,2
11930,66000,387130000C,(04)23274275,(04)23288582,2025,12,27,17,47,臺中市,大里區,0,0,0,6,,,40,,,,,,,,,,,,,,,,,,,A12,,,1,,2,,,84,84,1,12,4,120.682096,24.110051,3