序號,縣市別代碼,機關代碼,市話,傳真,年,月,日,時,分,縣市,區,死亡數量,受傷數量,2-30,天候,道路照明設備,道路類別,道路速限,道路型態,事故位置,路面鋪裝,路面狀態,路面缺陷,障礙物,視距,號誌種類,號誌動作,分向設施,快車道或一般車道間,快慢車道間,路面邊線,事故類型及型態,受傷程度,主要傷處,保護裝備,行動電話或功能裝置,當事者區分(類別),車輛用途,當事者行動狀態,駕照狀態,駕照種類,飲酒情形,車輛撞擊部位最初,車輛撞擊部位其他,肇事因素個別,肇事因素主要,肇事逃逸,職業,共享經濟或外送平台,GPS座標X,GPS座標Y,事故類別
11931,66000,387130000C,(04)23274275,(04)23288582,2025,12,27,17,47,臺中市,大里區,0,1,0,7,3,6,25,13,24,1,5,4,6,6,4,4,3,4,5,1,25,2,9,5,4,C03,7,9,1,10,2,11,,84,84,1,13,4,120.681945,24.102834,2
11932,66000,387130000C,(04)23274275,(04)23288582,2025,12,27,17,50,臺中市,北屯區,0,0,0,7,,3,40,,,,,,,,,,,,,,,,,,,B03,,,1,,1,,,56,56,1,6,4,120.681298,24.201214,3
11933,66000,387130000C,(04)23274275,(04)23288582,2025,12,27,17,52,臺中市,北屯區,0,0,0,7,,,40,,,,,,,,,,,,,,17,,,,,B12,,,1,,2,,,50,50,1,12,4,120.696897,24.176507,3
11934,66000,387130000C,(04)23274275,(04)23288582,2025,12,27,17,57,臺中市,西區,0,0,0,7,,,30,,,,,,,,,,,,,,17,,,,,B03,,,1,,1,,,59,59,1,13,4,120.662304,24.147342,4
11935,66000,387130000C,(04)23274275,(04)23288582,2025,12,27,18,0,臺中市,豐原區,0,0,0,7,,,50,,,,,,,,,,,,,,13,,,,,B03,,,1,,2,,,82,82,1,12,4,120.714332,24.250661,3
11936,66000,387130000C,(04)23274275,(04)23288582,2025,12,27,18,1,臺中市,大里區,0,2,0,6,1,6,40,13,8,1,5,4,3,6,4,4,5,5,4,1,17,2,7,1,1,C03,7,9,1,10,2,11,,59,59,1,12,4,120.684758,24.110378,2
11937,66000,387130000C,(04)23274275,(04)23288582,2025,12,27,18,3,臺中市,清水區,0,1,0,7,1,6,70,13,7,1,5,4,6,6,4,4,1,4,4,1,13,3,10,3,1,B03,7,9,1,8,2,1,,7,7,1,12,4,120.570756,24.274654,2
11938,66000,387130000C,(04)23274275,(04)23288582,2025,12,27,18,5,臺中市,清水區,0,1,0,7,1,6,50,4,1,1,5,4,6,6,1,1,8,3,4,2,11,3,10,3,1,B03,7,11,1,8,2,5,,45,45,1,12,4,120.561153,24.267324,2
11939,66000,387130000C,(04)23274275,(04)23288582,2025,12,27,18,6,臺中市,霧峰區,0,0,0,7,,,40,,,,,,,,,,,,,,,,,,,B03,,,1,,2,,,50,50,1,13,4,120.709706,24.074113,3
11940,66000,387130000C,(04)23274275,(04)23288582,2025,12,27,18,7,臺中市,南屯區,0,0,0,7,,,50,,,,,,,,,,,,,,14,,,,,B03,,,1,,1,,,49,49,1,13,4,120.648627,24.152951,3
11941,66000,387130000C,(04)23274275,(04)23288582,2025,12,27,18,7,臺中市,大里區,0,2,0,7,2,6,50,13,9,1,5,4,6,6,4,4,10,5,5,1,16,2,9,1,1,C03,7,6,1,10,2,12,,48,48,1,12,4,120.703543,24.09218,2
11942,66000,387130000C,(04)23274275,(04)23288582,2025,12,27,18,8,臺中市,北屯區,0,0,0,7,,,50,,,,,,,,,,,,,,13,,,,,B03,,,1,,1,,,59,59,1,12,4,120.694977,24.179862,3
11943,66000,387130000C,(04)23274275,(04)23288582,2025,12,27,18,8,臺中市,大里區,0,0,0,7,,,50,,,,,,,,,,,,,,14,,,,,B03,,,1,,2,,,49,49,1,13,4,120.677878,24.114565,3
11944,66000,387130000C,(04)23274275,(04)23288582,2025,12,27,18,8,臺中市,清水區,0,0,0,7,,,30,,,,,,,,,,,,,,,,,,,B03,,,1,,2,,,59,59,1,12,4,120.557977,24.279839,3
11945,66000,387130000C,(04)23274275,(04)23288582,2025,12,27,18,9,臺中市,烏日區,0,1,0,7,1,6,60,3,1,1,5,4,6,6,1,1,1,4,4,1,12,2,9,1,1,C03,7,9,1,10,2,11,12,7,7,1,6,4,120.636048,24.107197,2
11946,66000,387130000C,(04)23274275,(04)23288582,2025,12,27,18,10,臺中市,西屯區,0,0,0,7,,,30,,,,,,,,,,,,,,13,,,,,B03,,,1,,1,,,59,59,1,12,4,120.64521,24.181845,3
11947,66000,387130000C,(04)23274275,(04)23288582,2025,12,27,18,11,臺中市,大雅區,0,0,0,7,,,30,,,,,,,,,,,,,,,,,,,B03,,,1,,1,,,49,49,1,12,4,120.634128,24.229805,3
11948,66000,387130000C,(04)23274275,(04)23288582,2025,12,27,18,13,臺中市,西屯區,0,1,0,7,1,6,50,5,1,1,5,4,6,6,1,1,10,5,5,2,16,3,10,5,4,B03,7,1,1,8,2,4,,59,59,1,12,4,120.645498,24.172378,2
11949,66000,387130000C,(04)23274275,(04)23288582,2025,12,27,18,19,臺中市,南屯區,0,0,0,7,,,50,,,,,,,,,,,,,,13,,,,,B03,,,1,,1,,,84,84,1,13,4,120.62169,24.150632,3
11950,66000,387130000C,(04)23274275,(04)23288582,2025,12,27,18,25,臺中市,南區,0,0,0,7,,,30,,,,,,,,,,,,,,,,,,,B12,,,1,,2,,,49,49,1,13,4,120.656962,24.114521,3
11951,66000,387130000C,(04)23274275,(04)23288582,2025,12,27,18,25,臺中市,西屯區,0,1,0,7,1,6,50,3,1,1,5,4,6,6,1,1,10,5,5,2,13,3,10,5,4,B03,7,9,1,8,2,1,,56,56,1,13,4,120.648955,24.168617,2
11952,66000,387130000C,(04)23274275,(04)23288582,2025,12,27,18,26,臺中市,北屯區,0,0,0,7,,,40,,,,,,,,,,,,,,23,,,,,B03,,,1,,2,,,57,57,1,6,4,120.687011,24.201269,3
11953,66000,387130000C,(04)23274275,(04)23288582,2025,12,27,18,26,臺中市,西屯區,0,1,0,7,2,6,50,4,2,1,5,4,6,6,2,1,5,5,4,2,13,3,10,5,4,B03,7,9,1,8,1,1,,58,58,1,13,4,120.644347,24.174676,2
11954,66000,387130000C,(04)23274275,(04)23288582,2025,12,27,18,26,臺中市,沙鹿區,0,0,0,6,,,50,,,,,,,,,,,,,,13,,,,,B03,,,1,,2,,,59,59,1,12,4,120.570283,24.212015,3
11955,66000,387130000C,(04)23274275,(04)23288582,2025,12,27,18,27,臺中市,北屯區,0,0,0,7,,,30,,,,,,,,,,,,,,16,,,,,B03,,,1,,1,,,14,14,1,6,4,120.662081,24.196149,3
11956,66000,387130000C,(04)23274275,(04)23288582,2025,12,27,18,29,臺中市,南屯區,0,0,0,7,,,50,,,,,,,,,,,,,,16,,,,,B03,,,1,,2,,,11,11,1,12,4,120.633944,24.146211,3
11957,66000,387130000C,(04)23274275,(04)23288582,2025,12,27,18,30,臺中市,北屯區,0,1,0,7,1,6,50,3,1,1,5,4,6,6,2,1,10,5,5,2,13,3,10,3,1,B03,7,9,1,8,2,1,,7,7,1,6,4,120.691135,24.164939,2
11958,66000,387130000C,(04)23274275,(04)23288582,2025,12,27,18,31,臺中市,大雅區,0,0,0,7,,,60,,,,,,,,,,,,,,,,,,,B03,,,1,,2,,,40,40,1,12,4,120.64761,24.220538,3
11959,66000,387130000C,(04)23274275,(04)23288582,2025,12,27,18,32,臺中市,潭子區,0,0,0,7,,,50,,,,,,,,,,,,,,16,,,,,B03,,,1,,2,,,40,40,1,12,4,120.682038,24.208066,3
11960,66000,387130000C,(04)23274275,(04)23288582,2025,12,27,18,34,臺中市,沙鹿區,0,0,0,7,,,40,,,,,,,,,,,,,,13,,,,,C03,,,1,,2,,,7,7,1,6,4,120.567999,24.238626,3
11961,66000,387130000C,(04)23274275,(04)23288582,2025,12,27,18,42,臺中市,大里區,0,1,0,7,3,6,50,13,9,1,5,4,6,6,4,4,3,4,5,1,18,2,9,5,4,C03,7,9,1,10,2,12,,84,84,1,13,4,120.683152,24.090212,2
11962,66000,387130000C,(04)23274275,(04)23288582,2025,12,27,18,43,臺中市,大甲區,0,0,0,7,,,50,,,,,,,,,,,,,,,,,,,B03,,,1,,1,,,49,49,1,6,4,120.633071,24.34379,3
11963,66000,387130000C,(04)23274275,(04)23288582,2025,12,27,18,44,臺中市,北屯區,0,0,0,7,,,50,,,,,,,,,,,,,,14,,,,,B03,,,1,,2,,,49,49,1,12,4,120.720187,24.175717,3
11964,66000,387130000C,(04)23274275,(04)23288582,2025,12,27,18,45,臺中市,大甲區,0,1,0,7,3,6,50,13,14,1,5,4,6,6,4,4,9,5,5,1,17,2,8,4,1,F01,7,9,7,21,1,11,,59,59,1,4,1,120.623516,24.350782,2
11965,66000,387130000C,(04)23274275,(04)23288582,2025,12,27,18,46,臺中市,潭子區,0,0,0,7,,,,,,,,,,,,,,,,,,,,,,,,,,,,,,86,86,1,,,120.703566,24.211792,3
11966,66000,387130000C,(04)23274275,(04)23288582,2025,12,27,18,50,臺中市,西區,0,1,0,7,1,6,50,13,9,1,5,4,6,6,4,4,3,4,5,2,17,2,9,5,4,C03,7,9,1,10,2,11,,84,84,1,12,4,120.670794,24.145255,2
11967,66000,387130000C,(04)23274275,(04)23288582,2025,12,27,18,50,臺中市,西區,0,1,0,7,1,6,50,13,9,1,5,4,6,6,4,4,1,4,5,2,17,2,9,5,4,C03,7,9,1,10,2,11,,84,84,1,12,4,120.670794,24.145255,2
11968,66000,387130000C,(04)23274275,(04)23288582,2025,12,27,18,52,臺中市,南屯區,0,0,0,7,,,50,,,,,,,,,,,,,,17,,,,,B03,,,1,,1,,,51,51,1,12,4,120.630024,24.147454,3
11969,66000,387130000C,(04)23274275,(04)23288582,2025,12,27,18,52,臺中市,西屯區,0,0,0,7,,,40,,,,,,,,,,,,,,17,,,,,B02,,,1,,1,,,40,40,1,12,4,120.639859,24.182244,3
11970,66000,387130000C,(04)23274275,(04)23288582,2025,12,27,18,59,臺中市,北屯區,0,0,0,7,,,50,,,,,,,,,,,,,,12,,,,,C03,,,1,,1,,,46,46,1,12,4,120.686715,24.175914,4
11971,66000,387130000C,(04)23274275,(04)23288582,2025,12,27,19,1,臺中市,東區,0,0,0,7,,,50,,,,,,,,,,,,,,,,,,,C03,,,1,,9,,,8,8,1,13,4,120.692922,24.135125,3
11972,66000,387130000C,(04)23274275,(04)23288582,2025,12,27,19,7,臺中市,霧峰區,0,0,0,7,,,40,,,,,,,,,,,,,,13,,,,,B03,,,1,,2,,,7,7,1,13,4,120.662795,24.071737,3
11973,66000,387130000C,(04)23274275,(04)23288582,2025,12,27,19,10,臺中市,大甲區,0,1,0,7,1,6,50,13,14,1,5,4,6,6,4,4,9,4,4,1,17,2,9,1,1,F01,7,9,7,21,1,11,,59,59,1,3,4,120.607265,24.357369,2
11974,66000,387130000C,(04)23274275,(04)23288582,2025,12,27,19,12,臺中市,豐原區,0,1,0,7,2,6,40,11,9,1,4,4,6,6,4,4,10,5,5,1,18,2,9,1,1,C03,7,9,1,10,2,16,14,84,84,1,12,4,120.733915,24.263652,2
11975,66000,387130000C,(04)23274275,(04)23288582,2025,12,27,19,15,臺中市,西區,0,0,0,7,,,50,,,,,,,,,,,,,,,,,,,B03,,,1,,1,,,39,39,1,13,4,120.665234,24.15085,3
11976,66000,387130000C,(04)23274275,(04)23288582,2025,12,27,19,18,臺中市,豐原區,0,1,0,7,2,6,30,13,9,1,5,4,6,6,4,4,10,5,5,1,13,2,9,1,1,C03,7,9,1,10,2,11,,56,56,1,12,4,120.735613,24.266504,2
11977,66000,387130000C,(04)23274275,(04)23288582,2025,12,27,19,19,臺中市,北屯區,0,2,0,7,1,3,40,13,17,1,5,4,6,6,4,4,1,5,5,2,13,3,10,3,1,B03,7,9,1,8,2,1,,7,7,1,13,4,120.669606,24.201176,2
11978,66000,387130000C,(04)23274275,(04)23288582,2025,12,27,19,20,臺中市,中區,0,0,0,7,,,50,,,,,,,,,,,,,,,,,,,B03,,,1,,1,,,84,84,1,6,4,120.67775,24.146309,3
11979,66000,387130000C,(04)23274275,(04)23288582,2025,12,27,19,24,臺中市,西屯區,0,1,0,7,1,6,50,4,1,1,5,4,6,6,2,1,1,5,5,2,16,2,8,5,4,C01,7,5,1,9,2,12,,11,11,1,12,4,120.593739,24.191348,2
11980,66000,387130000C,(04)23274275,(04)23288582,2025,12,27,19,34,臺中市,大雅區,0,0,0,7,,,30,,,,,,,,,,,,,,,,,,,B03,,,1,,2,,,8,8,1,12,4,120.653941,24.218926,3
11981,66000,387130000C,(04)23274275,(04)23288582,2025,12,27,19,37,臺中市,烏日區,0,0,0,7,,,50,,,,,,,,,,,,,,14,,,,,B03,,,1,,1,,,49,49,1,6,4,120.633974,24.107345,3
11982,66000,387130000C,(04)23274275,(04)23288582,2025,12,27,19,40,臺中市,西區,0,1,0,7,1,6,50,4,1,1,5,4,6,6,1,1,10,5,5,2,16,3,10,5,4,B03,7,5,1,8,2,2,,11,11,1,13,4,120.668346,24.129897,2
11983,66000,387130000C,(04)23274275,(04)23288582,2025,12,27,19,43,臺中市,豐原區,0,1,0,7,2,6,50,11,9,1,5,4,6,6,4,4,9,5,5,2,12,3,10,3,1,B03,7,9,1,8,2,4,7,8,8,1,12,4,120.715597,24.230974,2
11984,66000,387130000C,(04)23274275,(04)23288582,2025,12,27,19,48,臺中市,南區,0,0,0,7,,,50,,,,,,,,,,,,,,17,,,,,C03,,,1,,1,,,45,45,1,6,2,120.66392,24.113438,3
11985,66000,387130000C,(04)23274275,(04)23288582,2025,12,27,19,49,臺中市,西區,0,1,0,7,1,6,50,13,9,1,5,4,6,6,4,4,5,4,5,2,12,2,9,2,1,C03,7,8,1,10,2,14,,42,42,1,13,4,120.655596,24.150841,2
11986,66000,387130000C,(04)23274275,(04)23288582,2025,12,27,19,50,臺中市,西屯區,0,0,0,7,,,50,,,,,,,,,,,,,,12,,,,,B03,,,1,,2,,,40,40,1,12,4,120.652439,24.206154,3
11987,66000,387130000C,(04)23274275,(04)23288582,2025,12,27,19,55,臺中市,北區,0,1,0,7,1,6,50,4,2,1,5,4,6,6,2,1,5,2,5,1,17,3,10,3,1,B03,7,5,1,8,2,1,,22,22,1,12,4,120.669293,24.159229,2
11988,66000,387130000C,(04)23274275,(04)23288582,2025,12,27,19,56,臺中市,北屯區,0,0,0,7,,,50,,,,,,,,,,,,,,13,,,,,B03,,,1,,1,,,40,40,1,6,4,120.721811,24.181854,3
11989,66000,387130000C,(04)23274275,(04)23288582,2025,12,27,19,57,臺中市,南區,0,1,0,7,1,6,50,4,1,1,5,4,6,5,2,1,1,5,5,2,11,2,9,2,1,C03,7,9,1,10,2,11,,21,21,1,13,4,120.663919,24.124918,2
11990,66000,387130000C,(04)23274275,(04)23288582,2025,12,27,19,59,臺中市,北屯區,0,1,0,7,1,6,50,4,1,1,5,4,6,6,2,1,10,5,5,2,16,3,10,2,1,C03,7,9,1,10,2,12,,34,34,1,6,2,120.696849,24.167473,2
11991,66000,387130000C,(04)23274275,(04)23288582,2025,12,27,20,0,臺中市,太平區,0,0,0,7,,,50,,,,,,,,,,,,,,,,,,,B03,,,1,,2,,,56,56,1,12,4,120.731637,24.139768,3
11992,66000,387130000C,(04)23274275,(04)23288582,2025,12,27,20,1,臺中市,東區,0,1,0,7,1,6,50,4,1,1,5,4,6,6,1,1,10,5,5,2,16,3,10,3,1,E01,7,6,1,4,2,2,,11,11,1,13,4,120.704538,24.134079,2
11993,66000,387130000C,(04)23274275,(04)23288582,2025,12,27,20,7,臺中市,北區,0,0,0,7,,,50,,,,,,,,,,,,,,12,,,,,B03,,,1,,2,,,39,39,1,13,4,120.686106,24.154563,3
11994,66000,387130000C,(04)23274275,(04)23288582,2025,12,27,20,13,臺中市,南區,0,1,0,7,1,6,50,13,9,1,5,4,6,6,4,4,5,4,5,2,18,2,9,5,4,C03,7,9,1,10,2,12,,5,5,1,13,4,120.683785,24.132526,2
11995,66000,387130000C,(04)23274275,(04)23288582,2025,12,27,20,15,臺中市,北區,0,0,0,7,,,30,,,,,,,,,,,,,,,,,,,B03,,,1,,2,,,8,8,1,12,4,120.675067,24.170221,3
11996,66000,387130000C,(04)23274275,(04)23288582,2025,12,27,20,18,臺中市,北屯區,0,1,0,7,1,6,50,5,1,1,5,4,6,6,2,1,1,2,5,2,12,3,10,3,1,B03,7,9,1,8,2,5,,58,58,1,12,4,120.697745,24.170349,2
11997,66000,387130000C,(04)23274275,(04)23288582,2025,12,27,20,18,臺中市,烏日區,0,0,0,7,,,50,,,,,,,,,,,,,,17,,,,,B03,,,1,,1,,,87,87,1,6,4,120.641953,24.103448,3
11998,66000,387130000C,(04)23274275,(04)23288582,2025,12,27,20,18,臺中市,烏日區,0,0,0,7,,,50,,,,,,,,,,,,,,11,,,,,B03,,,1,,2,,,7,7,1,6,4,120.623187,24.102915,3
11999,66000,387130000C,(04)23274275,(04)23288582,2025,12,27,20,20,臺中市,北區,0,0,0,7,,,50,,,,,,,,,,,,,,12,,,,,B03,,,1,,2,,,84,84,1,13,4,120.684404,24.150196,3
12000,66000,387130000C,(04)23274275,(04)23288582,2025,12,27,20,24,臺中市,大甲區,0,1,0,7,1,6,50,13,8,1,5,4,6,6,4,4,1,4,4,1,16,2,9,1,1,C03,7,9,1,10,2,11,,7,7,1,12,4,120.642011,24.401561,2
12001,66000,387130000C,(04)23274275,(04)23288582,2025,12,27,20,28,臺中市,大里區,0,2,0,6,1,6,40,4,19,1,5,4,6,6,4,4,5,5,4,1,3,2,9,1,1,C03,7,9,1,9,2,11,,10,10,1,12,4,120.68388,24.110805,2
12002,66000,387130000C,(04)23274275,(04)23288582,2025,12,27,20,30,臺中市,大雅區,0,0,0,7,,,30,,,,,,,,,,,,,,,,,,,B03,,,1,,2,,,43,43,1,12,4,120.634371,24.209056,3
12003,66000,387130000C,(04)23274275,(04)23288582,2025,12,27,20,33,臺中市,南屯區,0,1,0,7,1,6,50,13,7,1,5,4,6,6,4,4,5,5,4,2,17,3,10,3,1,B03,7,1,1,8,2,5,,51,51,1,13,4,120.612719,24.153315,2
12004,66000,387130000C,(04)23274275,(04)23288582,2025,12,27,20,41,臺中市,潭子區,0,0,0,7,,,60,,,,,,,,,,,,,,,,,,,B12,,,1,,2,,,59,59,1,13,4,120.705022,24.207144,3
12005,66000,387130000C,(04)23274275,(04)23288582,2025,12,27,20,42,臺中市,大雅區,0,1,0,7,2,6,50,4,9,1,5,4,6,6,4,4,10,4,5,1,17,3,10,3,1,B03,7,6,1,8,2,1,,11,11,1,12,4,120.648289,24.226613,2
12006,66000,387130000C,(04)23274275,(04)23288582,2025,12,27,20,45,臺中市,北屯區,0,0,0,7,,,50,,,,,,,,,,,,,,13,,,,,C03,,,1,,2,,,7,7,1,6,4,120.674112,24.173988,3
12007,66000,387130000C,(04)23274275,(04)23288582,2025,12,27,20,50,臺中市,西區,0,1,0,7,1,6,40,13,8,1,5,4,6,6,1,1,1,4,1,2,13,2,8,1,1,C03,7,12,1,10,1,11,,7,7,1,12,4,120.659352,24.157008,2
12008,66000,387130000C,(04)23274275,(04)23288582,2025,12,27,21,0,臺中市,南屯區,0,1,0,7,2,6,50,4,1,1,5,4,6,6,1,1,9,4,5,2,11,3,10,3,1,B03,7,6,1,8,2,2,,11,11,1,12,4,120.64982,24.141006,2
12009,66000,387130000C,(04)23274275,(04)23288582,2025,12,27,21,4,臺中市,西區,0,0,0,7,,,50,,,,,,,,,,,,,,,,,,,B01,,,1,,2,,,84,84,1,6,4,120.661932,24.134657,3
12010,66000,387130000C,(04)23274275,(04)23288582,2025,12,27,21,13,臺中市,沙鹿區,0,0,0,6,,,50,,,,,,,,,,,,,,14,,,,,B03,,,1,,2,,,49,49,1,12,4,120.568599,24.239962,3
12011,66000,387130000C,(04)23274275,(04)23288582,2025,12,27,21,22,臺中市,北屯區,0,0,0,7,,,50,,,,,,,,,,,,,,14,,,,,B03,,,1,,2,,,50,50,1,13,4,120.672072,24.187683,3
12012,66000,387130000C,(04)23274275,(04)23288582,2025,12,27,21,32,臺中市,清水區,0,0,0,7,,,70,,,,,,,,,,,,,,,,,,,B03,,,1,,2,,,25,25,1,12,4,120.571585,24.275524,3
12013,66000,387130000C,(04)23274275,(04)23288582,2025,12,27,21,34,臺中市,西區,0,0,0,7,,,50,,,,,,,,,,,,,,,,,,,B03,,,1,,2,,,84,84,1,13,4,120.673771,24.148346,3
12014,66000,387130000C,(04)23274275,(04)23288582,2025,12,27,21,36,臺中市,東區,0,0,0,7,,,50,,,,,,,,,,,,,,,,,,,C03,,,1,,1,,,12,12,1,12,4,120.695257,24.138838,3
12015,66000,387130000C,(04)23274275,(04)23288582,2025,12,27,21,38,臺中市,中區,0,0,0,7,,,50,,,,,,,,,,,,,,,,,,,C03,,,1,,2,,,50,50,1,12,4,120.684962,24.137902,3
12016,66000,387130000C,(04)23274275,(04)23288582,2025,12,27,21,41,臺中市,東區,0,0,0,7,,,50,,,,,,,,,,,,,,13,,,,,C03,,,1,,2,,,7,7,1,6,4,120.700931,24.131868,3
12017,66000,387130000C,(04)23274275,(04)23288582,2025,12,27,21,43,臺中市,北屯區,0,1,0,7,1,6,30,4,1,1,5,4,6,6,4,4,10,5,5,2,15,2,9,2,1,C03,7,9,1,10,2,11,,12,12,1,6,4,120.715909,24.172927,2
12018,66000,387130000C,(04)23274275,(04)23288582,2025,12,27,21,47,臺中市,大雅區,0,0,0,7,,,30,,,,,,,,,,,,,,,,,,,B03,,,1,,1,,,49,49,1,12,4,120.665757,24.240535,3
12019,66000,387130000C,(04)23274275,(04)23288582,2025,12,27,21,52,臺中市,西屯區,0,0,0,7,,,50,,,,,,,,,,,,,,12,,,,,B03,,,1,,2,,,40,40,1,13,4,120.645044,24.170645,3
12020,66000,387130000C,(04)23274275,(04)23288582,2025,12,27,21,54,臺中市,大里區,0,2,0,7,1,6,50,4,1,1,5,4,6,6,2,1,3,4,5,1,15,3,10,1,4,C03,7,9,1,10,2,11,,21,21,1,13,4,120.688757,24.119812,2
12021,66000,387130000C,(04)23274275,(04)23288582,2025,12,27,22,5,臺中市,西屯區,0,2,0,7,1,6,50,13,9,1,5,4,6,6,4,4,5,5,5,2,17,3,10,3,1,B03,7,11,1,8,2,8,,39,39,1,12,4,120.594302,24.185191,2
12022,66000,387130000C,(04)23274275,(04)23288582,2025,12,27,22,21,臺中市,潭子區,0,0,0,7,,,50,,,,,,,,,,,,,,,,,,,C03,,,1,,2,,,14,14,1,13,4,120.701162,24.209031,3
12023,66000,387130000C,(04)23274275,(04)23288582,2025,12,27,22,24,臺中市,神岡區,0,1,0,7,1,6,50,13,9,1,5,4,6,6,4,4,9,5,5,1,22,2,9,2,1,C03,7,9,1,10,2,12,,59,59,1,6,4,120.685516,24.241662,2
12024,66000,387130000C,(04)23274275,(04)23288582,2025,12,27,22,26,臺中市,西屯區,0,1,0,7,1,6,50,4,2,1,5,4,6,6,2,1,1,4,5,2,17,2,9,5,4,C03,7,11,1,10,2,14,,42,42,1,13,4,120.614483,24.186648,2
12025,66000,387130000C,(04)23274275,(04)23288582,2025,12,27,22,31,臺中市,南區,0,0,0,7,,,50,,,,,,,,,,,,,,14,,,,,B03,,,1,,2,,,49,49,1,12,4,120.656778,24.124076,3
12026,66000,387130000C,(04)23274275,(04)23288582,2025,12,27,22,43,臺中市,霧峰區,0,1,0,7,2,6,50,13,9,1,5,4,6,6,4,4,10,5,5,1,2,3,10,3,1,B03,7,9,1,8,1,2,,59,59,1,12,4,120.668558,24.059753,2
12027,66000,387130000C,(04)23274275,(04)23288582,2025,12,27,22,52,臺中市,西屯區,0,2,0,7,1,6,50,3,1,1,5,4,6,6,4,4,10,5,5,2,16,2,9,5,4,C03,7,5,1,10,2,11,14,84,84,1,12,4,120.648982,24.161519,2
12028,66000,387130000C,(04)23274275,(04)23288582,2025,12,27,22,53,臺中市,北區,0,0,0,7,,,30,,,,,,,,,,,,,,14,,,,,B03,,,1,,1,,,49,49,1,13,4,120.674789,24.172936,3
12029,66000,387130000C,(04)23274275,(04)23288582,2025,12,27,23,14,臺中市,北屯區,0,0,0,7,,,50,,,,,,,,,,,,,,13,,,,,B03,,,1,8,1,,,84,84,1,6,4,120.676394,24.176982,3
12030,66000,387130000C,(04)23274275,(04)23288582,2025,12,27,23,20,臺中市,沙鹿區,0,1,0,7,1,6,40,13,8,1,5,4,6,6,4,4,1,5,3,1,17,3,10,3,1,B03,7,1,1,8,2,4,,51,51,1,12,4,120.574068,24.229543,2
12031,66000,387130000C,(04)23274275,(04)23288582,2025,12,27,23,24,臺中市,西區,0,0,0,7,,,50,,,,,,,,,,,,,,,,,,,B03,,,1,,2,,,11,11,1,13,4,120.67122,24.14549,3
12032,66000,387130000C,(04)23274275,(04)23288582,2025,12,27,23,25,臺中市,西屯區,0,3,0,7,1,6,30,4,1,1,5,4,6,6,4,4,10,5,5,2,15,2,9,2,1,C03,7,9,1,10,2,12,,12,12,1,12,4,120.644243,24.180158,2
12033,66000,387130000C,(04)23274275,(04)23288582,2025,12,27,23,25,臺中市,西屯區,0,1,0,7,1,6,50,3,1,1,5,4,6,6,4,4,1,4,5,2,16,3,10,3,1,B03,7,5,1,4,2,8,,12,12,1,12,4,120.635403,24.172392,2
12034,66000,387130000C,(04)23274275,(04)23288582,2025,12,27,23,30,臺中市,西區,0,1,0,7,1,6,50,4,1,1,5,4,6,6,1,1,1,2,4,2,16,3,10,3,1,B03,7,5,1,8,2,5,,47,47,1,12,4,120.674173,24.148609,2
12035,66000,387130000C,(04)23274275,(04)23288582,2025,12,27,23,30,臺中市,西區,0,0,0,7,,,50,,,,,,,,,,,,,,16,,,,,C03,,,1,10,2,,,48,48,1,13,4,120.655069,24.146704,3
12036,66000,387130000C,(04)23274275,(04)23288582,2025,12,27,23,46,臺中市,霧峰區,0,1,0,7,1,6,50,4,1,1,5,4,6,6,1,1,10,5,5,2,18,2,9,2,1,C03,7,5,1,10,2,12,,84,84,1,5,4,120.693026,24.073075,2
12037,66000,387130000C,(04)23274275,(04)23288582,2025,12,27,23,48,臺中市,神岡區,0,2,0,7,1,6,30,4,1,1,5,4,6,6,4,4,10,5,5,2,17,2,9,2,1,C03,7,9,1,8,2,11,,12,12,1,6,4,120.659321,24.270673,2
12038,66000,387130000C,(04)23274275,(04)23288582,2025,12,27,23,49,臺中市,潭子區,0,1,0,7,1,6,50,11,9,1,5,4,6,6,4,4,5,5,5,2,18,2,9,2,1,C03,7,9,3,19,8,14,,53,53,1,13,4,120.714277,24.217208,2
12039,66000,387130000C,(04)23274275,(04)23288582,2025,12,27,23,58,臺中市,南區,0,1,0,7,1,6,50,3,1,1,5,4,6,6,4,4,10,5,5,2,17,2,9,2,1,C03,7,9,1,10,2,11,,7,7,1,12,4,120.661742,24.124907,2
12040,66000,387130000C,(04)23274275,(04)23288582,2025,12,28,0,10,臺中市,霧峰區,0,0,0,7,,,50,,,,,,,,,,,,,,,,,,,A04,,,1,,1,,,84,84,2,6,4,120.69848,24.063751,3
12041,66000,387130000C,(04)23274275,(04)23288582,2025,12,28,0,11,臺中市,龍井區,0,0,0,6,,,,,,,,,,,,,,,,,17,,,,,,,,,,,,,8,8,1,,,120.591668,24.180726,3
12042,66000,387130000C,(04)23274275,(04)23288582,2025,12,28,0,16,臺中市,西屯區,0,1,0,7,1,6,50,4,9,1,5,4,6,6,2,1,1,4,5,2,16,3,10,3,1,B01,7,5,1,4,2,8,,59,59,1,12,4,120.655917,24.169501,2