序號,縣市別代碼,機關代碼,市話,傳真,年,月,日,時,分,縣市,區,死亡數量,受傷數量,2-30,天候,道路照明設備,道路類別,道路速限,道路型態,事故位置,路面鋪裝,路面狀態,路面缺陷,障礙物,視距,號誌種類,號誌動作,分向設施,快車道或一般車道間,快慢車道間,路面邊線,事故類型及型態,受傷程度,主要傷處,保護裝備,行動電話或功能裝置,當事者區分(類別),車輛用途,當事者行動狀態,駕照狀態,駕照種類,飲酒情形,車輛撞擊部位最初,車輛撞擊部位其他,肇事因素個別,肇事因素主要,肇事逃逸,職業,共享經濟或外送平台,GPS座標X,GPS座標Y,事故類別
12043,66000,387130000C,(04)23274275,(04)23288582,2025,12,28,0,31,臺中市,西屯區,0,4,0,7,1,6,50,4,1,1,5,4,6,6,1,1,5,4,5,2,17,2,8,2,1,C03,7,6,1,10,2,14,,48,48,1,12,4,120.632499,24.182837,2
12044,66000,387130000C,(04)23274275,(04)23288582,2025,12,28,0,34,臺中市,沙鹿區,0,0,0,6,,,50,,,,,,,,,,,,,,13,,,,,C03,,,1,,2,,,7,7,1,12,4,120.58022,24.213415,3
12045,66000,387130000C,(04)23274275,(04)23288582,2025,12,28,0,41,臺中市,西屯區,0,1,0,7,1,6,50,4,1,1,5,4,6,6,4,4,10,5,5,2,15,3,10,1,1,C03,7,9,1,10,2,12,,15,15,1,12,4,120.667152,24.177142,2
12046,66000,387130000C,(04)23274275,(04)23288582,2025,12,28,1,50,臺中市,南區,0,0,0,7,,,50,,,,,,,,,,,,,,16,,,,,C03,,,2,,9,,,36,36,1,12,4,120.669043,24.128573,3
12047,66000,387130000C,(04)23274275,(04)23288582,2025,12,28,2,0,臺中市,和平區,0,0,0,6,,,30,,,,,,,,,,,,,,14,,,,,B03,,,1,,2,,,49,49,1,12,4,121.01049,24.205376,4
12048,66000,387130000C,(04)23274275,(04)23288582,2025,12,28,2,13,臺中市,中區,0,0,0,7,,,50,,,,,,,,,,,,,,15,,,,,B03,,,1,,1,,,12,12,1,12,4,120.677814,24.145238,3
12049,66000,387130000C,(04)23274275,(04)23288582,2025,12,28,2,59,臺中市,東區,0,0,0,7,,,30,,,,,,,,,,,,,,9,,,,,,,,,,,,,86,86,1,,,120.699404,24.141266,3
12050,66000,387130000C,(04)23274275,(04)23288582,2025,12,28,4,55,臺中市,中區,0,2,0,7,1,6,50,4,19,1,5,4,6,6,4,4,10,5,5,2,3,3,10,1,1,C03,7,9,1,10,2,16,,10,10,1,13,4,120.677105,24.144527,2
12051,66000,387130000C,(04)23274275,(04)23288582,2025,12,28,5,13,臺中市,西屯區,0,1,0,7,1,6,50,4,1,1,5,4,6,6,1,1,1,4,1,2,23,3,10,3,1,B03,7,15,1,8,7,5,2,84,84,1,12,4,120.646454,24.164454,2
12052,66000,387130000C,(04)23274275,(04)23288582,2025,12,28,6,14,臺中市,中區,0,1,0,7,1,6,50,4,1,1,5,4,6,6,2,1,5,2,5,2,17,3,10,3,1,B03,7,11,1,8,2,8,,45,45,1,12,4,120.683617,24.141493,2
12053,66000,387130000C,(04)23274275,(04)23288582,2025,12,28,6,15,臺中市,北屯區,0,1,0,7,3,6,50,11,9,1,5,4,6,6,4,4,2,5,4,2,20,2,9,3,1,B03,7,9,1,8,2,1,,55,55,1,6,4,120.791744,24.205375,2
12054,66000,387130000C,(04)23274275,(04)23288582,2025,12,28,7,1,臺中市,北區,0,1,0,7,2,6,50,4,1,1,5,4,6,6,1,1,1,4,5,2,16,3,10,3,1,B03,7,5,1,8,2,5,,47,47,1,13,4,120.664064,24.161981,2
12055,66000,387130000C,(04)23274275,(04)23288582,2025,12,28,7,2,臺中市,烏日區,0,0,0,7,,,30,,,,,,,,,,,,,,,,,,,B03,,,1,,1,,,49,49,2,6,4,120.640748,24.102203,3
12056,66000,387130000C,(04)23274275,(04)23288582,2025,12,28,7,5,臺中市,后里區,0,0,0,7,,,50,,,,,,,,,,,,,,27,,,,,B03,,,1,,9,,,59,59,1,6,4,120.718503,24.315833,3
12057,66000,387130000C,(04)23274275,(04)23288582,2025,12,28,7,47,臺中市,西屯區,0,0,0,7,,,50,,,,,,,,,,,,,,12,,,,,A12,,,1,,2,,,8,8,1,12,4,120.643156,24.16606,3
12058,66000,387130000C,(04)23274275,(04)23288582,2025,12,28,7,49,臺中市,北屯區,0,1,0,7,2,6,50,13,9,1,5,4,6,6,4,4,5,4,5,2,12,3,10,3,1,B03,7,7,1,8,2,6,,40,40,1,6,4,120.73612,24.177662,2
12059,66000,387130000C,(04)23274275,(04)23288582,2025,12,28,7,56,臺中市,太平區,0,0,0,6,,,0,,,,,,,,,,,,,,,,,,,C03,,,7,,10,,,84,84,2,12,5,120.713426,24.138371,3
12060,66000,387130000C,(04)23274275,(04)23288582,2025,12,28,8,0,臺中市,豐原區,0,1,0,7,2,6,30,13,9,1,5,4,5,6,4,4,10,5,5,2,13,3,10,3,1,B03,7,9,1,8,2,5,,59,59,1,13,4,120.745383,24.262845,2
12061,66000,387130000C,(04)23274275,(04)23288582,2025,12,28,8,4,臺中市,霧峰區,0,1,0,7,2,6,50,11,14,1,5,4,6,6,4,4,9,5,5,1,17,2,9,5,4,C03,7,9,1,10,9,11,,84,84,1,12,4,120.717499,24.079142,2
12062,66000,387130000C,(04)23274275,(04)23288582,2025,12,28,8,20,臺中市,沙鹿區,0,0,0,7,2,6,50,13,7,1,5,4,6,6,1,1,4,3,4,2,13,,,,,B03,,,1,,1,,,7,7,1,12,4,120.568972,24.236846,3
12063,66000,387130000C,(04)23274275,(04)23288582,2025,12,28,8,22,臺中市,南屯區,0,0,0,7,,,50,,,,,,,,,,,,,,,,,,,B03,,,1,,1,,,49,49,1,13,4,120.643934,24.133373,3
12064,66000,387130000C,(04)23274275,(04)23288582,2025,12,28,8,30,臺中市,東區,0,1,0,6,2,6,50,13,9,1,5,4,6,6,4,4,5,4,5,2,12,3,10,3,1,B03,7,4,1,8,2,2,,1,1,1,12,4,120.688403,24.142885,2
12065,66000,387130000C,(04)23274275,(04)23288582,2025,12,28,8,36,臺中市,東勢區,0,0,0,7,,,50,,,,,,,,,,,,,,,,,,,B03,,,1,,1,,,84,84,1,12,4,120.829114,24.255296,3
12066,66000,387130000C,(04)23274275,(04)23288582,2025,12,28,8,38,臺中市,梧棲區,0,2,0,7,2,6,50,4,1,1,5,4,6,6,4,4,10,5,5,2,15,2,9,2,1,C03,7,9,1,10,2,11,,15,15,1,12,4,120.545704,24.221058,2
12067,66000,387130000C,(04)23274275,(04)23288582,2025,12,28,8,58,臺中市,烏日區,0,1,0,7,2,6,30,13,9,1,5,4,6,6,4,4,10,5,5,2,11,3,10,2,1,C03,7,9,1,10,2,11,,8,8,1,6,4,120.634741,24.108392,2
12068,66000,387130000C,(04)23274275,(04)23288582,2025,12,28,9,2,臺中市,西屯區,0,0,0,7,,,50,,,,,,,,,,,,,,12,,,,,B03,,,1,,2,,,40,40,1,12,4,120.6518,24.158127,3
12069,66000,387130000C,(04)23274275,(04)23288582,2025,12,28,9,4,臺中市,大雅區,0,0,0,6,,,50,,,,,,,,,,,,,,,,,,,B03,,,1,,2,,,21,21,1,12,4,120.645852,24.225782,3
12070,66000,387130000C,(04)23274275,(04)23288582,2025,12,28,9,6,臺中市,東勢區,0,1,0,7,3,6,50,13,24,1,5,4,6,6,4,4,9,5,5,2,17,3,10,5,4,B12,7,15,1,8,2,8,,76,76,1,12,4,120.82697,24.261309,2
12071,66000,387130000C,(04)23274275,(04)23288582,2025,12,28,9,15,臺中市,豐原區,0,1,0,7,2,6,30,4,2,1,5,4,6,6,4,4,10,5,5,1,18,2,9,1,1,C03,7,15,1,10,2,16,,59,59,1,12,4,120.717506,24.250563,2
12072,66000,387130000C,(04)23274275,(04)23288582,2025,12,28,9,20,臺中市,清水區,0,0,0,6,,,30,,,,,,,,,,,,,,,,,,,C03,,,1,,2,,,84,84,1,12,4,120.543885,24.286584,3
12073,66000,387130000C,(04)23274275,(04)23288582,2025,12,28,9,21,臺中市,東區,0,1,0,7,1,6,50,4,1,1,5,4,6,6,1,1,9,4,5,2,12,3,10,1,1,C03,7,5,1,10,2,13,,47,47,1,12,4,120.694406,24.149746,2
12074,66000,387130000C,(04)23274275,(04)23288582,2025,12,28,9,35,臺中市,大雅區,0,0,0,7,,,50,,,,,,,,,,,,,,,,,,,B03,,,1,,1,,,82,82,1,12,4,120.641203,24.219188,3
12075,66000,387130000C,(04)23274275,(04)23288582,2025,12,28,9,37,臺中市,豐原區,0,1,0,7,2,6,50,5,1,1,5,4,6,6,1,1,10,5,5,2,13,2,9,2,1,C03,7,9,1,10,2,11,,7,7,1,13,4,120.717102,24.244077,2
12076,66000,387130000C,(04)23274275,(04)23288582,2025,12,28,9,47,臺中市,豐原區,0,0,0,7,,,50,,,,,,,,,,,,,,17,,,,,B03,,,1,,1,,,77,77,1,12,4,120.721485,24.257841,3
12077,66000,387130000C,(04)23274275,(04)23288582,2025,12,28,9,48,臺中市,大甲區,0,2,0,7,3,6,50,13,9,1,5,4,6,6,4,4,5,5,5,2,13,2,9,5,4,C03,7,9,1,10,2,11,,7,7,1,8,4,120.625306,24.34908,2
12078,66000,387130000C,(04)23274275,(04)23288582,2025,12,28,9,51,臺中市,北區,0,1,0,7,2,6,50,3,1,1,5,4,6,6,4,4,1,4,5,1,16,3,10,3,1,B03,7,5,1,8,2,5,,47,47,1,12,4,120.684883,24.160808,2
12079,66000,387130000C,(04)23274275,(04)23288582,2025,12,28,9,53,臺中市,大安區,0,0,0,7,,,50,,,,,,,,,,,,,,16,,,,,C03,,,1,,2,,,48,48,1,6,4,120.588196,24.34443,3
12080,66000,387130000C,(04)23274275,(04)23288582,2025,12,28,9,57,臺中市,西屯區,0,1,0,7,2,6,50,4,4,1,5,4,6,6,2,1,1,5,5,2,13,2,8,2,1,C03,7,9,1,10,2,11,,7,7,1,12,4,120.649729,24.162959,2
12081,66000,387130000C,(04)23274275,(04)23288582,2025,12,28,10,2,臺中市,大里區,0,1,0,7,2,6,50,13,9,1,5,4,6,6,4,4,9,4,5,2,14,3,10,2,1,C03,7,2,1,10,2,13,,49,49,1,12,4,120.687844,24.105809,2
12082,66000,387130000C,(04)23274275,(04)23288582,2025,12,28,10,7,臺中市,潭子區,0,0,0,7,,,50,,,,,,,,,,,,,,13,,,,,B03,,,1,,2,,,59,59,1,13,4,120.696017,24.1943,3
12083,66000,387130000C,(04)23274275,(04)23288582,2025,12,28,10,9,臺中市,南屯區,0,0,0,7,3,6,60,13,7,1,5,4,6,6,1,1,1,2,1,2,13,,,,,B03,,,1,,1,,,7,7,1,12,4,120.623192,24.14127,3
12084,66000,387130000C,(04)23274275,(04)23288582,2025,12,28,10,9,臺中市,北屯區,0,0,0,7,,,30,,,,,,,,,,,,,,14,,,,,B03,,,1,,1,,,49,49,1,6,4,120.681837,24.174352,3
12085,66000,387130000C,(04)23274275,(04)23288582,2025,12,28,10,14,臺中市,豐原區,0,1,0,6,2,6,50,13,8,1,5,4,6,6,4,4,5,4,4,2,17,3,10,3,1,B03,7,13,1,8,2,4,,76,76,1,12,4,120.725656,24.255261,2
12086,66000,387130000C,(04)23274275,(04)23288582,2025,12,28,10,25,臺中市,沙鹿區,0,1,0,6,2,6,50,4,1,1,5,4,6,6,1,1,10,5,5,2,17,2,9,1,1,C03,7,9,1,10,2,14,,82,82,1,12,4,120.575215,24.226738,2
12087,66000,387130000C,(04)23274275,(04)23288582,2025,12,28,10,31,臺中市,沙鹿區,0,0,0,7,,,50,,,,,,,,,,,,,,,,,,,B03,,,1,,2,,,59,59,1,13,4,120.571539,24.242432,3
12088,66000,387130000C,(04)23274275,(04)23288582,2025,12,28,10,35,臺中市,后里區,0,1,0,7,3,6,60,4,2,1,5,4,6,6,1,1,1,2,4,2,30,2,8,1,1,C03,7,9,1,10,2,14,,59,59,1,5,4,120.678836,24.304177,2
12089,66000,387130000C,(04)23274275,(04)23288582,2025,12,28,10,39,臺中市,西屯區,0,1,0,7,2,6,50,5,1,1,5,4,6,6,2,1,10,5,5,2,12,2,8,2,4,C03,7,8,1,10,2,14,,40,40,1,13,4,120.6399,24.16027,2
12090,66000,387130000C,(04)23274275,(04)23288582,2025,12,28,10,40,臺中市,豐原區,0,0,0,7,2,6,50,3,1,1,5,4,6,6,3,1,10,5,5,2,13,,,,,B03,,,1,,2,,,7,7,1,13,4,120.704997,24.24991,3
12091,66000,387130000C,(04)23274275,(04)23288582,2025,12,28,10,46,臺中市,神岡區,0,0,0,7,,,50,,,,,,,,,,,,,,17,,,,,B03,,,1,,2,,,49,49,1,12,4,120.691002,24.231151,3
12092,66000,387130000C,(04)23274275,(04)23288582,2025,12,28,10,48,臺中市,大肚區,0,2,0,7,2,6,50,3,1,1,5,4,6,6,4,4,10,5,5,2,16,2,9,1,1,C03,7,9,1,10,2,11,,84,84,1,6,4,120.53792,24.158523,2
12093,66000,387130000C,(04)23274275,(04)23288582,2025,12,28,10,50,臺中市,新社區,0,2,0,7,3,6,30,11,9,1,5,4,6,6,4,4,9,5,5,1,17,2,9,5,4,C01,7,9,1,9,2,12,,85,85,1,12,4,120.875897,24.141002,2
12094,66000,387130000C,(04)23274275,(04)23288582,2025,12,28,10,51,臺中市,太平區,0,1,0,7,2,6,30,3,1,1,5,4,6,6,4,4,10,5,5,2,16,3,10,3,1,B12,7,6,1,8,2,1,,12,12,1,12,4,120.732894,24.142002,2
12095,66000,387130000C,(04)23274275,(04)23288582,2025,12,28,10,58,臺中市,霧峰區,0,2,0,7,2,6,40,13,8,1,5,4,6,6,4,4,1,4,4,1,17,2,9,5,4,C03,7,1,1,10,2,14,,51,51,1,12,4,120.694317,24.050162,2
12096,66000,387130000C,(04)23274275,(04)23288582,2025,12,28,11,7,臺中市,西屯區,0,0,0,7,,,50,,,,,,,,,,,,,,17,,,,,F01,,,7,,2,,,30,30,1,12,4,120.646071,24.164212,3
12097,66000,387130000C,(04)23274275,(04)23288582,2025,12,28,11,9,臺中市,大雅區,0,2,0,7,2,6,30,3,1,1,5,4,6,6,4,4,10,5,5,1,17,2,9,1,1,C03,7,6,1,10,2,14,,14,14,1,12,4,120.646334,24.224215,2
12098,66000,387130000C,(04)23274275,(04)23288582,2025,12,28,11,13,臺中市,北屯區,0,0,0,7,,,40,,,,,,,,,,,,,,17,,,,,B03,,,1,,9,,,58,58,2,12,4,120.694186,24.17224,3
12099,66000,387130000C,(04)23274275,(04)23288582,2025,12,28,11,17,臺中市,石岡區,0,1,0,7,2,6,70,5,2,1,5,4,6,6,1,1,8,4,4,1,12,2,9,1,1,C03,7,8,3,19,2,14,,40,40,1,12,4,120.816108,24.260521,2
12100,66000,387130000C,(04)23274275,(04)23288582,2025,12,28,11,24,臺中市,大甲區,0,0,0,7,,,50,,,,,,,,,,,,,,,,,,,B03,,,1,,1,,,7,7,1,6,4,120.617182,24.346946,3
12101,66000,387130000C,(04)23274275,(04)23288582,2025,12,28,11,25,臺中市,北屯區,0,1,0,7,3,6,50,13,9,1,5,4,6,6,4,4,5,4,5,2,12,2,8,1,1,C03,7,9,1,10,2,11,,59,59,1,12,4,120.717818,24.175453,2
12102,66000,387130000C,(04)23274275,(04)23288582,2025,12,28,11,26,臺中市,大雅區,0,1,0,7,3,6,70,3,2,1,5,4,6,6,4,4,5,2,4,1,17,3,10,3,1,B03,7,5,3,19,2,5,,47,47,1,12,4,120.63134,24.239985,2
12103,66000,387130000C,(04)23274275,(04)23288582,2025,12,28,11,27,臺中市,清水區,0,1,0,7,2,6,70,4,1,1,5,4,6,6,1,1,8,1,4,1,17,3,10,3,1,B03,7,5,1,8,2,3,,11,11,1,12,4,120.591134,24.296348,2
12104,66000,387130000C,(04)23274275,(04)23288582,2025,12,28,11,29,臺中市,清水區,0,0,0,6,,,40,,,,,,,,,,,,,,,,,,,B03,,,1,,2,,,85,85,1,12,4,120.578634,24.271663,3
12105,66000,387130000C,(04)23274275,(04)23288582,2025,12,28,11,30,臺中市,大雅區,0,0,0,6,,,0,,,,,,,,,,,,,,,,,,,C03,,,1,,1,,,49,49,1,13,4,120.645605,24.22165,3
12106,66000,387130000C,(04)23274275,(04)23288582,2025,12,28,11,30,臺中市,北區,0,0,0,7,,,50,,,,,,,,,,,,,,17,,,,,C03,,,1,,1,,,8,8,1,13,4,120.681754,24.154989,3
12107,66000,387130000C,(04)23274275,(04)23288582,2025,12,28,11,30,臺中市,新社區,0,0,0,7,,,50,,,,,,,,,,,,,,,,,,,B03,,,1,,1,,,50,50,1,12,4,120.807915,24.240584,3
12108,66000,387130000C,(04)23274275,(04)23288582,2025,12,28,11,34,臺中市,北屯區,0,1,0,7,2,6,50,4,1,1,5,4,6,6,1,1,10,5,5,2,16,2,9,1,1,C03,7,6,1,10,2,11,,11,11,1,12,4,120.674685,24.202893,2
12109,66000,387130000C,(04)23274275,(04)23288582,2025,12,28,11,40,臺中市,南屯區,0,0,0,7,3,6,50,13,7,1,5,4,6,6,4,4,3,4,3,2,13,,,,,A12,,,1,,2,,,59,59,1,12,4,120.585549,24.166218,3
12110,66000,387130000C,(04)23274275,(04)23288582,2025,12,28,11,41,臺中市,烏日區,0,2,0,7,3,6,60,13,7,1,5,4,6,6,4,4,1,2,4,2,12,2,3,3,1,B03,7,7,1,8,2,5,,39,39,1,12,4,120.629968,24.109199,2
12111,66000,387130000C,(04)23274275,(04)23288582,2025,12,28,11,45,臺中市,沙鹿區,0,2,0,7,2,6,50,4,9,1,5,4,6,6,1,1,4,4,5,2,12,2,9,2,1,C03,7,4,3,19,2,11,,7,7,1,12,4,120.562137,24.238683,2
12112,66000,387130000C,(04)23274275,(04)23288582,2025,12,28,11,48,臺中市,南區,0,1,0,7,3,6,50,13,9,1,5,4,6,6,4,4,9,5,5,2,12,3,10,3,1,B03,7,1,1,8,2,8,,51,51,1,6,4,120.660503,24.115901,2
12113,66000,387130000C,(04)23274275,(04)23288582,2025,12,28,11,50,臺中市,西屯區,0,0,0,7,,,0,,,,,,,,,,,,,,17,,,,,B03,,,1,,2,,,51,51,1,12,4,120.641645,24.154942,3
12114,66000,387130000C,(04)23274275,(04)23288582,2025,12,28,11,50,臺中市,西屯區,0,0,0,7,,,40,,,,,,,,,,,,,,12,,,,,B03,,,1,,2,,,8,8,1,12,4,120.615422,24.188338,4
12115,66000,387130000C,(04)23274275,(04)23288582,2025,12,28,12,2,臺中市,西區,0,1,0,7,2,6,40,4,1,1,5,4,6,6,4,4,10,5,5,2,17,3,10,3,1,B03,7,9,1,8,2,5,,8,8,1,12,4,120.667245,24.13258,2
12116,66000,387130000C,(04)23274275,(04)23288582,2025,12,28,12,3,臺中市,霧峰區,0,0,0,7,,,40,,,,,,,,,,,,,,,,,,,B03,,,1,,2,,,84,84,1,13,4,120.699858,24.068597,3
12117,66000,387130000C,(04)23274275,(04)23288582,2025,12,28,12,7,臺中市,東區,0,2,0,7,2,6,30,3,1,1,5,4,6,6,4,4,10,5,5,2,9,2,7,6,5,H01,8,16,7,21,1,17,,98,98,1,12,5,120.690589,24.144585,2
12118,66000,387130000C,(04)23274275,(04)23288582,2025,12,28,12,7,臺中市,東區,0,0,0,7,,,30,,,,,,,,,,,,,,,,,,,B12,,,1,,1,,,49,49,1,12,4,120.701393,24.129983,3
12119,66000,387130000C,(04)23274275,(04)23288582,2025,12,28,12,7,臺中市,豐原區,0,1,0,6,2,6,50,4,9,1,5,4,6,6,2,1,5,4,5,1,12,2,8,1,1,C03,7,9,1,10,2,14,,42,42,1,12,4,120.725191,24.233417,2
12120,66000,387130000C,(04)23274275,(04)23288582,2025,12,28,12,17,臺中市,西屯區,0,1,0,7,2,6,30,3,2,1,5,4,6,6,4,4,10,5,5,2,16,3,10,1,1,C03,7,6,1,10,2,11,,48,48,1,12,4,120.65558,24.160156,2
12121,66000,387130000C,(04)23274275,(04)23288582,2025,12,28,12,20,臺中市,東區,0,0,0,6,,,50,,,,,,,,,,,,,,,,,,,B03,,,1,,1,,,84,84,1,12,4,120.688374,24.138833,4
12122,66000,387130000C,(04)23274275,(04)23288582,2025,12,28,12,20,臺中市,西屯區,0,0,0,7,,,,,,,,,,,,,,,,,17,,,,,C03,,,,,,,,86,86,1,,,120.665377,24.178224,3
12123,66000,387130000C,(04)23274275,(04)23288582,2025,12,28,12,21,臺中市,大肚區,0,0,0,7,,,50,,,,,,,,,,,,,,,,,,,B03,,,1,,2,,,59,59,1,6,4,120.545604,24.150108,3
12124,66000,387130000C,(04)23274275,(04)23288582,2025,12,28,12,32,臺中市,梧棲區,0,0,0,7,,,30,,,,,,,,,,,,,,14,,,,,B03,,,1,,2,,,49,49,1,6,4,120.539715,24.238691,4
12125,66000,387130000C,(04)23274275,(04)23288582,2025,12,28,12,37,臺中市,南屯區,0,1,0,7,2,6,50,13,9,1,5,4,6,6,4,4,9,5,5,2,18,2,9,2,1,C03,7,9,1,10,2,16,,59,59,1,13,4,120.642226,24.13466,2
12126,66000,387130000C,(04)23274275,(04)23288582,2025,12,28,12,43,臺中市,烏日區,0,2,0,7,2,6,50,3,1,1,5,4,6,6,1,1,10,5,4,2,17,2,9,5,4,C03,7,15,1,10,2,12,,84,84,1,12,4,120.625961,24.111426,2
12127,66000,387130000C,(04)23274275,(04)23288582,2025,12,28,12,51,臺中市,大里區,0,0,0,7,,,50,,,,,,,,,,,,,,14,,,,,C03,,,1,,2,,,49,49,1,12,4,120.689893,24.113745,3
12128,66000,387130000C,(04)23274275,(04)23288582,2025,12,28,12,52,臺中市,后里區,0,0,0,7,2,6,50,3,9,1,5,4,6,6,4,4,9,4,5,2,13,,,,,B03,,,1,,2,,,59,59,1,6,4,120.691183,24.319027,3
12129,66000,387130000C,(04)23274275,(04)23288582,2025,12,28,12,55,臺中市,豐原區,0,0,0,7,,,50,,,,,,,,,,,,,,17,,,,,C03,,,1,,2,,,85,85,1,12,4,120.714852,24.246416,4
12130,66000,387130000C,(04)23274275,(04)23288582,2025,12,28,13,5,臺中市,北區,0,0,0,7,,,30,,,,,,,,,,,,,,17,,,,,B03,,,1,,2,,,59,59,1,13,4,120.68376,24.164623,3
12131,66000,387130000C,(04)23274275,(04)23288582,2025,12,28,13,5,臺中市,太平區,0,0,0,7,,,30,,,,,,,,,,,,,,17,,,,,B03,,,1,,2,,,84,84,1,12,4,120.725941,24.104542,3
12132,66000,387130000C,(04)23274275,(04)23288582,2025,12,28,13,11,臺中市,南屯區,0,1,0,7,3,6,50,13,9,1,5,4,6,6,4,4,9,5,5,2,17,2,9,1,1,C03,7,9,1,10,2,14,11,7,7,1,12,4,120.643376,24.138302,2
12133,66000,387130000C,(04)23274275,(04)23288582,2025,12,28,13,20,臺中市,南區,0,0,0,7,,,50,,,,,,,,,,,,,,,,,,,C03,,,1,,1,,,7,7,1,6,4,120.678075,24.132362,4
12134,66000,387130000C,(04)23274275,(04)23288582,2025,12,28,13,24,臺中市,西屯區,0,0,0,7,,,50,,,,,,,,,,,,,,17,,,,,C03,,,1,,9,,,59,59,1,13,4,120.637879,24.180465,3
12135,66000,387130000C,(04)23274275,(04)23288582,2025,12,28,13,30,臺中市,梧棲區,0,0,0,7,,,50,,,,,,,,,,,,,,14,,,,,B03,,,1,,1,,,49,49,1,12,4,120.538037,24.245349,3
12136,66000,387130000C,(04)23274275,(04)23288582,2025,12,28,13,30,臺中市,沙鹿區,0,0,0,7,,,50,,,,,,,,,,,,,,19,,,,,B03,,,1,,2,,,82,82,1,12,4,120.596274,24.249029,3
12137,66000,387130000C,(04)23274275,(04)23288582,2025,12,28,13,31,臺中市,霧峰區,0,2,0,7,3,6,50,13,9,1,5,4,6,6,4,4,9,5,5,1,13,2,9,1,1,C03,7,9,1,10,2,11,,56,56,1,5,4,120.68779,24.015247,2
12138,66000,387130000C,(04)23274275,(04)23288582,2025,12,28,13,43,臺中市,北屯區,0,1,0,7,3,6,50,13,9,1,5,4,6,6,4,4,5,4,5,2,13,2,8,1,1,C03,7,9,1,10,1,11,,7,7,1,12,4,120.735027,24.177495,2
12139,66000,387130000C,(04)23274275,(04)23288582,2025,12,28,13,45,臺中市,北屯區,0,1,0,7,2,6,50,4,1,1,5,4,6,6,1,1,10,5,5,2,16,3,10,1,1,C03,7,6,1,10,2,14,,65,65,1,12,4,120.687036,24.185425,2
12140,66000,387130000C,(04)23274275,(04)23288582,2025,12,28,13,45,臺中市,北屯區,0,0,0,7,,3,40,,,,,,,,,,,,,,13,,,,,B03,,,1,,1,,,7,7,1,6,4,120.719807,24.164425,3
12141,66000,387130000C,(04)23274275,(04)23288582,2025,12,28,13,48,臺中市,神岡區,0,1,0,7,2,6,50,13,9,1,5,4,6,6,4,4,1,4,5,1,17,2,9,2,1,C03,7,9,1,10,2,14,,84,84,1,6,4,120.682482,24.246018,2
12142,66000,387130000C,(04)23274275,(04)23288582,2025,12,28,13,51,臺中市,潭子區,0,0,0,7,,,40,,,,,,,,,,,,,,9,,,,,B03,,,1,,2,,,51,51,1,12,4,120.703848,24.207203,3
12143,66000,387130000C,(04)23274275,(04)23288582,2025,12,28,13,51,臺中市,西屯區,0,1,0,7,2,6,50,4,1,1,5,4,6,6,2,1,10,5,5,2,13,2,8,1,1,C03,7,9,1,10,1,11,14,7,7,1,12,4,120.651867,24.176133,2
12144,66000,387130000C,(04)23274275,(04)23288582,2025,12,28,13,55,臺中市,北區,0,1,0,7,2,6,50,4,2,1,5,4,6,6,1,1,1,4,5,2,13,2,9,1,1,C03,7,9,1,10,2,11,,7,7,1,12,4,120.676609,24.155868,2
12145,66000,387130000C,(04)23274275,(04)23288582,2025,12,28,13,58,臺中市,沙鹿區,0,0,0,7,,,50,,,,,,,,,,,,,,,,,,,B03,,,1,,1,,,84,84,1,12,4,120.558952,24.238321,3
12146,66000,387130000C,(04)23274275,(04)23288582,2025,12,28,14,4,臺中市,西屯區,0,1,0,7,2,6,50,3,1,1,5,4,6,6,2,1,10,5,5,2,16,2,7,2,1,C03,7,6,1,10,2,14,,48,48,1,12,4,120.61574,24.190187,2
12147,66000,387130000C,(04)23274275,(04)23288582,2025,12,28,14,10,臺中市,烏日區,0,0,0,7,,,30,,,,,,,,,,,,,,30,,,,,B03,,,1,,2,,,84,84,1,6,4,120.643576,24.111983,3
12148,66000,387130000C,(04)23274275,(04)23288582,2025,12,28,14,14,臺中市,南屯區,0,1,0,7,3,6,50,13,7,1,5,4,6,6,4,4,5,5,4,2,13,2,9,1,1,C03,7,9,1,10,2,11,,7,7,1,12,4,120.616146,24.153052,2
12149,66000,387130000C,(04)23274275,(04)23288582,2025,12,28,14,22,臺中市,南區,0,2,0,7,1,6,50,4,1,1,5,4,6,6,4,4,9,4,5,2,15,2,9,1,1,C03,7,9,1,10,2,12,,13,13,1,12,4,120.662817,24.12652,2
12150,66000,387130000C,(04)23274275,(04)23288582,2025,12,28,14,30,臺中市,北區,0,2,0,7,2,6,50,3,1,1,5,4,6,6,1,1,3,4,4,2,17,2,9,5,1,F01,7,6,7,21,2,11,,23,23,1,13,4,120.683818,24.146272,2
12151,66000,387130000C,(04)23274275,(04)23288582,2025,12,28,14,35,臺中市,大肚區,0,0,0,7,,,50,,,,,,,,,,,,,,,,,,,B03,,,1,,2,,,15,15,1,12,4,120.578686,24.174079,3
12152,66000,387130000C,(04)23274275,(04)23288582,2025,12,28,14,38,臺中市,神岡區,0,0,0,7,,,50,,,,,,,,,,,,,,13,,,,,B03,,,1,,2,,,56,56,1,12,4,120.698964,24.235349,3