序號,縣市別代碼,機關代碼,市話,傳真,年,月,日,時,分,縣市,區,死亡數量,受傷數量,2-30,天候,道路照明設備,道路類別,道路速限,道路型態,事故位置,路面鋪裝,路面狀態,路面缺陷,障礙物,視距,號誌種類,號誌動作,分向設施,快車道或一般車道間,快慢車道間,路面邊線,事故類型及型態,受傷程度,主要傷處,保護裝備,行動電話或功能裝置,當事者區分(類別),車輛用途,當事者行動狀態,駕照狀態,駕照種類,飲酒情形,車輛撞擊部位最初,車輛撞擊部位其他,肇事因素個別,肇事因素主要,肇事逃逸,職業,共享經濟或外送平台,GPS座標X,GPS座標Y,事故類別
12153,66000,387130000C,(04)23274275,(04)23288582,2025,12,28,14,40,臺中市,北屯區,0,1,0,7,3,6,50,5,2,1,5,4,6,6,1,1,5,5,5,2,13,3,10,2,1,C03,7,9,1,10,2,11,,84,84,1,6,4,120.706796,24.169598,2
12154,66000,387130000C,(04)23274275,(04)23288582,2025,12,28,14,42,臺中市,南屯區,0,1,0,7,3,6,50,4,1,1,5,4,6,6,1,1,10,5,5,2,16,3,10,3,1,B03,7,5,1,10,2,2,,47,47,1,12,4,120.651434,24.150962,2
12155,66000,387130000C,(04)23274275,(04)23288582,2025,12,28,14,48,臺中市,南屯區,0,0,0,7,,,50,,,,,,,,,,,,,,16,,,,,B03,,,1,,1,,,84,84,1,13,4,120.645331,24.153646,3
12156,66000,387130000C,(04)23274275,(04)23288582,2025,12,28,14,51,臺中市,西屯區,0,1,0,7,2,6,50,3,2,1,5,4,6,6,2,1,4,5,4,1,18,2,9,2,4,C03,7,9,1,10,2,14,,59,59,1,12,4,120.646793,24.171028,2
12157,66000,387130000C,(04)23274275,(04)23288582,2025,12,28,14,56,臺中市,北屯區,0,0,0,7,,,50,,,,,,,,,,,,,,13,,,,,B03,,,1,,2,,,7,7,1,6,4,120.705231,24.168196,3
12158,66000,387130000C,(04)23274275,(04)23288582,2025,12,28,14,57,臺中市,霧峰區,0,2,0,7,2,6,40,4,1,1,5,4,6,6,1,1,10,5,5,2,12,2,2,1,1,C03,7,15,1,10,2,14,,42,42,1,12,4,120.69815,24.060733,2
12159,66000,387130000C,(04)23274275,(04)23288582,2025,12,28,15,0,臺中市,東區,0,0,0,7,,,50,,,,,,,,,,,,,,13,,,,,B03,,,1,,2,,,7,7,1,6,4,120.696502,24.138866,3
12160,66000,387130000C,(04)23274275,(04)23288582,2025,12,28,15,9,臺中市,烏日區,0,0,0,7,,,30,,,,,,,,,,,,,,14,,,,,B03,,,1,,1,,,49,49,1,6,4,120.650467,24.055537,3
12161,66000,387130000C,(04)23274275,(04)23288582,2025,12,28,15,10,臺中市,中區,0,1,0,7,3,6,50,13,9,1,5,4,6,6,1,1,10,5,5,2,13,3,10,1,1,C03,7,9,3,19,2,11,,84,84,1,12,4,120.685609,24.143132,2
12162,66000,387130000C,(04)23274275,(04)23288582,2025,12,28,15,17,臺中市,西區,0,0,0,7,,,50,,,,,,,,,,,,,,,,,,,C03,,,1,,1,,,84,84,1,6,4,120.67122,24.14549,3
12163,66000,387130000C,(04)23274275,(04)23288582,2025,12,28,15,18,臺中市,太平區,0,1,0,7,2,6,40,3,1,1,5,4,6,6,4,4,10,5,5,2,13,2,8,2,1,C03,7,9,1,10,2,11,,7,7,1,13,4,120.726803,24.149904,2
12164,66000,387130000C,(04)23274275,(04)23288582,2025,12,28,15,19,臺中市,潭子區,0,1,0,7,2,6,60,4,2,1,5,4,6,6,2,1,1,4,4,1,17,3,10,3,1,B03,7,7,1,8,2,2,,40,40,1,13,4,120.70534,24.211599,2
12165,66000,387130000C,(04)23274275,(04)23288582,2025,12,28,15,21,臺中市,西區,0,0,0,7,,,30,,,,,,,,,,,,,,14,,,,,B03,,,1,,2,,,49,49,1,13,4,120.661263,24.158477,3
12166,66000,387130000C,(04)23274275,(04)23288582,2025,12,28,15,22,臺中市,豐原區,0,0,0,7,,,30,,,,,,,,,,,,,,11,,,,,B03,,,2,,2,,,8,8,1,12,4,120.73429,24.268737,3
12167,66000,387130000C,(04)23274275,(04)23288582,2025,12,28,15,23,臺中市,北屯區,0,0,0,7,,,50,,,,,,,,,,,,,,17,,,,,B03,,,1,,2,,,20,20,1,6,4,120.686371,24.188572,3
12168,66000,387130000C,(04)23274275,(04)23288582,2025,12,28,15,24,臺中市,龍井區,0,0,0,7,,,50,,,,,,,,,,,,,,,,,,,B03,,,1,,2,,,49,49,1,12,4,120.577757,24.175257,3
12169,66000,387130000C,(04)23274275,(04)23288582,2025,12,28,15,25,臺中市,北區,0,0,0,7,,,50,,,,,,,,,,,,,,,,,,,B03,,,1,,2,,,51,51,1,13,4,120.672492,24.166751,3
12170,66000,387130000C,(04)23274275,(04)23288582,2025,12,28,15,27,臺中市,烏日區,0,1,0,7,2,6,30,4,1,1,5,4,6,6,4,4,10,5,5,2,17,3,10,5,4,B03,7,9,1,8,2,8,,12,12,1,6,4,120.64031,24.1045,2
12171,66000,387130000C,(04)23274275,(04)23288582,2025,12,28,15,28,臺中市,西區,0,0,0,7,,,50,,,,,,,,,,,,,,13,,,,,C03,,,1,,1,,,59,59,1,13,4,120.665942,24.14166,3
12172,66000,387130000C,(04)23274275,(04)23288582,2025,12,28,15,30,臺中市,西區,0,2,0,7,3,6,50,13,9,1,5,4,6,6,4,4,1,4,5,2,12,3,10,3,1,B03,7,9,1,8,2,5,,8,8,1,12,4,120.654328,24.150757,2
12173,66000,387130000C,(04)23274275,(04)23288582,2025,12,28,15,31,臺中市,潭子區,0,0,0,7,,,40,,,,,,,,,,,,,,9,,,,,B03,,,1,,2,,,59,59,1,12,4,120.709056,24.200823,3
12174,66000,387130000C,(04)23274275,(04)23288582,2025,12,28,15,33,臺中市,太平區,0,1,0,7,2,6,30,4,1,1,5,4,6,6,4,4,10,5,5,2,16,2,9,1,1,C03,7,4,1,10,2,12,,1,1,1,12,4,120.712368,24.125393,2
12175,66000,387130000C,(04)23274275,(04)23288582,2025,12,28,15,34,臺中市,潭子區,0,0,0,7,,3,80,,,,,,,,,,,,,,,,,,,B03,,,1,,2,,,7,7,1,13,4,120.720153,24.195808,3
12176,66000,387130000C,(04)23274275,(04)23288582,2025,12,28,15,39,臺中市,大甲區,0,0,0,7,,,50,,,,,,,,,,,,,,15,,,,,C03,,,1,,1,,,14,14,1,6,4,120.616009,24.349998,3
12177,66000,387130000C,(04)23274275,(04)23288582,2025,12,28,15,46,臺中市,大里區,0,0,0,7,,3,80,,,,,,,,,,,,,,,,,,,B02,,,1,,2,,,59,59,1,12,4,120.683176,24.086227,3
12178,66000,387130000C,(04)23274275,(04)23288582,2025,12,28,15,48,臺中市,北屯區,0,1,0,7,2,6,50,4,1,1,5,4,6,6,2,1,10,5,5,2,16,3,10,3,1,B03,7,5,1,8,2,2,,11,11,1,6,4,120.710922,24.182421,2
12179,66000,387130000C,(04)23274275,(04)23288582,2025,12,28,15,50,臺中市,西屯區,0,0,0,7,,,50,,,,,,,,,,,,,,13,,,,,B03,,,1,,1,,,78,78,1,12,4,120.642238,24.159528,3
12180,66000,387130000C,(04)23274275,(04)23288582,2025,12,28,15,50,臺中市,沙鹿區,0,0,0,7,,,40,,,,,,,,,,,,,,17,,,,,B12,,,1,,2,,,8,8,1,12,4,120.570718,24.217515,3
12181,66000,387130000C,(04)23274275,(04)23288582,2025,12,28,15,51,臺中市,霧峰區,0,2,0,7,2,6,30,13,9,1,5,4,6,6,4,4,10,4,5,1,17,3,10,3,1,B01,7,9,1,4,2,8,,41,41,1,13,4,120.749355,24.068948,2
12182,66000,387130000C,(04)23274275,(04)23288582,2025,12,28,15,55,臺中市,北區,0,2,0,7,2,6,50,13,7,1,5,4,6,6,4,4,1,4,4,2,12,3,10,3,1,B03,7,1,1,8,2,8,,51,51,1,12,4,120.682161,24.153435,2
12183,66000,387130000C,(04)23274275,(04)23288582,2025,12,28,15,57,臺中市,潭子區,0,2,0,7,2,6,30,3,1,1,5,4,6,6,4,4,10,5,5,2,16,2,9,4,1,F01,7,6,7,21,2,14,,14,14,1,12,4,120.706989,24.21262,2
12184,66000,387130000C,(04)23274275,(04)23288582,2025,12,28,16,4,臺中市,北區,0,0,0,7,,,50,,,,,,,,,,,,,,12,,,,,B03,,,1,,1,,,8,8,1,13,4,120.683508,24.148272,3
12185,66000,387130000C,(04)23274275,(04)23288582,2025,12,28,16,5,臺中市,沙鹿區,0,1,0,7,2,6,50,13,9,1,5,4,6,6,4,4,4,4,5,2,12,2,7,2,1,C03,7,9,1,10,2,11,,59,59,1,12,4,120.580484,24.208748,2
12186,66000,387130000C,(04)23274275,(04)23288582,2025,12,28,16,6,臺中市,南屯區,0,1,0,7,3,6,50,3,1,1,5,4,6,6,4,4,10,5,5,2,16,3,10,3,1,B03,7,5,1,8,2,5,,20,20,1,13,4,120.643364,24.144781,2
12187,66000,387130000C,(04)23274275,(04)23288582,2025,12,28,16,20,臺中市,南屯區,0,0,0,7,,,50,,,,,,,,,,,,,,13,,,,,C03,,,1,,2,,,59,59,1,12,4,120.627593,24.148308,4
12188,66000,387130000C,(04)23274275,(04)23288582,2025,12,28,16,20,臺中市,西屯區,0,0,0,7,,,50,,,,,,,,,,,,,,13,,,,,B03,,,1,,1,,,59,59,1,13,4,120.657752,24.163407,3
12189,66000,387130000C,(04)23274275,(04)23288582,2025,12,28,16,26,臺中市,潭子區,0,0,0,7,,,30,,,,,,,,,,,,,,,,,,,B03,,,1,,9,,,8,8,2,13,4,120.700421,24.191744,3
12190,66000,387130000C,(04)23274275,(04)23288582,2025,12,28,16,30,臺中市,沙鹿區,0,0,0,7,2,6,60,4,7,1,5,4,6,6,1,1,1,3,4,2,11,,,,,B03,,,1,,2,,,45,45,1,12,4,120.558667,24.22948,3
12191,66000,387130000C,(04)23274275,(04)23288582,2025,12,28,16,34,臺中市,西屯區,0,0,0,7,,,40,,,,,,,,,,,,,,12,,,,,C03,,,1,,2,,,8,8,1,13,4,120.646279,24.157441,3
12192,66000,387130000C,(04)23274275,(04)23288582,2025,12,28,16,34,臺中市,大里區,0,0,0,7,,,30,,,,,,,,,,,,,,17,,,,,B03,,,1,,2,,,85,85,1,13,4,120.704007,24.097826,3
12193,66000,387130000C,(04)23274275,(04)23288582,2025,12,28,16,39,臺中市,南屯區,0,0,0,7,,,50,,,,,,,,,,,,,,12,,,,,B02,,,1,,2,,,59,59,1,12,4,120.652988,24.139491,3
12194,66000,387130000C,(04)23274275,(04)23288582,2025,12,28,16,46,臺中市,北屯區,0,0,0,7,,,50,,,,,,,,,,,,,,17,,,,,B03,,,1,,2,,,51,51,1,12,4,120.696799,24.172604,3
12195,66000,387130000C,(04)23274275,(04)23288582,2025,12,28,16,51,臺中市,太平區,0,1,0,7,2,6,50,13,14,1,5,4,6,6,4,4,5,4,5,1,18,2,7,2,1,C03,7,13,5,19,2,12,,78,78,1,13,4,120.733956,24.144161,2
12196,66000,387130000C,(04)23274275,(04)23288582,2025,12,28,16,55,臺中市,北屯區,0,0,0,7,,,50,,,,,,,,,,,,,,12,,,,,B03,,,1,,1,,,40,40,1,6,4,120.698557,24.174755,4
12197,66000,387130000C,(04)23274275,(04)23288582,2025,12,28,17,1,臺中市,西屯區,0,0,0,7,2,6,60,3,1,1,5,4,6,6,2,1,1,4,1,2,13,,,,,B02,,,1,,1,,,7,7,1,13,4,120.627073,24.159661,3
12198,66000,387130000C,(04)23274275,(04)23288582,2025,12,28,17,8,臺中市,太平區,0,0,0,7,,,50,,,,,,,,,,,,,,13,,,,,B03,,,1,,1,,,84,84,1,12,4,120.718222,24.126285,3
12199,66000,387130000C,(04)23274275,(04)23288582,2025,12,28,17,13,臺中市,北屯區,0,1,0,7,2,6,50,4,2,1,5,4,6,6,2,1,10,5,5,2,13,2,9,2,1,C03,7,9,1,10,2,11,,7,7,1,12,4,120.685905,24.172193,2
12200,66000,387130000C,(04)23274275,(04)23288582,2025,12,28,17,15,臺中市,烏日區,0,0,0,7,,,30,,,,,,,,,,,,,,12,,,,,B03,,,1,,1,,,51,51,1,6,4,120.616486,24.113545,3
12201,66000,387130000C,(04)23274275,(04)23288582,2025,12,28,17,17,臺中市,南區,0,0,0,7,,,50,,,,,,,,,,,,,,,,,,,B03,,,1,,1,,,40,40,1,12,4,120.669729,24.126796,3
12202,66000,387130000C,(04)23274275,(04)23288582,2025,12,28,17,21,臺中市,北屯區,0,0,0,7,,,50,,,,,,,,,,,,,,17,,,,,B03,,,1,,1,,,65,65,1,6,4,120.682883,24.179231,3
12203,66000,387130000C,(04)23274275,(04)23288582,2025,12,28,17,24,臺中市,北區,0,0,0,7,,,50,,,,,,,,,,,,,,,,,,,C03,,,1,,1,,,84,84,1,13,4,120.686304,24.145981,3
12204,66000,387130000C,(04)23274275,(04)23288582,2025,12,28,17,29,臺中市,北屯區,0,0,0,7,,,60,,,,,,,,,,,,,,13,,,,,B03,,,1,,1,,,59,59,1,12,4,120.723091,24.162035,3
12205,66000,387130000C,(04)23274275,(04)23288582,2025,12,28,17,31,臺中市,南屯區,0,0,0,7,,,50,,,,,,,,,,,,,,13,,,,,B02,,,1,,2,,,84,84,1,13,4,120.652943,24.153589,3
12206,66000,387130000C,(04)23274275,(04)23288582,2025,12,28,17,32,臺中市,大里區,0,0,0,7,,,50,,,,,,,,,,,,,,17,,,,,B03,,,1,,2,,,8,8,1,13,4,120.687846,24.100863,3
12207,66000,387130000C,(04)23274275,(04)23288582,2025,12,28,17,34,臺中市,和平區,0,0,0,7,,,50,,,,,,,,,,,,,,26,,,,,B03,,,1,,2,,,43,43,1,12,4,120.957392,24.168807,3
12208,66000,387130000C,(04)23274275,(04)23288582,2025,12,28,17,35,臺中市,西區,0,0,0,7,,,40,,,,,,,,,,,,,,,,,,,C03,,,1,,1,,,7,7,1,6,4,120.662766,24.16122,3
12209,66000,387130000C,(04)23274275,(04)23288582,2025,12,28,17,37,臺中市,南屯區,0,1,0,7,1,6,50,4,1,1,5,4,6,6,1,1,10,5,5,2,16,3,10,3,1,B03,7,6,1,8,2,5,,11,11,1,13,4,120.641394,24.129513,2
12210,66000,387130000C,(04)23274275,(04)23288582,2025,12,28,17,39,臺中市,北屯區,0,0,0,7,,,50,,,,,,,,,,,,,,,,,,,B03,,,1,,2,,,49,49,1,6,4,120.681859,24.179289,3
12211,66000,387130000C,(04)23274275,(04)23288582,2025,12,28,17,42,臺中市,太平區,0,0,0,7,,,50,,,,,,,,,,,,,,17,,,,,B03,,,1,,2,,,51,51,2,13,4,120.713405,24.144543,3
12212,66000,387130000C,(04)23274275,(04)23288582,2025,12,28,17,43,臺中市,太平區,0,0,0,7,,,50,,,,,,,,,,,,,,13,,,,,B03,,,1,,1,,,84,84,1,12,4,120.712751,24.146183,3
12213,66000,387130000C,(04)23274275,(04)23288582,2025,12,28,17,44,臺中市,東區,0,1,0,7,1,6,50,18,24,1,5,4,3,6,4,4,10,5,5,2,17,3,10,5,4,B03,7,15,1,15,2,1,,84,84,1,12,4,120.70979,24.146853,2
12214,66000,387130000C,(04)23274275,(04)23288582,2025,12,28,17,45,臺中市,大雅區,0,1,0,7,3,6,50,13,7,1,5,4,6,6,4,4,5,5,4,1,17,3,10,5,4,B01,7,11,1,4,2,7,,34,34,1,12,4,120.635344,24.214896,2
12215,66000,387130000C,(04)23274275,(04)23288582,2025,12,28,17,45,臺中市,北區,0,0,0,7,,,50,,,,,,,,,,,,,,,,,,,B03,,,1,,11,,,50,50,1,13,4,120.689278,24.153931,3
12216,66000,387130000C,(04)23274275,(04)23288582,2025,12,28,17,45,臺中市,北屯區,0,0,0,7,,,50,,,,,,,,,,,,,,12,,,,,A04,,,1,,1,,,8,8,1,6,4,120.722412,24.176065,4
12217,66000,387130000C,(04)23274275,(04)23288582,2025,12,28,17,45,臺中市,沙鹿區,0,1,0,7,1,6,40,13,14,1,5,4,6,6,4,4,1,4,4,1,17,2,8,2,1,C03,7,9,1,10,2,12,,85,85,1,6,4,120.595899,24.2498,2
12218,66000,387130000C,(04)23274275,(04)23288582,2025,12,28,17,50,臺中市,南屯區,0,0,0,7,1,6,50,4,1,1,5,4,6,6,2,1,7,4,5,2,16,3,10,1,1,C03,7,9,1,10,6,11,,53,53,1,6,4,120.61181,24.14869,3
12219,66000,387130000C,(04)23274275,(04)23288582,2025,12,28,17,51,臺中市,太平區,0,0,0,7,,,50,,,,,,,,,,,,,,17,,,,,B03,,,1,,2,,,78,78,1,13,4,120.717546,24.12393,3
12220,66000,387130000C,(04)23274275,(04)23288582,2025,12,28,18,3,臺中市,東區,0,2,0,7,1,6,50,3,1,1,5,4,6,6,4,4,10,5,5,2,17,3,10,3,1,B03,7,1,1,8,2,8,,51,51,1,6,4,120.690522,24.133243,2
12221,66000,387130000C,(04)23274275,(04)23288582,2025,12,28,18,13,臺中市,北區,0,1,0,7,1,6,50,4,1,1,5,4,6,6,2,1,10,5,5,2,17,3,10,3,1,B03,7,2,1,8,2,3,,49,49,1,12,4,120.681433,24.152722,2
12222,66000,387130000C,(04)23274275,(04)23288582,2025,12,28,18,13,臺中市,北屯區,0,0,0,7,,,50,,,,,,,,,,,,,,13,,,,,B03,,,1,,2,,,7,7,1,6,4,120.707801,24.183964,4
12223,66000,387130000C,(04)23274275,(04)23288582,2025,12,28,18,15,臺中市,大雅區,0,0,0,7,,,30,,,,,,,,,,,,,,,,,,,C02,,,1,,2,,,84,84,1,13,4,120.645474,24.230133,3
12224,66000,387130000C,(04)23274275,(04)23288582,2025,12,28,18,15,臺中市,南屯區,0,0,0,6,,,50,,,,,,,,,,,,,,,,,,,B03,,,1,,1,,,56,56,1,12,4,120.636688,24.13558,3
12225,66000,387130000C,(04)23274275,(04)23288582,2025,12,28,18,20,臺中市,豐原區,0,0,0,7,,,50,,,,,,,,,,,,,,13,,,,,H04,,,7,,2,,,109,109,1,13,4,120.720079,24.264376,3
12226,66000,387130000C,(04)23274275,(04)23288582,2025,12,28,18,21,臺中市,南屯區,0,1,0,7,1,6,50,4,1,1,5,4,6,6,4,4,10,5,5,2,15,2,9,1,1,C04,7,9,1,10,2,12,,15,15,1,12,4,120.651107,24.156149,2
12227,66000,387130000C,(04)23274275,(04)23288582,2025,12,28,18,22,臺中市,大甲區,0,0,0,7,,,50,,,,,,,,,,,,,,,,,,,A04,,,1,,1,,,59,59,1,6,4,120.624777,24.34609,3
12228,66000,387130000C,(04)23274275,(04)23288582,2025,12,28,18,27,臺中市,北區,0,0,0,7,,,50,,,,,,,,,,,,,,15,,,,,C03,,,1,,2,,,24,24,1,13,4,120.689799,24.161482,3
12229,66000,387130000C,(04)23274275,(04)23288582,2025,12,28,18,28,臺中市,北屯區,0,0,0,7,,,50,,,,,,,,,,,,,,13,,,,,C03,,,1,,1,,,7,7,1,12,4,120.712751,24.172698,3
12230,66000,387130000C,(04)23274275,(04)23288582,2025,12,28,18,28,臺中市,清水區,0,0,0,7,,,40,,,,,,,,,,,,,,,,,,,B12,,,1,,2,,,49,49,1,12,4,120.568241,24.27142,3
12231,66000,387130000C,(04)23274275,(04)23288582,2025,12,28,18,29,臺中市,霧峰區,0,3,0,7,1,6,50,4,1,1,5,4,6,6,1,1,5,5,5,1,13,2,9,2,1,C03,7,12,1,10,2,13,,7,7,1,12,4,120.699404,24.078062,2
12232,66000,387130000C,(04)23274275,(04)23288582,2025,12,28,18,33,臺中市,北屯區,0,1,0,7,2,6,50,4,19,1,5,4,6,6,2,1,1,4,5,2,3,3,10,3,1,B03,7,6,1,8,2,8,,10,10,1,12,4,120.685743,24.174576,2
12233,66000,387130000C,(04)23274275,(04)23288582,2025,12,28,18,35,臺中市,西屯區,0,0,0,7,,,30,,,,,,,,,,,,,,11,,,,,B01,,,1,,1,,,8,8,1,12,4,120.634407,24.190048,4
12234,66000,387130000C,(04)23274275,(04)23288582,2025,12,28,18,40,臺中市,大里區,0,0,0,6,1,6,70,13,7,1,5,4,6,6,4,4,1,4,5,2,13,,,,,B02,,,1,,2,,,59,59,1,12,4,120.670139,24.11116,3
12235,66000,387130000C,(04)23274275,(04)23288582,2025,12,28,18,47,臺中市,太平區,0,1,0,7,1,6,30,11,9,1,5,4,6,6,4,4,10,5,5,1,18,2,8,1,1,C02,7,9,1,9,2,12,,59,59,1,6,4,120.744153,24.138659,2
12236,66000,387130000C,(04)23274275,(04)23288582,2025,12,28,18,49,臺中市,北區,0,0,0,7,,,50,,,,,,,,,,,,,,,,,,,B03,,,1,,1,,,84,84,1,12,4,120.684873,24.164159,3
12237,66000,387130000C,(04)23274275,(04)23288582,2025,12,28,18,50,臺中市,潭子區,0,0,0,7,,,50,,,,,,,,,,,,,,,,,,,B03,,,1,,2,,,50,50,1,13,4,120.700649,24.214098,3
12238,66000,387130000C,(04)23274275,(04)23288582,2025,12,28,18,50,臺中市,北屯區,0,1,0,7,1,6,50,13,8,1,5,4,6,6,4,4,1,4,4,2,18,2,9,2,1,C03,7,2,1,10,2,14,,49,49,1,6,4,120.686316,24.194901,2
12239,66000,387130000C,(04)23274275,(04)23288582,2025,12,28,18,54,臺中市,太平區,0,1,0,7,1,6,30,13,9,1,5,4,6,6,4,4,10,5,5,2,16,3,10,2,1,C03,7,1,1,10,2,11,,51,51,1,13,2,120.734298,24.146765,2
12240,66000,387130000C,(04)23274275,(04)23288582,2025,12,28,18,55,臺中市,北區,0,1,0,7,1,6,50,3,2,1,5,4,6,6,4,4,5,4,4,2,13,3,10,1,1,C03,7,9,3,19,2,11,,59,59,1,13,4,120.685414,24.147606,2
12241,66000,387130000C,(04)23274275,(04)23288582,2025,12,28,19,0,臺中市,大肚區,0,0,0,7,,,50,,,,,,,,,,,,,,,,,,,B03,,,1,,1,,,51,51,1,6,4,120.544925,24.156445,3
12242,66000,387130000C,(04)23274275,(04)23288582,2025,12,28,19,3,臺中市,沙鹿區,0,1,0,6,1,6,40,13,8,1,5,4,6,6,2,1,1,4,1,2,13,3,10,1,1,C03,7,9,1,10,2,11,,84,84,1,12,4,120.578084,24.223371,2
12243,66000,387130000C,(04)23274275,(04)23288582,2025,12,28,19,4,臺中市,大里區,0,0,0,7,,,50,,,,,,,,,,,,,,12,,,,,C03,,,2,,9,,,84,84,2,13,4,120.691863,24.112097,3
12244,66000,387130000C,(04)23274275,(04)23288582,2025,12,28,19,6,臺中市,清水區,0,1,0,7,1,6,70,4,1,1,5,4,6,6,1,1,1,4,4,1,16,2,7,1,1,C03,7,6,1,10,2,14,,25,25,1,12,4,120.583648,24.284312,2
12245,66000,387130000C,(04)23274275,(04)23288582,2025,12,28,19,8,臺中市,西區,0,1,0,7,1,6,50,5,1,1,5,4,6,6,1,1,10,5,5,2,13,3,10,5,4,C03,7,1,3,19,2,14,,51,51,1,13,4,120.678003,24.146451,2
12246,66000,387130000C,(04)23274275,(04)23288582,2025,12,28,19,17,臺中市,東區,0,0,0,7,,,50,,,,,,,,,,,,,,,,,,,B03,,,1,,1,,,84,84,1,13,4,120.706027,24.142738,3
12247,66000,387130000C,(04)23274275,(04)23288582,2025,12,28,19,18,臺中市,西區,0,0,0,7,,,50,,,,,,,,,,,,,,12,,,,,B03,,,1,,1,,,50,50,1,13,4,120.664367,24.150791,3
12248,66000,387130000C,(04)23274275,(04)23288582,2025,12,28,19,24,臺中市,西區,0,2,0,7,1,6,50,13,7,1,5,4,6,6,4,4,1,4,4,2,17,3,10,2,1,C03,7,1,1,10,2,14,,51,51,1,12,4,120.657359,24.147082,2
12249,66000,387130000C,(04)23274275,(04)23288582,2025,12,28,19,37,臺中市,沙鹿區,0,0,0,7,,,50,,,,,,,,,,,,,,12,,,,,B03,,,1,,1,,,8,8,1,6,4,120.557617,24.234366,3
12250,66000,387130000C,(04)23274275,(04)23288582,2025,12,28,19,40,臺中市,北屯區,0,0,0,7,,,50,,,,,,,,,,,,,,,,,,,B03,,,1,,2,,,49,49,1,6,4,120.73338,24.161489,3
12251,66000,387130000C,(04)23274275,(04)23288582,2025,12,28,19,40,臺中市,烏日區,0,0,0,7,,,50,,,,,,,,,,,,,,,,,,,C03,,,1,,1,,,84,84,1,6,4,120.624964,24.106272,3
12252,66000,387130000C,(04)23274275,(04)23288582,2025,12,28,19,41,臺中市,豐原區,0,0,0,7,1,6,50,13,14,1,5,4,6,6,4,4,1,5,5,1,12,3,10,3,1,B03,7,15,1,8,2,6,,50,50,1,12,4,120.724859,24.245385,3
12253,66000,387130000C,(04)23274275,(04)23288582,2025,12,28,19,42,臺中市,西屯區,0,0,0,7,,,40,,,,,,,,,,,,,,16,,,,,B03,,,1,,1,,,51,51,1,12,4,120.643417,24.178487,3
12254,66000,387130000C,(04)23274275,(04)23288582,2025,12,28,19,47,臺中市,烏日區,0,0,0,7,,,50,,,,,,,,,,,,,,12,,,,,B02,,,1,,1,,,8,8,1,12,4,120.597279,24.108939,3
12255,66000,387130000C,(04)23274275,(04)23288582,2025,12,28,19,48,臺中市,大里區,0,2,0,6,1,6,50,4,2,1,5,4,6,6,1,1,10,5,5,2,16,3,10,3,1,B03,7,5,1,8,9,6,,11,11,2,12,4,120.689178,24.119354,2
12256,66000,387130000C,(04)23274275,(04)23288582,2025,12,28,19,50,臺中市,北屯區,0,1,0,7,2,6,50,4,1,1,5,4,6,6,1,1,10,5,5,2,18,2,9,1,1,C03,7,15,1,10,2,14,,39,39,1,6,4,120.664089,24.185818,2
12257,66000,387130000C,(04)23274275,(04)23288582,2025,12,28,19,56,臺中市,清水區,0,0,0,7,,,50,,,,,,,,,,,,,,,,,,,B03,,,1,,2,,,49,49,1,12,4,120.587725,24.296926,3
12258,66000,387130000C,(04)23274275,(04)23288582,2025,12,28,19,58,臺中市,北屯區,0,0,0,7,,,60,,,,,,,,,,,,,,13,,,,,B03,,,1,,1,,,82,82,1,12,4,120.705738,24.1648,3
12259,66000,387130000C,(04)23274275,(04)23288582,2025,12,28,19,59,臺中市,南區,0,0,0,7,,,50,,,,,,,,,,,,,,,,,,,B03,,,1,,1,,,84,84,1,13,4,120.666753,24.113589,3
12260,66000,387130000C,(04)23274275,(04)23288582,2025,12,28,20,2,臺中市,北屯區,0,2,0,7,1,6,50,13,7,1,5,4,6,6,1,1,5,2,4,2,13,3,10,2,1,C03,7,9,1,10,2,11,,59,59,1,12,4,120.733281,24.162159,2
12261,66000,387130000C,(04)23274275,(04)23288582,2025,12,28,20,6,臺中市,東區,0,0,0,7,,,50,,,,,,,,,,,,,,,,,,,B03,,,5,,1,,,59,59,1,13,4,120.708185,24.142688,3
12262,66000,387130000C,(04)23274275,(04)23288582,2025,12,28,20,7,臺中市,烏日區,0,0,0,7,,,50,,,,,,,,,,,,,,,,,,,B03,,,1,,2,,,7,7,1,13,4,120.589611,24.113488,3
12263,66000,387130000C,(04)23274275,(04)23288582,2025,12,28,20,10,臺中市,西區,0,0,0,7,,,50,,,,,,,,,,,,,,,,,,,C03,,,1,,1,,,84,84,1,6,4,120.661286,24.154812,3
12264,66000,387130000C,(04)23274275,(04)23288582,2025,12,28,20,12,臺中市,西屯區,0,1,0,7,1,6,50,13,9,1,5,4,6,6,4,4,1,4,5,2,13,3,10,5,4,B03,7,9,1,8,2,5,,7,7,1,12,4,120.661686,24.171572,2
12265,66000,387130000C,(04)23274275,(04)23288582,2025,12,28,20,13,臺中市,北屯區,0,0,0,7,,,50,,,,,,,,,,,,,,13,,,,,B03,,,1,,2,,,59,59,1,6,4,120.707547,24.18655,3