序號,縣市別代碼,機關代碼,市話,傳真,年,月,日,時,分,縣市,區,死亡數量,受傷數量,2-30,天候,道路照明設備,道路類別,道路速限,道路型態,事故位置,路面鋪裝,路面狀態,路面缺陷,障礙物,視距,號誌種類,號誌動作,分向設施,快車道或一般車道間,快慢車道間,路面邊線,事故類型及型態,受傷程度,主要傷處,保護裝備,行動電話或功能裝置,當事者區分(類別),車輛用途,當事者行動狀態,駕照狀態,駕照種類,飲酒情形,車輛撞擊部位最初,車輛撞擊部位其他,肇事因素個別,肇事因素主要,肇事逃逸,職業,共享經濟或外送平台,GPS座標X,GPS座標Y,事故類別
12266,66000,387130000C,(04)23274275,(04)23288582,2025,12,28,20,13,臺中市,北屯區,0,1,0,7,1,6,50,13,7,1,5,4,6,6,4,4,9,4,4,2,12,3,10,3,1,B03,7,8,1,17,2,4,,40,40,1,13,4,120.706871,24.186483,2
12267,66000,387130000C,(04)23274275,(04)23288582,2025,12,28,20,16,臺中市,大里區,0,0,0,6,,,40,,,,,,,,,,,,,,17,,,,,B03,,,1,,11,,,49,49,1,13,4,120.715737,24.085845,3
12268,66000,387130000C,(04)23274275,(04)23288582,2025,12,28,20,26,臺中市,烏日區,0,0,0,7,,,50,,,,,,,,,,,,,,19,,,,,C02,,,1,,2,,,58,58,1,12,4,120.615214,24.120197,3
12269,66000,387130000C,(04)23274275,(04)23288582,2025,12,28,20,34,臺中市,西屯區,0,1,0,7,1,6,50,13,9,1,5,4,6,6,4,4,10,5,5,2,11,3,10,5,4,B03,7,1,1,8,2,5,,51,51,1,13,4,120.649246,24.17484,2
12270,66000,387130000C,(04)23274275,(04)23288582,2025,12,28,20,35,臺中市,烏日區,0,0,0,7,,3,40,,,,,,,,,,,,,,13,,,,,B03,,,1,,1,,,7,7,1,12,4,120.616521,24.107356,3
12271,66000,387130000C,(04)23274275,(04)23288582,2025,12,28,20,42,臺中市,大里區,0,0,0,7,,,50,,,,,,,,,,,,,,13,,,,,B03,,,1,,2,,,7,7,1,13,4,120.6967,24.11084,3
12272,66000,387130000C,(04)23274275,(04)23288582,2025,12,28,20,46,臺中市,西屯區,0,1,0,7,1,6,40,4,2,1,5,4,6,6,1,1,1,4,4,2,12,2,5,1,4,C03,7,8,1,10,1,14,,40,40,1,13,4,120.658532,24.176017,2
12273,66000,387130000C,(04)23274275,(04)23288582,2025,12,28,20,49,臺中市,南屯區,0,0,0,7,,,50,,,,,,,,,,,,,,15,,,,,B03,,,1,,1,,,21,21,1,12,4,120.652151,24.150783,3
12274,66000,387130000C,(04)23274275,(04)23288582,2025,12,28,20,54,臺中市,西屯區,0,1,0,7,1,6,50,13,9,1,5,4,6,6,1,1,1,4,5,2,13,3,10,5,4,B03,7,9,1,8,2,1,,7,7,1,13,4,120.657957,24.20075,2
12275,66000,387130000C,(04)23274275,(04)23288582,2025,12,28,20,55,臺中市,太平區,0,0,0,7,,,30,,,,,,,,,,,,,,14,,,,,B03,,,1,,2,,,49,49,1,6,4,120.73117,24.143038,3
12276,66000,387130000C,(04)23274275,(04)23288582,2025,12,28,20,56,臺中市,東區,0,3,0,7,1,6,50,4,1,1,5,4,6,6,1,1,10,5,5,2,17,2,9,5,4,C03,7,6,1,10,1,11,,84,84,1,12,4,120.684746,24.130741,2
12277,66000,387130000C,(04)23274275,(04)23288582,2025,12,28,21,2,臺中市,北區,0,1,0,7,3,6,50,4,2,1,5,4,6,6,1,1,3,2,5,2,16,3,10,5,4,B03,7,6,1,8,2,2,,11,11,1,13,4,120.685833,24.153367,2
12278,66000,387130000C,(04)23274275,(04)23288582,2025,12,28,21,5,臺中市,西屯區,0,0,0,7,,,40,,,,,,,,,,,,,,12,,,,,B03,,,1,,1,,,51,51,1,13,4,120.642257,24.177761,3
12279,66000,387130000C,(04)23274275,(04)23288582,2025,12,28,21,8,臺中市,烏日區,0,1,0,7,1,6,50,12,7,1,5,4,6,6,4,4,1,4,5,2,13,2,8,3,1,B03,7,9,1,8,2,1,,7,7,1,6,4,120.616669,24.114967,2
12280,66000,387130000C,(04)23274275,(04)23288582,2025,12,28,21,25,臺中市,北屯區,0,0,0,7,,,30,,,,,,,,,,,,,,,,,,,C03,,,1,,2,,,84,84,1,12,4,120.733169,24.172667,3
12281,66000,387130000C,(04)23274275,(04)23288582,2025,12,28,21,27,臺中市,西屯區,0,0,0,7,,,50,,,,,,,,,,,,,,12,,,,,B03,,,1,,2,,,8,8,1,12,4,120.659001,24.171068,3
12282,66000,387130000C,(04)23274275,(04)23288582,2025,12,28,21,34,臺中市,南屯區,0,0,0,7,,,50,,,,,,,,,,,,,,,,,,,F01,,,1,,2,,,84,84,1,3,4,120.637186,24.151367,3
12283,66000,387130000C,(04)23274275,(04)23288582,2025,12,28,21,40,臺中市,太平區,0,1,0,7,1,6,50,4,4,1,5,4,6,6,1,1,5,5,5,2,17,3,10,3,1,B03,7,6,1,8,2,5,,34,34,1,12,4,120.710465,24.154783,2
12284,66000,387130000C,(04)23274275,(04)23288582,2025,12,28,21,43,臺中市,清水區,0,1,0,7,1,6,50,13,9,1,5,4,6,6,4,4,1,4,5,2,14,3,10,3,1,B03,7,2,1,8,2,7,,49,49,1,13,4,120.546645,24.267386,2
12285,66000,387130000C,(04)23274275,(04)23288582,2025,12,28,21,44,臺中市,南區,0,1,0,7,1,6,50,13,8,1,5,4,6,6,4,4,5,4,4,2,17,2,9,1,1,C03,7,9,3,19,9,11,,59,59,1,13,4,120.682128,24.134204,2
12286,66000,387130000C,(04)23274275,(04)23288582,2025,12,28,21,45,臺中市,北屯區,0,0,0,7,,,50,,,,,,,,,,,,,,11,,,,,B03,,,1,,9,,,8,8,2,12,4,120.690584,24.199204,3
12287,66000,387130000C,(04)23274275,(04)23288582,2025,12,28,22,12,臺中市,大里區,0,0,0,6,,,50,,,,,,,,,,,,,,,,,,,B03,,,1,,2,,,85,85,2,12,4,120.683331,24.100674,3
12288,66000,387130000C,(04)23274275,(04)23288582,2025,12,28,22,20,臺中市,大甲區,0,0,0,7,,,50,,,,,,,,,,,,,,,,,,,B12,,,1,,1,,,84,84,1,6,4,120.654947,24.381179,3
12289,66000,387130000C,(04)23274275,(04)23288582,2025,12,28,22,23,臺中市,北屯區,0,0,0,7,,,50,,,,,,,,,,,,,,13,,,,,B12,,,3,,1,,,7,7,1,12,4,120.677078,24.185883,3
12290,66000,387130000C,(04)23274275,(04)23288582,2025,12,28,22,26,臺中市,東區,0,2,0,7,1,6,50,13,9,1,4,4,6,6,4,4,5,4,5,2,13,2,9,5,4,C03,7,9,1,10,2,11,,58,58,1,13,4,120.70206,24.131682,2
12291,66000,387130000C,(04)23274275,(04)23288582,2025,12,28,22,26,臺中市,烏日區,0,0,0,7,1,6,50,13,7,1,5,4,6,6,1,1,5,4,5,2,13,3,10,3,1,B03,7,9,1,8,2,1,,59,59,1,6,4,120.620277,24.111082,3
12292,66000,387130000C,(04)23274275,(04)23288582,2025,12,28,22,31,臺中市,西屯區,0,0,0,6,,,40,,,,,,,,,,,,,,13,,,,,B03,,,1,,1,,,78,78,1,13,4,120.637876,24.164272,3
12293,66000,387130000C,(04)23274275,(04)23288582,2025,12,28,22,33,臺中市,中區,0,0,0,6,,,50,,,,,,,,,,,,,,,,,,,B01,,,1,,2,,,51,51,1,13,4,120.682808,24.142215,3
12294,66000,387130000C,(04)23274275,(04)23288582,2025,12,28,22,33,臺中市,神岡區,0,1,0,7,3,6,50,3,1,1,5,4,6,6,1,1,3,4,5,2,18,2,9,1,1,C03,7,9,1,10,2,16,,6,6,1,13,4,120.703818,24.275517,2
12295,66000,387130000C,(04)23274275,(04)23288582,2025,12,28,22,36,臺中市,東區,0,0,0,7,,,50,,,,,,,,,,,,,,,,,,,B03,,,1,,1,,,84,84,1,13,4,120.698767,24.133075,3
12296,66000,387130000C,(04)23274275,(04)23288582,2025,12,28,23,0,臺中市,北屯區,0,0,0,7,,,50,,,,,,,,,,,,,,14,,,,,B03,,,1,,1,,,50,50,1,6,4,120.709689,24.165084,3
12297,66000,387130000C,(04)23274275,(04)23288582,2025,12,28,23,0,臺中市,沙鹿區,0,1,0,7,1,6,40,3,4,1,5,4,6,6,2,1,10,5,5,2,13,2,7,2,1,C03,7,9,1,10,2,12,,59,59,1,6,4,120.580758,24.201702,2
12298,66000,387130000C,(04)23274275,(04)23288582,2025,12,28,23,18,臺中市,西區,0,1,0,7,2,6,50,13,9,1,5,4,6,6,4,4,5,4,5,2,12,3,10,5,4,B01,7,7,1,4,2,6,,40,40,1,13,4,120.672917,24.136152,2
12299,66000,387130000C,(04)23274275,(04)23288582,2025,12,28,23,20,臺中市,中區,0,0,0,7,,,50,,,,,,,,,,,,,,13,,,,,B03,,,1,,2,,,59,59,1,12,4,120.67725,24.145704,3
12300,66000,387130000C,(04)23274275,(04)23288582,2025,12,28,23,36,臺中市,北屯區,0,0,0,7,,,50,,,,,,,,,,,,,,13,,,,,B03,,,1,8,1,,,84,84,1,6,4,120.687678,24.171873,3
12301,66000,387130000C,(04)23274275,(04)23288582,2025,12,28,23,45,臺中市,南區,0,1,0,7,1,6,50,13,9,1,5,4,6,6,4,4,1,4,5,2,18,2,9,2,1,C03,7,9,1,10,2,12,,84,84,1,12,4,120.657464,24.112826,2
12302,66000,387130000C,(04)23274275,(04)23288582,2025,12,28,23,58,臺中市,西區,0,2,0,7,1,6,50,4,1,1,5,4,6,6,1,1,10,5,5,2,16,2,8,1,1,C03,7,9,1,10,2,11,,84,84,1,13,4,120.663552,24.153447,2
12303,66000,387130000C,(04)23274275,(04)23288582,2025,12,29,0,39,臺中市,中區,0,1,0,7,1,6,40,4,8,1,5,4,6,6,1,1,9,4,4,2,17,2,8,1,1,C03,7,9,1,10,2,11,,59,59,1,12,4,120.678003,24.146451,2
12304,66000,387130000C,(04)23274275,(04)23288582,2025,12,29,2,18,臺中市,大里區,0,0,0,7,,,30,,,,,,,,,,,,,,14,,,,,B03,,,1,,2,,,49,49,1,6,4,120.678503,24.098857,3
12305,66000,387130000C,(04)23274275,(04)23288582,2025,12,29,3,51,臺中市,豐原區,0,1,0,7,1,6,50,11,9,1,5,4,6,6,4,4,5,4,5,1,18,2,9,1,1,C03,7,5,1,10,2,16,,84,84,1,12,4,120.753648,24.262028,2
12306,66000,387130000C,(04)23274275,(04)23288582,2025,12,29,4,3,臺中市,豐原區,0,0,0,7,1,6,50,13,21,2,5,4,6,6,4,4,1,4,5,2,19,,,,,B03,,,1,,8,,,53,53,1,12,4,120.705607,24.249745,3
12307,66000,387130000C,(04)23274275,(04)23288582,2025,12,29,5,39,臺中市,大里區,0,0,0,7,,,50,,,,,,,,,,,,,,13,,,,,C03,,,1,,2,,,58,58,1,6,4,120.679231,24.111651,3
12308,66000,387130000C,(04)23274275,(04)23288582,2025,12,29,5,46,臺中市,后里區,0,1,0,7,1,6,50,13,7,1,5,4,6,6,4,4,5,4,4,2,18,2,9,1,1,C03,7,9,1,10,2,11,,59,59,1,12,4,120.711781,24.304876,2
12309,66000,387130000C,(04)23274275,(04)23288582,2025,12,29,6,8,臺中市,大雅區,0,1,0,7,1,6,40,4,1,1,5,4,6,6,1,1,10,4,5,1,17,2,9,1,1,F03,7,14,7,21,2,11,,84,84,1,12,4,120.645263,24.225553,2
12310,66000,387130000C,(04)23274275,(04)23288582,2025,12,29,6,10,臺中市,東區,0,1,0,7,1,6,50,13,7,1,5,4,5,6,1,1,5,5,4,2,13,3,10,2,1,C03,7,9,1,10,2,11,,85,85,1,12,4,120.6943,24.138867,2
12311,66000,387130000C,(04)23274275,(04)23288582,2025,12,29,6,11,臺中市,南屯區,0,2,0,7,2,6,50,13,9,1,5,4,6,6,4,4,9,4,5,2,2,2,9,1,1,C03,7,9,1,11,2,11,,84,84,1,12,4,120.643884,24.130672,2
12312,66000,387130000C,(04)23274275,(04)23288582,2025,12,29,6,54,臺中市,西屯區,0,1,0,7,2,6,50,4,1,1,5,4,6,6,2,1,4,5,5,2,16,3,10,5,4,B03,7,5,3,19,2,5,,11,11,1,13,4,120.643003,24.176992,2
12313,66000,387130000C,(04)23274275,(04)23288582,2025,12,29,6,55,臺中市,大雅區,0,1,0,7,2,6,50,3,1,1,5,4,6,6,1,1,10,4,4,2,17,3,10,3,1,B03,7,6,1,8,2,5,,11,11,1,12,4,120.649769,24.217439,2
12314,66000,387130000C,(04)23274275,(04)23288582,2025,12,29,7,3,臺中市,北屯區,0,0,0,7,,,50,,,,,,,,,,,,,,17,,,,,B12,,,1,,1,,,84,84,1,12,4,120.685852,24.180229,3
12315,66000,387130000C,(04)23274275,(04)23288582,2025,12,29,7,10,臺中市,潭子區,0,1,0,7,2,6,30,3,1,1,5,4,6,6,4,4,10,5,5,1,16,2,8,1,1,C03,7,6,1,10,2,12,,14,14,1,13,4,120.711254,24.210052,2
12316,66000,387130000C,(04)23274275,(04)23288582,2025,12,29,7,11,臺中市,龍井區,0,2,0,7,2,6,30,4,1,1,5,4,6,6,4,4,10,5,5,2,15,2,8,1,1,C03,7,9,1,10,2,12,,15,15,1,12,4,120.526949,24.214942,2
12317,66000,387130000C,(04)23274275,(04)23288582,2025,12,29,7,14,臺中市,北屯區,0,0,0,7,2,6,50,13,8,1,5,,6,6,4,4,10,5,5,2,17,,,,,C03,,,1,10,9,,,40,40,1,12,4,120.722751,24.180974,3
12318,66000,387130000C,(04)23274275,(04)23288582,2025,12,29,7,15,臺中市,霧峰區,0,2,0,7,2,6,50,4,1,1,5,4,6,6,1,1,10,5,5,2,16,2,8,2,1,C03,7,5,1,10,2,13,,11,11,1,6,4,120.686491,24.024405,2
12319,66000,387130000C,(04)23274275,(04)23288582,2025,12,29,7,18,臺中市,西屯區,0,1,0,7,2,6,50,13,9,1,5,4,6,6,4,4,5,4,5,2,12,2,8,1,4,C03,7,1,1,10,2,14,,51,51,1,12,4,120.652708,24.165796,2
12320,66000,387130000C,(04)23274275,(04)23288582,2025,12,29,7,20,臺中市,東區,0,1,0,7,2,6,40,4,1,1,5,4,6,6,2,1,10,5,5,2,13,2,9,1,1,C03,7,9,1,10,2,11,,7,7,1,12,4,120.70157,24.138945,2
12321,66000,387130000C,(04)23274275,(04)23288582,2025,12,29,7,22,臺中市,神岡區,0,0,0,7,,,50,,,,,,,,,,,,,,12,,,,,B03,,,1,,1,,,51,51,1,12,4,120.66227,24.257394,3
12322,66000,387130000C,(04)23274275,(04)23288582,2025,12,29,7,23,臺中市,太平區,0,1,0,7,2,6,40,4,1,1,5,4,6,6,1,1,10,5,5,2,12,3,10,3,1,B03,7,6,1,8,1,5,,84,84,1,12,4,120.725162,24.116981,2
12323,66000,387130000C,(04)23274275,(04)23288582,2025,12,29,7,25,臺中市,潭子區,0,1,0,7,3,6,50,5,1,1,5,4,6,6,3,1,5,4,5,2,17,2,9,1,1,C03,7,5,1,10,2,13,,11,11,1,12,4,120.706019,24.215598,2
12324,66000,387130000C,(04)23274275,(04)23288582,2025,12,29,7,27,臺中市,大里區,0,1,0,7,3,6,30,3,1,1,5,4,6,6,4,4,10,5,5,1,16,3,10,1,1,C03,7,1,1,10,2,14,,51,51,1,12,4,120.688888,24.111695,2
12325,66000,387130000C,(04)23274275,(04)23288582,2025,12,29,7,27,臺中市,龍井區,0,0,0,7,,3,80,,,,,,,,,,,,,,,,,,,B03,,,1,,2,,,7,7,1,12,4,120.516919,24.204975,3
12326,66000,387130000C,(04)23274275,(04)23288582,2025,12,29,7,28,臺中市,西屯區,0,0,0,7,,,50,,,,,,,,,,,,,,12,,,,,B03,,,1,,1,,,84,84,1,12,4,120.656462,24.199999,3
12327,66000,387130000C,(04)23274275,(04)23288582,2025,12,29,7,28,臺中市,豐原區,0,1,0,7,2,6,50,3,9,1,5,4,6,6,4,4,5,2,5,1,18,2,9,2,1,C03,7,9,1,10,2,14,,82,82,1,13,4,120.720898,24.268519,2
12328,66000,387130000C,(04)23274275,(04)23288582,2025,12,29,7,29,臺中市,梧棲區,0,3,0,7,2,6,40,3,8,1,5,4,6,6,2,1,3,4,3,1,17,2,9,2,1,C03,7,9,1,10,2,14,,7,7,1,12,4,120.5206,24.244892,2
12329,66000,387130000C,(04)23274275,(04)23288582,2025,12,29,7,30,臺中市,沙鹿區,0,0,0,7,,,50,,,,,,,,,,,,,,13,,,,,C03,,,1,,2,,,7,7,1,12,4,120.569697,24.21333,4
12330,66000,387130000C,(04)23274275,(04)23288582,2025,12,29,7,30,臺中市,豐原區,0,0,0,7,,,50,,,,,,,,,,,,,,13,,,,,B03,,,1,,2,,,7,7,1,13,4,120.720461,24.264551,3
12331,66000,387130000C,(04)23274275,(04)23288582,2025,12,29,7,31,臺中市,龍井區,0,1,0,7,2,6,30,4,1,1,5,4,6,6,4,4,9,5,5,1,17,3,10,3,1,B03,7,11,1,8,2,4,,84,84,1,12,4,120.545178,24.1759,2
12332,66000,387130000C,(04)23274275,(04)23288582,2025,12,29,7,34,臺中市,潭子區,0,0,0,7,,,40,,,,,,,,,,,,,,13,,,,,B03,,,1,,2,,,59,59,1,13,4,120.703087,24.194548,3
12333,66000,387130000C,(04)23274275,(04)23288582,2025,12,29,7,34,臺中市,豐原區,0,0,0,7,,,50,,,,,,,,,,,,,,17,,,,,B03,,,1,,1,,,50,50,1,12,4,120.724612,24.248402,3
12334,66000,387130000C,(04)23274275,(04)23288582,2025,12,29,7,37,臺中市,豐原區,0,1,0,7,2,6,50,13,7,1,5,4,3,6,4,4,9,5,4,2,16,3,10,1,1,C03,7,1,1,10,2,14,,51,51,1,13,4,120.708853,24.241396,2
12335,66000,387130000C,(04)23274275,(04)23288582,2025,12,29,7,38,臺中市,新社區,0,2,0,7,2,6,50,4,1,1,5,4,6,6,4,4,10,5,5,2,17,2,9,2,1,C03,7,9,1,10,2,14,,12,12,1,12,4,120.808572,24.214525,2
12336,66000,387130000C,(04)23274275,(04)23288582,2025,12,29,7,40,臺中市,東區,0,0,0,7,,,30,,,,,,,,,,,,,,,,,,,B03,,,1,,1,,,84,84,1,12,4,120.695559,24.126109,3
12337,66000,387130000C,(04)23274275,(04)23288582,2025,12,29,7,40,臺中市,烏日區,0,0,0,7,,,40,,,,,,,,,,,,,,13,,,,,C03,,,1,,2,,,7,7,1,6,4,120.649901,24.106954,3
12338,66000,387130000C,(04)23274275,(04)23288582,2025,12,29,7,40,臺中市,沙鹿區,0,1,0,7,2,6,60,3,2,1,5,4,6,6,2,1,1,4,5,2,12,3,10,3,1,B03,7,6,1,8,2,5,,59,59,1,12,4,120.566754,24.203837,2
12339,66000,387130000C,(04)23274275,(04)23288582,2025,12,29,7,40,臺中市,神岡區,0,1,0,7,2,6,50,13,9,1,5,4,6,6,4,4,9,5,5,1,18,2,9,5,4,C03,7,9,1,10,2,16,,82,82,1,12,4,120.674256,24.261742,2
12340,66000,387130000C,(04)23274275,(04)23288582,2025,12,29,7,41,臺中市,梧棲區,0,1,0,7,3,6,30,5,2,1,5,4,6,6,1,1,10,5,5,2,18,2,9,1,1,C03,7,9,1,10,2,16,,59,59,1,6,4,120.546489,24.245974,2
12341,66000,387130000C,(04)23274275,(04)23288582,2025,12,29,7,42,臺中市,南屯區,0,2,0,7,3,6,50,3,1,1,5,4,6,6,3,1,10,5,5,2,16,2,9,1,1,C03,7,6,3,19,2,12,,11,11,1,5,4,120.602774,24.135662,2
12342,66000,387130000C,(04)23274275,(04)23288582,2025,12,29,7,42,臺中市,烏日區,0,1,0,7,3,6,50,13,9,1,5,4,6,6,4,4,5,5,5,2,18,2,9,1,1,C03,7,12,1,10,2,11,12,84,84,1,6,4,120.641685,24.103175,2
12343,66000,387130000C,(04)23274275,(04)23288582,2025,12,29,7,43,臺中市,神岡區,0,0,0,7,,,50,,,,,,,,,,,,,,13,,,,,B03,,,1,,1,,,59,59,1,12,4,120.662479,24.257467,3
12344,66000,387130000C,(04)23274275,(04)23288582,2025,12,29,7,44,臺中市,太平區,0,1,0,7,2,6,50,4,1,1,5,4,6,6,1,1,10,5,5,2,16,3,10,3,1,B03,7,9,1,8,2,1,,84,84,1,12,4,120.721488,24.119849,2
12345,66000,387130000C,(04)23274275,(04)23288582,2025,12,29,7,46,臺中市,神岡區,0,1,0,7,2,6,30,13,9,1,5,4,6,6,4,4,10,5,5,2,17,2,9,5,4,C03,7,9,1,10,2,11,,84,84,1,12,4,120.688593,24.254755,2
12346,66000,387130000C,(04)23274275,(04)23288582,2025,12,29,7,48,臺中市,北屯區,0,1,0,7,2,6,50,4,1,1,5,4,6,6,1,1,10,5,5,2,16,3,10,3,1,B03,7,5,1,8,2,2,,20,20,1,6,4,120.685679,24.175769,2
12347,66000,387130000C,(04)23274275,(04)23288582,2025,12,29,7,50,臺中市,南屯區,0,1,0,7,2,6,50,13,8,1,5,4,6,6,4,4,9,5,2,2,17,2,8,2,1,C03,7,9,3,19,2,11,,59,59,1,13,4,120.597027,24.155547,2
12348,66000,387130000C,(04)23274275,(04)23288582,2025,12,29,7,50,臺中市,梧棲區,0,0,0,7,,,50,,,,,,,,,,,,,,17,,,,,A12,,,1,,9,,,51,51,1,12,4,120.528051,24.239889,3
12349,66000,387130000C,(04)23274275,(04)23288582,2025,12,29,7,52,臺中市,南屯區,0,1,0,7,3,6,50,3,1,1,5,4,6,6,4,4,5,5,5,2,16,3,10,3,1,B03,7,6,1,8,2,5,,11,11,1,12,4,120.610887,24.145395,2
12350,66000,387130000C,(04)23274275,(04)23288582,2025,12,29,7,52,臺中市,西屯區,0,0,0,7,,,50,,,,,,,,,,,,,,12,,,,,B03,,,1,,2,,,84,84,1,12,4,120.602974,24.184677,3
12351,66000,387130000C,(04)23274275,(04)23288582,2025,12,29,7,53,臺中市,中區,0,0,0,7,,,50,,,,,,,,,,,,,,17,,,,,B12,,,1,,1,,,8,8,1,12,4,120.67995,24.14472,3
12352,66000,387130000C,(04)23274275,(04)23288582,2025,12,29,7,56,臺中市,大雅區,0,0,0,7,,,50,,,,,,,,,,,,,,,,,,,B03,,,1,,1,,,7,7,1,13,4,120.657583,24.220339,3
12353,66000,387130000C,(04)23274275,(04)23288582,2025,12,29,7,56,臺中市,外埔區,0,2,0,7,3,6,30,3,2,1,5,4,6,6,4,4,10,5,5,1,11,2,8,1,1,C03,7,9,1,10,2,11,,59,59,1,6,4,120.631573,24.330524,2
12354,66000,387130000C,(04)23274275,(04)23288582,2025,12,29,7,58,臺中市,南屯區,0,1,0,7,3,6,50,13,9,1,5,4,6,6,1,1,3,4,5,2,13,2,9,1,1,C03,7,9,1,10,2,11,,7,7,1,12,4,120.631268,24.146394,2
12355,66000,387130000C,(04)23274275,(04)23288582,2025,12,29,7,58,臺中市,大里區,0,1,0,7,2,6,50,13,9,1,5,4,6,6,4,4,9,5,5,1,18,2,9,5,4,C03,7,9,1,10,2,16,,84,84,1,12,4,120.68701,24.087673,2
12356,66000,387130000C,(04)23274275,(04)23288582,2025,12,29,7,59,臺中市,北區,0,1,0,7,2,6,50,13,9,1,5,4,6,6,4,4,3,4,5,2,18,2,9,5,4,F01,7,9,7,21,2,12,,84,84,1,4,1,120.684943,24.163448,2
12357,66000,387130000C,(04)23274275,(04)23288582,2025,12,29,8,2,臺中市,北區,0,2,0,7,2,6,40,13,8,1,5,4,6,6,1,1,1,4,1,2,13,2,8,1,1,C03,7,9,1,10,2,11,,59,59,1,13,4,120.664364,24.154721,2
12358,66000,387130000C,(04)23274275,(04)23288582,2025,12,29,8,5,臺中市,南屯區,0,0,0,7,,,50,,,,,,,,,,,,,,13,,,,,C03,,,1,,2,,,7,7,1,5,4,120.609034,24.138522,3
12359,66000,387130000C,(04)23274275,(04)23288582,2025,12,29,8,5,臺中市,太平區,0,1,0,7,2,6,50,13,9,1,5,4,6,6,4,4,5,4,5,1,12,2,9,2,1,C03,7,8,1,10,2,14,,84,84,1,12,4,120.715647,24.127305,2
12360,66000,387130000C,(04)23274275,(04)23288582,2025,12,29,8,5,臺中市,沙鹿區,0,0,0,7,,,40,,,,,,,,,,,,,,,,,,,B03,,,1,,1,,,58,58,1,12,4,120.597645,24.251024,3
12361,66000,387130000C,(04)23274275,(04)23288582,2025,12,29,8,11,臺中市,大里區,0,2,0,7,2,6,50,4,1,1,5,4,6,6,1,1,10,5,5,2,17,2,9,2,1,C03,7,11,1,10,2,12,,45,45,1,12,4,120.680307,24.099955,2
12362,66000,387130000C,(04)23274275,(04)23288582,2025,12,29,8,12,臺中市,西屯區,0,0,0,7,,,50,,,,,,,,,,,,,,12,,,,,C03,,,1,,1,,,39,39,1,12,4,120.63328,24.165322,3
12363,66000,387130000C,(04)23274275,(04)23288582,2025,12,29,8,13,臺中市,北區,0,1,0,7,2,6,40,13,7,1,5,4,3,6,4,4,1,4,4,2,12,2,9,1,1,C03,7,8,1,10,2,12,,40,40,1,12,4,120.673193,24.167689,2
12364,66000,387130000C,(04)23274275,(04)23288582,2025,12,29,8,16,臺中市,中區,0,1,0,7,2,6,50,4,1,1,5,4,6,6,1,1,10,5,5,2,17,3,10,1,1,C03,7,5,1,10,2,12,,11,11,1,13,4,120.678728,24.14169,2
12365,66000,387130000C,(04)23274275,(04)23288582,2025,12,29,8,19,臺中市,西屯區,0,2,0,7,2,6,50,13,9,1,5,4,6,6,4,4,5,4,4,2,17,2,9,2,4,C03,7,5,1,10,2,12,,87,87,1,13,4,120.611441,24.192175,2
12366,66000,387130000C,(04)23274275,(04)23288582,2025,12,29,8,20,臺中市,潭子區,0,1,1,7,2,6,50,3,2,1,5,4,6,6,4,4,10,5,5,2,16,5,9,1,1,F03,7,6,7,21,2,11,,48,48,1,13,4,120.674195,24.204312,2
12367,66000,387130000C,(04)23274275,(04)23288582,2025,12,29,8,20,臺中市,西屯區,0,0,0,7,,,30,,,,,,,,,,,,,,11,,,,,B03,,,1,,1,,,59,59,1,12,4,120.625091,24.182598,3
12368,66000,387130000C,(04)23274275,(04)23288582,2025,12,29,8,20,臺中市,大里區,0,1,0,7,3,6,50,13,14,1,5,4,6,6,4,4,1,4,4,1,13,2,9,1,1,C03,7,9,1,10,2,11,,7,7,1,12,4,120.683784,24.104041,2
12369,66000,387130000C,(04)23274275,(04)23288582,2025,12,29,8,23,臺中市,北屯區,0,1,0,7,3,6,50,13,9,1,5,4,6,6,4,4,5,5,5,1,16,3,10,1,1,C03,7,6,1,10,1,11,,34,34,1,12,4,120.674342,24.203529,2
12370,66000,387130000C,(04)23274275,(04)23288582,2025,12,29,8,24,臺中市,西屯區,0,0,0,7,,,30,,,,,,,,,,,,,,17,,,,,C03,,,1,,2,,,43,43,1,12,2,120.616663,24.19002,3
12371,66000,387130000C,(04)23274275,(04)23288582,2025,12,29,8,25,臺中市,西區,0,1,0,7,2,6,50,3,1,1,5,4,6,6,4,4,10,5,5,2,17,3,10,3,1,B03,7,5,1,8,2,2,,14,14,1,13,4,120.668775,24.137284,2
12372,66000,387130000C,(04)23274275,(04)23288582,2025,12,29,8,25,臺中市,西屯區,0,1,0,7,2,6,0,4,1,1,5,4,6,6,4,4,10,5,5,2,17,3,10,1,1,C03,7,1,1,10,2,16,,84,84,1,12,4,120.608256,24.162964,2
12373,66000,387130000C,(04)23274275,(04)23288582,2025,12,29,8,26,臺中市,清水區,0,1,0,7,2,6,50,13,9,1,5,4,6,6,4,4,8,3,4,1,17,2,9,1,1,C03,7,9,1,10,2,12,,8,8,1,12,4,120.575659,24.267227,2
12374,66000,387130000C,(04)23274275,(04)23288582,2025,12,29,8,28,臺中市,大雅區,0,1,0,7,2,6,50,4,1,1,5,4,6,6,4,4,5,5,5,1,17,2,9,2,1,C03,7,9,1,10,2,14,,85,85,1,13,4,120.648125,24.222023,2