序號,縣市別代碼,機關代碼,市話,傳真,年,月,日,時,分,縣市,區,死亡數量,受傷數量,2-30,天候,道路照明設備,道路類別,道路速限,道路型態,事故位置,路面鋪裝,路面狀態,路面缺陷,障礙物,視距,號誌種類,號誌動作,分向設施,快車道或一般車道間,快慢車道間,路面邊線,事故類型及型態,受傷程度,主要傷處,保護裝備,行動電話或功能裝置,當事者區分(類別),車輛用途,當事者行動狀態,駕照狀態,駕照種類,飲酒情形,車輛撞擊部位最初,車輛撞擊部位其他,肇事因素個別,肇事因素主要,肇事逃逸,職業,共享經濟或外送平台,GPS座標X,GPS座標Y,事故類別
12375,66000,387130000C,(04)23274275,(04)23288582,2025,12,29,8,28,臺中市,西屯區,0,1,0,7,2,6,50,3,9,1,5,4,6,6,2,1,5,4,5,2,12,3,10,2,1,C03,7,15,3,19,2,12,,42,42,1,12,4,120.655324,24.174938,2
12376,66000,387130000C,(04)23274275,(04)23288582,2025,12,29,8,29,臺中市,太平區,0,1,0,7,2,6,50,3,9,1,5,4,6,6,4,4,10,5,5,2,13,2,9,1,1,C03,7,9,1,10,2,12,,84,84,1,12,4,120.718915,24.148901,2
12377,66000,387130000C,(04)23274275,(04)23288582,2025,12,29,8,30,臺中市,烏日區,0,0,0,7,,,30,,,,,,,,,,,,,,14,,,,,B12,,,1,,2,,,49,49,1,6,4,120.645706,24.110071,3
12378,66000,387130000C,(04)23274275,(04)23288582,2025,12,29,8,30,臺中市,和平區,0,0,0,7,,,25,,,,,,,,,,,,,,14,,,,,B03,,,1,,2,,,49,49,1,13,4,120.930716,24.245012,3
12379,66000,387130000C,(04)23274275,(04)23288582,2025,12,29,8,31,臺中市,南區,0,0,0,7,,,50,,,,,,,,,,,,,,,,,,,B03,,,1,,1,,,51,51,1,6,4,120.669949,24.11544,3
12380,66000,387130000C,(04)23274275,(04)23288582,2025,12,29,8,32,臺中市,大甲區,0,1,0,7,2,6,50,13,9,1,5,4,6,6,4,4,9,5,5,1,12,3,10,3,1,B03,7,13,1,8,1,4,,76,76,1,6,4,120.614204,24.348045,2
12381,66000,387130000C,(04)23274275,(04)23288582,2025,12,29,8,33,臺中市,西屯區,0,1,0,7,2,6,40,3,1,1,5,4,6,6,1,1,10,5,5,2,13,2,9,2,1,C03,7,9,1,10,2,11,,7,7,1,12,4,120.609358,24.184203,2
12382,66000,387130000C,(04)23274275,(04)23288582,2025,12,29,8,35,臺中市,西屯區,0,0,0,7,,,60,,,,,,,,,,,,,,12,,,,,B03,,,1,,1,,,59,59,1,12,4,120.641603,24.157599,3
12383,66000,387130000C,(04)23274275,(04)23288582,2025,12,29,8,35,臺中市,大肚區,0,0,0,7,,,50,,,,,,,,,,,,,,,,,,,H04,,,7,,2,,,109,109,1,12,5,120.564745,24.123238,3
12384,66000,387130000C,(04)23274275,(04)23288582,2025,12,29,8,40,臺中市,東區,0,1,0,7,2,6,50,3,1,1,5,4,6,6,2,1,5,4,5,2,17,3,10,3,1,B02,7,5,1,8,2,2,,65,65,1,13,4,120.690249,24.140048,2
12385,66000,387130000C,(04)23274275,(04)23288582,2025,12,29,8,42,臺中市,南區,0,1,0,7,1,6,50,4,1,1,5,4,6,6,1,1,9,4,5,2,12,3,10,1,1,C03,7,9,1,10,2,11,,7,7,1,12,4,120.652727,24.117987,2
12386,66000,387130000C,(04)23274275,(04)23288582,2025,12,29,8,43,臺中市,北區,0,1,0,7,2,6,50,4,1,1,5,4,6,6,1,1,5,5,5,2,17,3,10,5,1,C03,7,6,1,10,2,16,,65,65,1,13,4,120.697336,24.158387,2
12387,66000,387130000C,(04)23274275,(04)23288582,2025,12,29,8,43,臺中市,豐原區,0,1,0,7,2,6,50,4,1,1,5,4,6,6,4,4,10,5,5,2,9,3,10,1,1,C03,7,9,1,10,2,11,,58,58,1,13,4,120.715664,24.249384,2
12388,66000,387130000C,(04)23274275,(04)23288582,2025,12,29,8,45,臺中市,霧峰區,0,0,0,7,,,30,,,,,,,,,,,,,,,,,,,B12,,,1,,2,,,49,49,1,12,4,120.688203,24.038127,3
12389,66000,387130000C,(04)23274275,(04)23288582,2025,12,29,8,52,臺中市,西區,0,1,0,7,2,6,40,4,2,1,5,4,6,6,1,1,5,5,5,2,17,2,9,3,1,A12,7,15,1,1,2,16,,84,84,1,13,4,120.666356,24.152919,2
12390,66000,387130000C,(04)23274275,(04)23288582,2025,12,29,8,52,臺中市,大甲區,0,0,0,7,,3,90,,,,,,,,,,,,,,,,,,,A11,,,1,,2,,,7,7,1,6,4,120.620808,24.424264,3
12391,66000,387130000C,(04)23274275,(04)23288582,2025,12,29,8,53,臺中市,潭子區,0,2,0,7,3,6,50,3,1,1,5,4,6,6,4,4,5,4,5,1,17,2,8,2,1,C03,7,1,1,10,2,11,14,51,51,1,13,4,120.700548,24.21228,2
12392,66000,387130000C,(04)23274275,(04)23288582,2025,12,29,8,54,臺中市,西屯區,0,1,0,7,2,6,50,5,1,1,5,4,6,6,2,1,10,4,5,2,18,2,9,2,4,C03,7,12,1,10,2,14,,84,84,1,13,4,120.656357,24.16373,2
12393,66000,387130000C,(04)23274275,(04)23288582,2025,12,29,8,58,臺中市,中區,0,2,0,7,2,6,50,4,1,1,5,4,6,6,2,1,5,4,5,2,17,2,9,2,1,C03,7,9,1,10,2,11,,6,6,1,12,4,120.676541,24.145026,2
12394,66000,387130000C,(04)23274275,(04)23288582,2025,12,29,8,59,臺中市,北屯區,0,0,0,7,,,50,,,,,,,,,,,,,,,,,,,B03,,,1,,11,,,85,85,1,12,4,120.671703,24.178323,4
12395,66000,387130000C,(04)23274275,(04)23288582,2025,12,29,8,59,臺中市,清水區,0,1,0,7,3,6,30,4,1,1,5,4,6,6,4,4,10,5,5,2,15,3,10,3,1,B03,7,9,1,8,2,4,,20,20,1,12,4,120.560484,24.258344,2
12396,66000,387130000C,(04)23274275,(04)23288582,2025,12,29,9,1,臺中市,大里區,0,1,0,7,2,6,50,4,1,1,5,4,6,6,1,1,10,5,5,2,16,3,10,3,1,B03,7,5,1,1,2,6,,11,11,1,6,4,120.691649,24.074014,2
12397,66000,387130000C,(04)23274275,(04)23288582,2025,12,29,9,3,臺中市,南屯區,0,0,0,7,,,50,,,,,,,,,,,,,,,,,,,B03,,,1,,2,,,7,7,1,13,4,120.624893,24.149243,3
12398,66000,387130000C,(04)23274275,(04)23288582,2025,12,29,9,7,臺中市,潭子區,0,0,0,7,,,50,,,,,,,,,,,,,,13,,,,,B03,,,1,,1,,,59,59,1,13,4,120.681224,24.207523,3
12399,66000,387130000C,(04)23274275,(04)23288582,2025,12,29,9,7,臺中市,南屯區,0,1,0,7,3,6,50,13,9,1,5,4,6,6,4,4,5,5,5,2,12,2,9,1,1,C03,7,9,1,10,1,12,,59,59,1,12,4,120.653042,24.132587,2
12400,66000,387130000C,(04)23274275,(04)23288582,2025,12,29,9,11,臺中市,南屯區,0,1,0,7,3,6,50,13,9,1,5,4,6,6,4,4,5,4,5,1,17,3,10,1,1,C03,7,7,1,10,2,12,,40,40,1,6,4,120.6279,24.140169,2
12401,66000,387130000C,(04)23274275,(04)23288582,2025,12,29,9,17,臺中市,大肚區,0,1,0,7,2,6,50,4,1,1,5,4,6,6,1,1,10,5,5,2,16,3,10,3,1,B03,7,9,1,8,2,1,,85,85,1,6,4,120.578215,24.167443,2
12402,66000,387130000C,(04)23274275,(04)23288582,2025,12,29,9,18,臺中市,大雅區,0,0,0,7,,,30,,,,,,,,,,,,,,,,,,,B12,,,1,,1,,,49,49,1,13,4,120.659743,24.207456,3
12403,66000,387130000C,(04)23274275,(04)23288582,2025,12,29,9,20,臺中市,大雅區,0,0,0,7,,,0,,,,,,,,,,,,,,,,,,,B12,,,1,,9,,,49,49,1,12,4,120.629156,24.241772,3
12404,66000,387130000C,(04)23274275,(04)23288582,2025,12,29,9,20,臺中市,太平區,0,1,0,7,2,6,40,3,2,1,5,4,6,6,1,1,5,5,5,1,17,2,8,2,1,C03,7,9,1,10,2,11,,85,85,1,12,4,120.72472,24.116101,2
12405,66000,387130000C,(04)23274275,(04)23288582,2025,12,29,9,26,臺中市,南區,0,0,0,7,,,50,,,,,,,,,,,,,,13,,,,,B12,,,1,,2,,,7,7,1,12,4,120.670187,24.118253,3
12406,66000,387130000C,(04)23274275,(04)23288582,2025,12,29,9,31,臺中市,太平區,0,1,0,7,2,6,50,13,9,1,5,4,6,6,2,1,1,4,5,2,13,2,9,1,1,C03,7,9,1,10,2,11,,84,84,1,12,4,120.715621,24.135858,2
12407,66000,387130000C,(04)23274275,(04)23288582,2025,12,29,9,35,臺中市,南區,0,1,0,7,2,6,50,3,1,1,5,4,6,6,1,1,10,5,5,2,17,3,10,1,1,C03,7,6,1,10,1,14,,11,11,1,12,4,120.665694,24.113888,2
12408,66000,387130000C,(04)23274275,(04)23288582,2025,12,29,9,35,臺中市,西屯區,0,0,0,7,,,50,,,,,,,,,,,,,,9,,,,,B03,,,1,,2,,,59,59,1,12,4,120.642611,24.181952,3
12409,66000,387130000C,(04)23274275,(04)23288582,2025,12,29,9,38,臺中市,北屯區,0,0,0,7,,,50,,,,,,,,,,,,,,13,,,,,B03,,,1,,1,,,7,7,1,13,4,120.665878,24.182032,3
12410,66000,387130000C,(04)23274275,(04)23288582,2025,12,29,9,38,臺中市,西屯區,0,0,0,7,,,50,,,,,,,,,,,,,,13,,,,,B03,,,1,,1,,,7,7,1,12,4,120.645492,24.172363,3
12411,66000,387130000C,(04)23274275,(04)23288582,2025,12,29,9,38,臺中市,神岡區,0,2,0,7,1,6,30,3,1,1,5,4,6,6,4,4,10,5,5,1,16,2,7,1,4,C03,7,6,1,10,2,12,,14,14,1,12,4,120.703654,24.266315,2
12412,66000,387130000C,(04)23274275,(04)23288582,2025,12,29,9,39,臺中市,后里區,0,1,0,7,2,6,40,4,1,1,5,4,6,6,1,1,5,5,4,1,15,3,10,1,1,C03,7,9,1,10,2,11,,21,21,1,6,4,120.717795,24.309672,2
12413,66000,387130000C,(04)23274275,(04)23288582,2025,12,29,9,40,臺中市,北屯區,0,1,0,7,2,6,30,13,9,1,5,4,6,6,4,4,10,5,5,2,3,3,10,5,4,C03,7,9,1,8,2,11,,59,59,1,12,4,120.724968,24.176832,2
12414,66000,387130000C,(04)23274275,(04)23288582,2025,12,29,9,40,臺中市,大肚區,0,0,0,7,,,50,,,,,,,,,,,,,,13,,,,,C03,,,1,,2,,,84,84,1,6,4,120.580643,24.173147,3
12415,66000,387130000C,(04)23274275,(04)23288582,2025,12,29,9,45,臺中市,西屯區,0,0,0,7,,,,,,,,,,,,,,,,,16,,,,,B01,,,,,,,,85,85,1,,,120.640187,24.171102,3
12416,66000,387130000C,(04)23274275,(04)23288582,2025,12,29,9,46,臺中市,豐原區,0,0,0,7,,,30,,,,,,,,,,,,,,17,,,,,B02,,,1,,2,,,14,14,1,12,4,120.707564,24.241283,3
12417,66000,387130000C,(04)23274275,(04)23288582,2025,12,29,9,47,臺中市,南區,0,2,0,7,3,6,50,4,1,1,5,4,6,6,4,4,7,5,5,2,15,2,9,2,1,C03,7,9,1,10,2,11,,15,15,1,12,4,120.664156,24.120828,2
12418,66000,387130000C,(04)23274275,(04)23288582,2025,12,29,9,49,臺中市,梧棲區,0,1,0,7,3,6,40,13,8,1,5,4,6,6,4,4,1,4,1,1,13,2,8,1,1,C03,7,9,1,10,5,11,,7,7,1,6,4,120.54059,24.248215,2
12419,66000,387130000C,(04)23274275,(04)23288582,2025,12,29,9,53,臺中市,北區,0,2,0,7,2,6,50,13,9,1,5,4,6,6,4,4,5,5,5,2,13,2,9,5,4,C03,7,9,3,19,2,12,,84,84,1,12,4,120.677475,24.153919,2
12420,66000,387130000C,(04)23274275,(04)23288582,2025,12,29,9,54,臺中市,南屯區,0,1,0,7,2,6,50,4,1,1,5,4,6,6,1,1,9,5,5,2,17,3,10,3,1,B03,7,5,1,8,2,6,,39,39,1,13,4,120.636798,24.153605,2
12421,66000,387130000C,(04)23274275,(04)23288582,2025,12,29,9,55,臺中市,太平區,0,1,0,7,2,9,0,18,24,5,5,4,6,6,4,4,10,5,5,2,17,2,9,3,1,A12,7,9,1,3,2,4,,84,84,1,12,4,120.732733,24.101607,2
12422,66000,387130000C,(04)23274275,(04)23288582,2025,12,29,10,2,臺中市,北屯區,0,0,0,7,,,50,,,,,,,,,,,,,,,,,,,C03,,,1,,1,,,7,7,1,12,4,120.70396,24.182162,3
12423,66000,387130000C,(04)23274275,(04)23288582,2025,12,29,10,4,臺中市,龍井區,0,1,0,7,2,6,50,4,1,1,5,4,6,6,1,1,10,5,5,2,16,3,10,3,1,B03,7,5,1,8,2,2,,38,38,1,6,4,120.585716,24.185847,2
12424,66000,387130000C,(04)23274275,(04)23288582,2025,12,29,10,5,臺中市,南屯區,0,2,0,7,3,6,40,13,9,1,5,4,6,6,1,1,3,2,5,2,12,2,9,1,1,C03,7,9,1,10,2,14,,7,7,1,12,4,120.644101,24.151096,2
12425,66000,387130000C,(04)23274275,(04)23288582,2025,12,29,10,9,臺中市,大甲區,0,1,0,7,2,6,50,11,9,1,5,4,6,6,4,4,4,5,5,1,12,2,9,2,1,C03,7,8,1,10,2,14,,40,40,1,6,4,120.627324,24.340197,2
12426,66000,387130000C,(04)23274275,(04)23288582,2025,12,29,10,12,臺中市,西屯區,0,1,0,7,2,6,50,13,9,1,4,4,6,6,4,4,1,4,5,2,18,2,9,2,1,C03,7,5,1,10,2,14,,59,59,1,12,4,120.644805,24.163076,2
12427,66000,387130000C,(04)23274275,(04)23288582,2025,12,29,10,12,臺中市,西屯區,0,1,0,7,2,6,40,4,1,1,5,4,6,6,2,1,10,5,5,2,15,3,10,3,1,B03,7,9,1,7,2,5,,84,84,1,12,4,120.649584,24.162395,2
12428,66000,387130000C,(04)23274275,(04)23288582,2025,12,29,10,14,臺中市,南屯區,0,1,0,7,3,6,40,13,9,1,5,4,6,6,1,1,5,5,4,2,12,2,9,1,1,C03,7,6,1,10,2,14,,48,48,1,12,4,120.607443,24.12721,2
12429,66000,387130000C,(04)23274275,(04)23288582,2025,12,29,10,15,臺中市,北區,0,1,0,7,2,9,50,4,4,1,5,4,6,6,1,1,1,2,5,2,13,3,10,3,1,B03,7,7,1,8,2,5,,59,59,1,13,4,120.67127,24.17369,2
12430,66000,387130000C,(04)23274275,(04)23288582,2025,12,29,10,18,臺中市,西屯區,0,1,0,7,2,6,30,3,1,1,5,4,6,6,4,4,10,5,5,2,13,3,10,2,4,C03,7,9,1,10,2,11,,59,59,1,12,4,120.642941,24.188064,2
12431,66000,387130000C,(04)23274275,(04)23288582,2025,12,29,10,20,臺中市,南屯區,0,1,0,7,3,6,50,13,9,1,5,4,6,6,2,1,5,5,5,2,18,2,9,1,1,C03,7,12,1,10,2,14,11,84,84,1,5,4,120.609956,24.140507,2
12432,66000,387130000C,(04)23274275,(04)23288582,2025,12,29,10,21,臺中市,西屯區,0,2,0,7,2,6,50,5,1,1,5,4,6,6,2,1,10,5,5,2,16,2,9,2,4,F03,7,6,7,21,2,14,,48,48,1,13,4,120.663249,24.178117,2
12433,66000,387130000C,(04)23274275,(04)23288582,2025,12,29,10,23,臺中市,龍井區,0,1,0,7,2,6,60,4,1,1,5,4,6,6,1,1,10,5,5,2,17,2,1,3,1,B03,7,9,1,8,2,5,,55,55,1,6,4,120.541811,24.216156,2
12434,66000,387130000C,(04)23274275,(04)23288582,2025,12,29,10,33,臺中市,豐原區,0,1,0,7,2,6,50,13,7,1,5,4,6,6,4,4,9,5,4,2,12,2,9,1,1,C03,7,6,1,10,2,12,12,84,84,1,13,4,120.733764,24.254052,2
12435,66000,387130000C,(04)23274275,(04)23288582,2025,12,29,10,35,臺中市,西區,0,0,0,7,,,40,,,,,,,,,,,,,,,,,,,B03,,,1,,1,,,8,8,2,13,4,120.652479,24.145181,3
12436,66000,387130000C,(04)23274275,(04)23288582,2025,12,29,10,35,臺中市,豐原區,0,2,0,7,2,6,50,3,1,1,5,4,6,6,4,4,9,5,4,2,13,2,9,2,1,C03,7,9,1,10,2,11,,59,59,1,13,4,120.713337,24.239512,2
12437,66000,387130000C,(04)23274275,(04)23288582,2025,12,29,10,35,臺中市,神岡區,0,1,0,7,1,6,50,13,7,1,5,4,6,6,4,4,5,5,4,2,12,3,10,5,4,B03,7,9,1,8,2,2,,8,8,1,12,4,120.663295,24.258437,2
12438,66000,387130000C,(04)23274275,(04)23288582,2025,12,29,10,43,臺中市,龍井區,0,0,0,7,,,50,,,,,,,,,,,,,,12,,,,,B03,,,1,,2,,,7,7,1,6,4,120.57478,24.184959,3
12439,66000,387130000C,(04)23274275,(04)23288582,2025,12,29,10,44,臺中市,西區,0,0,0,7,,,30,,,,,,,,,,,,,,,,,,,C03,,,1,,1,,,50,50,1,13,4,120.658264,24.150449,3
12440,66000,387130000C,(04)23274275,(04)23288582,2025,12,29,10,45,臺中市,豐原區,0,1,0,7,2,6,50,13,7,1,5,4,6,6,4,4,5,4,4,2,17,3,10,5,4,B12,7,11,1,8,2,8,,45,45,1,12,4,120.71048,24.239764,2
12441,66000,387130000C,(04)23274275,(04)23288582,2025,12,29,10,57,臺中市,龍井區,0,0,0,7,,,30,,,,,,,,,,,,,,,,,,,A12,,,1,,2,,,59,59,1,6,4,120.54294,24.191984,3
12442,66000,387130000C,(04)23274275,(04)23288582,2025,12,29,10,57,臺中市,龍井區,0,0,0,7,,,50,,,,,,,,,,,,,,,,,,,B03,,,1,,1,,,49,49,1,12,4,120.523359,24.20224,3
12443,66000,387130000C,(04)23274275,(04)23288582,2025,12,29,11,0,臺中市,北區,0,2,0,7,2,6,50,4,1,1,5,4,6,6,1,1,1,2,5,2,16,2,9,1,1,C03,7,6,1,10,2,14,,48,48,1,12,4,120.677176,24.165176,2
12444,66000,387130000C,(04)23274275,(04)23288582,2025,12,29,11,3,臺中市,東區,0,1,0,7,2,6,50,4,1,1,5,4,6,6,1,1,5,5,4,2,13,2,9,2,1,C03,7,9,1,10,2,11,,7,7,1,13,4,120.698054,24.144682,2
12445,66000,387130000C,(04)23274275,(04)23288582,2025,12,29,11,4,臺中市,烏日區,0,2,0,7,3,6,70,3,1,1,5,4,6,6,2,1,1,4,5,1,16,2,9,1,1,C03,7,15,1,10,2,11,14,43,43,1,6,4,120.611115,24.107614,2
12446,66000,387130000C,(04)23274275,(04)23288582,2025,12,29,11,10,臺中市,北屯區,0,1,0,7,3,6,50,4,1,1,5,4,6,6,1,1,10,5,5,2,16,3,10,3,1,B03,7,5,1,6,1,5,,11,11,1,12,4,120.661819,24.189421,2
12447,66000,387130000C,(04)23274275,(04)23288582,2025,12,29,11,14,臺中市,南屯區,0,0,0,7,2,6,50,13,9,1,5,4,6,6,4,4,9,5,5,2,17,3,10,2,1,C03,7,9,1,10,7,11,,59,59,1,13,4,120.638749,24.139665,3
12448,66000,387130000C,(04)23274275,(04)23288582,2025,12,29,11,15,臺中市,沙鹿區,0,0,0,7,2,6,50,11,9,1,5,4,6,6,1,1,4,5,5,1,12,,,,,A04,,,1,,2,,,8,8,1,12,4,120.56892,24.238407,3
12449,66000,387130000C,(04)23274275,(04)23288582,2025,12,29,11,17,臺中市,西屯區,0,1,0,7,2,6,50,4,9,1,5,4,6,6,2,1,1,4,5,2,17,3,10,3,1,B12,7,5,1,1,2,16,,68,68,1,12,4,120.651764,24.165852,2
12450,66000,387130000C,(04)23274275,(04)23288582,2025,12,29,11,20,臺中市,大里區,0,1,0,7,2,6,50,3,1,1,5,4,6,6,4,4,10,5,5,2,16,3,10,3,1,B03,7,5,1,8,2,8,,47,47,1,12,4,120.689947,24.104499,2
12451,66000,387130000C,(04)23274275,(04)23288582,2025,12,29,11,21,臺中市,西區,0,1,0,7,2,6,50,4,1,1,5,4,6,6,2,1,1,4,5,2,17,2,9,2,1,C03,7,9,1,10,2,14,,21,21,1,12,4,120.657196,24.146624,2
12452,66000,387130000C,(04)23274275,(04)23288582,2025,12,29,11,28,臺中市,南屯區,0,0,0,7,3,6,40,13,8,1,5,4,6,6,4,4,5,5,4,2,12,,,,,B02,,,1,,1,,,50,50,1,12,4,120.650511,24.130554,3
12453,66000,387130000C,(04)23274275,(04)23288582,2025,12,29,11,28,臺中市,梧棲區,0,0,0,7,,,50,,,,,,,,,,,,,,13,,,,,B03,,,1,,2,,,7,7,1,6,4,120.533084,24.260041,3
12454,66000,387130000C,(04)23274275,(04)23288582,2025,12,29,11,30,臺中市,北區,0,1,0,7,2,6,50,13,9,1,5,4,6,6,4,4,1,4,5,2,17,3,10,5,1,B02,7,2,1,2,2,3,,49,49,1,13,4,120.670084,24.164739,2
12455,66000,387130000C,(04)23274275,(04)23288582,2025,12,29,11,30,臺中市,豐原區,0,2,0,7,2,6,50,13,8,1,5,4,3,6,4,4,5,5,4,2,12,2,9,1,1,C03,7,5,1,10,2,12,12,20,20,1,13,4,120.716992,24.251797,2
12456,66000,387130000C,(04)23274275,(04)23288582,2025,12,29,11,31,臺中市,西屯區,0,1,0,7,2,6,50,13,9,1,5,4,6,6,4,4,1,4,5,2,12,3,10,3,1,B03,7,9,1,8,2,2,,8,8,1,12,4,120.620028,24.184138,2
12457,66000,387130000C,(04)23274275,(04)23288582,2025,12,29,11,32,臺中市,太平區,0,0,0,7,,,50,,,,,,,,,,,,,,16,,,,,C03,,,1,,2,,,39,39,1,12,4,120.717674,24.117278,3
12458,66000,387130000C,(04)23274275,(04)23288582,2025,12,29,11,39,臺中市,大里區,0,1,0,7,2,6,50,13,7,1,5,4,6,6,4,4,4,3,4,2,17,2,9,1,1,C03,7,9,1,10,2,11,,84,84,1,6,4,120.677761,24.11211,2
12459,66000,387130000C,(04)23274275,(04)23288582,2025,12,29,11,40,臺中市,潭子區,0,0,0,7,,,50,,,,,,,,,,,,,,,,,,,B12,,,1,,2,,,50,50,1,13,4,120.701889,24.207255,3
12460,66000,387130000C,(04)23274275,(04)23288582,2025,12,29,11,43,臺中市,北屯區,0,0,0,7,,,40,,,,,,,,,,,,,,13,,,,,B03,,,1,,1,,,82,82,1,6,4,120.723091,24.162035,3
12461,66000,387130000C,(04)23274275,(04)23288582,2025,12,29,11,49,臺中市,太平區,0,0,0,7,,,50,,,,,,,,,,,,,,,,,,,B12,,,1,,2,,,51,51,1,12,4,120.707477,24.160722,3
12462,66000,387130000C,(04)23274275,(04)23288582,2025,12,29,11,49,臺中市,大甲區,0,0,0,7,,,50,,,,,,,,,,,,,,,,,,,C03,,,1,,1,,,11,11,1,6,4,120.624932,24.347631,4
12463,66000,387130000C,(04)23274275,(04)23288582,2025,12,29,11,50,臺中市,西區,0,0,0,7,,,40,,,,,,,,,,,,,,,,,,,C03,,,1,,1,,,87,87,1,12,4,120.671489,24.145961,3
12464,66000,387130000C,(04)23274275,(04)23288582,2025,12,29,11,54,臺中市,西區,0,0,0,7,,,50,,,,,,,,,,,,,,,,,,,B03,,,1,,1,,,7,7,1,13,4,120.676883,24.135024,3
12465,66000,387130000C,(04)23274275,(04)23288582,2025,12,29,12,0,臺中市,霧峰區,0,1,0,7,2,6,60,3,2,1,5,4,6,6,4,4,1,4,4,1,17,3,10,3,1,B03,7,9,1,8,2,3,,85,85,1,12,4,120.694732,24.033017,2
12466,66000,387130000C,(04)23274275,(04)23288582,2025,12,29,12,1,臺中市,南屯區,0,0,0,7,3,6,50,13,9,1,5,4,6,6,4,4,5,5,5,2,12,,,,,B11,,,1,,1,,,59,59,1,12,4,120.624887,24.115165,3
12467,66000,387130000C,(04)23274275,(04)23288582,2025,12,29,12,4,臺中市,西屯區,0,2,0,7,2,6,50,13,9,1,5,4,6,6,4,4,1,3,5,1,13,2,8,2,1,C03,7,9,1,10,2,11,,59,59,1,12,4,120.650456,24.163348,2
12468,66000,387130000C,(04)23274275,(04)23288582,2025,12,29,12,4,臺中市,西屯區,0,0,0,7,,,30,,,,,,,,,,,,,,17,,,,,B12,,,1,,2,,,93,93,1,13,4,120.646324,24.181147,3
12469,66000,387130000C,(04)23274275,(04)23288582,2025,12,29,12,5,臺中市,北屯區,0,1,0,7,2,6,30,13,9,1,5,4,6,6,4,4,10,5,5,2,13,2,9,1,1,C03,7,9,1,10,2,11,,7,7,1,6,4,120.672333,24.202775,2
12470,66000,387130000C,(04)23274275,(04)23288582,2025,12,29,12,7,臺中市,烏日區,0,2,0,7,2,6,50,3,1,1,5,4,6,6,4,4,10,5,5,2,17,2,9,5,4,C03,7,9,1,10,2,11,,7,7,1,6,4,120.625798,24.108209,2
12471,66000,387130000C,(04)23274275,(04)23288582,2025,12,29,12,9,臺中市,神岡區,0,1,0,7,1,6,30,5,1,1,5,4,6,6,1,1,1,5,5,1,16,3,10,5,4,B12,7,6,1,8,2,5,,23,23,1,12,4,120.68933,24.257607,2
12472,66000,387130000C,(04)23274275,(04)23288582,2025,12,29,12,15,臺中市,北屯區,0,1,0,7,3,6,50,4,2,1,5,4,6,6,1,1,5,5,4,2,16,3,10,3,1,B03,7,9,1,7,2,8,,84,84,1,12,4,120.690552,24.197811,2
12473,66000,387130000C,(04)23274275,(04)23288582,2025,12,29,12,21,臺中市,龍井區,0,0,0,7,,,30,,,,,,,,,,,,,,12,,,,,A12,,,1,,2,,,59,59,1,6,4,120.586988,24.182524,3
12474,66000,387130000C,(04)23274275,(04)23288582,2025,12,29,12,23,臺中市,北區,0,0,0,7,,,50,,,,,,,,,,,,,,17,,,,,C03,,,1,,1,,,51,51,1,12,4,120.668197,24.156062,3
12475,66000,387130000C,(04)23274275,(04)23288582,2025,12,29,12,23,臺中市,西屯區,0,0,0,7,,,50,,,,,,,,,,,,,,13,,,,,B03,,,1,,1,,,7,7,1,12,4,120.629319,24.183697,3
12476,66000,387130000C,(04)23274275,(04)23288582,2025,12,29,12,27,臺中市,北屯區,0,0,0,7,,,50,,,,,,,,,,,,,,13,,,,,B03,,,1,,1,,,7,7,1,12,4,120.725711,24.179756,3
12477,66000,387130000C,(04)23274275,(04)23288582,2025,12,29,12,28,臺中市,神岡區,0,0,0,7,,,1,,,,,,,,,,,,,,14,,,,,A12,,,1,,1,,,49,49,1,12,4,120.676337,24.242128,3
12478,66000,387130000C,(04)23274275,(04)23288582,2025,12,29,12,29,臺中市,北屯區,0,0,0,7,,3,80,,,,,,,,,,,,,,12,,,,,A12,,,1,,1,,,20,20,1,13,4,120.722562,24.188736,3
12479,66000,387130000C,(04)23274275,(04)23288582,2025,12,29,12,33,臺中市,西區,0,1,0,7,2,6,50,13,9,1,5,4,6,6,4,4,5,5,5,2,17,3,10,3,1,B03,7,1,1,8,2,8,,51,51,1,12,4,120.665798,24.152879,2
12480,66000,387130000C,(04)23274275,(04)23288582,2025,12,29,12,33,臺中市,太平區,0,2,0,7,2,6,50,13,9,1,5,4,6,6,4,4,7,5,5,2,3,2,9,1,1,C03,7,9,1,10,2,14,,84,84,1,12,4,120.732507,24.134701,2
12481,66000,387130000C,(04)23274275,(04)23288582,2025,12,29,12,33,臺中市,大肚區,0,0,0,7,,,50,,,,,,,,,,,,,,13,,,,,C03,,,1,,2,,,83,83,1,6,4,120.574373,24.159485,3
12482,66000,387130000C,(04)23274275,(04)23288582,2025,12,29,12,42,臺中市,東勢區,0,1,0,7,3,6,60,13,8,1,5,4,6,6,4,4,2,4,4,1,30,2,9,5,4,C03,7,9,1,10,2,12,,54,54,1,12,4,120.825511,24.254756,2
12483,66000,387130000C,(04)23274275,(04)23288582,2025,12,29,12,43,臺中市,大雅區,0,0,0,7,,,40,,,,,,,,,,,,,,,,,,,C03,,,1,,2,,,8,8,1,12,4,120.63731,24.234391,3