序號,縣市別代碼,機關代碼,市話,傳真,年,月,日,時,分,縣市,區,死亡數量,受傷數量,2-30,天候,道路照明設備,道路類別,道路速限,道路型態,事故位置,路面鋪裝,路面狀態,路面缺陷,障礙物,視距,號誌種類,號誌動作,分向設施,快車道或一般車道間,快慢車道間,路面邊線,事故類型及型態,受傷程度,主要傷處,保護裝備,行動電話或功能裝置,當事者區分(類別),車輛用途,當事者行動狀態,駕照狀態,駕照種類,飲酒情形,車輛撞擊部位最初,車輛撞擊部位其他,肇事因素個別,肇事因素主要,肇事逃逸,職業,共享經濟或外送平台,GPS座標X,GPS座標Y,事故類別
12484,66000,387130000C,(04)23274275,(04)23288582,2025,12,29,12,51,臺中市,大里區,0,0,0,7,,,50,,,,,,,,,,,,,,,,,,,B03,,,1,,2,,,7,7,1,12,4,120.682796,24.109224,3
12485,66000,387130000C,(04)23274275,(04)23288582,2025,12,29,12,53,臺中市,西區,0,2,0,7,2,6,50,13,9,1,5,4,6,6,4,4,5,4,5,2,9,2,9,2,1,C03,7,9,1,8,9,11,,8,8,1,12,4,120.662128,24.146723,2
12486,66000,387130000C,(04)23274275,(04)23288582,2025,12,29,12,56,臺中市,大雅區,0,1,0,7,2,6,70,3,1,1,5,4,6,6,1,1,10,4,5,1,17,2,9,1,1,C03,7,9,5,19,2,11,,85,85,1,12,4,120.642273,24.229109,2
12487,66000,387130000C,(04)23274275,(04)23288582,2025,12,29,12,58,臺中市,西區,0,0,0,7,,,50,,,,,,,,,,,,,,13,,,,,B13,,,1,,2,,,7,7,1,12,4,120.665293,24.14662,3
12488,66000,387130000C,(04)23274275,(04)23288582,2025,12,29,12,59,臺中市,北屯區,0,1,0,7,3,6,50,13,9,1,5,4,6,6,4,4,5,4,5,2,17,2,9,3,1,B03,7,9,1,8,2,5,,59,59,1,12,4,120.747036,24.192957,2
12489,66000,387130000C,(04)23274275,(04)23288582,2025,12,29,13,0,臺中市,北屯區,0,0,0,7,,,50,,,,,,,,,,,,,,17,,,,,,,,,,,,,85,85,1,,,120.717397,24.171779,4
12490,66000,387130000C,(04)23274275,(04)23288582,2025,12,29,13,1,臺中市,大肚區,0,0,0,7,,,30,,,,,,,,,,,,,,15,,,,,C03,,,1,,2,,,1,1,2,6,4,120.575927,24.175444,3
12491,66000,387130000C,(04)23274275,(04)23288582,2025,12,29,13,10,臺中市,南屯區,0,0,0,7,,,,,,,,,,,,,,,,,17,,,,,,,,,,,,,119,119,1,,,120.612188,24.147174,3
12492,66000,387130000C,(04)23274275,(04)23288582,2025,12,29,13,17,臺中市,西區,0,0,0,7,,,50,,,,,,,,,,,,,,,,,,,C03,,,1,,1,,,8,8,2,12,4,120.665284,24.156415,3
12493,66000,387130000C,(04)23274275,(04)23288582,2025,12,29,13,27,臺中市,潭子區,0,1,0,7,2,6,50,3,9,1,5,4,6,6,1,1,1,4,5,2,17,3,10,3,1,B02,7,5,1,8,2,5,,20,20,1,13,4,120.706695,24.200216,2
12494,66000,387130000C,(04)23274275,(04)23288582,2025,12,29,13,30,臺中市,北屯區,0,1,0,7,3,6,50,13,9,1,5,4,6,6,4,4,1,4,5,2,13,3,10,1,1,C03,7,9,1,10,2,11,,7,7,1,12,4,120.667869,24.179505,2
12495,66000,387130000C,(04)23274275,(04)23288582,2025,12,29,13,34,臺中市,西屯區,0,1,0,7,2,6,50,4,2,1,5,4,6,6,2,1,10,5,5,2,16,3,10,3,1,B03,7,5,1,5,2,5,,47,47,1,12,4,120.624957,24.182234,2
12496,66000,387130000C,(04)23274275,(04)23288582,2025,12,29,13,39,臺中市,北區,0,0,0,7,,,1,,,,,,,,,,,,,,14,,,,,B03,,,1,,1,,,49,49,1,12,4,120.694448,24.159097,4
12497,66000,387130000C,(04)23274275,(04)23288582,2025,12,29,13,41,臺中市,西屯區,0,1,0,7,2,6,40,4,1,1,5,4,6,6,4,4,10,5,5,2,15,3,10,3,1,B03,7,9,1,8,2,5,,15,15,1,12,4,120.658022,24.16909,2
12498,66000,387130000C,(04)23274275,(04)23288582,2025,12,29,13,42,臺中市,北屯區,0,0,0,7,,,50,,,,,,,,,,,,,,,,,,,C03,,,1,,1,,,84,84,1,12,4,120.714073,24.182408,4
12499,66000,387130000C,(04)23274275,(04)23288582,2025,12,29,13,44,臺中市,北屯區,0,1,0,7,2,6,50,13,9,1,5,4,6,6,4,4,1,4,5,2,17,2,9,1,1,C03,7,9,1,10,2,11,,84,84,1,6,4,120.701956,24.184851,2
12500,66000,387130000C,(04)23274275,(04)23288582,2025,12,29,13,44,臺中市,大里區,0,0,0,7,,,50,,,,,,,,,,,,,,14,,,,,B12,,,1,,2,,,49,49,1,12,4,120.69845,24.101866,3
12501,66000,387130000C,(04)23274275,(04)23288582,2025,12,29,13,46,臺中市,大甲區,0,2,0,7,3,6,50,3,1,1,5,4,6,6,4,4,10,5,5,2,17,2,9,5,4,C03,7,6,3,19,2,12,,14,14,1,12,4,120.627767,24.346828,2
12502,66000,387130000C,(04)23274275,(04)23288582,2025,12,29,13,48,臺中市,西區,0,0,0,7,,,50,,,,,,,,,,,,,,,,,,,B03,,,1,,2,,,84,84,1,6,4,120.673206,24.147811,3
12503,66000,387130000C,(04)23274275,(04)23288582,2025,12,29,13,59,臺中市,西區,0,0,0,7,,,50,,,,,,,,,,,,,,,,,,,C03,,,1,,1,,,47,47,1,12,4,120.661536,24.152028,3
12504,66000,387130000C,(04)23274275,(04)23288582,2025,12,29,14,1,臺中市,南屯區,0,1,0,7,3,6,50,4,1,1,5,4,6,6,1,1,10,5,5,2,16,3,10,3,1,B03,7,6,1,8,2,5,,11,11,1,12,4,120.636192,24.146735,2
12505,66000,387130000C,(04)23274275,(04)23288582,2025,12,29,14,2,臺中市,北區,0,0,0,7,,,50,,,,,,,,,,,,,,2,,,,,B03,,,1,,1,,,35,35,1,13,4,120.68704,24.154639,3
12506,66000,387130000C,(04)23274275,(04)23288582,2025,12,29,14,10,臺中市,西屯區,0,1,0,7,2,6,50,4,1,1,5,4,6,6,2,1,10,5,5,2,12,2,9,2,4,C03,7,9,1,10,2,11,,84,84,1,12,4,120.639967,24.185145,2
12507,66000,387130000C,(04)23274275,(04)23288582,2025,12,29,14,11,臺中市,南區,0,0,0,7,,,30,,,,,,,,,,,,,,17,,,,,B03,,,1,,1,,,84,84,1,12,4,120.6823,24.132986,3
12508,66000,387130000C,(04)23274275,(04)23288582,2025,12,29,14,14,臺中市,北屯區,0,0,0,7,,,40,,,,,,,,,,,,,,17,,,,,B03,,,5,,9,,,84,84,2,12,4,120.694028,24.166947,3
12509,66000,387130000C,(04)23274275,(04)23288582,2025,12,29,14,21,臺中市,西區,0,0,0,7,,,50,,,,,,,,,,,,,,13,,,,,B03,,,1,,1,,,59,59,1,13,4,120.672486,24.136004,3
12510,66000,387130000C,(04)23274275,(04)23288582,2025,12,29,14,27,臺中市,西屯區,0,0,0,7,,,60,,,,,,,,,,,,,,13,,,,,B03,,,1,,2,,,7,7,1,13,4,120.650853,24.162022,3
12511,66000,387130000C,(04)23274275,(04)23288582,2025,12,29,14,38,臺中市,神岡區,0,0,0,7,,,50,,,,,,,,,,,,,,14,,,,,B03,,,1,,2,,,49,49,1,13,4,120.6729,24.254652,3
12512,66000,387130000C,(04)23274275,(04)23288582,2025,12,29,14,40,臺中市,西屯區,0,0,0,7,,,50,,,,,,,,,,,,,,13,,,,,C03,,,1,,1,,,7,7,1,12,4,120.645191,24.162759,3
12513,66000,387130000C,(04)23274275,(04)23288582,2025,12,29,14,40,臺中市,烏日區,0,0,0,7,,,30,,,,,,,,,,,,,,9,,,,,B03,,,1,,9,,,8,8,1,6,4,120.644754,24.097669,3
12514,66000,387130000C,(04)23274275,(04)23288582,2025,12,29,14,44,臺中市,中區,0,1,0,7,3,6,50,13,9,1,5,4,6,6,4,4,5,4,5,2,17,3,10,1,1,C03,7,1,3,19,9,13,,39,39,2,12,4,120.683851,24.142735,2
12515,66000,387130000C,(04)23274275,(04)23288582,2025,12,29,14,44,臺中市,北屯區,0,0,0,7,,,40,,,,,,,,,,,,,,12,,,,,B03,,,1,,2,,,59,59,1,12,4,120.675685,24.193326,3
12516,66000,387130000C,(04)23274275,(04)23288582,2025,12,29,14,44,臺中市,大里區,0,0,0,7,,,50,,,,,,,,,,,,,,14,,,,,B03,,,1,,2,,,49,49,1,6,4,120.69816,24.096607,3
12517,66000,387130000C,(04)23274275,(04)23288582,2025,12,29,14,45,臺中市,北屯區,0,1,0,7,2,6,50,13,9,1,5,4,6,6,4,4,9,5,5,2,3,2,9,6,5,H01,8,16,7,21,10,17,,97,97,1,12,5,120.704815,24.185915,2
12518,66000,387130000C,(04)23274275,(04)23288582,2025,12,29,14,47,臺中市,南區,0,1,0,7,2,6,50,3,2,1,5,4,6,6,4,4,5,5,5,2,17,3,10,3,1,B03,7,11,1,8,2,7,,45,45,1,12,4,120.675132,24.132163,2
12519,66000,387130000C,(04)23274275,(04)23288582,2025,12,29,14,47,臺中市,西屯區,0,1,0,7,2,6,30,3,2,1,5,4,6,6,4,4,10,5,5,2,16,3,10,1,1,C03,7,5,1,9,2,13,,13,13,1,12,2,120.601984,24.182758,2
12520,66000,387130000C,(04)23274275,(04)23288582,2025,12,29,14,51,臺中市,北屯區,0,0,0,7,,,40,,,,,,,,,,,,,,19,,,,,B03,,,1,,2,,,82,82,1,6,4,120.700383,24.17902,3
12521,66000,387130000C,(04)23274275,(04)23288582,2025,12,29,14,53,臺中市,太平區,0,0,0,7,,,50,,,,,,,,,,,,,,,,,,,C03,,,1,,2,,,48,48,1,12,4,120.733408,24.153837,3
12522,66000,387130000C,(04)23274275,(04)23288582,2025,12,29,14,54,臺中市,東區,0,1,0,7,3,6,50,4,1,1,5,4,6,6,2,1,5,5,5,2,13,2,9,2,1,C03,7,9,1,10,2,11,,7,7,1,6,4,120.696951,24.142767,2
12523,66000,387130000C,(04)23274275,(04)23288582,2025,12,29,14,55,臺中市,北區,0,1,0,7,2,6,50,5,7,1,5,4,6,6,4,4,9,5,4,2,17,3,10,3,1,B01,7,15,1,2,2,8,,42,42,1,12,4,120.689391,24.152745,2
12524,66000,387130000C,(04)23274275,(04)23288582,2025,12,29,14,55,臺中市,南屯區,0,0,0,7,,,30,,,,,,,,,,,,,,17,,,,,B03,,,1,,2,,,59,59,1,13,4,120.64713,24.128563,3
12525,66000,387130000C,(04)23274275,(04)23288582,2025,12,29,14,56,臺中市,太平區,0,1,0,7,2,6,50,3,2,1,5,4,6,6,2,1,5,5,5,1,13,3,10,3,1,B03,7,9,1,8,2,1,,84,84,1,12,4,120.712157,24.110437,2
12526,66000,387130000C,(04)23274275,(04)23288582,2025,12,29,15,0,臺中市,北區,0,0,0,7,2,6,40,13,8,1,5,4,6,6,4,4,1,4,4,2,17,3,10,3,1,B03,7,3,1,8,2,1,,50,50,1,12,4,120.664403,24.162186,4
12527,66000,387130000C,(04)23274275,(04)23288582,2025,12,29,15,2,臺中市,潭子區,0,0,0,7,,,50,,,,,,,,,,,,,,,,,,,B03,,,1,,2,,,8,8,1,13,4,120.705051,24.210706,3
12528,66000,387130000C,(04)23274275,(04)23288582,2025,12,29,15,4,臺中市,南區,0,0,0,7,,,40,,,,,,,,,,,,,,,,,,,B03,,,1,,1,,,76,76,1,12,4,120.661825,24.121832,3
12529,66000,387130000C,(04)23274275,(04)23288582,2025,12,29,15,6,臺中市,清水區,0,0,0,7,,,50,,,,,,,,,,,,,,,,,,,B03,,,1,,11,,,49,49,1,12,4,120.55966,24.273995,3
12530,66000,387130000C,(04)23274275,(04)23288582,2025,12,29,15,7,臺中市,梧棲區,0,0,0,7,,,50,,,,,,,,,,,,,,17,,,,,C03,,,1,,2,,,59,59,1,6,4,120.540528,24.257348,3
12531,66000,387130000C,(04)23274275,(04)23288582,2025,12,29,15,10,臺中市,西屯區,0,1,0,7,2,6,50,3,1,1,5,4,6,6,4,4,10,4,5,2,16,3,10,3,1,B12,7,5,1,8,2,2,,47,47,1,13,4,120.651846,24.197762,2
12532,66000,387130000C,(04)23274275,(04)23288582,2025,12,29,15,12,臺中市,北屯區,0,0,0,7,,3,80,,,,,,,,,,,,,,30,,,,,B03,,,1,,2,,,84,84,1,6,4,120.694186,24.20102,3
12533,66000,387130000C,(04)23274275,(04)23288582,2025,12,29,15,14,臺中市,南屯區,0,0,0,7,,,40,,,,,,,,,,,,,,17,,,,,B03,,,1,,2,,,50,50,1,13,4,120.640302,24.149279,3
12534,66000,387130000C,(04)23274275,(04)23288582,2025,12,29,15,15,臺中市,西屯區,0,2,0,7,2,6,30,3,1,1,5,4,6,6,4,4,10,5,5,2,13,2,8,1,1,C03,7,5,1,10,2,11,,7,7,1,13,4,120.644422,24.186314,2
12535,66000,387130000C,(04)23274275,(04)23288582,2025,12,29,15,18,臺中市,大里區,0,0,0,7,,,30,,,,,,,,,,,,,,17,,,,,A12,,,1,,2,,,49,49,1,13,4,120.683739,24.086284,3
12536,66000,387130000C,(04)23274275,(04)23288582,2025,12,29,15,19,臺中市,西屯區,0,1,0,7,2,6,50,13,9,1,5,4,6,6,1,1,5,5,5,2,16,2,9,5,4,C03,7,6,3,19,2,14,,42,42,1,12,4,120.656022,24.165678,2
12537,66000,387130000C,(04)23274275,(04)23288582,2025,12,29,15,19,臺中市,大里區,0,2,0,7,2,6,30,3,1,1,5,4,6,6,4,4,10,5,5,2,16,2,9,1,1,C03,7,6,1,10,2,11,,14,14,1,13,4,120.694705,24.119759,2
12538,66000,387130000C,(04)23274275,(04)23288582,2025,12,29,15,25,臺中市,北屯區,0,0,0,7,,,50,,,,,,,,,,,,,,13,,,,,C03,,,1,,2,,,84,84,1,6,4,120.664925,24.184394,3
12539,66000,387130000C,(04)23274275,(04)23288582,2025,12,29,15,27,臺中市,后里區,0,0,0,7,,,30,,,,,,,,,,,,,,17,,,,,B13,,,1,,2,,,59,59,1,6,4,120.711576,24.2861,3
12540,66000,387130000C,(04)23274275,(04)23288582,2025,12,29,15,28,臺中市,霧峰區,0,1,0,7,3,6,30,13,9,1,5,4,6,6,4,4,10,5,5,2,16,3,10,1,1,C03,7,9,1,10,2,15,,85,85,1,13,4,120.687227,24.044227,2
12541,66000,387130000C,(04)23274275,(04)23288582,2025,12,29,15,34,臺中市,西區,0,0,0,7,,,50,,,,,,,,,,,,,,,,,,,C03,,,1,,1,,,84,84,1,6,4,120.66182,24.156133,3
12542,66000,387130000C,(04)23274275,(04)23288582,2025,12,29,15,38,臺中市,西屯區,0,1,0,7,2,6,50,13,9,1,5,4,6,6,4,4,1,4,5,2,13,2,8,1,1,C03,7,9,1,10,2,11,,59,59,1,13,4,120.621505,24.183354,2
12543,66000,387130000C,(04)23274275,(04)23288582,2025,12,29,15,41,臺中市,沙鹿區,0,0,0,7,,,30,,,,,,,,,,,,,,10,,,,,C03,,,1,,2,,,17,17,1,6,4,120.578954,24.213927,3
12544,66000,387130000C,(04)23274275,(04)23288582,2025,12,29,15,43,臺中市,沙鹿區,0,0,0,7,,,40,,,,,,,,,,,,,,17,,,,,B03,,,1,,9,,,78,78,2,12,4,120.561357,24.234066,3
12545,66000,387130000C,(04)23274275,(04)23288582,2025,12,29,15,44,臺中市,西屯區,0,0,0,7,,,50,,,,,,,,,,,,,,13,,,,,B03,,,1,,1,,,7,7,1,12,4,120.651816,24.165933,3
12546,66000,387130000C,(04)23274275,(04)23288582,2025,12,29,15,46,臺中市,西屯區,0,0,0,7,,,50,,,,,,,,,,,,,,14,,,,,C03,,,1,,2,,,84,84,1,13,4,120.667317,24.176501,3
12547,66000,387130000C,(04)23274275,(04)23288582,2025,12,29,15,48,臺中市,北區,0,1,0,7,3,6,50,4,2,1,5,4,6,6,1,1,5,2,4,2,18,2,9,5,4,C03,7,9,5,10,2,12,,84,84,1,12,4,120.693933,24.161181,2
12548,66000,387130000C,(04)23274275,(04)23288582,2025,12,29,15,48,臺中市,沙鹿區,0,0,0,7,,,50,,,,,,,,,,,,,,13,,,,,B03,,,1,,2,,,59,59,1,12,4,120.568054,24.253934,3
12549,66000,387130000C,(04)23274275,(04)23288582,2025,12,29,15,51,臺中市,西區,0,1,0,7,2,6,50,13,9,1,5,4,6,6,4,4,5,5,5,2,18,2,9,5,4,F01,7,9,7,21,2,14,,84,84,1,13,4,120.671555,24.151876,2
12550,66000,387130000C,(04)23274275,(04)23288582,2025,12,29,15,55,臺中市,梧棲區,0,0,0,7,,,50,,,,,,,,,,,,,,15,,,,,C03,,,1,,1,,,21,21,1,6,4,120.54283,24.260428,4
12551,66000,387130000C,(04)23274275,(04)23288582,2025,12,29,15,56,臺中市,北屯區,0,0,0,7,,,40,,,,,,,,,,,,,,13,,,,,C03,,,1,,1,,,7,7,1,12,4,120.689985,24.165065,3
12552,66000,387130000C,(04)23274275,(04)23288582,2025,12,29,15,57,臺中市,北區,0,2,0,7,2,6,50,4,1,1,5,4,6,6,1,1,10,5,5,2,17,2,9,1,1,C03,7,6,1,10,2,11,,7,7,1,12,4,120.682385,24.165362,2
12553,66000,387130000C,(04)23274275,(04)23288582,2025,12,29,15,59,臺中市,太平區,0,2,0,7,2,6,50,4,1,1,5,4,6,6,4,4,10,5,5,2,13,2,8,2,1,C03,7,9,1,10,2,11,,84,84,1,12,4,120.700558,24.147953,2
12554,66000,387130000C,(04)23274275,(04)23288582,2025,12,29,16,3,臺中市,西屯區,0,0,0,7,,,50,,,,,,,,,,,,,,17,,,,,,,,,,,,,109,109,1,12,4,120.651795,24.179231,3
12555,66000,387130000C,(04)23274275,(04)23288582,2025,12,29,16,8,臺中市,西屯區,0,1,0,7,2,6,30,4,1,1,5,4,6,6,4,4,10,5,5,2,15,2,9,2,1,C03,7,9,1,10,2,12,,15,15,1,13,4,120.642343,24.175277,2
12556,66000,387130000C,(04)23274275,(04)23288582,2025,12,29,16,10,臺中市,霧峰區,0,1,0,7,2,6,40,13,9,1,5,4,6,6,4,4,5,5,5,1,13,2,9,1,1,C03,7,9,1,10,2,11,,7,7,1,5,4,120.7048,24.072166,2
12557,66000,387130000C,(04)23274275,(04)23288582,2025,12,29,16,10,臺中市,大甲區,0,0,0,7,,,30,,,,,,,,,,,,,,,,,,,A41,,,1,,2,,,49,49,1,6,4,120.627804,24.344247,3
12558,66000,387130000C,(04)23274275,(04)23288582,2025,12,29,16,12,臺中市,太平區,0,0,0,7,,,40,,,,,,,,,,,,,,,,,,,C03,,,1,,2,,,7,7,1,12,4,120.726985,24.120976,3
12559,66000,387130000C,(04)23274275,(04)23288582,2025,12,29,16,21,臺中市,南區,0,1,0,7,3,6,50,4,1,1,5,4,6,6,1,1,10,5,5,2,16,3,10,3,1,B03,7,6,1,8,2,5,,11,11,1,13,4,120.670758,24.129381,2
12560,66000,387130000C,(04)23274275,(04)23288582,2025,12,29,16,21,臺中市,霧峰區,0,1,0,7,3,6,40,4,1,1,5,4,6,6,1,1,10,5,5,2,15,3,10,5,4,B03,7,9,1,8,2,5,,21,21,1,13,4,120.66232,24.061774,2
12561,66000,387130000C,(04)23274275,(04)23288582,2025,12,29,16,23,臺中市,太平區,0,0,0,7,,,30,,,,,,,,,,,,,,17,,,,,B03,,,1,,1,,,84,84,1,12,4,120.712489,24.125276,3
12562,66000,387130000C,(04)23274275,(04)23288582,2025,12,29,16,23,臺中市,大肚區,0,0,0,7,,,50,,,,,,,,,,,,,,,,,,,B03,,,1,,2,,,85,85,1,6,4,120.575976,24.169558,3
12563,66000,387130000C,(04)23274275,(04)23288582,2025,12,29,16,28,臺中市,東區,0,0,0,7,,,50,,,,,,,,,,,,,,,,,,,B03,,,1,,9,,,8,8,2,13,4,120.69029,24.134594,3
12564,66000,387130000C,(04)23274275,(04)23288582,2025,12,29,16,32,臺中市,西屯區,0,1,0,7,2,6,50,4,1,1,5,4,6,6,4,4,10,5,5,2,17,2,8,1,1,C03,7,1,1,10,2,12,,51,51,1,12,4,120.593654,24.17788,2
12565,66000,387130000C,(04)23274275,(04)23288582,2025,12,29,16,33,臺中市,潭子區,0,0,0,7,,,0,,,,,,,,,,,,,,,,,,,B03,,,1,,2,,,8,8,1,13,4,120.695043,24.193996,3
12566,66000,387130000C,(04)23274275,(04)23288582,2025,12,29,16,34,臺中市,西區,0,2,0,7,1,6,50,4,1,1,5,4,6,6,1,1,5,4,4,2,16,2,9,1,1,C03,7,6,1,10,2,14,,11,11,1,13,4,120.655042,24.145029,2
12567,66000,387130000C,(04)23274275,(04)23288582,2025,12,29,16,38,臺中市,北屯區,0,0,0,7,,3,50,,,,,,,,,,,,,,,,,,,B03,,,1,,2,,,85,85,1,13,4,120.694144,24.201018,3
12568,66000,387130000C,(04)23274275,(04)23288582,2025,12,29,16,40,臺中市,北區,0,0,0,7,,,40,,,,,,,,,,,,,,13,,,,,C03,,,1,,2,,,7,7,1,13,4,120.68117,24.149855,3
12569,66000,387130000C,(04)23274275,(04)23288582,2025,12,29,16,40,臺中市,西屯區,0,3,0,7,2,6,0,4,1,1,5,4,6,6,1,1,10,5,5,2,16,2,9,5,4,C03,7,1,1,10,2,14,,51,51,1,12,2,120.637146,24.166108,2
12570,66000,387130000C,(04)23274275,(04)23288582,2025,12,29,16,41,臺中市,北區,0,0,0,7,2,6,50,4,2,1,5,4,6,6,1,1,1,4,5,2,13,3,10,3,1,B13,7,9,1,1,2,1,,84,84,1,12,4,120.671295,24.173713,3
12571,66000,387130000C,(04)23274275,(04)23288582,2025,12,29,16,43,臺中市,霧峰區,0,1,0,7,2,6,30,4,1,1,5,4,6,6,4,4,10,5,5,1,17,2,9,1,1,C03,7,9,1,10,2,11,,15,15,1,13,4,120.690452,24.06682,2
12572,66000,387130000C,(04)23274275,(04)23288582,2025,12,29,16,45,臺中市,大雅區,0,3,0,7,3,6,0,4,1,1,5,4,6,6,1,1,4,5,5,1,17,2,9,1,4,C03,7,6,1,10,2,12,,20,20,1,13,4,120.656041,24.238906,2
12573,66000,387130000C,(04)23274275,(04)23288582,2025,12,29,16,45,臺中市,烏日區,0,0,0,7,,,30,,,,,,,,,,,,,,,,,,,B03,,,1,,1,,,59,59,1,6,4,120.61631,24.111308,3
12574,66000,387130000C,(04)23274275,(04)23288582,2025,12,29,16,46,臺中市,大里區,0,0,0,7,2,6,50,13,9,1,5,4,6,6,4,4,1,4,5,1,17,3,10,1,1,C03,7,9,1,10,2,11,,7,7,2,12,4,120.682922,24.104426,3
12575,66000,387130000C,(04)23274275,(04)23288582,2025,12,29,16,46,臺中市,沙鹿區,0,1,0,7,2,6,50,3,1,1,5,4,6,6,4,4,10,5,5,2,16,3,10,3,1,B12,7,6,1,8,2,8,,83,83,1,6,4,120.548865,24.228543,2
12576,66000,387130000C,(04)23274275,(04)23288582,2025,12,29,16,47,臺中市,沙鹿區,0,0,0,7,,,60,,,,,,,,,,,,,,12,,,,,B03,,,1,,2,,,40,40,1,12,4,120.567785,24.238316,3
12577,66000,387130000C,(04)23274275,(04)23288582,2025,12,29,16,48,臺中市,北屯區,0,1,0,7,2,6,50,4,1,1,5,4,6,6,2,1,10,5,5,2,16,3,10,3,1,B03,7,6,1,8,2,1,,11,11,1,12,4,120.725336,24.172061,2
12578,66000,387130000C,(04)23274275,(04)23288582,2025,12,29,16,48,臺中市,大肚區,0,0,0,7,,,50,,,,,,,,,,,,,,,,,,,B03,,,1,,2,,,7,7,1,12,4,120.579063,24.168665,3
12579,66000,387130000C,(04)23274275,(04)23288582,2025,12,29,16,48,臺中市,大肚區,0,3,0,7,2,6,50,3,1,1,5,4,6,6,1,1,10,5,5,2,17,3,10,3,1,A11,7,9,1,2,2,8,,84,84,1,6,4,120.565353,24.123011,2
12580,66000,387130000C,(04)23274275,(04)23288582,2025,12,29,16,49,臺中市,東區,0,0,0,7,,,40,,,,,,,,,,,,,,13,,,,,C03,,,1,,1,,,8,8,1,13,4,120.691082,24.147702,4
12581,66000,387130000C,(04)23274275,(04)23288582,2025,12,29,16,51,臺中市,梧棲區,0,1,0,7,3,6,50,4,2,1,5,4,6,6,1,1,10,5,5,2,18,2,9,1,1,C03,7,5,1,10,2,16,,59,59,1,6,4,120.541266,24.262072,2
12582,66000,387130000C,(04)23274275,(04)23288582,2025,12,29,16,55,臺中市,北區,0,1,0,7,2,6,50,13,9,1,5,4,6,6,1,1,5,5,5,2,13,3,10,3,1,B03,7,9,1,8,2,1,,84,84,1,12,4,120.676582,24.160637,2
12583,66000,387130000C,(04)23274275,(04)23288582,2025,12,29,17,0,臺中市,北區,0,1,0,7,3,6,50,4,2,1,5,4,6,6,1,1,5,2,5,2,16,3,10,5,4,B03,7,6,1,8,2,1,,11,11,1,13,4,120.689163,24.159087,2
12584,66000,387130000C,(04)23274275,(04)23288582,2025,12,29,17,0,臺中市,大里區,0,0,0,7,,,30,,,,,,,,,,,,,,17,,,,,B12,,,1,,2,,,49,49,1,6,4,120.682721,24.096313,3
12585,66000,387130000C,(04)23274275,(04)23288582,2025,12,29,17,0,臺中市,豐原區,0,0,0,7,,,50,,,,,,,,,,,,,,17,,,,,B03,,,1,,2,,,7,7,1,6,4,120.702982,24.240111,3
12586,66000,387130000C,(04)23274275,(04)23288582,2025,12,29,17,2,臺中市,北區,0,0,0,7,,,50,,,,,,,,,,,,,,16,,,,,C03,,,1,,2,,,48,48,1,13,4,120.670252,24.161497,3
12587,66000,387130000C,(04)23274275,(04)23288582,2025,12,29,17,4,臺中市,西區,0,0,0,7,,,50,,,,,,,,,,,,,,13,,,,,B03,,,1,,1,,,7,7,1,12,4,120.665963,24.152237,3
12588,66000,387130000C,(04)23274275,(04)23288582,2025,12,29,17,4,臺中市,西屯區,0,0,0,7,,,50,,,,,,,,,,,,,,14,,,,,B03,,,1,,2,,,49,49,1,13,4,120.636487,24.165821,3
12589,66000,387130000C,(04)23274275,(04)23288582,2025,12,29,17,9,臺中市,北屯區,0,0,0,7,,,40,,,,,,,,,,,,,,18,,,,,F01,,,1,,1,,,39,39,1,12,4,120.674687,24.193518,3
12590,66000,387130000C,(04)23274275,(04)23288582,2025,12,29,17,10,臺中市,西區,0,1,0,7,3,6,50,4,1,1,5,4,6,6,1,1,10,5,5,2,16,3,10,3,1,B03,7,5,1,8,1,2,,85,85,1,6,4,120.675422,24.133556,2
12591,66000,387130000C,(04)23274275,(04)23288582,2025,12,29,17,10,臺中市,大甲區,0,0,0,7,,,30,,,,,,,,,,,,,,,,,,,B03,,,1,,9,,,41,41,1,6,4,120.678489,24.376309,3
12592,66000,387130000C,(04)23274275,(04)23288582,2025,12,29,17,13,臺中市,清水區,0,0,0,7,,,50,,,,,,,,,,,,,,,,,,,B03,,,1,,2,,,7,7,1,12,4,120.560083,24.277388,4
12593,66000,387130000C,(04)23274275,(04)23288582,2025,12,29,17,13,臺中市,豐原區,0,0,0,7,,,50,,,,,,,,,,,,,,17,,,,,C03,,,1,,2,,,78,78,1,12,4,120.715207,24.259965,3
12594,66000,387130000C,(04)23274275,(04)23288582,2025,12,29,17,15,臺中市,北屯區,0,0,0,7,,,50,,,,,,,,,,,,,,17,,,,,B03,,,1,,1,,,59,59,1,12,4,120.659665,24.188577,3
12595,66000,387130000C,(04)23274275,(04)23288582,2025,12,29,17,16,臺中市,大里區,0,1,0,7,1,6,50,13,9,1,5,4,6,6,4,4,5,5,5,1,13,2,7,1,1,C03,7,9,1,10,2,14,,7,7,1,6,4,120.701552,24.088737,2
12596,66000,387130000C,(04)23274275,(04)23288582,2025,12,29,17,19,臺中市,梧棲區,0,1,0,7,3,6,60,13,9,1,5,4,6,6,4,4,1,4,5,1,16,3,10,3,1,B03,7,7,1,8,2,6,,20,20,1,6,4,120.531683,24.238901,2