序號,縣市別代碼,機關代碼,市話,傳真,年,月,日,時,分,縣市,區,死亡數量,受傷數量,2-30,天候,道路照明設備,道路類別,道路速限,道路型態,事故位置,路面鋪裝,路面狀態,路面缺陷,障礙物,視距,號誌種類,號誌動作,分向設施,快車道或一般車道間,快慢車道間,路面邊線,事故類型及型態,受傷程度,主要傷處,保護裝備,行動電話或功能裝置,當事者區分(類別),車輛用途,當事者行動狀態,駕照狀態,駕照種類,飲酒情形,車輛撞擊部位最初,車輛撞擊部位其他,肇事因素個別,肇事因素主要,肇事逃逸,職業,共享經濟或外送平台,GPS座標X,GPS座標Y,事故類別
12597,66000,387130000C,(04)23274275,(04)23288582,2025,12,29,17,20,臺中市,龍井區,0,0,0,7,,,30,,,,,,,,,,,,,,,,,,,B12,,,1,,1,,,8,8,1,6,4,120.522669,24.19911,3
12598,66000,387130000C,(04)23274275,(04)23288582,2025,12,29,17,22,臺中市,西屯區,0,0,0,7,,,50,,,,,,,,,,,,,,12,,,,,A02,,,1,,1,,,8,8,1,12,4,120.646901,24.174827,3
12599,66000,387130000C,(04)23274275,(04)23288582,2025,12,29,17,24,臺中市,潭子區,0,2,0,7,1,6,50,3,7,1,5,4,6,6,4,4,4,4,5,1,12,2,9,2,1,C03,7,6,1,10,2,14,,14,14,1,13,4,120.723936,24.220509,2
12600,66000,387130000C,(04)23274275,(04)23288582,2025,12,29,17,25,臺中市,南屯區,0,1,0,7,3,6,50,4,1,1,5,4,6,6,4,4,10,5,5,2,14,3,10,3,1,B03,7,2,1,8,2,6,,49,49,1,12,4,120.65055,24.155291,2
12601,66000,387130000C,(04)23274275,(04)23288582,2025,12,29,17,25,臺中市,梧棲區,0,1,0,7,1,6,50,13,7,1,5,4,6,6,4,4,5,4,4,2,17,3,10,3,1,B03,7,7,1,8,2,5,,59,59,1,6,4,120.532143,24.258137,2
12602,66000,387130000C,(04)23274275,(04)23288582,2025,12,29,17,28,臺中市,太平區,0,0,0,7,,,50,,,,,,,,,,,,,,,,,,,B03,,,1,,1,,,51,51,1,12,4,120.744257,24.158532,3
12603,66000,387130000C,(04)23274275,(04)23288582,2025,12,29,17,29,臺中市,潭子區,0,0,0,7,,,,,,,,,,,,,,,,,,,,,,,,,,,,,,86,86,1,,,120.703516,24.201759,3
12604,66000,387130000C,(04)23274275,(04)23288582,2025,12,29,17,29,臺中市,東區,0,0,0,7,,,50,,,,,,,,,,,,,,17,,,,,B12,,,1,,1,,,82,82,1,6,4,120.703658,24.131082,3
12605,66000,387130000C,(04)23274275,(04)23288582,2025,12,29,17,30,臺中市,大甲區,0,3,0,7,1,6,50,4,1,1,5,4,6,6,1,1,10,5,5,2,12,2,8,5,4,C03,7,9,1,10,2,11,,4,4,1,6,4,120.619273,24.347254,2
12606,66000,387130000C,(04)23274275,(04)23288582,2025,12,29,17,34,臺中市,大里區,0,1,0,7,1,6,40,13,9,1,5,4,6,6,4,4,1,4,5,1,18,2,9,1,1,C03,7,9,1,10,2,14,,84,84,1,13,4,120.670239,24.110862,2
12607,66000,387130000C,(04)23274275,(04)23288582,2025,12,29,17,36,臺中市,太平區,0,0,0,7,,,50,,,,,,,,,,,,,,30,,,,,B03,,,1,,1,,,84,84,1,12,4,120.730501,24.12804,3
12608,66000,387130000C,(04)23274275,(04)23288582,2025,12,29,17,37,臺中市,烏日區,0,1,0,7,2,6,50,13,9,1,5,4,6,6,1,1,1,4,5,1,13,3,10,5,4,B03,7,9,1,8,2,1,,7,7,1,6,4,120.589649,24.113401,2
12609,66000,387130000C,(04)23274275,(04)23288582,2025,12,29,17,38,臺中市,潭子區,0,1,0,7,1,3,80,11,7,1,5,4,6,6,4,4,1,4,5,1,12,3,10,3,1,B03,7,8,1,8,2,8,,40,40,1,13,4,120.721938,24.19351,2
12610,66000,387130000C,(04)23274275,(04)23288582,2025,12,29,17,38,臺中市,北區,0,0,0,7,1,6,50,3,2,1,5,4,6,6,4,4,5,5,5,2,13,3,10,,1,B03,7,9,1,7,1,1,,84,84,1,12,4,120.69898,24.160178,3
12611,66000,387130000C,(04)23274275,(04)23288582,2025,12,29,17,38,臺中市,南屯區,0,0,0,7,,,40,,,,,,,,,,,,,,17,,,,,C03,,,3,,9,,,59,59,1,13,4,120.636413,24.155823,3
12612,66000,387130000C,(04)23274275,(04)23288582,2025,12,29,17,41,臺中市,沙鹿區,0,0,0,7,,,40,,,,,,,,,,,,,,,,,,,B03,,,1,,2,,,47,47,1,6,4,120.570001,24.219266,4
12613,66000,387130000C,(04)23274275,(04)23288582,2025,12,29,17,42,臺中市,大肚區,0,0,0,7,,,50,,,,,,,,,,,,,,12,,,,,B03,,,1,,2,,,1,1,1,6,4,120.570276,24.121196,3
12614,66000,387130000C,(04)23274275,(04)23288582,2025,12,29,17,43,臺中市,南區,0,0,0,7,,,30,,,,,,,,,,,,,,17,,,,,C03,,,1,,2,,,13,13,1,13,4,120.662597,24.119964,3
12615,66000,387130000C,(04)23274275,(04)23288582,2025,12,29,17,43,臺中市,北屯區,0,0,0,7,,3,50,,,,,,,,,,,,,,,,,,,B03,,,1,,1,,,84,84,1,13,4,120.664045,24.200887,3
12616,66000,387130000C,(04)23274275,(04)23288582,2025,12,29,17,43,臺中市,龍井區,0,3,0,7,1,6,50,3,2,1,5,4,6,6,4,4,5,5,5,2,2,2,1,5,4,C03,7,9,1,10,2,12,,59,59,1,6,4,120.592719,24.181873,2
12617,66000,387130000C,(04)23274275,(04)23288582,2025,12,29,17,44,臺中市,潭子區,0,0,0,7,,,60,,,,,,,,,,,,,,,,,,,B03,,,1,,2,,,84,84,1,13,4,120.703516,24.201759,3
12618,66000,387130000C,(04)23274275,(04)23288582,2025,12,29,17,46,臺中市,北屯區,0,0,0,7,,,50,,,,,,,,,,,,,,,,,,,B03,,,1,,1,,,13,13,1,13,4,120.695482,24.165253,3
12619,66000,387130000C,(04)23274275,(04)23288582,2025,12,29,17,48,臺中市,潭子區,0,0,0,7,,,40,,,,,,,,,,,,,,,,,,,,,,,,,,,86,86,1,,,120.698336,24.205481,3
12620,66000,387130000C,(04)23274275,(04)23288582,2025,12,29,17,48,臺中市,北區,0,2,0,7,3,6,50,4,2,1,5,4,6,6,4,4,5,4,5,2,13,2,9,5,4,C03,7,9,1,10,2,11,,7,7,1,13,4,120.673692,24.16263,2
12621,66000,387130000C,(04)23274275,(04)23288582,2025,12,29,17,48,臺中市,東區,0,0,0,7,,,50,,,,,,,,,,,,,,,,,,,B03,,,1,,1,,,84,84,1,12,4,120.705547,24.142661,3
12622,66000,387130000C,(04)23274275,(04)23288582,2025,12,29,17,50,臺中市,北區,0,0,0,7,,,40,,,,,,,,,,,,,,,,,,,C03,,,1,,1,,,84,84,1,12,4,120.682605,24.163231,4
12623,66000,387130000C,(04)23274275,(04)23288582,2025,12,29,17,50,臺中市,南屯區,0,0,0,7,,,50,,,,,,,,,,,,,,13,,,,,B03,,,1,,1,,,59,59,1,13,4,120.628143,24.145323,3
12624,66000,387130000C,(04)23274275,(04)23288582,2025,12,29,17,50,臺中市,西屯區,0,0,0,7,,,60,,,,,,,,,,,,,,12,,,,,B03,,,1,,1,,,40,40,1,12,4,120.65305,24.160612,3
12625,66000,387130000C,(04)23274275,(04)23288582,2025,12,29,17,50,臺中市,烏日區,0,0,0,7,,,60,,,,,,,,,,,,,,13,,,,,C03,,,1,,1,,,7,7,1,6,4,120.616288,24.104252,3
12626,66000,387130000C,(04)23274275,(04)23288582,2025,12,29,17,51,臺中市,東區,0,1,0,7,1,6,50,13,9,1,5,4,6,6,4,4,5,5,4,2,13,2,9,5,4,C03,7,9,1,10,2,11,,7,7,1,13,4,120.706856,24.148759,2
12627,66000,387130000C,(04)23274275,(04)23288582,2025,12,29,17,52,臺中市,烏日區,0,1,0,7,1,6,50,4,1,1,5,4,6,6,1,1,5,4,5,1,16,2,7,1,1,C03,7,6,1,10,2,13,14,11,11,1,6,4,120.644317,24.087617,2
12628,66000,387130000C,(04)23274275,(04)23288582,2025,12,29,17,54,臺中市,沙鹿區,0,1,0,7,1,6,50,4,1,1,5,4,6,6,1,1,10,5,5,2,17,2,9,2,1,C03,7,15,1,10,2,12,,84,84,1,6,4,120.560547,24.240842,2
12629,66000,387130000C,(04)23274275,(04)23288582,2025,12,29,17,55,臺中市,南屯區,0,1,0,7,1,6,50,4,1,1,5,4,6,6,2,1,10,5,5,2,18,2,7,2,1,C03,7,9,1,10,2,16,,84,84,1,13,4,120.646646,24.153608,2
12630,66000,387130000C,(04)23274275,(04)23288582,2025,12,29,17,55,臺中市,西屯區,0,1,0,7,1,6,50,4,1,1,5,4,6,6,2,1,10,5,5,2,16,3,10,3,1,B03,7,5,1,8,2,5,,47,47,1,13,4,120.614542,24.186786,2
12631,66000,387130000C,(04)23274275,(04)23288582,2025,12,29,17,56,臺中市,北區,0,1,0,7,1,6,50,4,1,1,5,4,6,6,1,1,10,5,5,2,16,3,10,3,1,B03,7,5,1,8,2,2,,11,11,1,12,4,120.670472,24.164434,2
12632,66000,387130000C,(04)23274275,(04)23288582,2025,12,29,17,57,臺中市,北屯區,0,1,0,7,1,6,50,13,7,1,5,4,6,6,4,4,1,4,4,2,18,2,9,1,1,C03,7,9,1,10,2,14,,84,84,1,6,4,120.682896,24.173101,2
12633,66000,387130000C,(04)23274275,(04)23288582,2025,12,29,17,58,臺中市,西區,0,0,0,7,,,1,,,,,,,,,,,,,,9,,,,,C03,,,1,,11,,,87,87,1,13,4,120.65649,24.147582,3
12634,66000,387130000C,(04)23274275,(04)23288582,2025,12,29,17,58,臺中市,西屯區,0,0,0,7,,,50,,,,,,,,,,,,,,13,,,,,B03,,,1,,1,,,59,59,1,13,4,120.637255,24.162183,3
12635,66000,387130000C,(04)23274275,(04)23288582,2025,12,29,18,0,臺中市,沙鹿區,0,0,0,7,,,30,,,,,,,,,,,,,,13,,,,,B03,,,1,,1,,,58,58,1,6,4,120.61794,24.243192,3
12636,66000,387130000C,(04)23274275,(04)23288582,2025,12,29,18,0,臺中市,大甲區,0,0,0,7,,,50,,,,,,,,,,,,,,,,,,,B03,,,1,,2,,,50,50,1,6,4,120.624367,24.351297,4
12637,66000,387130000C,(04)23274275,(04)23288582,2025,12,29,18,0,臺中市,神岡區,0,1,0,7,1,6,50,4,2,1,5,4,6,6,1,1,5,4,4,2,18,2,9,1,1,C03,7,12,1,10,2,16,,88,88,1,12,4,120.655654,24.255257,2
12638,66000,387130000C,(04)23274275,(04)23288582,2025,12,29,18,2,臺中市,南屯區,0,2,0,7,1,6,50,4,1,1,5,4,6,6,1,1,10,5,5,2,3,2,9,2,1,C03,7,9,1,10,2,11,,10,10,1,13,4,120.64503,24.140077,2
12639,66000,387130000C,(04)23274275,(04)23288582,2025,12,29,18,5,臺中市,大雅區,0,0,0,7,,,50,,,,,,,,,,,,,,,,,,,C03,,,1,,1,,,7,7,1,13,4,120.647411,24.214194,3
12640,66000,387130000C,(04)23274275,(04)23288582,2025,12,29,18,5,臺中市,大里區,0,0,0,6,,,30,,,,,,,,,,,,,,17,,,,,A11,,,1,,11,,,49,49,1,13,4,120.692808,24.086418,3
12641,66000,387130000C,(04)23274275,(04)23288582,2025,12,29,18,6,臺中市,南區,0,1,0,7,1,6,50,13,9,1,5,4,6,6,4,4,5,4,5,2,17,2,7,1,1,C03,7,1,1,10,2,16,,51,51,1,12,4,120.663596,24.125114,2
12642,66000,387130000C,(04)23274275,(04)23288582,2025,12,29,18,8,臺中市,沙鹿區,0,2,0,7,1,6,50,3,1,1,5,4,6,6,4,4,10,5,5,2,16,2,8,2,1,C03,7,9,1,10,2,11,,59,59,1,6,4,120.574579,24.216729,2
12643,66000,387130000C,(04)23274275,(04)23288582,2025,12,29,18,9,臺中市,龍井區,0,0,0,7,,,30,,,,,,,,,,,,,,,,,,,B12,,,1,,1,,,49,49,1,12,4,120.595165,24.187731,3
12644,66000,387130000C,(04)23274275,(04)23288582,2025,12,29,18,10,臺中市,南屯區,0,0,0,7,,,50,,,,,,,,,,,,,,12,,,,,B02,,,1,,1,,,8,8,1,13,4,120.607961,24.150876,3
12645,66000,387130000C,(04)23274275,(04)23288582,2025,12,29,18,11,臺中市,大雅區,0,1,0,7,1,6,30,4,1,1,5,4,6,6,4,4,10,5,5,2,17,2,9,2,1,C03,7,9,3,19,2,11,,20,20,1,12,4,120.661937,24.218059,2
12646,66000,387130000C,(04)23274275,(04)23288582,2025,12,29,18,15,臺中市,西區,0,2,0,7,1,6,50,4,1,1,5,4,6,6,4,4,10,5,5,2,9,2,9,2,1,C03,7,9,1,10,2,11,,10,10,1,12,4,120.661662,24.149802,2
12647,66000,387130000C,(04)23274275,(04)23288582,2025,12,29,18,15,臺中市,北屯區,0,0,0,7,,,50,,,,,,,,,,,,,,12,,,,,C03,,,3,,2,,,85,85,1,6,4,120.705284,24.168143,3
12648,66000,387130000C,(04)23274275,(04)23288582,2025,12,29,18,16,臺中市,清水區,0,0,0,7,,,50,,,,,,,,,,,,,,,,,,,B03,,,1,,2,,,87,87,1,12,4,120.56817,24.276009,3
12649,66000,387130000C,(04)23274275,(04)23288582,2025,12,29,18,16,臺中市,后里區,0,0,0,7,1,6,,3,7,1,5,4,6,6,1,1,1,4,4,1,28,,,,,,,,,,,,,118,118,1,,,120.721758,24.306159,3
12650,66000,387130000C,(04)23274275,(04)23288582,2025,12,29,18,19,臺中市,西區,0,2,0,7,1,6,50,4,19,1,5,4,6,6,1,1,5,4,4,2,1,2,8,1,1,C03,7,9,1,10,2,11,,10,10,1,13,4,120.662726,24.155777,2
12651,66000,387130000C,(04)23274275,(04)23288582,2025,12,29,18,19,臺中市,西屯區,0,0,0,7,,,50,,,,,,,,,,,,,,12,,,,,A11,,,1,,1,,,8,8,1,13,4,120.620184,24.187146,3
12652,66000,387130000C,(04)23274275,(04)23288582,2025,12,29,18,19,臺中市,大里區,0,0,0,7,,3,80,,,,,,,,,,,,,,,,,,,B12,,,1,,1,,,84,84,1,13,4,120.681211,24.104689,3
12653,66000,387130000C,(04)23274275,(04)23288582,2025,12,29,18,20,臺中市,南屯區,0,1,0,7,3,6,50,4,1,1,5,4,6,6,1,1,10,5,5,2,12,2,9,1,1,C03,7,8,1,10,2,14,,42,42,1,12,4,120.638458,24.147257,2
12654,66000,387130000C,(04)23274275,(04)23288582,2025,12,29,18,21,臺中市,北屯區,0,0,0,7,,,50,,,,,,,,,,,,,,13,,,,,C03,,,1,,2,,,59,59,1,6,4,120.667226,24.173689,3
12655,66000,387130000C,(04)23274275,(04)23288582,2025,12,29,18,22,臺中市,西屯區,0,0,0,7,,,50,,,,,,,,,,,,,,13,,,,,C03,,,1,,1,,,7,7,1,13,4,120.644913,24.173192,4
12656,66000,387130000C,(04)23274275,(04)23288582,2025,12,29,18,24,臺中市,北屯區,0,0,0,7,,,50,,,,,,,,,,,,,,13,,,,,B03,,,1,,1,,,7,7,1,12,4,120.690055,24.201655,3
12657,66000,387130000C,(04)23274275,(04)23288582,2025,12,29,18,25,臺中市,神岡區,0,0,0,7,,,50,,,,,,,,,,,,,,12,,,,,B03,,,1,,2,,,7,7,1,13,4,120.695706,24.248232,3
12658,66000,387130000C,(04)23274275,(04)23288582,2025,12,29,18,26,臺中市,北區,0,2,0,7,1,6,50,3,1,1,5,4,6,6,1,1,10,5,5,2,13,3,10,5,4,B03,7,9,1,8,1,8,,7,7,1,13,4,120.684105,24.146381,2
12659,66000,387130000C,(04)23274275,(04)23288582,2025,12,29,18,29,臺中市,龍井區,0,2,0,7,1,6,50,3,1,1,5,4,6,6,4,4,10,5,5,2,16,2,8,5,4,C03,7,6,1,10,2,12,,14,14,1,6,4,120.573047,24.191958,2
12660,66000,387130000C,(04)23274275,(04)23288582,2025,12,29,18,31,臺中市,北屯區,0,0,0,7,,,50,,,,,,,,,,,,,,,,,,,B03,,,1,,1,,,84,84,1,13,4,120.718061,24.182164,3
12661,66000,387130000C,(04)23274275,(04)23288582,2025,12,29,18,32,臺中市,大里區,0,0,0,7,,,60,,,,,,,,,,,,,,17,3,10,1,1,C03,7,9,1,10,1,14,,8,8,2,12,4,120.701547,24.123437,3
12662,66000,387130000C,(04)23274275,(04)23288582,2025,12,29,18,32,臺中市,清水區,0,0,0,7,,,50,,,,,,,,,,,,,,,,,,,B03,,,1,,2,,,49,49,1,12,4,120.536238,24.267313,3
12663,66000,387130000C,(04)23274275,(04)23288582,2025,12,29,18,33,臺中市,大肚區,0,0,0,7,,,60,,,,,,,,,,,,,,13,,,,,C04,,,1,,2,,,23,23,1,13,4,120.54826,24.153922,3
12664,66000,387130000C,(04)23274275,(04)23288582,2025,12,29,18,33,臺中市,神岡區,0,1,0,7,1,6,50,13,7,1,5,4,6,6,4,4,5,5,4,2,18,2,9,1,1,C03,7,9,1,10,2,16,,84,84,1,12,4,120.68116,24.247436,2
12665,66000,387130000C,(04)23274275,(04)23288582,2025,12,29,18,35,臺中市,北區,0,1,0,7,1,6,50,13,8,1,5,4,6,6,4,4,1,4,4,2,16,3,10,3,1,B03,7,7,1,8,1,2,,40,40,1,12,4,120.683739,24.146149,2
12666,66000,387130000C,(04)23274275,(04)23288582,2025,12,29,18,35,臺中市,豐原區,0,0,0,7,,,30,,,,,,,,,,,,,,17,,,,,B03,,,1,,1,,,8,8,1,6,4,120.730448,24.241157,3
12667,66000,387130000C,(04)23274275,(04)23288582,2025,12,29,18,36,臺中市,西屯區,0,0,0,7,,,50,,,,,,,,,,,,,,14,,,,,B03,,,1,,1,,,49,49,1,12,4,120.631526,24.15915,3
12668,66000,387130000C,(04)23274275,(04)23288582,2025,12,29,18,39,臺中市,西屯區,0,1,0,7,1,6,50,13,9,1,5,4,6,6,4,4,5,5,5,2,28,2,9,2,1,C03,7,9,1,10,2,11,,87,87,1,13,4,120.648672,24.169052,2
12669,66000,387130000C,(04)23274275,(04)23288582,2025,12,29,18,42,臺中市,南屯區,0,0,0,7,,,50,,,,,,,,,,,,,,13,,,,,C03,,,1,,1,,,7,7,1,12,4,120.646571,24.144759,3
12670,66000,387130000C,(04)23274275,(04)23288582,2025,12,29,18,46,臺中市,南屯區,0,1,0,7,1,6,40,13,8,1,5,4,6,6,4,4,1,4,4,2,13,2,9,2,1,C03,7,9,1,10,2,11,,84,84,1,13,4,120.637284,24.152066,2
12671,66000,387130000C,(04)23274275,(04)23288582,2025,12,29,18,46,臺中市,北屯區,0,0,0,7,,,50,,,,,,,,,,,,,,,,,,,C03,,,1,,1,,,84,84,1,13,4,120.67686,24.192111,3
12672,66000,387130000C,(04)23274275,(04)23288582,2025,12,29,18,46,臺中市,豐原區,0,0,0,7,,,50,,,,,,,,,,,,,,13,,,,,C03,,,1,,2,,,7,7,1,13,4,120.720535,24.251014,3
12673,66000,387130000C,(04)23274275,(04)23288582,2025,12,29,18,47,臺中市,南區,0,0,0,7,,,50,,,,,,,,,,,,,,,,,,,B03,,,1,,2,,,7,7,1,13,4,120.684746,24.130741,3
12674,66000,387130000C,(04)23274275,(04)23288582,2025,12,29,18,53,臺中市,北屯區,0,1,0,7,1,6,50,4,1,1,5,4,6,6,2,1,10,5,5,2,12,3,10,3,1,B03,7,5,1,8,2,2,,11,11,1,6,4,120.686476,24.190403,2
12675,66000,387130000C,(04)23274275,(04)23288582,2025,12,29,19,2,臺中市,北區,0,2,0,7,1,6,50,4,1,1,5,4,6,6,3,1,10,5,5,2,15,2,9,5,4,F03,7,9,7,21,2,14,,24,24,1,13,4,120.689799,24.161482,2
12676,66000,387130000C,(04)23274275,(04)23288582,2025,12,29,19,2,臺中市,大里區,0,0,0,7,1,6,50,4,24,2,5,4,6,6,1,1,5,5,5,1,17,,,,,C03,,,1,,2,,,84,84,1,13,4,120.68624,24.110284,3
12677,66000,387130000C,(04)23274275,(04)23288582,2025,12,29,19,3,臺中市,大里區,0,1,0,7,1,6,30,3,2,1,5,4,6,6,4,4,10,5,5,2,12,2,9,1,1,C03,7,5,1,10,2,14,,84,84,1,12,4,120.696516,24.088067,2
12678,66000,387130000C,(04)23274275,(04)23288582,2025,12,29,19,5,臺中市,北區,0,0,0,7,,,50,,,,,,,,,,,,,,,,,,,A05,,,1,,11,,,35,35,2,13,4,120.676567,24.160407,3
12679,66000,387130000C,(04)23274275,(04)23288582,2025,12,29,19,8,臺中市,西區,0,0,0,7,,,50,,,,,,,,,,,,,,2,,,,,B03,,,1,,1,,,40,40,1,13,4,120.657364,24.14993,3
12680,66000,387130000C,(04)23274275,(04)23288582,2025,12,29,19,16,臺中市,大雅區,0,1,0,7,1,6,30,13,9,1,5,4,6,6,4,4,10,5,5,2,17,3,10,3,1,B12,7,2,1,8,2,5,,49,49,1,12,4,120.657332,24.21254,2
12681,66000,387130000C,(04)23274275,(04)23288582,2025,12,29,19,16,臺中市,太平區,0,0,0,7,,,50,,,,,,,,,,,,,,,,,,,C03,,,1,,2,,,7,7,1,6,4,120.703646,24.111384,3
12682,66000,387130000C,(04)23274275,(04)23288582,2025,12,29,19,18,臺中市,北區,0,0,0,7,1,6,50,4,2,1,5,4,6,6,1,1,2,4,4,2,16,3,10,1,1,C03,7,6,1,9,1,11,,84,84,1,12,4,120.680871,24.149188,3
12683,66000,387130000C,(04)23274275,(04)23288582,2025,12,29,19,20,臺中市,西區,0,2,0,7,1,6,50,4,3,1,5,4,6,6,1,1,5,4,4,2,17,3,10,1,1,C03,7,15,1,10,2,14,,59,59,1,13,4,120.66537,24.147933,2
12684,66000,387130000C,(04)23274275,(04)23288582,2025,12,29,19,23,臺中市,西屯區,0,0,0,7,,,40,,,,,,,,,,,,,,17,,,,,B03,,,1,,1,,,84,84,1,12,4,120.668806,24.177728,3
12685,66000,387130000C,(04)23274275,(04)23288582,2025,12,29,19,30,臺中市,大雅區,0,2,0,7,1,6,50,4,1,1,5,4,6,6,1,1,4,3,5,1,17,2,9,2,4,C03,7,15,1,10,2,11,,84,84,1,13,4,120.648289,24.226613,2
12686,66000,387130000C,(04)23274275,(04)23288582,2025,12,29,19,39,臺中市,北屯區,0,1,0,7,1,6,30,4,1,1,5,4,6,6,4,4,5,5,5,2,15,3,10,2,1,C03,7,9,1,10,2,12,,15,15,1,12,2,120.702,24.167386,2
12687,66000,387130000C,(04)23274275,(04)23288582,2025,12,29,19,42,臺中市,沙鹿區,0,0,0,7,1,6,50,13,9,1,5,4,6,6,4,4,5,5,5,1,13,3,10,3,1,B03,7,9,5,19,8,1,,7,7,1,6,4,120.576371,24.224664,3
12688,66000,387130000C,(04)23274275,(04)23288582,2025,12,29,19,44,臺中市,西區,0,1,0,7,1,6,50,13,8,1,5,4,6,6,4,4,5,5,4,2,12,3,10,3,1,B03,7,7,1,8,2,5,,40,40,1,12,4,120.665461,24.156421,2
12689,66000,387130000C,(04)23274275,(04)23288582,2025,12,29,19,44,臺中市,南區,0,0,0,7,,,50,,,,,,,,,,,,,,,,,,,B03,,,1,,9,,,42,42,2,13,4,120.659736,24.11087,3
12690,66000,387130000C,(04)23274275,(04)23288582,2025,12,29,19,49,臺中市,中區,0,1,0,7,1,6,50,5,19,1,5,4,6,6,1,1,10,5,5,2,3,3,10,3,1,B03,7,6,1,8,2,8,,10,10,1,6,4,120.679249,24.143936,2
12691,66000,387130000C,(04)23274275,(04)23288582,2025,12,29,19,49,臺中市,北區,0,2,0,7,3,6,50,3,2,1,5,4,6,6,1,1,5,4,4,2,17,2,9,5,4,C03,7,6,1,10,2,12,,48,48,1,13,4,120.674112,24.155734,2
12692,66000,387130000C,(04)23274275,(04)23288582,2025,12,29,19,49,臺中市,北屯區,0,0,0,7,,,30,,,,,,,,,,,,,,14,,,,,B03,,,1,,1,,,49,49,1,6,4,120.701696,24.167811,3
12693,66000,387130000C,(04)23274275,(04)23288582,2025,12,29,19,49,臺中市,太平區,0,2,0,7,1,6,50,4,19,1,5,4,6,6,1,1,10,5,5,2,3,2,9,6,5,H01,8,18,7,21,10,17,,96,96,1,12,5,120.718064,24.149025,2
12694,66000,387130000C,(04)23274275,(04)23288582,2025,12,29,19,51,臺中市,大肚區,0,1,0,7,1,6,30,4,1,1,5,4,6,6,4,4,10,5,5,2,16,2,7,5,4,C03,7,9,1,10,2,12,,39,39,1,12,4,120.578874,24.168915,2
12695,66000,387130000C,(04)23274275,(04)23288582,2025,12,29,19,52,臺中市,大里區,0,0,0,7,,,50,,,,,,,,,,,,,,17,,,,,B03,,,1,,2,,,49,49,1,12,4,120.6882,24.101528,3
12696,66000,387130000C,(04)23274275,(04)23288582,2025,12,29,19,53,臺中市,北屯區,0,0,0,7,,,50,,,,,,,,,,,,,,,,,,,B03,,,1,,2,,,11,11,1,13,4,120.713454,24.181169,3
12697,66000,387130000C,(04)23274275,(04)23288582,2025,12,29,19,54,臺中市,潭子區,0,2,0,7,1,6,50,4,1,1,5,4,6,6,2,1,5,5,4,2,16,2,8,1,1,C03,7,9,1,10,2,11,,34,34,1,13,4,120.706932,24.207069,2
12698,66000,387130000C,(04)23274275,(04)23288582,2025,12,29,19,59,臺中市,豐原區,0,2,0,7,1,6,60,13,8,1,5,4,6,6,4,4,10,5,4,2,13,2,9,1,1,C03,7,9,1,10,2,11,,7,7,1,12,4,120.712821,24.262319,2
12699,66000,387130000C,(04)23274275,(04)23288582,2025,12,29,20,0,臺中市,北屯區,0,0,0,7,,,50,,,,,,,,,,,,,,,,,,,C03,,,1,,2,,,84,84,1,13,4,120.70695,24.187736,3
12700,66000,387130000C,(04)23274275,(04)23288582,2025,12,29,20,1,臺中市,沙鹿區,0,0,0,7,,,60,,,,,,,,,,,,,,,,,,,B03,,,1,,2,,,84,84,1,6,4,120.599313,24.248937,3
12701,66000,387130000C,(04)23274275,(04)23288582,2025,12,29,20,6,臺中市,西區,0,1,0,7,1,6,50,3,8,1,5,4,6,6,4,4,1,4,4,2,12,3,10,1,1,C03,7,5,1,10,2,11,,12,12,1,13,4,120.657412,24.137339,2
12702,66000,387130000C,(04)23274275,(04)23288582,2025,12,29,20,6,臺中市,南屯區,0,0,0,7,,,50,,,,,,,,,,,,,,16,,,,,B03,,,1,,1,,,59,59,1,13,4,120.628928,24.145016,3
12703,66000,387130000C,(04)23274275,(04)23288582,2025,12,29,20,6,臺中市,南屯區,0,0,0,7,,,50,,,,,,,,,,,,,,13,,,,,B03,,,1,,2,,,14,14,1,13,4,120.640931,24.138351,3
12704,66000,387130000C,(04)23274275,(04)23288582,2025,12,29,20,7,臺中市,大里區,0,3,0,6,1,6,40,13,9,1,5,4,6,6,4,4,9,4,5,1,17,2,9,1,1,C03,7,9,1,10,2,11,,84,84,1,13,4,120.697421,24.090208,2
12705,66000,387130000C,(04)23274275,(04)23288582,2025,12,29,20,16,臺中市,霧峰區,0,3,0,7,3,6,50,4,1,1,5,4,6,6,1,1,10,5,5,2,13,2,9,1,1,C03,7,9,1,10,2,11,,7,7,1,13,4,120.715639,24.076698,2
12706,66000,387130000C,(04)23274275,(04)23288582,2025,12,29,20,18,臺中市,西屯區,0,2,0,7,1,6,50,4,9,1,5,4,6,6,4,4,5,4,5,2,13,2,8,5,4,C03,7,9,1,10,2,11,,7,7,1,12,4,120.616138,24.188933,2
12707,66000,387130000C,(04)23274275,(04)23288582,2025,12,29,20,18,臺中市,龍井區,0,2,0,7,1,6,50,4,1,1,5,4,6,6,1,1,10,5,5,2,16,2,9,2,1,C03,7,6,1,10,2,14,,48,48,1,6,4,120.545427,24.186347,2