序號,縣市別代碼,機關代碼,市話,傳真,年,月,日,時,分,縣市,區,死亡數量,受傷數量,2-30,天候,道路照明設備,道路類別,道路速限,道路型態,事故位置,路面鋪裝,路面狀態,路面缺陷,障礙物,視距,號誌種類,號誌動作,分向設施,快車道或一般車道間,快慢車道間,路面邊線,事故類型及型態,受傷程度,主要傷處,保護裝備,行動電話或功能裝置,當事者區分(類別),車輛用途,當事者行動狀態,駕照狀態,駕照種類,飲酒情形,車輛撞擊部位最初,車輛撞擊部位其他,肇事因素個別,肇事因素主要,肇事逃逸,職業,共享經濟或外送平台,GPS座標X,GPS座標Y,事故類別
12708,66000,387130000C,(04)23274275,(04)23288582,2025,12,29,20,20,臺中市,北屯區,0,1,0,7,1,6,50,13,7,1,5,4,6,6,4,4,1,4,4,2,12,3,10,1,1,C03,7,12,1,10,2,13,,42,42,1,6,4,120.685148,24.170571,2
12709,66000,387130000C,(04)23274275,(04)23288582,2025,12,29,20,21,臺中市,北屯區,0,1,0,7,1,6,50,13,9,1,5,4,6,6,4,4,1,4,5,2,17,3,10,1,1,C03,7,9,1,10,2,11,,59,59,1,6,4,120.728285,24.170875,2
12710,66000,387130000C,(04)23274275,(04)23288582,2025,12,29,20,30,臺中市,霧峰區,0,0,0,7,,,40,,,,,,,,,,,,,,,,,,,B03,,,1,,2,,,26,26,1,12,4,120.662963,24.061804,3
12711,66000,387130000C,(04)23274275,(04)23288582,2025,12,29,20,35,臺中市,西屯區,0,0,0,7,,,50,,,,,,,,,,,,,,13,,,,,B03,,,1,,1,,,7,7,1,13,4,120.644807,24.162528,3
12712,66000,387130000C,(04)23274275,(04)23288582,2025,12,29,20,40,臺中市,豐原區,0,2,0,7,1,6,50,13,7,1,5,4,6,6,4,4,5,4,4,2,17,2,9,1,1,C03,7,9,1,10,2,11,,7,7,1,6,4,120.719564,24.239743,2
12713,66000,387130000C,(04)23274275,(04)23288582,2025,12,29,20,51,臺中市,東勢區,0,0,0,7,,,60,,,,,,,,,,,,,,,,,,,B03,,,1,,1,,,7,7,1,12,4,120.800413,24.302936,3
12714,66000,387130000C,(04)23274275,(04)23288582,2025,12,29,20,57,臺中市,北屯區,0,0,0,7,,,50,,,,,,,,,,,,,,13,,,,,B03,,,1,,2,,,59,59,1,12,4,120.664063,24.185579,3
12715,66000,387130000C,(04)23274275,(04)23288582,2025,12,29,20,58,臺中市,烏日區,0,0,0,7,,,50,,,,,,,,,,,,,,,,,,,B03,,,1,,2,,,59,59,1,13,4,120.627662,24.103783,3
12716,66000,387130000C,(04)23274275,(04)23288582,2025,12,29,21,5,臺中市,東區,0,2,0,7,1,6,30,4,1,1,5,4,6,6,3,1,10,5,5,2,17,3,10,2,1,C03,7,9,1,10,2,16,,20,20,1,6,4,120.692461,24.149533,2
12717,66000,387130000C,(04)23274275,(04)23288582,2025,12,29,21,8,臺中市,霧峰區,0,0,0,7,,,50,,,,,,,,,,,,,,,,,,,B03,,,1,,2,,,84,84,1,13,4,120.696264,24.02183,3
12718,66000,387130000C,(04)23274275,(04)23288582,2025,12,29,21,10,臺中市,北區,0,1,0,7,1,6,50,4,2,1,5,4,6,6,1,1,5,5,5,2,16,3,10,3,1,B03,7,6,1,8,2,8,,11,11,1,12,4,120.67744,24.160402,2
12719,66000,387130000C,(04)23274275,(04)23288582,2025,12,29,21,14,臺中市,北屯區,0,0,0,7,,,50,,,,,,,,,,,,,,14,,,,,B03,,,1,,1,,,50,50,1,6,4,120.692158,24.17151,3
12720,66000,387130000C,(04)23274275,(04)23288582,2025,12,29,21,15,臺中市,大雅區,0,1,0,7,1,6,60,3,1,1,5,4,6,6,1,1,10,5,5,2,17,2,7,2,1,C03,7,9,1,10,3,11,,21,21,1,12,4,120.647167,24.221035,2
12721,66000,387130000C,(04)23274275,(04)23288582,2025,12,29,21,15,臺中市,東區,0,0,0,7,,,50,,,,,,,,,,,,,,,,,,,B03,,,1,,2,,,8,8,1,13,4,120.710074,24.149722,3
12722,66000,387130000C,(04)23274275,(04)23288582,2025,12,29,21,21,臺中市,南屯區,0,0,0,7,,,50,,,,,,,,,,,,,,16,,,,,B03,,,1,,2,,,84,84,1,12,4,120.651499,24.150831,3
12723,66000,387130000C,(04)23274275,(04)23288582,2025,12,29,21,24,臺中市,烏日區,0,0,0,7,,,50,,,,,,,,,,,,,,13,,,,,B03,,,1,,1,,,59,59,1,13,4,120.618676,24.116151,3
12724,66000,387130000C,(04)23274275,(04)23288582,2025,12,29,21,27,臺中市,神岡區,0,1,0,7,1,6,30,4,1,1,5,4,6,6,1,1,10,5,5,1,11,2,9,1,1,C03,7,14,1,10,2,11,,77,77,1,12,4,120.688238,24.239965,2
12725,66000,387130000C,(04)23274275,(04)23288582,2025,12,29,21,30,臺中市,豐原區,0,2,0,7,1,6,50,11,9,1,5,4,6,6,4,4,5,4,4,2,18,2,9,1,1,C03,7,5,1,10,2,11,,84,84,1,6,4,120.755958,24.259594,2
12726,66000,387130000C,(04)23274275,(04)23288582,2025,12,29,21,31,臺中市,大肚區,0,1,0,7,1,6,50,11,9,1,5,4,6,6,4,4,4,5,5,2,18,2,9,2,1,C03,7,6,1,10,2,14,,84,84,1,6,4,120.550946,24.158225,2
12727,66000,387130000C,(04)23274275,(04)23288582,2025,12,29,21,36,臺中市,西屯區,0,1,0,7,1,6,50,4,1,1,5,4,6,6,2,1,10,5,5,2,16,3,10,3,1,B03,7,6,1,8,2,1,,11,11,1,13,4,120.638851,24.180169,2
12728,66000,387130000C,(04)23274275,(04)23288582,2025,12,29,21,47,臺中市,北區,0,1,0,7,3,6,50,4,2,1,5,4,6,6,1,1,5,2,5,2,13,3,10,5,4,C03,7,9,1,10,1,11,,7,7,1,13,4,120.685093,24.162653,2
12729,66000,387130000C,(04)23274275,(04)23288582,2025,12,29,21,47,臺中市,北屯區,0,1,0,7,1,6,50,13,9,1,5,2,6,6,4,4,5,5,5,2,12,2,8,1,1,F01,7,9,7,21,2,12,,84,84,1,12,4,120.695187,24.177723,2
12730,66000,387130000C,(04)23274275,(04)23288582,2025,12,29,21,47,臺中市,北屯區,0,1,0,7,1,6,50,3,2,1,5,4,6,6,4,4,3,4,4,2,13,2,9,1,1,C02,7,9,1,9,2,11,,84,84,1,13,4,120.721024,24.173279,2
12731,66000,387130000C,(04)23274275,(04)23288582,2025,12,29,21,47,臺中市,沙鹿區,0,1,0,7,1,6,50,13,7,1,5,4,6,6,4,4,9,5,4,1,11,3,10,3,1,B03,7,9,1,8,2,4,,41,41,1,6,4,120.555764,24.232162,2
12732,66000,387130000C,(04)23274275,(04)23288582,2025,12,29,21,50,臺中市,西屯區,0,1,0,7,1,6,30,3,1,1,5,4,6,6,3,1,10,5,5,2,16,3,10,5,4,C03,7,6,5,19,2,11,,24,24,1,12,4,120.643289,24.199572,2
12733,66000,387130000C,(04)23274275,(04)23288582,2025,12,29,21,51,臺中市,南屯區,0,1,0,7,1,6,50,4,1,1,5,4,6,6,2,1,1,5,5,2,17,3,10,1,1,C03,7,9,1,10,2,11,,59,59,1,6,4,120.637959,24.14852,2
12734,66000,387130000C,(04)23274275,(04)23288582,2025,12,29,21,51,臺中市,西屯區,0,2,0,7,1,6,50,13,9,1,5,4,6,6,4,4,1,4,5,2,13,2,9,5,4,C03,7,9,1,10,2,11,,7,7,1,13,4,120.647104,24.157338,2
12735,66000,387130000C,(04)23274275,(04)23288582,2025,12,29,21,52,臺中市,南屯區,0,0,0,7,,,50,,,,,,,,,,,,,,17,,,,,C03,,,1,,1,,,84,84,2,12,4,120.649451,24.141824,3
12736,66000,387130000C,(04)23274275,(04)23288582,2025,12,29,21,58,臺中市,豐原區,0,0,0,7,,,40,,,,,,,,,,,,,,17,,,,,B03,,,1,,10,,,87,87,1,13,4,120.723492,24.241944,3
12737,66000,387130000C,(04)23274275,(04)23288582,2025,12,29,22,0,臺中市,太平區,0,1,0,7,1,6,30,5,1,1,5,4,6,6,4,4,10,5,5,2,15,2,9,1,1,C03,7,9,1,10,2,11,12,15,15,1,12,4,120.731579,24.111566,2
12738,66000,387130000C,(04)23274275,(04)23288582,2025,12,29,22,2,臺中市,西屯區,0,0,0,7,,,0,,,,,,,,,,,,,,14,,,,,B02,,,1,,2,,,49,49,1,13,4,120.635148,24.172653,3
12739,66000,387130000C,(04)23274275,(04)23288582,2025,12,29,22,14,臺中市,豐原區,0,2,0,7,1,6,50,4,1,1,5,4,6,6,1,1,5,5,4,2,15,2,3,5,4,C03,7,9,1,10,9,11,,21,21,2,13,4,120.71563,24.251408,2
12740,66000,387130000C,(04)23274275,(04)23288582,2025,12,29,22,16,臺中市,太平區,0,1,0,7,1,6,50,13,14,1,5,4,6,6,4,4,5,2,5,1,18,2,9,2,1,C03,7,9,1,10,8,12,14,84,84,1,12,4,120.716462,24.133517,2
12741,66000,387130000C,(04)23274275,(04)23288582,2025,12,29,22,18,臺中市,南屯區,0,1,0,7,2,6,50,3,1,1,5,4,6,6,4,4,9,4,5,2,12,3,10,3,1,B03,7,5,1,8,9,2,,14,14,2,12,4,120.633936,24.136701,2
12742,66000,387130000C,(04)23274275,(04)23288582,2025,12,29,22,20,臺中市,潭子區,0,0,0,7,,,0,,,,,,,,,,,,,,,,,,,C03,,,5,,2,,,49,49,1,13,4,120.678393,24.215577,3
12743,66000,387130000C,(04)23274275,(04)23288582,2025,12,29,22,33,臺中市,北區,0,0,0,7,,,50,,,,,,,,,,,,,,17,,,,,,,,,,,,,119,119,1,,,120.670393,24.158145,4
12744,66000,387130000C,(04)23274275,(04)23288582,2025,12,29,22,45,臺中市,西屯區,0,2,0,7,1,6,50,4,2,1,5,4,6,6,1,1,10,5,5,2,13,2,1,5,4,C03,7,9,1,10,2,11,14,7,7,1,12,4,120.645352,24.176077,2
12745,66000,387130000C,(04)23274275,(04)23288582,2025,12,29,22,59,臺中市,西屯區,0,0,0,7,,,40,,,,,,,,,,,,,,12,,,,,B03,,,1,,1,,,8,8,1,13,4,120.592552,24.191681,3
12746,66000,387130000C,(04)23274275,(04)23288582,2025,12,29,23,7,臺中市,北屯區,0,0,0,7,,,50,,,,,,,,,,,,,,,,,,,F01,,,7,,8,,,84,84,1,13,4,120.703939,24.167118,3
12747,66000,387130000C,(04)23274275,(04)23288582,2025,12,29,23,55,臺中市,北屯區,0,0,0,7,,,30,,,,,,,,,,,,,,14,,,,,A12,,,1,,2,,,49,49,1,6,4,120.670282,24.174052,3
12748,66000,387130000C,(04)23274275,(04)23288582,2025,12,29,23,59,臺中市,太平區,0,0,0,7,,,50,,,,,,,,,,,,,,,,,,,F02,,,7,,9,,,59,59,2,12,4,120.716331,24.132868,3
12749,66000,387130000C,(04)23274275,(04)23288582,2025,12,30,0,10,臺中市,豐原區,0,2,0,7,1,6,50,4,1,1,5,4,6,6,3,1,5,4,4,1,3,2,9,1,1,C03,7,9,1,10,2,11,,10,10,1,6,4,120.720584,24.266936,2
12750,66000,387130000C,(04)23274275,(04)23288582,2025,12,30,0,12,臺中市,南屯區,0,1,0,7,1,6,50,4,1,1,5,4,6,6,2,1,1,4,4,2,16,2,9,1,1,C03,7,6,5,19,2,13,,36,36,1,12,4,120.650718,24.150914,2
12751,66000,387130000C,(04)23274275,(04)23288582,2025,12,30,0,35,臺中市,南區,0,1,0,7,1,6,50,4,1,1,4,3,5,6,1,1,10,5,5,2,17,2,9,5,4,C03,7,6,1,10,2,11,,48,48,1,12,4,120.67777,24.129335,2
12752,66000,387130000C,(04)23274275,(04)23288582,2025,12,30,1,11,臺中市,大雅區,0,4,0,7,1,6,60,13,7,1,5,4,6,6,1,1,9,4,4,1,13,2,9,2,1,C03,7,9,1,10,2,11,,84,84,1,13,4,120.648785,24.218234,2
12753,66000,387130000C,(04)23274275,(04)23288582,2025,12,30,1,28,臺中市,北屯區,0,1,0,7,1,6,50,3,2,1,5,4,6,6,1,1,5,4,5,2,15,3,10,3,1,B03,7,11,1,8,2,1,,45,45,1,13,4,120.708239,24.170255,2
12754,66000,387130000C,(04)23274275,(04)23288582,2025,12,30,2,56,臺中市,霧峰區,0,1,0,7,1,6,40,3,2,1,5,4,6,6,4,4,5,5,5,1,12,3,10,3,1,B02,7,4,1,8,2,2,,1,1,1,12,4,120.714767,24.07481,2
12755,66000,387130000C,(04)23274275,(04)23288582,2025,12,30,4,25,臺中市,北區,0,1,0,7,1,6,50,4,1,1,5,4,6,6,2,1,10,5,5,2,17,3,10,3,1,B12,7,5,1,8,2,5,,84,84,1,13,4,120.67752,24.152971,2
12756,66000,387130000C,(04)23274275,(04)23288582,2025,12,30,5,0,臺中市,北區,0,0,0,7,,,30,,,,,,,,,,,,,,17,,,,,B12,,,1,,2,,,84,84,1,13,4,120.692711,24.160296,3
12757,66000,387130000C,(04)23274275,(04)23288582,2025,12,30,5,34,臺中市,南屯區,0,1,0,7,1,6,50,13,9,1,5,4,6,6,4,4,5,5,5,1,17,2,9,1,1,C03,7,9,1,10,2,11,,59,59,1,6,4,120.610658,24.138434,2
12758,66000,387130000C,(04)23274275,(04)23288582,2025,12,30,5,47,臺中市,大里區,0,2,0,7,1,6,50,4,19,1,5,4,6,6,3,1,10,5,5,1,3,2,9,1,1,C03,7,9,1,10,2,12,,10,10,1,12,4,120.679331,24.116682,2
12759,66000,387130000C,(04)23274275,(04)23288582,2025,12,30,5,55,臺中市,大甲區,0,0,0,7,,,50,,,,,,,,,,,,,,30,,,,,B03,,,1,,2,,,59,59,1,6,4,120.635653,24.346189,3
12760,66000,387130000C,(04)23274275,(04)23288582,2025,12,30,6,29,臺中市,清水區,0,0,0,7,,,50,,,,,,,,,,,,,,13,,,,,A04,,,1,,2,,,7,7,1,6,4,120.580831,24.280314,3
12761,66000,387130000C,(04)23274275,(04)23288582,2025,12,30,6,34,臺中市,北區,0,1,0,7,2,6,50,4,2,1,5,4,6,6,4,4,10,5,5,2,18,2,9,2,1,C03,7,9,1,10,2,12,,84,84,1,13,4,120.675129,24.162784,2
12762,66000,387130000C,(04)23274275,(04)23288582,2025,12,30,6,45,臺中市,大雅區,0,0,0,7,,,60,,,,,,,,,,,,,,,,,,,B03,,,1,,2,,,82,82,1,12,4,120.6463,24.223276,3
12763,66000,387130000C,(04)23274275,(04)23288582,2025,12,30,6,51,臺中市,大肚區,0,0,0,7,,,50,,,,,,,,,,,,,,,,,,,B03,,,1,,1,,,35,35,1,6,4,120.576673,24.11902,3
12764,66000,387130000C,(04)23274275,(04)23288582,2025,12,30,6,54,臺中市,沙鹿區,0,0,0,7,,,50,,,,,,,,,,,,,,13,,,,,C03,,,1,,2,,,59,59,1,6,4,120.5561,24.236601,3
12765,66000,387130000C,(04)23274275,(04)23288582,2025,12,30,7,5,臺中市,龍井區,0,0,0,7,,,60,,,,,,,,,,,,,,,,,,,B03,,,1,,2,,,59,59,1,6,4,120.511412,24.229963,3
12766,66000,387130000C,(04)23274275,(04)23288582,2025,12,30,7,8,臺中市,梧棲區,0,2,0,7,3,6,50,13,9,1,5,4,6,6,4,4,5,5,5,1,12,3,10,3,1,B03,7,9,1,8,2,2,,8,8,1,6,4,120.53454,24.2512,2
12767,66000,387130000C,(04)23274275,(04)23288582,2025,12,30,7,10,臺中市,太平區,0,1,0,7,2,6,50,13,9,1,5,4,6,6,4,4,9,5,5,1,17,3,10,2,1,C03,7,7,1,10,2,12,,40,40,1,13,4,120.705211,24.116472,2
12768,66000,387130000C,(04)23274275,(04)23288582,2025,12,30,7,10,臺中市,烏日區,0,1,0,7,2,6,50,3,1,1,5,4,6,6,1,1,5,4,5,1,13,2,9,1,1,C03,7,9,1,10,2,11,,84,84,1,6,4,120.636782,24.096824,2
12769,66000,387130000C,(04)23274275,(04)23288582,2025,12,30,7,14,臺中市,梧棲區,0,0,0,7,,,40,,,,,,,,,,,,,,13,,,,,B03,,,1,,1,,,7,7,1,6,4,120.51522,24.226831,3
12770,66000,387130000C,(04)23274275,(04)23288582,2025,12,30,7,17,臺中市,北區,0,0,0,7,,,50,,,,,,,,,,,,,,17,,,,,B03,,,1,,2,,,51,51,1,12,4,120.66762,24.16777,3
12771,66000,387130000C,(04)23274275,(04)23288582,2025,12,30,7,19,臺中市,大里區,0,2,0,7,3,6,30,13,9,1,5,4,6,6,4,4,10,5,5,2,12,2,8,1,1,C03,7,11,1,10,2,14,,45,45,1,12,4,120.693526,24.081027,2
12772,66000,387130000C,(04)23274275,(04)23288582,2025,12,30,7,20,臺中市,西屯區,0,1,0,7,2,6,50,13,9,1,5,4,6,6,1,1,1,4,5,1,13,2,9,2,1,C03,7,9,1,10,2,11,,7,7,1,12,4,120.616742,24.18581,2
12773,66000,387130000C,(04)23274275,(04)23288582,2025,12,30,7,21,臺中市,南屯區,0,1,0,7,2,6,50,3,2,1,5,4,6,6,2,1,5,4,4,2,17,2,9,2,1,C03,7,1,1,10,2,11,,51,51,1,12,4,120.622888,24.140467,2
12774,66000,387130000C,(04)23274275,(04)23288582,2025,12,30,7,24,臺中市,太平區,0,1,0,7,2,6,50,5,4,1,5,4,6,6,1,1,5,5,5,2,13,3,10,3,1,B03,7,9,1,8,2,1,,84,84,1,12,4,120.725001,24.149724,2
12775,66000,387130000C,(04)23274275,(04)23288582,2025,12,30,7,28,臺中市,北屯區,0,0,0,7,,,50,,,,,,,,,,,,,,12,,,,,B03,,,1,,2,,,59,59,1,12,4,120.69995,24.167522,3
12776,66000,387130000C,(04)23274275,(04)23288582,2025,12,30,7,29,臺中市,西屯區,0,0,0,7,,,50,,,,,,,,,,,,,,13,,,,,B03,,,1,,2,,,7,7,1,12,4,120.609608,24.184261,3
12777,66000,387130000C,(04)23274275,(04)23288582,2025,12,30,7,33,臺中市,大里區,0,2,0,7,2,6,30,3,1,1,5,4,6,6,4,4,10,5,5,2,16,2,8,1,1,C03,7,6,1,10,2,11,,14,14,1,6,4,120.699044,24.085439,2
12778,66000,387130000C,(04)23274275,(04)23288582,2025,12,30,7,33,臺中市,大里區,0,3,0,7,2,6,50,13,9,1,5,4,6,6,4,4,5,4,5,2,13,2,8,2,1,C03,7,9,1,10,2,11,,7,7,1,6,4,120.701068,24.100539,2
12779,66000,387130000C,(04)23274275,(04)23288582,2025,12,30,7,34,臺中市,大里區,0,1,0,7,2,6,50,3,2,1,5,4,6,6,1,1,5,4,5,2,17,3,10,2,1,F03,7,9,7,21,2,12,,39,39,1,12,4,120.677093,24.09936,2
12780,66000,387130000C,(04)23274275,(04)23288582,2025,12,30,7,35,臺中市,南區,0,2,0,7,3,6,50,4,1,1,5,4,6,6,4,4,5,4,4,2,16,2,9,2,1,C03,7,6,1,10,2,14,,12,12,1,6,4,120.661965,24.129398,2
12781,66000,387130000C,(04)23274275,(04)23288582,2025,12,30,7,35,臺中市,北屯區,0,0,0,7,,3,40,,,,,,,,,,,,,,13,,,,,B03,,,1,,1,,,59,59,1,6,4,120.682138,24.200825,3
12782,66000,387130000C,(04)23274275,(04)23288582,2025,12,30,7,35,臺中市,霧峰區,0,1,0,7,2,6,30,13,9,1,5,4,6,6,4,4,10,5,5,2,18,2,9,1,1,C03,7,2,1,10,1,12,,82,82,1,6,4,120.672202,24.045961,2
12783,66000,387130000C,(04)23274275,(04)23288582,2025,12,30,7,37,臺中市,北屯區,0,0,0,7,,,50,,,,,,,,,,,,,,17,,,,,B03,,,1,,2,,,51,51,1,6,4,120.688516,24.191528,3
12784,66000,387130000C,(04)23274275,(04)23288582,2025,12,30,7,37,臺中市,烏日區,0,1,0,6,2,6,30,4,1,1,5,4,6,6,4,4,10,5,5,2,13,2,9,5,4,C03,7,9,1,10,2,11,,7,7,1,9,4,120.641793,24.103896,2
12785,66000,387130000C,(04)23274275,(04)23288582,2025,12,30,7,39,臺中市,南屯區,0,1,0,7,3,6,50,4,1,1,5,4,6,6,2,1,10,5,5,2,13,3,10,1,1,C03,7,9,5,19,2,11,,7,7,1,6,4,120.654579,24.140027,2
12786,66000,387130000C,(04)23274275,(04)23288582,2025,12,30,7,40,臺中市,大雅區,0,1,0,7,3,6,30,13,9,1,5,4,6,6,4,4,10,5,5,1,13,3,10,5,4,B03,7,9,1,8,2,5,,7,7,1,12,4,120.638093,24.246061,2
12787,66000,387130000C,(04)23274275,(04)23288582,2025,12,30,7,40,臺中市,豐原區,0,0,0,7,,,50,,,,,,,,,,,,,,,,,,,B03,,,1,,2,,,7,7,1,13,4,120.720227,24.236722,3
12788,66000,387130000C,(04)23274275,(04)23288582,2025,12,30,7,43,臺中市,神岡區,0,1,0,7,2,6,50,3,1,1,5,4,6,6,4,4,10,5,5,1,17,2,9,5,4,C03,7,6,1,10,2,12,,14,14,1,13,4,120.654254,24.258575,2
12789,66000,387130000C,(04)23274275,(04)23288582,2025,12,30,7,44,臺中市,大里區,0,2,0,7,3,6,50,13,7,1,5,4,6,6,4,4,9,5,4,2,11,2,8,1,1,C03,7,11,1,10,2,12,,84,84,1,12,4,120.713264,24.100117,2
12790,66000,387130000C,(04)23274275,(04)23288582,2025,12,30,7,44,臺中市,太平區,0,1,0,7,2,6,50,13,8,1,5,4,6,6,4,4,5,5,4,2,16,3,10,2,1,C03,7,6,1,10,2,11,,34,34,1,13,4,120.708835,24.129551,2
12791,66000,387130000C,(04)23274275,(04)23288582,2025,12,30,7,45,臺中市,龍井區,0,1,0,7,2,6,50,13,8,1,5,4,6,6,4,4,4,3,4,1,17,3,10,3,1,B03,7,3,1,8,5,6,,50,50,1,6,4,120.499388,24.21207,2
12792,66000,387130000C,(04)23274275,(04)23288582,2025,12,30,7,50,臺中市,南屯區,0,0,0,7,,,50,,,,,,,,,,,,,,,,,,,C03,,,1,,1,,,59,59,1,13,4,120.640678,24.146881,3
12793,66000,387130000C,(04)23274275,(04)23288582,2025,12,30,7,50,臺中市,太平區,0,0,0,7,,3,40,,,,,,,,,,,,,,13,,,,,B03,,,1,,1,,,7,7,1,12,4,120.714097,24.14843,3
12794,66000,387130000C,(04)23274275,(04)23288582,2025,12,30,7,50,臺中市,東勢區,0,0,0,7,,,30,,,,,,,,,,,,,,,,,,,A41,,,1,,1,,,84,84,1,12,4,120.83719,24.235111,3
12795,66000,387130000C,(04)23274275,(04)23288582,2025,12,30,7,50,臺中市,神岡區,0,1,0,7,2,6,50,4,1,1,5,4,6,6,2,1,10,5,5,1,17,2,9,5,4,C03,7,9,1,10,2,11,,7,7,1,13,4,120.686854,24.246953,2
12796,66000,387130000C,(04)23274275,(04)23288582,2025,12,30,7,51,臺中市,神岡區,0,0,0,7,,,50,,,,,,,,,,,,,,12,,,,,B03,,,1,,2,,,50,50,1,12,4,120.659178,24.273474,3
12797,66000,387130000C,(04)23274275,(04)23288582,2025,12,30,7,53,臺中市,潭子區,0,3,0,7,2,6,50,4,1,1,5,4,6,6,2,1,10,5,5,2,15,2,8,1,1,C03,7,9,1,10,2,12,,21,21,1,13,4,120.703491,24.201205,2
12798,66000,387130000C,(04)23274275,(04)23288582,2025,12,30,7,53,臺中市,霧峰區,0,1,0,7,2,6,40,13,8,1,5,4,6,6,4,4,1,5,5,1,13,2,9,1,1,C03,7,9,1,10,2,11,,7,7,1,6,4,120.663658,24.077863,2
12799,66000,387130000C,(04)23274275,(04)23288582,2025,12,30,7,54,臺中市,東區,0,1,0,7,3,6,50,13,9,1,5,4,6,6,4,4,5,5,5,2,17,2,7,5,4,C03,7,9,1,10,2,11,,7,7,1,6,4,120.682785,24.135335,2
12800,66000,387130000C,(04)23274275,(04)23288582,2025,12,30,7,55,臺中市,北屯區,0,0,0,7,,3,40,,,,,,,,,,,,,,13,,,,,B03,,,1,,1,,,84,84,1,13,4,120.720653,24.167156,3
12801,66000,387130000C,(04)23274275,(04)23288582,2025,12,30,7,56,臺中市,北區,0,1,0,7,2,6,50,3,1,1,5,4,6,6,4,4,10,5,5,2,17,3,10,5,4,C03,7,6,3,19,2,14,,39,39,1,12,4,120.676668,24.152213,2
12802,66000,387130000C,(04)23274275,(04)23288582,2025,12,30,7,58,臺中市,南屯區,0,0,0,7,3,6,50,13,9,1,5,4,6,6,4,4,5,5,5,2,12,,,,,B03,,,1,,1,,,20,20,1,12,4,120.611988,24.140292,3
12803,66000,387130000C,(04)23274275,(04)23288582,2025,12,30,7,58,臺中市,大肚區,0,0,0,7,,,50,,,,,,,,,,,,,,12,,,,,B12,,,1,,11,,,50,50,2,6,4,120.572257,24.12019,3
12804,66000,387130000C,(04)23274275,(04)23288582,2025,12,30,7,58,臺中市,后里區,0,0,0,7,3,6,50,4,1,1,5,4,6,,3,1,5,5,5,1,15,3,10,1,1,C03,7,9,1,10,11,14,,24,24,2,6,4,120.707139,24.305038,3
12805,66000,387130000C,(04)23274275,(04)23288582,2025,12,30,8,0,臺中市,南區,0,0,0,7,,,50,,,,,,,,,,,,,,13,,,,,B03,,,1,,2,,,84,84,1,12,4,120.664028,24.125195,3
12806,66000,387130000C,(04)23274275,(04)23288582,2025,12,30,8,0,臺中市,西屯區,0,0,0,7,,,50,,,,,,,,,,,,,,15,,,,,B03,,,1,,1,,,12,12,1,12,4,120.65094,24.164841,3
12807,66000,387130000C,(04)23274275,(04)23288582,2025,12,30,8,1,臺中市,霧峰區,0,0,0,7,,,50,,,,,,,,,,,,,,17,,,,,B12,,,1,,2,,,76,76,1,6,4,120.695769,24.053467,3
12808,66000,387130000C,(04)23274275,(04)23288582,2025,12,30,8,3,臺中市,太平區,0,0,0,7,,,50,,,,,,,,,,,,,,13,,,,,A12,,,1,,2,,,84,84,1,13,4,120.733183,24.150526,3
12809,66000,387130000C,(04)23274275,(04)23288582,2025,12,30,8,5,臺中市,后里區,0,2,0,7,3,6,50,4,1,1,5,4,6,6,4,4,10,5,5,2,15,2,9,1,1,C03,7,9,1,10,2,11,,12,12,1,6,4,120.714014,24.304725,2
12810,66000,387130000C,(04)23274275,(04)23288582,2025,12,30,8,6,臺中市,南屯區,0,1,0,7,2,6,50,4,2,1,5,4,6,6,2,1,5,4,4,2,17,2,9,2,1,C03,7,9,1,10,1,11,,21,21,1,12,4,120.595591,24.150421,2
12811,66000,387130000C,(04)23274275,(04)23288582,2025,12,30,8,9,臺中市,大雅區,0,1,0,7,1,6,60,3,2,1,5,4,6,6,4,4,1,5,4,1,17,3,10,1,1,C03,7,6,1,10,2,12,,14,14,1,13,4,120.649489,24.214444,2
12812,66000,387130000C,(04)23274275,(04)23288582,2025,12,30,8,10,臺中市,北屯區,0,1,0,7,3,6,30,13,9,1,5,4,6,6,4,4,10,5,5,2,14,3,10,3,1,B03,7,2,1,8,2,3,,49,49,1,12,4,120.685772,24.204997,2
12813,66000,387130000C,(04)23274275,(04)23288582,2025,12,30,8,15,臺中市,潭子區,0,0,0,7,,,60,,,,,,,,,,,,,,13,,,,,B03,,,1,,1,,,59,59,1,13,4,120.703999,24.203456,3
12814,66000,387130000C,(04)23274275,(04)23288582,2025,12,30,8,19,臺中市,大里區,0,1,0,7,3,6,50,4,1,1,5,4,6,6,1,1,1,4,4,1,16,3,10,3,1,B03,7,5,1,8,2,2,,11,11,1,12,4,120.664516,24.086401,2
12815,66000,387130000C,(04)23274275,(04)23288582,2025,12,30,8,20,臺中市,南區,0,2,0,7,2,6,50,4,1,1,5,4,6,6,1,1,10,5,5,2,13,2,9,1,1,C03,7,9,1,10,2,11,,7,7,1,12,4,120.683379,24.128884,2
12816,66000,387130000C,(04)23274275,(04)23288582,2025,12,30,8,23,臺中市,潭子區,0,1,0,7,2,6,50,3,1,1,5,4,6,6,1,1,10,5,5,2,12,2,9,1,1,C03,7,9,1,10,2,14,,8,8,1,13,4,120.707411,24.21119,2