序號,縣市別代碼,機關代碼,市話,傳真,年,月,日,時,分,縣市,區,死亡數量,受傷數量,2-30,天候,道路照明設備,道路類別,道路速限,道路型態,事故位置,路面鋪裝,路面狀態,路面缺陷,障礙物,視距,號誌種類,號誌動作,分向設施,快車道或一般車道間,快慢車道間,路面邊線,事故類型及型態,受傷程度,主要傷處,保護裝備,行動電話或功能裝置,當事者區分(類別),車輛用途,當事者行動狀態,駕照狀態,駕照種類,飲酒情形,車輛撞擊部位最初,車輛撞擊部位其他,肇事因素個別,肇事因素主要,肇事逃逸,職業,共享經濟或外送平台,GPS座標X,GPS座標Y,事故類別
12817,66000,387130000C,(04)23274275,(04)23288582,2025,12,30,8,23,臺中市,北屯區,0,0,0,7,,,50,,,,,,,,,,,,,,13,,,,,B03,,,1,,1,,,7,7,1,6,4,120.663159,24.187332,3
12818,66000,387130000C,(04)23274275,(04)23288582,2025,12,30,8,26,臺中市,沙鹿區,0,0,0,7,,,50,,,,,,,,,,,,,,,,,,,B03,,,1,,1,,,21,21,1,12,4,120.614839,24.241916,3
12819,66000,387130000C,(04)23274275,(04)23288582,2025,12,30,8,27,臺中市,大雅區,0,1,0,7,3,6,50,13,9,1,5,2,6,6,4,4,5,5,5,1,18,2,9,2,1,C03,7,9,1,10,2,14,,59,59,1,12,4,120.645771,24.237337,2
12820,66000,387130000C,(04)23274275,(04)23288582,2025,12,30,8,28,臺中市,西屯區,0,2,0,7,2,6,50,3,1,1,5,4,6,6,3,1,8,5,5,1,13,2,9,5,4,C03,7,9,1,10,2,11,,7,7,1,13,4,120.657893,24.167409,2
12821,66000,387130000C,(04)23274275,(04)23288582,2025,12,30,8,35,臺中市,南區,0,0,0,7,,,50,,,,,,,,,,,,,,,,,,,B03,,,1,,1,,,84,84,1,6,4,120.679357,24.118475,4
12822,66000,387130000C,(04)23274275,(04)23288582,2025,12,30,8,39,臺中市,北屯區,0,1,0,7,2,6,50,4,1,1,5,4,6,6,4,4,10,5,5,2,15,2,9,1,1,C03,7,9,1,10,2,12,,15,15,1,6,4,120.701194,24.185849,2
12823,66000,387130000C,(04)23274275,(04)23288582,2025,12,30,8,40,臺中市,大雅區,0,1,0,7,1,6,30,5,2,1,5,4,6,6,1,1,10,5,5,1,13,3,10,3,1,B03,7,9,1,8,2,7,,87,87,1,13,4,120.647215,24.229547,2
12824,66000,387130000C,(04)23274275,(04)23288582,2025,12,30,8,40,臺中市,西區,0,1,0,7,2,6,50,3,2,1,5,4,6,6,2,1,1,4,1,1,16,3,10,3,1,B03,7,6,1,8,2,2,,11,11,1,13,4,120.671894,24.148996,2
12825,66000,387130000C,(04)23274275,(04)23288582,2025,12,30,8,40,臺中市,北區,0,0,0,7,,,50,,,,,,,,,,,,,,30,,,,,A11,,,1,,1,,,84,84,1,13,4,120.67036,24.159983,3
12826,66000,387130000C,(04)23274275,(04)23288582,2025,12,30,8,40,臺中市,大里區,0,0,0,7,,3,50,,,,,,,,,,,,,,,,,,,B03,,,1,,2,,,7,7,1,12,4,120.690704,24.098029,3
12827,66000,387130000C,(04)23274275,(04)23288582,2025,12,30,8,40,臺中市,烏日區,0,0,0,7,,,40,,,,,,,,,,,,,,9,,,,,B03,,,1,,2,,,39,39,1,6,4,120.640799,24.108715,4
12828,66000,387130000C,(04)23274275,(04)23288582,2025,12,30,8,40,臺中市,沙鹿區,0,1,0,7,2,6,50,4,1,1,5,4,6,6,1,1,10,5,5,2,18,2,8,1,1,C03,7,5,1,10,2,12,,82,82,1,6,4,120.561495,24.242551,2
12829,66000,387130000C,(04)23274275,(04)23288582,2025,12,30,8,42,臺中市,潭子區,0,0,0,7,,,60,,,,,,,,,,,,,,,,,,,B03,,,1,,2,,,84,84,1,13,4,120.689142,24.220743,3
12830,66000,387130000C,(04)23274275,(04)23288582,2025,12,30,8,42,臺中市,西區,0,0,0,7,,,50,,,,,,,,,,,,,,17,,,,,B03,,,1,,2,,,84,84,1,12,4,120.664348,24.155859,3
12831,66000,387130000C,(04)23274275,(04)23288582,2025,12,30,8,42,臺中市,大甲區,0,0,0,7,,,50,,,,,,,,,,,,,,,,,,,B03,,,1,,1,,,7,7,1,6,4,120.62761,24.348818,3
12832,66000,387130000C,(04)23274275,(04)23288582,2025,12,30,8,44,臺中市,南屯區,0,2,0,7,3,6,30,4,1,1,5,4,6,6,3,1,10,5,5,2,15,2,8,1,1,C03,7,9,1,10,2,11,,24,24,1,6,4,120.61172,24.139047,2
12833,66000,387130000C,(04)23274275,(04)23288582,2025,12,30,8,45,臺中市,東區,0,0,0,7,,,50,,,,,,,,,,,,,,,,,,,B03,,,1,,2,,,8,8,1,6,4,120.694944,24.135284,3
12834,66000,387130000C,(04)23274275,(04)23288582,2025,12,30,8,50,臺中市,西區,0,1,0,7,2,6,50,4,1,1,5,4,6,6,4,4,10,5,5,2,17,2,9,2,1,C04,7,9,1,10,2,11,,15,15,1,12,4,120.668924,24.147875,2
12835,66000,387130000C,(04)23274275,(04)23288582,2025,12,30,8,50,臺中市,南區,0,1,0,7,2,6,40,13,8,1,5,4,6,6,4,4,1,4,4,2,17,3,10,1,1,C03,7,4,1,10,2,12,13,84,84,1,12,4,120.654711,24.116178,2
12836,66000,387130000C,(04)23274275,(04)23288582,2025,12,30,8,50,臺中市,南區,0,0,0,7,3,6,50,4,9,1,5,4,6,6,1,1,5,5,5,2,16,3,10,5,4,C03,7,11,2,19,9,14,,45,45,2,6,4,120.661709,24.128737,3
12837,66000,387130000C,(04)23274275,(04)23288582,2025,12,30,8,52,臺中市,北區,0,1,0,7,3,6,50,4,1,1,5,4,6,6,1,1,10,5,5,2,16,3,10,3,1,B11,7,6,1,8,2,2,,11,11,1,12,4,120.679924,24.159138,2
12838,66000,387130000C,(04)23274275,(04)23288582,2025,12,30,8,52,臺中市,烏日區,0,1,0,7,2,6,50,13,7,1,5,4,6,6,1,1,1,4,4,2,17,2,7,5,4,C03,7,9,1,10,2,14,,59,59,1,6,4,120.6145,24.106547,2
12839,66000,387130000C,(04)23274275,(04)23288582,2025,12,30,8,53,臺中市,西屯區,0,0,0,7,,,50,,,,,,,,,,,,,,12,,,,,B03,,,1,,2,,,8,8,1,12,4,120.624537,24.178756,3
12840,66000,387130000C,(04)23274275,(04)23288582,2025,12,30,8,54,臺中市,潭子區,0,0,0,7,,,60,,,,,,,,,,,,,,17,,,,,B03,,,1,,2,,,43,43,1,13,4,120.69037,24.227301,3
12841,66000,387130000C,(04)23274275,(04)23288582,2025,12,30,8,58,臺中市,西區,0,1,0,7,2,6,50,3,1,1,5,4,6,6,4,4,10,5,5,2,17,2,9,1,1,C03,7,9,1,10,2,11,,7,7,1,12,4,120.661868,24.144693,2
12842,66000,387130000C,(04)23274275,(04)23288582,2025,12,30,9,5,臺中市,太平區,0,1,0,7,2,6,40,3,1,1,5,4,6,6,1,1,10,5,5,2,16,2,2,2,1,C03,7,6,1,10,2,13,,48,48,1,12,4,120.733285,24.118437,2
12843,66000,387130000C,(04)23274275,(04)23288582,2025,12,30,9,5,臺中市,龍井區,0,0,0,7,,,50,,,,,,,,,,,,,,,,,,,A31,,,1,,2,,,49,49,1,6,4,120.549954,24.214572,3
12844,66000,387130000C,(04)23274275,(04)23288582,2025,12,30,9,8,臺中市,中區,0,3,0,7,2,6,50,4,1,1,5,4,6,6,2,1,5,4,4,1,16,2,9,2,1,C03,7,6,1,10,2,11,,11,11,1,13,4,120.674249,24.142798,2
12845,66000,387130000C,(04)23274275,(04)23288582,2025,12,30,9,10,臺中市,東區,0,2,0,7,2,6,50,4,1,1,5,4,6,6,2,1,10,5,5,2,17,3,10,1,1,C03,7,6,1,10,2,13,,48,48,1,12,4,120.696713,24.133197,2
12846,66000,387130000C,(04)23274275,(04)23288582,2025,12,30,9,10,臺中市,西屯區,0,1,0,7,2,6,50,3,1,1,5,4,6,6,4,4,10,5,5,2,12,2,9,2,1,C03,7,9,1,10,2,12,,84,84,1,12,4,120.616243,24.179274,2
12847,66000,387130000C,(04)23274275,(04)23288582,2025,12,30,9,11,臺中市,西屯區,0,0,0,7,,,50,,,,,,,,,,,,,,13,,,,,C03,,,1,,1,,,59,59,1,12,4,120.606473,24.192739,3
12848,66000,387130000C,(04)23274275,(04)23288582,2025,12,30,9,13,臺中市,北屯區,0,1,0,7,3,6,50,3,1,1,5,4,6,6,1,1,10,5,5,2,16,3,10,3,1,B03,7,5,1,8,1,5,,11,11,1,12,4,120.698808,24.170302,2
12849,66000,387130000C,(04)23274275,(04)23288582,2025,12,30,9,15,臺中市,霧峰區,0,0,0,7,,,50,,,,,,,,,,,,,,13,,,,,C03,,,1,,2,,,7,7,1,12,4,120.713037,24.077176,3
12850,66000,387130000C,(04)23274275,(04)23288582,2025,12,30,9,20,臺中市,南屯區,0,0,0,7,,,50,,,,,,,,,,,,,,,,,,,B03,,,1,,2,,,84,84,1,13,4,120.630474,24.156734,3
12851,66000,387130000C,(04)23274275,(04)23288582,2025,12,30,9,21,臺中市,大里區,0,1,0,7,3,6,30,13,9,1,5,4,6,6,4,4,10,5,5,2,17,3,10,3,1,B03,7,1,1,8,2,2,,51,51,1,12,4,120.696481,24.120526,2
12852,66000,387130000C,(04)23274275,(04)23288582,2025,12,30,9,24,臺中市,北區,0,1,0,7,2,6,40,13,8,1,5,4,6,6,4,4,1,4,3,2,18,2,9,5,4,C03,7,9,1,10,2,14,,84,84,1,12,4,120.664421,24.154643,2
12853,66000,387130000C,(04)23274275,(04)23288582,2025,12,30,9,24,臺中市,東區,0,1,0,7,3,6,50,4,1,1,5,4,6,6,2,1,5,5,5,2,12,3,10,3,1,B12,7,5,1,7,2,5,,11,11,1,6,4,120.698021,24.147943,2
12854,66000,387130000C,(04)23274275,(04)23288582,2025,12,30,9,24,臺中市,沙鹿區,0,0,0,7,,,40,,,,,,,,,,,,,,17,,,,,B11,,,1,,2,,,8,8,1,9,4,120.570557,24.235835,3
12855,66000,387130000C,(04)23274275,(04)23288582,2025,12,30,9,25,臺中市,霧峰區,0,0,0,7,2,6,50,13,8,1,5,4,6,6,1,1,5,4,4,1,13,,,,,C03,,,1,,2,,,82,82,1,6,4,120.697484,24.056003,3
12856,66000,387130000C,(04)23274275,(04)23288582,2025,12,30,9,29,臺中市,西屯區,0,1,0,7,2,6,30,3,1,1,5,4,6,6,1,1,10,5,5,2,16,2,8,1,4,C04,7,6,1,11,2,11,14,11,11,1,12,4,120.646677,24.179446,2
12857,66000,387130000C,(04)23274275,(04)23288582,2025,12,30,9,30,臺中市,南屯區,0,0,0,7,,,50,,,,,,,,,,,,,,17,,,,,B02,,,1,,1,,,87,87,1,6,4,120.622526,24.150076,3
12858,66000,387130000C,(04)23274275,(04)23288582,2025,12,30,9,30,臺中市,南屯區,0,2,0,7,2,6,50,3,2,1,5,4,6,6,4,4,5,4,4,2,17,2,9,2,1,C03,7,9,1,10,2,11,,7,7,1,12,4,120.646678,24.152362,2
12859,66000,387130000C,(04)23274275,(04)23288582,2025,12,30,9,30,臺中市,沙鹿區,0,0,0,7,,,50,,,,,,,,,,,,,,,,,,,B03,,,1,,2,,,7,7,1,12,4,120.568108,24.236683,3
12860,66000,387130000C,(04)23274275,(04)23288582,2025,12,30,9,31,臺中市,西屯區,0,0,0,7,,,50,,,,,,,,,,,,,,17,,,,,B03,,,1,,1,,,51,51,1,12,4,120.613764,24.17348,3
12861,66000,387130000C,(04)23274275,(04)23288582,2025,12,30,9,33,臺中市,西區,0,0,0,7,,,50,,,,,,,,,,,,,,17,,,,,A41,,,1,,9,,,84,84,2,12,4,120.664223,24.149215,3
12862,66000,387130000C,(04)23274275,(04)23288582,2025,12,30,9,36,臺中市,后里區,0,2,0,7,3,6,50,13,9,1,5,4,6,6,4,4,5,5,5,1,16,2,9,1,1,C03,7,5,1,10,2,12,,42,42,1,6,4,120.716194,24.296609,2
12863,66000,387130000C,(04)23274275,(04)23288582,2025,12,30,9,37,臺中市,大里區,0,1,0,7,2,6,50,13,9,1,5,4,6,6,4,4,5,5,5,1,12,3,10,3,1,B12,7,4,1,8,2,2,,1,1,1,6,4,120.70092,24.088785,2
12864,66000,387130000C,(04)23274275,(04)23288582,2025,12,30,9,41,臺中市,大雅區,0,1,0,7,3,6,60,4,1,1,5,4,6,6,1,1,10,5,5,2,17,2,9,5,4,C03,7,6,1,10,2,14,,48,48,1,12,4,120.674315,24.240694,2
12865,66000,387130000C,(04)23274275,(04)23288582,2025,12,30,9,41,臺中市,南屯區,0,0,0,7,,,50,,,,,,,,,,,,,,,,,,,C03,,,3,,1,,,48,48,1,13,4,120.640678,24.146881,3
12866,66000,387130000C,(04)23274275,(04)23288582,2025,12,30,9,42,臺中市,梧棲區,0,2,0,7,3,6,50,13,9,1,5,4,1,6,3,1,1,4,5,2,13,2,9,1,1,C03,7,9,5,19,2,11,,7,7,1,6,4,120.55981,24.256371,2
12867,66000,387130000C,(04)23274275,(04)23288582,2025,12,30,9,43,臺中市,西屯區,0,1,0,7,2,6,50,3,1,1,5,4,6,6,4,4,8,5,5,1,17,2,9,5,4,C03,7,6,1,10,1,12,,6,6,1,13,4,120.650121,24.182908,2
12868,66000,387130000C,(04)23274275,(04)23288582,2025,12,30,9,48,臺中市,豐原區,0,2,0,7,2,6,50,13,9,1,5,4,3,6,4,4,5,4,5,1,12,3,10,5,4,B01,7,7,1,2,2,6,,40,40,1,13,4,120.720548,24.266104,2
12869,66000,387130000C,(04)23274275,(04)23288582,2025,12,30,9,49,臺中市,北屯區,0,0,0,7,,,50,,,,,,,,,,,,,,16,,,,,B03,,,1,,9,,,11,11,1,12,4,120.659876,24.192706,3
12870,66000,387130000C,(04)23274275,(04)23288582,2025,12,30,9,50,臺中市,西區,0,2,0,7,2,6,50,4,1,1,5,4,6,6,1,1,10,5,5,2,17,2,9,2,1,C03,7,7,1,8,2,11,,40,40,1,12,4,120.677255,24.140192,2
12871,66000,387130000C,(04)23274275,(04)23288582,2025,12,30,9,54,臺中市,后里區,0,2,0,7,3,6,60,4,1,1,5,4,6,6,1,1,10,5,5,2,16,3,10,3,1,B03,7,6,6,20,2,2,,20,20,1,6,4,120.72988,24.331952,2
12872,66000,387130000C,(04)23274275,(04)23288582,2025,12,30,9,55,臺中市,西屯區,0,1,0,7,2,6,50,11,7,1,5,4,6,6,4,4,1,4,4,2,18,2,9,2,1,C03,7,6,1,10,2,12,,59,59,1,12,4,120.599632,24.208567,2
12873,66000,387130000C,(04)23274275,(04)23288582,2025,12,30,9,56,臺中市,北屯區,0,1,0,7,3,6,50,4,1,1,5,4,6,6,2,1,10,5,5,2,16,3,10,3,1,B12,7,6,1,8,2,1,,11,11,1,6,4,120.669957,24.176551,2
12874,66000,387130000C,(04)23274275,(04)23288582,2025,12,30,9,56,臺中市,龍井區,0,0,0,7,,,50,,,,,,,,,,,,,,13,,,,,C03,,,1,,1,,,59,59,1,5,4,120.590078,24.181049,3
12875,66000,387130000C,(04)23274275,(04)23288582,2025,12,30,9,57,臺中市,北區,0,1,0,7,3,6,50,13,9,1,5,4,6,6,4,4,5,4,5,2,14,3,10,3,1,B03,7,2,1,8,2,3,,49,49,1,12,4,120.687806,24.149954,2
12876,66000,387130000C,(04)23274275,(04)23288582,2025,12,30,9,57,臺中市,北區,0,1,0,7,2,6,30,3,1,1,5,4,6,6,4,4,10,5,5,2,3,2,9,6,5,H01,8,16,7,21,10,17,,95,95,1,13,5,120.680175,24.165575,2
12877,66000,387130000C,(04)23274275,(04)23288582,2025,12,30,10,2,臺中市,西屯區,0,0,0,7,,,40,,,,,,,,,,,,,,13,,,,,C03,,,1,,2,,,59,59,1,12,4,120.608815,24.183831,3
12878,66000,387130000C,(04)23274275,(04)23288582,2025,12,30,10,10,臺中市,西屯區,0,0,0,7,,,30,,,,,,,,,,,,,,14,,,,,B03,,,1,,2,,,49,49,1,13,4,120.589296,24.187086,3
12879,66000,387130000C,(04)23274275,(04)23288582,2025,12,30,10,13,臺中市,東區,0,0,0,7,,,50,,,,,,,,,,,,,,,,,,,B12,,,1,,1,,,84,84,1,6,4,120.705875,24.137122,3
12880,66000,387130000C,(04)23274275,(04)23288582,2025,12,30,10,13,臺中市,西屯區,0,2,0,7,2,6,40,13,8,1,5,4,6,6,4,4,1,4,1,2,13,2,9,1,1,C03,7,9,1,10,2,11,,7,7,1,12,4,120.650682,24.161642,2
12881,66000,387130000C,(04)23274275,(04)23288582,2025,12,30,10,14,臺中市,潭子區,0,1,0,7,3,6,30,11,9,1,5,4,6,6,4,4,10,5,5,1,17,3,10,3,1,B03,7,9,1,8,2,8,,41,41,1,13,4,120.678265,24.218118,2
12882,66000,387130000C,(04)23274275,(04)23288582,2025,12,30,10,15,臺中市,西屯區,0,0,0,7,,,60,,,,,,,,,,,,,,,,,,,,,,,,,,,116,116,1,,,120.642399,24.166817,3
12883,66000,387130000C,(04)23274275,(04)23288582,2025,12,30,10,16,臺中市,龍井區,0,1,0,7,2,6,50,13,9,1,5,4,6,6,4,4,5,5,5,1,3,3,10,1,1,C03,7,9,1,10,2,11,,59,59,1,6,4,120.591667,24.188255,2
12884,66000,387130000C,(04)23274275,(04)23288582,2025,12,30,10,17,臺中市,北屯區,0,0,0,7,,,50,,,,,,,,,,,,,,13,,,,,B12,,,1,,1,,,84,84,1,6,4,120.735909,24.175435,3
12885,66000,387130000C,(04)23274275,(04)23288582,2025,12,30,10,19,臺中市,北區,0,2,0,7,2,6,50,3,1,1,5,4,6,6,4,4,10,5,5,2,9,2,9,5,4,C03,7,9,1,10,2,11,,10,10,1,12,4,120.681526,24.150846,2
12886,66000,387130000C,(04)23274275,(04)23288582,2025,12,30,10,25,臺中市,西屯區,0,0,0,7,,,60,,,,,,,,,,,,,,13,,,,,B03,,,1,,1,,,84,84,1,12,4,120.652896,24.160841,3
12887,66000,387130000C,(04)23274275,(04)23288582,2025,12,30,10,29,臺中市,南區,0,0,0,7,,,40,,,,,,,,,,,,,,14,,,,,B03,,,1,,1,,,49,49,1,12,4,120.673413,24.127064,3
12888,66000,387130000C,(04)23274275,(04)23288582,2025,12,30,10,30,臺中市,北屯區,0,0,0,7,,3,40,,,,,,,,,,,,,,13,,,,,B03,,,1,,1,,,84,84,1,6,4,120.722562,24.188096,3
12889,66000,387130000C,(04)23274275,(04)23288582,2025,12,30,10,38,臺中市,潭子區,0,1,0,7,2,6,30,13,9,1,5,4,6,6,4,4,10,5,5,1,17,3,10,3,1,B03,7,1,1,8,2,8,,51,51,1,13,4,120.683625,24.216502,2
12890,66000,387130000C,(04)23274275,(04)23288582,2025,12,30,10,39,臺中市,烏日區,0,1,0,7,2,6,50,4,1,1,5,4,6,6,1,1,10,5,5,2,17,3,10,5,4,B12,7,5,5,19,2,2,,38,38,1,6,4,120.640416,24.116612,2
12891,66000,387130000C,(04)23274275,(04)23288582,2025,12,30,10,40,臺中市,西區,0,1,0,7,2,6,50,4,1,1,5,4,6,6,1,1,10,5,5,2,17,3,10,3,1,B02,7,6,1,8,2,6,,25,25,1,12,4,120.657178,24.134039,2
12892,66000,387130000C,(04)23274275,(04)23288582,2025,12,30,10,41,臺中市,東區,0,1,0,7,2,6,50,4,1,1,5,4,6,6,2,1,10,5,5,2,17,3,10,1,1,C03,7,9,1,10,2,16,,75,75,1,12,4,120.699331,24.148071,2
12893,66000,387130000C,(04)23274275,(04)23288582,2025,12,30,10,41,臺中市,西屯區,0,2,0,7,2,6,40,4,2,1,5,4,6,6,1,1,10,5,4,2,17,2,8,2,1,C03,7,5,1,10,2,14,,22,22,1,12,4,120.657503,24.16794,2
12894,66000,387130000C,(04)23274275,(04)23288582,2025,12,30,10,48,臺中市,西區,0,0,0,7,,,50,,,,,,,,,,,,,,16,,,,,B03,,,1,,2,,,11,11,1,13,4,120.665234,24.15085,4
12895,66000,387130000C,(04)23274275,(04)23288582,2025,12,30,10,50,臺中市,南屯區,0,1,0,7,2,6,50,4,2,1,5,4,6,6,2,1,5,4,4,2,17,3,10,3,1,B03,7,7,1,8,2,2,,59,59,1,12,4,120.608019,24.151116,2
12896,66000,387130000C,(04)23274275,(04)23288582,2025,12,30,10,50,臺中市,西屯區,0,1,0,7,2,6,30,11,9,1,5,4,6,6,4,4,10,5,5,2,11,3,10,3,4,B03,7,1,1,8,2,1,,51,51,1,12,4,120.635592,24.188814,2
12897,66000,387130000C,(04)23274275,(04)23288582,2025,12,30,10,52,臺中市,北屯區,0,0,0,7,,,50,,,,,,,,,,,,,,9,,,,,C03,,,1,,2,,,8,8,1,13,4,120.68586,24.180602,3
12898,66000,387130000C,(04)23274275,(04)23288582,2025,12,30,10,54,臺中市,太平區,0,1,0,7,2,6,50,4,1,1,5,4,6,6,1,1,10,5,5,2,3,3,10,3,1,B12,7,6,1,8,2,5,,10,10,1,12,4,120.703705,24.111202,2
12899,66000,387130000C,(04)23274275,(04)23288582,2025,12,30,10,55,臺中市,南區,0,1,0,7,2,6,50,4,1,1,5,4,6,6,1,1,5,2,5,2,17,3,10,3,1,B03,7,6,1,8,2,2,,23,23,1,13,4,120.663854,24.116886,2
12900,66000,387130000C,(04)23274275,(04)23288582,2025,12,30,10,57,臺中市,太平區,0,0,0,7,,,50,,,,,,,,,,,,,,13,,,,,B03,,,1,,2,,,7,7,1,13,4,120.712445,24.109685,3
12901,66000,387130000C,(04)23274275,(04)23288582,2025,12,30,10,58,臺中市,大甲區,0,1,0,7,1,6,50,13,9,1,5,4,6,6,4,4,9,5,5,1,12,3,10,3,1,B03,7,4,1,8,2,2,,1,1,1,6,4,120.623956,24.350093,2
12902,66000,387130000C,(04)23274275,(04)23288582,2025,12,30,11,0,臺中市,烏日區,0,0,0,7,,,50,,,,,,,,,,,,,,9,,,,,C03,,,1,,2,,,42,42,1,6,4,120.635574,24.097272,3
12903,66000,387130000C,(04)23274275,(04)23288582,2025,12,30,11,1,臺中市,西區,0,1,0,7,2,6,50,3,1,1,5,4,6,6,2,1,5,4,5,2,17,3,10,3,1,B03,7,9,1,8,2,4,,21,21,1,12,4,120.671802,24.132505,2
12904,66000,387130000C,(04)23274275,(04)23288582,2025,12,30,11,3,臺中市,西屯區,0,1,0,7,2,6,30,3,1,1,5,4,6,6,4,4,10,5,5,1,12,3,10,3,1,B01,7,1,1,4,2,8,,51,51,1,12,4,120.615009,24.183466,2
12905,66000,387130000C,(04)23274275,(04)23288582,2025,12,30,11,4,臺中市,太平區,0,2,0,7,2,6,50,13,9,1,5,4,6,6,4,4,9,5,5,2,16,2,8,1,1,C03,7,1,1,10,2,16,,51,51,1,12,4,120.725008,24.109042,2
12906,66000,387130000C,(04)23274275,(04)23288582,2025,12,30,11,5,臺中市,大雅區,0,0,0,7,,,40,,,,,,,,,,,,,,,,,,,C03,,,1,,1,,,7,7,1,13,4,120.650078,24.222145,3
12907,66000,387130000C,(04)23274275,(04)23288582,2025,12,30,11,6,臺中市,西屯區,0,0,0,7,,,30,,,,,,,,,,,,,,13,,,,,C03,,,1,,2,,,7,7,1,12,4,120.635586,24.191752,3
12908,66000,387130000C,(04)23274275,(04)23288582,2025,12,30,11,6,臺中市,大里區,0,2,0,7,2,6,30,13,9,1,5,4,6,6,4,4,10,5,5,2,17,2,9,1,1,C03,7,1,1,10,2,11,,51,51,1,6,4,120.68708,24.094249,2
12909,66000,387130000C,(04)23274275,(04)23288582,2025,12,30,11,9,臺中市,南區,0,0,0,7,,,50,,,,,,,,,,,,,,,,,,,B03,,,1,,2,,,49,49,1,6,4,120.653303,24.122633,3
12910,66000,387130000C,(04)23274275,(04)23288582,2025,12,30,11,9,臺中市,龍井區,0,0,0,7,,,50,,,,,,,,,,,,,,12,,,,,A11,,,1,,1,,,40,40,1,6,4,120.591962,24.183172,3
12911,66000,387130000C,(04)23274275,(04)23288582,2025,12,30,11,10,臺中市,烏日區,0,0,0,7,,,50,,,,,,,,,,,,,,14,,,,,B03,,,1,,2,,,49,49,1,6,4,120.636691,24.096981,3
12912,66000,387130000C,(04)23274275,(04)23288582,2025,12,30,11,11,臺中市,南區,0,0,0,7,,,50,,,,,,,,,,,,,,,,,,,C03,,,1,,9,,,7,7,1,12,4,120.648615,24.119636,4
12913,66000,387130000C,(04)23274275,(04)23288582,2025,12,30,11,12,臺中市,北屯區,0,0,0,7,,3,80,,,,,,,,,,,,,,13,,,,,A31,,,1,,2,,,7,7,1,12,4,120.722412,24.189184,3
12914,66000,387130000C,(04)23274275,(04)23288582,2025,12,30,11,13,臺中市,北區,0,0,0,7,,,50,,,,,,,,,,,,,,17,,,,,B03,,,1,,1,,,40,40,1,13,4,120.680615,24.166936,3
12915,66000,387130000C,(04)23274275,(04)23288582,2025,12,30,11,16,臺中市,北區,0,3,0,7,2,6,50,4,1,1,5,4,6,6,1,1,5,5,5,2,16,2,9,1,1,C03,7,6,1,10,2,15,,48,48,1,12,4,120.687248,24.155681,2
12916,66000,387130000C,(04)23274275,(04)23288582,2025,12,30,11,19,臺中市,大里區,0,2,0,7,3,6,50,4,1,1,5,4,6,6,1,1,10,5,5,2,15,2,9,1,1,C03,7,9,1,10,2,14,,21,21,1,12,4,120.686259,24.103955,2
12917,66000,387130000C,(04)23274275,(04)23288582,2025,12,30,11,26,臺中市,大里區,0,0,0,7,,,30,,,,,,,,,,,,,,14,,,,,B03,,,1,,2,,,49,49,1,12,4,120.692449,24.107091,3
12918,66000,387130000C,(04)23274275,(04)23288582,2025,12,30,11,30,臺中市,北區,0,1,0,7,3,6,50,4,1,1,5,4,6,6,1,1,10,5,5,2,3,3,10,3,1,B03,7,6,1,8,2,1,,10,10,1,12,4,120.676023,24.145494,2
12919,66000,387130000C,(04)23274275,(04)23288582,2025,12,30,11,31,臺中市,龍井區,0,1,0,7,2,6,50,4,2,1,5,4,6,6,4,4,10,5,5,2,14,3,10,3,1,B12,7,2,1,8,2,3,,49,49,1,6,4,120.58632,24.181488,2
12920,66000,387130000C,(04)23274275,(04)23288582,2025,12,30,11,35,臺中市,沙鹿區,0,0,0,7,,,30,,,,,,,,,,,,,,14,,,,,B12,,,1,,2,,,49,49,1,6,4,120.571917,24.258716,3
12921,66000,387130000C,(04)23274275,(04)23288582,2025,12,30,11,37,臺中市,龍井區,0,1,0,7,2,6,50,4,1,1,5,4,6,6,1,1,10,5,5,2,15,3,10,3,1,B12,7,9,1,8,2,6,,85,85,1,6,4,120.581398,24.175646,2
12922,66000,387130000C,(04)23274275,(04)23288582,2025,12,30,11,39,臺中市,烏日區,0,0,0,7,,,50,,,,,,,,,,,,,,,,,,,B03,,,1,,1,,,8,8,1,13,4,120.618155,24.102768,3
12923,66000,387130000C,(04)23274275,(04)23288582,2025,12,30,11,41,臺中市,豐原區,0,1,0,7,3,6,30,4,2,1,5,4,6,6,4,4,10,5,5,2,17,3,10,2,1,C03,7,9,1,10,2,11,,15,15,1,13,4,120.711414,24.244888,2
12924,66000,387130000C,(04)23274275,(04)23288582,2025,12,30,11,43,臺中市,西屯區,0,0,0,7,,,50,,,,,,,,,,,,,,16,,,,,B03,,,1,,1,,,47,47,1,12,4,120.65231,24.166512,3
12925,66000,387130000C,(04)23274275,(04)23288582,2025,12,30,11,44,臺中市,中區,0,0,0,7,,,50,,,,,,,,,,,,,,17,,,,,B03,,,1,,2,,,51,51,1,12,4,120.674711,24.142626,3
12926,66000,387130000C,(04)23274275,(04)23288582,2025,12,30,11,44,臺中市,西屯區,0,1,0,7,2,6,50,4,2,1,5,4,6,6,1,1,1,4,5,1,13,2,9,5,4,C03,7,8,1,10,1,11,,40,40,1,13,4,120.624764,24.17851,2
12927,66000,387130000C,(04)23274275,(04)23288582,2025,12,30,11,47,臺中市,西屯區,0,0,0,7,,,50,,,,,,,,,,,,,,13,,,,,B03,,,1,,9,,,7,7,2,12,4,120.650119,24.163696,3