序號,縣市別代碼,機關代碼,市話,傳真,年,月,日,時,分,縣市,區,死亡數量,受傷數量,2-30,天候,道路照明設備,道路類別,道路速限,道路型態,事故位置,路面鋪裝,路面狀態,路面缺陷,障礙物,視距,號誌種類,號誌動作,分向設施,快車道或一般車道間,快慢車道間,路面邊線,事故類型及型態,受傷程度,主要傷處,保護裝備,行動電話或功能裝置,當事者區分(類別),車輛用途,當事者行動狀態,駕照狀態,駕照種類,飲酒情形,車輛撞擊部位最初,車輛撞擊部位其他,肇事因素個別,肇事因素主要,肇事逃逸,職業,共享經濟或外送平台,GPS座標X,GPS座標Y,事故類別
12928,66000,387130000C,(04)23274275,(04)23288582,2025,12,30,11,48,臺中市,東區,0,1,0,7,2,6,50,4,1,1,5,4,6,6,4,4,10,5,5,2,15,2,1,6,1,F01,7,9,7,21,2,14,,4,4,1,12,4,120.687612,24.143396,2
12929,66000,387130000C,(04)23274275,(04)23288582,2025,12,30,11,48,臺中市,沙鹿區,0,0,0,7,,,30,,,,,,,,,,,,,,10,,,,,C03,,,3,,2,,,51,51,1,6,4,120.574011,24.208935,3
12930,66000,387130000C,(04)23274275,(04)23288582,2025,12,30,11,52,臺中市,太平區,0,1,0,7,1,6,40,3,1,1,5,4,6,6,1,1,10,5,5,2,16,3,10,1,1,C03,7,5,1,10,2,12,,85,85,1,12,4,120.706675,24.159352,2
12931,66000,387130000C,(04)23274275,(04)23288582,2025,12,30,11,54,臺中市,神岡區,0,0,0,7,,,60,,,,,,,,,,,,,,14,,,,,B12,,,1,,2,,,49,49,1,12,4,120.694618,24.232781,3
12932,66000,387130000C,(04)23274275,(04)23288582,2025,12,30,12,1,臺中市,霧峰區,0,1,0,7,2,6,30,3,1,1,5,4,6,6,4,4,10,5,5,2,16,3,10,3,1,B03,7,5,1,8,2,7,,14,14,1,6,4,120.659027,24.041164,2
12933,66000,387130000C,(04)23274275,(04)23288582,2025,12,30,12,1,臺中市,大里區,0,1,0,7,3,6,30,3,2,1,5,4,6,6,4,4,10,5,5,2,17,3,10,1,1,C03,7,5,1,10,2,16,,84,84,1,13,4,120.710608,24.109682,2
12934,66000,387130000C,(04)23274275,(04)23288582,2025,12,30,12,6,臺中市,沙鹿區,0,3,0,7,3,6,40,3,8,1,5,4,1,6,2,1,10,4,3,2,17,2,9,2,1,C03,7,9,3,19,2,12,,21,21,1,12,4,120.578477,24.223393,2
12935,66000,387130000C,(04)23274275,(04)23288582,2025,12,30,12,7,臺中市,西區,0,1,0,7,2,6,50,4,2,1,5,4,6,6,2,1,5,4,4,1,13,3,10,2,1,C03,7,9,1,10,2,11,,7,7,1,13,4,120.672741,24.135881,2
12936,66000,387130000C,(04)23274275,(04)23288582,2025,12,30,12,7,臺中市,大里區,0,1,0,7,2,6,50,4,2,1,5,4,6,6,1,1,4,3,4,1,17,3,10,3,1,B03,7,6,1,8,2,4,,8,8,1,6,4,120.689536,24.115386,2
12937,66000,387130000C,(04)23274275,(04)23288582,2025,12,30,12,10,臺中市,北區,0,0,0,7,,,50,,,,,,,,,,,,,,13,,,,,A11,,,1,,2,,,7,7,1,12,4,120.677477,24.153731,3
12938,66000,387130000C,(04)23274275,(04)23288582,2025,12,30,12,10,臺中市,烏日區,0,0,0,7,,,50,,,,,,,,,,,,,,9,,,,,B03,,,1,,2,,,51,51,1,6,4,120.655376,24.044736,3
12939,66000,387130000C,(04)23274275,(04)23288582,2025,12,30,12,10,臺中市,沙鹿區,0,2,0,7,2,6,0,4,1,1,5,4,6,6,1,1,10,5,5,2,3,2,8,6,5,H01,8,16,7,21,10,17,,95,95,1,6,5,120.578628,24.221354,2
12940,66000,387130000C,(04)23274275,(04)23288582,2025,12,30,12,13,臺中市,北屯區,0,0,0,7,,,50,,,,,,,,,,,,,,13,,,,,B02,,,1,,1,,,58,58,1,6,4,120.693309,24.20087,3
12941,66000,387130000C,(04)23274275,(04)23288582,2025,12,30,12,13,臺中市,大里區,0,0,0,7,,,40,,,,,,,,,,,,,,,,,,,C03,,,1,,2,,,7,7,1,12,4,120.688526,24.101882,3
12942,66000,387130000C,(04)23274275,(04)23288582,2025,12,30,12,13,臺中市,烏日區,0,0,0,7,,,50,,,,,,,,,,,,,,,,,,,C03,,,1,,2,,,84,84,2,6,4,120.603643,24.109169,3
12943,66000,387130000C,(04)23274275,(04)23288582,2025,12,30,12,13,臺中市,外埔區,0,0,0,7,2,6,50,13,7,1,5,4,6,6,4,4,4,2,5,2,13,3,10,3,1,B03,7,14,1,8,2,1,,7,7,1,12,4,120.64567,24.337443,3
12944,66000,387130000C,(04)23274275,(04)23288582,2025,12,30,12,14,臺中市,北屯區,0,1,0,7,2,6,50,13,9,1,5,4,6,6,4,4,9,5,5,2,16,3,10,3,1,B03,7,11,1,8,1,4,,45,45,1,12,4,120.70676,24.187888,2
12945,66000,387130000C,(04)23274275,(04)23288582,2025,12,30,12,15,臺中市,烏日區,0,0,0,7,,3,40,,,,,,,,,,,,,,13,,,,,B03,,,1,,1,,,7,7,1,6,4,120.615418,24.105779,3
12946,66000,387130000C,(04)23274275,(04)23288582,2025,12,30,12,17,臺中市,豐原區,0,1,0,7,2,6,40,3,1,1,5,4,6,6,4,4,1,2,5,1,12,2,9,5,4,C03,7,9,1,10,2,15,,84,84,1,13,4,120.721635,24.274545,2
12947,66000,387130000C,(04)23274275,(04)23288582,2025,12,30,12,20,臺中市,西屯區,0,1,0,7,2,6,50,4,1,1,5,4,6,6,1,1,10,5,5,2,11,3,10,3,4,B03,7,6,1,8,2,2,,11,11,1,12,4,120.635333,24.167184,2
12948,66000,387130000C,(04)23274275,(04)23288582,2025,12,30,12,22,臺中市,豐原區,0,2,0,7,2,6,30,4,1,1,5,4,6,6,4,4,10,5,5,2,16,2,8,1,1,C03,7,6,1,10,2,14,12,14,14,1,13,4,120.727623,24.24613,2
12949,66000,387130000C,(04)23274275,(04)23288582,2025,12,30,12,24,臺中市,南區,0,1,0,7,3,6,50,13,9,1,5,4,6,6,4,4,10,5,5,2,17,3,10,5,4,C03,7,1,1,10,2,11,,51,51,1,12,4,120.660385,24.11506,2
12950,66000,387130000C,(04)23274275,(04)23288582,2025,12,30,12,24,臺中市,西屯區,0,1,0,7,2,6,30,13,9,1,5,4,6,6,4,4,10,5,5,1,17,3,10,3,1,B12,7,13,1,8,2,4,,76,76,1,12,4,120.638735,24.171915,2
12951,66000,387130000C,(04)23274275,(04)23288582,2025,12,30,12,27,臺中市,豐原區,0,0,0,7,,,50,,,,,,,,,,,,,,17,,,,,B03,,,1,,2,,,59,59,1,13,4,120.7107,24.250551,3
12952,66000,387130000C,(04)23274275,(04)23288582,2025,12,30,12,29,臺中市,北屯區,0,0,0,7,,,50,,,,,,,,,,,,,,12,,,,,A12,,,1,,1,,,8,8,1,13,4,120.69237,24.162443,3
12953,66000,387130000C,(04)23274275,(04)23288582,2025,12,30,12,30,臺中市,南區,0,2,0,7,3,6,30,18,9,1,5,4,6,6,4,4,10,5,5,2,17,2,9,5,4,C03,7,5,1,10,2,11,,20,20,1,6,4,120.663231,24.118632,2
12954,66000,387130000C,(04)23274275,(04)23288582,2025,12,30,12,30,臺中市,清水區,0,1,0,7,3,6,50,13,8,1,5,4,6,6,4,4,1,4,4,2,18,2,8,2,1,C03,7,9,1,10,2,12,,82,82,1,12,4,120.578712,24.27791,2
12955,66000,387130000C,(04)23274275,(04)23288582,2025,12,30,12,32,臺中市,烏日區,0,1,0,7,2,6,70,4,1,1,5,4,6,6,1,1,5,5,5,2,17,4,11,5,4,C03,7,6,1,10,2,11,,59,59,2,6,4,120.607178,24.108601,2
12956,66000,387130000C,(04)23274275,(04)23288582,2025,12,30,12,33,臺中市,西區,0,1,0,7,2,6,50,13,9,1,5,4,6,6,4,4,1,4,5,2,17,3,10,3,1,B03,7,5,1,8,2,2,,84,84,1,12,4,120.65845,24.157504,2
12957,66000,387130000C,(04)23274275,(04)23288582,2025,12,30,12,33,臺中市,西屯區,0,0,0,7,,,60,,,,,,,,,,,,,,13,,,,,B03,,,1,,1,,,59,59,1,12,4,120.64603,24.1645,3
12958,66000,387130000C,(04)23274275,(04)23288582,2025,12,30,12,35,臺中市,烏日區,0,1,0,7,2,6,70,5,8,1,5,4,6,6,4,4,1,4,4,1,17,3,10,3,1,B03,7,5,1,8,2,3,,20,20,1,6,4,120.602883,24.110025,2
12959,66000,387130000C,(04)23274275,(04)23288582,2025,12,30,12,40,臺中市,西屯區,0,0,0,7,,,30,,,,,,,,,,,,,,17,,,,,A12,,,1,,2,,,59,59,1,12,4,120.66485,24.175963,3
12960,66000,387130000C,(04)23274275,(04)23288582,2025,12,30,12,40,臺中市,清水區,0,1,0,7,2,6,50,3,2,1,5,4,6,6,1,1,8,3,4,2,13,3,10,3,1,B12,7,9,1,8,1,1,,7,7,1,12,4,120.555323,24.266089,2
12961,66000,387130000C,(04)23274275,(04)23288582,2025,12,30,12,44,臺中市,大里區,0,1,0,7,3,6,50,13,9,1,5,4,6,6,4,4,10,5,5,1,12,2,9,1,1,C03,7,1,1,10,2,13,,51,51,1,12,4,120.698645,24.089606,2
12962,66000,387130000C,(04)23274275,(04)23288582,2025,12,30,12,45,臺中市,北區,0,0,0,7,,,50,,,,,,,,,,,,,,14,,,,,A11,,,1,,2,,,84,84,1,12,4,120.680257,24.162697,3
12963,66000,387130000C,(04)23274275,(04)23288582,2025,12,30,12,46,臺中市,南區,0,1,0,7,3,6,50,3,2,1,5,4,6,6,4,4,5,4,4,2,13,2,9,2,1,C03,7,6,1,10,2,11,,8,8,1,6,4,120.66188,24.112417,2
12964,66000,387130000C,(04)23274275,(04)23288582,2025,12,30,12,53,臺中市,太平區,0,1,0,7,2,6,50,13,9,1,5,4,6,6,4,4,9,5,4,2,16,2,1,6,1,F01,7,6,7,21,2,14,,48,48,1,12,4,120.721118,24.11955,2
12965,66000,387130000C,(04)23274275,(04)23288582,2025,12,30,12,58,臺中市,霧峰區,0,1,0,7,2,6,50,4,1,1,5,4,6,6,1,1,10,5,5,2,16,3,10,3,1,B03,7,6,1,8,2,15,,11,11,1,6,4,120.702971,24.070545,2
12966,66000,387130000C,(04)23274275,(04)23288582,2025,12,30,13,3,臺中市,西屯區,0,1,0,7,2,6,40,4,8,1,5,4,6,6,1,1,1,4,1,1,16,3,10,5,4,B03,7,5,1,8,1,2,,11,11,1,13,4,120.602525,24.182532,2
12967,66000,387130000C,(04)23274275,(04)23288582,2025,12,30,13,4,臺中市,北屯區,0,0,0,7,,,50,,,,,,,,,,,,,,,,,,,C03,,,1,,1,,,7,7,1,12,4,120.733286,24.168905,4
12968,66000,387130000C,(04)23274275,(04)23288582,2025,12,30,13,5,臺中市,西區,0,1,0,7,1,6,50,4,1,1,5,4,6,6,1,1,1,4,4,2,16,3,10,3,1,B03,7,5,1,8,2,5,,11,11,1,13,4,120.671204,24.145636,2
12969,66000,387130000C,(04)23274275,(04)23288582,2025,12,30,13,5,臺中市,豐原區,0,0,0,7,,,30,,,,,,,,,,,,,,17,,,,,B03,,,1,,2,,,51,51,1,13,4,120.727811,24.242612,3
12970,66000,387130000C,(04)23274275,(04)23288582,2025,12,30,13,6,臺中市,西屯區,0,1,0,7,2,6,40,3,1,1,5,4,6,6,1,1,10,5,5,2,16,2,8,2,1,C03,7,9,1,10,2,14,,84,84,1,12,4,120.616428,24.182431,2
12971,66000,387130000C,(04)23274275,(04)23288582,2025,12,30,13,11,臺中市,西屯區,0,1,0,7,2,6,40,4,1,1,5,4,6,6,2,1,1,1,4,1,11,3,10,3,4,B03,7,5,1,8,2,2,,38,38,1,12,4,120.602633,24.182917,2
12972,66000,387130000C,(04)23274275,(04)23288582,2025,12,30,13,13,臺中市,東區,0,1,0,7,2,6,50,4,2,1,5,4,6,6,2,1,5,5,5,2,30,2,9,1,1,C03,7,9,1,10,2,12,,84,84,1,12,4,120.693218,24.134791,2
12973,66000,387130000C,(04)23274275,(04)23288582,2025,12,30,13,15,臺中市,西區,0,0,0,7,,,50,,,,,,,,,,,,,,13,,,,,B03,,,5,,1,,,84,84,1,12,4,120.667034,24.141513,3
12974,66000,387130000C,(04)23274275,(04)23288582,2025,12,30,13,15,臺中市,北區,0,1,0,7,2,6,50,13,7,1,5,4,6,6,4,4,3,5,4,2,13,2,9,5,4,C03,7,9,1,10,2,11,,84,84,1,12,4,120.687383,24.14629,2
12975,66000,387130000C,(04)23274275,(04)23288582,2025,12,30,13,15,臺中市,北屯區,0,0,0,7,,,50,,,,,,,,,,,,,,17,,,,,B02,,,1,,2,,,50,50,1,12,4,120.691967,24.176241,3
12976,66000,387130000C,(04)23274275,(04)23288582,2025,12,30,13,21,臺中市,神岡區,0,0,0,7,1,6,30,13,9,1,5,4,3,6,4,4,10,5,5,2,10,,,,,C03,,,1,,2,,,62,62,1,12,4,120.649476,24.257597,3
12977,66000,387130000C,(04)23274275,(04)23288582,2025,12,30,13,24,臺中市,北屯區,0,0,0,7,,,50,,,,,,,,,,,,,,13,,,,,B03,,,1,,1,,,77,77,1,6,4,120.665335,24.201336,3
12978,66000,387130000C,(04)23274275,(04)23288582,2025,12,30,13,28,臺中市,北區,0,1,0,7,2,6,50,4,4,1,5,4,6,6,1,1,1,5,5,2,13,3,10,3,1,B03,7,9,1,8,2,5,,21,21,1,12,4,120.68058,24.165411,2
12979,66000,387130000C,(04)23274275,(04)23288582,2025,12,30,13,28,臺中市,梧棲區,0,0,0,7,,,50,,,,,,,,,,,,,,17,,,,,B03,,,1,,2,,,84,84,1,6,4,120.534613,24.262375,3
12980,66000,387130000C,(04)23274275,(04)23288582,2025,12,30,13,32,臺中市,太平區,0,1,0,7,2,6,50,5,1,1,5,4,6,6,3,1,10,5,5,2,17,3,10,3,1,B12,7,11,3,19,2,16,,45,45,1,12,4,120.738429,24.157105,2
12981,66000,387130000C,(04)23274275,(04)23288582,2025,12,30,13,40,臺中市,東區,0,0,0,7,,,1,,,,,,,,,,,,,,17,,,,,B03,,,1,,1,,,51,51,1,12,4,120.710918,24.144584,3
12982,66000,387130000C,(04)23274275,(04)23288582,2025,12,30,13,42,臺中市,南屯區,0,2,0,7,3,6,50,4,1,1,5,4,6,6,4,4,10,5,5,2,15,2,8,1,1,C03,7,9,1,10,2,14,,13,13,1,6,4,120.643015,24.137151,2
12983,66000,387130000C,(04)23274275,(04)23288582,2025,12,30,13,43,臺中市,西屯區,0,0,0,7,,,50,,,,,,,,,,,,,,,,,,,B12,,,1,,2,,,49,49,1,12,4,120.661469,24.164802,3
12984,66000,387130000C,(04)23274275,(04)23288582,2025,12,30,13,45,臺中市,大雅區,0,0,0,7,,,30,,,,,,,,,,,,,,,,,,,B03,,,1,,1,,,20,20,1,13,4,120.646785,24.220422,3
12985,66000,387130000C,(04)23274275,(04)23288582,2025,12,30,13,48,臺中市,潭子區,0,0,0,7,,3,80,,,,,,,,,,,,,,,,,,,B03,,,1,,2,,,40,40,1,13,4,120.722311,24.193025,3
12986,66000,387130000C,(04)23274275,(04)23288582,2025,12,30,13,51,臺中市,烏日區,0,2,0,7,2,6,50,13,9,1,5,4,6,6,4,4,9,5,5,2,17,2,9,5,4,F01,7,11,7,21,2,14,,84,84,1,6,4,120.613197,24.110349,2
12987,66000,387130000C,(04)23274275,(04)23288582,2025,12,30,13,53,臺中市,中區,0,1,0,7,2,6,50,4,2,1,5,4,6,6,2,1,5,4,5,1,12,4,11,5,4,C03,7,9,1,10,9,16,,7,7,2,13,4,120.679497,24.142426,2
12988,66000,387130000C,(04)23274275,(04)23288582,2025,12,30,13,53,臺中市,南屯區,0,1,0,7,2,6,50,13,9,1,5,4,6,6,4,4,5,4,5,2,17,3,10,2,1,C03,7,9,1,10,2,11,,59,59,1,12,4,120.637895,24.14712,2
12989,66000,387130000C,(04)23274275,(04)23288582,2025,12,30,13,56,臺中市,西區,0,0,0,7,,,50,,,,,,,,,,,,,,,,,,,C03,,,1,10,1,,,49,49,1,13,4,120.658985,24.144057,3
12990,66000,387130000C,(04)23274275,(04)23288582,2025,12,30,13,56,臺中市,西區,0,0,0,7,,,50,,,,,,,,,,,,,,17,,,,,B03,,,1,,1,,,22,22,1,12,4,120.666551,24.141044,3
12991,66000,387130000C,(04)23274275,(04)23288582,2025,12,30,13,58,臺中市,太平區,0,0,0,7,,,50,,,,,,,,,,,,,,13,,,,,B03,,,1,,2,,,84,84,1,13,4,120.714101,24.149706,3
12992,66000,387130000C,(04)23274275,(04)23288582,2025,12,30,14,3,臺中市,西區,0,1,0,7,1,6,50,4,19,1,5,4,6,6,1,1,5,4,5,2,9,3,10,3,1,B03,7,6,1,8,2,5,,10,10,1,13,4,120.65721,24.141483,2
12993,66000,387130000C,(04)23274275,(04)23288582,2025,12,30,14,5,臺中市,南區,0,0,0,7,,,50,,,,,,,,,,,,,,,,,,,F03,,,7,,2,,,84,84,1,12,4,120.658845,24.116486,3
12994,66000,387130000C,(04)23274275,(04)23288582,2025,12,30,14,6,臺中市,西屯區,0,0,0,7,,,30,,,,,,,,,,,,,,8,,,,,B13,,,1,,9,,,84,84,2,12,4,120.634402,24.171157,3
12995,66000,387130000C,(04)23274275,(04)23288582,2025,12,30,14,8,臺中市,北屯區,0,1,0,7,2,6,50,13,9,1,5,4,6,6,4,4,5,4,5,2,12,3,10,3,1,B03,7,4,1,8,2,2,,8,8,1,6,4,120.694986,24.164947,2
12996,66000,387130000C,(04)23274275,(04)23288582,2025,12,30,14,9,臺中市,北屯區,0,1,0,7,2,6,50,4,1,1,5,4,6,6,2,1,10,5,5,2,13,3,10,3,1,B03,7,9,1,8,2,1,,59,59,1,12,4,120.685418,24.17086,2
12997,66000,387130000C,(04)23274275,(04)23288582,2025,12,30,14,10,臺中市,西屯區,0,0,0,7,,,50,,,,,,,,,,,,,,16,,,,,C03,,,1,,2,,,21,21,1,12,4,120.639679,24.165766,3
12998,66000,387130000C,(04)23274275,(04)23288582,2025,12,30,14,12,臺中市,北區,0,2,0,7,2,6,50,3,1,1,5,4,6,6,2,1,10,5,5,2,11,2,9,1,1,C03,7,6,1,10,2,12,,48,48,1,13,4,120.673788,24.15906,2
12999,66000,387130000C,(04)23274275,(04)23288582,2025,12,30,14,12,臺中市,南區,0,2,0,7,3,6,50,4,9,1,5,4,6,6,4,4,5,5,5,2,15,2,9,5,4,C03,7,9,1,10,2,12,,20,20,1,6,4,120.673098,24.127387,2
13000,66000,387130000C,(04)23274275,(04)23288582,2025,12,30,14,12,臺中市,石岡區,0,0,0,7,,,50,,,,,,,,,,,,,,,,,,,B12,,,1,,2,,,84,84,1,12,4,120.776334,24.270259,3
13001,66000,387130000C,(04)23274275,(04)23288582,2025,12,30,14,14,臺中市,北屯區,0,0,0,7,,,50,,,,,,,,,,,,,,15,,,,,B03,,,1,,1,,,14,14,1,13,4,120.733393,24.172137,3
13002,66000,387130000C,(04)23274275,(04)23288582,2025,12,30,14,15,臺中市,豐原區,0,1,0,7,1,6,50,4,1,1,5,4,6,6,1,1,5,4,4,2,17,3,10,1,1,C03,7,9,1,10,2,11,,25,25,1,6,4,120.71864,24.238098,2
13003,66000,387130000C,(04)23274275,(04)23288582,2025,12,30,14,23,臺中市,西區,0,1,0,7,2,6,50,4,2,1,5,4,6,6,2,1,1,4,5,1,17,3,10,2,1,C03,7,12,1,10,2,16,,84,84,1,13,4,120.652945,24.146725,2
13004,66000,387130000C,(04)23274275,(04)23288582,2025,12,30,14,34,臺中市,大里區,0,1,0,7,3,6,50,13,9,1,5,4,6,6,4,4,1,4,5,1,17,3,10,1,1,C03,7,9,1,10,2,16,,84,84,1,12,4,120.69333,24.104697,2
13005,66000,387130000C,(04)23274275,(04)23288582,2025,12,30,14,35,臺中市,北屯區,0,0,0,7,,3,40,,,,,,,,,,,,,,13,,,,,B03,,,1,,1,,,7,7,1,12,4,120.723694,24.182103,3
13006,66000,387130000C,(04)23274275,(04)23288582,2025,12,30,14,36,臺中市,后里區,0,0,0,7,2,6,30,13,9,1,5,4,6,6,4,4,10,5,5,2,14,3,10,3,1,B12,7,2,1,8,2,3,,49,49,1,12,4,120.707608,24.307587,3
13007,66000,387130000C,(04)23274275,(04)23288582,2025,12,30,14,43,臺中市,北區,0,2,0,7,2,6,50,3,1,1,5,4,6,6,4,4,5,4,5,2,16,2,9,1,1,C03,7,6,1,10,2,14,,12,12,1,12,4,120.6901,24.155876,2
13008,66000,387130000C,(04)23274275,(04)23288582,2025,12,30,14,43,臺中市,西屯區,0,0,0,7,,,40,,,,,,,,,,,,,,17,,,,,B03,,,1,,2,,,49,49,1,12,4,120.634394,24.17881,3
13009,66000,387130000C,(04)23274275,(04)23288582,2025,12,30,14,43,臺中市,太平區,0,0,0,7,,,50,,,,,,,,,,,,,,,,,,,A11,,,1,,9,,,84,84,2,12,4,120.711802,24.148165,3
13010,66000,387130000C,(04)23274275,(04)23288582,2025,12,30,14,45,臺中市,西屯區,0,1,0,7,2,6,50,4,1,1,5,4,6,6,2,1,10,5,5,2,16,3,10,5,4,B12,7,5,1,8,2,2,,84,84,1,12,4,120.638057,24.180773,2
13011,66000,387130000C,(04)23274275,(04)23288582,2025,12,30,14,45,臺中市,沙鹿區,0,1,0,7,2,6,50,3,1,1,5,4,6,6,4,4,10,5,5,2,17,3,10,3,1,B12,7,11,1,8,2,7,,85,85,1,6,4,120.579705,24.216727,2
13012,66000,387130000C,(04)23274275,(04)23288582,2025,12,30,14,50,臺中市,北區,0,0,0,7,,,50,,,,,,,,,,,,,,,,,,,C03,,,1,,11,,,87,87,1,13,4,120.674197,24.164606,3
13013,66000,387130000C,(04)23274275,(04)23288582,2025,12,30,14,51,臺中市,大里區,0,1,0,7,2,6,50,4,1,1,5,4,6,6,1,1,10,5,5,2,16,3,10,3,1,B12,7,5,1,6,2,2,,11,11,1,6,4,120.691411,24.091881,2
13014,66000,387130000C,(04)23274275,(04)23288582,2025,12,30,14,53,臺中市,東區,0,1,0,7,3,6,50,13,9,1,5,4,6,6,4,4,7,5,5,2,16,2,9,5,4,C04,7,6,1,8,1,11,,84,84,1,12,4,120.701578,24.138368,2
13015,66000,387130000C,(04)23274275,(04)23288582,2025,12,30,14,56,臺中市,東區,0,1,0,7,3,6,50,13,9,1,5,4,6,6,4,4,5,5,5,2,17,3,10,5,4,B03,7,9,1,9,2,2,,8,8,1,6,4,120.689148,24.14292,2
13016,66000,387130000C,(04)23274275,(04)23288582,2025,12,30,14,57,臺中市,西區,0,2,0,7,2,6,50,4,1,1,5,4,6,6,2,1,1,4,5,2,17,2,9,2,1,C03,7,9,1,10,2,11,,8,8,1,12,4,120.673471,24.147516,2
13017,66000,387130000C,(04)23274275,(04)23288582,2025,12,30,14,59,臺中市,北區,0,2,0,7,3,6,50,5,1,1,5,4,6,6,1,1,10,5,5,2,13,2,9,1,1,C03,7,9,1,10,2,11,,59,59,1,12,4,120.675865,24.158154,2
13018,66000,387130000C,(04)23274275,(04)23288582,2025,12,30,15,0,臺中市,南區,0,0,0,7,,,,,,,,,,,,,,,,,17,,,,,,,,,,,,,119,119,1,,,120.653821,24.118778,3
13019,66000,387130000C,(04)23274275,(04)23288582,2025,12,30,15,1,臺中市,南屯區,0,0,0,7,,,50,,,,,,,,,,,,,,13,,,,,C03,,,1,,1,,,59,59,1,13,4,120.642915,24.140399,3
13020,66000,387130000C,(04)23274275,(04)23288582,2025,12,30,15,2,臺中市,北區,0,2,0,7,2,6,50,4,1,1,5,4,6,6,2,1,10,5,5,2,11,2,9,1,1,C03,7,6,1,10,2,12,,11,11,1,13,4,120.687134,24.148847,2
13021,66000,387130000C,(04)23274275,(04)23288582,2025,12,30,15,5,臺中市,大雅區,0,0,0,7,,,70,,,,,,,,,,,,,,,,,,,A41,,,1,,1,,,84,84,1,12,4,120.64282,24.228236,3
13022,66000,387130000C,(04)23274275,(04)23288582,2025,12,30,15,6,臺中市,北屯區,0,1,0,7,2,6,50,13,9,1,5,4,6,6,4,4,1,4,5,1,16,3,10,3,1,B12,7,5,1,8,2,5,,20,20,1,6,4,120.668932,24.201829,2
13023,66000,387130000C,(04)23274275,(04)23288582,2025,12,30,15,10,臺中市,豐原區,0,2,0,7,2,6,50,13,9,1,5,4,6,6,4,4,1,4,5,1,18,2,9,2,1,C03,7,9,1,10,2,14,,84,84,1,13,4,120.721939,24.243635,2
13024,66000,387130000C,(04)23274275,(04)23288582,2025,12,30,15,17,臺中市,東勢區,0,1,0,7,2,6,50,5,1,1,5,4,6,6,1,1,10,5,5,2,12,2,9,5,4,C03,7,6,1,10,2,11,,8,8,1,13,4,120.825907,24.264367,2
13025,66000,387130000C,(04)23274275,(04)23288582,2025,12,30,15,20,臺中市,西屯區,0,1,0,7,2,6,40,13,8,1,5,4,6,6,4,4,1,4,1,2,18,2,9,2,1,C03,7,9,1,10,2,16,,5,5,1,13,4,120.644613,24.165012,2
13026,66000,387130000C,(04)23274275,(04)23288582,2025,12,30,15,23,臺中市,神岡區,0,1,0,7,1,6,50,5,1,1,5,4,6,6,1,1,10,4,4,2,14,3,10,3,1,B03,7,2,1,8,2,7,,49,49,1,12,4,120.66352,24.258392,2
13027,66000,387130000C,(04)23274275,(04)23288582,2025,12,30,15,24,臺中市,南區,0,0,0,7,,,40,,,,,,,,,,,,,,13,,,,,C03,,,1,,2,,,7,7,1,12,4,120.650059,24.120652,3
13028,66000,387130000C,(04)23274275,(04)23288582,2025,12,30,15,25,臺中市,南屯區,0,2,0,7,3,6,50,3,1,1,5,4,6,6,4,4,1,4,5,2,17,2,8,3,1,B12,7,1,1,8,2,8,,13,13,1,12,4,120.623846,24.145201,2
13029,66000,387130000C,(04)23274275,(04)23288582,2025,12,30,15,26,臺中市,太平區,0,1,0,7,2,6,50,3,1,1,5,4,6,6,1,1,10,5,5,2,28,,,,,,,,,,,,,118,118,1,,,120.725927,24.149776,2
13030,66000,387130000C,(04)23274275,(04)23288582,2025,12,30,15,28,臺中市,豐原區,0,2,0,7,2,6,50,3,1,1,5,4,6,6,1,1,10,5,5,2,17,2,9,1,1,C03,7,1,1,10,2,11,,51,51,1,13,4,120.716234,24.239207,2
13031,66000,387130000C,(04)23274275,(04)23288582,2025,12,30,15,29,臺中市,西區,0,1,0,7,2,6,50,3,1,1,5,4,6,6,4,4,10,5,5,2,16,2,9,1,1,F03,7,6,7,21,2,12,,14,14,1,13,4,120.673559,24.136164,2
13032,66000,387130000C,(04)23274275,(04)23288582,2025,12,30,15,30,臺中市,北區,0,0,0,7,2,6,50,13,9,1,5,4,6,6,4,4,2,4,5,2,12,3,10,3,1,B03,7,9,1,8,1,2,,84,84,1,12,4,120.677732,24.155751,4
13033,66000,387130000C,(04)23274275,(04)23288582,2025,12,30,15,30,臺中市,西屯區,0,2,0,7,2,6,50,3,1,1,5,4,6,6,4,4,10,5,5,2,13,2,8,5,4,C03,7,9,1,10,2,11,,7,7,1,13,4,120.64149,24.176942,2
13034,66000,387130000C,(04)23274275,(04)23288582,2025,12,30,15,31,臺中市,東區,0,1,0,7,2,6,50,4,2,1,5,4,6,6,2,1,10,5,5,2,17,3,10,3,1,B03,7,9,5,19,1,5,,84,84,1,12,4,120.697324,24.147898,2
13035,66000,387130000C,(04)23274275,(04)23288582,2025,12,30,15,31,臺中市,西屯區,0,1,0,7,2,6,50,13,9,1,5,3,1,6,4,4,5,5,5,2,30,2,9,5,4,C03,7,9,1,10,2,14,,84,84,1,12,4,120.608998,24.188691,2