序號,縣市別代碼,機關代碼,市話,傳真,年,月,日,時,分,縣市,區,死亡數量,受傷數量,2-30,天候,道路照明設備,道路類別,道路速限,道路型態,事故位置,路面鋪裝,路面狀態,路面缺陷,障礙物,視距,號誌種類,號誌動作,分向設施,快車道或一般車道間,快慢車道間,路面邊線,事故類型及型態,受傷程度,主要傷處,保護裝備,行動電話或功能裝置,當事者區分(類別),車輛用途,當事者行動狀態,駕照狀態,駕照種類,飲酒情形,車輛撞擊部位最初,車輛撞擊部位其他,肇事因素個別,肇事因素主要,肇事逃逸,職業,共享經濟或外送平台,GPS座標X,GPS座標Y,事故類別
13036,66000,387130000C,(04)23274275,(04)23288582,2025,12,30,15,32,臺中市,北區,0,1,0,7,2,6,50,13,8,1,5,4,6,6,4,4,5,4,4,2,18,2,9,6,1,F01,7,9,7,21,1,11,,84,84,1,12,4,120.6663,24.155827,2
13037,66000,387130000C,(04)23274275,(04)23288582,2025,12,30,15,35,臺中市,中區,0,2,0,7,1,6,50,4,9,1,5,4,6,6,4,4,5,4,5,2,13,2,8,1,1,C03,7,9,1,10,2,11,,7,7,1,13,4,120.681903,24.14034,2
13038,66000,387130000C,(04)23274275,(04)23288582,2025,12,30,15,38,臺中市,北區,0,2,0,7,3,6,50,13,9,1,5,4,6,6,4,4,3,2,5,2,13,2,9,5,4,C03,7,9,1,10,2,13,,7,7,1,13,4,120.674061,24.165329,2
13039,66000,387130000C,(04)23274275,(04)23288582,2025,12,30,15,40,臺中市,潭子區,0,1,0,7,2,6,30,3,1,1,5,4,6,6,4,4,10,5,5,2,12,2,9,1,1,F03,7,1,7,21,2,11,,51,51,1,13,4,120.706722,24.201439,2
13040,66000,387130000C,(04)23274275,(04)23288582,2025,12,30,15,41,臺中市,太平區,0,2,0,7,1,6,0,13,9,1,5,4,6,6,4,4,9,5,5,1,17,2,8,1,1,C03,7,1,1,10,2,16,,51,51,1,12,4,120.703642,24.111803,2
13041,66000,387130000C,(04)23274275,(04)23288582,2025,12,30,15,43,臺中市,大甲區,0,0,0,7,,,40,,,,,,,,,,,,,,16,,,,,B03,,,1,,2,,,34,34,1,6,4,120.62951,24.340359,3
13042,66000,387130000C,(04)23274275,(04)23288582,2025,12,30,15,49,臺中市,北區,0,1,0,7,2,6,50,4,1,1,5,4,6,6,2,1,10,5,5,2,13,2,9,1,1,C03,7,9,1,10,2,11,,84,84,1,13,4,120.678201,24.16334,2
13043,66000,387130000C,(04)23274275,(04)23288582,2025,12,30,15,49,臺中市,南屯區,0,0,0,7,,,50,,,,,,,,,,,,,,14,,,,,B03,,,1,,2,,,49,49,1,12,4,120.63405,24.146754,3
13044,66000,387130000C,(04)23274275,(04)23288582,2025,12,30,15,51,臺中市,南區,0,1,0,7,3,6,50,4,2,1,5,4,6,6,1,1,10,5,5,2,13,2,9,2,1,C03,7,9,1,10,1,11,,7,7,1,13,4,120.661951,24.12983,2
13045,66000,387130000C,(04)23274275,(04)23288582,2025,12,30,15,51,臺中市,西屯區,0,1,0,7,2,6,50,13,9,1,5,4,6,6,2,1,1,4,5,2,13,2,9,2,1,C03,7,9,1,10,2,11,,8,8,1,12,4,120.626875,24.181253,2
13046,66000,387130000C,(04)23274275,(04)23288582,2025,12,30,15,53,臺中市,大里區,0,0,0,7,,,50,,,,,,,,,,,,,,17,,,,,B03,,,1,,2,,,84,84,1,12,4,120.67972,24.104388,3
13047,66000,387130000C,(04)23274275,(04)23288582,2025,12,30,15,54,臺中市,神岡區,0,1,0,7,1,6,30,3,1,1,5,4,6,6,4,4,9,5,5,1,15,3,10,3,1,B03,7,1,1,8,2,1,,12,12,1,12,4,120.692025,24.238046,2
13048,66000,387130000C,(04)23274275,(04)23288582,2025,12,30,15,55,臺中市,太平區,0,1,0,7,2,6,50,3,1,1,5,4,6,6,4,4,5,4,5,1,16,3,10,3,1,B01,7,11,1,4,2,8,,44,44,1,12,4,120.716161,24.127611,2
13049,66000,387130000C,(04)23274275,(04)23288582,2025,12,30,15,59,臺中市,豐原區,0,0,0,7,,,60,,,,,,,,,,,,,,13,,,,,B03,,,1,,2,,,59,59,1,13,4,120.720227,24.236722,3
13050,66000,387130000C,(04)23274275,(04)23288582,2025,12,30,16,0,臺中市,北屯區,0,0,0,7,,,50,,,,,,,,,,,,,,,,,,,B03,,,3,,2,,,84,84,1,6,4,120.671705,24.175496,3
13051,66000,387130000C,(04)23274275,(04)23288582,2025,12,30,16,0,臺中市,西屯區,0,0,0,7,,,60,,,,,,,,,,,,,,13,,,,,B03,,,1,,1,,,7,7,1,13,4,120.648176,24.163931,3
13052,66000,387130000C,(04)23274275,(04)23288582,2025,12,30,16,8,臺中市,南區,0,1,0,7,2,6,50,4,1,1,5,4,6,6,4,4,10,5,5,2,17,2,9,2,1,C03,7,15,1,10,2,12,,4,4,1,12,4,120.6624,24.119704,2
13053,66000,387130000C,(04)23274275,(04)23288582,2025,12,30,16,9,臺中市,南屯區,0,0,0,7,,,50,,,,,,,,,,,,,,,,,,,B03,,,1,,2,,,21,21,1,12,4,120.631748,24.125647,3
13054,66000,387130000C,(04)23274275,(04)23288582,2025,12,30,16,10,臺中市,南屯區,0,0,0,7,,,50,,,,,,,,,,,,,,13,,,,,B03,,,1,,1,,,84,84,1,13,4,120.611874,24.148294,3
13055,66000,387130000C,(04)23274275,(04)23288582,2025,12,30,16,11,臺中市,潭子區,0,0,0,7,,3,40,,,,,,,,,,,,,,,,,,,B03,,,1,,2,,,84,84,1,13,4,120.701644,24.201173,3
13056,66000,387130000C,(04)23274275,(04)23288582,2025,12,30,16,13,臺中市,南區,0,0,0,7,,,50,,,,,,,,,,,,,,12,,,,,A12,,,1,,2,,,84,84,1,6,4,120.679264,24.124943,3
13057,66000,387130000C,(04)23274275,(04)23288582,2025,12,30,16,13,臺中市,太平區,0,0,0,7,,,30,,,,,,,,,,,,,,,,,,,B03,,,1,,2,,,14,14,1,12,4,120.730811,24.141854,3
13058,66000,387130000C,(04)23274275,(04)23288582,2025,12,30,16,14,臺中市,太平區,0,1,0,7,2,6,30,3,1,1,5,4,6,3,4,4,4,5,5,2,16,2,8,4,1,F01,7,6,7,21,2,11,,12,12,1,3,4,120.713605,24.153367,2
13059,66000,387130000C,(04)23274275,(04)23288582,2025,12,30,16,18,臺中市,大雅區,0,0,0,7,,,50,,,,,,,,,,,,,,,,,,,B12,,,1,,1,,,7,7,1,13,4,120.655893,24.23,3
13060,66000,387130000C,(04)23274275,(04)23288582,2025,12,30,16,18,臺中市,北區,0,2,0,7,3,6,50,4,2,1,5,4,6,6,1,1,5,4,5,2,16,2,9,5,4,C03,7,6,1,10,2,14,,23,23,1,13,4,120.667668,24.165272,2
13061,66000,387130000C,(04)23274275,(04)23288582,2025,12,30,16,19,臺中市,西區,0,0,0,7,,,0,,,,,,,,,,,,,,,,,,,,,,,,,,,86,86,1,,,120.681805,24.136123,3
13062,66000,387130000C,(04)23274275,(04)23288582,2025,12,30,16,23,臺中市,西屯區,0,0,0,7,,,50,,,,,,,,,,,,,,12,,,,,B03,,,5,,1,,,40,40,1,13,4,120.637584,24.167157,3
13063,66000,387130000C,(04)23274275,(04)23288582,2025,12,30,16,24,臺中市,大雅區,0,1,0,7,3,6,50,4,1,1,5,4,6,6,1,1,10,5,5,2,17,3,10,3,1,B03,7,6,1,8,2,8,,11,11,1,12,4,120.645845,24.225776,2
13064,66000,387130000C,(04)23274275,(04)23288582,2025,12,30,16,25,臺中市,大里區,0,1,0,7,2,6,40,13,9,1,5,4,6,6,4,4,5,5,5,2,18,2,9,1,1,C03,7,9,1,10,2,12,,84,84,1,13,4,120.699834,24.110953,2
13065,66000,387130000C,(04)23274275,(04)23288582,2025,12,30,16,25,臺中市,太平區,0,1,0,7,2,6,50,3,1,1,5,4,6,6,4,4,10,5,5,2,16,3,10,3,1,B03,7,6,1,8,2,5,,14,14,1,12,4,120.712128,24.149957,2
13066,66000,387130000C,(04)23274275,(04)23288582,2025,12,30,16,25,臺中市,梧棲區,0,0,0,7,,,40,,,,,,,,,,,,,,17,,,,,B03,,,1,,2,,,59,59,1,6,4,120.526538,24.222355,4
13067,66000,387130000C,(04)23274275,(04)23288582,2025,12,30,16,26,臺中市,北屯區,0,1,0,7,2,6,50,4,1,1,5,4,6,6,3,1,10,5,5,2,15,3,10,3,1,B03,7,9,1,8,2,1,,24,24,1,6,4,120.703683,24.174604,2
13068,66000,387130000C,(04)23274275,(04)23288582,2025,12,30,16,27,臺中市,潭子區,0,0,0,7,,,0,,,,,,,,,,,,,,,,,,,C03,,,1,,2,,,84,84,1,13,4,120.705469,24.214641,3
13069,66000,387130000C,(04)23274275,(04)23288582,2025,12,30,16,28,臺中市,西屯區,0,0,0,7,,,50,,,,,,,,,,,,,,13,,,,,B03,,,1,,1,,,7,7,1,12,4,120.660778,24.164932,3
13070,66000,387130000C,(04)23274275,(04)23288582,2025,12,30,16,28,臺中市,梧棲區,0,0,0,7,,,50,,,,,,,,,,,,,,17,,,,,C03,,,1,,2,,,59,59,1,6,4,120.52807,24.240003,4
13071,66000,387130000C,(04)23274275,(04)23288582,2025,12,30,16,30,臺中市,北屯區,0,1,0,7,3,6,50,4,1,1,5,4,6,6,2,1,10,5,5,2,13,2,9,2,1,C03,7,9,1,10,2,11,,7,7,1,6,4,120.685964,24.183615,2
13072,66000,387130000C,(04)23274275,(04)23288582,2025,12,30,16,33,臺中市,烏日區,0,0,0,7,,,50,,,,,,,,,,,,,,13,,,,,A05,,,1,,1,,,84,84,1,6,4,120.629004,24.101717,3
13073,66000,387130000C,(04)23274275,(04)23288582,2025,12,30,16,34,臺中市,北屯區,0,1,0,7,3,6,50,13,9,1,5,4,6,6,4,4,5,4,5,2,12,3,10,3,1,B03,7,5,1,8,2,2,,84,84,1,6,4,120.665077,24.186109,2
13074,66000,387130000C,(04)23274275,(04)23288582,2025,12,30,16,35,臺中市,中區,0,0,0,7,,,50,,,,,,,,,,,,,,13,,,,,C03,,,1,,1,,,7,7,1,12,4,120.684857,24.142625,3
13075,66000,387130000C,(04)23274275,(04)23288582,2025,12,30,16,35,臺中市,南屯區,0,0,0,7,,,50,,,,,,,,,,,,,,12,,,,,B03,,,1,,2,,,84,84,1,13,4,120.649448,24.143921,3
13076,66000,387130000C,(04)23274275,(04)23288582,2025,12,30,16,35,臺中市,南屯區,0,0,0,7,,,50,,,,,,,,,,,,,,13,,,,,B03,,,1,,1,,,84,84,1,12,4,120.653201,24.129476,3
13077,66000,387130000C,(04)23274275,(04)23288582,2025,12,30,16,35,臺中市,烏日區,0,1,0,7,2,6,50,4,1,1,5,4,6,6,1,1,10,5,5,2,17,2,9,5,4,C03,7,9,1,10,2,14,,43,43,1,8,4,120.646652,24.110341,2
13078,66000,387130000C,(04)23274275,(04)23288582,2025,12,30,16,36,臺中市,南屯區,0,0,0,7,,,40,,,,,,,,,,,,,,17,,,,,C03,,,1,,2,,,84,84,1,13,4,120.640766,24.152985,3
13079,66000,387130000C,(04)23274275,(04)23288582,2025,12,30,16,41,臺中市,太平區,0,1,0,7,2,6,50,3,1,1,5,4,6,6,4,4,10,5,5,2,16,3,10,3,1,B12,7,11,1,8,2,4,,45,45,1,12,4,120.703691,24.113293,2
13080,66000,387130000C,(04)23274275,(04)23288582,2025,12,30,16,42,臺中市,大里區,0,1,0,7,3,6,50,13,9,1,5,4,6,6,4,4,5,5,5,1,13,3,10,1,1,C03,7,11,1,10,2,13,,45,45,1,13,4,120.678129,24.104972,2
13081,66000,387130000C,(04)23274275,(04)23288582,2025,12,30,16,45,臺中市,大雅區,0,2,0,7,3,6,50,3,1,1,5,4,6,6,4,4,4,5,5,1,17,3,10,5,4,B12,7,11,1,8,2,8,,84,84,1,13,4,120.650602,24.229383,2
13082,66000,387130000C,(04)23274275,(04)23288582,2025,12,30,16,47,臺中市,東區,0,0,0,7,,,50,,,,,,,,,,,,,,12,,,,,B12,,,1,,2,,,84,84,1,12,4,120.693584,24.147991,3
13083,66000,387130000C,(04)23274275,(04)23288582,2025,12,30,16,47,臺中市,西屯區,0,1,0,7,2,6,30,4,1,1,5,4,6,6,4,4,10,5,5,2,15,3,10,5,4,B03,7,9,1,8,2,2,,12,12,1,13,4,120.632546,24.194709,2
13084,66000,387130000C,(04)23274275,(04)23288582,2025,12,30,16,50,臺中市,南屯區,0,0,0,7,,,50,,,,,,,,,,,,,,,,,,,F02,,,1,,9,,,87,87,1,12,4,120.611159,24.138249,3
13085,66000,387130000C,(04)23274275,(04)23288582,2025,12,30,16,52,臺中市,太平區,0,0,0,7,,,50,,,,,,,,,,,,,,,,,,,B03,,,1,,2,,,84,84,1,12,4,120.717048,24.151995,3
13086,66000,387130000C,(04)23274275,(04)23288582,2025,12,30,16,52,臺中市,太平區,0,2,0,7,2,6,50,4,1,1,5,4,6,6,1,1,10,5,5,2,15,2,9,1,1,F03,7,9,7,21,2,11,,85,85,1,12,4,120.727562,24.126594,2
13087,66000,387130000C,(04)23274275,(04)23288582,2025,12,30,16,52,臺中市,沙鹿區,0,1,0,6,2,6,50,4,1,1,5,4,6,6,4,4,10,5,5,2,18,2,9,2,1,C03,7,9,1,10,2,14,,84,84,1,5,4,120.574098,24.239382,2
13088,66000,387130000C,(04)23274275,(04)23288582,2025,12,30,16,53,臺中市,西區,0,1,0,7,2,6,50,4,1,1,5,4,6,6,4,4,10,5,5,2,15,3,10,5,4,B03,7,9,1,8,2,2,,15,15,1,13,4,120.669059,24.140423,2
13089,66000,387130000C,(04)23274275,(04)23288582,2025,12,30,16,58,臺中市,大里區,0,0,0,7,,,40,,,,,,,,,,,,,,17,,,,,B12,,,1,,2,,,84,84,1,6,4,120.654825,24.088895,3
13090,66000,387130000C,(04)23274275,(04)23288582,2025,12,30,16,58,臺中市,清水區,0,0,0,7,,,70,,,,,,,,,,,,,,,,,,,B13,,,1,,2,,,14,14,1,12,4,120.574711,24.300019,3
13091,66000,387130000C,(04)23274275,(04)23288582,2025,12,30,16,58,臺中市,梧棲區,0,0,0,7,,,50,,,,,,,,,,,,,,14,,,,,B03,,,1,,1,,,49,49,1,6,4,120.537155,24.262312,4
13092,66000,387130000C,(04)23274275,(04)23288582,2025,12,30,17,0,臺中市,北屯區,0,1,0,7,2,6,50,13,9,1,5,4,6,6,4,4,5,5,5,2,12,3,10,3,1,B03,7,9,1,8,2,2,,42,42,1,6,4,120.695193,24.165404,2
13093,66000,387130000C,(04)23274275,(04)23288582,2025,12,30,17,0,臺中市,太平區,0,0,0,7,,,50,,,,,,,,,,,,,,,,,,,B03,,,1,,2,,,49,49,1,12,4,120.716894,24.151681,3
13094,66000,387130000C,(04)23274275,(04)23288582,2025,12,30,17,4,臺中市,南屯區,0,0,0,7,,,50,,,,,,,,,,,,,,13,,,,,B03,,,1,,1,,,56,56,1,12,4,120.637933,24.14205,3
13095,66000,387130000C,(04)23274275,(04)23288582,2025,12,30,17,4,臺中市,西屯區,0,0,0,6,,,50,,,,,,,,,,,,,,16,,,,,C03,,,1,,1,,,45,45,1,13,4,120.595334,24.170397,3
13096,66000,387130000C,(04)23274275,(04)23288582,2025,12,30,17,7,臺中市,大里區,0,1,0,7,2,6,50,13,8,1,5,4,6,6,4,4,1,5,4,1,17,3,10,3,1,B03,7,7,1,8,2,5,,40,40,1,12,4,120.664072,24.088272,2
13097,66000,387130000C,(04)23274275,(04)23288582,2025,12,30,17,10,臺中市,太平區,0,2,0,7,1,6,50,13,9,1,5,4,6,6,4,4,5,5,4,2,10,2,9,1,1,F01,7,9,7,21,2,13,,84,84,1,12,4,120.708853,24.129325,2
13098,66000,387130000C,(04)23274275,(04)23288582,2025,12,30,17,11,臺中市,神岡區,0,1,0,7,2,6,40,4,2,1,5,4,6,6,4,4,10,5,5,1,30,2,9,5,4,C03,7,9,1,10,2,11,,6,6,1,12,4,120.678128,24.247525,2
13099,66000,387130000C,(04)23274275,(04)23288582,2025,12,30,17,12,臺中市,北區,0,2,0,7,1,6,50,18,24,1,5,4,6,6,1,1,10,4,4,2,13,2,9,5,4,C03,7,9,1,10,2,11,,7,7,1,13,4,120.688211,24.16282,2
13100,66000,387130000C,(04)23274275,(04)23288582,2025,12,30,17,12,臺中市,太平區,0,0,0,7,,,50,,,,,,,,,,,,,,15,,,,,C03,,,1,,2,,,13,13,1,6,4,120.715153,24.105201,3
13101,66000,387130000C,(04)23274275,(04)23288582,2025,12,30,17,13,臺中市,西屯區,0,0,0,7,,,50,,,,,,,,,,,,,,17,,,,,C03,,,3,,1,,,7,7,1,12,4,120.649541,24.162188,3
13102,66000,387130000C,(04)23274275,(04)23288582,2025,12,30,17,14,臺中市,北屯區,0,0,0,7,,3,40,,,,,,,,,,,,,,,,,,,,,,,,,,,119,119,1,,,120.720243,24.16493,3
13103,66000,387130000C,(04)23274275,(04)23288582,2025,12,30,17,15,臺中市,太平區,0,0,0,7,,,40,,,,,,,,,,,,,,,,,,,B03,,,1,,9,,,84,84,1,12,4,120.714284,24.159034,3
13104,66000,387130000C,(04)23274275,(04)23288582,2025,12,30,17,15,臺中市,烏日區,0,0,0,7,,,60,,,,,,,,,,,,,,13,,,,,B03,,,1,,1,,,7,7,1,6,4,120.62036,24.102093,3
13105,66000,387130000C,(04)23274275,(04)23288582,2025,12,30,17,16,臺中市,梧棲區,0,2,0,7,3,6,50,4,1,1,5,4,6,6,1,1,10,5,5,2,15,2,9,1,1,C03,7,9,1,10,2,11,,59,59,1,6,4,120.518256,24.238737,2
13106,66000,387130000C,(04)23274275,(04)23288582,2025,12,30,17,17,臺中市,西區,0,0,0,7,,,50,,,,,,,,,,,,,,13,,,,,B03,,,1,,1,,,7,7,1,13,4,120.674078,24.148293,3
13107,66000,387130000C,(04)23274275,(04)23288582,2025,12,30,17,18,臺中市,南區,0,1,0,7,1,6,50,13,7,1,5,4,6,6,4,4,5,4,4,2,13,3,10,3,1,A02,7,9,1,2,2,1,,59,59,1,6,4,120.652157,24.121995,2
13108,66000,387130000C,(04)23274275,(04)23288582,2025,12,30,17,18,臺中市,西屯區,0,0,0,7,,,50,,,,,,,,,,,,,,11,,,,,B03,,,1,,1,,,47,47,1,13,4,120.604427,24.160551,3
13109,66000,387130000C,(04)23274275,(04)23288582,2025,12,30,17,19,臺中市,后里區,0,1,0,7,1,6,30,4,1,1,5,4,6,6,4,4,10,5,5,2,15,3,10,3,1,B03,7,9,1,8,2,6,,15,15,1,6,4,120.725991,24.305482,2
13110,66000,387130000C,(04)23274275,(04)23288582,2025,12,30,17,21,臺中市,北屯區,0,0,0,7,,,40,,,,,,,,,,,,,,,,,,,B03,,,1,,2,,,55,55,1,6,4,120.678187,24.184605,3
13111,66000,387130000C,(04)23274275,(04)23288582,2025,12,30,17,22,臺中市,大里區,0,2,0,7,1,6,30,4,1,1,5,4,6,6,1,1,10,5,5,1,15,2,9,5,4,C03,7,9,3,19,2,13,,21,21,1,12,4,120.702275,24.097467,2
13112,66000,387130000C,(04)23274275,(04)23288582,2025,12,30,17,23,臺中市,南屯區,0,0,0,7,,,50,,,,,,,,,,,,,,13,,,,,C03,,,1,,1,,,7,7,1,13,4,120.609707,24.138486,3
13113,66000,387130000C,(04)23274275,(04)23288582,2025,12,30,17,24,臺中市,大雅區,0,0,0,7,,,50,,,,,,,,,,,,,,,,,,,C03,,,1,,2,,,34,34,1,12,4,120.638078,24.246488,3
13114,66000,387130000C,(04)23274275,(04)23288582,2025,12,30,17,25,臺中市,沙鹿區,0,1,0,7,2,6,50,3,1,1,5,4,6,6,1,1,10,5,5,2,17,3,10,3,1,B03,7,5,1,8,2,16,,47,47,1,6,4,120.570525,24.21744,2
13115,66000,387130000C,(04)23274275,(04)23288582,2025,12,30,17,26,臺中市,豐原區,0,1,0,7,1,6,50,13,9,1,5,4,6,6,4,4,1,4,5,1,12,2,9,1,4,C03,7,9,3,19,2,14,,8,8,1,12,4,120.729702,24.255688,2
13116,66000,387130000C,(04)23274275,(04)23288582,2025,12,30,17,28,臺中市,西屯區,0,1,0,7,2,6,40,3,1,1,5,4,6,6,4,4,10,5,5,2,12,3,10,3,1,B12,7,11,1,8,2,8,,45,45,1,13,4,120.644126,24.178858,2
13117,66000,387130000C,(04)23274275,(04)23288582,2025,12,30,17,28,臺中市,沙鹿區,0,2,0,7,1,6,50,13,9,1,5,4,6,6,4,4,5,5,5,1,17,2,9,1,1,C03,7,11,3,19,2,14,,39,39,1,12,4,120.578907,24.220712,2
13118,66000,387130000C,(04)23274275,(04)23288582,2025,12,30,17,29,臺中市,東區,0,0,0,7,,,50,,,,,,,,,,,,,,,,,,,B03,,,1,,9,,,84,84,1,12,4,120.695671,24.141213,3
13119,66000,387130000C,(04)23274275,(04)23288582,2025,12,30,17,30,臺中市,潭子區,0,1,0,7,1,6,60,13,7,1,5,4,6,6,4,4,1,4,4,1,18,2,8,2,1,C03,7,9,1,10,2,16,,59,59,1,13,4,120.70691,24.223414,2
13120,66000,387130000C,(04)23274275,(04)23288582,2025,12,30,17,30,臺中市,西屯區,0,0,0,7,,,30,,,,,,,,,,,,,,14,,,,,B02,,,1,,9,,,49,49,1,12,4,120.65196,24.172324,3
13121,66000,387130000C,(04)23274275,(04)23288582,2025,12,30,17,30,臺中市,龍井區,0,0,0,7,,,50,,,,,,,,,,,,,,,,,,,C03,,,1,,1,,,7,7,1,12,4,120.587467,24.181327,3
13122,66000,387130000C,(04)23274275,(04)23288582,2025,12,30,17,30,臺中市,龍井區,0,0,0,7,,,50,,,,,,,,,,,,,,,,,,,B03,,,1,,1,,,7,7,1,12,4,120.584635,24.182078,4
13123,66000,387130000C,(04)23274275,(04)23288582,2025,12,30,17,30,臺中市,大甲區,0,1,0,7,1,6,50,13,9,1,5,4,6,6,4,4,5,5,5,1,17,3,10,5,4,C03,7,15,1,10,2,16,,40,40,1,4,4,120.620813,24.342784,2
13124,66000,387130000C,(04)23274275,(04)23288582,2025,12,30,17,30,臺中市,大甲區,0,2,0,7,1,6,50,4,9,1,5,4,6,6,1,1,10,5,5,2,16,2,7,4,1,F01,7,6,7,21,1,14,,48,48,1,12,4,120.623194,24.351867,2
13125,66000,387130000C,(04)23274275,(04)23288582,2025,12,30,17,31,臺中市,大雅區,0,0,0,7,,,50,,,,,,,,,,,,,,,,,,,C03,,,1,,1,,,7,7,1,13,4,120.64875,24.225681,3
13126,66000,387130000C,(04)23274275,(04)23288582,2025,12,30,17,32,臺中市,西屯區,0,0,0,7,,,50,,,,,,,,,,,,,,16,,,,,C03,,,1,,1,,,51,51,1,12,4,120.645042,24.180947,3
13127,66000,387130000C,(04)23274275,(04)23288582,2025,12,30,17,33,臺中市,東區,0,0,0,7,,,50,,,,,,,,,,,,,,17,,,,,C03,,,1,,2,,,4,4,1,6,4,120.693,24.134773,3
13128,66000,387130000C,(04)23274275,(04)23288582,2025,12,30,17,33,臺中市,大里區,0,0,0,7,,,30,,,,,,,,,,,,,,13,,,,,B03,,,1,,2,,,7,7,1,13,4,120.679174,24.116497,3
13129,66000,387130000C,(04)23274275,(04)23288582,2025,12,30,17,34,臺中市,西屯區,0,0,0,7,1,6,50,4,1,1,5,4,6,6,4,4,5,5,4,2,15,,,,,B03,,,1,,1,,,20,20,1,13,4,120.666059,24.171128,3
13130,66000,387130000C,(04)23274275,(04)23288582,2025,12,30,17,34,臺中市,大肚區,0,1,0,7,1,6,50,13,9,1,5,4,6,6,4,4,9,4,5,1,12,2,9,1,1,C03,7,9,1,10,2,11,,84,84,1,6,4,120.575014,24.171914,2
13131,66000,387130000C,(04)23274275,(04)23288582,2025,12,30,17,35,臺中市,北屯區,0,0,0,7,,,50,,,,,,,,,,,,,,13,,,,,C03,,,1,,1,,,59,59,1,6,4,120.694146,24.166196,3
13132,66000,387130000C,(04)23274275,(04)23288582,2025,12,30,17,35,臺中市,西屯區,0,1,0,6,1,6,50,5,1,1,5,4,6,6,2,1,10,5,5,2,16,3,10,5,4,B02,7,5,1,8,2,2,,47,47,1,13,4,120.623637,24.176819,2
13133,66000,387130000C,(04)23274275,(04)23288582,2025,12,30,17,36,臺中市,北屯區,0,0,0,7,,,50,,,,,,,,,,,,,,,,,,,B03,,,1,,1,,,84,84,1,6,4,120.702824,24.169763,3
13134,66000,387130000C,(04)23274275,(04)23288582,2025,12,30,17,39,臺中市,大肚區,0,0,0,7,,,30,,,,,,,,,,,,,,11,,,,,B03,,,1,,2,,,8,8,1,6,4,120.570825,24.12807,3
13135,66000,387130000C,(04)23274275,(04)23288582,2025,12,30,17,40,臺中市,西屯區,0,1,0,7,1,6,50,3,1,1,5,4,6,6,3,1,10,5,5,2,12,3,10,2,1,C03,7,5,1,10,2,14,,42,42,1,13,4,120.589127,24.175385,2
13136,66000,387130000C,(04)23274275,(04)23288582,2025,12,30,17,41,臺中市,大甲區,0,1,0,7,1,6,50,3,9,1,5,4,6,6,4,4,9,5,5,1,16,3,10,3,1,B03,7,6,1,8,2,8,,14,14,1,6,4,120.63681,24.367826,2
13137,66000,387130000C,(04)23274275,(04)23288582,2025,12,30,17,42,臺中市,北區,0,1,0,7,1,6,50,3,1,1,5,4,6,6,4,4,10,5,5,2,12,3,10,3,1,B03,7,5,1,8,2,2,,84,84,1,13,4,120.688776,24.156457,2
13138,66000,387130000C,(04)23274275,(04)23288582,2025,12,30,17,44,臺中市,北屯區,0,1,0,7,1,6,50,4,1,1,5,4,6,6,2,1,10,5,5,2,16,3,10,3,1,B03,7,6,1,8,1,5,,11,11,1,12,4,120.710719,24.18224,2
13139,66000,387130000C,(04)23274275,(04)23288582,2025,12,30,17,44,臺中市,沙鹿區,0,0,0,7,,,50,,,,,,,,,,,,,,,,,,,B03,,,1,,2,,,84,84,1,6,4,120.583241,24.221022,3
13140,66000,387130000C,(04)23274275,(04)23288582,2025,12,30,17,45,臺中市,西區,0,0,0,7,,,50,,,,,,,,,,,,,,,,,,,C03,,,1,,1,,,7,7,1,6,4,120.656458,24.140261,3
13141,66000,387130000C,(04)23274275,(04)23288582,2025,12,30,17,45,臺中市,中區,0,1,0,7,1,6,50,4,2,1,5,4,6,6,1,1,10,5,5,2,13,2,9,2,1,C03,7,9,1,10,1,11,,58,58,1,12,4,120.675733,24.144209,2
13142,66000,387130000C,(04)23274275,(04)23288582,2025,12,30,17,45,臺中市,豐原區,0,0,0,7,,,50,,,,,,,,,,,,,,17,,,,,B03,,,1,,2,,,7,7,1,6,4,120.703309,24.243145,3
13143,66000,387130000C,(04)23274275,(04)23288582,2025,12,30,17,47,臺中市,西區,0,0,0,7,,,50,,,,,,,,,,,,,,,,,,,B03,,,1,8,1,,,40,40,1,13,4,120.656147,24.14027,3
13144,66000,387130000C,(04)23274275,(04)23288582,2025,12,30,17,48,臺中市,南屯區,0,1,0,7,1,6,40,3,1,1,5,4,6,6,4,4,1,4,5,2,13,2,9,2,1,C03,7,9,1,10,1,11,,59,59,1,13,4,120.624872,24.145003,2
13145,66000,387130000C,(04)23274275,(04)23288582,2025,12,30,17,48,臺中市,南屯區,0,0,0,7,,,50,,,,,,,,,,,,,,17,,,,,B01,,,1,,1,,,51,51,1,12,4,120.653933,24.140036,3
13146,66000,387130000C,(04)23274275,(04)23288582,2025,12,30,17,48,臺中市,南屯區,0,1,0,7,1,6,40,3,1,1,5,4,6,6,1,1,10,5,5,2,17,3,10,3,1,B03,7,6,1,8,2,2,,11,11,1,12,4,120.606254,24.145523,2
13147,66000,387130000C,(04)23274275,(04)23288582,2025,12,30,17,49,臺中市,烏日區,0,1,0,7,1,6,50,3,2,1,5,4,6,6,3,1,5,5,4,1,28,2,9,5,4,C03,7,9,1,10,2,11,,87,87,1,12,4,120.659211,24.096093,2