序號,縣市別代碼,機關代碼,市話,傳真,年,月,日,時,分,縣市,區,死亡數量,受傷數量,2-30,天候,道路照明設備,道路類別,道路速限,道路型態,事故位置,路面鋪裝,路面狀態,路面缺陷,障礙物,視距,號誌種類,號誌動作,分向設施,快車道或一般車道間,快慢車道間,路面邊線,事故類型及型態,受傷程度,主要傷處,保護裝備,行動電話或功能裝置,當事者區分(類別),車輛用途,當事者行動狀態,駕照狀態,駕照種類,飲酒情形,車輛撞擊部位最初,車輛撞擊部位其他,肇事因素個別,肇事因素主要,肇事逃逸,職業,共享經濟或外送平台,GPS座標X,GPS座標Y,事故類別
13148,66000,387130000C,(04)23274275,(04)23288582,2025,12,30,17,49,臺中市,外埔區,0,1,0,7,1,6,50,13,9,1,5,4,6,6,4,4,5,5,5,1,16,3,10,3,1,B03,7,11,1,8,2,5,,46,46,1,12,4,120.656935,24.338783,2
13149,66000,387130000C,(04)23274275,(04)23288582,2025,12,30,17,51,臺中市,大里區,0,1,0,7,1,6,60,4,1,5,5,4,6,6,1,1,10,5,5,2,16,3,10,3,1,B03,7,5,1,8,2,5,,39,39,1,6,4,120.68816,24.102117,2
13150,66000,387130000C,(04)23274275,(04)23288582,2025,12,30,17,52,臺中市,北屯區,0,1,0,7,2,6,50,13,7,1,5,4,1,6,4,4,5,5,4,2,3,2,9,6,5,H01,8,16,7,21,10,17,,98,98,1,12,5,120.67261,24.176723,2
13151,66000,387130000C,(04)23274275,(04)23288582,2025,12,30,17,52,臺中市,西屯區,0,1,0,7,1,6,50,4,1,1,5,4,6,6,1,1,10,5,5,2,16,2,9,5,4,C03,7,6,1,10,2,11,14,11,11,1,12,4,120.663274,24.163349,2
13152,66000,387130000C,(04)23274275,(04)23288582,2025,12,30,17,53,臺中市,龍井區,0,0,0,7,,,50,,,,,,,,,,,,,,12,,,,,C03,,,1,,2,,,7,7,1,6,4,120.591775,24.181417,3
13153,66000,387130000C,(04)23274275,(04)23288582,2025,12,30,17,57,臺中市,北屯區,0,0,0,7,,,50,,,,,,,,,,,,,,13,,,,,B12,,,1,,2,,,59,59,1,6,4,120.670742,24.178697,3
13154,66000,387130000C,(04)23274275,(04)23288582,2025,12,30,17,58,臺中市,北屯區,0,0,0,7,,,1,,,,,,,,,,,,,,17,,,,,C03,,,1,,9,,,8,8,1,6,4,120.684948,24.169555,3
13155,66000,387130000C,(04)23274275,(04)23288582,2025,12,30,17,59,臺中市,北區,0,0,0,7,1,6,50,3,2,1,5,4,6,6,4,4,5,4,5,2,13,3,10,3,1,B01,7,5,1,4,1,1,,7,7,1,12,4,120.694311,24.160477,3
13156,66000,387130000C,(04)23274275,(04)23288582,2025,12,30,18,0,臺中市,大里區,0,0,0,7,,,,,,,,,,,,,,,,,17,,,,,,,,,,,,,119,119,1,,,120.69484,24.097471,3
13157,66000,387130000C,(04)23274275,(04)23288582,2025,12,30,18,3,臺中市,沙鹿區,0,2,0,7,2,6,0,13,9,1,5,4,6,6,4,4,9,5,5,1,3,2,8,6,5,H01,8,16,7,21,10,17,,95,95,1,6,5,120.578887,24.220815,2
13158,66000,387130000C,(04)23274275,(04)23288582,2025,12,30,18,4,臺中市,東區,0,1,0,7,3,6,50,3,1,1,5,4,6,6,1,1,10,5,5,2,13,2,1,5,4,C03,7,9,1,10,1,11,,7,7,1,12,4,120.689198,24.141451,2
13159,66000,387130000C,(04)23274275,(04)23288582,2025,12,30,18,5,臺中市,太平區,0,1,0,7,1,6,50,3,2,1,5,4,6,6,2,1,10,5,5,2,17,,,,,,,6,,,,,,86,86,2,,,120.73422,24.14815,2
13160,66000,387130000C,(04)23274275,(04)23288582,2025,12,30,18,5,臺中市,豐原區,0,1,0,7,1,6,50,13,7,1,5,4,6,6,4,4,9,5,4,2,18,2,9,5,4,C03,7,9,1,10,9,16,,84,84,1,13,4,120.730593,24.255055,2
13161,66000,387130000C,(04)23274275,(04)23288582,2025,12,30,18,8,臺中市,南區,0,0,0,7,,,,,,,,,,,,,,,,,17,,,,,,,,,,,,,119,119,1,,,120.664936,24.1153,4
13162,66000,387130000C,(04)23274275,(04)23288582,2025,12,30,18,10,臺中市,烏日區,0,0,0,7,,,60,,,,,,,,,,,,,,2,,,,,B03,,,1,,2,,,84,84,1,6,4,120.647258,24.062648,3
13163,66000,387130000C,(04)23274275,(04)23288582,2025,12,30,18,14,臺中市,潭子區,0,2,0,6,1,6,50,4,1,1,5,4,6,6,1,1,5,5,5,1,3,2,9,2,1,C03,7,9,1,10,2,14,12,10,10,1,13,4,120.71868,24.204047,2
13164,66000,387130000C,(04)23274275,(04)23288582,2025,12,30,18,15,臺中市,大雅區,0,0,0,7,,,50,,,,,,,,,,,,,,,,,,,B03,,,1,,2,,,84,84,1,13,4,120.614597,24.218477,3
13165,66000,387130000C,(04)23274275,(04)23288582,2025,12,30,18,17,臺中市,北屯區,0,1,0,7,1,6,30,13,9,1,5,4,6,6,4,4,10,5,5,2,17,3,10,3,1,B03,7,9,1,8,2,8,,84,84,1,6,4,120.699283,24.172501,2
13166,66000,387130000C,(04)23274275,(04)23288582,2025,12,30,18,17,臺中市,西屯區,0,3,0,7,1,6,40,3,8,1,5,4,6,6,2,1,1,5,1,2,13,2,9,2,1,C03,7,9,1,10,2,14,,59,59,1,5,4,120.613603,24.183743,2
13167,66000,387130000C,(04)23274275,(04)23288582,2025,12,30,18,17,臺中市,烏日區,0,0,0,7,,,50,,,,,,,,,,,,,,,,,,,B03,,,1,,1,,,84,84,1,13,4,120.644748,24.109579,3
13168,66000,387130000C,(04)23274275,(04)23288582,2025,12,30,18,17,臺中市,豐原區,0,0,0,7,,,50,,,,,,,,,,,,,,12,,,,,B03,,,1,,2,,,2,2,1,13,4,120.718384,24.243676,3
13169,66000,387130000C,(04)23274275,(04)23288582,2025,12,30,18,18,臺中市,豐原區,0,1,0,7,1,6,50,4,1,1,5,4,6,6,1,1,5,4,5,1,17,3,10,5,4,B01,7,9,1,8,2,1,,59,59,1,12,4,120.722358,24.253981,2
13170,66000,387130000C,(04)23274275,(04)23288582,2025,12,30,18,19,臺中市,大雅區,0,0,0,7,,,60,,,,,,,,,,,,,,,,,,,B03,,,1,,1,,,7,7,1,12,4,120.649223,24.215579,3
13171,66000,387130000C,(04)23274275,(04)23288582,2025,12,30,18,20,臺中市,清水區,0,1,0,7,1,6,50,3,1,1,5,4,6,6,1,1,1,4,4,2,17,3,10,2,1,C03,7,11,1,10,2,13,,45,45,1,12,4,120.572398,24.261972,2
13172,66000,387130000C,(04)23274275,(04)23288582,2025,12,30,18,21,臺中市,北區,0,1,0,7,3,6,50,3,2,1,5,4,6,6,4,4,5,4,5,2,17,3,10,5,4,B03,7,1,1,8,2,1,,51,51,1,13,4,120.687871,24.151376,2
13173,66000,387130000C,(04)23274275,(04)23288582,2025,12,30,18,21,臺中市,北屯區,0,0,0,7,,,50,,,,,,,,,,,,,,14,,,,,B03,,,1,,1,,,49,49,1,7,4,120.721155,24.17567,3
13174,66000,387130000C,(04)23274275,(04)23288582,2025,12,30,18,23,臺中市,南屯區,0,2,0,7,1,6,50,3,2,1,5,4,6,6,4,4,10,5,5,2,15,2,7,2,1,C03,7,9,1,10,2,12,,6,6,1,13,4,120.648181,24.148771,2
13175,66000,387130000C,(04)23274275,(04)23288582,2025,12,30,18,27,臺中市,大里區,0,0,0,7,,,50,,,,,,,,,,,,,,13,,,,,B03,,,1,,1,,,84,84,1,12,4,120.696309,24.09679,3
13176,66000,387130000C,(04)23274275,(04)23288582,2025,12,30,18,28,臺中市,沙鹿區,0,1,0,7,1,6,50,13,9,1,5,4,6,6,4,4,5,5,5,2,17,2,9,2,1,C03,7,6,1,10,1,14,,34,34,1,5,4,120.575863,24.224537,2
13177,66000,387130000C,(04)23274275,(04)23288582,2025,12,30,18,29,臺中市,南屯區,0,0,0,7,,,50,,,,,,,,,,,,,,17,,,,,B03,,,1,,1,,,51,51,1,13,4,120.611938,24.149303,3
13178,66000,387130000C,(04)23274275,(04)23288582,2025,12,30,18,30,臺中市,大甲區,0,0,0,7,,,50,,,,,,,,,,,,,,,,,,,C03,,,1,,1,,,14,14,1,6,4,120.626232,24.34806,4
13179,66000,387130000C,(04)23274275,(04)23288582,2025,12,30,18,31,臺中市,北區,0,0,0,7,1,6,50,18,24,1,5,4,6,6,4,4,10,5,5,2,17,,,,,B03,,,1,,2,,,8,8,1,13,4,120.699011,24.152081,3
13180,66000,387130000C,(04)23274275,(04)23288582,2025,12,30,18,35,臺中市,南屯區,0,1,0,7,1,6,50,4,1,1,5,4,6,6,1,1,10,5,5,2,17,3,10,2,1,F02,7,9,7,21,2,12,,43,43,1,12,4,120.651102,24.136324,2
13181,66000,387130000C,(04)23274275,(04)23288582,2025,12,30,18,40,臺中市,大甲區,0,0,0,7,,,50,,,,,,,,,,,,,,,,,,,A04,,,1,,2,,,62,62,1,6,4,120.61863,24.339233,3
13182,66000,387130000C,(04)23274275,(04)23288582,2025,12,30,18,42,臺中市,北區,0,1,0,7,2,6,50,4,2,1,5,4,6,6,2,1,10,5,5,2,12,2,9,2,1,C03,7,9,1,10,2,14,,84,84,1,13,4,120.677115,24.16334,2
13183,66000,387130000C,(04)23274275,(04)23288582,2025,12,30,18,42,臺中市,北屯區,0,0,0,7,,,50,,,,,,,,,,,,,,13,,,,,B03,,,1,,2,,,84,84,1,6,4,120.706732,24.195364,3
13184,66000,387130000C,(04)23274275,(04)23288582,2025,12,30,18,45,臺中市,西區,0,1,0,7,1,6,50,3,1,1,5,4,6,6,4,4,1,4,4,2,17,3,10,3,1,B03,7,1,1,8,1,8,,51,51,1,12,4,120.658784,24.156378,2
13185,66000,387130000C,(04)23274275,(04)23288582,2025,12,30,18,45,臺中市,豐原區,0,0,0,7,,,50,,,,,,,,,,,,,,17,,,,,B03,,,1,,1,,,8,8,1,6,4,120.716599,24.251784,3
13186,66000,387130000C,(04)23274275,(04)23288582,2025,12,30,18,45,臺中市,豐原區,0,1,0,7,1,6,50,3,1,1,5,4,6,6,4,4,5,5,5,2,16,3,10,5,4,B03,7,6,1,8,2,5,,14,14,1,13,4,120.729026,24.25509,2
13187,66000,387130000C,(04)23274275,(04)23288582,2025,12,30,18,46,臺中市,西區,0,0,0,7,,,50,,,,,,,,,,,,,,,,,,,B03,,,1,,2,,,84,84,1,6,4,120.652032,24.147764,3
13188,66000,387130000C,(04)23274275,(04)23288582,2025,12,30,18,46,臺中市,西屯區,0,0,0,7,,,50,,,,,,,,,,,,,,13,,,,,B03,,,1,,1,,,7,7,1,13,4,120.637449,24.178552,3
13189,66000,387130000C,(04)23274275,(04)23288582,2025,12,30,18,47,臺中市,東區,0,2,0,7,1,6,50,13,9,1,5,4,6,6,4,4,5,5,5,2,17,2,9,2,1,C03,7,9,1,10,2,11,,84,84,1,12,4,120.692633,24.147212,2
13190,66000,387130000C,(04)23274275,(04)23288582,2025,12,30,18,50,臺中市,西區,0,0,0,7,,,50,,,,,,,,,,,,,,,,,,,B03,,,1,8,1,,,87,87,1,13,4,120.656312,24.155936,3
13191,66000,387130000C,(04)23274275,(04)23288582,2025,12,30,18,53,臺中市,太平區,0,0,0,7,,,50,,,,,,,,,,,,,,,,,,,B03,,,1,,1,,,58,58,1,12,4,120.702117,24.148134,3
13192,66000,387130000C,(04)23274275,(04)23288582,2025,12,30,18,54,臺中市,北屯區,0,0,0,7,,,50,,,,,,,,,,,,,,12,,,,,B03,,,1,,2,,,8,8,1,6,4,120.660533,24.18402,3
13193,66000,387130000C,(04)23274275,(04)23288582,2025,12,30,18,56,臺中市,中區,0,1,0,7,1,6,50,13,9,1,5,4,6,6,4,4,5,4,5,2,13,2,8,1,1,C03,7,7,1,10,2,14,,59,59,1,13,4,120.680129,24.145969,2
13194,66000,387130000C,(04)23274275,(04)23288582,2025,12,30,18,58,臺中市,太平區,0,0,0,7,,,50,,,,,,,,,,,,,,12,,,,,C03,,,1,,2,,,8,8,1,12,4,120.722307,24.133723,3
13195,66000,387130000C,(04)23274275,(04)23288582,2025,12,30,18,58,臺中市,清水區,0,2,0,7,3,6,40,4,1,1,5,4,6,6,3,1,1,4,3,1,13,2,7,1,1,C03,7,9,1,10,2,11,,58,58,1,12,4,120.556024,24.274079,2
13196,66000,387130000C,(04)23274275,(04)23288582,2025,12,30,19,0,臺中市,大里區,0,1,0,7,1,6,50,4,1,1,5,4,6,6,1,1,10,5,5,2,24,2,9,1,1,C03,7,9,1,10,2,11,,84,84,1,12,4,120.681722,24.102654,2
13197,66000,387130000C,(04)23274275,(04)23288582,2025,12,30,19,2,臺中市,潭子區,0,2,0,6,1,6,60,13,8,1,5,4,6,6,4,4,1,4,4,1,17,2,9,2,1,C03,7,9,1,10,2,11,14,7,7,1,13,4,120.705646,24.216422,2
13198,66000,387130000C,(04)23274275,(04)23288582,2025,12,30,19,2,臺中市,北屯區,0,0,0,7,,,50,,,,,,,,,,,,,,,,,,,B03,,,1,,1,,,58,58,1,12,4,120.680416,24.172638,3
13199,66000,387130000C,(04)23274275,(04)23288582,2025,12,30,19,6,臺中市,東區,0,1,0,7,1,6,50,3,1,1,5,4,6,6,2,1,10,5,5,2,16,3,10,3,1,B03,7,6,1,8,2,2,,48,48,1,6,4,120.694317,24.151557,2
13200,66000,387130000C,(04)23274275,(04)23288582,2025,12,30,19,7,臺中市,大里區,0,1,0,7,1,6,50,5,1,1,5,4,6,6,1,1,10,5,5,2,17,3,10,5,4,B03,7,5,1,8,2,8,,84,84,1,12,4,120.697053,24.084473,2
13201,66000,387130000C,(04)23274275,(04)23288582,2025,12,30,19,9,臺中市,烏日區,0,1,0,7,1,6,50,3,1,1,5,4,6,6,2,1,10,5,5,2,12,3,10,5,4,B02,7,5,1,8,9,8,,59,59,2,12,4,120.618517,24.116016,2
13202,66000,387130000C,(04)23274275,(04)23288582,2025,12,30,19,10,臺中市,西區,0,1,0,7,1,6,50,4,1,1,5,4,6,6,4,4,10,5,5,2,13,3,10,3,1,B12,7,9,1,8,2,1,,7,7,1,12,4,120.657772,24.147868,2
13203,66000,387130000C,(04)23274275,(04)23288582,2025,12,30,19,16,臺中市,龍井區,0,2,0,7,1,6,50,3,1,1,5,4,6,6,4,4,10,5,5,2,3,2,9,2,1,C03,7,9,1,10,2,11,,6,6,1,6,4,120.55929,24.20135,2
13204,66000,387130000C,(04)23274275,(04)23288582,2025,12,30,19,18,臺中市,西屯區,0,0,0,6,,,50,,,,,,,,,,,,,,12,,,,,C03,,,1,,1,,,40,40,1,13,4,120.647511,24.155763,3
13205,66000,387130000C,(04)23274275,(04)23288582,2025,12,30,19,20,臺中市,沙鹿區,0,0,0,7,,,50,,,,,,,,,,,,,,,,,,,B03,,,1,,1,,,59,59,1,6,4,120.568734,24.209379,4
13206,66000,387130000C,(04)23274275,(04)23288582,2025,12,30,19,21,臺中市,西屯區,0,1,0,6,1,6,40,13,8,1,5,4,6,6,4,4,1,4,4,2,14,3,10,5,4,B12,7,2,1,8,2,3,,49,49,1,12,4,120.624926,24.178492,2
13207,66000,387130000C,(04)23274275,(04)23288582,2025,12,30,19,26,臺中市,南屯區,0,4,0,7,1,6,50,4,1,1,5,4,6,6,2,1,10,5,5,2,16,2,8,2,1,C03,7,6,1,10,2,12,,11,11,1,13,4,120.643783,24.1488,2
13208,66000,387130000C,(04)23274275,(04)23288582,2025,12,30,19,34,臺中市,西屯區,0,0,0,7,,,50,,,,,,,,,,,,,,15,,,,,B03,,,1,,1,,,15,15,1,13,4,120.622015,24.183923,3
13209,66000,387130000C,(04)23274275,(04)23288582,2025,12,30,19,35,臺中市,西屯區,0,1,0,7,1,6,50,13,9,1,5,4,6,6,4,4,5,4,5,2,16,2,9,5,4,C03,7,9,1,10,2,14,,85,85,1,12,4,120.632445,24.163974,2
13210,66000,387130000C,(04)23274275,(04)23288582,2025,12,30,19,35,臺中市,沙鹿區,0,0,0,7,,,50,,,,,,,,,,,,,,13,,,,,B03,,,1,,1,,,7,7,1,6,4,120.567286,24.22955,3
13211,66000,387130000C,(04)23274275,(04)23288582,2025,12,30,19,36,臺中市,沙鹿區,0,2,0,6,1,6,40,13,8,1,5,4,6,6,2,1,1,4,1,1,13,3,10,2,1,C03,7,9,1,10,2,11,,59,59,1,6,4,120.577169,24.225521,2
13212,66000,387130000C,(04)23274275,(04)23288582,2025,12,30,19,38,臺中市,西區,0,0,0,7,,,50,,,,,,,,,,,,,,,,,,,B03,,,1,,1,,,84,84,1,6,4,120.654987,24.146939,3
13213,66000,387130000C,(04)23274275,(04)23288582,2025,12,30,19,38,臺中市,南屯區,0,0,0,7,,,50,,,,,,,,,,,,,,,,,,,B03,,,1,,1,,,40,40,1,12,4,120.652063,24.140028,3
13214,66000,387130000C,(04)23274275,(04)23288582,2025,12,30,19,38,臺中市,大甲區,0,1,0,7,1,6,30,13,9,1,5,4,6,6,4,4,5,5,5,1,14,3,10,3,1,B03,7,2,1,8,2,7,,49,49,1,6,4,120.622621,24.345119,2
13215,66000,387130000C,(04)23274275,(04)23288582,2025,12,30,19,39,臺中市,后里區,0,0,0,7,1,6,50,4,1,1,5,4,6,6,1,1,5,5,4,1,17,3,10,3,1,B03,7,6,1,8,2,8,,84,84,1,12,4,120.717793,24.309618,3
13216,66000,387130000C,(04)23274275,(04)23288582,2025,12,30,19,43,臺中市,北屯區,0,0,0,7,,3,80,,,,,,,,,,,,,,,,,,,B03,,,1,,2,,,84,84,1,6,4,120.672168,24.200883,3
13217,66000,387130000C,(04)23274275,(04)23288582,2025,12,30,19,43,臺中市,后里區,0,2,0,7,1,6,40,13,8,1,5,4,6,6,1,1,1,4,4,1,13,2,7,1,1,C03,7,9,1,10,2,11,,84,84,1,12,4,120.722976,24.287311,2
13218,66000,387130000C,(04)23274275,(04)23288582,2025,12,30,19,48,臺中市,北區,0,1,0,7,1,6,30,13,9,4,5,4,6,6,4,4,1,4,5,1,17,3,10,1,1,C03,7,9,1,10,2,11,,85,85,1,12,4,120.666471,24.158827,2
13219,66000,387130000C,(04)23274275,(04)23288582,2025,12,30,19,51,臺中市,南屯區,0,1,0,7,1,6,50,4,1,1,5,4,6,6,2,1,10,5,5,2,17,2,9,1,1,C03,7,9,1,10,2,11,,84,84,1,13,4,120.643783,24.1488,2
13220,66000,387130000C,(04)23274275,(04)23288582,2025,12,30,19,52,臺中市,烏日區,0,0,0,7,,,30,,,,,,,,,,,,,,11,,,,,C03,,,1,,2,,,59,59,1,13,4,120.605124,24.116522,3
13221,66000,387130000C,(04)23274275,(04)23288582,2025,12,30,20,0,臺中市,烏日區,0,0,0,7,,,50,,,,,,,,,,,,,,14,,,,,B03,,,1,,2,,,49,49,1,12,4,120.618412,24.104789,3
13222,66000,387130000C,(04)23274275,(04)23288582,2025,12,30,20,1,臺中市,后里區,0,2,0,7,1,6,50,13,14,1,5,4,6,6,4,4,1,4,4,1,17,2,9,2,1,C03,7,9,1,10,2,11,,59,59,1,12,4,120.7232,24.300557,2
13223,66000,387130000C,(04)23274275,(04)23288582,2025,12,30,20,2,臺中市,西屯區,0,1,0,7,1,6,40,3,2,1,5,4,6,6,4,4,10,5,5,2,16,3,10,5,4,B01,7,5,1,4,2,2,,11,11,1,12,4,120.626598,24.177711,2
13224,66000,387130000C,(04)23274275,(04)23288582,2025,12,30,20,7,臺中市,北屯區,0,0,0,7,,,50,,,,,,,,,,,,,,14,,,,,B03,,,1,,1,,,49,49,1,8,4,120.694259,24.16491,3
13225,66000,387130000C,(04)23274275,(04)23288582,2025,12,30,20,8,臺中市,烏日區,0,0,0,7,,,30,,,,,,,,,,,,,,11,,,,,B12,,,1,,1,,,59,59,1,13,4,120.604386,24.115651,3
13226,66000,387130000C,(04)23274275,(04)23288582,2025,12,30,20,12,臺中市,潭子區,0,0,0,7,,,50,,,,,,,,,,,,,,,,,,,C02,,,1,,11,,,85,85,1,13,4,120.702693,24.200936,3
13227,66000,387130000C,(04)23274275,(04)23288582,2025,12,30,20,13,臺中市,豐原區,0,0,0,7,,,40,,,,,,,,,,,,,,13,,,,,B03,,,1,,1,,,84,84,1,12,4,120.731024,24.250023,3
13228,66000,387130000C,(04)23274275,(04)23288582,2025,12,30,20,15,臺中市,南屯區,0,1,0,7,1,6,50,13,8,1,5,4,6,6,4,4,5,5,4,2,13,3,10,2,1,C03,7,9,1,10,2,11,,7,7,1,12,4,120.634975,24.153148,2
13229,66000,387130000C,(04)23274275,(04)23288582,2025,12,30,20,19,臺中市,東區,0,2,0,7,1,6,50,4,1,1,5,4,6,6,1,1,10,5,5,2,13,2,9,2,1,C03,7,9,1,10,2,11,,7,7,1,13,4,120.701477,24.140215,2
13230,66000,387130000C,(04)23274275,(04)23288582,2025,12,30,20,27,臺中市,沙鹿區,0,1,0,7,1,6,50,5,1,1,5,4,6,6,1,1,10,5,5,2,17,3,10,4,1,B03,7,13,1,8,2,4,,76,76,1,6,4,120.565889,24.250228,2
13231,66000,387130000C,(04)23274275,(04)23288582,2025,12,30,20,30,臺中市,霧峰區,0,0,0,7,,,40,,,,,,,,,,,,,,17,,,,,B03,,,1,,1,,,51,51,1,12,4,120.688019,24.043693,3
13232,66000,387130000C,(04)23274275,(04)23288582,2025,12,30,20,30,臺中市,豐原區,0,0,0,7,,,50,,,,,,,,,,,,,,17,,,,,B03,,,1,,2,,,7,7,1,6,4,120.70324,24.23821,3
13233,66000,387130000C,(04)23274275,(04)23288582,2025,12,30,20,31,臺中市,沙鹿區,0,0,0,6,1,6,50,4,1,1,5,4,6,6,2,1,10,5,5,2,13,3,10,2,1,B03,7,6,3,19,4,1,,59,59,1,6,4,120.5522,24.215276,3
13234,66000,387130000C,(04)23274275,(04)23288582,2025,12,30,20,34,臺中市,東區,0,1,0,7,1,6,50,4,1,1,5,4,6,6,2,1,10,5,5,2,16,3,10,3,1,B03,7,6,3,19,2,6,,11,11,1,12,4,120.692492,24.148004,2
13235,66000,387130000C,(04)23274275,(04)23288582,2025,12,30,20,34,臺中市,南區,0,1,0,7,1,6,50,3,2,1,5,4,6,6,1,1,10,5,5,2,9,3,10,3,1,A02,7,12,1,1,2,16,,84,84,1,6,4,120.683911,24.120631,2
13236,66000,387130000C,(04)23274275,(04)23288582,2025,12,30,20,36,臺中市,太平區,0,0,0,7,,,50,,,,,,,,,,,,,,28,,,,,C03,,,1,,2,,,87,87,1,12,4,120.72532,24.124468,3
13237,66000,387130000C,(04)23274275,(04)23288582,2025,12,30,20,38,臺中市,太平區,0,0,0,7,,,50,,,,,,,,,,,,,,12,,,,,C03,,,1,,2,,,84,84,1,5,4,120.734186,24.148443,3
13238,66000,387130000C,(04)23274275,(04)23288582,2025,12,30,20,42,臺中市,龍井區,0,2,0,7,1,6,50,4,1,1,5,4,6,6,4,4,10,5,5,2,16,3,10,5,4,C03,7,6,1,10,2,11,,14,14,1,6,4,120.583723,24.180997,2
13239,66000,387130000C,(04)23274275,(04)23288582,2025,12,30,20,44,臺中市,北區,0,2,0,7,1,6,50,3,1,1,5,4,6,6,2,1,10,5,5,2,17,2,8,5,4,C03,7,15,3,19,2,11,,84,84,1,13,4,120.677373,24.152812,2
13240,66000,387130000C,(04)23274275,(04)23288582,2025,12,30,20,46,臺中市,龍井區,0,2,0,7,1,6,50,11,9,1,5,4,6,6,4,4,5,5,5,1,27,2,4,5,4,B03,7,9,1,8,2,2,,85,85,1,6,4,120.573738,24.184767,2
13241,66000,387130000C,(04)23274275,(04)23288582,2025,12,30,20,48,臺中市,北屯區,0,1,0,7,1,6,50,13,9,1,5,4,6,6,4,4,1,2,5,2,12,3,10,3,1,B03,7,7,1,8,2,2,,40,40,1,12,4,120.694811,24.166068,2
13242,66000,387130000C,(04)23274275,(04)23288582,2025,12,30,20,53,臺中市,太平區,0,1,0,7,1,6,30,13,9,1,5,4,6,6,4,4,10,5,5,2,28,2,8,1,1,C03,7,9,1,10,2,11,,84,84,1,12,4,120.726848,24.126708,2
13243,66000,387130000C,(04)23274275,(04)23288582,2025,12,30,20,58,臺中市,東區,0,0,0,7,,,50,,,,,,,,,,,,,,17,,,,,B03,,,1,,2,,,51,51,1,6,4,120.694256,24.145635,3
13244,66000,387130000C,(04)23274275,(04)23288582,2025,12,30,21,5,臺中市,北區,0,1,0,7,1,6,50,3,1,1,5,4,6,6,2,1,10,5,5,2,13,2,9,1,1,C03,7,9,1,10,2,11,,84,84,1,13,4,120.679047,24.155721,2
13245,66000,387130000C,(04)23274275,(04)23288582,2025,12,30,21,5,臺中市,北屯區,0,0,0,7,,,50,,,,,,,,,,,,,,,,,,,B02,,,1,,2,,,49,49,1,6,4,120.694677,24.176965,3
13246,66000,387130000C,(04)23274275,(04)23288582,2025,12,30,21,8,臺中市,北區,0,0,0,7,,,50,,,,,,,,,,,,,,17,,,,,B03,,,1,,9,,,8,8,2,13,4,120.674661,24.153916,3
13247,66000,387130000C,(04)23274275,(04)23288582,2025,12,30,21,15,臺中市,大里區,0,1,0,7,1,6,40,13,8,1,5,4,6,6,4,4,1,5,5,1,17,2,9,1,1,C03,7,9,1,10,2,11,,84,84,1,13,4,120.658811,24.085328,2
13248,66000,387130000C,(04)23274275,(04)23288582,2025,12,30,21,15,臺中市,太平區,0,0,0,7,,,50,,,,,,,,,,,,,,,,,,,B03,,,1,,9,,,50,50,1,12,4,120.703704,24.153095,3
13249,66000,387130000C,(04)23274275,(04)23288582,2025,12,30,21,20,臺中市,西屯區,0,1,0,7,1,6,50,13,9,1,5,4,6,6,4,4,3,4,5,2,17,2,9,1,1,C03,7,9,1,10,2,14,,84,84,1,13,4,120.643604,24.171932,2
13250,66000,387130000C,(04)23274275,(04)23288582,2025,12,30,21,22,臺中市,南屯區,0,0,0,7,,,50,,,,,,,,,,,,,,,,,,,C03,,,1,,11,,,8,8,1,12,4,120.638706,24.142197,3
13251,66000,387130000C,(04)23274275,(04)23288582,2025,12,30,21,35,臺中市,豐原區,0,2,0,7,1,6,30,4,1,1,5,4,6,6,4,4,5,5,5,2,15,3,10,5,4,B03,7,9,1,8,2,2,,20,20,1,12,4,120.718156,24.248268,2
13252,66000,387130000C,(04)23274275,(04)23288582,2025,12,30,21,38,臺中市,東區,0,0,0,7,,,50,,,,,,,,,,,,,,,,,,,C04,,,1,,2,,,8,8,1,13,1,120.682933,24.134434,3
13253,66000,387130000C,(04)23274275,(04)23288582,2025,12,30,21,48,臺中市,北區,0,1,0,7,3,6,50,4,2,1,5,4,6,6,1,1,5,4,5,2,17,3,10,5,4,F01,7,6,7,21,2,16,,11,11,1,12,1,120.676567,24.160407,2
13254,66000,387130000C,(04)23274275,(04)23288582,2025,12,30,21,48,臺中市,西屯區,0,0,0,7,,,50,,,,,,,,,,,,,,,,,,,B03,,,1,,2,,,42,42,1,12,4,120.644802,24.171889,3
13255,66000,387130000C,(04)23274275,(04)23288582,2025,12,30,21,50,臺中市,北屯區,0,0,0,7,,,50,,,,,,,,,,,,,,17,,,,,B03,,,1,,2,,,40,40,1,6,4,120.740939,24.17832,3
13256,66000,387130000C,(04)23274275,(04)23288582,2025,12,30,21,52,臺中市,西區,0,2,0,7,1,6,50,4,2,1,5,4,6,6,1,1,10,5,5,2,16,2,9,2,1,C03,7,1,3,19,2,12,,51,51,1,12,4,120.667104,24.136545,2
13257,66000,387130000C,(04)23274275,(04)23288582,2025,12,30,21,54,臺中市,西屯區,0,0,0,7,,,50,,,,,,,,,,,,,,13,,,,,C03,,,1,,1,,,59,59,1,12,4,120.645103,24.176758,3