序號,縣市別代碼,機關代碼,市話,傳真,年,月,日,時,分,縣市,區,死亡數量,受傷數量,2-30,天候,道路照明設備,道路類別,道路速限,道路型態,事故位置,路面鋪裝,路面狀態,路面缺陷,障礙物,視距,號誌種類,號誌動作,分向設施,快車道或一般車道間,快慢車道間,路面邊線,事故類型及型態,受傷程度,主要傷處,保護裝備,行動電話或功能裝置,當事者區分(類別),車輛用途,當事者行動狀態,駕照狀態,駕照種類,飲酒情形,車輛撞擊部位最初,車輛撞擊部位其他,肇事因素個別,肇事因素主要,肇事逃逸,職業,共享經濟或外送平台,GPS座標X,GPS座標Y,事故類別
13258,66000,387130000C,(04)23274275,(04)23288582,2025,12,30,22,0,臺中市,大里區,0,0,0,7,,,,,,,,,,,,,,,,,17,,,,,,,,,,,,,119,119,1,,,120.668205,24.112678,3
13259,66000,387130000C,(04)23274275,(04)23288582,2025,12,30,22,3,臺中市,西區,0,0,0,7,,,50,,,,,,,,,,,,,,12,,,,,C03,,,1,,1,,,84,84,1,13,4,120.674357,24.137358,3
13260,66000,387130000C,(04)23274275,(04)23288582,2025,12,30,22,4,臺中市,西屯區,0,1,0,7,1,6,30,3,2,1,5,4,6,6,4,4,10,5,5,2,13,3,10,2,1,C03,7,9,1,9,2,11,,59,59,1,13,4,120.638731,24.178572,2
13261,66000,387130000C,(04)23274275,(04)23288582,2025,12,30,22,7,臺中市,外埔區,0,1,0,7,1,6,50,13,14,1,5,4,6,6,4,4,9,5,5,1,29,2,9,3,1,B03,7,9,1,8,2,5,,84,84,1,12,4,120.689588,24.333939,2
13262,66000,387130000C,(04)23274275,(04)23288582,2025,12,30,22,13,臺中市,北屯區,0,0,0,7,,,50,,,,,,,,,,,,,,13,,,,,C03,,,1,,2,,,7,7,1,6,4,120.685535,24.171883,3
13263,66000,387130000C,(04)23274275,(04)23288582,2025,12,30,22,16,臺中市,太平區,0,0,0,7,1,6,50,,,,,,,,,,,,,,,,,,,C03,,,1,,2,11,,7,7,1,12,4,120.734322,24.144522,3
13264,66000,387130000C,(04)23274275,(04)23288582,2025,12,30,22,28,臺中市,北屯區,0,1,0,7,1,6,50,4,1,1,5,4,6,6,1,1,10,5,5,2,16,3,10,3,1,B03,7,6,1,8,2,8,,65,65,1,6,4,120.681491,24.171146,2
13265,66000,387130000C,(04)23274275,(04)23288582,2025,12,30,22,30,臺中市,北屯區,0,1,0,7,1,6,50,13,9,1,5,4,6,6,4,4,9,5,5,2,11,3,10,1,1,C03,7,9,1,10,2,14,,85,85,1,6,4,120.69012,24.173406,2
13266,66000,387130000C,(04)23274275,(04)23288582,2025,12,30,22,50,臺中市,東區,0,0,0,7,,,50,,,,,,,,,,,,,,17,,,,,C03,,,1,,1,,,50,50,1,13,4,120.682924,24.135196,3
13267,66000,387130000C,(04)23274275,(04)23288582,2025,12,30,22,51,臺中市,沙鹿區,0,1,0,6,1,6,50,13,9,1,5,4,6,6,4,4,5,5,5,2,17,2,7,2,1,C03,7,9,1,10,2,11,,59,59,1,6,4,120.562236,24.239765,2
13268,66000,387130000C,(04)23274275,(04)23288582,2025,12,30,23,0,臺中市,沙鹿區,0,2,0,7,1,6,50,4,1,1,5,4,6,6,2,1,10,5,5,2,16,2,8,1,1,C03,7,6,1,10,2,12,,11,11,1,6,4,120.558825,24.234814,2
13269,66000,387130000C,(04)23274275,(04)23288582,2025,12,30,23,9,臺中市,南區,0,2,0,7,1,6,30,3,1,1,5,4,6,6,4,4,10,5,5,2,16,2,9,2,1,C03,7,9,1,10,2,11,,13,13,1,13,4,120.68248,24.132759,2
13270,66000,387130000C,(04)23274275,(04)23288582,2025,12,30,23,17,臺中市,西屯區,0,0,0,7,,,50,,,,,,,,,,,,,,13,,,,,B03,,,1,,2,,,84,84,1,13,4,120.656529,24.199577,3
13271,66000,387130000C,(04)23274275,(04)23288582,2025,12,30,23,19,臺中市,龍井區,0,2,0,7,2,6,50,4,2,1,5,4,6,6,4,4,5,5,5,2,16,2,8,2,1,C03,7,5,1,10,2,12,,42,42,1,6,4,120.585982,24.181615,2
13272,66000,387130000C,(04)23274275,(04)23288582,2025,12,30,23,23,臺中市,西屯區,0,1,0,7,1,6,50,3,2,1,5,4,6,6,1,1,5,4,4,2,17,2,9,5,4,C03,7,5,1,10,2,14,,84,84,1,12,2,120.642898,24.187438,2
13273,66000,387130000C,(04)23274275,(04)23288582,2025,12,30,23,25,臺中市,東區,0,2,0,7,1,6,50,3,1,1,5,4,6,6,3,1,10,5,5,2,17,2,9,5,4,C03,7,6,1,10,2,11,,24,24,1,12,4,120.705656,24.133995,2
13274,66000,387130000C,(04)23274275,(04)23288582,2025,12,30,23,25,臺中市,北屯區,0,1,0,7,1,6,50,3,2,1,5,4,6,6,1,1,3,4,4,2,12,2,9,1,1,C03,7,6,1,10,2,14,,25,25,1,13,4,120.665888,24.182873,2
13275,66000,387130000C,(04)23274275,(04)23288582,2025,12,30,23,27,臺中市,北區,0,1,0,7,1,6,50,4,1,1,5,4,6,6,3,1,10,5,5,2,17,3,10,3,1,B03,7,9,1,8,2,5,,84,84,1,13,4,120.679948,24.160366,2
13276,66000,387130000C,(04)23274275,(04)23288582,2025,12,30,23,39,臺中市,南屯區,0,2,0,7,1,6,50,4,1,1,5,4,6,6,2,1,1,4,5,2,16,2,8,1,1,C03,7,5,1,10,2,12,,11,11,1,12,4,120.640723,24.144126,2
13277,66000,387130000C,(04)23274275,(04)23288582,2025,12,30,23,41,臺中市,潭子區,0,0,0,7,,,50,,,,,,,,,,,,,,,,,,,B03,,,1,,2,,,7,7,1,12,4,120.67959,24.205631,3
13278,66000,387130000C,(04)23274275,(04)23288582,2025,12,30,23,46,臺中市,北屯區,0,1,0,7,1,6,50,3,2,1,5,4,6,6,1,1,5,4,5,2,13,3,10,1,1,C03,7,9,1,10,2,11,,7,7,1,13,4,120.697686,24.164997,2
13279,66000,387130000C,(04)23274275,(04)23288582,2025,12,31,0,4,臺中市,東區,0,1,0,7,1,6,50,4,1,1,5,4,6,6,2,1,3,2,5,2,13,2,9,2,1,C03,7,9,1,10,2,11,,84,84,1,13,4,120.690144,24.131691,2
13280,66000,387130000C,(04)23274275,(04)23288582,2025,12,31,0,5,臺中市,北區,0,1,0,7,1,6,40,13,24,1,5,4,6,6,4,4,10,5,5,2,17,3,10,5,4,B03,7,1,1,8,2,4,,51,51,1,13,4,120.678714,24.147913,2
13281,66000,387130000C,(04)23274275,(04)23288582,2025,12,31,0,14,臺中市,大里區,0,0,0,7,,,40,,,,,,,,,,,,,,,,,,,C03,,,1,,9,,,87,87,1,12,4,120.68963,24.104613,3
13282,66000,387130000C,(04)23274275,(04)23288582,2025,12,31,0,26,臺中市,豐原區,0,0,0,7,1,6,50,13,8,1,5,4,6,6,4,4,9,5,4,2,17,3,10,3,1,C03,7,15,5,19,9,11,,4,4,2,12,4,120.722908,24.251151,3
13283,66000,387130000C,(04)23274275,(04)23288582,2025,12,31,0,51,臺中市,豐原區,0,0,0,7,,,50,,,,,,,,,,,,,,13,,,,,A11,,,1,,2,,,49,49,1,12,4,120.703171,24.244458,3
13284,66000,387130000C,(04)23274275,(04)23288582,2025,12,31,1,25,臺中市,中區,0,1,0,7,2,6,50,4,1,1,5,4,6,6,1,1,5,2,5,2,16,2,9,2,1,F03,7,6,7,21,2,14,,48,48,1,12,4,120.675936,24.141301,2
13285,66000,387130000C,(04)23274275,(04)23288582,2025,12,31,2,0,臺中市,大里區,0,0,0,7,,,50,,,,,,,,,,,,,,,,,,,B01,,,1,,2,,,84,84,1,12,4,120.681737,24.102624,3
13286,66000,387130000C,(04)23274275,(04)23288582,2025,12,31,2,41,臺中市,豐原區,0,1,0,7,1,6,50,3,2,1,5,4,6,6,4,4,5,5,5,1,17,2,9,1,4,C03,7,9,1,10,2,11,,84,84,1,12,4,120.722467,24.239906,2
13287,66000,387130000C,(04)23274275,(04)23288582,2025,12,31,3,0,臺中市,南屯區,0,1,0,7,1,6,50,4,1,1,5,4,6,6,2,1,1,4,5,2,17,3,10,2,1,C03,7,15,2,19,2,11,,59,59,1,12,4,120.623079,24.149598,2
13288,66000,387130000C,(04)23274275,(04)23288582,2025,12,31,4,24,臺中市,西屯區,0,0,0,7,,,50,,,,,,,,,,,,,,13,,,,,B03,,,1,,1,,,84,84,1,13,4,120.635157,24.173137,3
13289,66000,387130000C,(04)23274275,(04)23288582,2025,12,31,4,51,臺中市,北屯區,0,1,0,7,1,6,50,4,2,1,5,4,6,6,1,1,3,4,5,2,18,2,8,1,1,C03,7,9,1,10,1,14,,84,84,1,13,4,120.690746,24.163,2
13290,66000,387130000C,(04)23274275,(04)23288582,2025,12,31,5,20,臺中市,沙鹿區,0,1,0,7,2,6,50,13,8,1,5,4,6,6,4,4,1,4,4,2,18,2,8,1,1,C03,7,9,1,10,2,14,,59,59,1,12,4,120.553041,24.216833,2
13291,66000,387130000C,(04)23274275,(04)23288582,2025,12,31,5,29,臺中市,太平區,0,1,0,7,1,6,50,4,1,1,5,4,6,6,2,1,10,5,5,2,18,2,9,1,1,C03,7,6,1,10,2,14,,48,48,1,12,4,120.737707,24.131512,2
13292,66000,387130000C,(04)23274275,(04)23288582,2025,12,31,5,51,臺中市,大雅區,0,0,0,7,,,30,,,,,,,,,,,,,,,,,,,B12,,,1,,1,,,8,8,1,12,4,120.624603,24.225917,3
13293,66000,387130000C,(04)23274275,(04)23288582,2025,12,31,6,13,臺中市,大里區,0,1,0,7,1,6,50,4,2,1,5,4,6,6,1,1,10,5,5,1,17,3,10,3,1,B12,7,9,1,8,9,16,,75,75,1,12,4,120.689728,24.106306,2
13294,66000,387130000C,(04)23274275,(04)23288582,2025,12,31,6,42,臺中市,梧棲區,0,0,0,7,,,50,,,,,,,,,,,,,,16,,,,,B03,,,1,,1,,,51,51,1,12,4,120.532285,24.262453,3
13295,66000,387130000C,(04)23274275,(04)23288582,2025,12,31,6,59,臺中市,南屯區,0,0,0,7,,,50,,,,,,,,,,,,,,13,,,,,C03,,,3,,2,,,59,59,1,12,4,120.636713,24.135451,3
13296,66000,387130000C,(04)23274275,(04)23288582,2025,12,31,7,1,臺中市,太平區,0,0,0,7,,,50,,,,,,,,,,,,,,,,,,,B03,,,1,,2,,,8,8,1,12,4,120.712648,24.145287,3
13297,66000,387130000C,(04)23274275,(04)23288582,2025,12,31,7,3,臺中市,中區,0,1,0,7,1,6,50,4,1,1,5,4,6,6,1,1,10,5,5,1,17,3,10,5,4,B03,7,5,1,8,2,2,,47,47,1,12,4,120.677644,24.140523,2
13298,66000,387130000C,(04)23274275,(04)23288582,2025,12,31,7,4,臺中市,北屯區,0,1,0,7,2,6,50,4,1,1,5,4,6,6,1,1,10,5,5,2,3,3,10,5,4,C03,7,5,4,19,2,11,,10,10,1,12,4,120.667811,24.18758,2
13299,66000,387130000C,(04)23274275,(04)23288582,2025,12,31,7,5,臺中市,沙鹿區,0,1,0,7,3,6,40,13,8,1,5,4,6,6,4,4,1,4,4,2,13,3,10,2,1,C03,7,5,1,10,2,13,,20,20,1,12,4,120.563492,24.206423,2
13300,66000,387130000C,(04)23274275,(04)23288582,2025,12,31,7,11,臺中市,南屯區,0,0,0,7,,,50,,,,,,,,,,,,,,13,,,,,B03,,,1,,1,,,7,7,1,12,4,120.631754,24.125422,3
13301,66000,387130000C,(04)23274275,(04)23288582,2025,12,31,7,18,臺中市,西屯區,0,0,0,7,,,70,,,,,,,,,,,,,,,,,,,C03,,,1,,1,,,7,7,1,13,4,120.614123,24.183851,3
13302,66000,387130000C,(04)23274275,(04)23288582,2025,12,31,7,20,臺中市,龍井區,0,0,0,7,,,30,,,,,,,,,,,,,,,,,,,B03,,,1,,1,,,85,85,1,6,4,120.531845,24.182315,3
13303,66000,387130000C,(04)23274275,(04)23288582,2025,12,31,7,22,臺中市,烏日區,0,0,0,7,,,50,,,,,,,,,,,,,,,,,,,A05,,,1,,1,,,7,7,1,12,4,120.643098,24.109433,3
13304,66000,387130000C,(04)23274275,(04)23288582,2025,12,31,7,27,臺中市,沙鹿區,0,0,0,7,,,50,,,,,,,,,,,,,,12,,,,,C03,,,3,,11,,,86,86,2,13,4,120.568652,24.224908,3
13305,66000,387130000C,(04)23274275,(04)23288582,2025,12,31,7,28,臺中市,清水區,0,1,0,7,2,6,50,4,1,1,5,4,6,6,1,1,8,3,4,1,17,2,9,1,1,C02,7,6,1,9,2,16,,84,84,1,12,4,120.57347,24.262842,2
13306,66000,387130000C,(04)23274275,(04)23288582,2025,12,31,7,28,臺中市,大甲區,0,0,0,7,,,50,,,,,,,,,,,,,,,,,,,B03,,,1,,2,,,8,8,1,6,4,120.624957,24.352198,3
13307,66000,387130000C,(04)23274275,(04)23288582,2025,12,31,7,30,臺中市,大里區,0,0,0,7,,,50,,,,,,,,,,,,,,11,,,,,B03,,,1,,9,,,8,8,1,13,4,120.671743,24.086285,3
13308,66000,387130000C,(04)23274275,(04)23288582,2025,12,31,7,30,臺中市,龍井區,0,0,0,7,,,60,,,,,,,,,,,,,,,,,,,B03,,,1,,1,,,7,7,1,6,4,120.508133,24.215018,3
13309,66000,387130000C,(04)23274275,(04)23288582,2025,12,31,7,31,臺中市,大里區,0,2,0,7,3,6,30,3,2,1,5,4,6,6,4,4,10,5,5,2,11,2,7,1,1,C03,7,9,1,10,2,11,,84,84,1,12,4,120.676181,24.095935,2
13310,66000,387130000C,(04)23274275,(04)23288582,2025,12,31,7,32,臺中市,烏日區,0,0,0,6,2,3,80,13,7,1,5,4,6,6,4,4,1,4,5,1,12,3,10,3,1,B12,7,7,5,19,1,6,,40,40,1,6,4,120.616521,24.107356,3
13311,66000,387130000C,(04)23274275,(04)23288582,2025,12,31,7,36,臺中市,西屯區,0,0,0,7,,,60,,,,,,,,,,,,,,,,,,,B03,,,1,,2,,,8,8,1,12,4,120.615688,24.182945,3
13312,66000,387130000C,(04)23274275,(04)23288582,2025,12,31,7,39,臺中市,西區,0,1,0,7,2,6,50,4,2,1,5,4,6,6,2,1,5,4,5,1,17,3,10,3,1,B03,7,9,1,8,2,5,,7,7,1,13,4,120.67986,24.137938,2
13313,66000,387130000C,(04)23274275,(04)23288582,2025,12,31,7,39,臺中市,龍井區,0,1,0,7,2,6,50,13,9,1,5,4,6,6,4,4,4,5,5,1,27,2,9,2,1,C03,7,9,1,10,2,11,,87,87,1,6,4,120.54662,24.209316,2
13314,66000,387130000C,(04)23274275,(04)23288582,2025,12,31,7,40,臺中市,西區,0,1,0,7,2,6,50,4,1,1,5,4,6,6,1,1,5,4,5,2,17,3,10,3,1,B03,7,11,1,8,2,16,,45,45,1,12,4,120.658794,24.145543,2
13315,66000,387130000C,(04)23274275,(04)23288582,2025,12,31,7,41,臺中市,大甲區,0,0,0,7,,,50,,,,,,,,,,,,,,16,,,,,C03,,,1,,2,,,14,14,1,6,4,120.630954,24.341901,3
13316,66000,387130000C,(04)23274275,(04)23288582,2025,12,31,7,43,臺中市,北屯區,0,2,0,7,2,6,50,13,9,1,5,4,6,6,4,4,1,4,5,2,12,2,9,1,1,C03,7,9,5,19,2,11,,7,7,1,12,4,120.686923,24.172197,2
13317,66000,387130000C,(04)23274275,(04)23288582,2025,12,31,7,46,臺中市,太平區,0,1,0,7,2,6,50,5,1,1,5,4,6,6,1,1,10,5,5,2,12,3,10,3,1,B12,7,9,1,8,2,2,,85,85,1,12,4,120.713279,24.143598,2
13318,66000,387130000C,(04)23274275,(04)23288582,2025,12,31,7,47,臺中市,龍井區,0,0,0,7,,,60,,,,,,,,,,,,,,13,,,,,B03,,,1,,1,,,7,7,1,6,4,120.573307,24.18782,3
13319,66000,387130000C,(04)23274275,(04)23288582,2025,12,31,7,50,臺中市,大雅區,0,1,0,7,3,6,0,3,2,1,5,4,6,6,3,1,4,5,5,2,17,3,10,5,4,B03,7,1,1,8,2,8,,51,51,1,13,4,120.626393,24.230055,2
13320,66000,387130000C,(04)23274275,(04)23288582,2025,12,31,7,50,臺中市,西屯區,0,2,0,7,2,6,50,13,9,1,5,4,6,6,4,4,5,4,5,2,13,2,9,1,4,C03,7,9,1,10,2,11,12,7,7,1,12,4,120.614357,24.178968,2
13321,66000,387130000C,(04)23274275,(04)23288582,2025,12,31,7,50,臺中市,霧峰區,0,0,0,7,,,40,,,,,,,,,,,,,,,,,,,,,,,,,,,85,85,1,,4,120.66956,24.077973,3
13322,66000,387130000C,(04)23274275,(04)23288582,2025,12,31,7,53,臺中市,大雅區,0,0,0,7,,,0,,,,,,,,,,,,,,,,,,,C03,,,1,,1,,,82,82,1,12,4,120.672019,24.235968,3
13323,66000,387130000C,(04)23274275,(04)23288582,2025,12,31,7,53,臺中市,后里區,0,1,0,7,2,6,30,3,1,1,5,4,6,6,4,4,10,5,5,2,16,2,8,1,1,C03,7,6,1,10,2,11,14,14,14,1,6,4,120.720115,24.314371,2
13324,66000,387130000C,(04)23274275,(04)23288582,2025,12,31,7,54,臺中市,西屯區,0,2,0,7,2,6,40,13,8,1,5,4,6,6,4,4,1,5,1,2,3,2,9,6,5,H01,8,16,7,21,10,17,,95,95,1,12,5,120.62348,24.178852,2
13325,66000,387130000C,(04)23274275,(04)23288582,2025,12,31,7,55,臺中市,石岡區,0,0,0,7,,,50,,,,,,,,,,,,,,,,,,,C03,,,1,,2,,,84,84,1,12,4,120.774303,24.27646,3
13326,66000,387130000C,(04)23274275,(04)23288582,2025,12,31,7,56,臺中市,大里區,0,0,0,7,3,6,50,4,1,1,5,4,6,6,1,1,10,5,5,2,13,,,,,C03,,,1,,2,,,7,7,1,12,4,120.68967,24.106164,3
13327,66000,387130000C,(04)23274275,(04)23288582,2025,12,31,7,57,臺中市,潭子區,0,0,0,7,,,40,,,,,,,,,,,,,,,,,,,F01,,,1,,2,,,40,40,1,13,4,120.707407,24.211169,3
13328,66000,387130000C,(04)23274275,(04)23288582,2025,12,31,7,58,臺中市,北屯區,0,0,0,7,,,30,,,,,,,,,,,,,,14,,,,,B03,,,1,,2,,,49,49,1,12,4,120.689666,24.182038,3
13329,66000,387130000C,(04)23274275,(04)23288582,2025,12,31,8,0,臺中市,沙鹿區,0,0,0,7,,,30,,,,,,,,,,,,,,11,,,,,C03,,,1,,2,,,59,59,1,6,4,120.578774,24.23059,3
13330,66000,387130000C,(04)23274275,(04)23288582,2025,12,31,8,5,臺中市,梧棲區,0,1,0,7,2,6,50,13,9,1,5,4,6,6,4,4,5,5,5,1,18,2,9,1,1,C03,7,12,1,10,2,14,,43,43,1,6,4,120.542233,24.259187,2
13331,66000,387130000C,(04)23274275,(04)23288582,2025,12,31,8,6,臺中市,西區,0,2,0,7,2,6,50,5,1,1,5,4,6,6,1,1,10,5,5,2,17,2,9,3,1,B03,7,6,1,8,2,1,,11,11,1,12,4,120.665695,24.135198,2
13332,66000,387130000C,(04)23274275,(04)23288582,2025,12,31,8,6,臺中市,大里區,0,0,0,7,,,50,,,,,,,,,,,,,,16,,,,,B03,,,1,,2,,,87,87,1,13,4,120.66476,24.087073,3
13333,66000,387130000C,(04)23274275,(04)23288582,2025,12,31,8,8,臺中市,北屯區,0,1,0,7,2,6,50,4,1,1,5,4,6,6,2,1,10,5,5,2,15,3,10,2,1,C03,7,9,1,10,2,12,,85,85,1,12,4,120.66065,24.191436,2
13334,66000,387130000C,(04)23274275,(04)23288582,2025,12,31,8,10,臺中市,西屯區,0,2,0,7,2,6,50,5,9,1,5,4,6,6,4,4,5,4,5,2,17,2,9,5,4,C03,7,9,1,10,2,11,13,8,8,1,13,4,120.605543,24.170958,2
13335,66000,387130000C,(04)23274275,(04)23288582,2025,12,31,8,12,臺中市,西區,0,0,0,7,,,50,,,,,,,,,,,,,,17,,,,,C03,,,1,,9,,,50,50,1,12,4,120.672325,24.151426,3
13336,66000,387130000C,(04)23274275,(04)23288582,2025,12,31,8,14,臺中市,西屯區,0,1,0,7,2,6,30,13,9,1,5,4,6,6,4,4,10,5,5,2,13,2,9,5,4,C03,7,9,3,19,2,11,,7,7,1,13,4,120.6575,24.203773,2
13337,66000,387130000C,(04)23274275,(04)23288582,2025,12,31,8,16,臺中市,沙鹿區,0,1,0,7,3,6,60,4,1,1,5,4,6,6,2,1,1,4,3,1,17,3,10,3,1,B12,7,5,1,8,2,5,,38,38,1,12,4,120.571912,24.233723,2
13338,66000,387130000C,(04)23274275,(04)23288582,2025,12,31,8,17,臺中市,北區,0,1,0,7,2,6,50,13,8,1,5,4,6,6,4,4,5,4,4,2,13,2,9,1,1,C03,7,9,1,10,2,11,,59,59,1,12,4,120.67052,24.158454,2
13339,66000,387130000C,(04)23274275,(04)23288582,2025,12,31,8,17,臺中市,北屯區,0,0,0,7,,,50,,,,,,,,,,,,,,13,,,,,C03,,,1,,2,,,58,58,1,6,4,120.685383,24.173708,3
13340,66000,387130000C,(04)23274275,(04)23288582,2025,12,31,8,20,臺中市,南屯區,0,0,0,7,,,50,,,,,,,,,,,,,,,,,,,B03,,,1,,1,,,7,7,1,12,4,120.598422,24.155204,3
13341,66000,387130000C,(04)23274275,(04)23288582,2025,12,31,8,20,臺中市,梧棲區,0,0,0,7,,,30,,,,,,,,,,,,,,13,,,,,B03,,,1,,2,,,84,84,1,6,4,120.528115,24.244376,3
13342,66000,387130000C,(04)23274275,(04)23288582,2025,12,31,8,23,臺中市,西屯區,0,0,0,7,,,50,,,,,,,,,,,,,,13,,,,,B03,,,1,,1,,,7,7,1,12,4,120.657112,24.163249,3
13343,66000,387130000C,(04)23274275,(04)23288582,2025,12,31,8,25,臺中市,龍井區,0,0,0,7,,,30,,,,,,,,,,,,,,,,,,,B03,,,1,,2,,,41,41,1,6,4,120.548918,24.19454,3
13344,66000,387130000C,(04)23274275,(04)23288582,2025,12,31,8,25,臺中市,清水區,0,0,0,7,,,40,,,,,,,,,,,,,,17,,,,,B03,,,1,,2,,,49,49,1,12,4,120.564686,24.264907,3
13345,66000,387130000C,(04)23274275,(04)23288582,2025,12,31,8,26,臺中市,西屯區,0,2,0,7,2,6,50,4,2,1,5,4,6,6,1,1,3,4,5,2,13,2,9,1,1,C03,7,9,1,10,2,11,,7,7,1,12,4,120.616427,24.185916,2
13346,66000,387130000C,(04)23274275,(04)23288582,2025,12,31,8,28,臺中市,太平區,0,2,0,7,2,6,50,4,2,1,5,4,6,6,1,1,5,5,5,2,16,2,8,2,1,C03,7,11,1,10,2,11,,4,4,1,12,4,120.719402,24.131595,2
13347,66000,387130000C,(04)23274275,(04)23288582,2025,12,31,8,30,臺中市,北屯區,0,0,0,7,,,50,,,,,,,,,,,,,,,,,,,B03,,,1,,2,,,85,85,1,6,4,120.681719,24.172444,4
13348,66000,387130000C,(04)23274275,(04)23288582,2025,12,31,8,32,臺中市,太平區,0,1,0,7,2,6,50,4,1,1,5,4,6,6,1,1,10,5,5,2,16,3,10,3,1,B03,7,6,1,8,2,8,,11,11,1,12,4,120.722097,24.129072,2
13349,66000,387130000C,(04)23274275,(04)23288582,2025,12,31,8,33,臺中市,東區,0,1,0,7,3,6,50,4,1,1,5,4,6,6,1,1,10,5,5,2,13,2,9,1,1,C03,7,9,1,10,2,11,14,7,7,1,6,4,120.698757,24.132983,2
13350,66000,387130000C,(04)23274275,(04)23288582,2025,12,31,8,33,臺中市,東區,0,1,0,7,3,6,50,4,9,1,5,4,6,6,1,1,5,5,5,2,17,2,8,5,4,C03,7,6,1,10,2,11,,23,23,1,6,4,120.707135,24.142734,2
13351,66000,387130000C,(04)23274275,(04)23288582,2025,12,31,8,33,臺中市,西屯區,0,1,0,7,2,6,50,4,1,1,5,4,6,6,2,1,5,5,5,2,12,3,10,5,4,C03,7,5,5,19,2,12,,84,84,1,13,4,120.656088,24.165503,2
13352,66000,387130000C,(04)23274275,(04)23288582,2025,12,31,8,38,臺中市,北屯區,0,0,0,7,,,50,,,,,,,,,,,,,,9,,,,,B03,,,1,8,2,,,7,7,1,12,4,120.676553,24.175597,3
13353,66000,387130000C,(04)23274275,(04)23288582,2025,12,31,8,40,臺中市,南屯區,0,1,0,7,3,6,50,4,1,1,5,4,6,6,2,1,10,5,5,2,16,3,10,3,1,B02,7,5,1,8,2,6,,11,11,1,12,4,120.640517,24.146869,2
13354,66000,387130000C,(04)23274275,(04)23288582,2025,12,31,8,41,臺中市,中區,0,0,0,7,,,50,,,,,,,,,,,,,,,,,,,C03,,,1,,2,,,48,48,1,12,4,120.684439,24.140786,3
13355,66000,387130000C,(04)23274275,(04)23288582,2025,12,31,8,51,臺中市,大肚區,0,2,0,7,3,6,50,11,9,1,5,4,6,6,4,4,4,5,5,2,17,3,10,3,1,A41,7,9,1,7,11,16,,91,91,1,6,4,120.557558,24.16112,2
13356,66000,387130000C,(04)23274275,(04)23288582,2025,12,31,8,53,臺中市,北區,0,0,0,7,,,50,,,,,,,,,,,,,,13,,,,,B03,,,1,,1,,,59,59,1,12,4,120.675733,24.168922,3
13357,66000,387130000C,(04)23274275,(04)23288582,2025,12,31,8,56,臺中市,南區,0,1,0,7,2,6,50,13,9,1,5,4,6,6,4,4,9,5,5,2,17,3,10,3,1,B03,7,1,1,8,2,8,,51,51,1,12,4,120.648908,24.118402,2
13358,66000,387130000C,(04)23274275,(04)23288582,2025,12,31,8,58,臺中市,南屯區,0,0,0,7,,3,80,,,,,,,,,,,,,,,,,,,B03,,,1,,1,,,84,84,1,13,4,120.623345,24.150187,3
13359,66000,387130000C,(04)23274275,(04)23288582,2025,12,31,8,58,臺中市,烏日區,0,0,0,7,2,6,50,13,9,1,5,4,6,6,4,4,1,4,5,1,13,3,10,3,1,B03,7,9,1,8,2,1,,84,84,1,6,4,120.649197,24.093373,3
13360,66000,387130000C,(04)23274275,(04)23288582,2025,12,31,8,59,臺中市,大雅區,0,1,0,6,3,6,50,13,9,1,5,4,6,6,1,1,5,2,5,2,17,3,10,3,1,B03,7,9,1,8,2,2,,1,1,1,12,4,120.647308,24.213306,2
13361,66000,387130000C,(04)23274275,(04)23288582,2025,12,31,9,0,臺中市,西區,0,1,0,7,2,6,50,3,2,1,5,4,6,6,4,4,5,5,4,1,16,3,10,3,1,B03,7,5,1,8,2,2,,11,11,1,13,4,120.668032,24.132109,2
13362,66000,387130000C,(04)23274275,(04)23288582,2025,12,31,9,0,臺中市,沙鹿區,0,0,0,7,,,50,,,,,,,,,,,,,,,,,,,B03,,,1,,2,,,59,59,1,13,4,120.566636,24.202888,3
13363,66000,387130000C,(04)23274275,(04)23288582,2025,12,31,9,2,臺中市,西區,0,2,0,7,2,6,50,4,1,1,5,4,6,6,1,1,5,4,5,2,17,2,9,2,1,C04,7,9,1,10,2,11,,84,84,1,12,4,120.666543,24.146672,2
13364,66000,387130000C,(04)23274275,(04)23288582,2025,12,31,9,3,臺中市,北區,0,1,0,7,2,6,50,4,1,1,5,4,6,6,1,1,10,5,5,2,13,3,10,5,4,C03,7,9,1,10,2,11,,21,21,1,12,4,120.684962,24.159048,2
13365,66000,387130000C,(04)23274275,(04)23288582,2025,12,31,9,4,臺中市,南區,0,1,0,7,2,6,50,3,1,1,5,4,6,6,4,4,10,5,5,2,17,3,10,3,1,B01,7,11,1,2,2,8,,45,45,1,12,4,120.663346,24.1169,2
13366,66000,387130000C,(04)23274275,(04)23288582,2025,12,31,9,5,臺中市,大甲區,0,1,0,7,3,6,50,4,1,1,5,4,6,6,4,4,10,5,5,2,15,3,10,5,4,B03,7,9,1,8,2,4,,13,13,1,6,4,120.622167,24.352237,2
13367,66000,387130000C,(04)23274275,(04)23288582,2025,12,31,9,9,臺中市,南區,0,2,0,7,3,6,50,3,1,1,5,4,6,6,1,1,10,5,5,2,17,2,3,1,1,C03,7,1,1,10,2,11,,51,51,1,6,4,120.657702,24.125245,2