序號,縣市別代碼,機關代碼,市話,傳真,年,月,日,時,分,縣市,區,死亡數量,受傷數量,2-30,天候,道路照明設備,道路類別,道路速限,道路型態,事故位置,路面鋪裝,路面狀態,路面缺陷,障礙物,視距,號誌種類,號誌動作,分向設施,快車道或一般車道間,快慢車道間,路面邊線,事故類型及型態,受傷程度,主要傷處,保護裝備,行動電話或功能裝置,當事者區分(類別),車輛用途,當事者行動狀態,駕照狀態,駕照種類,飲酒情形,車輛撞擊部位最初,車輛撞擊部位其他,肇事因素個別,肇事因素主要,肇事逃逸,職業,共享經濟或外送平台,GPS座標X,GPS座標Y,事故類別
13368,66000,387130000C,(04)23274275,(04)23288582,2025,12,31,9,10,臺中市,梧棲區,0,0,0,7,,,50,,,,,,,,,,,,,,23,,,,,B12,,,1,,2,,,59,59,1,6,4,120.550609,24.252564,3
13369,66000,387130000C,(04)23274275,(04)23288582,2025,12,31,9,19,臺中市,太平區,0,1,0,7,2,6,50,5,1,1,5,4,6,6,1,1,10,5,5,1,12,3,10,3,1,B03,7,9,1,8,2,5,,84,84,1,12,4,120.734429,24.14556,2
13370,66000,387130000C,(04)23274275,(04)23288582,2025,12,31,9,25,臺中市,太平區,0,0,0,7,2,6,50,3,1,1,5,4,6,6,1,1,10,5,5,2,13,,,,,B11,,,1,,2,,,84,84,1,12,4,120.722021,24.149339,3
13371,66000,387130000C,(04)23274275,(04)23288582,2025,12,31,9,28,臺中市,北屯區,0,0,0,7,,,40,,,,,,,,,,,,,,14,,,,,B03,,,1,,1,,,50,50,1,12,4,120.686579,24.182892,3
13372,66000,387130000C,(04)23274275,(04)23288582,2025,12,31,9,30,臺中市,西區,0,1,0,7,2,6,50,3,1,1,5,4,6,6,4,4,5,5,5,2,17,3,10,5,1,B03,7,14,1,8,2,4,,76,76,1,12,4,120.67393,24.142435,2
13373,66000,387130000C,(04)23274275,(04)23288582,2025,12,31,9,32,臺中市,潭子區,0,1,0,7,3,6,50,13,9,1,5,4,6,6,4,4,5,4,5,1,17,2,9,2,1,C04,7,9,1,10,2,14,,84,84,1,13,4,120.706583,24.211249,2
13374,66000,387130000C,(04)23274275,(04)23288582,2025,12,31,9,32,臺中市,西屯區,0,0,0,7,,,50,,,,,,,,,,,,,,12,,,,,A11,,,1,,1,,,40,40,1,13,4,120.659389,24.201202,3
13375,66000,387130000C,(04)23274275,(04)23288582,2025,12,31,9,38,臺中市,龍井區,0,0,0,7,,,30,,,,,,,,,,,,,,16,,,,,C03,,,3,,1,,,14,14,1,12,4,120.58952,24.181187,4
13376,66000,387130000C,(04)23274275,(04)23288582,2025,12,31,9,42,臺中市,北屯區,0,1,0,7,3,6,50,13,9,1,5,4,6,6,4,4,1,4,5,2,13,2,8,1,1,C03,7,9,1,10,2,11,,7,7,1,12,4,120.671921,24.174121,2
13377,66000,387130000C,(04)23274275,(04)23288582,2025,12,31,9,43,臺中市,大肚區,0,1,0,7,2,6,30,4,1,1,5,4,6,6,4,4,10,5,5,2,16,2,9,2,1,C03,7,5,1,10,2,11,,84,84,1,12,4,120.572342,24.167993,2
13378,66000,387130000C,(04)23274275,(04)23288582,2025,12,31,9,43,臺中市,新社區,0,1,0,7,2,6,50,4,2,1,5,4,6,6,1,1,5,5,5,1,12,3,10,5,4,B03,7,3,1,8,2,6,,50,50,1,10,4,120.80907,24.249828,2
13379,66000,387130000C,(04)23274275,(04)23288582,2025,12,31,9,45,臺中市,西屯區,0,1,0,7,2,6,50,3,1,1,5,4,6,6,2,1,10,5,5,2,16,3,10,3,1,B02,7,5,1,8,2,5,,11,11,1,13,4,120.647013,24.165652,2
13380,66000,387130000C,(04)23274275,(04)23288582,2025,12,31,9,46,臺中市,西區,0,1,0,7,1,6,50,13,9,1,5,4,6,6,1,1,5,5,5,2,17,3,10,5,4,B03,7,4,1,8,2,2,,84,84,1,12,4,120.665668,24.137988,2
13381,66000,387130000C,(04)23274275,(04)23288582,2025,12,31,9,46,臺中市,西屯區,0,0,0,7,,,0,,,,,,,,,,,,,,14,,,,,B03,,,1,,1,,,49,49,1,12,4,120.589018,24.172271,3
13382,66000,387130000C,(04)23274275,(04)23288582,2025,12,31,9,50,臺中市,南屯區,0,0,0,7,,,50,,,,,,,,,,,,,,13,,,,,C03,,,1,,1,,,43,43,1,12,4,120.650045,24.150897,3
13383,66000,387130000C,(04)23274275,(04)23288582,2025,12,31,9,50,臺中市,清水區,0,1,0,7,3,6,50,13,7,1,5,4,6,6,4,4,5,5,4,2,17,3,10,3,1,B03,7,2,1,8,2,7,,49,49,1,12,4,120.578822,24.269532,2
13384,66000,387130000C,(04)23274275,(04)23288582,2025,12,31,9,51,臺中市,大雅區,0,2,0,7,3,6,30,3,2,1,5,4,6,6,4,4,10,5,5,2,17,2,9,1,1,C03,7,6,1,10,2,14,,48,48,1,12,4,120.644075,24.204789,2
13385,66000,387130000C,(04)23274275,(04)23288582,2025,12,31,9,52,臺中市,中區,0,2,0,7,2,6,50,13,9,1,5,4,6,6,4,4,5,4,5,1,17,2,9,2,1,C03,7,9,1,10,2,11,,59,59,1,13,4,120.679083,24.142219,2
13386,66000,387130000C,(04)23274275,(04)23288582,2025,12,31,9,53,臺中市,南區,0,1,0,7,3,6,50,4,9,1,5,4,6,6,4,4,5,5,5,2,17,3,10,5,4,C03,7,9,1,10,2,14,,84,84,1,6,4,120.670197,24.11832,2
13387,66000,387130000C,(04)23274275,(04)23288582,2025,12,31,9,59,臺中市,太平區,0,0,0,7,,,50,,,,,,,,,,,,,,,,,,,B03,,,1,,1,,,59,59,1,12,4,120.71766,24.129154,3
13388,66000,387130000C,(04)23274275,(04)23288582,2025,12,31,10,1,臺中市,西屯區,0,0,0,7,,3,80,,,,,,,,,,,,,,30,,,,,B02,,,1,,1,,,87,87,1,12,4,120.626203,24.158206,3
13389,66000,387130000C,(04)23274275,(04)23288582,2025,12,31,10,5,臺中市,西屯區,0,0,0,7,,,30,,,,,,,,,,,,,,13,,,,,C03,,,1,,1,,,7,7,1,12,4,120.642958,24.189384,3
13390,66000,387130000C,(04)23274275,(04)23288582,2025,12,31,10,11,臺中市,龍井區,0,0,0,7,,,40,,,,,,,,,,,,,,,,,,,B02,,,1,,2,,,82,82,1,6,4,120.545208,24.175027,3
13391,66000,387130000C,(04)23274275,(04)23288582,2025,12,31,10,13,臺中市,北區,0,0,0,7,,,50,,,,,,,,,,,,,,17,,,,,C03,,,1,,2,,,40,40,1,13,4,120.681645,24.148931,3
13392,66000,387130000C,(04)23274275,(04)23288582,2025,12,31,10,13,臺中市,烏日區,0,0,0,7,2,6,50,13,7,1,5,4,6,6,4,4,5,4,4,2,14,3,10,3,1,B03,7,2,1,8,2,3,,84,84,1,6,4,120.637853,24.108038,3
13393,66000,387130000C,(04)23274275,(04)23288582,2025,12,31,10,14,臺中市,北區,0,2,0,7,2,6,50,4,1,1,5,4,6,6,1,1,10,5,5,2,15,2,9,1,1,C03,7,9,1,10,2,14,,21,21,1,13,4,120.670482,24.162836,2
13394,66000,387130000C,(04)23274275,(04)23288582,2025,12,31,10,14,臺中市,南屯區,0,1,0,7,2,6,50,4,1,1,5,4,6,6,2,1,5,5,4,2,17,3,10,1,1,C03,7,6,3,19,2,16,,84,84,1,13,4,120.612545,24.138398,2
13395,66000,387130000C,(04)23274275,(04)23288582,2025,12,31,10,16,臺中市,烏日區,0,0,0,7,,,30,,,,,,,,,,,,,,,,,,,C03,,,7,,1,,,49,49,1,13,4,120.642636,24.103679,3
13396,66000,387130000C,(04)23274275,(04)23288582,2025,12,31,10,20,臺中市,潭子區,0,0,0,7,,,50,,,,,,,,,,,,,,,,,,,B12,,,1,,2,,,49,49,1,12,4,120.702746,24.211417,3
13397,66000,387130000C,(04)23274275,(04)23288582,2025,12,31,10,20,臺中市,南屯區,0,1,0,7,3,6,50,4,2,1,5,4,6,6,2,1,5,5,5,2,13,3,10,3,1,B03,7,9,1,8,1,1,,59,59,1,12,4,120.652645,24.153583,2
13398,66000,387130000C,(04)23274275,(04)23288582,2025,12,31,10,23,臺中市,大里區,0,0,0,7,,,50,,,,,,,,,,,,,,16,,,,,B03,,,1,,1,,,39,39,1,12,4,120.680183,24.074116,3
13399,66000,387130000C,(04)23274275,(04)23288582,2025,12,31,10,25,臺中市,西屯區,0,0,0,7,,,40,,,,,,,,,,,,,,13,,,,,C03,,,1,,1,,,7,7,1,13,4,120.648127,24.169515,3
13400,66000,387130000C,(04)23274275,(04)23288582,2025,12,31,10,30,臺中市,北屯區,0,0,0,7,,,50,,,,,,,,,,,,,,17,,,,,B12,,,1,,1,,,51,51,1,6,4,120.680079,24.176423,4
13401,66000,387130000C,(04)23274275,(04)23288582,2025,12,31,10,32,臺中市,北區,0,1,0,7,3,6,50,4,1,1,5,4,6,6,1,1,10,5,5,2,16,3,10,3,1,B03,7,6,1,8,2,1,,20,20,1,12,4,120.687655,24.155537,2
13402,66000,387130000C,(04)23274275,(04)23288582,2025,12,31,10,33,臺中市,西區,0,0,0,7,,,50,,,,,,,,,,,,,,17,,,,,B03,,,1,,1,,,49,49,1,12,4,120.673058,24.139681,3
13403,66000,387130000C,(04)23274275,(04)23288582,2025,12,31,10,37,臺中市,新社區,0,1,0,7,2,6,50,13,14,1,5,4,6,6,4,4,5,5,5,1,12,3,10,5,4,B03,7,3,1,8,2,5,,20,20,1,13,4,120.808884,24.250132,2
13404,66000,387130000C,(04)23274275,(04)23288582,2025,12,31,10,38,臺中市,北屯區,0,0,0,7,,,50,,,,,,,,,,,,,,14,,,,,A12,,,1,,1,,,49,49,1,6,4,120.690494,24.192772,3
13405,66000,387130000C,(04)23274275,(04)23288582,2025,12,31,10,41,臺中市,神岡區,0,0,0,7,,,50,,,,,,,,,,,,,,2,,,,,B12,,,1,,2,,,2,2,1,12,4,120.692466,24.248102,3
13406,66000,387130000C,(04)23274275,(04)23288582,2025,12,31,10,47,臺中市,西區,0,0,0,7,,,50,,,,,,,,,,,,,,,,,,,B12,,,1,,1,,,49,49,1,12,4,120.66147,24.133235,3
13407,66000,387130000C,(04)23274275,(04)23288582,2025,12,31,10,50,臺中市,沙鹿區,0,0,0,7,,,50,,,,,,,,,,,,,,14,,,,,B03,,,1,,2,,,49,49,1,6,4,120.564423,24.249342,3
13408,66000,387130000C,(04)23274275,(04)23288582,2025,12,31,10,50,臺中市,大甲區,0,0,0,7,,,50,,,,,,,,,,,,,,14,,,,,A12,,,1,,1,,,49,49,1,6,4,120.627465,24.360485,4
13409,66000,387130000C,(04)23274275,(04)23288582,2025,12,31,10,50,臺中市,大甲區,0,0,0,7,,,30,,,,,,,,,,,,,,,,,,,C03,,,1,,1,,,41,41,1,6,4,120.629103,24.349802,3
13410,66000,387130000C,(04)23274275,(04)23288582,2025,12,31,11,0,臺中市,大里區,0,1,0,7,3,6,30,13,9,1,5,4,6,6,1,1,10,5,5,2,11,3,10,3,1,B03,7,9,1,8,2,8,,8,8,1,12,4,120.694705,24.118445,2
13411,66000,387130000C,(04)23274275,(04)23288582,2025,12,31,11,2,臺中市,梧棲區,0,0,0,7,,,50,,,,,,,,,,,,,,17,,,,,B03,,,1,,9,,,7,7,1,6,4,120.537161,24.242779,3
13412,66000,387130000C,(04)23274275,(04)23288582,2025,12,31,11,4,臺中市,西屯區,0,1,0,7,2,6,50,13,7,1,5,4,6,6,4,4,9,4,4,2,17,3,10,3,1,B02,7,11,1,8,2,5,,45,45,1,12,4,120.633835,24.160247,2
13413,66000,387130000C,(04)23274275,(04)23288582,2025,12,31,11,4,臺中市,烏日區,0,0,0,7,,,30,,,,,,,,,,,,,,,,,,,B03,,,1,,2,,,7,7,1,13,4,120.61855,24.111307,3
13414,66000,387130000C,(04)23274275,(04)23288582,2025,12,31,11,5,臺中市,北屯區,0,1,0,7,3,6,50,4,2,1,5,4,6,6,4,4,5,5,4,1,30,2,8,1,1,C03,7,9,1,10,2,11,,84,84,1,12,4,120.675437,24.202116,2
13415,66000,387130000C,(04)23274275,(04)23288582,2025,12,31,11,5,臺中市,西屯區,0,0,0,7,,,50,,,,,,,,,,,,,,13,,,,,C03,,,1,,2,,,7,7,1,12,4,120.638358,24.181198,3
13416,66000,387130000C,(04)23274275,(04)23288582,2025,12,31,11,5,臺中市,烏日區,0,3,0,7,2,6,50,13,9,1,5,4,6,6,4,4,2,4,5,1,13,2,9,1,3,C03,7,9,6,20,2,11,,7,7,1,6,4,120.625105,24.107093,2
13417,66000,387130000C,(04)23274275,(04)23288582,2025,12,31,11,11,臺中市,太平區,0,1,0,7,2,6,50,3,2,1,5,4,6,6,4,4,5,5,4,2,16,2,9,1,1,C03,7,1,1,10,2,14,,51,51,1,12,4,120.711863,24.149934,2
13418,66000,387130000C,(04)23274275,(04)23288582,2025,12,31,11,20,臺中市,烏日區,0,1,0,7,2,6,50,13,8,1,5,4,6,6,4,4,1,4,4,2,17,2,8,5,4,C03,7,15,1,10,2,12,,85,85,1,6,2,120.642355,24.115965,2
13419,66000,387130000C,(04)23274275,(04)23288582,2025,12,31,11,20,臺中市,沙鹿區,0,0,0,7,,,40,,,,,,,,,,,,,,17,,,,,B03,,,1,,9,,,85,85,2,13,4,120.563795,24.247203,3
13420,66000,387130000C,(04)23274275,(04)23288582,2025,12,31,11,22,臺中市,大甲區,0,1,0,7,2,6,50,5,2,1,5,4,6,6,1,1,10,5,5,2,17,2,9,1,1,C03,7,11,1,10,2,11,,84,84,1,6,4,120.622533,24.356688,2
13421,66000,387130000C,(04)23274275,(04)23288582,2025,12,31,11,23,臺中市,西屯區,0,0,0,7,,,50,,,,,,,,,,,,,,16,,,,,B03,,,1,,1,,,84,84,1,12,4,120.646692,24.155593,3
13422,66000,387130000C,(04)23274275,(04)23288582,2025,12,31,11,25,臺中市,神岡區,0,0,0,7,,,50,,,,,,,,,,,,,,13,,,,,B03,,,3,,2,,,7,7,1,13,4,120.6772,24.261238,3
13423,66000,387130000C,(04)23274275,(04)23288582,2025,12,31,11,30,臺中市,大雅區,0,0,0,7,,,60,,,,,,,,,,,,,,,,,,,C03,,,1,,2,,,6,6,1,12,4,120.649486,24.216311,3
13424,66000,387130000C,(04)23274275,(04)23288582,2025,12,31,11,30,臺中市,后里區,0,0,0,7,,,50,,,,,,,,,,,,,,13,,,,,B03,,,1,,2,,,7,7,1,6,4,120.719349,24.295429,3
13425,66000,387130000C,(04)23274275,(04)23288582,2025,12,31,11,33,臺中市,西屯區,0,0,0,7,,,50,,,,,,,,,,,,,,,,,,,B03,,,1,,2,,,84,84,1,13,4,120.638655,24.177036,3
13426,66000,387130000C,(04)23274275,(04)23288582,2025,12,31,11,36,臺中市,潭子區,0,1,0,7,2,6,30,3,2,1,5,4,6,6,4,4,10,5,5,2,16,3,10,3,1,B12,7,5,1,8,2,7,,14,14,1,13,4,120.711736,24.192152,2
13427,66000,387130000C,(04)23274275,(04)23288582,2025,12,31,11,37,臺中市,西屯區,0,1,0,7,2,6,50,13,9,1,5,4,6,6,1,1,1,4,5,2,13,2,9,1,4,C03,7,9,1,10,2,11,12,7,7,1,12,4,120.64967,24.162927,2
13428,66000,387130000C,(04)23274275,(04)23288582,2025,12,31,11,40,臺中市,東區,0,2,0,7,2,6,50,4,1,1,5,4,6,6,2,1,10,5,5,2,16,3,10,3,1,B03,7,6,1,7,2,2,,11,11,1,12,4,120.697003,24.142771,2
13429,66000,387130000C,(04)23274275,(04)23288582,2025,12,31,11,41,臺中市,南屯區,0,1,0,7,2,6,50,13,9,1,5,4,6,6,4,4,9,5,5,2,17,2,7,2,1,C03,7,11,1,10,2,13,,45,45,1,13,4,120.635211,24.152233,2
13430,66000,387130000C,(04)23274275,(04)23288582,2025,12,31,11,42,臺中市,西區,0,1,0,7,2,6,50,4,2,1,5,4,6,6,2,1,1,4,5,1,13,3,10,2,1,C03,7,9,1,10,2,11,,7,7,1,13,4,120.671929,24.146223,2
13431,66000,387130000C,(04)23274275,(04)23288582,2025,12,31,11,43,臺中市,北區,0,1,0,7,2,6,50,13,9,1,5,4,6,6,4,4,9,4,5,2,13,2,9,5,4,C03,7,9,1,10,2,12,14,7,7,1,12,4,120.664283,24.161606,2
13432,66000,387130000C,(04)23274275,(04)23288582,2025,12,31,11,48,臺中市,西屯區,0,1,0,7,2,6,50,4,1,1,5,4,6,6,1,1,10,5,5,2,16,3,10,5,4,B02,7,5,1,8,1,6,,47,47,1,12,4,120.644747,24.183709,2
13433,66000,387130000C,(04)23274275,(04)23288582,2025,12,31,11,49,臺中市,后里區,0,4,0,7,2,6,50,4,1,1,5,4,6,6,2,1,3,4,4,1,12,2,9,1,1,C03,7,9,3,19,11,11,12,59,59,1,5,4,120.682073,24.315654,2
13434,66000,387130000C,(04)23274275,(04)23288582,2025,12,31,11,50,臺中市,中區,0,0,0,7,,,50,,,,,,,,,,,,,,17,,,,,B02,,,1,,2,,,84,84,1,12,4,120.682529,24.1411,3
13435,66000,387130000C,(04)23274275,(04)23288582,2025,12,31,11,53,臺中市,太平區,0,1,0,7,2,6,50,13,9,1,5,4,6,6,4,4,5,5,5,2,9,3,10,6,5,H04,8,20,7,21,2,17,,95,95,1,12,5,120.71505,24.14133,2
13436,66000,387130000C,(04)23274275,(04)23288582,2025,12,31,11,54,臺中市,北區,0,1,0,7,2,9,0,13,24,1,5,4,6,6,4,4,10,5,4,2,30,2,9,1,1,C03,7,9,1,10,2,16,,84,84,1,13,4,120.689738,24.158874,2
13437,66000,387130000C,(04)23274275,(04)23288582,2025,12,31,11,58,臺中市,豐原區,0,1,0,7,2,6,50,13,7,1,5,4,6,6,4,4,5,2,4,2,13,3,10,5,4,B03,7,9,1,8,2,1,,7,7,1,13,4,120.709593,24.250383,2
13438,66000,387130000C,(04)23274275,(04)23288582,2025,12,31,12,0,臺中市,大雅區,0,2,0,7,3,6,30,3,1,1,5,4,6,6,4,4,10,5,5,1,17,2,9,5,4,F03,7,9,7,21,2,11,,7,7,1,13,4,120.664978,24.2277,2
13439,66000,387130000C,(04)23274275,(04)23288582,2025,12,31,12,1,臺中市,南屯區,0,0,0,7,,,50,,,,,,,,,,,,,,14,,,,,B03,,,1,,1,,,49,49,1,12,4,120.647533,24.150664,4
13440,66000,387130000C,(04)23274275,(04)23288582,2025,12,31,12,1,臺中市,大里區,0,0,0,7,,,50,,,,,,,,,,,,,,13,,,,,B03,,,1,,1,,,7,7,1,6,4,120.704199,24.09571,3
13441,66000,387130000C,(04)23274275,(04)23288582,2025,12,31,12,5,臺中市,南區,0,0,0,7,,,50,,,,,,,,,,,,,,,,,,,C03,,,1,,1,,,51,51,1,12,4,120.675067,24.12598,4
13442,66000,387130000C,(04)23274275,(04)23288582,2025,12,31,12,7,臺中市,東區,0,1,0,7,3,6,50,4,1,1,5,4,6,6,1,1,10,5,5,2,16,3,10,3,1,B03,7,7,1,8,2,5,,40,40,1,6,4,120.696502,24.138866,2
13443,66000,387130000C,(04)23274275,(04)23288582,2025,12,31,12,12,臺中市,神岡區,0,0,0,7,,,50,,,,,,,,,,,,,,14,,,,,B03,,,1,,2,,,45,45,1,12,4,120.681203,24.247591,3
13444,66000,387130000C,(04)23274275,(04)23288582,2025,12,31,12,13,臺中市,南區,0,1,0,7,3,6,30,13,9,1,5,4,6,6,4,4,10,5,5,2,9,3,10,5,4,B03,7,9,1,8,2,7,,84,84,1,6,4,120.683888,24.131004,2
13445,66000,387130000C,(04)23274275,(04)23288582,2025,12,31,12,16,臺中市,大里區,0,0,0,7,,,50,,,,,,,,,,,,,,13,,,,,C03,,,1,,2,,,84,84,1,13,4,120.680257,24.104496,3
13446,66000,387130000C,(04)23274275,(04)23288582,2025,12,31,12,16,臺中市,神岡區,0,1,0,7,2,6,50,3,7,1,5,4,6,6,4,4,5,4,4,1,17,3,10,5,4,B03,7,1,1,8,2,8,,51,51,1,13,4,120.65625,24.250595,2
13447,66000,387130000C,(04)23274275,(04)23288582,2025,12,31,12,19,臺中市,太平區,0,2,0,7,2,6,50,3,1,1,5,4,6,6,4,4,10,5,5,2,16,2,9,2,1,C03,7,11,1,10,2,14,,45,45,1,12,4,120.73356,24.153951,2
13448,66000,387130000C,(04)23274275,(04)23288582,2025,12,31,12,23,臺中市,西區,0,1,0,7,2,6,50,4,1,1,5,4,6,6,4,4,10,5,5,2,17,2,9,2,1,C03,7,9,1,10,2,11,,20,20,1,12,4,120.66879,24.142052,2
13449,66000,387130000C,(04)23274275,(04)23288582,2025,12,31,12,24,臺中市,大雅區,0,0,0,7,,,30,,,,,,,,,,,,,,,,,,,C03,,,1,,1,,,71,71,1,12,4,120.651582,24.218275,3
13450,66000,387130000C,(04)23274275,(04)23288582,2025,12,31,12,24,臺中市,北區,0,1,0,7,2,6,50,13,8,1,5,4,6,6,4,4,3,4,4,2,17,2,9,1,1,C03,7,9,1,10,2,11,,84,84,1,13,4,120.67375,24.164514,2
13451,66000,387130000C,(04)23274275,(04)23288582,2025,12,31,12,24,臺中市,大里區,0,1,0,7,3,6,50,4,1,1,5,4,6,6,1,1,10,5,5,2,13,3,10,1,1,C03,7,14,1,10,2,11,,59,59,1,12,4,120.689894,24.110197,2
13452,66000,387130000C,(04)23274275,(04)23288582,2025,12,31,12,26,臺中市,北屯區,0,1,0,7,3,6,50,3,1,1,5,4,6,6,4,4,10,5,5,2,12,2,9,1,1,C03,7,9,1,10,8,12,,53,53,1,12,4,120.671379,24.179549,2
13453,66000,387130000C,(04)23274275,(04)23288582,2025,12,31,12,28,臺中市,北屯區,0,1,0,7,2,6,30,4,1,1,5,4,6,6,4,4,10,5,5,2,17,3,10,3,1,B03,7,5,1,8,2,1,,12,12,1,6,4,120.717411,24.177447,2
13454,66000,387130000C,(04)23274275,(04)23288582,2025,12,31,12,30,臺中市,大里區,0,2,0,7,2,6,50,13,9,1,5,4,6,6,4,4,5,5,5,1,17,2,8,1,1,F01,7,9,7,21,2,14,,84,84,1,13,4,120.7016,24.124007,2
13455,66000,387130000C,(04)23274275,(04)23288582,2025,12,31,12,30,臺中市,梧棲區,0,0,0,7,,,60,,,,,,,,,,,,,,13,,,,,B03,,,1,,1,,,7,7,1,12,4,120.540381,24.248543,3
13456,66000,387130000C,(04)23274275,(04)23288582,2025,12,31,12,32,臺中市,南區,0,2,0,7,2,6,50,4,1,1,5,4,6,6,1,1,10,5,5,2,17,2,9,1,1,C03,7,1,1,10,2,14,,51,51,1,12,4,120.657295,24.11679,2
13457,66000,387130000C,(04)23274275,(04)23288582,2025,12,31,12,35,臺中市,大雅區,0,0,0,7,,,60,,,,,,,,,,,,,,,,,,,B03,,,1,,2,,,40,40,1,13,4,120.650019,24.211626,3
13458,66000,387130000C,(04)23274275,(04)23288582,2025,12,31,12,39,臺中市,南區,0,0,0,7,,,50,,,,,,,,,,,,,,,,,,,C03,,,1,,2,,,50,50,1,12,4,120.682166,24.126055,3
13459,66000,387130000C,(04)23274275,(04)23288582,2025,12,31,12,39,臺中市,西屯區,0,0,0,7,,,50,,,,,,,,,,,,,,17,,,,,B12,,,1,,9,,,8,8,1,12,4,120.602912,24.160402,3
13460,66000,387130000C,(04)23274275,(04)23288582,2025,12,31,12,43,臺中市,烏日區,0,2,0,7,2,6,50,4,2,1,5,4,6,6,4,4,5,4,4,1,16,2,9,1,1,C03,7,11,1,10,2,12,,45,45,1,6,4,120.620954,24.106647,2
13461,66000,387130000C,(04)23274275,(04)23288582,2025,12,31,12,44,臺中市,南區,0,3,0,7,3,6,50,4,1,1,5,4,6,6,4,4,10,5,5,2,15,2,9,1,1,C03,7,9,1,10,2,12,,15,15,1,6,4,120.664114,24.126489,2
13462,66000,387130000C,(04)23274275,(04)23288582,2025,12,31,12,50,臺中市,北區,0,0,0,7,,,50,,,,,,,,,,,,,,17,,,,,C03,,,1,,2,,,84,84,1,12,4,120.67405,24.14704,3
13463,66000,387130000C,(04)23274275,(04)23288582,2025,12,31,12,51,臺中市,太平區,0,2,0,7,2,6,50,13,9,1,5,4,6,6,4,4,9,5,5,1,12,2,9,1,1,C03,7,9,1,10,2,12,,8,8,1,12,4,120.703646,24.112593,2
13464,66000,387130000C,(04)23274275,(04)23288582,2025,12,31,12,57,臺中市,東勢區,0,0,0,7,,,30,,,,,,,,,,,,,,12,,,,,B03,,,1,,2,,,8,8,1,13,4,120.829622,24.256145,3
13465,66000,387130000C,(04)23274275,(04)23288582,2025,12,31,13,0,臺中市,西區,0,0,0,7,,,50,,,,,,,,,,,,,,,,,,,B03,,,1,,1,,,84,84,1,12,4,120.676533,24.137534,3
13466,66000,387130000C,(04)23274275,(04)23288582,2025,12,31,13,2,臺中市,北屯區,0,0,0,7,,,30,,,,,,,,,,,,,,9,,,,,B12,,,5,19,2,,,8,8,1,12,4,120.706387,24.169133,3
13467,66000,387130000C,(04)23274275,(04)23288582,2025,12,31,13,4,臺中市,南屯區,0,0,0,7,,,50,,,,,,,,,,,,,,,,,,,B03,,,1,,2,,,49,49,1,12,4,120.652873,24.15283,3
13468,66000,387130000C,(04)23274275,(04)23288582,2025,12,31,13,5,臺中市,南區,0,0,0,7,,,30,,,,,,,,,,,,,,,,,,,C03,,,1,,1,,,20,20,1,6,4,120.645256,24.110225,3
13469,66000,387130000C,(04)23274275,(04)23288582,2025,12,31,13,10,臺中市,南屯區,0,0,0,7,,,50,,,,,,,,,,,,,,14,,,,,B03,,,1,,1,,,49,49,1,13,4,120.649059,24.141934,3
13470,66000,387130000C,(04)23274275,(04)23288582,2025,12,31,13,12,臺中市,西屯區,0,0,0,7,,,50,,,,,,,,,,,,,,13,,,,,A31,,,1,,1,,,84,84,1,13,4,120.635958,24.16418,3
13471,66000,387130000C,(04)23274275,(04)23288582,2025,12,31,13,12,臺中市,龍井區,0,1,0,7,2,6,30,13,9,1,5,4,6,6,4,4,10,5,5,2,11,2,8,2,1,C03,7,9,1,10,2,16,,41,41,1,5,4,120.591523,24.18202,2
13472,66000,387130000C,(04)23274275,(04)23288582,2025,12,31,13,15,臺中市,大雅區,0,0,0,7,,,0,,,,,,,,,,,,,,,,,,,B12,,,1,,2,,,49,49,1,12,4,120.645437,24.21085,3
13473,66000,387130000C,(04)23274275,(04)23288582,2025,12,31,13,17,臺中市,北屯區,0,1,0,7,3,6,50,13,9,1,5,4,6,6,2,1,1,4,5,2,13,2,9,2,1,C03,7,9,1,10,2,11,,7,7,1,12,4,120.68612,24.18394,2
13474,66000,387130000C,(04)23274275,(04)23288582,2025,12,31,13,17,臺中市,西屯區,0,0,0,7,,,60,,,,,,,,,,,,,,12,,,,,A41,,,1,,1,,,8,8,1,12,4,120.64882,24.163409,3
13475,66000,387130000C,(04)23274275,(04)23288582,2025,12,31,13,20,臺中市,龍井區,0,1,0,7,2,6,40,4,1,1,5,4,6,6,1,1,10,5,5,2,17,2,9,2,1,C03,7,1,3,19,2,13,,51,51,1,6,4,120.545851,24.19155,2
13476,66000,387130000C,(04)23274275,(04)23288582,2025,12,31,13,28,臺中市,龍井區,0,0,0,7,,,60,,,,,,,,,,,,,,,,,,,A41,,,1,,1,,,8,8,1,6,4,120.507472,24.213736,3
13477,66000,387130000C,(04)23274275,(04)23288582,2025,12,31,13,30,臺中市,后里區,0,0,0,7,2,6,50,13,9,1,5,4,6,6,4,4,5,4,4,2,12,,,,,A05,,,1,,1,,,59,59,1,6,4,120.699179,24.324221,3
13478,66000,387130000C,(04)23274275,(04)23288582,2025,12,31,13,33,臺中市,太平區,0,0,0,7,,3,40,,,,,,,,,,,,,,,,,,,B03,,,1,,1,,,84,84,1,12,4,120.714708,24.150587,3