序號,縣市別代碼,機關代碼,市話,傳真,年,月,日,時,分,縣市,區,死亡數量,受傷數量,2-30,天候,道路照明設備,道路類別,道路速限,道路型態,事故位置,路面鋪裝,路面狀態,路面缺陷,障礙物,視距,號誌種類,號誌動作,分向設施,快車道或一般車道間,快慢車道間,路面邊線,事故類型及型態,受傷程度,主要傷處,保護裝備,行動電話或功能裝置,當事者區分(類別),車輛用途,當事者行動狀態,駕照狀態,駕照種類,飲酒情形,車輛撞擊部位最初,車輛撞擊部位其他,肇事因素個別,肇事因素主要,肇事逃逸,職業,共享經濟或外送平台,GPS座標X,GPS座標Y,事故類別
13479,66000,387130000C,(04)23274275,(04)23288582,2025,12,31,13,37,臺中市,東勢區,0,1,0,7,2,6,30,4,1,1,5,4,6,6,3,1,10,5,5,2,15,2,7,5,4,C03,7,9,1,5,2,11,,24,24,1,13,4,120.826132,24.25822,2
13480,66000,387130000C,(04)23274275,(04)23288582,2025,12,31,13,38,臺中市,霧峰區,0,1,0,7,2,6,50,3,1,1,5,4,6,6,4,4,10,5,5,2,16,2,9,1,1,C03,7,9,1,10,2,14,,87,87,1,12,4,120.713939,24.073143,2
13481,66000,387130000C,(04)23274275,(04)23288582,2025,12,31,13,42,臺中市,西屯區,0,0,0,7,,,60,,,,,,,,,,,,,,,,,,,B02,,,1,,1,,,8,8,1,13,4,120.646454,24.164454,4
13482,66000,387130000C,(04)23274275,(04)23288582,2025,12,31,13,43,臺中市,北屯區,0,1,0,7,3,6,50,4,1,1,5,4,6,6,2,1,10,5,5,2,12,2,8,1,1,C03,7,9,1,10,2,14,,39,39,1,12,4,120.685498,24.172177,2
13483,66000,387130000C,(04)23274275,(04)23288582,2025,12,31,13,43,臺中市,大肚區,0,0,0,7,,,50,,,,,,,,,,,,,,13,,,,,B12,,,1,,2,,,7,7,1,6,4,120.565052,24.122916,3
13484,66000,387130000C,(04)23274275,(04)23288582,2025,12,31,13,44,臺中市,沙鹿區,0,0,0,7,,,40,,,,,,,,,,,,,,17,,,,,B03,,,1,,1,,,50,50,1,12,4,120.564231,24.239379,3
13485,66000,387130000C,(04)23274275,(04)23288582,2025,12,31,13,47,臺中市,北區,0,1,0,7,2,6,50,4,1,1,5,4,6,6,1,1,10,5,5,2,17,3,10,5,4,C03,7,15,1,10,2,14,,42,42,1,12,4,120.683508,24.148272,2
13486,66000,387130000C,(04)23274275,(04)23288582,2025,12,31,13,47,臺中市,北區,0,0,0,7,,,50,,,,,,,,,,,,,,17,,,,,B03,,,6,,2,,,85,85,1,13,4,120.692816,24.157179,4
13487,66000,387130000C,(04)23274275,(04)23288582,2025,12,31,13,47,臺中市,北屯區,0,0,0,7,,,50,,,,,,,,,,,,,,17,,,,,B03,,,1,,2,,,51,51,1,6,4,120.691408,24.175437,3
13488,66000,387130000C,(04)23274275,(04)23288582,2025,12,31,13,50,臺中市,沙鹿區,0,1,0,7,2,6,30,3,2,1,5,4,6,6,4,4,10,5,5,2,17,2,7,2,1,C03,7,5,1,10,2,11,,59,59,1,6,4,120.578884,24.233103,2
13489,66000,387130000C,(04)23274275,(04)23288582,2025,12,31,13,53,臺中市,南區,0,0,0,7,,,50,,,,,,,,,,,,,,,,,,,C03,,,1,,1,,,7,7,1,12,4,120.670128,24.118588,3
13490,66000,387130000C,(04)23274275,(04)23288582,2025,12,31,13,55,臺中市,北區,0,1,0,7,3,6,50,5,1,1,5,4,6,6,1,1,10,5,5,2,13,3,10,1,1,C03,7,9,1,10,2,11,,59,59,1,12,4,120.686497,24.155216,2
13491,66000,387130000C,(04)23274275,(04)23288582,2025,12,31,14,0,臺中市,大雅區,0,0,0,7,,,30,,,,,,,,,,,,,,,,,,,B03,,,1,,1,,,8,8,1,13,4,120.658351,24.230772,3
13492,66000,387130000C,(04)23274275,(04)23288582,2025,12,31,14,0,臺中市,霧峰區,0,2,0,7,2,6,50,3,2,1,5,4,6,6,1,1,10,5,5,2,13,2,9,2,1,C03,7,9,3,19,2,11,,84,84,1,13,4,120.692126,24.066133,2
13493,66000,387130000C,(04)23274275,(04)23288582,2025,12,31,14,2,臺中市,烏日區,0,0,0,7,,,30,,,,,,,,,,,,,,11,,,,,B12,,,1,,1,,,8,8,1,6,4,120.639449,24.096842,3
13494,66000,387130000C,(04)23274275,(04)23288582,2025,12,31,14,3,臺中市,后里區,0,0,0,7,,,30,,,,,,,,,,,,,,14,,,,,B03,,,1,,1,,,49,49,1,6,4,120.748436,24.327066,3
13495,66000,387130000C,(04)23274275,(04)23288582,2025,12,31,14,9,臺中市,大雅區,0,0,0,7,,,50,,,,,,,,,,,,,,,,,,,B03,,,1,,1,,,7,7,1,12,4,120.653812,24.230191,3
13496,66000,387130000C,(04)23274275,(04)23288582,2025,12,31,14,10,臺中市,東區,0,1,0,7,3,6,30,13,9,1,5,4,6,6,4,4,10,5,5,2,14,3,10,3,1,B03,7,2,1,10,2,7,,49,49,1,6,4,120.690249,24.140048,2
13497,66000,387130000C,(04)23274275,(04)23288582,2025,12,31,14,11,臺中市,豐原區,0,0,0,7,,,50,,,,,,,,,,,,,,14,,,,,B03,,,1,,2,,,49,49,1,12,4,120.722131,24.27414,4
13498,66000,387130000C,(04)23274275,(04)23288582,2025,12,31,14,14,臺中市,南區,0,0,0,7,,,50,,,,,,,,,,,,,,24,,,,,B02,,,1,,2,,,84,84,1,12,4,120.648908,24.118402,3
13499,66000,387130000C,(04)23274275,(04)23288582,2025,12,31,14,14,臺中市,西屯區,0,0,0,7,,,50,,,,,,,,,,,,,,12,,,,,B03,,,1,,1,,,40,40,1,12,4,120.654381,24.201334,3
13500,66000,387130000C,(04)23274275,(04)23288582,2025,12,31,14,21,臺中市,西屯區,0,0,0,7,,,40,,,,,,,,,,,,,,13,,,,,A11,,,1,,1,,,51,51,1,12,4,120.59058,24.175491,3
13501,66000,387130000C,(04)23274275,(04)23288582,2025,12,31,14,26,臺中市,清水區,0,1,0,7,2,6,50,3,1,1,5,4,6,6,1,1,8,3,4,2,13,2,9,1,1,C03,7,9,1,10,2,11,,43,43,1,12,4,120.572651,24.262344,2
13502,66000,387130000C,(04)23274275,(04)23288582,2025,12,31,14,27,臺中市,北屯區,0,2,0,7,2,6,50,4,1,1,5,4,6,6,2,1,10,5,5,2,17,2,9,1,1,C03,7,1,1,10,2,14,,51,51,1,13,4,120.721097,24.174987,2
13503,66000,387130000C,(04)23274275,(04)23288582,2025,12,31,14,27,臺中市,太平區,0,2,0,7,2,6,30,13,9,1,5,4,6,6,4,4,10,5,5,2,16,3,10,2,1,C03,7,1,1,10,2,11,,51,51,1,12,4,120.72683,24.145513,2
13504,66000,387130000C,(04)23274275,(04)23288582,2025,12,31,14,29,臺中市,西屯區,0,0,0,7,,,50,,,,,,,,,,,,,,12,,,,,B03,,,1,,1,,,40,40,1,12,4,120.653664,24.160481,3
13505,66000,387130000C,(04)23274275,(04)23288582,2025,12,31,14,33,臺中市,北屯區,0,0,0,7,,,30,,,,,,,,,,,,,,17,,,,,C03,,,1,,9,,,84,84,1,12,4,120.693755,24.167195,3
13506,66000,387130000C,(04)23274275,(04)23288582,2025,12,31,14,33,臺中市,沙鹿區,0,2,0,7,2,6,30,3,2,1,5,4,6,6,4,4,10,5,5,2,17,2,9,5,4,C03,7,6,1,10,2,14,,14,14,1,13,4,120.56808,24.24915,2
13507,66000,387130000C,(04)23274275,(04)23288582,2025,12,31,14,35,臺中市,西屯區,0,0,0,7,,,50,,,,,,,,,,,,,,13,,,,,C03,,,1,,1,,,7,7,1,13,4,120.645425,24.172296,3
13508,66000,387130000C,(04)23274275,(04)23288582,2025,12,31,14,36,臺中市,太平區,0,0,0,7,2,6,30,13,9,1,5,4,6,6,4,4,10,5,5,2,14,,,,,B03,,,1,,2,,,49,49,1,12,4,120.72235,24.124282,3
13509,66000,387130000C,(04)23274275,(04)23288582,2025,12,31,14,38,臺中市,太平區,0,1,0,7,2,6,30,3,2,1,5,4,6,6,4,4,10,5,5,2,18,2,9,1,1,C03,7,9,1,10,2,14,,84,84,1,12,4,120.719381,24.118694,2
13510,66000,387130000C,(04)23274275,(04)23288582,2025,12,31,14,38,臺中市,梧棲區,0,1,0,7,3,6,30,13,9,1,5,4,6,6,4,4,10,5,5,1,20,2,9,3,1,B03,7,9,1,8,9,5,,59,59,1,6,4,120.539993,24.226906,2
13511,66000,387130000C,(04)23274275,(04)23288582,2025,12,31,14,38,臺中市,梧棲區,0,0,0,7,,,50,,,,,,,,,,,,,,21,,,,,B11,,,1,,2,,,59,59,1,6,4,120.551389,24.248853,3
13512,66000,387130000C,(04)23274275,(04)23288582,2025,12,31,14,39,臺中市,大雅區,0,0,0,7,,,60,,,,,,,,,,,,,,,,,,,A12,,,3,,2,,,84,84,1,13,4,120.646405,24.222968,3
13513,66000,387130000C,(04)23274275,(04)23288582,2025,12,31,14,43,臺中市,南屯區,0,0,0,7,,,50,,,,,,,,,,,,,,14,,,,,B03,,,1,,1,,,49,49,1,12,4,120.637194,24.151338,4
13514,66000,387130000C,(04)23274275,(04)23288582,2025,12,31,14,45,臺中市,南區,0,2,0,7,3,6,50,4,9,1,5,4,6,6,4,4,5,5,5,2,16,2,9,5,4,C03,7,11,1,10,2,11,,85,85,1,6,4,120.655448,24.113758,2
13515,66000,387130000C,(04)23274275,(04)23288582,2025,12,31,14,45,臺中市,南屯區,0,1,0,7,2,6,50,4,1,1,5,4,6,6,1,1,10,4,5,2,17,3,10,2,1,C03,7,9,1,10,2,11,,59,59,1,12,4,120.615284,24.148249,2
13516,66000,387130000C,(04)23274275,(04)23288582,2025,12,31,14,46,臺中市,北屯區,0,0,0,7,,,50,,,,,,,,,,,,,,10,,,,,B03,,,1,,2,,,78,78,1,12,4,120.707614,24.184835,3
13517,66000,387130000C,(04)23274275,(04)23288582,2025,12,31,14,48,臺中市,西區,0,3,0,7,2,6,50,4,2,1,5,4,6,6,2,1,5,4,5,2,13,2,9,2,1,C03,7,9,1,10,2,14,,7,7,1,12,4,120.657422,24.133819,2
13518,66000,387130000C,(04)23274275,(04)23288582,2025,12,31,14,49,臺中市,太平區,0,4,0,7,2,6,50,4,2,1,5,4,6,6,3,1,10,5,5,1,15,2,9,2,1,C03,7,9,1,9,2,11,,24,24,1,12,4,120.727623,24.150007,2
13519,66000,387130000C,(04)23274275,(04)23288582,2025,12,31,14,50,臺中市,南區,0,0,0,7,,,30,,,,,,,,,,,,,,14,,,,,B03,,,1,,1,,,49,49,1,12,4,120.663389,24.121015,3
13520,66000,387130000C,(04)23274275,(04)23288582,2025,12,31,14,53,臺中市,太平區,0,0,0,7,2,6,50,13,9,1,5,4,6,6,4,4,5,5,5,2,16,,,,,B12,,,1,,1,,,39,39,1,12,4,120.716988,24.14272,3
13521,66000,387130000C,(04)23274275,(04)23288582,2025,12,31,14,54,臺中市,西區,0,0,0,7,,,50,,,,,,,,,,,,,,13,,,,,B03,,,1,,1,,,59,59,1,13,4,120.665015,24.149032,3
13522,66000,387130000C,(04)23274275,(04)23288582,2025,12,31,14,55,臺中市,南屯區,0,0,0,7,,,40,,,,,,,,,,,,,,,,,,,B12,,,1,,1,,,84,84,1,12,4,120.636455,24.153506,3
13523,66000,387130000C,(04)23274275,(04)23288582,2025,12,31,14,57,臺中市,太平區,0,0,0,7,,,50,,,,,,,,,,,,,,,,,,,C03,,,1,,2,,,7,7,1,12,4,120.700062,24.147898,3
13524,66000,387130000C,(04)23274275,(04)23288582,2025,12,31,15,0,臺中市,北屯區,0,2,0,7,2,6,30,3,1,1,5,4,6,6,4,4,10,5,5,2,16,2,8,1,1,C03,7,6,1,10,1,11,,13,13,1,6,4,120.693355,24.164932,2
13525,66000,387130000C,(04)23274275,(04)23288582,2025,12,31,15,3,臺中市,南屯區,0,0,0,7,,,50,,,,,,,,,,,,,,12,,,,,B03,,,1,,2,,,4,4,1,13,4,120.636639,24.135033,3
13526,66000,387130000C,(04)23274275,(04)23288582,2025,12,31,15,8,臺中市,北區,0,1,0,7,2,6,50,3,1,1,5,4,6,6,1,1,5,4,5,2,17,2,9,1,1,C03,7,1,1,10,2,11,,84,84,1,12,4,120.669156,24.166841,2
13527,66000,387130000C,(04)23274275,(04)23288582,2025,12,31,15,10,臺中市,北屯區,0,0,0,7,,,50,,,,,,,,,,,,,,15,,,,,B12,,,1,,1,,,13,13,1,6,4,120.696676,24.177414,3
13528,66000,387130000C,(04)23274275,(04)23288582,2025,12,31,15,11,臺中市,太平區,0,1,0,7,2,6,50,13,9,1,5,4,6,6,4,4,5,5,5,1,17,3,10,3,1,B03,7,6,1,8,2,8,,48,48,1,12,4,120.720987,24.14895,2
13529,66000,387130000C,(04)23274275,(04)23288582,2025,12,31,15,12,臺中市,南屯區,0,3,0,7,3,6,50,3,1,1,5,4,6,6,4,4,10,5,5,2,3,2,7,2,1,C03,7,9,1,10,2,11,,6,6,1,12,4,120.610978,24.138416,2
13530,66000,387130000C,(04)23274275,(04)23288582,2025,12,31,15,14,臺中市,南區,0,0,0,7,,,50,,,,,,,,,,,,,,17,,,,,B12,,,5,,1,,,40,40,1,12,4,120.659604,24.111467,3
13531,66000,387130000C,(04)23274275,(04)23288582,2025,12,31,15,16,臺中市,沙鹿區,0,1,0,7,2,6,50,4,1,1,5,4,3,6,2,1,10,5,5,2,16,2,9,2,1,C03,7,9,3,19,2,11,,21,21,1,6,4,120.562152,24.245118,2
13532,66000,387130000C,(04)23274275,(04)23288582,2025,12,31,15,19,臺中市,豐原區,0,2,0,7,2,6,40,13,8,1,5,4,3,3,4,4,1,4,4,1,17,2,9,2,1,C03,7,9,1,10,2,11,12,84,84,1,6,4,120.711073,24.238951,2
13533,66000,387130000C,(04)23274275,(04)23288582,2025,12,31,15,21,臺中市,北區,0,1,0,7,2,6,50,13,9,4,5,4,6,6,4,4,1,4,5,2,17,3,10,3,1,B03,7,1,1,8,2,8,,51,51,1,12,4,120.671551,24.162998,2
13534,66000,387130000C,(04)23274275,(04)23288582,2025,12,31,15,22,臺中市,豐原區,0,0,0,7,2,6,30,13,9,1,5,4,6,6,4,4,10,5,5,2,11,3,10,1,1,C03,7,9,1,10,7,14,,41,41,2,13,4,120.736049,24.249764,3
13535,66000,387130000C,(04)23274275,(04)23288582,2025,12,31,15,25,臺中市,西區,0,0,0,7,,,50,,,,,,,,,,,,,,13,,,,,B01,,,1,,1,,,7,7,1,12,4,120.669784,24.13844,3
13536,66000,387130000C,(04)23274275,(04)23288582,2025,12,31,15,30,臺中市,西屯區,0,1,0,7,2,6,30,13,9,1,5,4,6,6,4,4,10,5,5,2,13,2,9,5,4,C03,7,9,1,10,1,11,,59,59,1,13,4,120.644264,24.166891,2
13537,66000,387130000C,(04)23274275,(04)23288582,2025,12,31,15,31,臺中市,清水區,0,0,0,7,,,50,,,,,,,,,,,,,,,,,,,B03,,,1,,2,,,26,26,1,12,4,120.567599,24.270261,3
13538,66000,387130000C,(04)23274275,(04)23288582,2025,12,31,15,32,臺中市,北區,0,1,0,7,2,6,50,4,2,1,5,4,6,6,2,1,10,5,5,2,13,2,8,2,1,C03,7,9,1,10,2,11,,7,7,1,13,4,120.682105,24.161669,2
13539,66000,387130000C,(04)23274275,(04)23288582,2025,12,31,15,33,臺中市,西屯區,0,1,0,7,2,6,50,13,8,1,5,4,6,6,4,4,1,4,1,2,13,2,7,2,1,C03,7,9,1,10,2,11,,7,7,1,12,4,120.635383,24.180636,2
13540,66000,387130000C,(04)23274275,(04)23288582,2025,12,31,15,35,臺中市,北區,0,1,0,7,2,6,50,4,1,1,5,4,6,6,3,1,5,5,5,2,17,3,10,3,1,B01,7,6,1,4,2,1,,20,20,1,12,4,120.697324,24.156705,2
13541,66000,387130000C,(04)23274275,(04)23288582,2025,12,31,15,35,臺中市,北屯區,0,1,0,7,2,6,50,3,1,1,5,4,6,6,3,1,10,5,5,2,17,2,9,1,1,C03,7,1,1,10,2,15,,51,51,1,6,4,120.703805,24.169561,2
13542,66000,387130000C,(04)23274275,(04)23288582,2025,12,31,15,36,臺中市,西區,0,0,0,7,,,50,,,,,,,,,,,,,,,,,,,B03,,,1,,1,,,49,49,1,12,4,120.656235,24.1512,3
13543,66000,387130000C,(04)23274275,(04)23288582,2025,12,31,15,36,臺中市,東區,0,1,0,7,3,6,50,3,1,1,5,4,6,6,1,1,10,5,5,2,13,2,9,2,1,C03,7,9,1,10,1,11,,7,7,1,13,4,120.684912,24.135327,2
13544,66000,387130000C,(04)23274275,(04)23288582,2025,12,31,15,45,臺中市,北區,0,0,0,7,,,50,,,,,,,,,,,,,,13,,,,,C03,,,1,,1,,,84,84,1,13,4,120.685268,24.164149,3
13545,66000,387130000C,(04)23274275,(04)23288582,2025,12,31,15,45,臺中市,南區,0,0,0,7,,,50,,,,,,,,,,,,,,17,,,,,F01,,,,,,,,62,62,1,,4,120.653219,24.121084,3
13546,66000,387130000C,(04)23274275,(04)23288582,2025,12,31,15,47,臺中市,南屯區,0,0,0,7,,,50,,,,,,,,,,,,,,,,,,,B03,,,1,,2,,,51,51,1,12,4,120.649948,24.133314,3
13547,66000,387130000C,(04)23274275,(04)23288582,2025,12,31,15,47,臺中市,西屯區,0,1,0,7,2,6,50,3,1,1,5,4,6,6,2,1,10,5,5,1,13,3,10,3,1,B03,7,9,1,8,2,1,,7,7,1,13,4,120.651563,24.198234,2
13548,66000,387130000C,(04)23274275,(04)23288582,2025,12,31,15,49,臺中市,東區,0,2,0,7,2,6,0,13,7,1,5,4,6,6,4,4,9,4,4,2,3,2,9,6,5,H01,8,16,7,21,10,17,,95,95,1,12,5,120.703004,24.139011,2
13549,66000,387130000C,(04)23274275,(04)23288582,2025,12,31,15,50,臺中市,霧峰區,0,2,0,7,2,6,50,4,1,1,5,4,6,6,4,4,10,5,5,2,16,2,8,1,1,C03,7,6,1,10,2,11,,48,48,1,12,4,120.700168,24.065093,2
13550,66000,387130000C,(04)23274275,(04)23288582,2025,12,31,15,50,臺中市,沙鹿區,0,0,0,7,,,50,,,,,,,,,,,,,,,,,,,B12,,,1,,1,,,84,84,1,6,4,120.558234,24.25209,3
13551,66000,387130000C,(04)23274275,(04)23288582,2025,12,31,15,52,臺中市,大雅區,0,1,0,7,3,6,30,3,1,1,5,4,6,6,4,4,9,4,5,1,16,3,10,3,1,B03,7,6,1,8,2,1,,20,20,1,13,4,120.657246,24.224483,2
13552,66000,387130000C,(04)23274275,(04)23288582,2025,12,31,15,52,臺中市,東區,0,0,0,7,,,50,,,,,,,,,,,,,,17,,,,,B03,,,1,,2,,,84,84,1,12,4,120.712193,24.144456,3
13553,66000,387130000C,(04)23274275,(04)23288582,2025,12,31,15,53,臺中市,龍井區,0,3,0,7,1,6,50,4,1,1,5,4,6,6,4,4,10,5,5,2,16,2,8,1,1,C03,7,5,1,10,2,12,,7,7,1,6,4,120.584899,24.183508,2
13554,66000,387130000C,(04)23274275,(04)23288582,2025,12,31,15,55,臺中市,西屯區,0,0,0,7,,,50,,,,,,,,,,,,,,13,,,,,A12,,,1,,1,,,7,7,1,13,4,120.624116,24.178658,3
13555,66000,387130000C,(04)23274275,(04)23288582,2025,12,31,15,56,臺中市,西屯區,0,0,0,7,,3,80,,,,,,,,,,,,,,13,,,,,B12,,,1,,1,,,7,7,1,12,4,120.633258,24.171978,3
13556,66000,387130000C,(04)23274275,(04)23288582,2025,12,31,16,1,臺中市,新社區,0,1,0,7,2,6,50,3,1,1,5,4,6,6,4,4,10,5,5,2,12,2,7,5,4,C03,7,4,1,10,2,12,,84,84,1,13,4,120.797507,24.202948,2
13557,66000,387130000C,(04)23274275,(04)23288582,2025,12,31,16,8,臺中市,西屯區,0,0,0,7,,,50,,,,,,,,,,,,,,13,,,,,B01,,,1,,1,,,83,83,1,12,4,120.658833,24.163656,3
13558,66000,387130000C,(04)23274275,(04)23288582,2025,12,31,16,9,臺中市,大雅區,0,0,0,7,,,60,,,,,,,,,,,,,,,,,,,B03,,,1,,1,,,7,7,1,12,4,120.650345,24.212333,3
13559,66000,387130000C,(04)23274275,(04)23288582,2025,12,31,16,9,臺中市,北屯區,0,0,0,7,,,50,,,,,,,,,,,,,,16,,,,,B03,,,1,,1,,,11,11,1,13,4,120.686632,24.197757,3
13560,66000,387130000C,(04)23274275,(04)23288582,2025,12,31,16,10,臺中市,清水區,0,0,0,7,,,50,,,,,,,,,,,,,,,,,,,B03,,,1,,2,,,48,48,1,12,4,120.573936,24.265313,3
13561,66000,387130000C,(04)23274275,(04)23288582,2025,12,31,16,11,臺中市,霧峰區,0,2,0,7,2,6,50,3,2,1,5,4,6,6,1,1,1,4,4,1,13,2,9,5,4,B03,7,9,1,8,2,3,,56,56,1,12,4,120.695841,24.014852,2
13562,66000,387130000C,(04)23274275,(04)23288582,2025,12,31,16,11,臺中市,梧棲區,0,0,0,7,,,40,,,,,,,,,,,,,,17,,,,,B12,,,1,,2,,,7,7,1,6,4,120.526538,24.222355,4
13563,66000,387130000C,(04)23274275,(04)23288582,2025,12,31,16,12,臺中市,南屯區,0,1,0,7,2,6,50,3,1,1,5,4,6,6,4,4,10,5,5,2,17,3,10,3,1,B01,7,6,1,4,2,16,,11,11,1,12,4,120.65507,24.141827,2
13564,66000,387130000C,(04)23274275,(04)23288582,2025,12,31,16,16,臺中市,北區,0,0,0,7,2,6,50,13,9,1,5,4,6,6,4,4,1,4,5,2,13,3,10,3,1,B03,7,9,1,8,2,1,,84,84,1,12,4,120.669235,24.17338,3
13565,66000,387130000C,(04)23274275,(04)23288582,2025,12,31,16,17,臺中市,新社區,0,0,0,7,,,30,,,,,,,,,,,,,,11,,,,,A12,,,1,,1,,,8,8,1,13,4,120.80499,24.241523,3
13566,66000,387130000C,(04)23274275,(04)23288582,2025,12,31,16,18,臺中市,西區,0,1,0,7,2,6,50,4,2,1,5,4,6,6,2,1,1,4,5,1,13,2,9,2,1,C03,7,12,1,10,2,11,,7,7,1,13,4,120.668261,24.142497,2
13567,66000,387130000C,(04)23274275,(04)23288582,2025,12,31,16,19,臺中市,清水區,0,1,0,7,3,6,50,3,1,1,5,4,6,6,4,4,5,5,5,2,17,3,10,2,1,C03,7,6,1,10,2,14,,14,14,1,12,4,120.555001,24.277877,2
13568,66000,387130000C,(04)23274275,(04)23288582,2025,12,31,16,20,臺中市,霧峰區,0,0,0,7,,,50,,,,,,,,,,,,,,17,,,,,B03,,,1,,2,,,51,51,1,6,4,120.714636,24.075883,3
13569,66000,387130000C,(04)23274275,(04)23288582,2025,12,31,16,20,臺中市,新社區,0,1,0,7,2,6,30,4,1,1,5,4,6,6,4,4,10,5,5,2,15,3,10,5,4,A12,7,9,1,1,2,4,,12,12,1,13,4,120.792193,24.215343,2
13570,66000,387130000C,(04)23274275,(04)23288582,2025,12,31,16,21,臺中市,后里區,0,0,0,7,2,6,30,13,9,1,5,4,6,6,4,4,10,5,5,2,25,,,,,B11,,,1,,1,,,8,8,2,6,4,120.726286,24.30852,3
13571,66000,387130000C,(04)23274275,(04)23288582,2025,12,31,16,22,臺中市,霧峰區,0,1,0,7,2,6,40,4,1,1,5,4,6,6,1,1,10,5,5,2,17,2,9,1,1,C03,7,9,1,10,2,14,,43,43,1,5,4,120.693084,24.073054,2
13572,66000,387130000C,(04)23274275,(04)23288582,2025,12,31,16,23,臺中市,后里區,0,1,0,7,2,6,40,13,8,1,5,4,6,6,4,4,10,4,4,1,16,3,10,3,1,B12,7,11,1,8,3,6,,85,85,1,12,4,120.725193,24.319173,2
13573,66000,387130000C,(04)23274275,(04)23288582,2025,12,31,16,24,臺中市,大里區,0,0,0,7,2,6,50,3,1,1,5,4,6,6,4,4,9,5,5,2,17,,,,,C03,,,3,,2,,,85,85,1,13,4,120.703714,24.110713,3
13574,66000,387130000C,(04)23274275,(04)23288582,2025,12,31,16,25,臺中市,北區,0,0,0,7,,,50,,,,,,,,,,,,,,17,,,,,C03,,,3,,9,,,85,85,1,13,4,120.671741,24.173169,3
13575,66000,387130000C,(04)23274275,(04)23288582,2025,12,31,16,26,臺中市,太平區,0,0,0,7,2,6,50,3,1,1,5,4,6,6,4,4,10,5,5,2,16,,,,,C03,,,1,,2,,,14,14,1,12,4,120.726593,24.145572,3
13576,66000,387130000C,(04)23274275,(04)23288582,2025,12,31,16,26,臺中市,大甲區,0,1,0,7,2,6,50,4,1,1,5,4,6,6,4,4,5,5,5,1,9,3,10,3,1,B02,7,5,1,8,2,1,,83,83,1,6,4,120.628739,24.34493,2
13577,66000,387130000C,(04)23274275,(04)23288582,2025,12,31,16,28,臺中市,西屯區,0,0,0,7,,,50,,,,,,,,,,,,,,17,,,,,B03,,,1,,1,,,8,8,1,12,4,120.647655,24.168208,3
13578,66000,387130000C,(04)23274275,(04)23288582,2025,12,31,16,39,臺中市,后里區,0,0,0,7,3,6,40,11,9,1,5,4,6,6,4,4,10,5,5,1,12,3,10,3,1,B03,7,9,1,8,2,8,,8,8,2,6,4,120.713864,24.297779,3
13579,66000,387130000C,(04)23274275,(04)23288582,2025,12,31,16,42,臺中市,西屯區,0,1,0,7,2,6,50,13,9,1,5,4,6,6,4,4,5,5,5,2,16,3,10,3,1,B03,7,11,1,8,2,8,,45,45,1,13,4,120.657251,24.167424,2
13580,66000,387130000C,(04)23274275,(04)23288582,2025,12,31,16,43,臺中市,北區,0,0,0,7,,,30,,,,,,,,,,,,,,17,,,,,B03,,,1,,1,,,84,84,1,13,4,120.678329,24.162146,3
13581,66000,387130000C,(04)23274275,(04)23288582,2025,12,31,16,44,臺中市,東區,0,1,0,7,3,6,50,3,1,1,5,4,6,6,1,1,10,5,5,2,16,3,10,3,1,B03,7,5,1,8,2,2,,11,11,1,13,4,120.69598,24.134908,2
13582,66000,387130000C,(04)23274275,(04)23288582,2025,12,31,16,47,臺中市,北屯區,0,0,0,7,,,50,,,,,,,,,,,,,,9,,,,,B12,,,1,8,2,,,49,49,1,12,4,120.696311,24.20158,3
13583,66000,387130000C,(04)23274275,(04)23288582,2025,12,31,16,47,臺中市,太平區,0,1,0,7,2,6,0,13,14,1,5,4,6,6,4,4,9,5,5,1,17,2,9,1,1,C03,7,9,1,10,2,11,,83,83,1,12,4,120.70944,24.130518,2
13584,66000,387130000C,(04)23274275,(04)23288582,2025,12,31,16,51,臺中市,中區,0,1,0,7,2,6,50,13,7,1,5,4,1,6,2,1,5,4,4,2,12,3,10,3,1,B12,7,9,1,8,2,5,,8,8,1,12,4,120.675513,24.144175,2
13585,66000,387130000C,(04)23274275,(04)23288582,2025,12,31,16,54,臺中市,太平區,0,1,0,7,2,6,50,4,2,1,5,4,6,6,2,1,5,2,5,2,16,3,10,1,1,C03,7,6,1,10,9,14,,84,84,2,12,4,120.721532,24.142636,2
13586,66000,387130000C,(04)23274275,(04)23288582,2025,12,31,16,54,臺中市,豐原區,0,0,0,7,,,50,,,,,,,,,,,,,,14,,,,,B12,,,1,,11,,,50,50,1,12,4,120.705382,24.246431,3
13587,66000,387130000C,(04)23274275,(04)23288582,2025,12,31,16,55,臺中市,西區,0,0,0,7,,,50,,,,,,,,,,,,,,,,,,,B03,,,1,8,1,,,84,84,1,13,4,120.678811,24.138749,3
13588,66000,387130000C,(04)23274275,(04)23288582,2025,12,31,17,2,臺中市,西屯區,0,0,0,7,,,50,,,,,,,,,,,,,,16,,,,,B12,,,1,,1,,,47,47,1,12,4,120.657199,24.194548,3