序號,縣市別代碼,機關代碼,市話,傳真,年,月,日,時,分,縣市,區,死亡數量,受傷數量,2-30,天候,道路照明設備,道路類別,道路速限,道路型態,事故位置,路面鋪裝,路面狀態,路面缺陷,障礙物,視距,號誌種類,號誌動作,分向設施,快車道或一般車道間,快慢車道間,路面邊線,事故類型及型態,受傷程度,主要傷處,保護裝備,行動電話或功能裝置,當事者區分(類別),車輛用途,當事者行動狀態,駕照狀態,駕照種類,飲酒情形,車輛撞擊部位最初,車輛撞擊部位其他,肇事因素個別,肇事因素主要,肇事逃逸,職業,共享經濟或外送平台,GPS座標X,GPS座標Y,事故類別
13589,66000,387130000C,(04)23274275,(04)23288582,2025,12,31,17,3,臺中市,南區,0,1,0,7,2,6,50,4,1,1,5,4,6,6,2,1,10,5,5,2,16,3,10,3,1,B03,7,5,1,8,2,5,,47,47,1,12,4,120.655072,24.115133,2
13590,66000,387130000C,(04)23274275,(04)23288582,2025,12,31,17,3,臺中市,西屯區,0,0,0,7,,,30,,,,,,,,,,,,,,16,,,,,C03,,,1,,1,,,12,12,1,12,4,120.638243,24.181805,3
13591,66000,387130000C,(04)23274275,(04)23288582,2025,12,31,17,3,臺中市,霧峰區,0,1,0,7,2,6,30,3,1,1,5,4,6,6,4,4,5,5,5,2,18,2,9,5,4,C03,7,5,1,10,2,12,,84,84,1,12,4,120.710545,24.072875,2
13592,66000,387130000C,(04)23274275,(04)23288582,2025,12,31,17,5,臺中市,南屯區,0,0,0,7,,,40,,,,,,,,,,,,,,13,,,,,C03,,,1,,1,,,59,59,1,13,4,120.612557,24.138302,3
13593,66000,387130000C,(04)23274275,(04)23288582,2025,12,31,17,5,臺中市,南屯區,0,1,0,7,3,6,50,4,1,1,5,4,6,6,1,1,10,5,5,2,17,2,7,1,1,C03,7,9,1,10,2,11,14,8,8,1,12,4,120.640486,24.14687,2
13594,66000,387130000C,(04)23274275,(04)23288582,2025,12,31,17,7,臺中市,沙鹿區,0,0,0,7,,,60,,,,,,,,,,,,,,13,,,,,C02,,,1,,1,,,59,59,1,6,4,120.566996,24.20349,3
13595,66000,387130000C,(04)23274275,(04)23288582,2025,12,31,17,9,臺中市,西屯區,0,0,0,7,,,60,,,,,,,,,,,,,,13,,,,,B03,,,1,,1,,,84,84,1,12,4,120.641328,24.167574,3
13596,66000,387130000C,(04)23274275,(04)23288582,2025,12,31,17,9,臺中市,沙鹿區,0,0,0,7,,,60,,,,,,,,,,,,,,,,,,,B03,,,1,,9,,,85,85,2,6,4,120.595529,24.250099,3
13597,66000,387130000C,(04)23274275,(04)23288582,2025,12,31,17,10,臺中市,西屯區,0,0,0,7,,3,80,,,,,,,,,,,,,,13,,,,,B03,,,1,,2,,,7,7,1,13,4,120.651503,24.197995,3
13598,66000,387130000C,(04)23274275,(04)23288582,2025,12,31,17,12,臺中市,霧峰區,0,2,0,7,2,6,50,5,9,1,5,4,6,6,4,4,4,3,5,1,17,3,10,3,1,B12,7,1,1,8,2,4,,51,51,1,6,4,120.68805,24.055479,2
13599,66000,387130000C,(04)23274275,(04)23288582,2025,12,31,17,12,臺中市,烏日區,0,0,0,7,,,30,,,,,,,,,,,,,,,,,,,C03,,,1,,1,,,7,7,1,13,4,120.655529,24.097376,3
13600,66000,387130000C,(04)23274275,(04)23288582,2025,12,31,17,19,臺中市,北區,0,0,0,7,,,50,,,,,,,,,,,,,,12,,,,,B03,,,1,,2,,,35,35,1,13,4,120.682583,24.153366,3
13601,66000,387130000C,(04)23274275,(04)23288582,2025,12,31,17,19,臺中市,東區,0,0,0,7,,,30,,,,,,,,,,,,,,15,,,,,B03,,,1,,1,,,15,15,1,6,4,120.688146,24.14101,3
13602,66000,387130000C,(04)23274275,(04)23288582,2025,12,31,17,20,臺中市,北屯區,0,1,0,7,3,6,50,3,1,1,5,4,6,6,4,4,10,5,5,2,16,3,10,2,1,C03,7,6,1,10,2,11,,12,12,1,6,4,120.723526,24.17024,2
13603,66000,387130000C,(04)23274275,(04)23288582,2025,12,31,17,21,臺中市,西屯區,0,0,0,7,,,40,,,,,,,,,,,,,,16,,,,,B03,,,1,,2,,,84,84,1,12,4,120.615306,24.183241,3
13604,66000,387130000C,(04)23274275,(04)23288582,2025,12,31,17,21,臺中市,大里區,0,2,0,7,2,6,50,3,1,1,5,4,6,6,1,1,10,5,5,2,17,2,9,1,1,C03,7,6,1,10,2,11,,48,48,1,12,4,120.696978,24.104388,2
13605,66000,387130000C,(04)23274275,(04)23288582,2025,12,31,17,24,臺中市,烏日區,0,1,0,7,1,6,50,4,1,1,5,4,6,6,1,1,5,4,5,1,16,3,10,3,1,B03,7,5,1,8,2,4,,22,22,1,6,4,120.64545,24.057853,2
13606,66000,387130000C,(04)23274275,(04)23288582,2025,12,31,17,25,臺中市,東區,0,0,0,7,,,50,,,,,,,,,,,,,,17,,,,,B03,,,1,,1,,,82,82,1,12,4,120.699143,24.133918,3
13607,66000,387130000C,(04)23274275,(04)23288582,2025,12,31,17,28,臺中市,北區,0,2,0,7,2,6,50,3,8,1,5,4,6,6,4,4,2,4,4,2,16,2,7,1,1,C03,7,5,1,9,2,12,,14,14,1,12,4,120.686497,24.155074,2
13608,66000,387130000C,(04)23274275,(04)23288582,2025,12,31,17,28,臺中市,北屯區,0,0,0,7,,,50,,,,,,,,,,,,,,13,,,,,B03,,,1,,1,,,7,7,1,12,4,120.699208,24.175883,4
13609,66000,387130000C,(04)23274275,(04)23288582,2025,12,31,17,30,臺中市,南區,0,1,0,7,1,6,50,4,1,1,5,4,6,6,1,1,10,5,5,2,16,3,10,3,1,B03,7,5,1,8,2,6,,84,84,1,13,4,120.66992,24.112757,2
13610,66000,387130000C,(04)23274275,(04)23288582,2025,12,31,17,30,臺中市,西屯區,0,2,0,7,1,6,50,13,9,1,5,4,6,6,4,4,1,4,5,2,13,2,9,2,1,C03,7,9,1,10,2,11,,7,7,1,12,4,120.646686,24.155112,2
13611,66000,387130000C,(04)23274275,(04)23288582,2025,12,31,17,30,臺中市,霧峰區,0,1,0,7,2,6,30,3,1,1,5,4,6,6,4,4,10,5,5,1,16,3,10,1,1,F03,7,6,7,21,1,14,,14,14,1,4,4,120.664545,24.072228,2
13612,66000,387130000C,(04)23274275,(04)23288582,2025,12,31,17,32,臺中市,南屯區,0,0,0,7,,,50,,,,,,,,,,,,,,13,,,,,C03,,,1,,1,,,84,84,1,13,4,120.614548,24.148146,3
13613,66000,387130000C,(04)23274275,(04)23288582,2025,12,31,17,33,臺中市,北屯區,0,1,0,7,1,6,50,13,9,1,5,4,6,6,4,4,1,4,5,2,17,3,10,3,1,B03,7,7,1,8,2,2,,40,40,1,6,4,120.717877,24.182068,2
13614,66000,387130000C,(04)23274275,(04)23288582,2025,12,31,17,33,臺中市,西屯區,0,0,0,7,,,50,,,,,,,,,,,,,,12,,,,,B03,,,1,,1,,,40,40,1,12,4,120.667123,24.173226,3
13615,66000,387130000C,(04)23274275,(04)23288582,2025,12,31,17,33,臺中市,西屯區,0,2,0,7,1,6,30,3,1,1,5,4,6,6,4,4,10,5,5,2,11,2,8,2,4,C03,7,6,1,10,2,14,,14,14,1,12,4,120.608168,24.188171,2
13616,66000,387130000C,(04)23274275,(04)23288582,2025,12,31,17,34,臺中市,西區,0,2,0,7,1,6,50,4,1,1,5,4,6,6,2,1,5,5,5,2,13,2,8,2,1,C03,7,9,1,10,2,11,,7,7,1,12,4,120.659974,24.16131,2
13617,66000,387130000C,(04)23274275,(04)23288582,2025,12,31,17,34,臺中市,西屯區,0,0,0,7,,,50,,,,,,,,,,,,,,13,,,,,B03,,,1,,1,,,7,7,1,13,4,120.615161,24.186332,3
13618,66000,387130000C,(04)23274275,(04)23288582,2025,12,31,17,34,臺中市,豐原區,0,0,0,7,1,6,50,13,9,1,5,4,6,6,2,1,1,2,5,2,13,3,10,3,1,B03,7,15,1,8,2,1,,56,56,1,12,4,120.722952,24.236459,3
13619,66000,387130000C,(04)23274275,(04)23288582,2025,12,31,17,35,臺中市,北區,0,0,0,7,,,50,,,,,,,,,,,,,,17,,,,,C03,,,1,,1,,,84,84,1,13,4,120.67258,24.168123,3
13620,66000,387130000C,(04)23274275,(04)23288582,2025,12,31,17,35,臺中市,北屯區,0,0,0,7,,,50,,,,,,,,,,,,,,,,,,,B03,,,1,,2,,,7,7,1,6,4,120.684973,24.172447,3
13621,66000,387130000C,(04)23274275,(04)23288582,2025,12,31,17,36,臺中市,霧峰區,0,1,0,7,1,6,50,3,9,1,5,4,6,6,3,1,5,4,4,1,13,2,9,5,4,C03,7,9,1,10,2,11,,7,7,1,12,4,120.701985,24.070987,2
13622,66000,387130000C,(04)23274275,(04)23288582,2025,12,31,17,39,臺中市,北區,0,0,0,7,,,50,,,,,,,,,,,,,,17,,,,,C03,,,1,,2,,,48,48,1,12,4,120.687134,24.148847,3
13623,66000,387130000C,(04)23274275,(04)23288582,2025,12,31,17,39,臺中市,北屯區,0,1,0,7,1,6,50,4,1,1,5,4,6,6,2,1,10,5,5,2,16,3,10,3,1,B03,7,6,1,8,2,2,,25,25,1,13,4,120.737337,24.17838,2
13624,66000,387130000C,(04)23274275,(04)23288582,2025,12,31,17,40,臺中市,潭子區,0,0,0,7,,,50,,,,,,,,,,,,,,,,,,,B03,,,1,,1,,,85,85,1,12,4,120.686942,24.209647,4
13625,66000,387130000C,(04)23274275,(04)23288582,2025,12,31,17,40,臺中市,南區,0,0,0,7,,,50,,,,,,,,,,,,,,,,,,,B03,,,3,,1,,,84,84,1,12,4,120.67758,24.126383,3
13626,66000,387130000C,(04)23274275,(04)23288582,2025,12,31,17,40,臺中市,西屯區,0,0,0,7,,,50,,,,,,,,,,,,,,16,,,,,C03,,,1,,1,,,48,48,1,12,4,120.658858,24.176139,3
13627,66000,387130000C,(04)23274275,(04)23288582,2025,12,31,17,40,臺中市,清水區,0,0,0,7,,,50,,,,,,,,,,,,,,,,,,,B03,,,1,,2,,,76,76,1,12,4,120.57459,24.271991,3
13628,66000,387130000C,(04)23274275,(04)23288582,2025,12,31,17,40,臺中市,豐原區,0,0,0,7,,,50,,,,,,,,,,,,,,13,,,,,C03,,,1,,1,,,7,7,1,12,4,120.712641,24.241762,4
13629,66000,387130000C,(04)23274275,(04)23288582,2025,12,31,17,43,臺中市,霧峰區,0,1,0,7,1,6,50,11,9,1,5,4,6,6,4,4,4,3,5,1,17,3,10,3,1,A04,7,9,1,6,2,2,,8,8,1,6,4,120.688804,24.056384,2
13630,66000,387130000C,(04)23274275,(04)23288582,2025,12,31,17,44,臺中市,大雅區,0,0,0,7,,,50,,,,,,,,,,,,,,,,,,,B03,,,1,,1,,,84,84,1,13,4,120.644157,24.207083,3
13631,66000,387130000C,(04)23274275,(04)23288582,2025,12,31,17,44,臺中市,中區,0,1,0,7,1,6,50,4,1,1,5,4,6,6,1,1,7,4,5,2,16,3,10,3,1,B03,7,5,1,8,2,2,,47,47,1,13,4,120.67929,24.14555,2
13632,66000,387130000C,(04)23274275,(04)23288582,2025,12,31,17,44,臺中市,北屯區,1,2,0,7,1,6,40,3,1,1,5,4,6,6,2,1,10,5,5,2,17,1,4,1,1,C03,7,6,1,10,9,14,,84,84,1,12,4,120.733186,24.170152,1
13633,66000,387130000C,(04)23274275,(04)23288582,2025,12,31,17,44,臺中市,北屯區,0,0,0,7,,,50,,,,,,,,,,,,,,13,,,,,C03,,,2,,1,,,59,59,1,12,4,120.731012,24.177325,3
13634,66000,387130000C,(04)23274275,(04)23288582,2025,12,31,17,45,臺中市,霧峰區,0,0,0,7,1,6,40,13,9,1,5,4,6,6,4,4,1,4,5,1,13,,,,,B03,,,1,,2,,,59,59,1,6,4,120.662867,24.071787,3
13635,66000,387130000C,(04)23274275,(04)23288582,2025,12,31,17,45,臺中市,太平區,0,0,0,7,,,50,,,,,,,,,,,,,,14,,,,,B03,,,1,,2,,,50,50,1,12,4,120.71194,24.125985,3
13636,66000,387130000C,(04)23274275,(04)23288582,2025,12,31,17,47,臺中市,北區,0,0,0,7,,,50,,,,,,,,,,,,,,13,,,,,B03,,,1,,1,,,84,84,1,13,4,120.694391,24.161146,3
13637,66000,387130000C,(04)23274275,(04)23288582,2025,12,31,17,47,臺中市,霧峰區,0,2,0,7,1,6,50,5,1,1,5,4,6,6,1,1,10,5,5,2,17,2,9,5,4,C03,7,6,1,10,2,13,,11,11,1,12,4,120.693237,24.073207,2
13638,66000,387130000C,(04)23274275,(04)23288582,2025,12,31,17,47,臺中市,太平區,0,0,0,7,,,50,,,,,,,,,,,,,,,,,,,C03,,,1,,2,,,39,39,1,12,4,120.711597,24.153607,3
13639,66000,387130000C,(04)23274275,(04)23288582,2025,12,31,17,48,臺中市,清水區,0,2,0,7,1,6,50,13,14,1,5,4,6,6,4,4,10,5,5,1,13,2,9,1,1,C03,7,9,1,10,2,11,,59,59,1,12,4,120.582017,24.281868,2
13640,66000,387130000C,(04)23274275,(04)23288582,2025,12,31,17,50,臺中市,大雅區,0,2,0,7,1,6,40,3,1,1,5,4,6,6,1,1,10,5,5,2,15,2,9,2,1,C03,7,9,1,10,2,11,,21,21,1,12,4,120.631516,24.239818,2
13641,66000,387130000C,(04)23274275,(04)23288582,2025,12,31,17,51,臺中市,西屯區,0,1,0,7,1,6,50,4,1,1,5,4,6,6,1,1,10,5,5,2,13,3,10,5,4,B03,7,6,1,8,1,1,,84,84,1,12,4,120.655864,24.170406,2
13642,66000,387130000C,(04)23274275,(04)23288582,2025,12,31,17,52,臺中市,烏日區,0,0,0,7,,,50,,,,,,,,,,,,,,13,,,,,B03,,,1,,1,,,7,7,1,6,4,120.640372,24.114543,3
13643,66000,387130000C,(04)23274275,(04)23288582,2025,12,31,17,53,臺中市,西區,0,3,0,7,1,6,50,4,1,1,5,4,6,6,1,1,10,5,5,2,17,3,10,3,1,B03,7,11,1,8,2,4,,65,65,1,12,4,120.675936,24.141301,2
13644,66000,387130000C,(04)23274275,(04)23288582,2025,12,31,17,53,臺中市,龍井區,0,1,0,7,2,6,50,4,1,1,5,4,6,6,2,1,10,5,5,2,15,3,10,1,1,C03,7,9,1,10,2,12,,21,21,1,6,4,120.581398,24.175646,2
13645,66000,387130000C,(04)23274275,(04)23288582,2025,12,31,17,55,臺中市,南屯區,0,0,0,7,,,50,,,,,,,,,,,,,,,,,,,C03,,,1,,1,,,59,59,1,12,4,120.651088,24.15094,3
13646,66000,387130000C,(04)23274275,(04)23288582,2025,12,31,17,55,臺中市,北屯區,0,0,0,7,,,50,,,,,,,,,,,,,,,,,,,B03,,,1,,1,,,40,40,1,12,4,120.664775,24.184107,3
13647,66000,387130000C,(04)23274275,(04)23288582,2025,12,31,17,57,臺中市,大雅區,0,0,0,7,,,60,,,,,,,,,,,,,,,,,,,C03,,,1,,1,,,7,7,1,12,4,120.650266,24.2095,3
13648,66000,387130000C,(04)23274275,(04)23288582,2025,12,31,17,57,臺中市,豐原區,0,0,0,7,,,50,,,,,,,,,,,,,,13,,,,,B03,,,1,,1,,,62,62,1,12,4,120.719446,24.263826,3
13649,66000,387130000C,(04)23274275,(04)23288582,2025,12,31,17,58,臺中市,清水區,0,1,0,7,1,6,40,4,1,1,5,4,6,6,1,1,1,4,3,1,23,2,1,3,1,B03,7,9,3,19,2,1,,55,55,1,12,4,120.551889,24.293813,2
13650,66000,387130000C,(04)23274275,(04)23288582,2025,12,31,17,59,臺中市,北區,0,1,0,7,1,6,50,3,2,1,5,4,6,6,4,4,5,5,5,2,13,3,10,3,1,B03,7,5,1,8,2,5,,84,84,1,12,4,120.672064,24.160425,2
13651,66000,387130000C,(04)23274275,(04)23288582,2025,12,31,17,59,臺中市,北屯區,0,0,0,7,,,50,,,,,,,,,,,,,,,,,,,B03,,,1,,1,,,85,85,1,12,4,120.718653,24.182034,3
13652,66000,387130000C,(04)23274275,(04)23288582,2025,12,31,18,0,臺中市,清水區,0,0,0,7,,,40,,,,,,,,,,,,,,,,,,,B12,,,1,,1,,,7,7,1,12,4,120.596523,24.30395,3
13653,66000,387130000C,(04)23274275,(04)23288582,2025,12,31,18,0,臺中市,豐原區,0,1,0,7,1,6,50,4,1,1,5,4,6,6,3,1,5,4,5,1,17,3,10,3,1,B03,7,6,1,8,2,8,,20,20,1,6,4,120.734371,24.238637,2
13654,66000,387130000C,(04)23274275,(04)23288582,2025,12,31,18,1,臺中市,南區,0,1,0,7,1,6,50,4,1,1,5,4,6,6,1,1,9,4,4,2,17,2,8,2,1,C03,7,9,1,10,2,11,,7,7,1,12,4,120.67926,24.119028,2
13655,66000,387130000C,(04)23274275,(04)23288582,2025,12,31,18,2,臺中市,南區,0,0,0,7,,,30,,,,,,,,,,,,,,17,,,,,B03,,,1,,1,,,84,84,1,13,4,120.669442,24.117187,3
13656,66000,387130000C,(04)23274275,(04)23288582,2025,12,31,18,2,臺中市,太平區,0,0,0,7,,,50,,,,,,,,,,,,,,,,,,,B03,,,1,,2,,,40,40,1,12,4,120.705059,24.159478,3
13657,66000,387130000C,(04)23274275,(04)23288582,2025,12,31,18,4,臺中市,南區,0,0,0,7,,,50,,,,,,,,,,,,,,14,,,,,B03,,,1,,1,,,49,49,1,6,4,120.660772,24.123364,3
13658,66000,387130000C,(04)23274275,(04)23288582,2025,12,31,18,5,臺中市,太平區,0,2,0,7,1,6,30,13,9,1,5,4,6,6,4,4,10,5,5,2,16,2,9,1,1,C03,7,5,1,10,2,11,,65,65,1,12,4,120.72205,24.133066,2
13659,66000,387130000C,(04)23274275,(04)23288582,2025,12,31,18,5,臺中市,豐原區,0,1,0,7,1,6,50,4,9,1,5,4,6,6,4,4,10,5,5,2,17,3,10,3,1,B03,7,13,1,3,2,4,,87,87,1,12,4,120.709425,24.238507,2
13660,66000,387130000C,(04)23274275,(04)23288582,2025,12,31,18,6,臺中市,中區,0,0,0,7,,,50,,,,,,,,,,,,,,17,,,,,B03,,,1,8,1,,,20,20,1,13,4,120.677994,24.140943,3
13661,66000,387130000C,(04)23274275,(04)23288582,2025,12,31,18,9,臺中市,龍井區,0,0,0,7,,,60,,,,,,,,,,,,,,13,,,,,B03,,,1,,2,,,7,7,1,6,4,120.577147,24.185775,3
13662,66000,387130000C,(04)23274275,(04)23288582,2025,12,31,18,10,臺中市,北屯區,0,0,0,7,,,50,,,,,,,,,,,,,,12,,,,,B03,,,1,,2,,,40,40,1,6,4,120.699871,24.164899,3
13663,66000,387130000C,(04)23274275,(04)23288582,2025,12,31,18,10,臺中市,西屯區,0,0,0,7,,,50,,,,,,,,,,,,,,13,,,,,B03,,,1,,1,,,59,59,1,12,4,120.638029,24.175602,3
13664,66000,387130000C,(04)23274275,(04)23288582,2025,12,31,18,11,臺中市,西屯區,0,0,0,7,,,60,,,,,,,,,,,,,,16,,,,,B02,,,1,,1,,,40,40,1,12,4,120.647795,24.196165,3
13665,66000,387130000C,(04)23274275,(04)23288582,2025,12,31,18,11,臺中市,大里區,0,2,0,7,1,6,50,9,12,1,5,4,6,6,4,4,5,4,4,1,17,2,8,1,1,C03,7,1,1,10,2,14,,51,51,1,6,4,120.690391,24.113366,2
13666,66000,387130000C,(04)23274275,(04)23288582,2025,12,31,18,11,臺中市,后里區,0,1,0,7,1,6,40,4,1,1,5,4,6,6,1,1,5,5,5,1,16,3,10,3,1,B03,7,6,1,8,2,2,,11,11,1,12,4,120.723462,24.323835,2
13667,66000,387130000C,(04)23274275,(04)23288582,2025,12,31,18,13,臺中市,潭子區,0,1,0,7,1,6,30,4,1,1,5,4,6,6,4,4,10,5,5,1,17,2,8,1,1,C03,7,6,1,10,2,16,,59,59,1,13,4,120.680853,24.20876,2
13668,66000,387130000C,(04)23274275,(04)23288582,2025,12,31,18,14,臺中市,北屯區,0,1,0,7,1,6,50,5,1,1,5,4,6,6,2,1,10,5,5,2,16,3,10,3,1,B03,7,6,1,8,2,6,,11,11,1,13,4,120.730338,24.177115,2
13669,66000,387130000C,(04)23274275,(04)23288582,2025,12,31,18,14,臺中市,豐原區,0,0,0,7,,,50,,,,,,,,,,,,,,13,,,,,C03,,,1,,1,,,7,7,1,12,4,120.712641,24.241762,4
13670,66000,387130000C,(04)23274275,(04)23288582,2025,12,31,18,15,臺中市,北區,0,0,0,7,,,50,,,,,,,,,,,,,,17,,,,,B03,,,1,,1,,,8,8,1,13,4,120.690718,24.160326,3
13671,66000,387130000C,(04)23274275,(04)23288582,2025,12,31,18,15,臺中市,烏日區,0,0,0,7,,,50,,,,,,,,,,,,,,,,,,,B03,,,1,,1,,,7,7,1,13,4,120.648565,24.086184,3
13672,66000,387130000C,(04)23274275,(04)23288582,2025,12,31,18,16,臺中市,南區,0,0,0,7,,,50,,,,,,,,,,,,,,,,,,,C03,,,1,,2,,,85,85,1,12,4,120.651412,24.114891,3
13673,66000,387130000C,(04)23274275,(04)23288582,2025,12,31,18,16,臺中市,大里區,0,1,0,7,1,6,50,4,2,1,5,4,6,6,1,1,1,4,5,1,13,2,9,1,1,C03,7,9,1,10,2,11,,84,84,1,13,4,120.698406,24.079992,2
13674,66000,387130000C,(04)23274275,(04)23288582,2025,12,31,18,17,臺中市,大里區,0,0,0,7,,,50,,,,,,,,,,,,,,17,,,,,B03,,,1,,2,,,84,84,1,12,4,120.681389,24.104565,3
13675,66000,387130000C,(04)23274275,(04)23288582,2025,12,31,18,20,臺中市,西區,0,0,0,7,,,50,,,,,,,,,,,,,,13,,,,,C03,,,1,,1,,,59,59,1,13,4,120.675414,24.133614,3
13676,66000,387130000C,(04)23274275,(04)23288582,2025,12,31,18,21,臺中市,南屯區,0,0,0,7,,,50,,,,,,,,,,,,,,12,,,,,B03,,,1,,1,,,40,40,1,13,4,120.631363,24.144878,3
13677,66000,387130000C,(04)23274275,(04)23288582,2025,12,31,18,21,臺中市,烏日區,0,1,0,7,1,6,50,13,9,1,5,4,6,6,4,4,5,5,5,2,12,3,10,3,1,B03,7,1,1,8,2,8,,51,51,1,6,4,120.607562,24.106249,2
13678,66000,387130000C,(04)23274275,(04)23288582,2025,12,31,18,24,臺中市,南屯區,0,1,0,7,1,6,40,13,9,1,5,4,6,6,4,4,5,5,5,2,18,2,1,6,4,F01,7,9,7,21,9,12,,59,59,1,6,4,120.652267,24.152419,2
13679,66000,387130000C,(04)23274275,(04)23288582,2025,12,31,18,24,臺中市,西屯區,0,1,0,7,1,6,40,4,1,1,5,4,6,6,2,1,10,5,5,2,12,3,10,3,1,B03,7,9,1,8,2,2,,8,8,1,12,4,120.644134,24.201424,2
13680,66000,387130000C,(04)23274275,(04)23288582,2025,12,31,18,25,臺中市,烏日區,0,0,0,7,,,50,,,,,,,,,,,,,,12,,,,,C02,,,1,,1,,,84,84,1,6,4,120.607155,24.110576,3
13681,66000,387130000C,(04)23274275,(04)23288582,2025,12,31,18,25,臺中市,龍井區,0,1,0,6,1,6,50,4,1,1,5,4,6,6,2,1,10,5,5,2,16,3,10,1,1,C03,7,11,3,19,2,11,,45,45,1,6,4,120.582893,24.178814,2
13682,66000,387130000C,(04)23274275,(04)23288582,2025,12,31,18,25,臺中市,沙鹿區,0,1,0,7,1,6,50,3,1,1,5,4,6,6,4,4,10,5,5,2,18,2,9,2,1,C02,7,5,1,9,2,12,,82,82,1,6,4,120.565579,24.258058,2
13683,66000,387130000C,(04)23274275,(04)23288582,2025,12,31,18,27,臺中市,西屯區,0,0,0,7,,,30,,,,,,,,,,,,,,17,,,,,B03,,,1,,1,,,85,85,1,12,4,120.643938,24.169138,3
13684,66000,387130000C,(04)23274275,(04)23288582,2025,12,31,18,27,臺中市,豐原區,0,0,0,7,,,50,,,,,,,,,,,,,,13,,,,,B03,,,1,,2,,,8,8,1,12,4,120.74171,24.263157,3
13685,66000,387130000C,(04)23274275,(04)23288582,2025,12,31,18,28,臺中市,西屯區,0,0,0,7,,,50,,,,,,,,,,,,,,12,,,,,A12,,,1,,1,,,78,78,1,12,4,120.639208,24.183403,3
13686,66000,387130000C,(04)23274275,(04)23288582,2025,12,31,18,29,臺中市,北屯區,0,0,0,7,,,50,,,,,,,,,,,,,,9,,,,,C03,,,3,19,2,,,7,7,1,12,4,120.693605,24.162058,3
13687,66000,387130000C,(04)23274275,(04)23288582,2025,12,31,18,30,臺中市,南屯區,0,0,0,7,,,50,,,,,,,,,,,,,,17,,,,,B03,,,1,,1,,,51,51,1,12,4,120.638848,24.144918,3
13688,66000,387130000C,(04)23274275,(04)23288582,2025,12,31,18,33,臺中市,大里區,0,0,0,7,,3,80,,,,,,,,,,,,,,17,,,,,B03,,,1,,2,,,40,40,1,6,4,120.694528,24.107117,3
13689,66000,387130000C,(04)23274275,(04)23288582,2025,12,31,18,33,臺中市,大里區,0,1,0,7,1,6,50,3,1,1,5,4,6,6,1,1,5,4,5,1,17,3,10,1,1,C03,7,9,1,10,2,12,,7,7,1,13,4,120.686348,24.121331,2
13690,66000,387130000C,(04)23274275,(04)23288582,2025,12,31,18,35,臺中市,東區,0,0,0,7,,,40,,,,,,,,,,,,,,13,,,,,C03,,,1,,1,,,59,59,1,13,4,120.709772,24.149388,3
13691,66000,387130000C,(04)23274275,(04)23288582,2025,12,31,18,39,臺中市,太平區,0,0,0,7,,,50,,,,,,,,,,,,,,,,,,,B03,,,1,,1,,,49,49,1,12,4,120.715913,24.147937,3
13692,66000,387130000C,(04)23274275,(04)23288582,2025,12,31,18,39,臺中市,沙鹿區,0,0,0,7,,,30,,,,,,,,,,,,,,14,,,,,B03,,,1,,1,,,49,49,1,6,4,120.586585,24.195937,3
13693,66000,387130000C,(04)23274275,(04)23288582,2025,12,31,18,40,臺中市,南區,0,0,0,7,,,50,,,,,,,,,,,,,,16,,,,,B03,,,1,,1,,,14,14,1,6,4,120.6654,24.115515,3
13694,66000,387130000C,(04)23274275,(04)23288582,2025,12,31,18,41,臺中市,北區,0,0,0,7,,,50,,,,,,,,,,,,,,14,,,,,B03,,,1,,1,,,49,49,1,12,4,120.675465,24.165207,3
13695,66000,387130000C,(04)23274275,(04)23288582,2025,12,31,18,44,臺中市,梧棲區,0,0,0,7,,,50,,,,,,,,,,,,,,14,,,,,C03,,,1,,2,,,49,49,1,6,4,120.530354,24.254763,3
13696,66000,387130000C,(04)23274275,(04)23288582,2025,12,31,18,45,臺中市,西區,0,1,0,7,1,6,50,4,1,1,5,4,6,6,1,1,10,5,5,2,16,3,10,2,1,C03,7,5,1,10,2,12,,84,84,1,12,4,120.660138,24.150851,2
13697,66000,387130000C,(04)23274275,(04)23288582,2025,12,31,18,45,臺中市,南屯區,0,0,0,7,,,50,,,,,,,,,,,,,,,,,,,B03,,,1,,1,,,85,85,1,13,4,120.638283,24.135324,3
13698,66000,387130000C,(04)23274275,(04)23288582,2025,12,31,18,45,臺中市,北屯區,0,1,0,7,3,6,50,4,2,1,5,4,6,6,1,1,10,5,5,2,17,3,10,1,1,C03,7,9,1,10,2,11,,7,7,1,12,4,120.669421,24.177257,2
13699,66000,387130000C,(04)23274275,(04)23288582,2025,12,31,18,47,臺中市,西屯區,0,1,0,7,1,6,40,3,1,1,5,4,6,6,1,1,10,5,5,2,16,2,9,1,1,C03,7,6,1,10,2,14,,48,48,1,13,4,120.634181,24.174119,2
13700,66000,387130000C,(04)23274275,(04)23288582,2025,12,31,18,47,臺中市,清水區,0,1,0,7,1,6,60,3,1,1,5,4,6,6,2,1,1,4,1,1,17,3,10,3,1,A41,7,7,1,1,2,6,,84,84,1,12,4,120.561851,24.272269,2