序號,縣市別代碼,機關代碼,市話,傳真,年,月,日,時,分,縣市,區,死亡數量,受傷數量,2-30,天候,道路照明設備,道路類別,道路速限,道路型態,事故位置,路面鋪裝,路面狀態,路面缺陷,障礙物,視距,號誌種類,號誌動作,分向設施,快車道或一般車道間,快慢車道間,路面邊線,事故類型及型態,受傷程度,主要傷處,保護裝備,行動電話或功能裝置,當事者區分(類別),車輛用途,當事者行動狀態,駕照狀態,駕照種類,飲酒情形,車輛撞擊部位最初,車輛撞擊部位其他,肇事因素個別,肇事因素主要,肇事逃逸,職業,共享經濟或外送平台,GPS座標X,GPS座標Y,事故類別
13701,66000,387130000C,(04)23274275,(04)23288582,2025,12,31,18,49,臺中市,西屯區,0,0,0,7,,,50,,,,,,,,,,,,,,13,,,,,B02,,,1,,1,,,84,84,1,12,4,120.637551,24.163696,3
13702,66000,387130000C,(04)23274275,(04)23288582,2025,12,31,18,50,臺中市,北屯區,0,0,0,7,,,50,,,,,,,,,,,,,,12,,,,,A05,,,1,,1,,,48,48,1,6,4,120.678799,24.198251,3
13703,66000,387130000C,(04)23274275,(04)23288582,2025,12,31,18,50,臺中市,大里區,0,1,0,7,1,6,30,13,9,1,5,4,6,6,4,4,10,5,5,2,13,2,8,1,1,C03,7,9,1,10,2,11,,7,7,1,6,4,120.702108,24.088331,2
13704,66000,387130000C,(04)23274275,(04)23288582,2025,12,31,18,50,臺中市,豐原區,0,1,0,7,1,6,50,5,1,1,5,4,6,6,1,1,1,4,4,2,17,3,10,3,1,B03,7,6,1,8,2,1,,59,59,1,6,4,120.703301,24.242789,2
13705,66000,387130000C,(04)23274275,(04)23288582,2025,12,31,18,53,臺中市,新社區,0,1,0,7,3,6,40,11,9,1,5,4,6,6,4,4,5,5,5,1,19,2,9,5,4,C01,7,9,1,9,2,11,,84,84,1,13,4,120.889839,24.103893,2
13706,66000,387130000C,(04)23274275,(04)23288582,2025,12,31,18,55,臺中市,東區,0,1,0,7,1,6,50,13,9,1,5,4,6,6,4,4,9,4,4,2,17,3,10,3,1,B03,7,9,1,8,2,1,,7,7,1,13,4,120.691902,24.126185,2
13707,66000,387130000C,(04)23274275,(04)23288582,2025,12,31,18,55,臺中市,沙鹿區,0,0,0,7,,,50,,,,,,,,,,,,,,,,,,,C03,,,1,,2,,,8,8,1,6,4,120.574515,24.227623,3
13708,66000,387130000C,(04)23274275,(04)23288582,2025,12,31,19,0,臺中市,后里區,0,1,0,7,1,6,50,13,9,1,5,4,6,6,4,4,3,4,5,2,13,2,9,1,1,C03,7,9,1,10,2,11,,59,59,1,12,4,120.685059,24.317136,2
13709,66000,387130000C,(04)23274275,(04)23288582,2025,12,31,19,0,臺中市,大甲區,0,0,0,7,,,70,,,,,,,,,,,,,,,,,,,B03,,,1,,1,,,84,84,1,12,4,120.659674,24.398264,3
13710,66000,387130000C,(04)23274275,(04)23288582,2025,12,31,19,2,臺中市,南區,0,0,0,7,,,50,,,,,,,,,,,,,,,,,,,B03,,,1,,1,,,49,49,1,12,4,120.657384,24.133374,3
13711,66000,387130000C,(04)23274275,(04)23288582,2025,12,31,19,4,臺中市,中區,0,1,0,7,1,6,50,11,8,1,5,4,6,6,4,4,3,4,4,2,17,3,10,3,1,B03,7,3,1,8,2,6,,50,50,1,12,4,120.683356,24.136704,2
13712,66000,387130000C,(04)23274275,(04)23288582,2025,12,31,19,6,臺中市,北屯區,0,0,0,7,,,50,,,,,,,,,,,,,,12,,,,,B03,,,1,,2,,,39,39,1,6,4,120.691824,24.166486,3
13713,66000,387130000C,(04)23274275,(04)23288582,2025,12,31,19,6,臺中市,龍井區,0,0,0,6,,,60,,,,,,,,,,,,,,13,,,,,B03,,,1,,1,,,84,84,1,6,4,120.591962,24.183172,3
13714,66000,387130000C,(04)23274275,(04)23288582,2025,12,31,19,7,臺中市,北屯區,0,1,0,7,1,6,50,4,1,1,5,4,6,6,2,1,10,5,5,2,15,3,10,1,1,C03,7,9,1,10,2,12,,21,21,1,6,4,120.694672,24.16561,2
13715,66000,387130000C,(04)23274275,(04)23288582,2025,12,31,19,10,臺中市,東區,0,1,0,7,1,6,50,13,9,1,5,4,6,6,4,4,5,4,5,2,17,3,10,3,1,B03,7,9,1,8,2,5,,84,84,1,6,4,120.683724,24.134884,2
13716,66000,387130000C,(04)23274275,(04)23288582,2025,12,31,19,13,臺中市,大里區,0,1,0,7,1,6,50,13,9,1,5,4,6,6,4,4,9,5,5,2,3,3,10,1,1,C03,7,9,2,19,2,11,,84,84,1,12,4,120.701283,24.106513,2
13717,66000,387130000C,(04)23274275,(04)23288582,2025,12,31,19,15,臺中市,東區,0,2,0,7,1,6,50,4,1,1,5,4,6,6,4,4,10,5,5,2,17,2,9,1,1,C03,7,9,1,10,2,11,,20,20,1,12,4,120.703955,24.146832,2
13718,66000,387130000C,(04)23274275,(04)23288582,2025,12,31,19,15,臺中市,大肚區,0,0,0,6,,,50,,,,,,,,,,,,,,17,,,,,F02,,,1,,2,,,84,84,1,6,4,120.579752,24.170955,3
13719,66000,387130000C,(04)23274275,(04)23288582,2025,12,31,19,19,臺中市,大雅區,0,0,0,7,,,50,,,,,,,,,,,,,,11,,,,,B03,,,1,,2,,,8,8,1,12,4,120.639315,24.230327,3
13720,66000,387130000C,(04)23274275,(04)23288582,2025,12,31,19,19,臺中市,西屯區,0,1,0,7,1,6,50,13,9,1,5,4,6,6,4,4,5,4,5,2,13,2,6,5,4,C03,7,9,1,10,1,11,,59,59,1,12,4,120.6368,24.168759,2
13721,66000,387130000C,(04)23274275,(04)23288582,2025,12,31,19,19,臺中市,梧棲區,0,0,0,7,,,40,,,,,,,,,,,,,,14,,,,,B03,,,1,,1,,,49,49,1,6,4,120.529625,24.252118,4
13722,66000,387130000C,(04)23274275,(04)23288582,2025,12,31,19,20,臺中市,南區,0,1,0,7,1,6,50,4,4,1,5,4,6,6,1,1,10,5,5,2,13,3,10,3,1,B03,7,9,5,19,2,1,,59,59,1,13,4,120.670149,24.119181,2
13723,66000,387130000C,(04)23274275,(04)23288582,2025,12,31,19,20,臺中市,北屯區,0,0,0,7,,3,80,,,,,,,,,,,,,,13,,,,,B12,,,1,,1,,,84,84,1,6,4,120.694835,24.200744,3
13724,66000,387130000C,(04)23274275,(04)23288582,2025,12,31,19,21,臺中市,北屯區,0,0,0,7,,,50,,,,,,,,,,,,,,12,,,,,A04,,,1,,1,,,8,8,1,6,4,120.74069,24.178366,3
13725,66000,387130000C,(04)23274275,(04)23288582,2025,12,31,19,23,臺中市,南區,0,1,0,7,1,6,50,4,2,1,5,4,6,6,1,1,10,5,5,2,18,2,9,2,1,C03,7,9,1,10,2,14,,84,84,1,12,4,120.663396,24.121715,2
13726,66000,387130000C,(04)23274275,(04)23288582,2025,12,31,19,26,臺中市,北屯區,0,1,0,7,3,6,50,13,7,1,5,4,6,6,4,4,3,4,4,2,17,2,9,3,1,B03,7,9,1,8,2,4,,5,5,1,12,4,120.662604,24.187742,2
13727,66000,387130000C,(04)23274275,(04)23288582,2025,12,31,19,27,臺中市,豐原區,0,0,0,7,,,50,,,,,,,,,,,,,,13,,,,,C03,,,1,,2,,,58,58,1,12,4,120.720948,24.268919,3
13728,66000,387130000C,(04)23274275,(04)23288582,2025,12,31,19,33,臺中市,北屯區,0,1,0,7,1,6,50,4,1,1,5,4,6,6,1,1,10,5,5,2,13,3,10,1,1,C03,7,7,1,10,2,13,,42,42,1,6,4,120.70382,24.159735,2
13729,66000,387130000C,(04)23274275,(04)23288582,2025,12,31,19,34,臺中市,大雅區,0,0,0,7,,,30,,,,,,,,,,,,,,,,,,,B03,,,1,,2,,,84,84,1,13,4,120.650944,24.221149,3
13730,66000,387130000C,(04)23274275,(04)23288582,2025,12,31,19,39,臺中市,南屯區,0,1,0,7,1,6,50,3,1,1,5,4,6,6,4,4,10,5,5,2,16,3,10,3,1,B03,7,6,1,8,2,5,,14,14,1,13,4,120.610069,24.142374,2
13731,66000,387130000C,(04)23274275,(04)23288582,2025,12,31,19,40,臺中市,南屯區,0,0,0,7,,,50,,,,,,,,,,,,,,,,,,,B03,,,1,,2,,,45,45,1,12,4,120.645331,24.137605,3
13732,66000,387130000C,(04)23274275,(04)23288582,2025,12,31,19,45,臺中市,烏日區,0,1,0,7,1,6,50,13,7,1,5,4,6,6,4,4,10,5,5,1,13,4,11,3,1,B01,7,9,1,4,2,1,,7,7,1,6,4,120.618677,24.11142,2
13733,66000,387130000C,(04)23274275,(04)23288582,2025,12,31,19,46,臺中市,太平區,0,0,0,7,,,50,,,,,,,,,,,,,,12,,,,,C03,,,1,,2,,,7,7,1,5,4,120.733741,24.143329,3
13734,66000,387130000C,(04)23274275,(04)23288582,2025,12,31,19,47,臺中市,西區,0,0,0,7,,,50,,,,,,,,,,,,,,12,,,,,B01,,,1,,1,,,40,40,1,12,4,120.657756,24.157921,3
13735,66000,387130000C,(04)23274275,(04)23288582,2025,12,31,19,48,臺中市,西區,0,1,0,7,1,6,50,3,1,1,5,4,6,6,1,1,10,5,5,2,12,3,10,5,4,B03,7,7,1,8,2,6,,40,40,1,13,4,120.671894,24.148996,2
13736,66000,387130000C,(04)23274275,(04)23288582,2025,12,31,19,49,臺中市,沙鹿區,0,1,0,7,1,6,50,3,1,1,5,4,6,6,4,4,10,5,5,2,17,3,10,3,1,B03,7,11,1,8,2,8,,45,45,1,6,4,120.560238,24.238425,2
13737,66000,387130000C,(04)23274275,(04)23288582,2025,12,31,19,50,臺中市,北屯區,0,1,0,7,3,6,50,13,24,1,5,4,6,6,4,4,1,5,5,2,16,3,10,2,1,C03,7,11,3,19,2,14,,46,46,1,6,4,120.693022,24.163367,2
13738,66000,387130000C,(04)23274275,(04)23288582,2025,12,31,19,54,臺中市,北區,0,0,0,7,,,50,,,,,,,,,,,,,,17,,,,,B03,,,1,,2,,,84,84,1,13,4,120.685823,24.148285,3
13739,66000,387130000C,(04)23274275,(04)23288582,2025,12,31,19,54,臺中市,龍井區,0,1,0,7,1,6,50,4,1,1,5,4,6,6,2,1,3,5,5,2,15,3,10,2,1,C04,7,9,1,8,2,11,,21,21,1,6,4,120.581398,24.175646,2
13740,66000,387130000C,(04)23274275,(04)23288582,2025,12,31,19,58,臺中市,后里區,0,0,0,7,1,6,50,13,9,1,5,4,6,6,4,4,5,5,5,1,30,,,,,,,,,,,,,119,119,1,,,120.722368,24.324195,3
13741,66000,387130000C,(04)23274275,(04)23288582,2025,12,31,19,58,臺中市,大甲區,0,0,0,7,,3,70,,,,,,,,,,,,,,,,,,,B03,,,1,,2,,,47,47,1,12,4,120.618242,24.416475,3
13742,66000,387130000C,(04)23274275,(04)23288582,2025,12,31,19,59,臺中市,東勢區,0,0,0,7,,,60,,,,,,,,,,,,,,,,,,,B12,,,1,,2,,,84,84,1,12,4,120.824744,24.256931,3
13743,66000,387130000C,(04)23274275,(04)23288582,2025,12,31,20,1,臺中市,南屯區,0,2,0,7,1,6,50,4,2,1,5,4,6,6,1,1,5,5,5,2,17,3,10,3,1,B03,7,9,1,8,2,1,,59,59,1,12,4,120.642347,24.142047,2
13744,66000,387130000C,(04)23274275,(04)23288582,2025,12,31,20,2,臺中市,中區,0,0,0,7,,,50,,,,,,,,,,,,,,,,,,,B03,,,1,,2,,,84,84,1,12,4,120.677616,24.144072,3
13745,66000,387130000C,(04)23274275,(04)23288582,2025,12,31,20,5,臺中市,西區,0,1,0,7,1,6,50,4,1,1,5,4,6,6,1,1,5,4,5,2,15,3,10,3,1,B03,7,9,1,8,2,4,,21,21,1,13,4,120.670435,24.133669,2
13746,66000,387130000C,(04)23274275,(04)23288582,2025,12,31,20,7,臺中市,北屯區,0,1,0,7,3,6,50,3,1,1,5,4,6,6,1,1,10,5,5,2,18,2,9,1,1,C03,7,6,1,10,2,11,,82,82,1,12,4,120.670395,24.188906,2
13747,66000,387130000C,(04)23274275,(04)23288582,2025,12,31,20,7,臺中市,沙鹿區,0,0,0,7,,,50,,,,,,,,,,,,,,17,,,,,C03,,,1,,2,,,8,8,1,6,4,120.569447,24.225326,3
13748,66000,387130000C,(04)23274275,(04)23288582,2025,12,31,20,14,臺中市,潭子區,0,1,0,7,1,6,40,13,12,1,5,4,6,6,4,4,3,4,4,1,13,3,10,1,1,C03,7,9,1,10,2,12,,8,8,1,12,4,120.6871,24.211166,2
13749,66000,387130000C,(04)23274275,(04)23288582,2025,12,31,20,15,臺中市,烏日區,0,0,0,7,,,50,,,,,,,,,,,,,,13,,,,,B03,,,1,,9,,,84,84,2,6,4,120.607368,24.11158,3
13750,66000,387130000C,(04)23274275,(04)23288582,2025,12,31,20,17,臺中市,豐原區,0,0,0,7,,,50,,,,,,,,,,,,,,17,,,,,B03,,,1,,2,,,84,84,1,12,4,120.722716,24.2362,3
13751,66000,387130000C,(04)23274275,(04)23288582,2025,12,31,20,20,臺中市,梧棲區,0,0,0,7,,,50,,,,,,,,,,,,,,13,,,,,B03,,,1,,1,,,7,7,1,6,4,120.548863,24.24829,4
13752,66000,387130000C,(04)23274275,(04)23288582,2025,12,31,20,23,臺中市,北屯區,0,0,0,7,,,50,,,,,,,,,,,,,,,,,,,C03,,,1,,1,,,7,7,1,12,4,120.665989,24.182618,3
13753,66000,387130000C,(04)23274275,(04)23288582,2025,12,31,20,24,臺中市,北屯區,0,0,0,7,,,50,,,,,,,,,,,,,,,,,,,B03,,,1,,1,,,84,84,1,12,4,120.755055,24.19955,3
13754,66000,387130000C,(04)23274275,(04)23288582,2025,12,31,20,25,臺中市,北屯區,0,0,0,7,,,50,,,,,,,,,,,,,,20,,,,,B03,,,1,,2,,,45,45,1,6,4,120.730269,24.17565,3
13755,66000,387130000C,(04)23274275,(04)23288582,2025,12,31,20,29,臺中市,大里區,0,0,0,7,1,6,40,13,8,1,5,4,6,6,4,4,1,4,4,1,13,,,,,C03,,,1,,1,,,7,7,1,13,4,120.683614,24.104085,3
13756,66000,387130000C,(04)23274275,(04)23288582,2025,12,31,20,30,臺中市,西區,0,3,0,7,3,6,50,5,1,1,5,4,6,6,4,4,10,5,5,2,17,2,9,2,1,C03,7,1,1,10,2,11,,51,51,1,12,4,120.661866,24.151751,2
13757,66000,387130000C,(04)23274275,(04)23288582,2025,12,31,20,33,臺中市,北區,0,0,0,7,,,50,,,,,,,,,,,,,,13,,,,,B03,,,1,,1,,,84,84,1,12,4,120.685614,24.14322,3
13758,66000,387130000C,(04)23274275,(04)23288582,2025,12,31,20,34,臺中市,霧峰區,0,1,0,7,1,6,50,5,1,1,5,4,6,6,4,4,5,5,5,2,16,3,10,5,4,C03,7,9,1,10,2,12,,84,84,1,12,4,120.697599,24.06473,2
13759,66000,387130000C,(04)23274275,(04)23288582,2025,12,31,20,37,臺中市,北區,0,0,0,7,,,50,,,,,,,,,,,,,,17,,,,,B02,,,1,,2,,,45,45,1,13,4,120.689902,24.155846,3
13760,66000,387130000C,(04)23274275,(04)23288582,2025,12,31,20,40,臺中市,西屯區,0,0,0,7,,,50,,,,,,,,,,,,,,13,,,,,C03,,,1,,1,,,7,7,1,12,4,120.646243,24.175519,4
13761,66000,387130000C,(04)23274275,(04)23288582,2025,12,31,20,41,臺中市,北區,0,1,0,7,1,6,50,4,19,1,5,4,6,6,1,1,10,5,5,2,3,3,10,5,4,B03,7,6,3,19,2,8,,10,10,1,13,4,120.677336,24.161681,2
13762,66000,387130000C,(04)23274275,(04)23288582,2025,12,31,20,43,臺中市,大雅區,0,0,0,7,,,60,,,,,,,,,,,,,,13,,,,,B03,,,1,,1,,,7,7,1,12,4,120.650579,24.21031,3
13763,66000,387130000C,(04)23274275,(04)23288582,2025,12,31,20,44,臺中市,沙鹿區,0,0,0,7,,,40,,,,,,,,,,,,,,,,,,,B03,,,1,,1,,,8,8,1,6,4,120.574443,24.267069,3
13764,66000,387130000C,(04)23274275,(04)23288582,2025,12,31,20,48,臺中市,西區,0,0,0,7,,,50,,,,,,,,,,,,,,9,,,,,,,,,,,,,119,119,1,13,,120.655922,24.143253,3
13765,66000,387130000C,(04)23274275,(04)23288582,2025,12,31,20,51,臺中市,大里區,0,1,0,7,1,6,50,13,7,1,5,4,6,6,4,4,5,5,4,1,18,2,9,1,1,C03,7,9,1,10,2,11,,87,87,1,12,4,120.680367,24.109463,2
13766,66000,387130000C,(04)23274275,(04)23288582,2025,12,31,21,0,臺中市,豐原區,0,1,0,7,1,6,50,13,7,1,5,4,6,6,4,4,9,5,4,2,13,3,10,5,4,B03,7,12,1,8,2,1,,7,7,1,12,4,120.714863,24.249839,2
13767,66000,387130000C,(04)23274275,(04)23288582,2025,12,31,21,2,臺中市,大里區,0,1,0,7,1,6,60,4,2,1,5,4,6,6,1,1,1,4,4,2,13,3,10,3,1,B03,7,9,1,8,2,1,,84,84,1,13,4,120.69107,24.100688,2
13768,66000,387130000C,(04)23274275,(04)23288582,2025,12,31,21,9,臺中市,大里區,0,1,0,7,1,6,50,13,9,1,5,4,6,6,4,4,4,5,5,2,17,3,10,3,1,B03,7,3,1,8,2,2,,50,50,1,6,4,120.67636,24.092583,2
13769,66000,387130000C,(04)23274275,(04)23288582,2025,12,31,21,12,臺中市,北區,0,0,0,7,,,50,,,,,,,,,,,,,,17,,,,,B02,,,1,,2,,,82,82,1,13,4,120.687134,24.148847,3
13770,66000,387130000C,(04)23274275,(04)23288582,2025,12,31,21,15,臺中市,北區,0,0,0,7,1,6,40,13,8,1,5,4,6,6,4,4,2,4,4,2,14,3,10,3,1,B03,7,2,1,8,1,3,,49,49,1,12,4,120.681143,24.149827,3
13771,66000,387130000C,(04)23274275,(04)23288582,2025,12,31,21,21,臺中市,北屯區,0,2,0,7,1,6,50,3,1,1,5,4,6,6,1,1,10,5,5,2,17,3,10,4,1,F01,7,9,7,21,2,14,,20,20,1,12,4,120.700432,24.170261,2
13772,66000,387130000C,(04)23274275,(04)23288582,2025,12,31,21,23,臺中市,潭子區,0,1,0,6,1,6,50,4,1,1,5,4,6,6,1,1,5,4,4,2,18,2,9,2,1,C03,7,6,1,10,2,14,,84,84,1,13,4,120.691471,24.215849,2
13773,66000,387130000C,(04)23274275,(04)23288582,2025,12,31,21,24,臺中市,后里區,0,0,0,7,1,6,50,3,1,1,5,4,6,6,1,1,5,2,5,1,17,3,10,3,1,B03,7,15,1,8,2,5,,42,42,1,12,4,120.67996,24.315991,3
13774,66000,387130000C,(04)23274275,(04)23288582,2025,12,31,21,26,臺中市,北區,0,1,0,7,1,6,50,13,9,1,5,4,6,6,4,4,5,4,5,2,17,3,10,5,4,B03,7,1,1,8,2,7,,51,51,1,13,4,120.67924,24.155574,2
13775,66000,387130000C,(04)23274275,(04)23288582,2025,12,31,21,27,臺中市,大肚區,0,1,0,7,1,6,40,13,8,1,5,4,6,6,4,4,1,4,4,1,13,3,10,2,1,C03,7,9,2,19,2,11,,7,7,1,6,4,120.57584,24.119107,2
13776,66000,387130000C,(04)23274275,(04)23288582,2025,12,31,21,30,臺中市,北屯區,0,0,0,7,,,50,,,,,,,,,,,,,,13,,,,,B01,,,1,,2,,,59,59,1,6,4,120.665138,24.183921,3
13777,66000,387130000C,(04)23274275,(04)23288582,2025,12,31,21,30,臺中市,西屯區,0,1,0,7,1,6,50,4,1,1,5,4,6,6,1,1,10,5,5,2,13,3,10,5,4,B03,7,9,1,8,2,5,,59,59,1,13,4,120.639045,24.180069,2
13778,66000,387130000C,(04)23274275,(04)23288582,2025,12,31,21,39,臺中市,北區,0,0,0,7,,,50,,,,,,,,,,,,,,17,,,,,C03,,,1,,2,,,84,84,1,12,4,120.669076,24.155368,3
13779,66000,387130000C,(04)23274275,(04)23288582,2025,12,31,21,43,臺中市,豐原區,0,1,0,7,2,6,50,13,14,1,5,4,6,6,4,4,5,4,5,1,16,3,10,5,4,B03,7,5,1,8,2,5,,84,84,1,12,4,120.721437,24.270968,2
13780,66000,387130000C,(04)23274275,(04)23288582,2025,12,31,21,50,臺中市,南屯區,0,0,0,7,,,50,,,,,,,,,,,,,,,,,,,B03,,,1,,11,,,50,50,1,12,4,120.628852,24.151531,3
13781,66000,387130000C,(04)23274275,(04)23288582,2025,12,31,21,50,臺中市,北屯區,0,0,0,7,,,50,,,,,,,,,,,,,,15,,,,,B03,,,1,,1,,,15,15,1,6,4,120.714766,24.169586,3
13782,66000,387130000C,(04)23274275,(04)23288582,2025,12,31,21,51,臺中市,西屯區,0,1,0,7,1,6,50,13,9,1,5,4,6,6,4,4,9,5,5,2,13,2,8,1,1,C03,7,9,1,10,1,11,,85,85,1,13,4,120.636758,24.166645,2
13783,66000,387130000C,(04)23274275,(04)23288582,2025,12,31,21,55,臺中市,龍井區,0,0,0,6,,,50,,,,,,,,,,,,,,11,,,,,B03,,,1,,2,,,8,8,1,6,4,120.5926,24.181542,3
13784,66000,387130000C,(04)23274275,(04)23288582,2025,12,31,21,57,臺中市,北屯區,0,1,0,7,1,6,50,4,1,1,5,4,6,6,2,1,10,5,5,2,12,2,9,1,1,C03,7,9,1,10,2,12,,84,84,1,6,4,120.711829,24.182341,2
13785,66000,387130000C,(04)23274275,(04)23288582,2025,12,31,21,59,臺中市,沙鹿區,0,0,0,7,,,70,,,,,,,,,,,,,,13,,,,,B03,,,1,,2,,,7,7,1,6,4,120.581014,24.201166,3
13786,66000,387130000C,(04)23274275,(04)23288582,2025,12,31,22,4,臺中市,西區,0,0,0,7,,,50,,,,,,,,,,,,,,15,,,,,B03,,,1,,1,,,15,15,1,12,4,120.660136,24.152545,3
13787,66000,387130000C,(04)23274275,(04)23288582,2025,12,31,22,14,臺中市,大甲區,0,0,0,7,,,50,,,,,,,,,,,,,,,,,,,B03,,,1,,1,,,49,49,1,12,4,120.621728,24.346282,3
13788,66000,387130000C,(04)23274275,(04)23288582,2025,12,31,22,16,臺中市,北區,0,0,0,7,,,50,,,,,,,,,,,,,,17,,,,,B03,,,1,,1,,,84,84,1,13,4,120.671911,24.169891,3
13789,66000,387130000C,(04)23274275,(04)23288582,2025,12,31,22,19,臺中市,西屯區,0,2,0,7,1,6,40,13,8,1,5,4,6,6,4,4,3,4,3,2,12,3,10,5,1,B03,7,8,1,8,1,7,,40,40,1,12,4,120.639098,24.168915,2
13790,66000,387130000C,(04)23274275,(04)23288582,2025,12,31,22,19,臺中市,豐原區,0,1,0,7,1,6,50,4,1,1,5,4,6,6,1,1,1,4,4,2,18,2,9,1,4,C03,7,9,1,10,2,12,,84,84,1,12,4,120.716664,24.244082,2
13791,66000,387130000C,(04)23274275,(04)23288582,2025,12,31,22,21,臺中市,西屯區,0,0,0,7,,,50,,,,,,,,,,,,,,17,,,,,C03,,,1,,2,,,59,59,1,12,4,120.624915,24.180069,3
13792,66000,387130000C,(04)23274275,(04)23288582,2025,12,31,22,27,臺中市,太平區,0,1,0,7,1,6,50,3,1,1,5,4,6,6,4,4,10,5,5,2,16,3,10,3,1,B03,7,6,1,8,2,1,,84,84,1,13,4,120.700523,24.152065,2
13793,66000,387130000C,(04)23274275,(04)23288582,2025,12,31,22,30,臺中市,東區,0,0,0,7,,,50,,,,,,,,,,,,,,17,,,,,C03,,,1,,9,,,8,8,2,12,4,120.689148,24.14292,3
13794,66000,387130000C,(04)23274275,(04)23288582,2025,12,31,22,31,臺中市,西屯區,0,0,0,7,,,70,,,,,,,,,,,,,,23,,,,,B03,,,1,,2,,,59,59,1,12,4,120.611735,24.184443,4
13795,66000,387130000C,(04)23274275,(04)23288582,2025,12,31,22,32,臺中市,西區,0,0,0,7,,,50,,,,,,,,,,,,,,,,,,,B02,,,1,,1,,,59,59,1,12,4,120.657103,24.136831,3
13796,66000,387130000C,(04)23274275,(04)23288582,2025,12,31,22,39,臺中市,北屯區,0,2,0,7,3,6,50,3,1,1,5,4,5,6,4,4,10,5,5,2,17,2,9,1,1,C03,7,9,1,10,2,11,,7,7,1,12,4,120.659315,24.182527,2
13797,66000,387130000C,(04)23274275,(04)23288582,2025,12,31,22,40,臺中市,西屯區,0,0,0,7,,,50,,,,,,,,,,,,,,12,,,,,B03,,,1,,1,,,8,8,1,12,4,120.645472,24.175895,3
13798,66000,387130000C,(04)23274275,(04)23288582,2025,12,31,22,45,臺中市,北屯區,0,0,0,7,,,50,,,,,,,,,,,,,,,,,,,B02,,,1,,1,,,84,84,1,12,4,120.664775,24.183861,3
13799,66000,387130000C,(04)23274275,(04)23288582,2025,12,31,22,48,臺中市,霧峰區,0,2,0,7,1,6,30,5,1,1,5,4,6,6,1,1,10,5,5,2,17,2,9,1,1,C03,7,15,3,19,2,11,,21,21,1,5,4,120.675711,24.049164,2
13800,66000,387130000C,(04)23274275,(04)23288582,2025,12,31,22,50,臺中市,西屯區,0,2,0,7,1,6,50,3,1,1,5,4,6,6,1,1,10,5,5,2,13,3,10,5,4,C03,7,9,1,10,1,11,14,58,58,1,12,4,120.655717,24.172349,2
13801,66000,387130000C,(04)23274275,(04)23288582,2025,12,31,22,53,臺中市,南區,0,1,0,7,1,6,50,3,1,1,5,4,6,6,1,1,10,5,5,2,16,3,10,3,1,B03,7,6,1,8,2,2,,11,11,1,13,4,120.66183,24.113184,2
13802,66000,387130000C,(04)23274275,(04)23288582,2025,12,31,22,56,臺中市,大里區,0,1,0,7,1,6,50,13,7,1,5,4,6,6,4,4,5,5,4,1,16,3,10,3,1,B03,7,1,1,8,2,8,,51,51,1,13,4,120.688961,24.110096,2
13803,66000,387130000C,(04)23274275,(04)23288582,2025,12,31,23,2,臺中市,太平區,0,2,0,7,1,6,50,4,1,1,5,4,6,6,2,1,10,5,5,2,16,2,9,1,1,C03,7,9,1,10,2,14,,7,7,1,12,4,120.712854,24.159,2
13804,66000,387130000C,(04)23274275,(04)23288582,2025,12,31,23,8,臺中市,西屯區,0,0,0,7,,,50,,,,,,,,,,,,,,16,,,,,B03,,,1,,2,,,11,11,1,12,4,120.645049,24.178861,3
13805,66000,387130000C,(04)23274275,(04)23288582,2025,12,31,23,10,臺中市,后里區,0,1,0,7,1,6,50,3,2,1,5,4,6,6,1,1,1,2,4,1,16,3,10,3,1,D01,7,5,1,13,2,5,,47,47,1,10,4,120.722454,24.303058,2
13806,66000,387130000C,(04)23274275,(04)23288582,2025,12,31,23,12,臺中市,南屯區,0,0,0,7,,3,80,,,,,,,,,,,,,,17,,,,,A12,,,1,,2,,,91,91,1,12,4,120.623666,24.152344,3
13807,66000,387130000C,(04)23274275,(04)23288582,2025,12,31,23,15,臺中市,西屯區,0,0,0,7,,,50,,,,,,,,,,,,,,13,,,,,B03,,,1,,2,,,7,7,1,12,4,120.656341,24.176159,3
13808,66000,387130000C,(04)23274275,(04)23288582,2025,12,31,23,26,臺中市,霧峰區,0,1,0,7,1,6,50,3,1,1,5,4,6,6,1,1,5,5,5,2,17,2,9,1,1,C03,7,9,1,10,2,11,14,84,84,1,12,4,120.702547,24.070006,2
13809,66000,387130000C,(04)23274275,(04)23288582,2025,12,31,23,47,臺中市,南區,0,0,0,7,,,50,,,,,,,,,,,,,,13,,,,,B03,,,1,,1,,,84,84,1,12,4,120.657407,24.125094,3
13810,66000,387130000C,(04)23274275,(04)23288582,2025,12,31,23,52,臺中市,西屯區,0,3,0,7,1,6,50,4,1,1,5,4,6,6,2,1,10,5,5,2,16,2,9,5,4,C03,7,6,1,10,2,12,,11,11,1,12,4,120.661904,24.170158,2
13811,66000,387130000C,(04)23274275,(04)23288582,2025,12,31,23,59,臺中市,太平區,0,1,0,7,1,6,50,4,1,1,5,4,6,6,1,1,10,5,5,2,18,2,9,2,1,C03,7,9,1,10,2,12,,6,6,1,13,4,120.724025,24.111108